"dgp","n","lambda","rho","evo","miss","frac","trait","arm","n_reps","n_cells","ece","ece_mcse"
"types_mixed",100,0.3,0,"BM","mcar",0.3,"bin","bace",100,3000,0.1709,0.00856884428284601
"types_mixed",300,0.3,0,"BM","mcar",0.3,"bin","bace",100,9000,0.110733333333333,0.00575703366020804
"types_mixed",1000,0.3,0,"BM","mcar",0.3,"bin","bace",100,30000,0.0696783333333334,0.00358571220339606
"types_mixed",100,0.7,0,"BM","mcar",0.3,"bin","bace",100,3000,0.112230952380952,0.00927981271770036
"types_mixed",300,0.7,0,"BM","mcar",0.3,"bin","bace",100,9000,0.0794611111111111,0.00524270401301122
"types_mixed",1000,0.7,0,"BM","mcar",0.3,"bin","bace",100,30000,0.0436421428571427,0.00296276651862475
"types_mixed",100,1,0,"BM","mcar",0.3,"bin","bace",100,3000,0.0133595238095238,0.00537632506834887
"types_mixed",300,1,0,"BM","mcar",0.3,"bin","bace",100,9000,0.0123145502645502,0.00303394170783901
"types_mixed",1000,1,0,"BM","mcar",0.3,"bin","bace",93,27900,0.00391746031746031,0.00184626395516586
"types_mixed",100,0.3,0.5,"BM","mcar",0.3,"bin","bace",100,3000,0.157083333333333,0.00850505322869576
"types_mixed",300,0.3,0.5,"BM","mcar",0.3,"bin","bace",100,9000,0.0867944444444444,0.00532408446256037
"types_mixed",1000,0.3,0.5,"BM","mcar",0.3,"bin","bace",97,29100,0.0504432989690723,0.00293716214599847
"types_mixed",100,0.7,0.5,"BM","mcar",0.3,"bin","bace",97,2910,0.092766323024055,0.00919664978175863
"types_mixed",300,0.7,0.5,"BM","mcar",0.3,"bin","bace",99,8910,0.0656220939554272,0.00470725707239016
"types_mixed",1000,0.7,0.5,"BM","mcar",0.3,"bin","bace",90,27000,0.0293201058201057,0.00216443459482829
"types_mixed",100,1,0.5,"BM","mcar",0.3,"bin","bace",100,3000,0.0197,0.00567615593933767
"types_mixed",300,1,0.5,"BM","mcar",0.3,"bin","bace",100,9000,0.0121193121693122,0.00348342535524089
"types_mixed",1000,1,0.5,"BM","mcar",0.3,"bin","bace",100,30000,0.00581847619047634,0.00218361343781469
"types_mixed",100,0.3,0,"BM","mcar",0.3,"bin","floor",200,6000,0.0255238095238095,0.00592981045529186
"types_mixed",300,0.3,0,"BM","mcar",0.3,"bin","floor",200,18000,0.0148015873015872,0.0032185380885386
"types_mixed",1000,0.3,0,"BM","mcar",0.3,"bin","floor",200,60000,0.00652142857142873,0.00172146731936783
"types_mixed",100,0.7,0,"BM","mcar",0.3,"bin","floor",200,6000,0.0155714285714286,0.00639607471065861
"types_mixed",300,0.7,0,"BM","mcar",0.3,"bin","floor",200,18000,0.00855555555555558,0.0026740164325674
"types_mixed",1000,0.7,0,"BM","mcar",0.3,"bin","floor",200,60000,0.00594761904761905,0.0015839112747305
"types_mixed",100,1,0,"BM","mcar",0.3,"bin","floor",200,6000,0.0206904761904762,0.00543118277300335
"types_mixed",300,1,0,"BM","mcar",0.3,"bin","floor",200,18000,0.0066984126984127,0.00243625606313274
"types_mixed",1000,1,0,"BM","mcar",0.3,"bin","floor",200,60000,0.00337380952380959,0.00129641069369959
"types_mixed",100,0.3,0.5,"BM","mcar",0.3,"bin","floor",200,6000,0.031952380952381,0.00642601377337811
"types_mixed",300,0.3,0.5,"BM","mcar",0.3,"bin","floor",200,18000,0.0192301587301587,0.00369285215803865
"types_mixed",1000,0.3,0.5,"BM","mcar",0.3,"bin","floor",200,60000,0.00639761904761903,0.0017368840130258
"types_mixed",100,0.7,0.5,"BM","mcar",0.3,"bin","floor",200,6000,0.023452380952381,0.00610086404615291
"types_mixed",300,0.7,0.5,"BM","mcar",0.3,"bin","floor",200,18000,0.00929365079365081,0.00297333829220421
"types_mixed",1000,0.7,0.5,"BM","mcar",0.3,"bin","floor",200,60000,0.0066476190476189,0.00143336988467393
"types_mixed",100,1,0.5,"BM","mcar",0.3,"bin","floor",200,6000,0.0143809523809524,0.00418946995005095
"types_mixed",300,1,0.5,"BM","mcar",0.3,"bin","floor",200,18000,0.0120158730158728,0.00281702556617542
"types_mixed",1000,1,0.5,"BM","mcar",0.3,"bin","floor",200,60000,0.00632380952380933,0.00169461976951839
"types_mixed",100,0.3,0,"BM","mcar",0.3,"bin","freq",200,6000,0.0682938686749627,0.00763997526835279
"types_mixed",300,0.3,0,"BM","mcar",0.3,"bin","freq",200,18000,0.0464613936271725,0.00514530365233653
"types_mixed",1000,0.3,0,"BM","mcar",0.3,"bin","freq",200,60000,0.0510866513702554,0.00506667099399085
"types_mixed",100,0.7,0,"BM","mcar",0.3,"bin","freq",200,6000,0.0982492370152695,0.00780835255665404
"types_mixed",300,0.7,0,"BM","mcar",0.3,"bin","freq",200,18000,0.0799532408680567,0.00485709439687811
"types_mixed",1000,0.7,0,"BM","mcar",0.3,"bin","freq",200,60000,0.0882885191235652,0.00417121412769293
"types_mixed",100,1,0,"BM","mcar",0.3,"bin","freq",200,6000,0.0088779348947832,0.00260116753474496
"types_mixed",300,1,0,"BM","mcar",0.3,"bin","freq",200,18000,0.00811579959479961,0.0014434392736275
"types_mixed",1000,1,0,"BM","mcar",0.3,"bin","freq",200,60000,0.00566598194391114,0.000598211727460237
"types_mixed",100,0.3,0.5,"BM","mcar",0.3,"bin","freq",200,6000,0.0668119249889233,0.00748739387890628
"types_mixed",300,0.3,0.5,"BM","mcar",0.3,"bin","freq",200,18000,0.048525040026341,0.00607745998481802
"types_mixed",1000,0.3,0.5,"BM","mcar",0.3,"bin","freq",200,60000,0.0470018105307147,0.0045433456459728
"types_mixed",100,0.7,0.5,"BM","mcar",0.3,"bin","freq",200,6000,0.0957673164564221,0.00640694090024396
"types_mixed",300,0.7,0.5,"BM","mcar",0.3,"bin","freq",200,18000,0.0797349405916938,0.00543489845534774
"types_mixed",1000,0.7,0.5,"BM","mcar",0.3,"bin","freq",200,60000,0.0794633904124028,0.00423771909231741
"types_mixed",100,1,0.5,"BM","mcar",0.3,"bin","freq",200,6000,0.0171645547832875,0.00312050447125333
"types_mixed",300,1,0.5,"BM","mcar",0.3,"bin","freq",200,18000,0.00714222629664893,0.00113121447447325
"types_mixed",1000,1,0.5,"BM","mcar",0.3,"bin","freq",200,60000,0.00489793358657709,0.00058084706729584
"types_mixed",100,0.3,0,"BM","mcar",0.3,"bin","freq_lambda",200,6000,0.0695536798123005,0.00681271075508412
"types_mixed",300,0.3,0,"BM","mcar",0.3,"bin","freq_lambda",200,18000,0.0504027002331639,0.00504709196082808
"types_mixed",1000,0.3,0,"BM","mcar",0.3,"bin","freq_lambda",200,60000,0.0508500566763426,0.00452902012676916
"types_mixed",100,0.7,0,"BM","mcar",0.3,"bin","freq_lambda",200,6000,0.0984470472964834,0.0076699913281695
"types_mixed",300,0.7,0,"BM","mcar",0.3,"bin","freq_lambda",200,18000,0.0792064111466934,0.00471687395934036
"types_mixed",1000,0.7,0,"BM","mcar",0.3,"bin","freq_lambda",200,60000,0.0871347307535816,0.00426383934399266
"types_mixed",100,1,0,"BM","mcar",0.3,"bin","freq_lambda",200,6000,0.0083697204252735,0.00240601017989671
"types_mixed",300,1,0,"BM","mcar",0.3,"bin","freq_lambda",200,18000,0.00811942770823778,0.00132998230673389
"types_mixed",1000,1,0,"BM","mcar",0.3,"bin","freq_lambda",200,60000,0.00566533855446105,0.000575049132042772
"types_mixed",100,0.3,0.5,"BM","mcar",0.3,"bin","freq_lambda",200,6000,0.0675131962134042,0.00794098350862989
"types_mixed",300,0.3,0.5,"BM","mcar",0.3,"bin","freq_lambda",200,18000,0.0499421674331252,0.00596535493210958
"types_mixed",1000,0.3,0.5,"BM","mcar",0.3,"bin","freq_lambda",200,60000,0.0479006263937265,0.00434422961870806
"types_mixed",100,0.7,0.5,"BM","mcar",0.3,"bin","freq_lambda",200,6000,0.094810252167384,0.00634269570295875
"types_mixed",300,0.7,0.5,"BM","mcar",0.3,"bin","freq_lambda",200,18000,0.0778686523646674,0.00572939457777808
"types_mixed",1000,0.7,0.5,"BM","mcar",0.3,"bin","freq_lambda",200,60000,0.079598505235583,0.00422913936052695
"types_mixed",100,1,0.5,"BM","mcar",0.3,"bin","freq_lambda",200,6000,0.0171565810957796,0.00318658264776196
"types_mixed",300,1,0.5,"BM","mcar",0.3,"bin","freq_lambda",200,18000,0.00714267100841294,0.00118137194578259
"types_mixed",1000,1,0.5,"BM","mcar",0.3,"bin","freq_lambda",200,60000,0.00490078744009038,0.000554132810189813
"types_mixed",100,0.3,0,"BM","mcar",0.3,"bin","gnn_off",200,6000,0.0389163558457584,0.00701485204791292
"types_mixed",300,0.3,0,"BM","mcar",0.3,"bin","gnn_off",200,18000,0.0276999269563224,0.00430893092274463
"types_mixed",1000,0.3,0,"BM","mcar",0.3,"bin","gnn_off",200,60000,0.0234726168734905,0.00355964926053211
"types_mixed",100,0.7,0,"BM","mcar",0.3,"bin","gnn_off",200,6000,0.0392768836879476,0.0066293315681109
"types_mixed",300,0.7,0,"BM","mcar",0.3,"bin","gnn_off",200,18000,0.0458961509236364,0.00477187967833293
"types_mixed",1000,0.7,0,"BM","mcar",0.3,"bin","gnn_off",200,60000,0.0560439099896295,0.0041300067874864
"types_mixed",100,1,0,"BM","mcar",0.3,"bin","gnn_off",200,6000,0.118732140191944,0.00759993133617654
"types_mixed",300,1,0,"BM","mcar",0.3,"bin","gnn_off",200,18000,0.160599023635764,0.00549386370139387
"types_mixed",1000,1,0,"BM","mcar",0.3,"bin","gnn_off",200,60000,0.187530611948348,0.00427670090171446
"types_mixed",100,0.3,0.5,"BM","mcar",0.3,"bin","gnn_off",200,6000,0.0419955682371346,0.00787097031764056
"types_mixed",300,0.3,0.5,"BM","mcar",0.3,"bin","gnn_off",200,18000,0.0316057858788318,0.00413299818853491
"types_mixed",1000,0.3,0.5,"BM","mcar",0.3,"bin","gnn_off",200,60000,0.0221234849366934,0.00327722995120275
"types_mixed",100,0.7,0.5,"BM","mcar",0.3,"bin","gnn_off",200,6000,0.0413895014995752,0.00613871111037225
"types_mixed",300,0.7,0.5,"BM","mcar",0.3,"bin","gnn_off",200,18000,0.045518963916541,0.00466684235782503
"types_mixed",1000,0.7,0.5,"BM","mcar",0.3,"bin","gnn_off",200,60000,0.0600833385411711,0.00435125044178284
"types_mixed",100,1,0.5,"BM","mcar",0.3,"bin","gnn_off",200,6000,0.119407071975431,0.0062891831814855
"types_mixed",300,1,0.5,"BM","mcar",0.3,"bin","gnn_off",200,18000,0.164026219532234,0.00520757717668262
"types_mixed",1000,1,0.5,"BM","mcar",0.3,"bin","gnn_off",200,60000,0.188021903469004,0.00422447706518901
"types_mixed",100,0.3,0,"BM","mcar",0.3,"bin","gnn_off_rphylopars",200,6000,0.0372539474326257,0.00681596880951429
"types_mixed",300,0.3,0,"BM","mcar",0.3,"bin","gnn_off_rphylopars",200,18000,0.0195799568991949,0.00386219446974075
"types_mixed",1000,0.3,0,"BM","mcar",0.3,"bin","gnn_off_rphylopars",200,60000,0.0112024379622258,0.0023034969610692
"types_mixed",100,0.7,0,"BM","mcar",0.3,"bin","gnn_off_rphylopars",200,6000,0.0237577483261175,0.00561949796443794
"types_mixed",300,0.7,0,"BM","mcar",0.3,"bin","gnn_off_rphylopars",200,18000,0.0327961405555991,0.00436958024831114
"types_mixed",1000,0.7,0,"BM","mcar",0.3,"bin","gnn_off_rphylopars",200,60000,0.0507518077606168,0.00426473125466387
"types_mixed",100,1,0,"BM","mcar",0.3,"bin","gnn_off_rphylopars",200,6000,0.118573690189605,0.00669873603570705
"types_mixed",300,1,0,"BM","mcar",0.3,"bin","gnn_off_rphylopars",200,18000,0.166220838605194,0.0058966995347631
"types_mixed",1000,1,0,"BM","mcar",0.3,"bin","gnn_off_rphylopars",200,60000,0.192133481314664,0.00393804256314269
"types_mixed",100,0.3,0.5,"BM","mcar",0.3,"bin","gnn_off_rphylopars",200,6000,0.0355991861613556,0.00668110643923767
"types_mixed",300,0.3,0.5,"BM","mcar",0.3,"bin","gnn_off_rphylopars",200,18000,0.0248464887613383,0.00400638248715118
"types_mixed",1000,0.3,0.5,"BM","mcar",0.3,"bin","gnn_off_rphylopars",200,60000,0.00736369136875464,0.00203983852689095
"types_mixed",100,0.7,0.5,"BM","mcar",0.3,"bin","gnn_off_rphylopars",200,6000,0.023926483476779,0.00589769075611674
"types_mixed",300,0.7,0.5,"BM","mcar",0.3,"bin","gnn_off_rphylopars",200,18000,0.0286126227439521,0.00461129270592833
"types_mixed",1000,0.7,0.5,"BM","mcar",0.3,"bin","gnn_off_rphylopars",200,60000,0.058336248840478,0.0045489157281034
"types_mixed",100,1,0.5,"BM","mcar",0.3,"bin","gnn_off_rphylopars",200,6000,0.120673519720501,0.006796512617637
"types_mixed",300,1,0.5,"BM","mcar",0.3,"bin","gnn_off_rphylopars",200,18000,0.168480469296724,0.00521016706089281
"types_mixed",1000,1,0.5,"BM","mcar",0.3,"bin","gnn_off_rphylopars",200,60000,0.191255128149279,0.0046633545831061
"types_mixed",100,0.3,0,"BM","mcar",0.3,"bin","gnn_on",200,6000,0.0377256983577796,0.0063957223339299
"types_mixed",300,0.3,0,"BM","mcar",0.3,"bin","gnn_on",200,18000,0.0266133696253048,0.00449454134216065
"types_mixed",1000,0.3,0,"BM","mcar",0.3,"bin","gnn_on",200,60000,0.0216594421599913,0.00343697436361953
"types_mixed",100,0.7,0,"BM","mcar",0.3,"bin","gnn_on",200,6000,0.0337658973498503,0.00556312473616442
"types_mixed",300,0.7,0,"BM","mcar",0.3,"bin","gnn_on",200,18000,0.0486482686209311,0.00481539730855352
"types_mixed",1000,0.7,0,"BM","mcar",0.3,"bin","gnn_on",200,60000,0.050250468317494,0.0042495589371977
"types_mixed",100,1,0,"BM","mcar",0.3,"bin","gnn_on",200,6000,0.113465997291537,0.00666715657309028
"types_mixed",300,1,0,"BM","mcar",0.3,"bin","gnn_on",200,18000,0.158553443834108,0.00518455978169355
"types_mixed",1000,1,0,"BM","mcar",0.3,"bin","gnn_on",200,60000,0.185721329332834,0.00383282668364056
"types_mixed",100,0.3,0.5,"BM","mcar",0.3,"bin","gnn_on",200,6000,0.0393783144521327,0.00700034946754191
"types_mixed",300,0.3,0.5,"BM","mcar",0.3,"bin","gnn_on",200,18000,0.0282063517555798,0.00409012758559621
"types_mixed",1000,0.3,0.5,"BM","mcar",0.3,"bin","gnn_on",200,60000,0.0188628428211218,0.00322826898993468
"types_mixed",100,0.7,0.5,"BM","mcar",0.3,"bin","gnn_on",200,6000,0.0432045182437599,0.00624319321202898
"types_mixed",300,0.7,0.5,"BM","mcar",0.3,"bin","gnn_on",200,18000,0.0455408432009731,0.0050800360073063
"types_mixed",1000,0.7,0.5,"BM","mcar",0.3,"bin","gnn_on",200,60000,0.0612752049583737,0.00444289436946502
"types_mixed",100,1,0.5,"BM","mcar",0.3,"bin","gnn_on",200,6000,0.118830047260069,0.00711508570672257
"types_mixed",300,1,0.5,"BM","mcar",0.3,"bin","gnn_on",200,18000,0.161047510962395,0.00512589797543495
"types_mixed",1000,1,0.5,"BM","mcar",0.3,"bin","gnn_on",200,60000,0.185365845027089,0.00401406059724336
"types_mixed",100,0.3,0,"BM","mcar",0.3,"bin","gnn_on_full",200,6000,0.0376350051594642,0.00689668416262264
"types_mixed",300,0.3,0,"BM","mcar",0.3,"bin","gnn_on_full",200,18000,0.026497049480705,0.00369455077593507
"types_mixed",1000,0.3,0,"BM","mcar",0.3,"bin","gnn_on_full",200,60000,0.022262587974081,0.00330508506619725
"types_mixed",100,0.7,0,"BM","mcar",0.3,"bin","gnn_on_full",200,6000,0.0375550339192623,0.00625533365721759
"types_mixed",300,0.7,0,"BM","mcar",0.3,"bin","gnn_on_full",200,18000,0.0487582778699186,0.00471802163064828
"types_mixed",1000,0.7,0,"BM","mcar",0.3,"bin","gnn_on_full",200,60000,0.0522236102435515,0.00429367100558765
"types_mixed",100,1,0,"BM","mcar",0.3,"bin","gnn_on_full",185,5550,0.1313393004831,0.00691160564903304
"types_mixed",300,1,0,"BM","mcar",0.3,"bin","gnn_on_full",186,16740,0.172744954298121,0.00430636073287922
"types_mixed",1000,1,0,"BM","mcar",0.3,"bin","gnn_on_full",191,57300,0.196352883450152,0.0029290038777621
"types_mixed",100,0.3,0.5,"BM","mcar",0.3,"bin","gnn_on_full",200,6000,0.0399431168533129,0.0075306311763506
"types_mixed",300,0.3,0.5,"BM","mcar",0.3,"bin","gnn_on_full",200,18000,0.0304248409790192,0.00404021188170682
"types_mixed",1000,0.3,0.5,"BM","mcar",0.3,"bin","gnn_on_full",200,60000,0.0187540186837721,0.00315781550079147
"types_mixed",100,0.7,0.5,"BM","mcar",0.3,"bin","gnn_on_full",200,6000,0.043154031200398,0.00615935983647354
"types_mixed",300,0.7,0.5,"BM","mcar",0.3,"bin","gnn_on_full",200,18000,0.0468747617330705,0.00470311221120878
"types_mixed",1000,0.7,0.5,"BM","mcar",0.3,"bin","gnn_on_full",200,60000,0.0602878046916555,0.004431780213816
"types_mixed",100,1,0.5,"BM","mcar",0.3,"bin","gnn_on_full",183,5490,0.131463520667468,0.00590497092186477
"types_mixed",300,1,0.5,"BM","mcar",0.3,"bin","gnn_on_full",185,16650,0.17732564273744,0.00413934562119929
"types_mixed",1000,1,0.5,"BM","mcar",0.3,"bin","gnn_on_full",193,57900,0.193814360772989,0.00355979472420468
"types_mixed",100,0.3,0,"BM","mcar",0.3,"cat3","bace",100,3000,0.22929182524705,0.00916299827335999
"types_mixed",300,0.3,0,"BM","mcar",0.3,"cat3","bace",100,9000,0.120161111111111,0.0062652037541481
"types_mixed",1000,0.3,0,"BM","mcar",0.3,"cat3","bace",100,30000,0.0907666666666667,0.00371648328050137
"types_mixed",100,0.7,0,"BM","mcar",0.3,"cat3","bace",100,3000,0.183710782820264,0.0105582555189883
"types_mixed",300,0.7,0,"BM","mcar",0.3,"cat3","bace",100,9000,0.0940688825822727,0.00577826482027643
"types_mixed",1000,0.7,0,"BM","mcar",0.3,"cat3","bace",100,30000,0.0569512656641602,0.00320518162882348
"types_mixed",100,1,0,"BM","mcar",0.3,"cat3","bace",100,3000,0.0212465530556475,0.00709521398515915
"types_mixed",300,1,0,"BM","mcar",0.3,"cat3","bace",100,9000,0.0157071236884318,0.0042549795491858
"types_mixed",1000,1,0,"BM","mcar",0.3,"cat3","bace",93,27900,0.00650905470155119,0.00264316711988278
"types_mixed",100,0.3,0.5,"BM","mcar",0.3,"cat3","bace",100,3000,0.229088677941426,0.0106458500404013
"types_mixed",300,0.3,0.5,"BM","mcar",0.3,"cat3","bace",100,9000,0.0975611111111111,0.00565544248608203
"types_mixed",1000,0.3,0.5,"BM","mcar",0.3,"cat3","bace",97,29100,0.0517560137457045,0.00308722405572197
"types_mixed",100,0.7,0.5,"BM","mcar",0.3,"cat3","bace",97,2910,0.146692078037231,0.010379877930909
"types_mixed",300,0.7,0.5,"BM","mcar",0.3,"cat3","bace",99,8910,0.0759730530525164,0.00504852740507906
"types_mixed",1000,0.7,0.5,"BM","mcar",0.3,"cat3","bace",90,27000,0.0396706349206349,0.00318409748684169
"types_mixed",100,1,0.5,"BM","mcar",0.3,"cat3","bace",100,3000,0.0135596026579773,0.0065350369937108
"types_mixed",300,1,0.5,"BM","mcar",0.3,"cat3","bace",100,9000,0.0133361633197289,0.00338755519435506
"types_mixed",1000,1,0.5,"BM","mcar",0.3,"cat3","bace",100,30000,0.0127870358903795,0.00202012000677649
"types_mixed",100,0.3,0,"BM","mcar",0.3,"cat3","floor",200,6000,0.0362857142857142,0.0058789278850997
"types_mixed",300,0.3,0,"BM","mcar",0.3,"cat3","floor",200,18000,0.0190079365079365,0.00343566007430273
"types_mixed",1000,0.3,0,"BM","mcar",0.3,"cat3","floor",200,60000,0.00782619047619042,0.00182829153677774
"types_mixed",100,0.7,0,"BM","mcar",0.3,"cat3","floor",200,6000,0.0247857142857143,0.00573035661730151
"types_mixed",300,0.7,0,"BM","mcar",0.3,"cat3","floor",200,18000,0.008452380952381,0.00327372275138135
"types_mixed",1000,0.7,0,"BM","mcar",0.3,"cat3","floor",200,60000,0.00550238095238076,0.00194369169835186
"types_mixed",100,1,0,"BM","mcar",0.3,"cat3","floor",200,6000,0.0200238095238095,0.00562762474481574
"types_mixed",300,1,0,"BM","mcar",0.3,"cat3","floor",200,18000,0.00369841269841287,0.00319056778272116
"types_mixed",1000,1,0,"BM","mcar",0.3,"cat3","floor",200,60000,0.00726428571428572,0.00186569729870539
"types_mixed",100,0.3,0.5,"BM","mcar",0.3,"cat3","floor",200,6000,0.0354285714285714,0.0061976882802588
"types_mixed",300,0.3,0.5,"BM","mcar",0.3,"cat3","floor",200,18000,0.0136349206349206,0.00368617465795666
"types_mixed",1000,0.3,0.5,"BM","mcar",0.3,"cat3","floor",200,60000,0.00550238095238094,0.00183791107903101
"types_mixed",100,0.7,0.5,"BM","mcar",0.3,"cat3","floor",200,6000,0.0241428571428572,0.00515121140725865
"types_mixed",300,0.7,0.5,"BM","mcar",0.3,"cat3","floor",200,18000,0.0138492063492064,0.00314432597007332
"types_mixed",1000,0.7,0.5,"BM","mcar",0.3,"cat3","floor",200,60000,0.00545000000000022,0.00158445757369
"types_mixed",100,1,0.5,"BM","mcar",0.3,"cat3","floor",200,6000,0.0179285714285715,0.00503669925797944
"types_mixed",300,1,0.5,"BM","mcar",0.3,"cat3","floor",200,18000,0.00692857142857146,0.00290099133222515
"types_mixed",1000,1,0.5,"BM","mcar",0.3,"cat3","floor",200,60000,0.00513333333333331,0.00151846146029101
"types_mixed",100,0.3,0,"BM","mcar",0.3,"cat3","freq",200,6000,0.0459550612302708,0.00676103252099108
"types_mixed",300,0.3,0,"BM","mcar",0.3,"cat3","freq",200,18000,0.047436343727823,0.00548533779942689
"types_mixed",1000,0.3,0,"BM","mcar",0.3,"cat3","freq",200,60000,0.0199848273740539,0.00498719720423307
"types_mixed",100,0.7,0,"BM","mcar",0.3,"cat3","freq",200,6000,0.128456818594245,0.00749419692231346
"types_mixed",300,0.7,0,"BM","mcar",0.3,"cat3","freq",200,18000,0.108561040433581,0.00589120083907168
"types_mixed",1000,0.7,0,"BM","mcar",0.3,"cat3","freq",200,60000,0.117345873899849,0.00626349414419681
"types_mixed",100,1,0,"BM","mcar",0.3,"cat3","freq",200,6000,0.0237693886584061,0.00396450223154929
"types_mixed",300,1,0,"BM","mcar",0.3,"cat3","freq",200,18000,0.0147539218849892,0.00181816836812706
"types_mixed",1000,1,0,"BM","mcar",0.3,"cat3","freq",200,60000,0.0123815829664227,0.0011221402193337
"types_mixed",100,0.3,0.5,"BM","mcar",0.3,"cat3","freq",200,6000,0.0639704538955115,0.00616395392694536
"types_mixed",300,0.3,0.5,"BM","mcar",0.3,"cat3","freq",200,18000,0.0414784407716836,0.00606338560358984
"types_mixed",1000,0.3,0.5,"BM","mcar",0.3,"cat3","freq",200,60000,0.023541817704893,0.00500786360188594
"types_mixed",100,0.7,0.5,"BM","mcar",0.3,"cat3","freq",200,6000,0.118134185838868,0.00784729772607719
"types_mixed",300,0.7,0.5,"BM","mcar",0.3,"cat3","freq",200,18000,0.119313854614423,0.00554734044903179
"types_mixed",1000,0.7,0.5,"BM","mcar",0.3,"cat3","freq",200,60000,0.106518531130198,0.00605909660829658
"types_mixed",100,1,0.5,"BM","mcar",0.3,"cat3","freq",200,6000,0.0264802220565261,0.0041374019760776
"types_mixed",300,1,0.5,"BM","mcar",0.3,"cat3","freq",200,18000,0.0147065208879381,0.00166472148573196
"types_mixed",1000,1,0.5,"BM","mcar",0.3,"cat3","freq",200,60000,0.0115489237532845,0.000843816425770291
"types_mixed",100,0.3,0,"BM","mcar",0.3,"cat3","freq_lambda",200,6000,0.0470863939723253,0.0065007647897189
"types_mixed",300,0.3,0,"BM","mcar",0.3,"cat3","freq_lambda",200,18000,0.0460757544115562,0.00601430102160877
"types_mixed",1000,0.3,0,"BM","mcar",0.3,"cat3","freq_lambda",200,60000,0.0210263999152393,0.00658854717851483
"types_mixed",100,0.7,0,"BM","mcar",0.3,"cat3","freq_lambda",200,6000,0.12638525672218,0.00883170760046907
"types_mixed",300,0.7,0,"BM","mcar",0.3,"cat3","freq_lambda",200,18000,0.11060237870887,0.00591199686595057
"types_mixed",1000,0.7,0,"BM","mcar",0.3,"cat3","freq_lambda",200,60000,0.118912006022561,0.00578162380118903
"types_mixed",100,1,0,"BM","mcar",0.3,"cat3","freq_lambda",200,6000,0.0236103428787936,0.00376436455435755
"types_mixed",300,1,0,"BM","mcar",0.3,"cat3","freq_lambda",200,18000,0.0147563235127582,0.00189387052077924
"types_mixed",1000,1,0,"BM","mcar",0.3,"cat3","freq_lambda",200,60000,0.0123724080087468,0.00109531316147056
"types_mixed",100,0.3,0.5,"BM","mcar",0.3,"cat3","freq_lambda",200,6000,0.0655314747812406,0.00655605839591144
"types_mixed",300,0.3,0.5,"BM","mcar",0.3,"cat3","freq_lambda",200,18000,0.0387675965429433,0.00599053148368668
"types_mixed",1000,0.3,0.5,"BM","mcar",0.3,"cat3","freq_lambda",200,60000,0.0232983934845071,0.00492551915576576
"types_mixed",100,0.7,0.5,"BM","mcar",0.3,"cat3","freq_lambda",200,6000,0.112427156869827,0.0082560817356073
"types_mixed",300,0.7,0.5,"BM","mcar",0.3,"cat3","freq_lambda",200,18000,0.11825420565271,0.00597853971827842
"types_mixed",1000,0.7,0.5,"BM","mcar",0.3,"cat3","freq_lambda",200,60000,0.105288116724749,0.00565314842156466
"types_mixed",100,1,0.5,"BM","mcar",0.3,"cat3","freq_lambda",200,6000,0.0268293035894111,0.00462203041105854
"types_mixed",300,1,0.5,"BM","mcar",0.3,"cat3","freq_lambda",200,18000,0.0147144780833826,0.0017865496664616
"types_mixed",1000,1,0.5,"BM","mcar",0.3,"cat3","freq_lambda",200,60000,0.0115472611259895,0.000875944460677693
"types_mixed",100,0.3,0,"BM","mcar",0.3,"cat3","gnn_off",200,6000,0.105426738202535,0.00740632916701957
"types_mixed",300,0.3,0,"BM","mcar",0.3,"cat3","gnn_off",200,18000,0.0845685622329846,0.0060616387585496
"types_mixed",1000,0.3,0,"BM","mcar",0.3,"cat3","gnn_off",200,60000,0.0715852242929855,0.0040397885117126
"types_mixed",100,0.7,0,"BM","mcar",0.3,"cat3","gnn_off",200,6000,0.0638304979068258,0.00925742739520954
"types_mixed",300,0.7,0,"BM","mcar",0.3,"cat3","gnn_off",200,18000,0.0888137397754277,0.00739245923573981
"types_mixed",1000,0.7,0,"BM","mcar",0.3,"cat3","gnn_off",200,60000,0.0768581924400398,0.00526299023022743
"types_mixed",100,1,0,"BM","mcar",0.3,"cat3","gnn_off",200,6000,0.239310256360461,0.00891523279660681
"types_mixed",300,1,0,"BM","mcar",0.3,"cat3","gnn_off",200,18000,0.282363306268014,0.0052127583070883
"types_mixed",1000,1,0,"BM","mcar",0.3,"cat3","gnn_off",200,60000,0.322458270165968,0.00404398055477312
"types_mixed",100,0.3,0.5,"BM","mcar",0.3,"cat3","gnn_off",200,6000,0.110806339881188,0.00857538731998332
"types_mixed",300,0.3,0.5,"BM","mcar",0.3,"cat3","gnn_off",200,18000,0.0855029791854847,0.00637059595612878
"types_mixed",1000,0.3,0.5,"BM","mcar",0.3,"cat3","gnn_off",200,60000,0.0749008102877063,0.00460536641005853
"types_mixed",100,0.7,0.5,"BM","mcar",0.3,"cat3","gnn_off",200,6000,0.0798814326327911,0.0078552957923666
"types_mixed",300,0.7,0.5,"BM","mcar",0.3,"cat3","gnn_off",200,18000,0.0897493311758749,0.00698443776010219
"types_mixed",1000,0.7,0.5,"BM","mcar",0.3,"cat3","gnn_off",200,60000,0.0797638400174237,0.00576783348521265
"types_mixed",100,1,0.5,"BM","mcar",0.3,"cat3","gnn_off",200,6000,0.236635867929815,0.0101293526237786
"types_mixed",300,1,0.5,"BM","mcar",0.3,"cat3","gnn_off",200,18000,0.304181671709315,0.00467261379684214
"types_mixed",1000,1,0.5,"BM","mcar",0.3,"cat3","gnn_off",200,60000,0.322217844564438,0.00380383862687811
"types_mixed",100,0.3,0,"BM","mcar",0.3,"cat3","gnn_off_rphylopars",200,6000,0.101075000061264,0.00745761255340623
"types_mixed",300,0.3,0,"BM","mcar",0.3,"cat3","gnn_off_rphylopars",200,18000,0.077473349935566,0.00623906876282189
"types_mixed",1000,0.3,0,"BM","mcar",0.3,"cat3","gnn_off_rphylopars",200,60000,0.0633259198060112,0.00447362781525415
"types_mixed",100,0.7,0,"BM","mcar",0.3,"cat3","gnn_off_rphylopars",200,6000,0.0673348500014356,0.00822206712195642
"types_mixed",300,0.7,0,"BM","mcar",0.3,"cat3","gnn_off_rphylopars",200,18000,0.0523159333451075,0.00621767825415028
"types_mixed",1000,0.7,0,"BM","mcar",0.3,"cat3","gnn_off_rphylopars",200,60000,0.0522832099666783,0.00513558821552667
"types_mixed",100,1,0,"BM","mcar",0.3,"cat3","gnn_off_rphylopars",200,6000,0.241615142294378,0.00913533478310368
"types_mixed",300,1,0,"BM","mcar",0.3,"cat3","gnn_off_rphylopars",200,18000,0.294289900475668,0.00605866488477238
"types_mixed",1000,1,0,"BM","mcar",0.3,"cat3","gnn_off_rphylopars",200,60000,0.327656688121795,0.00436461270119603
"types_mixed",100,0.3,0.5,"BM","mcar",0.3,"cat3","gnn_off_rphylopars",200,6000,0.108173083463844,0.00887988497497285
"types_mixed",300,0.3,0.5,"BM","mcar",0.3,"cat3","gnn_off_rphylopars",200,18000,0.0730188946349788,0.00603091446197108
"types_mixed",1000,0.3,0.5,"BM","mcar",0.3,"cat3","gnn_off_rphylopars",200,60000,0.0618760199320393,0.00403721346265393
"types_mixed",100,0.7,0.5,"BM","mcar",0.3,"cat3","gnn_off_rphylopars",200,6000,0.0541547457836153,0.00837594589891421
"types_mixed",300,0.7,0.5,"BM","mcar",0.3,"cat3","gnn_off_rphylopars",200,18000,0.0514933382343412,0.00534357062613785
"types_mixed",1000,0.7,0.5,"BM","mcar",0.3,"cat3","gnn_off_rphylopars",200,60000,0.0599503248385349,0.00607603750299088
"types_mixed",100,1,0.5,"BM","mcar",0.3,"cat3","gnn_off_rphylopars",200,6000,0.248000175398885,0.00813301422428753
"types_mixed",300,1,0.5,"BM","mcar",0.3,"cat3","gnn_off_rphylopars",200,18000,0.310584378072576,0.00585325835829101
"types_mixed",1000,1,0.5,"BM","mcar",0.3,"cat3","gnn_off_rphylopars",200,60000,0.32784052361064,0.00373751231103189
"types_mixed",100,0.3,0,"BM","mcar",0.3,"cat3","gnn_on",200,6000,0.102116028523799,0.00767162733678993
"types_mixed",300,0.3,0,"BM","mcar",0.3,"cat3","gnn_on",200,18000,0.0841773292644743,0.0059505247902605
"types_mixed",1000,0.3,0,"BM","mcar",0.3,"cat3","gnn_on",200,60000,0.0727871928115136,0.00502437650112366
"types_mixed",100,0.7,0,"BM","mcar",0.3,"cat3","gnn_on",200,6000,0.0675081632635207,0.00997693349384997
"types_mixed",300,0.7,0,"BM","mcar",0.3,"cat3","gnn_on",200,18000,0.0760203367013162,0.006790432650341
"types_mixed",1000,0.7,0,"BM","mcar",0.3,"cat3","gnn_on",200,60000,0.0636855969579546,0.00527713481635643
"types_mixed",100,1,0,"BM","mcar",0.3,"cat3","gnn_on",200,6000,0.225206611341441,0.00896000617425078
"types_mixed",300,1,0,"BM","mcar",0.3,"cat3","gnn_on",200,18000,0.263166305747082,0.00828578010197161
"types_mixed",1000,1,0,"BM","mcar",0.3,"cat3","gnn_on",200,60000,0.305645835865182,0.00633136392415327
"types_mixed",100,0.3,0.5,"BM","mcar",0.3,"cat3","gnn_on",200,6000,0.107447432845857,0.00951383705649442
"types_mixed",300,0.3,0.5,"BM","mcar",0.3,"cat3","gnn_on",200,18000,0.0827981638100204,0.00621038733949731
"types_mixed",1000,0.3,0.5,"BM","mcar",0.3,"cat3","gnn_on",200,60000,0.0735449925159138,0.00438639556576257
"types_mixed",100,0.7,0.5,"BM","mcar",0.3,"cat3","gnn_on",200,6000,0.0715041126237607,0.00879426177905611
"types_mixed",300,0.7,0.5,"BM","mcar",0.3,"cat3","gnn_on",200,18000,0.0804736526065691,0.00641843530441204
"types_mixed",1000,0.7,0.5,"BM","mcar",0.3,"cat3","gnn_on",200,60000,0.0780746312143591,0.00519771964386883
"types_mixed",100,1,0.5,"BM","mcar",0.3,"cat3","gnn_on",200,6000,0.21554106887378,0.00885010314492583
"types_mixed",300,1,0.5,"BM","mcar",0.3,"cat3","gnn_on",200,18000,0.276966978930499,0.0062267438761717
"types_mixed",1000,1,0.5,"BM","mcar",0.3,"cat3","gnn_on",200,60000,0.310758264479774,0.00545399614845504
"types_mixed",100,0.3,0,"BM","mcar",0.3,"cat3","gnn_on_full",200,6000,0.102840197747791,0.00794648189944658
"types_mixed",300,0.3,0,"BM","mcar",0.3,"cat3","gnn_on_full",200,18000,0.0846435434036791,0.0052834907787834
"types_mixed",1000,0.3,0,"BM","mcar",0.3,"cat3","gnn_on_full",200,60000,0.0724900461575609,0.00441981998156509
"types_mixed",100,0.7,0,"BM","mcar",0.3,"cat3","gnn_on_full",200,6000,0.0633069773907636,0.0104057046646728
"types_mixed",300,0.7,0,"BM","mcar",0.3,"cat3","gnn_on_full",200,18000,0.0782890430233498,0.00667185962157592
"types_mixed",1000,0.7,0,"BM","mcar",0.3,"cat3","gnn_on_full",200,60000,0.0658060406581397,0.00537602926252083
"types_mixed",100,1,0,"BM","mcar",0.3,"cat3","gnn_on_full",185,5550,0.238015268747096,0.0092598998307789
"types_mixed",300,1,0,"BM","mcar",0.3,"cat3","gnn_on_full",186,16740,0.283234495911976,0.00630728711684568
"types_mixed",1000,1,0,"BM","mcar",0.3,"cat3","gnn_on_full",191,57300,0.321940685946444,0.00435231281656028
"types_mixed",100,0.3,0.5,"BM","mcar",0.3,"cat3","gnn_on_full",200,6000,0.109193050440484,0.00768982179753766
"types_mixed",300,0.3,0.5,"BM","mcar",0.3,"cat3","gnn_on_full",200,18000,0.0842177799468101,0.00620015492700045
"types_mixed",1000,0.3,0.5,"BM","mcar",0.3,"cat3","gnn_on_full",200,60000,0.07311848743561,0.0040616315106435
"types_mixed",100,0.7,0.5,"BM","mcar",0.3,"cat3","gnn_on_full",200,6000,0.0754175370247928,0.00864621534510319
"types_mixed",300,0.7,0.5,"BM","mcar",0.3,"cat3","gnn_on_full",200,18000,0.0807245283669908,0.00692361327068274
"types_mixed",1000,0.7,0.5,"BM","mcar",0.3,"cat3","gnn_on_full",200,60000,0.0801004382787692,0.00580131891143919
"types_mixed",100,1,0.5,"BM","mcar",0.3,"cat3","gnn_on_full",183,5490,0.229114389995811,0.00953605983252004
"types_mixed",300,1,0.5,"BM","mcar",0.3,"cat3","gnn_on_full",185,16650,0.304316429722,0.00533410969894259
"types_mixed",1000,1,0.5,"BM","mcar",0.3,"cat3","gnn_on_full",193,57900,0.32443312827502,0.00347310594728432
"types_mixed",100,0.3,0,"BM","mcar",0.3,"ord","bace",100,3000,0.18915,0.00964237862510968
"types_mixed",300,0.3,0,"BM","mcar",0.3,"ord","bace",100,9000,0.1267,0.0068819577119972
"types_mixed",1000,0.3,0,"BM","mcar",0.3,"ord","bace",100,30000,0.11381,0.00358811918718396
"types_mixed",100,0.7,0,"BM","mcar",0.3,"ord","bace",100,3000,0.170430952380952,0.0114661466418646
"types_mixed",300,0.7,0,"BM","mcar",0.3,"ord","bace",100,9000,0.09305,0.00619968394279911
"types_mixed",1000,0.7,0,"BM","mcar",0.3,"ord","bace",100,30000,0.0788576190476189,0.00387022785665346
"types_mixed",100,1,0,"BM","mcar",0.3,"ord","bace",100,3000,0.0264666666666666,0.00689402991830902
"types_mixed",300,1,0,"BM","mcar",0.3,"ord","bace",100,9000,0.0126320105820106,0.00351815624881729
"types_mixed",1000,1,0,"BM","mcar",0.3,"ord","bace",93,27900,0.00565683563748071,0.00258613595326915
"types_mixed",100,0.3,0.5,"BM","mcar",0.3,"ord","bace",100,3000,0.20515,0.0102742475437733
"types_mixed",300,0.3,0.5,"BM","mcar",0.3,"ord","bace",100,9000,0.113816666666667,0.00597727904536186
"types_mixed",1000,0.3,0.5,"BM","mcar",0.3,"ord","bace",97,29100,0.0800189003436427,0.00334637374955177
"types_mixed",100,0.7,0.5,"BM","mcar",0.3,"ord","bace",97,2910,0.162972508591065,0.0109985914122249
"types_mixed",300,0.7,0.5,"BM","mcar",0.3,"ord","bace",99,8910,0.0829886163219497,0.00537905083804123
"types_mixed",1000,0.7,0.5,"BM","mcar",0.3,"ord","bace",90,27000,0.0547637566137566,0.00313328094802892
"types_mixed",100,1,0.5,"BM","mcar",0.3,"ord","bace",100,3000,0.0368595238095238,0.00779166059126932
"types_mixed",300,1,0.5,"BM","mcar",0.3,"ord","bace",100,9000,0.0180441798941799,0.00346160869147893
"types_mixed",1000,1,0.5,"BM","mcar",0.3,"ord","bace",100,30000,0.0112316666666666,0.0020899968430714
"types_mixed",100,0.3,0,"BM","mcar",0.3,"ord","floor",200,6000,0.0348571428571429,0.00574777263733131
"types_mixed",300,0.3,0,"BM","mcar",0.3,"ord","floor",200,18000,0.0106269841269841,0.00308435530342823
"types_mixed",1000,0.3,0,"BM","mcar",0.3,"ord","floor",200,60000,0.00930714285714294,0.00192310414307646
"types_mixed",100,0.7,0,"BM","mcar",0.3,"ord","floor",200,6000,0.028952380952381,0.00502055279693928
"types_mixed",300,0.7,0,"BM","mcar",0.3,"ord","floor",200,18000,0.0128095238095238,0.00337224133668814
"types_mixed",1000,0.7,0,"BM","mcar",0.3,"ord","floor",200,60000,0.00596904761904751,0.0016946961220953
"types_mixed",100,1,0,"BM","mcar",0.3,"ord","floor",200,6000,0.0225000000000001,0.00534847650693187
"types_mixed",300,1,0,"BM","mcar",0.3,"ord","floor",200,18000,0.0144206349206349,0.00282871389412798
"types_mixed",1000,1,0,"BM","mcar",0.3,"ord","floor",200,60000,0.00365952380952405,0.00152925387140293
"types_mixed",100,0.3,0.5,"BM","mcar",0.3,"ord","floor",200,6000,0.0383333333333334,0.00660255754306306
"types_mixed",300,0.3,0.5,"BM","mcar",0.3,"ord","floor",200,18000,0.0223968253968255,0.00334184360421127
"types_mixed",1000,0.3,0.5,"BM","mcar",0.3,"ord","floor",200,60000,0.00571428571428561,0.00169138119507652
"types_mixed",100,0.7,0.5,"BM","mcar",0.3,"ord","floor",200,6000,0.0308809523809524,0.00537886179363361
"types_mixed",300,0.7,0.5,"BM","mcar",0.3,"ord","floor",200,18000,0.0163571428571429,0.00351811435571953
"types_mixed",1000,0.7,0.5,"BM","mcar",0.3,"ord","floor",200,60000,0.00553809523809506,0.00163635561168568
"types_mixed",100,1,0.5,"BM","mcar",0.3,"ord","floor",200,6000,0.0277142857142857,0.00537543737390433
"types_mixed",300,1,0.5,"BM","mcar",0.3,"ord","floor",200,18000,0.00771428571428562,0.00292456287272271
"types_mixed",1000,1,0.5,"BM","mcar",0.3,"ord","floor",200,60000,0.00505952380952394,0.00174030691033399
"types_mixed",100,0.3,0,"BM","mcar",0.3,"ord","freq",200,6000,0.0415347692465378,0.00614935154156554
"types_mixed",300,0.3,0,"BM","mcar",0.3,"ord","freq",200,18000,0.0191510216987059,0.00328176918188245
"types_mixed",1000,0.3,0,"BM","mcar",0.3,"ord","freq",200,60000,0.0151814177912234,0.00216352315050141
"types_mixed",100,0.7,0,"BM","mcar",0.3,"ord","freq",200,6000,0.0849017714497142,0.00745598973235634
"types_mixed",300,0.7,0,"BM","mcar",0.3,"ord","freq",200,18000,0.0635016622066892,0.00508357588475186
"types_mixed",1000,0.7,0,"BM","mcar",0.3,"ord","freq",200,60000,0.061445820515039,0.00299712481430524
"types_mixed",100,1,0,"BM","mcar",0.3,"ord","freq",200,6000,0.0349901703614401,0.00583736056629805
"types_mixed",300,1,0,"BM","mcar",0.3,"ord","freq",200,18000,0.0284418218063657,0.0043220669910065
"types_mixed",1000,1,0,"BM","mcar",0.3,"ord","freq",200,60000,0.0148524846699853,0.00156413994154311
"types_mixed",100,0.3,0.5,"BM","mcar",0.3,"ord","freq",200,6000,0.0399406108759234,0.00600844850761281
"types_mixed",300,0.3,0.5,"BM","mcar",0.3,"ord","freq",200,18000,0.02940328641681,0.0037739285770635
"types_mixed",1000,0.3,0.5,"BM","mcar",0.3,"ord","freq",200,60000,0.0123791694196189,0.00214979715233826
"types_mixed",100,0.7,0.5,"BM","mcar",0.3,"ord","freq",200,6000,0.097239676759262,0.00757528219997416
"types_mixed",300,0.7,0.5,"BM","mcar",0.3,"ord","freq",200,18000,0.0755322266670621,0.00464798262200148
"types_mixed",1000,0.7,0.5,"BM","mcar",0.3,"ord","freq",200,60000,0.0593461750517448,0.00339320711058924
"types_mixed",100,1,0.5,"BM","mcar",0.3,"ord","freq",200,6000,0.0485425962440177,0.00746174783948378
"types_mixed",300,1,0.5,"BM","mcar",0.3,"ord","freq",200,18000,0.0254303201334025,0.0025636825481202
"types_mixed",1000,1,0.5,"BM","mcar",0.3,"ord","freq",200,60000,0.0152350477546927,0.00131474911959918
"types_mixed",100,0.3,0,"BM","mcar",0.3,"ord","freq_lambda",200,6000,0.0410574240066802,0.00664964892193683
"types_mixed",300,0.3,0,"BM","mcar",0.3,"ord","freq_lambda",200,18000,0.0190284871681232,0.00321548306647035
"types_mixed",1000,0.3,0,"BM","mcar",0.3,"ord","freq_lambda",200,60000,0.0153832999049261,0.0021078320833536
"types_mixed",100,0.7,0,"BM","mcar",0.3,"ord","freq_lambda",200,6000,0.0852695323079026,0.00768095370141077
"types_mixed",300,0.7,0,"BM","mcar",0.3,"ord","freq_lambda",200,18000,0.0637225554016249,0.00487504810607883
"types_mixed",1000,0.7,0,"BM","mcar",0.3,"ord","freq_lambda",200,60000,0.0614268997785977,0.00291225776314682
"types_mixed",100,1,0,"BM","mcar",0.3,"ord","freq_lambda",200,6000,0.0349748333882174,0.00547989199772065
"types_mixed",300,1,0,"BM","mcar",0.3,"ord","freq_lambda",200,18000,0.0285346181332269,0.00459524861802367
"types_mixed",1000,1,0,"BM","mcar",0.3,"ord","freq_lambda",200,60000,0.0152840830878716,0.0015211453933581
"types_mixed",100,0.3,0.5,"BM","mcar",0.3,"ord","freq_lambda",200,6000,0.0384373781568049,0.00600378748715765
"types_mixed",300,0.3,0.5,"BM","mcar",0.3,"ord","freq_lambda",200,18000,0.0301263476245225,0.00395993157799859
"types_mixed",1000,0.3,0.5,"BM","mcar",0.3,"ord","freq_lambda",200,60000,0.0122466639722513,0.00218740944151184
"types_mixed",100,0.7,0.5,"BM","mcar",0.3,"ord","freq_lambda",200,6000,0.0962952013202676,0.00840532146931146
"types_mixed",300,0.7,0.5,"BM","mcar",0.3,"ord","freq_lambda",200,18000,0.0753467328663458,0.00472836261205992
"types_mixed",1000,0.7,0.5,"BM","mcar",0.3,"ord","freq_lambda",200,60000,0.0593980128995362,0.00323323341167185
"types_mixed",100,1,0.5,"BM","mcar",0.3,"ord","freq_lambda",200,6000,0.0517684623439132,0.00755043295780701
"types_mixed",300,1,0.5,"BM","mcar",0.3,"ord","freq_lambda",200,18000,0.0255358526599755,0.00248273161991041
"types_mixed",1000,1,0.5,"BM","mcar",0.3,"ord","freq_lambda",200,60000,0.0158431396646882,0.00106002085395008
"types_mixed",100,1,0,"BM","mcar",0.3,"ord","gnn_on",15,450,0.073015873015873,0.0129897032139745
"types_mixed",300,1,0,"BM","mcar",0.3,"ord","gnn_on",14,1260,0.0760090702947846,0.0159067064273264
"types_mixed",1000,1,0,"BM","mcar",0.3,"ord","gnn_on",9,2700,0.184095238095238,0.0306759355245632
"types_mixed",100,1,0.5,"BM","mcar",0.3,"ord","gnn_on",17,510,0.110812324929972,0.0169232595819682
"types_mixed",300,1,0.5,"BM","mcar",0.3,"ord","gnn_on",15,1350,0.0627513227513228,0.0161995180142565
"types_mixed",1000,1,0.5,"BM","mcar",0.3,"ord","gnn_on",7,2100,0.102448979591837,0.0277353079031078
"types_mixed",100,0.3,0,"BM","mcar",0.1,"bin","bace",100,1000,0.15755,0.0167591499327934
"types_mixed",1000,0.3,0,"BM","mcar",0.1,"bin","bace",97,9700,0.0474793814432989,0.00455453215727601
"types_mixed",100,1,0,"BM","mcar",0.1,"bin","bace",100,1000,0.0154944444444444,0.00744431371086155
"types_mixed",1000,1,0,"BM","mcar",0.1,"bin","bace",71,7100,0.0109384976525822,0.00336497849341834
"types_mixed",100,0.3,0.5,"BM","mcar",0.1,"bin","bace",100,1000,0.1258,0.0141907120674902
"types_mixed",1000,0.3,0.5,"BM","mcar",0.1,"bin","bace",79,7900,0.0269050632911392,0.0030932099947067
"types_mixed",100,1,0.5,"BM","mcar",0.1,"bin","bace",100,1000,0.0288777777777778,0.00839156333435499
"types_mixed",1000,1,0.5,"BM","mcar",0.1,"bin","bace",100,10000,0.00889766666666666,0.00257465309191662
"types_mixed",100,0.3,0,"OU","mcar",0.1,"bin","bace",100,1000,0.176,0.016942640578919
"types_mixed",1000,0.3,0,"OU","mcar",0.1,"bin","bace",65,6500,0.0459692307692308,0.0044425991207911
"types_mixed",100,1,0,"OU","mcar",0.1,"bin","bace",100,1000,0.0230444444444445,0.00669959374048986
"types_mixed",1000,1,0,"OU","mcar",0.1,"bin","bace",70,7000,0.00703492063492067,0.00271216885548852
"types_mixed",100,0.3,0.5,"OU","mcar",0.1,"bin","bace",100,1000,0.11595,0.0129372030614335
"types_mixed",1000,0.3,0.5,"OU","mcar",0.1,"bin","bace",65,6500,0.0282692307692308,0.00395128326042581
"types_mixed",100,1,0.5,"OU","mcar",0.1,"bin","bace",100,1000,0.0270888888888889,0.00786380225725956
"types_mixed",1000,1,0.5,"OU","mcar",0.1,"bin","bace",68,6800,0.00733349673202618,0.0021375639348757
"types_mixed",100,0.3,0,"BM","clade",0.3,"bin","bace",100,3004,0.120938748335553,0.00933872846798656
"types_mixed",1000,0.3,0,"BM","clade",0.3,"bin","bace",18,5389,0.0520968639821859,0.00687316003045158
"types_mixed",100,1,0,"BM","clade",0.3,"bin","bace",100,3004,0.028572614432969,0.0106214245535025
"types_mixed",1000,1,0,"BM","clade",0.3,"bin","bace",25,7526,0.094059078629864,0.0289063012247861
"types_mixed",100,0.3,0.5,"BM","clade",0.3,"bin","bace",100,3004,0.128561917443409,0.0109925715090861
"types_mixed",1000,0.3,0.5,"BM","clade",0.3,"bin","bace",3,898,0.0685968819599109,0.00633049831715342
"types_mixed",100,1,0.5,"BM","clade",0.3,"bin","bace",100,3004,0.0457777484305608,0.0148649465664249
"types_mixed",1000,1,0.5,"BM","clade",0.3,"bin","bace",18,5450,0.120382056467607,0.0247021330445986
"types_mixed",100,0.3,0,"OU","clade",0.3,"bin","bace",100,3004,0.115529294274301,0.00971114033962619
"types_mixed",1000,0.3,0,"OU","clade",0.3,"bin","bace",30,9024,0.0628102836879432,0.00680390269076287
"types_mixed",100,1,0,"OU","clade",0.3,"bin","bace",100,3004,0.0273822358747236,0.00844793560487812
"types_mixed",1000,1,0,"OU","clade",0.3,"bin","bace",32,9626,0.0283280684018145,0.011623498747137
"types_mixed",100,0.3,0.5,"OU","clade",0.3,"bin","bace",100,3004,0.1383655126498,0.00979690051385088
"types_mixed",1000,0.3,0.5,"OU","clade",0.3,"bin","bace",30,9024,0.0762300531914894,0.00590044978575783
"types_mixed",100,1,0.5,"OU","clade",0.3,"bin","bace",100,3004,0.0671728788002936,0.014701260135853
"types_mixed",1000,1,0.5,"OU","clade",0.3,"bin","bace",32,9628,0.043443885165821,0.0215420909620693
"types_mixed",100,0.3,0,"BM","mar",0.3,"bin","bace",100,2914,0.191952642415923,0.00984523260315112
"types_mixed",1000,0.3,0,"BM","mar",0.3,"bin","bace",83,25042,0.0697947448286877,0.00354443098201763
"types_mixed",100,1,0,"BM","mar",0.3,"bin","bace",100,2936,0.0208795167481202,0.00888398255938211
"types_mixed",1000,1,0,"BM","mar",0.3,"bin","bace",82,24608,0.030057269662012,0.0128742923446878
"types_mixed",100,0.3,0.5,"BM","mar",0.3,"bin","bace",100,2906,0.160633172746043,0.00896322631681567
"types_mixed",1000,0.3,0.5,"BM","mar",0.3,"bin","bace",38,11513,0.0517284808477373,0.00388065533622155
"types_mixed",100,1,0.5,"BM","mar",0.3,"bin","bace",100,2952,0.0368954513338908,0.0114199437507571
"types_mixed",1000,1,0.5,"BM","mar",0.3,"bin","bace",58,17579,0.0383756789918071,0.0155262179725315
"types_mixed",100,0.3,0,"OU","mar",0.3,"bin","bace",100,2923,0.179062606910708,0.00820468818575054
"types_mixed",1000,0.3,0,"OU","mar",0.3,"bin","bace",65,19603,0.0692266489822987,0.00415640473151237
"types_mixed",100,1,0,"OU","mar",0.3,"bin","bace",100,2949,0.0268811693385964,0.00679272455976885
"types_mixed",1000,1,0,"OU","mar",0.3,"bin","bace",73,22072,0.017750031707922,0.00708854454608903
"types_mixed",100,0.3,0.5,"OU","mar",0.3,"bin","bace",99,2880,0.15390625,0.0090121556162558
"types_mixed",1000,0.3,0.5,"OU","mar",0.3,"bin","bace",65,19658,0.0474361583070506,0.00253577154573175
"types_mixed",100,1,0.5,"OU","mar",0.3,"bin","bace",100,2897,0.0298803107707427,0.0083740005881225
"types_mixed",1000,1,0.5,"OU","mar",0.3,"bin","bace",69,20873,0.0194849227428884,0.00620083921442162
"types_mixed",100,0.3,0,"OU","mcar",0.3,"bin","bace",100,3000,0.174183333333333,0.00915356133230176
"types_mixed",1000,0.3,0,"OU","mcar",0.3,"bin","bace",86,25800,0.0802112403100776,0.00326161924029176
"types_mixed",100,1,0,"OU","mcar",0.3,"bin","bace",100,3000,0.0231142857142857,0.00504566665117557
"types_mixed",1000,1,0,"OU","mcar",0.3,"bin","bace",71,21300,0.00585989268946997,0.00166507486000438
"types_mixed",100,0.3,0.5,"OU","mcar",0.3,"bin","bace",100,3000,0.16095,0.00840438922400927
"types_mixed",1000,0.3,0.5,"OU","mcar",0.3,"bin","bace",74,22200,0.0509617117117117,0.00319775469070503
"types_mixed",100,1,0.5,"OU","mcar",0.3,"bin","bace",100,3000,0.0260809523809524,0.0065123113109576
"types_mixed",1000,1,0.5,"OU","mcar",0.3,"bin","bace",68,20400,0.00676120448179254,0.00125774397549464
"types_mixed",100,0.3,0,"BM","mcar",0.1,"bin","floor",200,2000,0.0275555555555556,0.00843338585294184
"types_mixed",1000,0.3,0,"BM","mcar",0.1,"bin","floor",200,20000,0.00833888888888887,0.00255915439252683
"types_mixed",100,1,0,"BM","mcar",0.1,"bin","floor",200,2000,0.0239444444444444,0.00613632997542855
"types_mixed",1000,1,0,"BM","mcar",0.1,"bin","floor",200,20000,0.00989444444444442,0.00253172143621269
"types_mixed",100,0.3,0.5,"BM","mcar",0.1,"bin","floor",200,2000,0.0316666666666667,0.00801363106037982
"types_mixed",1000,0.3,0.5,"BM","mcar",0.1,"bin","floor",200,20000,0.01065,0.00291031546191244
"types_mixed",100,1,0.5,"BM","mcar",0.1,"bin","floor",200,2000,0.0203333333333333,0.00655169896212261
"types_mixed",1000,1,0.5,"BM","mcar",0.1,"bin","floor",200,20000,0.00674444444444445,0.00233474765038528
"types_mixed",100,0.3,0,"OU","mcar",0.1,"bin","floor",200,2000,0.0246111111111111,0.00733226943008419
"types_mixed",1000,0.3,0,"OU","mcar",0.1,"bin","floor",200,20000,0.0107611111111112,0.00345959113784969
"types_mixed",100,1,0,"OU","mcar",0.1,"bin","floor",200,2000,0.0160555555555556,0.00686038796804896
"types_mixed",1000,1,0,"OU","mcar",0.1,"bin","floor",200,20000,0.0083111111111111,0.00276276121270468
"types_mixed",100,0.3,0.5,"OU","mcar",0.1,"bin","floor",200,2000,0.04,0.00840919307642168
"types_mixed",1000,0.3,0.5,"OU","mcar",0.1,"bin","floor",200,20000,0.0081388888888889,0.0028631698620431
"types_mixed",100,1,0.5,"OU","mcar",0.1,"bin","floor",200,2000,0.0227222222222222,0.00712143804844106
"types_mixed",1000,1,0.5,"OU","mcar",0.1,"bin","floor",200,20000,0.0111333333333334,0.00269571196521636
"types_mixed",100,0.3,0,"BM","clade",0.3,"bin","floor",200,5997,0.0390933464614674,0.00839501443226349
"types_mixed",1000,0.3,0,"BM","clade",0.3,"bin","floor",200,59938,0.0251477186024623,0.00636448996537932
"types_mixed",100,1,0,"BM","clade",0.3,"bin","floor",200,5997,0.0333057589061108,0.0103914204232311
"types_mixed",1000,1,0,"BM","clade",0.3,"bin","floor",200,59938,0.0560117049175847,0.0139814392255036
"types_mixed",100,0.3,0.5,"BM","clade",0.3,"bin","floor",200,5997,0.0360796713951499,0.00728210775350261
"types_mixed",1000,0.3,0.5,"BM","clade",0.3,"bin","floor",200,59938,0.0186464240752794,0.00543931186793009
"types_mixed",100,1,0.5,"BM","clade",0.3,"bin","floor",200,5997,0.052461406331812,0.0112514837645643
"types_mixed",1000,1,0.5,"BM","clade",0.3,"bin","floor",200,59938,0.0514268302544915,0.0119311419997823
"types_mixed",100,0.3,0,"OU","clade",0.3,"bin","floor",200,5997,0.0394695708142756,0.00804034856527814
"types_mixed",1000,0.3,0,"OU","clade",0.3,"bin","floor",200,59938,0.0300002907744767,0.00577736995493512
"types_mixed",100,1,0,"OU","clade",0.3,"bin","floor",200,5997,0.0686124632243422,0.0132594229779093
"types_mixed",1000,1,0,"OU","clade",0.3,"bin","floor",200,59938,0.0664100999457616,0.0124881263197732
"types_mixed",100,0.3,0.5,"OU","clade",0.3,"bin","floor",200,5997,0.0396469482081468,0.00738754889507218
"types_mixed",1000,0.3,0.5,"OU","clade",0.3,"bin","floor",200,59938,0.0253227441548008,0.00603968406264759
"types_mixed",100,1,0.5,"OU","clade",0.3,"bin","floor",200,5997,0.050306239490988,0.0125479502407752
"types_mixed",1000,1,0.5,"OU","clade",0.3,"bin","floor",200,59938,0.0583878968777094,0.0122596352904375
"types_mixed",100,0.3,0,"BM","mar",0.3,"bin","floor",200,5890,0.0405722197006928,0.0085474627545807
"types_mixed",1000,0.3,0,"BM","mar",0.3,"bin","floor",200,60586,0.0329574713283697,0.00696220664880651
"types_mixed",100,1,0,"BM","mar",0.3,"bin","floor",200,5929,0.0470075797981931,0.0123199484131444
"types_mixed",1000,1,0,"BM","mar",0.3,"bin","floor",200,60322,0.0507161530329273,0.0106048677014815
"types_mixed",100,0.3,0.5,"BM","mar",0.3,"bin","floor",200,5872,0.0534341889238754,0.00894127534087253
"types_mixed",1000,0.3,0.5,"BM","mar",0.3,"bin","floor",200,60484,0.0325571746505057,0.00713017879513328
"types_mixed",100,1,0.5,"BM","mar",0.3,"bin","floor",200,5967,0.0506198882305737,0.0120175706886134
"types_mixed",1000,1,0.5,"BM","mar",0.3,"bin","floor",200,60214,0.0536807755472696,0.0109407298738457
"types_mixed",100,0.3,0,"OU","mar",0.3,"bin","floor",200,5897,0.0586341765229622,0.0093537557095905
"types_mixed",1000,0.3,0,"OU","mar",0.3,"bin","floor",200,60439,0.0373131121327315,0.00781444755593209
"types_mixed",100,1,0,"OU","mar",0.3,"bin","floor",200,5925,0.0538902391681854,0.0109863525932732
"types_mixed",1000,1,0,"OU","mar",0.3,"bin","floor",200,60332,0.0479456521802673,0.00987283268745394
"types_mixed",100,0.3,0.5,"OU","mar",0.3,"bin","floor",200,5897,0.0560508367322796,0.00962085513701412
"types_mixed",1000,0.3,0.5,"OU","mar",0.3,"bin","floor",200,60518,0.036703675680481,0.00708414907024275
"types_mixed",100,1,0.5,"OU","mar",0.3,"bin","floor",200,5901,0.0452290110972486,0.00914089073898957
"types_mixed",1000,1,0.5,"OU","mar",0.3,"bin","floor",200,60290,0.037187425602219,0.0087049664356151
"types_mixed",100,0.3,0,"OU","mcar",0.3,"bin","floor",200,6000,0.0293095238095238,0.00603229413687795
"types_mixed",1000,0.3,0,"OU","mcar",0.3,"bin","floor",200,60000,0.00845952380952382,0.00185848256557055
"types_mixed",100,1,0,"OU","mcar",0.3,"bin","floor",200,6000,0.0295952380952381,0.00563889205951701
"types_mixed",1000,1,0,"OU","mcar",0.3,"bin","floor",200,60000,0.00753809523809534,0.00176812395185868
"types_mixed",100,0.3,0.5,"OU","mcar",0.3,"bin","floor",200,6000,0.0375714285714286,0.00623241423990071
"types_mixed",1000,0.3,0.5,"OU","mcar",0.3,"bin","floor",200,60000,0.00701666666666652,0.00175414793456174
"types_mixed",100,1,0.5,"OU","mcar",0.3,"bin","floor",200,6000,0.0197857142857143,0.0058249239823321
"types_mixed",1000,1,0.5,"OU","mcar",0.3,"bin","floor",200,60000,0.00662857142857123,0.00159651039808039
"types_mixed",100,0.3,0,"BM","mcar",0.1,"bin","freq",200,2000,0.0706777918681258,0.0112355569971938
"types_mixed",1000,0.3,0,"BM","mcar",0.1,"bin","freq",200,20000,0.0467317115080037,0.00588242872064814
"types_mixed",100,1,0,"BM","mcar",0.1,"bin","freq",200,2000,0.00743105766372221,0.00264463622683032
"types_mixed",1000,1,0,"BM","mcar",0.1,"bin","freq",200,20000,0.00494552184835092,0.000722610262688017
"types_mixed",100,0.3,0.5,"BM","mcar",0.1,"bin","freq",200,2000,0.0525165066883857,0.00798019336209056
"types_mixed",1000,0.3,0.5,"BM","mcar",0.1,"bin","freq",200,20000,0.0502448716366287,0.00533959291451436
"types_mixed",100,1,0.5,"BM","mcar",0.1,"bin","freq",200,2000,0.0143810217402475,0.00452967991607324
"types_mixed",1000,1,0.5,"BM","mcar",0.1,"bin","freq",200,20000,0.0055527273861853,0.000803301616547643
"types_mixed",100,0.3,0,"OU","mcar",0.1,"bin","freq",200,2000,0.0773309660760409,0.00992207068983531
"types_mixed",1000,0.3,0,"OU","mcar",0.1,"bin","freq",200,20000,0.0364626004183596,0.00641346608117593
"types_mixed",100,1,0,"OU","mcar",0.1,"bin","freq",200,2000,0.0143262469547996,0.00408082924345923
"types_mixed",1000,1,0,"OU","mcar",0.1,"bin","freq",200,20000,0.0096731660455372,0.00116997481807769
"types_mixed",100,0.3,0.5,"OU","mcar",0.1,"bin","freq",200,2000,0.0482490421610323,0.00902693967571911
"types_mixed",1000,0.3,0.5,"OU","mcar",0.1,"bin","freq",200,20000,0.0512429690622873,0.00589941468896962
"types_mixed",100,1,0.5,"OU","mcar",0.1,"bin","freq",200,2000,0.0218588313632127,0.00531225234191987
"types_mixed",1000,1,0.5,"OU","mcar",0.1,"bin","freq",200,20000,0.00818411215140185,0.000902481570275856
"types_mixed",100,0.3,0,"BM","clade",0.3,"bin","freq",200,5997,0.03784008108896,0.00815006252806142
"types_mixed",1000,0.3,0,"BM","clade",0.3,"bin","freq",200,59938,0.0430113864682717,0.00712385399820683
"types_mixed",100,1,0,"BM","clade",0.3,"bin","freq",200,5997,0.0304071488188956,0.00642505289051663
"types_mixed",1000,1,0,"BM","clade",0.3,"bin","freq",200,59938,0.0143611244188878,0.00343145037816938
"types_mixed",100,0.3,0.5,"BM","clade",0.3,"bin","freq",200,5997,0.0395162938937032,0.00821131010400807
"types_mixed",1000,0.3,0.5,"BM","clade",0.3,"bin","freq",200,59938,0.0416072609353554,0.00647471965546904
"types_mixed",100,1,0.5,"BM","clade",0.3,"bin","freq",200,5997,0.022917187314149,0.0065410574466074
"types_mixed",1000,1,0.5,"BM","clade",0.3,"bin","freq",200,59938,0.0165518792360646,0.00480600931208442
"types_mixed",100,0.3,0,"OU","clade",0.3,"bin","freq",200,5997,0.0427582538526936,0.0065859088966668
"types_mixed",1000,0.3,0,"OU","clade",0.3,"bin","freq",200,59938,0.0318955080480647,0.00542586865329758
"types_mixed",100,1,0,"OU","clade",0.3,"bin","freq",200,5997,0.0489795120420962,0.00844747757357184
"types_mixed",1000,1,0,"OU","clade",0.3,"bin","freq",200,59938,0.0223276746004255,0.00482806282589864
"types_mixed",100,0.3,0.5,"OU","clade",0.3,"bin","freq",200,5997,0.045647827413505,0.00829918866844417
"types_mixed",1000,0.3,0.5,"OU","clade",0.3,"bin","freq",200,59938,0.0372793710925291,0.00556597121009729
"types_mixed",100,1,0.5,"OU","clade",0.3,"bin","freq",200,5997,0.0518725873789846,0.00925024894966768
"types_mixed",1000,1,0.5,"OU","clade",0.3,"bin","freq",200,59938,0.0265475226838769,0.00578577269298109
"types_mixed",100,0.3,0,"BM","mar",0.3,"bin","freq",200,5890,0.0957371651818656,0.00832645713353194
"types_mixed",1000,0.3,0,"BM","mar",0.3,"bin","freq",200,60586,0.0933426639992701,0.00708496808135944
"types_mixed",100,1,0,"BM","mar",0.3,"bin","freq",200,5929,0.0116502363749409,0.00337691233082809
"types_mixed",1000,1,0,"BM","mar",0.3,"bin","freq",200,60322,0.00524484168670567,0.000878122272693648
"types_mixed",100,0.3,0.5,"BM","mar",0.3,"bin","freq",200,5872,0.0995981430578859,0.00889762583403568
"types_mixed",1000,0.3,0.5,"BM","mar",0.3,"bin","freq",200,60484,0.0969274939314828,0.00763553163295468
"types_mixed",100,1,0.5,"BM","mar",0.3,"bin","freq",200,5967,0.0202729125652191,0.00385192394586918
"types_mixed",1000,1,0.5,"BM","mar",0.3,"bin","freq",200,60214,0.00732437663022972,0.0011273030938601
"types_mixed",100,0.3,0,"OU","mar",0.3,"bin","freq",200,5897,0.093076732493397,0.00913710508855971
"types_mixed",1000,0.3,0,"OU","mar",0.3,"bin","freq",200,60439,0.0891361870469178,0.0064486426469996
"types_mixed",100,1,0,"OU","mar",0.3,"bin","freq",200,5925,0.0228065594878204,0.00452213268196537
"types_mixed",1000,1,0,"OU","mar",0.3,"bin","freq",200,60332,0.00923826365336064,0.00108524889114858
"types_mixed",100,0.3,0.5,"OU","mar",0.3,"bin","freq",200,5897,0.0927471367860062,0.0089430812770159
"types_mixed",1000,0.3,0.5,"OU","mar",0.3,"bin","freq",200,60518,0.0972280267531476,0.00627978069514832
"types_mixed",100,1,0.5,"OU","mar",0.3,"bin","freq",200,5901,0.0228742290553912,0.00418684003617339
"types_mixed",1000,1,0.5,"OU","mar",0.3,"bin","freq",200,60290,0.00866567994898683,0.00103282447885946
"types_mixed",100,0.3,0,"OU","mcar",0.3,"bin","freq",200,6000,0.0787216088908493,0.00690512264546822
"types_mixed",1000,0.3,0,"OU","mcar",0.3,"bin","freq",200,60000,0.043271779678088,0.00642032130201773
"types_mixed",100,1,0,"OU","mcar",0.3,"bin","freq",200,6000,0.0209132166442257,0.0033288994801724
"types_mixed",1000,1,0,"OU","mcar",0.3,"bin","freq",200,60000,0.00987532435782201,0.000800493981550616
"types_mixed",100,0.3,0.5,"OU","mcar",0.3,"bin","freq",200,6000,0.0600348308272939,0.00654138913113902
"types_mixed",1000,0.3,0.5,"OU","mcar",0.3,"bin","freq",200,60000,0.0504390471359811,0.00546615162226049
"types_mixed",100,1,0.5,"OU","mcar",0.3,"bin","freq",200,6000,0.0177442319467262,0.00308663969474877
"types_mixed",1000,1,0.5,"OU","mcar",0.3,"bin","freq",200,60000,0.0107427335920896,0.000770300088574691
"types_mixed",100,0.3,0,"BM","mcar",0.1,"bin","freq_lambda",200,2000,0.0706777918681258,0.0100096828388539
"types_mixed",1000,0.3,0,"BM","mcar",0.1,"bin","freq_lambda",200,20000,0.0467317115080037,0.00598196178599289
"types_mixed",100,1,0,"BM","mcar",0.1,"bin","freq_lambda",200,2000,0.00743105766372221,0.00285734583749477
"types_mixed",1000,1,0,"BM","mcar",0.1,"bin","freq_lambda",200,20000,0.00495084821258053,0.000877725225718835
"types_mixed",100,0.3,0.5,"BM","mcar",0.1,"bin","freq_lambda",200,2000,0.0525165066883857,0.00926909329499345
"types_mixed",1000,0.3,0.5,"BM","mcar",0.1,"bin","freq_lambda",200,20000,0.0502448716366287,0.00502637043725146
"types_mixed",100,1,0.5,"BM","mcar",0.1,"bin","freq_lambda",200,2000,0.0143810217402475,0.0044581461736127
"types_mixed",1000,1,0.5,"BM","mcar",0.1,"bin","freq_lambda",200,20000,0.00467283120640692,0.000921169231654756
"types_mixed",100,0.3,0,"OU","mcar",0.1,"bin","freq_lambda",200,2000,0.0773309660760409,0.00999599929497427
"types_mixed",1000,0.3,0,"OU","mcar",0.1,"bin","freq_lambda",200,20000,0.0364626004183596,0.0059588869772514
"types_mixed",100,1,0,"OU","mcar",0.1,"bin","freq_lambda",200,2000,0.0143262469547996,0.00412024059068045
"types_mixed",1000,1,0,"OU","mcar",0.1,"bin","freq_lambda",200,20000,0.00942560274012694,0.00142277026748551
"types_mixed",100,0.3,0.5,"OU","mcar",0.1,"bin","freq_lambda",200,2000,0.0482490421610323,0.00994192533032385
"types_mixed",1000,0.3,0.5,"OU","mcar",0.1,"bin","freq_lambda",200,20000,0.0512429690622873,0.0058803451349767
"types_mixed",100,1,0.5,"OU","mcar",0.1,"bin","freq_lambda",200,2000,0.0218588313632127,0.0054915857989953
"types_mixed",1000,1,0.5,"OU","mcar",0.1,"bin","freq_lambda",200,20000,0.00836484328177539,0.00123056920141097
"types_mixed",100,0.3,0,"BM","clade",0.3,"bin","freq_lambda",200,5997,0.03784008108896,0.00799369411516168
"types_mixed",1000,0.3,0,"BM","clade",0.3,"bin","freq_lambda",200,59938,0.0430113864682717,0.0068981684602953
"types_mixed",100,1,0,"BM","clade",0.3,"bin","freq_lambda",200,5997,0.0304071488188956,0.00630094577179531
"types_mixed",1000,1,0,"BM","clade",0.3,"bin","freq_lambda",200,59938,0.0143611244188878,0.00333585424697564
"types_mixed",100,0.3,0.5,"BM","clade",0.3,"bin","freq_lambda",200,5997,0.0395162938937032,0.00763986159599772
"types_mixed",1000,0.3,0.5,"BM","clade",0.3,"bin","freq_lambda",200,59938,0.0416072609353554,0.0065013205168506
"types_mixed",100,1,0.5,"BM","clade",0.3,"bin","freq_lambda",200,5997,0.022917187314149,0.00707361569954184
"types_mixed",1000,1,0.5,"BM","clade",0.3,"bin","freq_lambda",200,59938,0.0165518792360646,0.00469863716324036
"types_mixed",100,0.3,0,"OU","clade",0.3,"bin","freq_lambda",200,5997,0.0427582538526936,0.00712606292189422
"types_mixed",1000,0.3,0,"OU","clade",0.3,"bin","freq_lambda",200,59938,0.0318955080480647,0.00705801523972954
"types_mixed",100,1,0,"OU","clade",0.3,"bin","freq_lambda",200,5997,0.0489795120420962,0.00907502884735594
"types_mixed",1000,1,0,"OU","clade",0.3,"bin","freq_lambda",200,59938,0.0223276746004255,0.00490692043558653
"types_mixed",100,0.3,0.5,"OU","clade",0.3,"bin","freq_lambda",200,5997,0.045647827413505,0.00811028947239357
"types_mixed",1000,0.3,0.5,"OU","clade",0.3,"bin","freq_lambda",200,59938,0.0372793710925291,0.00568484929942327
"types_mixed",100,1,0.5,"OU","clade",0.3,"bin","freq_lambda",200,5997,0.0518725873789846,0.00919345914158639
"types_mixed",1000,1,0.5,"OU","clade",0.3,"bin","freq_lambda",200,59938,0.0265475226838769,0.00540294714524842
"types_mixed",100,0.3,0,"BM","mar",0.3,"bin","freq_lambda",200,5890,0.0957371651818656,0.00867844053427974
"types_mixed",1000,0.3,0,"BM","mar",0.3,"bin","freq_lambda",200,60586,0.0933426639992701,0.007210597056299
"types_mixed",100,1,0,"BM","mar",0.3,"bin","freq_lambda",200,5929,0.0116502363749409,0.0036596901831136
"types_mixed",1000,1,0,"BM","mar",0.3,"bin","freq_lambda",200,60322,0.00524484168670567,0.000927789580895628
"types_mixed",100,0.3,0.5,"BM","mar",0.3,"bin","freq_lambda",200,5872,0.0995981430578859,0.00828907084822848
"types_mixed",1000,0.3,0.5,"BM","mar",0.3,"bin","freq_lambda",200,60484,0.0969274939314828,0.00714580824236016
"types_mixed",100,1,0.5,"BM","mar",0.3,"bin","freq_lambda",200,5967,0.0202729125652191,0.0037652998604525
"types_mixed",1000,1,0.5,"BM","mar",0.3,"bin","freq_lambda",200,60214,0.00732437663022972,0.00120533309221561
"types_mixed",100,0.3,0,"OU","mar",0.3,"bin","freq_lambda",200,5897,0.093076732493397,0.00875707002787822
"types_mixed",1000,0.3,0,"OU","mar",0.3,"bin","freq_lambda",200,60439,0.0891361870469178,0.00699867400292516
"types_mixed",100,1,0,"OU","mar",0.3,"bin","freq_lambda",200,5925,0.0228065594878204,0.00437680682689836
"types_mixed",1000,1,0,"OU","mar",0.3,"bin","freq_lambda",200,60332,0.00923826365336064,0.00119442831661433
"types_mixed",100,0.3,0.5,"OU","mar",0.3,"bin","freq_lambda",200,5897,0.0927471367860062,0.00901477733031276
"types_mixed",1000,0.3,0.5,"OU","mar",0.3,"bin","freq_lambda",200,60518,0.0972280267531476,0.00705159714219252
"types_mixed",100,1,0.5,"OU","mar",0.3,"bin","freq_lambda",200,5901,0.0228742290553912,0.00438989214849759
"types_mixed",1000,1,0.5,"OU","mar",0.3,"bin","freq_lambda",200,60290,0.00866567994898683,0.00106015749694322
"types_mixed",100,0.3,0,"OU","mcar",0.3,"bin","freq_lambda",200,6000,0.0787216088908493,0.00725201163747019
"types_mixed",1000,0.3,0,"OU","mcar",0.3,"bin","freq_lambda",200,60000,0.043271779678088,0.00559869325315934
"types_mixed",100,1,0,"OU","mcar",0.3,"bin","freq_lambda",200,6000,0.0209132166442257,0.00339623652713402
"types_mixed",1000,1,0,"OU","mcar",0.3,"bin","freq_lambda",200,60000,0.00987532435782201,0.000840151314314631
"types_mixed",100,0.3,0.5,"OU","mcar",0.3,"bin","freq_lambda",200,6000,0.0600348308272939,0.00647880804367896
"types_mixed",1000,0.3,0.5,"OU","mcar",0.3,"bin","freq_lambda",200,60000,0.0504390471359811,0.00559934130873331
"types_mixed",100,1,0.5,"OU","mcar",0.3,"bin","freq_lambda",200,6000,0.0177442319467262,0.00279241712527529
"types_mixed",1000,1,0.5,"OU","mcar",0.3,"bin","freq_lambda",200,60000,0.0107427335920896,0.000753856486183006
"types_mixed",100,0.3,0,"BM","mcar",0.1,"bin","gnn_off",200,2000,0.0376930414254526,0.00943851418300755
"types_mixed",1000,0.3,0,"BM","mcar",0.1,"bin","gnn_off",200,20000,0.0242799695747303,0.00390467975344832
"types_mixed",100,1,0,"BM","mcar",0.1,"bin","gnn_off",200,2000,0.134302310469663,0.00770992427293446
"types_mixed",1000,1,0,"BM","mcar",0.1,"bin","gnn_off",200,20000,0.191279625100909,0.00352426427868865
"types_mixed",100,0.3,0.5,"BM","mcar",0.1,"bin","gnn_off",200,2000,0.031503683211748,0.00852983135628828
"types_mixed",1000,0.3,0.5,"BM","mcar",0.1,"bin","gnn_off",200,20000,0.0259850001959742,0.00386651268002199
"types_mixed",100,1,0.5,"BM","mcar",0.1,"bin","gnn_off",200,2000,0.139879159164063,0.00807283461142043
"types_mixed",1000,1,0.5,"BM","mcar",0.1,"bin","gnn_off",200,20000,0.188603963964822,0.00426861099419393
"types_mixed",100,0.3,0,"OU","mcar",0.1,"bin","gnn_off",200,2000,0.0476005361919544,0.00975633585755062
"types_mixed",1000,0.3,0,"OU","mcar",0.1,"bin","gnn_off",200,20000,0.0553852793861151,0.00477035429368003
"types_mixed",100,1,0,"OU","mcar",0.1,"bin","gnn_off",200,2000,0.135578831178847,0.00696639111892321
"types_mixed",1000,1,0,"OU","mcar",0.1,"bin","gnn_off",200,20000,0.19700055876593,0.00243142693981499
"types_mixed",100,0.3,0.5,"OU","mcar",0.1,"bin","gnn_off",200,2000,0.0466855661088362,0.00916273080182711
"types_mixed",1000,0.3,0.5,"OU","mcar",0.1,"bin","gnn_off",200,20000,0.0482683388591113,0.00483480500704021
"types_mixed",100,1,0.5,"OU","mcar",0.1,"bin","gnn_off",200,2000,0.136975884779225,0.00661601828079343
"types_mixed",1000,1,0.5,"OU","mcar",0.1,"bin","gnn_off",200,20000,0.198453444662866,0.00212452826602815
"types_mixed",100,0.3,0,"BM","clade",0.3,"bin","gnn_off",200,5997,0.0408550718487894,0.0088269503673323
"types_mixed",1000,0.3,0,"BM","clade",0.3,"bin","gnn_off",200,59938,0.0308616705902216,0.00619215185196633
"types_mixed",100,1,0,"BM","clade",0.3,"bin","gnn_off",200,5997,0.111656819284531,0.0100560642054631
"types_mixed",1000,1,0,"BM","clade",0.3,"bin","gnn_off",200,59938,0.171304735308078,0.00513259531404087
"types_mixed",100,0.3,0.5,"BM","clade",0.3,"bin","gnn_off",200,5997,0.0458097712745679,0.00833321542158858
"types_mixed",1000,0.3,0.5,"BM","clade",0.3,"bin","gnn_off",200,59938,0.0307981093946855,0.00637808947278978
"types_mixed",100,1,0.5,"BM","clade",0.3,"bin","gnn_off",200,5997,0.101626630453294,0.0101352305067892
"types_mixed",1000,1,0.5,"BM","clade",0.3,"bin","gnn_off",200,59938,0.172457053002586,0.0052635806750379
"types_mixed",100,0.3,0,"OU","clade",0.3,"bin","gnn_off",200,5997,0.0434872928424026,0.00812186022344204
"types_mixed",1000,0.3,0,"OU","clade",0.3,"bin","gnn_off",200,59938,0.0432252252980731,0.00530122743485674
"types_mixed",100,1,0,"OU","clade",0.3,"bin","gnn_off",200,5997,0.0870352421113388,0.00949635753376575
"types_mixed",1000,1,0,"OU","clade",0.3,"bin","gnn_off",200,59938,0.158790858698208,0.00477584911932424
"types_mixed",100,0.3,0.5,"OU","clade",0.3,"bin","gnn_off",200,5997,0.0485112324089929,0.00780097068684363
"types_mixed",1000,0.3,0.5,"OU","clade",0.3,"bin","gnn_off",200,59938,0.038462549424444,0.00525760653001673
"types_mixed",100,1,0.5,"OU","clade",0.3,"bin","gnn_off",200,5997,0.077693810468124,0.00985459461014798
"types_mixed",1000,1,0.5,"OU","clade",0.3,"bin","gnn_off",200,59938,0.163954769788149,0.00515403008422464
"types_mixed",100,0.3,0,"BM","mar",0.3,"bin","gnn_off",200,5890,0.0490769830823965,0.00931915372627975
"types_mixed",1000,0.3,0,"BM","mar",0.3,"bin","gnn_off",200,60586,0.0470745773387575,0.00654181207001391
"types_mixed",100,1,0,"BM","mar",0.3,"bin","gnn_off",200,5929,0.116691635249396,0.00828285455061033
"types_mixed",1000,1,0,"BM","mar",0.3,"bin","gnn_off",200,60322,0.185904652826126,0.00383566038244457
"types_mixed",100,0.3,0.5,"BM","mar",0.3,"bin","gnn_off",200,5872,0.058544122160638,0.00874584981814528
"types_mixed",1000,0.3,0.5,"BM","mar",0.3,"bin","gnn_off",200,60484,0.0395447389876138,0.00593649416866397
"types_mixed",100,1,0.5,"BM","mar",0.3,"bin","gnn_off",200,5967,0.119234801678072,0.00787103845375053
"types_mixed",1000,1,0.5,"BM","mar",0.3,"bin","gnn_off",200,60214,0.180888296003105,0.00427310783423355
"types_mixed",100,0.3,0,"OU","mar",0.3,"bin","gnn_off",200,5897,0.0589964957403982,0.00905670365082801
"types_mixed",1000,0.3,0,"OU","mar",0.3,"bin","gnn_off",200,60439,0.0771601069665699,0.00537361190440672
"types_mixed",100,1,0,"OU","mar",0.3,"bin","gnn_off",200,5925,0.106301606008552,0.00805193114962928
"types_mixed",1000,1,0,"OU","mar",0.3,"bin","gnn_off",200,60332,0.18791026729919,0.00333598964073515
"types_mixed",100,0.3,0.5,"OU","mar",0.3,"bin","gnn_off",200,5897,0.0699316702509986,0.0096237544693794
"types_mixed",1000,0.3,0.5,"OU","mar",0.3,"bin","gnn_off",200,60518,0.0656011770698704,0.00624503937696415
"types_mixed",100,1,0.5,"OU","mar",0.3,"bin","gnn_off",200,5901,0.102083308594012,0.008605824118188
"types_mixed",1000,1,0.5,"OU","mar",0.3,"bin","gnn_off",200,60290,0.187866831051733,0.00194379525412331
"types_mixed",100,0.3,0,"OU","mcar",0.3,"bin","gnn_off",200,6000,0.047628671113978,0.00695777179554836
"types_mixed",1000,0.3,0,"OU","mcar",0.3,"bin","gnn_off",200,60000,0.0497811705330686,0.00410476516951071
"types_mixed",100,1,0,"OU","mcar",0.3,"bin","gnn_off",200,6000,0.11283749462103,0.00762595726251898
"types_mixed",1000,1,0,"OU","mcar",0.3,"bin","gnn_off",200,60000,0.193201742246652,0.00239509498350069
"types_mixed",100,0.3,0.5,"OU","mcar",0.3,"bin","gnn_off",200,6000,0.046347880297082,0.00689256998077648
"types_mixed",1000,0.3,0.5,"OU","mcar",0.3,"bin","gnn_off",200,60000,0.0475293126799935,0.0039710249048735
"types_mixed",100,1,0.5,"OU","mcar",0.3,"bin","gnn_off",200,6000,0.108774771619387,0.0075269917609749
"types_mixed",1000,1,0.5,"OU","mcar",0.3,"bin","gnn_off",200,60000,0.19134667740512,0.00168873553649172
"types_mixed",100,0.3,0,"BM","mcar",0.1,"bin","gnn_off_rphylopars",200,2000,0.0224984098873915,0.00828060852302512
"types_mixed",1000,0.3,0,"BM","mcar",0.1,"bin","gnn_off_rphylopars",200,20000,0.0126681740134134,0.00286160644841523
"types_mixed",100,1,0,"BM","mcar",0.1,"bin","gnn_off_rphylopars",200,2000,0.13543813986293,0.00765207379149502
"types_mixed",1000,1,0,"BM","mcar",0.1,"bin","gnn_off_rphylopars",200,20000,0.195006656876379,0.00357101412584175
"types_mixed",100,0.3,0.5,"BM","mcar",0.1,"bin","gnn_off_rphylopars",200,2000,0.0289985536253917,0.00837138068220582
"types_mixed",1000,0.3,0.5,"BM","mcar",0.1,"bin","gnn_off_rphylopars",200,20000,0.0141413037213485,0.0033494906290735
"types_mixed",100,1,0.5,"BM","mcar",0.1,"bin","gnn_off_rphylopars",200,2000,0.141238245432221,0.0080025355862317
"types_mixed",1000,1,0.5,"BM","mcar",0.1,"bin","gnn_off_rphylopars",200,20000,0.190569032231397,0.00397656708444321
"types_mixed",100,0.3,0,"OU","mcar",0.1,"bin","gnn_off_rphylopars",200,2000,0.0311798247834956,0.00826372227699344
"types_mixed",1000,0.3,0,"OU","mcar",0.1,"bin","gnn_off_rphylopars",200,20000,0.0238266910477704,0.0033496956255931
"types_mixed",100,1,0,"OU","mcar",0.1,"bin","gnn_off_rphylopars",200,2000,0.147377595066066,0.00828813383922694
"types_mixed",1000,1,0,"OU","mcar",0.1,"bin","gnn_off_rphylopars",200,20000,0.202445758181288,0.00206083650462129
"types_mixed",100,0.3,0.5,"OU","mcar",0.1,"bin","gnn_off_rphylopars",200,2000,0.0356251785992359,0.00861013443810964
"types_mixed",1000,0.3,0.5,"OU","mcar",0.1,"bin","gnn_off_rphylopars",200,20000,0.0246811338938631,0.0030870342885497
"types_mixed",100,1,0.5,"OU","mcar",0.1,"bin","gnn_off_rphylopars",200,2000,0.140983999756642,0.00601688439230054
"types_mixed",1000,1,0.5,"OU","mcar",0.1,"bin","gnn_off_rphylopars",200,20000,0.20810913915684,0.00215379237001184
"types_mixed",100,0.3,0,"BM","clade",0.3,"bin","gnn_off_rphylopars",200,5997,0.0406547811126869,0.00785017773761073
"types_mixed",1000,0.3,0,"BM","clade",0.3,"bin","gnn_off_rphylopars",200,59938,0.0292903581278482,0.00571862886451525
"types_mixed",100,1,0,"BM","clade",0.3,"bin","gnn_off_rphylopars",200,5997,0.122023987584364,0.0103821332774102
"types_mixed",1000,1,0,"BM","clade",0.3,"bin","gnn_off_rphylopars",200,59938,0.191435413741014,0.00510029735456173
"types_mixed",100,0.3,0.5,"BM","clade",0.3,"bin","gnn_off_rphylopars",200,5997,0.031798039483627,0.00746913245366181
"types_mixed",1000,0.3,0.5,"BM","clade",0.3,"bin","gnn_off_rphylopars",200,59938,0.0277481207466891,0.00581383121471547
"types_mixed",100,1,0.5,"BM","clade",0.3,"bin","gnn_off_rphylopars",200,5997,0.116177441528394,0.0101973786892402
"types_mixed",1000,1,0.5,"BM","clade",0.3,"bin","gnn_off_rphylopars",200,59938,0.192452490807158,0.00517895883749857
"types_mixed",100,0.3,0,"OU","clade",0.3,"bin","gnn_off_rphylopars",200,5997,0.0332820194051979,0.00824240728576366
"types_mixed",1000,0.3,0,"OU","clade",0.3,"bin","gnn_off_rphylopars",200,59938,0.0358773484163316,0.00513236270820524
"types_mixed",100,1,0,"OU","clade",0.3,"bin","gnn_off_rphylopars",200,5997,0.111960606994874,0.0128115018489114
"types_mixed",1000,1,0,"OU","clade",0.3,"bin","gnn_off_rphylopars",200,59938,0.194521271582517,0.00564500881565958
"types_mixed",100,0.3,0.5,"OU","clade",0.3,"bin","gnn_off_rphylopars",200,5997,0.0351931819620272,0.0070674028011056
"types_mixed",1000,0.3,0.5,"OU","clade",0.3,"bin","gnn_off_rphylopars",200,59938,0.0370920221001586,0.00545510383061068
"types_mixed",100,1,0.5,"OU","clade",0.3,"bin","gnn_off_rphylopars",200,5997,0.103064355840741,0.0107225521640067
"types_mixed",1000,1,0.5,"OU","clade",0.3,"bin","gnn_off_rphylopars",200,59938,0.199097683077761,0.00475203441754105
"types_mixed",100,0.3,0,"BM","mar",0.3,"bin","gnn_off_rphylopars",200,5890,0.0520573408731047,0.00873140107487437
"types_mixed",1000,0.3,0,"BM","mar",0.3,"bin","gnn_off_rphylopars",200,60586,0.0300245040264771,0.00591582672212399
"types_mixed",100,1,0,"BM","mar",0.3,"bin","gnn_off_rphylopars",200,5929,0.120897006278395,0.00818925571468675
"types_mixed",1000,1,0,"BM","mar",0.3,"bin","gnn_off_rphylopars",200,60322,0.189709114153355,0.00369030678080222
"types_mixed",100,0.3,0.5,"BM","mar",0.3,"bin","gnn_off_rphylopars",200,5872,0.052974834316132,0.00902413527752762
"types_mixed",1000,0.3,0.5,"BM","mar",0.3,"bin","gnn_off_rphylopars",200,60484,0.020106917508557,0.00552427062500015
"types_mixed",100,1,0.5,"BM","mar",0.3,"bin","gnn_off_rphylopars",200,5967,0.119560848810773,0.00794379189353001
"types_mixed",1000,1,0.5,"BM","mar",0.3,"bin","gnn_off_rphylopars",200,60214,0.187725284099064,0.00416240369934796
"types_mixed",100,0.3,0,"OU","mar",0.3,"bin","gnn_off_rphylopars",200,5897,0.0560583091343829,0.0089087977569851
"types_mixed",1000,0.3,0,"OU","mar",0.3,"bin","gnn_off_rphylopars",200,60439,0.0248338329286903,0.0049184688203893
"types_mixed",100,1,0,"OU","mar",0.3,"bin","gnn_off_rphylopars",200,5925,0.110782628327774,0.00873805264323629
"types_mixed",1000,1,0,"OU","mar",0.3,"bin","gnn_off_rphylopars",200,60332,0.19632605182069,0.0030417729406633
"types_mixed",100,0.3,0.5,"OU","mar",0.3,"bin","gnn_off_rphylopars",200,5897,0.064532274176075,0.00892336385239365
"types_mixed",1000,0.3,0.5,"OU","mar",0.3,"bin","gnn_off_rphylopars",200,60518,0.0209383589498505,0.00472430628022841
"types_mixed",100,1,0.5,"OU","mar",0.3,"bin","gnn_off_rphylopars",200,5901,0.0959192294475197,0.00811304582283066
"types_mixed",1000,1,0.5,"OU","mar",0.3,"bin","gnn_off_rphylopars",200,60290,0.199600593100353,0.00216076821344333
"types_mixed",100,0.3,0,"OU","mcar",0.3,"bin","gnn_off_rphylopars",200,6000,0.0486424963932304,0.00701534073030533
"types_mixed",1000,0.3,0,"OU","mcar",0.3,"bin","gnn_off_rphylopars",200,60000,0.022345082222915,0.00238251032792762
"types_mixed",100,1,0,"OU","mcar",0.3,"bin","gnn_off_rphylopars",200,6000,0.112560736879891,0.00633499488283494
"types_mixed",1000,1,0,"OU","mcar",0.3,"bin","gnn_off_rphylopars",200,60000,0.199747763372251,0.00205446335676979
"types_mixed",100,0.3,0.5,"OU","mcar",0.3,"bin","gnn_off_rphylopars",200,6000,0.0433345935322888,0.00630436126522971
"types_mixed",1000,0.3,0.5,"OU","mcar",0.3,"bin","gnn_off_rphylopars",200,60000,0.0177899669881115,0.00221776123538146
"types_mixed",100,1,0.5,"OU","mcar",0.3,"bin","gnn_off_rphylopars",200,6000,0.114245698440186,0.00710369875487004
"types_mixed",1000,1,0.5,"OU","mcar",0.3,"bin","gnn_off_rphylopars",200,60000,0.200231767874282,0.00193831493791468
"types_mixed",100,0.3,0,"BM","mcar",0.1,"bin","gnn_on",200,2000,0.0317411470184599,0.00847902102841295
"types_mixed",1000,0.3,0,"BM","mcar",0.1,"bin","gnn_on",200,20000,0.0239567697529957,0.00376878162906362
"types_mixed",100,1,0,"BM","mcar",0.1,"bin","gnn_on",200,2000,0.130850365814926,0.00720164233658398
"types_mixed",1000,1,0,"BM","mcar",0.1,"bin","gnn_on",200,20000,0.189984466577562,0.00381495351318369
"types_mixed",100,0.3,0.5,"BM","mcar",0.1,"bin","gnn_on",200,2000,0.0277174406868096,0.00946198862586454
"types_mixed",1000,0.3,0.5,"BM","mcar",0.1,"bin","gnn_on",200,20000,0.0271066591107675,0.00423865738758233
"types_mixed",100,1,0.5,"BM","mcar",0.1,"bin","gnn_on",200,2000,0.138357512238196,0.00839040366543832
"types_mixed",1000,1,0.5,"BM","mcar",0.1,"bin","gnn_on",200,20000,0.186870663441938,0.00422930009415208
"types_mixed",100,0.3,0,"OU","mcar",0.1,"bin","gnn_on",200,2000,0.0442970082750313,0.00931964484134773
"types_mixed",1000,0.3,0,"OU","mcar",0.1,"bin","gnn_on",200,20000,0.0498647447031632,0.00468233882815588
"types_mixed",100,1,0,"OU","mcar",0.1,"bin","gnn_on",200,2000,0.125166935512657,0.00709143552355471
"types_mixed",1000,1,0,"OU","mcar",0.1,"bin","gnn_on",200,20000,0.190709085282868,0.00187301054652031
"types_mixed",100,0.3,0.5,"OU","mcar",0.1,"bin","gnn_on",200,2000,0.0370353703857907,0.00795342982113956
"types_mixed",1000,0.3,0.5,"OU","mcar",0.1,"bin","gnn_on",200,20000,0.0460012410808969,0.00452073630482051
"types_mixed",100,1,0.5,"OU","mcar",0.1,"bin","gnn_on",200,2000,0.129800974303054,0.00627611292785645
"types_mixed",1000,1,0.5,"OU","mcar",0.1,"bin","gnn_on",200,20000,0.19537137997858,0.00234316722830054
"types_mixed",100,0.3,0,"BM","clade",0.3,"bin","gnn_on",200,5997,0.0378167275372872,0.00757144161977852
"types_mixed",1000,0.3,0,"BM","clade",0.3,"bin","gnn_on",200,59938,0.0302098753491277,0.00556418924737508
"types_mixed",100,1,0,"BM","clade",0.3,"bin","gnn_on",200,5997,0.107537969568016,0.00972804139588965
"types_mixed",1000,1,0,"BM","clade",0.3,"bin","gnn_on",200,59938,0.170746297172192,0.00483925409164734
"types_mixed",100,0.3,0.5,"BM","clade",0.3,"bin","gnn_on",200,5997,0.0428444004014942,0.00832990750706947
"types_mixed",1000,0.3,0.5,"BM","clade",0.3,"bin","gnn_on",200,59938,0.0220169631701454,0.005421739544714
"types_mixed",100,1,0.5,"BM","clade",0.3,"bin","gnn_on",200,5997,0.0954791483826303,0.00999010980846754
"types_mixed",1000,1,0.5,"BM","clade",0.3,"bin","gnn_on",200,59938,0.169198247006972,0.00474429665744593
"types_mixed",100,0.3,0,"OU","clade",0.3,"bin","gnn_on",200,5997,0.0466763140725088,0.00868790181222367
"types_mixed",1000,0.3,0,"OU","clade",0.3,"bin","gnn_on",200,59938,0.037032474529863,0.00593254734270608
"types_mixed",100,1,0,"OU","clade",0.3,"bin","gnn_on",200,5997,0.0795370343224705,0.011153564931594
"types_mixed",1000,1,0,"OU","clade",0.3,"bin","gnn_on",200,59938,0.152721324754281,0.00491930775312645
"types_mixed",100,0.3,0.5,"OU","clade",0.3,"bin","gnn_on",200,5997,0.0440420254556642,0.00791344724016548
"types_mixed",1000,0.3,0.5,"OU","clade",0.3,"bin","gnn_on",200,59938,0.0398143043476151,0.00537836034964285
"types_mixed",100,1,0.5,"OU","clade",0.3,"bin","gnn_on",200,5997,0.0868816246488631,0.0111082938779614
"types_mixed",1000,1,0.5,"OU","clade",0.3,"bin","gnn_on",200,59938,0.158475962168973,0.00500755208404762
"types_mixed",100,0.3,0,"BM","mar",0.3,"bin","gnn_on",200,5890,0.0468778197403676,0.00815491259308976
"types_mixed",1000,0.3,0,"BM","mar",0.3,"bin","gnn_on",200,60586,0.0469414577978411,0.00620406157294064
"types_mixed",100,1,0,"BM","mar",0.3,"bin","gnn_on",200,5929,0.114098871261416,0.00794180795364519
"types_mixed",1000,1,0,"BM","mar",0.3,"bin","gnn_on",200,60322,0.183594120599677,0.0034619040070202
"types_mixed",100,0.3,0.5,"BM","mar",0.3,"bin","gnn_on",200,5872,0.057079008780108,0.0100137012443194
"types_mixed",1000,0.3,0.5,"BM","mar",0.3,"bin","gnn_on",200,60484,0.0412684343922826,0.0067252643465544
"types_mixed",100,1,0.5,"BM","mar",0.3,"bin","gnn_on",200,5967,0.115131190345618,0.00791897559732131
"types_mixed",1000,1,0.5,"BM","mar",0.3,"bin","gnn_on",200,60214,0.17968432273926,0.00456701152245712
"types_mixed",100,0.3,0,"OU","mar",0.3,"bin","gnn_on",200,5897,0.0595511347652279,0.00774126701083133
"types_mixed",1000,0.3,0,"OU","mar",0.3,"bin","gnn_on",200,60439,0.0678152535978458,0.00498157570937112
"types_mixed",100,1,0,"OU","mar",0.3,"bin","gnn_on",200,5925,0.102436824173215,0.00788672509206052
"types_mixed",1000,1,0,"OU","mar",0.3,"bin","gnn_on",200,60332,0.181475876868881,0.00310118349576228
"types_mixed",100,0.3,0.5,"OU","mar",0.3,"bin","gnn_on",200,5897,0.0692836754640931,0.00982823565471105
"types_mixed",1000,0.3,0.5,"OU","mar",0.3,"bin","gnn_on",200,60518,0.0571532413111609,0.00510423672413961
"types_mixed",100,1,0.5,"OU","mar",0.3,"bin","gnn_on",200,5901,0.0953408096138534,0.00880723385500618
"types_mixed",1000,1,0.5,"OU","mar",0.3,"bin","gnn_on",200,60290,0.185720103620574,0.0021765483058303
"types_mixed",100,0.3,0,"OU","mcar",0.3,"bin","gnn_on",200,6000,0.0454526741177015,0.00675744186279654
"types_mixed",1000,0.3,0,"OU","mcar",0.3,"bin","gnn_on",200,60000,0.0451944114883945,0.00427364199925492
"types_mixed",100,1,0,"OU","mcar",0.3,"bin","gnn_on",200,6000,0.108223796260383,0.00718998395862163
"types_mixed",1000,1,0,"OU","mcar",0.3,"bin","gnn_on",200,60000,0.191370828997104,0.00294596980177868
"types_mixed",100,0.3,0.5,"OU","mcar",0.3,"bin","gnn_on",200,6000,0.0464140053566877,0.00718698885893563
"types_mixed",1000,0.3,0.5,"OU","mcar",0.3,"bin","gnn_on",200,60000,0.0400653491316983,0.0039484238345013
"types_mixed",100,1,0.5,"OU","mcar",0.3,"bin","gnn_on",200,6000,0.103897700170405,0.00697411448085502
"types_mixed",1000,1,0.5,"OU","mcar",0.3,"bin","gnn_on",200,60000,0.189152163557851,0.00188441263648266
"types_mixed",100,0.3,0,"BM","mcar",0.1,"bin","gnn_on_full",200,2000,0.0361981148521365,0.00918326484309238
"types_mixed",1000,0.3,0,"BM","mcar",0.1,"bin","gnn_on_full",200,20000,0.0235506079898459,0.00372569069827502
"types_mixed",100,1,0,"BM","mcar",0.1,"bin","gnn_on_full",185,1850,0.14724257311348,0.00754881832461572
"types_mixed",1000,1,0,"BM","mcar",0.1,"bin","gnn_on_full",191,19100,0.199900917503473,0.00226723436933095
"types_mixed",100,0.3,0.5,"BM","mcar",0.1,"bin","gnn_on_full",200,2000,0.0324306106345735,0.00959241435978888
"types_mixed",1000,0.3,0.5,"BM","mcar",0.1,"bin","gnn_on_full",200,20000,0.0283287423693745,0.0036787634100085
"types_mixed",100,1,0.5,"BM","mcar",0.1,"bin","gnn_on_full",183,1830,0.15120260436828,0.0072631912670403
"types_mixed",1000,1,0.5,"BM","mcar",0.1,"bin","gnn_on_full",193,19300,0.194363754429262,0.00352283383775351
"types_mixed",100,0.3,0,"OU","mcar",0.1,"bin","gnn_on_full",200,2000,0.0485668587732418,0.00933756175412245
"types_mixed",1000,0.3,0,"OU","mcar",0.1,"bin","gnn_on_full",200,20000,0.0501166037894053,0.00436145610942195
"types_mixed",100,1,0,"OU","mcar",0.1,"bin","gnn_on_full",200,2000,0.135705928821131,0.00722574873856924
"types_mixed",1000,1,0,"OU","mcar",0.1,"bin","gnn_on_full",199,19900,0.195873382675695,0.00190065355277629
"types_mixed",100,0.3,0.5,"OU","mcar",0.1,"bin","gnn_on_full",200,2000,0.0398969687793848,0.00870566746042882
"types_mixed",1000,0.3,0.5,"OU","mcar",0.1,"bin","gnn_on_full",200,20000,0.0445852277904224,0.00463935824395308
"types_mixed",100,1,0.5,"OU","mcar",0.1,"bin","gnn_on_full",197,1970,0.13512808997588,0.00696607547230763
"types_mixed",1000,1,0.5,"OU","mcar",0.1,"bin","gnn_on_full",200,20000,0.198563598193633,0.00213798304941375
"types_mixed",100,0.3,0,"BM","clade",0.3,"bin","gnn_on_full",200,5997,0.0430902224841035,0.00822311496266824
"types_mixed",1000,0.3,0,"BM","clade",0.3,"bin","gnn_on_full",200,59938,0.0307175105175394,0.00610312911728058
"types_mixed",100,1,0,"BM","clade",0.3,"bin","gnn_on_full",185,5561,0.10810344846399,0.00962235500866436
"types_mixed",1000,1,0,"BM","clade",0.3,"bin","gnn_on_full",191,57231,0.176164509575974,0.00521813572864064
"types_mixed",100,0.3,0.5,"BM","clade",0.3,"bin","gnn_on_full",200,5997,0.0458097711860009,0.00851043166789014
"types_mixed",1000,0.3,0.5,"BM","clade",0.3,"bin","gnn_on_full",200,59938,0.0232442775437149,0.0053559151884073
"types_mixed",100,1,0.5,"BM","clade",0.3,"bin","gnn_on_full",183,5490,0.120108420783357,0.0112623418460037
"types_mixed",1000,1,0.5,"BM","clade",0.3,"bin","gnn_on_full",193,57827,0.177575949970495,0.00505569982795539
"types_mixed",100,0.3,0,"OU","clade",0.3,"bin","gnn_on_full",200,5997,0.0434872931159964,0.00792374133365927
"types_mixed",1000,0.3,0,"OU","clade",0.3,"bin","gnn_on_full",200,59938,0.0374769656645646,0.0049058538271828
"types_mixed",100,1,0,"OU","clade",0.3,"bin","gnn_on_full",200,5997,0.0872984762761602,0.0089941769350012
"types_mixed",1000,1,0,"OU","clade",0.3,"bin","gnn_on_full",199,59639,0.159100546896734,0.004766564864703
"types_mixed",100,0.3,0.5,"OU","clade",0.3,"bin","gnn_on_full",200,5997,0.0479752399100731,0.00785741952431188
"types_mixed",1000,0.3,0.5,"OU","clade",0.3,"bin","gnn_on_full",200,59938,0.0403036950517453,0.00514530440471165
"types_mixed",100,1,0.5,"OU","clade",0.3,"bin","gnn_on_full",197,5907,0.0869470289266128,0.0100514249826606
"types_mixed",1000,1,0.5,"OU","clade",0.3,"bin","gnn_on_full",200,59938,0.16230621116618,0.00494421739920233
"types_mixed",100,0.3,0,"BM","mar",0.3,"bin","gnn_on_full",200,5890,0.0490769834791467,0.00799711085520837
"types_mixed",1000,0.3,0,"BM","mar",0.3,"bin","gnn_on_full",200,60586,0.047300586658049,0.00627668470718114
"types_mixed",100,1,0,"BM","mar",0.3,"bin","gnn_on_full",185,5477,0.12255787587259,0.00796621436408725
"types_mixed",1000,1,0,"BM","mar",0.3,"bin","gnn_on_full",191,57623,0.193650342472955,0.0031992098528241
"types_mixed",100,0.3,0.5,"BM","mar",0.3,"bin","gnn_on_full",200,5872,0.0587440578564558,0.0096255174412242
"types_mixed",1000,0.3,0.5,"BM","mar",0.3,"bin","gnn_on_full",200,60484,0.0416145345464425,0.00691328122622674
"types_mixed",100,1,0.5,"BM","mar",0.3,"bin","gnn_on_full",183,5437,0.134977247976634,0.00857612121019827
"types_mixed",1000,1,0.5,"BM","mar",0.3,"bin","gnn_on_full",193,58062,0.187736147023736,0.00398907476132712
"types_mixed",100,0.3,0,"OU","mar",0.3,"bin","gnn_on_full",200,5897,0.0610314291210244,0.00832304529529611
"types_mixed",1000,0.3,0,"OU","mar",0.3,"bin","gnn_on_full",200,60439,0.0679369537605243,0.00602748514340154
"types_mixed",100,1,0,"OU","mar",0.3,"bin","gnn_on_full",200,5925,0.106301605770845,0.00740897540335958
"types_mixed",1000,1,0,"OU","mar",0.3,"bin","gnn_on_full",199,60032,0.186046734400645,0.00284384033635662
"types_mixed",100,0.3,0.5,"OU","mar",0.3,"bin","gnn_on_full",200,5897,0.0681981405447454,0.00933889900996672
"types_mixed",1000,0.3,0.5,"OU","mar",0.3,"bin","gnn_on_full",200,60518,0.0580253440432382,0.0058059896387184
"types_mixed",100,1,0.5,"OU","mar",0.3,"bin","gnn_on_full",197,5806,0.10008365040947,0.0078499885278579
"types_mixed",1000,1,0.5,"OU","mar",0.3,"bin","gnn_on_full",200,60290,0.188871104313423,0.00211951550946372
"types_mixed",100,0.3,0,"OU","mcar",0.3,"bin","gnn_on_full",200,6000,0.0454113034130243,0.00683091432058969
"types_mixed",1000,0.3,0,"OU","mcar",0.3,"bin","gnn_on_full",200,60000,0.043809469173414,0.00370825587871532
"types_mixed",100,1,0,"OU","mcar",0.3,"bin","gnn_on_full",200,6000,0.112837494480634,0.00706062023148079
"types_mixed",1000,1,0,"OU","mcar",0.3,"bin","gnn_on_full",199,59700,0.194907528438052,0.00237759376826799
"types_mixed",100,0.3,0.5,"OU","mcar",0.3,"bin","gnn_on_full",200,6000,0.0454934249646468,0.00707403936531364
"types_mixed",1000,0.3,0.5,"OU","mcar",0.3,"bin","gnn_on_full",200,60000,0.0406273092697979,0.00393895549914563
"types_mixed",100,1,0.5,"OU","mcar",0.3,"bin","gnn_on_full",197,5910,0.111184262716978,0.00703210189765651
"types_mixed",1000,1,0.5,"OU","mcar",0.3,"bin","gnn_on_full",200,60000,0.191487268594618,0.00172055202806827
"types_mixed",100,0.3,0,"BM","mcar",0.1,"cat3","bace",100,1000,0.219049512110696,0.015642605781332
"types_mixed",1000,0.3,0,"BM","mcar",0.1,"cat3","bace",97,9700,0.0558659793814433,0.00483234045431244
"types_mixed",100,1,0,"BM","mcar",0.1,"cat3","bace",100,1000,0.0341636606599455,0.00947184597727742
"types_mixed",1000,1,0,"BM","mcar",0.1,"cat3","bace",71,7100,0.0174432254344782,0.00347070152887914
"types_mixed",100,0.3,0.5,"BM","mcar",0.1,"cat3","bace",100,1000,0.191845712225511,0.0153332079725709
"types_mixed",1000,0.3,0.5,"BM","mcar",0.1,"cat3","bace",79,7900,0.037620253164557,0.00584350616796582
"types_mixed",100,1,0.5,"BM","mcar",0.1,"cat3","bace",100,1000,0.0459259595066097,0.0119821162803431
"types_mixed",1000,1,0.5,"BM","mcar",0.1,"cat3","bace",100,10000,0.00832304678362565,0.00271900613915633
"types_mixed",100,0.3,0,"OU","mcar",0.1,"cat3","bace",100,1000,0.215502879636703,0.014894183553083
"types_mixed",1000,0.3,0,"OU","mcar",0.1,"cat3","bace",65,6500,0.0485461538461538,0.00547543730892293
"types_mixed",100,1,0,"OU","mcar",0.1,"cat3","bace",100,1000,0.0407327034119991,0.0091441625889031
"types_mixed",1000,1,0,"OU","mcar",0.1,"cat3","bace",70,7000,0.0110784716693695,0.00270207698968426
"types_mixed",100,0.3,0.5,"OU","mcar",0.1,"cat3","bace",100,1000,0.183502463089886,0.0142406851284327
"types_mixed",1000,0.3,0.5,"OU","mcar",0.1,"cat3","bace",65,6500,0.0402076923076923,0.0059067402610939
"types_mixed",100,1,0.5,"OU","mcar",0.1,"cat3","bace",100,1000,0.0376845730250142,0.00893068156346709
"types_mixed",1000,1,0.5,"OU","mcar",0.1,"cat3","bace",68,6800,0.00699172504696883,0.00253403936028933
"types_mixed",100,0.3,0,"BM","clade",0.3,"cat3","bace",100,3013,0.17907286473145,0.0110240866590753
"types_mixed",1000,0.3,0,"BM","clade",0.3,"cat3","bace",18,5389,0.119020226387085,0.00817527273237313
"types_mixed",100,1,0,"BM","clade",0.3,"cat3","bace",100,3013,0.0472242086336491,0.0137624309763673
"types_mixed",1000,1,0,"BM","clade",0.3,"cat3","bace",25,7472,0.07954286721945,0.0260323657467566
"types_mixed",100,0.3,0.5,"BM","clade",0.3,"cat3","bace",100,3013,0.146786541896355,0.0134199703915379
"types_mixed",1000,0.3,0.5,"BM","clade",0.3,"cat3","bace",3,891,0.112962962962963,0.012596665140148
"types_mixed",100,1,0.5,"BM","clade",0.3,"cat3","bace",100,3013,0.0349546799858529,0.012521068676826
"types_mixed",1000,1,0.5,"BM","clade",0.3,"cat3","bace",18,5393,0.0956003562434266,0.0250109295309776
"types_mixed",100,0.3,0,"OU","clade",0.3,"cat3","bace",100,3013,0.182165311084345,0.01019767925272
"types_mixed",1000,0.3,0,"OU","clade",0.3,"cat3","bace",30,8960,0.123197544642857,0.00671620626109254
"types_mixed",100,1,0,"OU","clade",0.3,"cat3","bace",100,3013,0.0488711755705059,0.0130441920091112
"types_mixed",1000,1,0,"OU","clade",0.3,"cat3","bace",32,9561,0.0552406614574794,0.0157076161662499
"types_mixed",100,0.3,0.5,"OU","clade",0.3,"cat3","bace",100,3013,0.16991994636053,0.0107530988019184
"types_mixed",1000,0.3,0.5,"OU","clade",0.3,"cat3","bace",30,8960,0.0886495535714286,0.00711541942000231
"types_mixed",100,1,0.5,"OU","clade",0.3,"cat3","bace",100,3013,0.062815278527592,0.0138257610178377
"types_mixed",1000,1,0.5,"OU","clade",0.3,"cat3","bace",32,9563,0.0512444807056518,0.0135818119230816
"types_mixed",100,0.3,0,"BM","mar",0.3,"cat3","bace",100,2955,0.246709097924858,0.00992305617470917
"types_mixed",1000,0.3,0,"BM","mar",0.3,"cat3","bace",83,24899,0.0794911442226596,0.00428536042949926
"types_mixed",100,1,0,"BM","mar",0.3,"cat3","bace",100,2956,0.0368379676746503,0.0114063448281495
"types_mixed",1000,1,0,"BM","mar",0.3,"cat3","bace",82,24678,0.0398002643612314,0.0127786091633752
"types_mixed",100,0.3,0.5,"BM","mar",0.3,"cat3","bace",100,2959,0.216127328357961,0.0105838526326121
"types_mixed",1000,0.3,0.5,"BM","mar",0.3,"cat3","bace",38,11539,0.066899211370136,0.00691068764142177
"types_mixed",100,1,0.5,"BM","mar",0.3,"cat3","bace",100,2992,0.0444319656965267,0.0126749248194651
"types_mixed",1000,1,0.5,"BM","mar",0.3,"cat3","bace",58,17306,0.0463153068495809,0.0164431049503963
"types_mixed",100,0.3,0,"OU","mar",0.3,"cat3","bace",100,2927,0.255561029448351,0.0107530418261764
"types_mixed",1000,0.3,0,"OU","mar",0.3,"cat3","bace",65,19562,0.0809835395153868,0.00417451591101058
"types_mixed",100,1,0,"OU","mar",0.3,"cat3","bace",100,2942,0.0536780337733896,0.0104344940730553
"types_mixed",1000,1,0,"OU","mar",0.3,"cat3","bace",73,22003,0.0161544396728392,0.0050712116293883
"types_mixed",100,0.3,0.5,"OU","mar",0.3,"cat3","bace",99,2924,0.233923061744142,0.010437480966499
"types_mixed",1000,0.3,0.5,"OU","mar",0.3,"cat3","bace",65,19584,0.05867289624183,0.00454911451733836
"types_mixed",100,1,0.5,"OU","mar",0.3,"cat3","bace",100,3005,0.0366708825186641,0.00864962394590267
"types_mixed",1000,1,0.5,"OU","mar",0.3,"cat3","bace",69,20724,0.0110549417387042,0.00527965786234114
"types_mixed",100,0.3,0,"OU","mcar",0.3,"cat3","bace",100,3000,0.230362490708466,0.00928942872910954
"types_mixed",1000,0.3,0,"OU","mcar",0.3,"cat3","bace",86,25800,0.091771317829457,0.00360436460152521
"types_mixed",100,1,0,"OU","mcar",0.3,"cat3","bace",100,3000,0.0352001429584634,0.00553425022037419
"types_mixed",1000,1,0,"OU","mcar",0.3,"cat3","bace",71,21300,0.00968670556898762,0.00186546822204382
"types_mixed",100,0.3,0.5,"OU","mcar",0.3,"cat3","bace",100,3000,0.222823750425415,0.00884185301236284
"types_mixed",1000,0.3,0.5,"OU","mcar",0.3,"cat3","bace",74,22200,0.044813063063063,0.00325267183214327
"types_mixed",100,1,0.5,"OU","mcar",0.3,"cat3","bace",100,3000,0.0422658359957895,0.00695940913179565
"types_mixed",1000,1,0.5,"OU","mcar",0.3,"cat3","bace",68,20400,0.00718863757531002,0.00134977767310448
"types_mixed",100,0.3,0,"BM","mcar",0.1,"cat3","floor",200,2000,0.0512777777777778,0.00984625197118891
"types_mixed",1000,0.3,0,"BM","mcar",0.1,"cat3","floor",200,20000,0.0125611111111111,0.00324934392331355
"types_mixed",100,1,0,"BM","mcar",0.1,"cat3","floor",200,2000,0.0295,0.00878268491492116
"types_mixed",1000,1,0,"BM","mcar",0.1,"cat3","floor",200,20000,0.00799999999999999,0.00246509084034208
"types_mixed",100,0.3,0.5,"BM","mcar",0.1,"cat3","floor",200,2000,0.0542222222222222,0.0103126291865605
"types_mixed",1000,0.3,0.5,"BM","mcar",0.1,"cat3","floor",200,20000,0.00855555555555552,0.00285573248261871
"types_mixed",100,1,0.5,"BM","mcar",0.1,"cat3","floor",200,2000,0.0378333333333333,0.00883915883304858
"types_mixed",1000,1,0.5,"BM","mcar",0.1,"cat3","floor",200,20000,0.00660555555555549,0.00240491832919744
"types_mixed",100,0.3,0,"OU","mcar",0.1,"cat3","floor",200,2000,0.0577222222222222,0.00982285457438811
"types_mixed",1000,0.3,0,"OU","mcar",0.1,"cat3","floor",200,20000,0.0127111111111111,0.00324413052323096
"types_mixed",100,1,0,"OU","mcar",0.1,"cat3","floor",200,2000,0.0330555555555556,0.00917090901865382
"types_mixed",1000,1,0,"OU","mcar",0.1,"cat3","floor",200,20000,0.00983333333333338,0.00281996441778536
"types_mixed",100,0.3,0.5,"OU","mcar",0.1,"cat3","floor",200,2000,0.0586111111111111,0.0100659262900357
"types_mixed",1000,0.3,0.5,"OU","mcar",0.1,"cat3","floor",200,20000,0.0092833333333333,0.00278721427630682
"types_mixed",100,1,0.5,"OU","mcar",0.1,"cat3","floor",200,2000,0.0309444444444444,0.00855820174421782
"types_mixed",1000,1,0.5,"OU","mcar",0.1,"cat3","floor",200,20000,0.00650555555555546,0.00285694587118835
"types_mixed",100,0.3,0,"BM","clade",0.3,"cat3","floor",200,6015,0.046242936686822,0.00764222841373329
"types_mixed",1000,0.3,0,"BM","clade",0.3,"cat3","floor",200,60001,0.0235324198402173,0.00596555416358822
"types_mixed",100,1,0,"BM","clade",0.3,"cat3","floor",200,6015,0.0543536736460889,0.0139532608054845
"types_mixed",1000,1,0,"BM","clade",0.3,"cat3","floor",200,60001,0.0937252086616314,0.0146501442381412
"types_mixed",100,0.3,0.5,"BM","clade",0.3,"cat3","floor",200,6015,0.0381369610477258,0.00698451515872575
"types_mixed",1000,0.3,0.5,"BM","clade",0.3,"cat3","floor",200,60001,0.0228397957959333,0.00490781511634773
"types_mixed",100,1,0.5,"BM","clade",0.3,"cat3","floor",200,6015,0.0540958634960816,0.0123415895660741
"types_mixed",1000,1,0.5,"BM","clade",0.3,"cat3","floor",200,60001,0.0904219958264122,0.0137423069761011
"types_mixed",100,0.3,0,"OU","clade",0.3,"cat3","floor",200,6015,0.0526203541299765,0.00810824835367978
"types_mixed",1000,0.3,0,"OU","clade",0.3,"cat3","floor",200,60001,0.0262759798971346,0.00501798858809154
"types_mixed",100,1,0,"OU","clade",0.3,"cat3","floor",200,6015,0.0754638980038187,0.0130287942081575
"types_mixed",1000,1,0,"OU","clade",0.3,"cat3","floor",200,60001,0.0840408432201294,0.0138438729435788
"types_mixed",100,0.3,0.5,"OU","clade",0.3,"cat3","floor",200,6015,0.044035942927001,0.0076611170450734
"types_mixed",1000,0.3,0.5,"OU","clade",0.3,"cat3","floor",200,60001,0.0314685502746893,0.00632440780572223
"types_mixed",100,1,0.5,"OU","clade",0.3,"cat3","floor",200,6015,0.0516069722363307,0.0130164176905974
"types_mixed",1000,1,0.5,"OU","clade",0.3,"cat3","floor",200,60001,0.0815479324254482,0.0107662729798628
"types_mixed",100,0.3,0,"BM","mar",0.3,"cat3","floor",200,5960,0.0550000229209252,0.0085451405599781
"types_mixed",1000,0.3,0,"BM","mar",0.3,"cat3","floor",200,60136,0.0261883767918064,0.00596371413746931
"types_mixed",100,1,0,"BM","mar",0.3,"cat3","floor",200,5959,0.0734726368828047,0.0137376923806377
"types_mixed",1000,1,0,"BM","mar",0.3,"cat3","floor",200,60140,0.057775272234599,0.0105644299526006
"types_mixed",100,0.3,0.5,"BM","mar",0.3,"cat3","floor",200,5974,0.0531778039063244,0.00856302340780581
"types_mixed",1000,0.3,0.5,"BM","mar",0.3,"cat3","floor",200,60113,0.0278973580908219,0.00610251541825309
"types_mixed",100,1,0.5,"BM","mar",0.3,"cat3","floor",200,5980,0.0610930706378832,0.011478173348466
"types_mixed",1000,1,0.5,"BM","mar",0.3,"cat3","floor",200,60055,0.0671158166576918,0.0113645401741345
"types_mixed",100,0.3,0,"OU","mar",0.3,"cat3","floor",200,5933,0.0584748955414626,0.00899422420111118
"types_mixed",1000,0.3,0,"OU","mar",0.3,"cat3","floor",200,60133,0.0335172984549335,0.00622767799807408
"types_mixed",100,1,0,"OU","mar",0.3,"cat3","floor",200,5940,0.0587886555471395,0.0107160887767469
"types_mixed",1000,1,0,"OU","mar",0.3,"cat3","floor",200,60171,0.0410122438704532,0.00930741384970123
"types_mixed",100,0.3,0.5,"OU","mar",0.3,"cat3","floor",200,5994,0.0659956544478678,0.00927966687746948
"types_mixed",1000,0.3,0.5,"OU","mar",0.3,"cat3","floor",200,59999,0.0361529252079557,0.00733884466425382
"types_mixed",100,1,0.5,"OU","mar",0.3,"cat3","floor",200,6014,0.05162459852064,0.0115792878637768
"types_mixed",1000,1,0.5,"OU","mar",0.3,"cat3","floor",200,59991,0.0504945402819924,0.00930568305082432
"types_mixed",100,0.3,0,"OU","mcar",0.3,"cat3","floor",200,6000,0.0370238095238095,0.00522074275463154
"types_mixed",1000,0.3,0,"OU","mcar",0.3,"cat3","floor",200,60000,0.0075523809523811,0.0017766297286735
"types_mixed",100,1,0,"OU","mcar",0.3,"cat3","floor",200,6000,0.024,0.00543413206533077
"types_mixed",1000,1,0,"OU","mcar",0.3,"cat3","floor",200,60000,0.00821666666666652,0.00187262903003424
"types_mixed",100,0.3,0.5,"OU","mcar",0.3,"cat3","floor",200,6000,0.0294523809523809,0.00576874570907008
"types_mixed",1000,0.3,0.5,"OU","mcar",0.3,"cat3","floor",200,60000,0.00758095238095239,0.00186579651706164
"types_mixed",100,1,0.5,"OU","mcar",0.3,"cat3","floor",200,6000,0.0239761904761904,0.0059171952441913
"types_mixed",1000,1,0.5,"OU","mcar",0.3,"cat3","floor",200,60000,0.00702857142857167,0.0016757853321756
"types_mixed",100,0.3,0,"BM","mcar",0.1,"cat3","freq",200,2000,0.0584836559589724,0.00949031220824445
"types_mixed",1000,0.3,0,"BM","mcar",0.1,"cat3","freq",200,20000,0.0141141775331188,0.00471552055033176
"types_mixed",100,1,0,"BM","mcar",0.1,"cat3","freq",200,2000,0.0210437766170355,0.00535902099310284
"types_mixed",1000,1,0,"BM","mcar",0.1,"cat3","freq",200,20000,0.00915792371365324,0.00110980994142168
"types_mixed",100,0.3,0.5,"BM","mcar",0.1,"cat3","freq",200,2000,0.0651257002787827,0.00876952420484481
"types_mixed",1000,0.3,0.5,"BM","mcar",0.1,"cat3","freq",200,20000,0.0138317278108766,0.00411388267986842
"types_mixed",100,1,0.5,"BM","mcar",0.1,"cat3","freq",200,2000,0.0343076239171762,0.00595883392790865
"types_mixed",1000,1,0.5,"BM","mcar",0.1,"cat3","freq",200,20000,0.0102491377838172,0.00123635591475579
"types_mixed",100,0.3,0,"OU","mcar",0.1,"cat3","freq",200,2000,0.0555341849087621,0.00825286288733432
"types_mixed",1000,0.3,0,"OU","mcar",0.1,"cat3","freq",200,20000,0.0150971646799665,0.00324653895573928
"types_mixed",100,1,0,"OU","mcar",0.1,"cat3","freq",200,2000,0.0321137222003015,0.00634212526247553
"types_mixed",1000,1,0,"OU","mcar",0.1,"cat3","freq",200,20000,0.0170899058282932,0.00153181196807566
"types_mixed",100,0.3,0.5,"OU","mcar",0.1,"cat3","freq",200,2000,0.0517114227304228,0.00898471470855662
"types_mixed",1000,0.3,0.5,"OU","mcar",0.1,"cat3","freq",200,20000,0.0184745305695112,0.00349922703200041
"types_mixed",100,1,0.5,"OU","mcar",0.1,"cat3","freq",200,2000,0.0393501287248456,0.0069801597551515
"types_mixed",1000,1,0.5,"OU","mcar",0.1,"cat3","freq",200,20000,0.017314711398101,0.00126720982255073
"types_mixed",100,0.3,0,"BM","clade",0.3,"cat3","freq",200,6015,0.0442237197446453,0.00724148155054546
"types_mixed",1000,0.3,0,"BM","clade",0.3,"cat3","freq",200,60001,0.0202098507922417,0.00443729203987165
"types_mixed",100,1,0,"BM","clade",0.3,"cat3","freq",200,6015,0.0568033913770882,0.00909184669707966
"types_mixed",1000,1,0,"BM","clade",0.3,"cat3","freq",200,60001,0.024819295226593,0.005919807405087
"types_mixed",100,0.3,0.5,"BM","clade",0.3,"cat3","freq",200,6015,0.0324707411627505,0.00592628924653871
"types_mixed",1000,0.3,0.5,"BM","clade",0.3,"cat3","freq",200,60001,0.0223069285868701,0.00462154163914237
"types_mixed",100,1,0.5,"BM","clade",0.3,"cat3","freq",200,6015,0.0483814431111811,0.00941699025447244
"types_mixed",1000,1,0.5,"BM","clade",0.3,"cat3","freq",200,60001,0.023911857302672,0.00497036655437295
"types_mixed",100,0.3,0,"OU","clade",0.3,"cat3","freq",200,6015,0.0296884725672769,0.00558361070233018
"types_mixed",1000,0.3,0,"OU","clade",0.3,"cat3","freq",200,60001,0.0147555181082613,0.0035764663673836
"types_mixed",100,1,0,"OU","clade",0.3,"cat3","freq",200,6015,0.0610457011589074,0.0103620702838364
"types_mixed",1000,1,0,"OU","clade",0.3,"cat3","freq",200,60001,0.0497907988113926,0.00564863741618101
"types_mixed",100,0.3,0.5,"OU","clade",0.3,"cat3","freq",200,6015,0.0311706873678323,0.00646166285955603
"types_mixed",1000,0.3,0.5,"OU","clade",0.3,"cat3","freq",200,60001,0.014716206118288,0.00325881888271098
"types_mixed",100,1,0.5,"OU","clade",0.3,"cat3","freq",200,6015,0.0583547731585287,0.0111624875273775
"types_mixed",1000,1,0.5,"OU","clade",0.3,"cat3","freq",200,60001,0.044093040885037,0.00591708386984471
"types_mixed",100,0.3,0,"BM","mar",0.3,"cat3","freq",200,5960,0.0921903532476366,0.00774149520771619
"types_mixed",1000,0.3,0,"BM","mar",0.3,"cat3","freq",200,60136,0.0489317391857661,0.00475558858553252
"types_mixed",100,1,0,"BM","mar",0.3,"cat3","freq",200,5959,0.0309862324495186,0.00632566921365621
"types_mixed",1000,1,0,"BM","mar",0.3,"cat3","freq",200,60140,0.0140520628431823,0.00313203003643491
"types_mixed",100,0.3,0.5,"BM","mar",0.3,"cat3","freq",200,5974,0.0643612379224702,0.00704559090837353
"types_mixed",1000,0.3,0.5,"BM","mar",0.3,"cat3","freq",200,60113,0.0498401663420477,0.004691067031952
"types_mixed",100,1,0.5,"BM","mar",0.3,"cat3","freq",200,5980,0.0314322254063953,0.00584639861124608
"types_mixed",1000,1,0.5,"BM","mar",0.3,"cat3","freq",200,60055,0.0105730625102636,0.00193655843471482
"types_mixed",100,0.3,0,"OU","mar",0.3,"cat3","freq",200,5933,0.0724203541212828,0.00716729093354235
"types_mixed",1000,0.3,0,"OU","mar",0.3,"cat3","freq",200,60133,0.0528219520193779,0.00376608550726782
"types_mixed",100,1,0,"OU","mar",0.3,"cat3","freq",200,5940,0.0561085716337977,0.00553707743770823
"types_mixed",1000,1,0,"OU","mar",0.3,"cat3","freq",200,60171,0.0166037628012284,0.00154749433810237
"types_mixed",100,0.3,0.5,"OU","mar",0.3,"cat3","freq",200,5994,0.065707942712477,0.0065305934203295
"types_mixed",1000,0.3,0.5,"OU","mar",0.3,"cat3","freq",200,59999,0.0490364137362553,0.00460110988937529
"types_mixed",100,1,0.5,"OU","mar",0.3,"cat3","freq",200,6014,0.0482058216198597,0.00603763113435694
"types_mixed",1000,1,0.5,"OU","mar",0.3,"cat3","freq",200,59991,0.0170394377975428,0.00156916888400904
"types_mixed",100,0.3,0,"OU","mcar",0.3,"cat3","freq",200,6000,0.0426958547560374,0.0063451670437716
"types_mixed",1000,0.3,0,"OU","mcar",0.3,"cat3","freq",200,60000,0.0165323973602407,0.00325882399880121
"types_mixed",100,1,0,"OU","mcar",0.3,"cat3","freq",200,6000,0.0392569809182179,0.0044684166930635
"types_mixed",1000,1,0,"OU","mcar",0.3,"cat3","freq",200,60000,0.0198451998088523,0.00100817542155534
"types_mixed",100,0.3,0.5,"OU","mcar",0.3,"cat3","freq",200,6000,0.061772325466312,0.00598359851318452
"types_mixed",1000,0.3,0.5,"OU","mcar",0.3,"cat3","freq",200,60000,0.0211521747367975,0.00341751977136943
"types_mixed",100,1,0.5,"OU","mcar",0.3,"cat3","freq",200,6000,0.0416990546382844,0.00509771060955915
"types_mixed",1000,1,0.5,"OU","mcar",0.3,"cat3","freq",200,60000,0.0199116053131067,0.00106010237771126
"types_mixed",100,0.3,0,"BM","mcar",0.1,"cat3","freq_lambda",200,2000,0.0584836559589724,0.00868918247452253
"types_mixed",1000,0.3,0,"BM","mcar",0.1,"cat3","freq_lambda",200,20000,0.0141141775331188,0.00458719500633151
"types_mixed",100,1,0,"BM","mcar",0.1,"cat3","freq_lambda",200,2000,0.0210437766170355,0.00542116960764725
"types_mixed",1000,1,0,"BM","mcar",0.1,"cat3","freq_lambda",200,20000,0.00951400316482983,0.00140342444160283
"types_mixed",100,0.3,0.5,"BM","mcar",0.1,"cat3","freq_lambda",200,2000,0.0651257002787827,0.00942774415095986
"types_mixed",1000,0.3,0.5,"BM","mcar",0.1,"cat3","freq_lambda",200,20000,0.0138317278108766,0.00433935669375585
"types_mixed",100,1,0.5,"BM","mcar",0.1,"cat3","freq_lambda",200,2000,0.0343076239171762,0.00583104678995149
"types_mixed",1000,1,0.5,"BM","mcar",0.1,"cat3","freq_lambda",200,20000,0.00946611853491148,0.00111627996316058
"types_mixed",100,0.3,0,"OU","mcar",0.1,"cat3","freq_lambda",200,2000,0.0555341849087621,0.00892996259952717
"types_mixed",1000,0.3,0,"OU","mcar",0.1,"cat3","freq_lambda",200,20000,0.0150971646799665,0.00340039578146815
"types_mixed",100,1,0,"OU","mcar",0.1,"cat3","freq_lambda",200,2000,0.0321137222003015,0.00664006916246051
"types_mixed",1000,1,0,"OU","mcar",0.1,"cat3","freq_lambda",200,20000,0.0165098878022199,0.00164685905052439
"types_mixed",100,0.3,0.5,"OU","mcar",0.1,"cat3","freq_lambda",200,2000,0.0517114227304228,0.00870576701938547
"types_mixed",1000,0.3,0.5,"OU","mcar",0.1,"cat3","freq_lambda",200,20000,0.0184745305695112,0.00369429499893211
"types_mixed",100,1,0.5,"OU","mcar",0.1,"cat3","freq_lambda",200,2000,0.0393501287248456,0.0071063301326701
"types_mixed",1000,1,0.5,"OU","mcar",0.1,"cat3","freq_lambda",200,20000,0.0166350309437732,0.00127628070143602
"types_mixed",100,0.3,0,"BM","clade",0.3,"cat3","freq_lambda",200,6015,0.0442237197446453,0.00727852936051158
"types_mixed",1000,0.3,0,"BM","clade",0.3,"cat3","freq_lambda",200,60001,0.0202098507922417,0.00443441180191334
"types_mixed",100,1,0,"BM","clade",0.3,"cat3","freq_lambda",200,6015,0.0568033913770882,0.00994555399189269
"types_mixed",1000,1,0,"BM","clade",0.3,"cat3","freq_lambda",200,60001,0.024819295226593,0.00614127752769886
"types_mixed",100,0.3,0.5,"BM","clade",0.3,"cat3","freq_lambda",200,6015,0.0324707411627505,0.00621010997884949
"types_mixed",1000,0.3,0.5,"BM","clade",0.3,"cat3","freq_lambda",200,60001,0.0223069285868701,0.00407576308497499
"types_mixed",100,1,0.5,"BM","clade",0.3,"cat3","freq_lambda",200,6015,0.0483814431111811,0.00969134163929725
"types_mixed",1000,1,0.5,"BM","clade",0.3,"cat3","freq_lambda",200,60001,0.023911857302672,0.00486479702680214
"types_mixed",100,0.3,0,"OU","clade",0.3,"cat3","freq_lambda",200,6015,0.0296884725672769,0.00598386811411776
"types_mixed",1000,0.3,0,"OU","clade",0.3,"cat3","freq_lambda",200,60001,0.0147555181082613,0.00371756435842328
"types_mixed",100,1,0,"OU","clade",0.3,"cat3","freq_lambda",200,6015,0.0610457011589074,0.0106983107231668
"types_mixed",1000,1,0,"OU","clade",0.3,"cat3","freq_lambda",200,60001,0.0497907988113926,0.00582431861416307
"types_mixed",100,0.3,0.5,"OU","clade",0.3,"cat3","freq_lambda",200,6015,0.0311706873678323,0.00602330771171965
"types_mixed",1000,0.3,0.5,"OU","clade",0.3,"cat3","freq_lambda",200,60001,0.014716206118288,0.00365130026245425
"types_mixed",100,1,0.5,"OU","clade",0.3,"cat3","freq_lambda",200,6015,0.0583547731585287,0.0110775269959802
"types_mixed",1000,1,0.5,"OU","clade",0.3,"cat3","freq_lambda",200,60001,0.044093040885037,0.00594745106602845
"types_mixed",100,0.3,0,"BM","mar",0.3,"cat3","freq_lambda",200,5960,0.0921903532476366,0.00737994924473737
"types_mixed",1000,0.3,0,"BM","mar",0.3,"cat3","freq_lambda",200,60136,0.0489317391857661,0.00504075458194271
"types_mixed",100,1,0,"BM","mar",0.3,"cat3","freq_lambda",200,5959,0.0309862324495186,0.00624030365934989
"types_mixed",1000,1,0,"BM","mar",0.3,"cat3","freq_lambda",200,60140,0.0140520628431823,0.00320092747623441
"types_mixed",100,0.3,0.5,"BM","mar",0.3,"cat3","freq_lambda",200,5974,0.0643612379224702,0.00710453768165957
"types_mixed",1000,0.3,0.5,"BM","mar",0.3,"cat3","freq_lambda",200,60113,0.0498401663420477,0.00490109757734625
"types_mixed",100,1,0.5,"BM","mar",0.3,"cat3","freq_lambda",200,5980,0.0314322254063953,0.00590592067495563
"types_mixed",1000,1,0.5,"BM","mar",0.3,"cat3","freq_lambda",200,60055,0.0105730625102636,0.00201337088294029
"types_mixed",100,0.3,0,"OU","mar",0.3,"cat3","freq_lambda",200,5933,0.0724203541212828,0.00762946455061641
"types_mixed",1000,0.3,0,"OU","mar",0.3,"cat3","freq_lambda",200,60133,0.0528219520193779,0.00353817244414276
"types_mixed",100,1,0,"OU","mar",0.3,"cat3","freq_lambda",200,5940,0.0561085716337977,0.00604009370541777
"types_mixed",1000,1,0,"OU","mar",0.3,"cat3","freq_lambda",200,60171,0.0166037628012284,0.00157901491587045
"types_mixed",100,0.3,0.5,"OU","mar",0.3,"cat3","freq_lambda",200,5994,0.065707942712477,0.00658467779679922
"types_mixed",1000,0.3,0.5,"OU","mar",0.3,"cat3","freq_lambda",200,59999,0.0490364137362553,0.00433676933396211
"types_mixed",100,1,0.5,"OU","mar",0.3,"cat3","freq_lambda",200,6014,0.0482058216198597,0.00625669358535888
"types_mixed",1000,1,0.5,"OU","mar",0.3,"cat3","freq_lambda",200,59991,0.0170394377975428,0.00170630866310164
"types_mixed",100,0.3,0,"OU","mcar",0.3,"cat3","freq_lambda",200,6000,0.0426958547560374,0.00573466901712677
"types_mixed",1000,0.3,0,"OU","mcar",0.3,"cat3","freq_lambda",200,60000,0.0165323973602407,0.00353242705570177
"types_mixed",100,1,0,"OU","mcar",0.3,"cat3","freq_lambda",200,6000,0.0392569809182179,0.00479778295188798
"types_mixed",1000,1,0,"OU","mcar",0.3,"cat3","freq_lambda",200,60000,0.0198451998088523,0.00101339733281355
"types_mixed",100,0.3,0.5,"OU","mcar",0.3,"cat3","freq_lambda",200,6000,0.061772325466312,0.00669411612900028
"types_mixed",1000,0.3,0.5,"OU","mcar",0.3,"cat3","freq_lambda",200,60000,0.0211521747367975,0.00336634668725009
"types_mixed",100,1,0.5,"OU","mcar",0.3,"cat3","freq_lambda",200,6000,0.0416990546382844,0.00425219683305734
"types_mixed",1000,1,0.5,"OU","mcar",0.3,"cat3","freq_lambda",200,60000,0.0199116053131067,0.00100166644171438
"types_mixed",100,0.3,0,"BM","mcar",0.1,"cat3","gnn_off",200,2000,0.100335357768414,0.0113460768702813
"types_mixed",1000,0.3,0,"BM","mcar",0.1,"cat3","gnn_off",200,20000,0.0669162269959268,0.00595598987412412
"types_mixed",100,1,0,"BM","mcar",0.1,"cat3","gnn_off",200,2000,0.268691482870513,0.0119594723330005
"types_mixed",1000,1,0,"BM","mcar",0.1,"cat3","gnn_off",200,20000,0.324923208042348,0.00396137151672229
"types_mixed",100,0.3,0.5,"BM","mcar",0.1,"cat3","gnn_off",200,2000,0.12782255858206,0.0119660094835902
"types_mixed",1000,0.3,0.5,"BM","mcar",0.1,"cat3","gnn_off",200,20000,0.0755898469677527,0.00462300439777194
"types_mixed",100,1,0.5,"BM","mcar",0.1,"cat3","gnn_off",200,2000,0.249741968416557,0.00965298896972009
"types_mixed",1000,1,0.5,"BM","mcar",0.1,"cat3","gnn_off",200,20000,0.325456954121211,0.00358868515138233
"types_mixed",100,0.3,0,"OU","mcar",0.1,"cat3","gnn_off",200,2000,0.113010825347119,0.0108339380576201
"types_mixed",1000,0.3,0,"OU","mcar",0.1,"cat3","gnn_off",200,20000,0.0843241857922544,0.00572278502000574
"types_mixed",100,1,0,"OU","mcar",0.1,"cat3","gnn_off",200,2000,0.207850433877856,0.0102801161262942
"types_mixed",1000,1,0,"OU","mcar",0.1,"cat3","gnn_off",200,20000,0.313931280924557,0.00347271244558123
"types_mixed",100,0.3,0.5,"OU","mcar",0.1,"cat3","gnn_off",200,2000,0.119720757205997,0.0115386333590123
"types_mixed",1000,0.3,0.5,"OU","mcar",0.1,"cat3","gnn_off",200,20000,0.0838033341740578,0.0047361106542121
"types_mixed",100,1,0.5,"OU","mcar",0.1,"cat3","gnn_off",200,2000,0.222853458268403,0.00984552642150687
"types_mixed",1000,1,0.5,"OU","mcar",0.1,"cat3","gnn_off",200,20000,0.319110474564711,0.00191070342982234
"types_mixed",100,0.3,0,"BM","clade",0.3,"cat3","gnn_off",200,6015,0.10383690732195,0.0103515779516767
"types_mixed",1000,0.3,0,"BM","clade",0.3,"cat3","gnn_off",200,60001,0.0795961201966214,0.00733560696078505
"types_mixed",100,1,0,"BM","clade",0.3,"cat3","gnn_off",200,6015,0.222304165613701,0.0146573834358361
"types_mixed",1000,1,0,"BM","clade",0.3,"cat3","gnn_off",200,60001,0.2859813941362,0.00655077897318373
"types_mixed",100,0.3,0.5,"BM","clade",0.3,"cat3","gnn_off",200,6015,0.11559008122343,0.0103081450766215
"types_mixed",1000,0.3,0.5,"BM","clade",0.3,"cat3","gnn_off",200,60001,0.0817347284334581,0.00644303430801881
"types_mixed",100,1,0.5,"BM","clade",0.3,"cat3","gnn_off",200,6015,0.179171276894696,0.0140511778068329
"types_mixed",1000,1,0.5,"BM","clade",0.3,"cat3","gnn_off",200,60001,0.283988686462073,0.00820590138670204
"types_mixed",100,0.3,0,"OU","clade",0.3,"cat3","gnn_off",200,6015,0.115088976549514,0.0101611005975167
"types_mixed",1000,0.3,0,"OU","clade",0.3,"cat3","gnn_off",200,60001,0.0866404242270907,0.00646659261023988
"types_mixed",100,1,0,"OU","clade",0.3,"cat3","gnn_off",200,6015,0.129200504756933,0.0156138918793571
"types_mixed",1000,1,0,"OU","clade",0.3,"cat3","gnn_off",200,60001,0.250535592540857,0.00615532170959663
"types_mixed",100,0.3,0.5,"OU","clade",0.3,"cat3","gnn_off",200,6015,0.11051258740447,0.0100519247298791
"types_mixed",1000,0.3,0.5,"OU","clade",0.3,"cat3","gnn_off",200,60001,0.0874719083376117,0.00671570893986004
"types_mixed",100,1,0.5,"OU","clade",0.3,"cat3","gnn_off",200,6015,0.159199790070268,0.0151731478997612
"types_mixed",1000,1,0.5,"OU","clade",0.3,"cat3","gnn_off",200,60001,0.248603855104839,0.00627357293081843
"types_mixed",100,0.3,0,"BM","mar",0.3,"cat3","gnn_off",200,5960,0.11899647149799,0.0111885837609244
"types_mixed",1000,0.3,0,"BM","mar",0.3,"cat3","gnn_off",200,60136,0.0896913594424389,0.00801342146538715
"types_mixed",100,1,0,"BM","mar",0.3,"cat3","gnn_off",200,5959,0.252535526777861,0.00971319461937149
"types_mixed",1000,1,0,"BM","mar",0.3,"cat3","gnn_off",200,60140,0.31679448698032,0.00529503816969334
"types_mixed",100,0.3,0.5,"BM","mar",0.3,"cat3","gnn_off",200,5974,0.122478368871043,0.010656924756203
"types_mixed",1000,0.3,0.5,"BM","mar",0.3,"cat3","gnn_off",200,60113,0.0872505726036041,0.00838669028548171
"types_mixed",100,1,0.5,"BM","mar",0.3,"cat3","gnn_off",200,5980,0.233701766482689,0.0101296824972975
"types_mixed",1000,1,0.5,"BM","mar",0.3,"cat3","gnn_off",200,60055,0.318323217297291,0.00407219892140839
"types_mixed",100,0.3,0,"OU","mar",0.3,"cat3","gnn_off",200,5933,0.110919124111156,0.0111823042495351
"types_mixed",1000,0.3,0,"OU","mar",0.3,"cat3","gnn_off",200,60133,0.0971825430129287,0.00714906033246252
"types_mixed",100,1,0,"OU","mar",0.3,"cat3","gnn_off",200,5940,0.204260746298674,0.0112549225301265
"types_mixed",1000,1,0,"OU","mar",0.3,"cat3","gnn_off",200,60171,0.302413246337122,0.0039870756940137
"types_mixed",100,0.3,0.5,"OU","mar",0.3,"cat3","gnn_off",200,5994,0.139030682162333,0.00925085167806531
"types_mixed",1000,0.3,0.5,"OU","mar",0.3,"cat3","gnn_off",200,59999,0.100461419876316,0.00678889861368594
"types_mixed",100,1,0.5,"OU","mar",0.3,"cat3","gnn_off",200,6014,0.187552972323208,0.0115756823284471
"types_mixed",1000,1,0.5,"OU","mar",0.3,"cat3","gnn_off",200,59991,0.305989721320484,0.00206151091060579
"types_mixed",100,0.3,0,"OU","mcar",0.3,"cat3","gnn_off",200,6000,0.0959405676377779,0.00756855856990217
"types_mixed",1000,0.3,0,"OU","mcar",0.3,"cat3","gnn_off",200,60000,0.0852954216712709,0.00424385380040013
"types_mixed",100,1,0,"OU","mcar",0.3,"cat3","gnn_off",200,6000,0.207218727346251,0.0100829593114169
"types_mixed",1000,1,0,"OU","mcar",0.3,"cat3","gnn_off",200,60000,0.309274561078503,0.00302985893603215
"types_mixed",100,0.3,0.5,"OU","mcar",0.3,"cat3","gnn_off",200,6000,0.101350881087086,0.00829292779908992
"types_mixed",1000,0.3,0.5,"OU","mcar",0.3,"cat3","gnn_off",200,60000,0.0848504589184641,0.0042075830462054
"types_mixed",100,1,0.5,"OU","mcar",0.3,"cat3","gnn_off",200,6000,0.196812201252781,0.0100047334121496
"types_mixed",1000,1,0.5,"OU","mcar",0.3,"cat3","gnn_off",200,60000,0.312048213163872,0.00223747495147479
"types_mixed",100,0.3,0,"BM","mcar",0.1,"cat3","gnn_off_rphylopars",200,2000,0.101995458729594,0.0111759194037533
"types_mixed",1000,0.3,0,"BM","mcar",0.1,"cat3","gnn_off_rphylopars",200,20000,0.0515704665758348,0.00561512799189738
"types_mixed",100,1,0,"BM","mcar",0.1,"cat3","gnn_off_rphylopars",200,2000,0.271259998316775,0.0111048801956417
"types_mixed",1000,1,0,"BM","mcar",0.1,"cat3","gnn_off_rphylopars",200,20000,0.33181627683495,0.00393957870987844
"types_mixed",100,0.3,0.5,"BM","mcar",0.1,"cat3","gnn_off_rphylopars",200,2000,0.121184396139986,0.0127968436467757
"types_mixed",1000,0.3,0.5,"BM","mcar",0.1,"cat3","gnn_off_rphylopars",200,20000,0.0533553685122672,0.00521944969648929
"types_mixed",100,1,0.5,"BM","mcar",0.1,"cat3","gnn_off_rphylopars",200,2000,0.248898379695428,0.0107808880898603
"types_mixed",1000,1,0.5,"BM","mcar",0.1,"cat3","gnn_off_rphylopars",200,20000,0.332408856826315,0.00358299327487014
"types_mixed",100,0.3,0,"OU","mcar",0.1,"cat3","gnn_off_rphylopars",200,2000,0.111744744219289,0.0121656317827962
"types_mixed",1000,0.3,0,"OU","mcar",0.1,"cat3","gnn_off_rphylopars",200,20000,0.0441674348056962,0.00448355126054051
"types_mixed",100,1,0,"OU","mcar",0.1,"cat3","gnn_off_rphylopars",200,2000,0.224779911309628,0.0106418823193615
"types_mixed",1000,1,0,"OU","mcar",0.1,"cat3","gnn_off_rphylopars",200,20000,0.32544024975864,0.00332464749244783
"types_mixed",100,0.3,0.5,"OU","mcar",0.1,"cat3","gnn_off_rphylopars",200,2000,0.105965979346745,0.0119030530086783
"types_mixed",1000,0.3,0.5,"OU","mcar",0.1,"cat3","gnn_off_rphylopars",200,20000,0.0353673726739208,0.00397230982485148
"types_mixed",100,1,0.5,"OU","mcar",0.1,"cat3","gnn_off_rphylopars",200,2000,0.230831526800174,0.0102088318917387
"types_mixed",1000,1,0.5,"OU","mcar",0.1,"cat3","gnn_off_rphylopars",200,20000,0.331138090573047,0.00178427403685289
"types_mixed",100,0.3,0,"BM","clade",0.3,"cat3","gnn_off_rphylopars",200,6015,0.101675729248076,0.00843613227477804
"types_mixed",1000,0.3,0,"BM","clade",0.3,"cat3","gnn_off_rphylopars",200,60001,0.0590200563060717,0.00656187513217361
"types_mixed",100,1,0,"BM","clade",0.3,"cat3","gnn_off_rphylopars",200,6015,0.232994404598806,0.0143528768913383
"types_mixed",1000,1,0,"BM","clade",0.3,"cat3","gnn_off_rphylopars",200,60001,0.317717795694839,0.00647370024506684
"types_mixed",100,0.3,0.5,"BM","clade",0.3,"cat3","gnn_off_rphylopars",200,6015,0.0998161772949372,0.0111364822116885
"types_mixed",1000,0.3,0.5,"BM","clade",0.3,"cat3","gnn_off_rphylopars",200,60001,0.0647739718251501,0.00633145077004864
"types_mixed",100,1,0.5,"BM","clade",0.3,"cat3","gnn_off_rphylopars",200,6015,0.201816496972321,0.0136129186511989
"types_mixed",1000,1,0.5,"BM","clade",0.3,"cat3","gnn_off_rphylopars",200,60001,0.313729181742386,0.00762284370531691
"types_mixed",100,0.3,0,"OU","clade",0.3,"cat3","gnn_off_rphylopars",200,6015,0.104802131962995,0.00969920731077155
"types_mixed",1000,0.3,0,"OU","clade",0.3,"cat3","gnn_off_rphylopars",200,60001,0.0553937217281119,0.00607096480109293
"types_mixed",100,1,0,"OU","clade",0.3,"cat3","gnn_off_rphylopars",200,6015,0.175935714045854,0.013996824380003
"types_mixed",1000,1,0,"OU","clade",0.3,"cat3","gnn_off_rphylopars",200,60001,0.296391850086776,0.00585365690766451
"types_mixed",100,0.3,0.5,"OU","clade",0.3,"cat3","gnn_off_rphylopars",200,6015,0.101069693118102,0.0107936642007206
"types_mixed",1000,0.3,0.5,"OU","clade",0.3,"cat3","gnn_off_rphylopars",200,60001,0.0486717371838893,0.00550408896554676
"types_mixed",100,1,0.5,"OU","clade",0.3,"cat3","gnn_off_rphylopars",200,6015,0.191589161293326,0.0132693035370933
"types_mixed",1000,1,0.5,"OU","clade",0.3,"cat3","gnn_off_rphylopars",200,60001,0.298558896283239,0.00519904212270654
"types_mixed",100,0.3,0,"BM","mar",0.3,"cat3","gnn_off_rphylopars",200,5960,0.112635886574875,0.0113782658891647
"types_mixed",1000,0.3,0,"BM","mar",0.3,"cat3","gnn_off_rphylopars",200,60136,0.0733887008405768,0.0080296214587437
"types_mixed",100,1,0,"BM","mar",0.3,"cat3","gnn_off_rphylopars",200,5959,0.254182050350713,0.0106163936882452
"types_mixed",1000,1,0,"BM","mar",0.3,"cat3","gnn_off_rphylopars",200,60140,0.325817689762264,0.00564753621483511
"types_mixed",100,0.3,0.5,"BM","mar",0.3,"cat3","gnn_off_rphylopars",200,5974,0.125540253471707,0.00993255453484428
"types_mixed",1000,0.3,0.5,"BM","mar",0.3,"cat3","gnn_off_rphylopars",200,60113,0.0630849641288568,0.00818026503623139
"types_mixed",100,1,0.5,"BM","mar",0.3,"cat3","gnn_off_rphylopars",200,5980,0.245472611967962,0.00970556750064115
"types_mixed",1000,1,0.5,"BM","mar",0.3,"cat3","gnn_off_rphylopars",200,60055,0.328582973610082,0.0039265004509424
"types_mixed",100,0.3,0,"OU","mar",0.3,"cat3","gnn_off_rphylopars",200,5933,0.110431787614529,0.0112064019984014
"types_mixed",1000,0.3,0,"OU","mar",0.3,"cat3","gnn_off_rphylopars",200,60133,0.0523231078125641,0.00631933330595553
"types_mixed",100,1,0,"OU","mar",0.3,"cat3","gnn_off_rphylopars",200,5940,0.188284010447202,0.0118455524309051
"types_mixed",1000,1,0,"OU","mar",0.3,"cat3","gnn_off_rphylopars",200,60171,0.318823592980098,0.00374864545860543
"types_mixed",100,0.3,0.5,"OU","mar",0.3,"cat3","gnn_off_rphylopars",200,5994,0.128763378596065,0.0104970276998138
"types_mixed",1000,0.3,0.5,"OU","mar",0.3,"cat3","gnn_off_rphylopars",200,59999,0.0482471951237539,0.0062695007260962
"types_mixed",100,1,0.5,"OU","mar",0.3,"cat3","gnn_off_rphylopars",200,6014,0.193233803151163,0.0122984220947857
"types_mixed",1000,1,0.5,"OU","mar",0.3,"cat3","gnn_off_rphylopars",200,59991,0.32337194763991,0.00185611732769299
"types_mixed",100,0.3,0,"OU","mcar",0.3,"cat3","gnn_off_rphylopars",200,6000,0.101725038868498,0.00835870087386499
"types_mixed",1000,0.3,0,"OU","mcar",0.3,"cat3","gnn_off_rphylopars",200,60000,0.051091058638942,0.00389406352796835
"types_mixed",100,1,0,"OU","mcar",0.3,"cat3","gnn_off_rphylopars",200,6000,0.196355697498331,0.010673252485345
"types_mixed",1000,1,0,"OU","mcar",0.3,"cat3","gnn_off_rphylopars",200,60000,0.320446916243805,0.00331997091181782
"types_mixed",100,0.3,0.5,"OU","mcar",0.3,"cat3","gnn_off_rphylopars",200,6000,0.0973676057771116,0.00862810791095098
"types_mixed",1000,0.3,0.5,"OU","mcar",0.3,"cat3","gnn_off_rphylopars",200,60000,0.0395853375276386,0.00370899581394808
"types_mixed",100,1,0.5,"OU","mcar",0.3,"cat3","gnn_off_rphylopars",200,6000,0.207229141788858,0.00916587558511029
"types_mixed",1000,1,0.5,"OU","mcar",0.3,"cat3","gnn_off_rphylopars",200,60000,0.323913360022729,0.00212273854087361
"types_mixed",100,0.3,0,"BM","mcar",0.1,"cat3","gnn_on",200,2000,0.10135967289444,0.0111139792682336
"types_mixed",1000,0.3,0,"BM","mcar",0.1,"cat3","gnn_on",200,20000,0.0651364161208528,0.00524865920634676
"types_mixed",100,1,0,"BM","mcar",0.1,"cat3","gnn_on",200,2000,0.235224810934094,0.0135349418527368
"types_mixed",1000,1,0,"BM","mcar",0.1,"cat3","gnn_on",200,20000,0.308113685698736,0.00584380183237317
"types_mixed",100,0.3,0.5,"BM","mcar",0.1,"cat3","gnn_on",200,2000,0.124102313622392,0.0121771764749796
"types_mixed",1000,0.3,0.5,"BM","mcar",0.1,"cat3","gnn_on",200,20000,0.0770821018629639,0.00515299143840431
"types_mixed",100,1,0.5,"BM","mcar",0.1,"cat3","gnn_on",200,2000,0.216439619058769,0.0111053074273905
"types_mixed",1000,1,0.5,"BM","mcar",0.1,"cat3","gnn_on",200,20000,0.315467955719017,0.00452339336398933
"types_mixed",100,0.3,0,"OU","mcar",0.1,"cat3","gnn_on",200,2000,0.119008210644262,0.0124666805059291
"types_mixed",1000,0.3,0,"OU","mcar",0.1,"cat3","gnn_on",200,20000,0.0777126868409127,0.00512484466821654
"types_mixed",100,1,0,"OU","mcar",0.1,"cat3","gnn_on",200,2000,0.193936523489169,0.011690751151451
"types_mixed",1000,1,0,"OU","mcar",0.1,"cat3","gnn_on",200,20000,0.308106941688421,0.00377389212553364
"types_mixed",100,0.3,0.5,"OU","mcar",0.1,"cat3","gnn_on",200,2000,0.112504714160546,0.010860671990045
"types_mixed",1000,0.3,0.5,"OU","mcar",0.1,"cat3","gnn_on",200,20000,0.0809095131103536,0.00561964992191568
"types_mixed",100,1,0.5,"OU","mcar",0.1,"cat3","gnn_on",200,2000,0.216539437392459,0.0102881640378063
"types_mixed",1000,1,0.5,"OU","mcar",0.1,"cat3","gnn_on",200,20000,0.31356464322813,0.00195695178821106
"types_mixed",100,0.3,0,"BM","clade",0.3,"cat3","gnn_on",200,6015,0.10328093814519,0.0101804786157176
"types_mixed",1000,0.3,0,"BM","clade",0.3,"cat3","gnn_on",200,60001,0.0769557779652121,0.00653154654639097
"types_mixed",100,1,0,"BM","clade",0.3,"cat3","gnn_on",200,6015,0.18484033605388,0.012816259711798
"types_mixed",1000,1,0,"BM","clade",0.3,"cat3","gnn_on",200,60001,0.263368208631332,0.0090295696524011
"types_mixed",100,0.3,0.5,"BM","clade",0.3,"cat3","gnn_on",200,6015,0.114273889659366,0.0107112084660655
"types_mixed",1000,0.3,0.5,"BM","clade",0.3,"cat3","gnn_on",200,60001,0.0840936258567976,0.00617524600295322
"types_mixed",100,1,0.5,"BM","clade",0.3,"cat3","gnn_on",200,6015,0.176885670882068,0.0129006567374887
"types_mixed",1000,1,0.5,"BM","clade",0.3,"cat3","gnn_on",200,60001,0.272157322008703,0.00935872929954821
"types_mixed",100,0.3,0,"OU","clade",0.3,"cat3","gnn_on",200,6015,0.112581986388664,0.00964208636615672
"types_mixed",1000,0.3,0,"OU","clade",0.3,"cat3","gnn_on",200,60001,0.0808217739776824,0.00665015147287563
"types_mixed",100,1,0,"OU","clade",0.3,"cat3","gnn_on",200,6015,0.121109747854607,0.0149450431821655
"types_mixed",1000,1,0,"OU","clade",0.3,"cat3","gnn_on",200,60001,0.235863041219249,0.00678784338603186
"types_mixed",100,0.3,0.5,"OU","clade",0.3,"cat3","gnn_on",200,6015,0.108563241214354,0.0109847728100517
"types_mixed",1000,0.3,0.5,"OU","clade",0.3,"cat3","gnn_on",200,60001,0.0837789029773819,0.00644406241209777
"types_mixed",100,1,0.5,"OU","clade",0.3,"cat3","gnn_on",200,6015,0.140920300403824,0.0135381896697236
"types_mixed",1000,1,0.5,"OU","clade",0.3,"cat3","gnn_on",200,60001,0.23882575496509,0.00781841621518539
"types_mixed",100,0.3,0,"BM","mar",0.3,"cat3","gnn_on",200,5960,0.119690236845394,0.0109341454081047
"types_mixed",1000,0.3,0,"BM","mar",0.3,"cat3","gnn_on",200,60136,0.0878971698906806,0.00835393560595096
"types_mixed",100,1,0,"BM","mar",0.3,"cat3","gnn_on",200,5959,0.234090464803198,0.0117521212897311
"types_mixed",1000,1,0,"BM","mar",0.3,"cat3","gnn_on",200,60140,0.293536307657972,0.00826137215849209
"types_mixed",100,0.3,0.5,"BM","mar",0.3,"cat3","gnn_on",200,5974,0.118490709454269,0.010794857689382
"types_mixed",1000,0.3,0.5,"BM","mar",0.3,"cat3","gnn_on",200,60113,0.0876233682954287,0.00801364399289109
"types_mixed",100,1,0.5,"BM","mar",0.3,"cat3","gnn_on",200,5980,0.217992608192071,0.0118675855618136
"types_mixed",1000,1,0.5,"BM","mar",0.3,"cat3","gnn_on",200,60055,0.306110628259875,0.0062757887019241
"types_mixed",100,0.3,0,"OU","mar",0.3,"cat3","gnn_on",200,5933,0.112439936140659,0.0101005673669399
"types_mixed",1000,0.3,0,"OU","mar",0.3,"cat3","gnn_on",200,60133,0.092646137127419,0.00747473957963143
"types_mixed",100,1,0,"OU","mar",0.3,"cat3","gnn_on",200,5940,0.189178102108376,0.0101719845815559
"types_mixed",1000,1,0,"OU","mar",0.3,"cat3","gnn_on",200,60171,0.295964821683433,0.00362598856534464
"types_mixed",100,0.3,0.5,"OU","mar",0.3,"cat3","gnn_on",200,5994,0.136700684846917,0.0101779406355717
"types_mixed",1000,0.3,0.5,"OU","mar",0.3,"cat3","gnn_on",200,59999,0.0972020110391722,0.0075931043715574
"types_mixed",100,1,0.5,"OU","mar",0.3,"cat3","gnn_on",200,6014,0.166892903451832,0.0120621975106466
"types_mixed",1000,1,0.5,"OU","mar",0.3,"cat3","gnn_on",200,59991,0.29790577380373,0.00233784265239339
"types_mixed",100,0.3,0,"OU","mcar",0.3,"cat3","gnn_on",200,6000,0.0984097276027815,0.00680587192007379
"types_mixed",1000,0.3,0,"OU","mcar",0.3,"cat3","gnn_on",200,60000,0.0871494150801157,0.00468496070504559
"types_mixed",100,1,0,"OU","mcar",0.3,"cat3","gnn_on",200,6000,0.192679424570251,0.0103812777423923
"types_mixed",1000,1,0,"OU","mcar",0.3,"cat3","gnn_on",200,60000,0.302911368228782,0.00307818198482206
"types_mixed",100,0.3,0.5,"OU","mcar",0.3,"cat3","gnn_on",200,6000,0.0982612149985663,0.0084984986909326
"types_mixed",1000,0.3,0.5,"OU","mcar",0.3,"cat3","gnn_on",200,60000,0.0811569997208897,0.00420529008624863
"types_mixed",100,1,0.5,"OU","mcar",0.3,"cat3","gnn_on",200,6000,0.183465345125668,0.00860974108711584
"types_mixed",1000,1,0.5,"OU","mcar",0.3,"cat3","gnn_on",200,60000,0.306472845692532,0.00254559597524001
"types_mixed",100,0.3,0,"BM","mcar",0.1,"cat3","gnn_on_full",200,2000,0.100216184035829,0.011381299198369
"types_mixed",1000,0.3,0,"BM","mcar",0.1,"cat3","gnn_on_full",200,20000,0.065202465629235,0.00590990227460487
"types_mixed",100,1,0,"BM","mcar",0.1,"cat3","gnn_on_full",185,1850,0.272647510644203,0.0110801063794297
"types_mixed",1000,1,0,"BM","mcar",0.1,"cat3","gnn_on_full",191,19100,0.325928776572719,0.00350366421726555
"types_mixed",100,0.3,0.5,"BM","mcar",0.1,"cat3","gnn_on_full",200,2000,0.122866374575151,0.01185584045066
"types_mixed",1000,0.3,0.5,"BM","mcar",0.1,"cat3","gnn_on_full",200,20000,0.0771485347834996,0.00517148175761626
"types_mixed",100,1,0.5,"BM","mcar",0.1,"cat3","gnn_on_full",183,1830,0.252135768734914,0.0108474220204709
"types_mixed",1000,1,0.5,"BM","mcar",0.1,"cat3","gnn_on_full",193,19300,0.328961946730421,0.00326280631204499
"types_mixed",100,0.3,0,"OU","mcar",0.1,"cat3","gnn_on_full",200,2000,0.112042841468565,0.0123450645720131
"types_mixed",1000,0.3,0,"OU","mcar",0.1,"cat3","gnn_on_full",200,20000,0.0793203329713688,0.00534132067240315
"types_mixed",100,1,0,"OU","mcar",0.1,"cat3","gnn_on_full",200,2000,0.20763857608021,0.0102199282291254
"types_mixed",1000,1,0,"OU","mcar",0.1,"cat3","gnn_on_full",199,19900,0.315209280999191,0.00302761258661003
"types_mixed",100,0.3,0.5,"OU","mcar",0.1,"cat3","gnn_on_full",200,2000,0.117176424723161,0.0100371854251337
"types_mixed",1000,0.3,0.5,"OU","mcar",0.1,"cat3","gnn_on_full",200,20000,0.0818979495595397,0.00528991263093924
"types_mixed",100,1,0.5,"OU","mcar",0.1,"cat3","gnn_on_full",197,1970,0.224558053818634,0.0103861961924749
"types_mixed",1000,1,0.5,"OU","mcar",0.1,"cat3","gnn_on_full",200,20000,0.31814239659978,0.00192205818660633
"types_mixed",100,0.3,0,"BM","clade",0.3,"cat3","gnn_on_full",200,6015,0.103836908395072,0.00982317467437512
"types_mixed",1000,0.3,0,"BM","clade",0.3,"cat3","gnn_on_full",200,60001,0.0783364267250733,0.00739607696217859
"types_mixed",100,1,0,"BM","clade",0.3,"cat3","gnn_on_full",185,5562,0.22353927562068,0.014289495952934
"types_mixed",1000,1,0,"BM","clade",0.3,"cat3","gnn_on_full",191,57309,0.285882895169004,0.00645762604324728
"types_mixed",100,0.3,0.5,"BM","clade",0.3,"cat3","gnn_on_full",200,6015,0.115153033774913,0.0104985923222954
"types_mixed",1000,0.3,0.5,"BM","clade",0.3,"cat3","gnn_on_full",200,60001,0.0840895536562124,0.00610888981029774
"types_mixed",100,1,0.5,"BM","clade",0.3,"cat3","gnn_on_full",183,5513,0.181994896427984,0.01529078641556
"types_mixed",1000,1,0.5,"BM","clade",0.3,"cat3","gnn_on_full",193,57893,0.284969644852124,0.00779188606067743
"types_mixed",100,0.3,0,"OU","clade",0.3,"cat3","gnn_on_full",200,6015,0.1148096769056,0.00923271023418792
"types_mixed",1000,0.3,0,"OU","clade",0.3,"cat3","gnn_on_full",200,60001,0.0859546912193649,0.00689767997762245
"types_mixed",100,1,0,"OU","clade",0.3,"cat3","gnn_on_full",200,6015,0.129200504573811,0.014749528978491
"types_mixed",1000,1,0,"OU","clade",0.3,"cat3","gnn_on_full",199,59708,0.249813535437098,0.00654254312085066
"types_mixed",100,0.3,0.5,"OU","clade",0.3,"cat3","gnn_on_full",200,6015,0.109516422052003,0.0109993302475515
"types_mixed",1000,0.3,0.5,"OU","clade",0.3,"cat3","gnn_on_full",200,60001,0.0851203962860849,0.0063039910863868
"types_mixed",100,1,0.5,"OU","clade",0.3,"cat3","gnn_on_full",197,5927,0.161614024131924,0.0151618854281974
"types_mixed",1000,1,0.5,"OU","clade",0.3,"cat3","gnn_on_full",200,60001,0.2477382471298,0.00683079942973948
"types_mixed",100,0.3,0,"BM","mar",0.3,"cat3","gnn_on_full",200,5960,0.119614646961694,0.0110491231697819
"types_mixed",1000,0.3,0,"BM","mar",0.3,"cat3","gnn_on_full",200,60136,0.0880646667847164,0.00826519825235343
"types_mixed",100,1,0,"BM","mar",0.3,"cat3","gnn_on_full",185,5527,0.253111500097149,0.0120295310779394
"types_mixed",1000,1,0,"BM","mar",0.3,"cat3","gnn_on_full",191,57391,0.316313727820653,0.00586162060629963
"types_mixed",100,0.3,0.5,"BM","mar",0.3,"cat3","gnn_on_full",200,5974,0.118176401836354,0.0105446622373934
"types_mixed",1000,0.3,0.5,"BM","mar",0.3,"cat3","gnn_on_full",200,60113,0.0863963204115713,0.00824736854707705
"types_mixed",100,1,0.5,"BM","mar",0.3,"cat3","gnn_on_full",183,5475,0.227484433895977,0.0109222504134606
"types_mixed",1000,1,0.5,"BM","mar",0.3,"cat3","gnn_on_full",193,57955,0.321445915066371,0.00316736072962398
"types_mixed",100,0.3,0,"OU","mar",0.3,"cat3","gnn_on_full",200,5933,0.111687664660511,0.0111655740903182
"types_mixed",1000,0.3,0,"OU","mar",0.3,"cat3","gnn_on_full",200,60133,0.0928263381524897,0.00664863083921684
"types_mixed",100,1,0,"OU","mar",0.3,"cat3","gnn_on_full",200,5940,0.203416853643695,0.0103151569059765
"types_mixed",1000,1,0,"OU","mar",0.3,"cat3","gnn_on_full",199,59861,0.303946198389729,0.00345159841996441
"types_mixed",100,0.3,0.5,"OU","mar",0.3,"cat3","gnn_on_full",200,5994,0.139409007515027,0.009812600071807
"types_mixed",1000,0.3,0.5,"OU","mar",0.3,"cat3","gnn_on_full",200,59999,0.0963155112482584,0.00699316301753624
"types_mixed",100,1,0.5,"OU","mar",0.3,"cat3","gnn_on_full",197,5924,0.187169538455475,0.0118087687019377
"types_mixed",1000,1,0.5,"OU","mar",0.3,"cat3","gnn_on_full",200,59991,0.305859554767029,0.0020727417350879
"types_mixed",100,0.3,0,"OU","mcar",0.3,"cat3","gnn_on_full",200,6000,0.0960551842839914,0.00787845953885629
"types_mixed",1000,0.3,0,"OU","mcar",0.3,"cat3","gnn_on_full",200,60000,0.0858548849701643,0.00449641359177833
"types_mixed",100,1,0,"OU","mcar",0.3,"cat3","gnn_on_full",200,6000,0.208298716588692,0.0106252550595176
"types_mixed",1000,1,0,"OU","mcar",0.3,"cat3","gnn_on_full",199,59700,0.309513461219913,0.00270142331232565
"types_mixed",100,0.3,0.5,"OU","mcar",0.3,"cat3","gnn_on_full",200,6000,0.0977999098330098,0.00822935155760123
"types_mixed",1000,0.3,0.5,"OU","mcar",0.3,"cat3","gnn_on_full",200,60000,0.0804705942180142,0.0048233170165217
"types_mixed",100,1,0.5,"OU","mcar",0.3,"cat3","gnn_on_full",197,5910,0.199809341794561,0.00875804608812831
"types_mixed",1000,1,0.5,"OU","mcar",0.3,"cat3","gnn_on_full",200,60000,0.31193603295436,0.00270199700738888
"types_mixed",100,0.3,0,"BM","mcar",0.1,"ord","bace",100,1000,0.1118,0.0123069690188999
"types_mixed",1000,0.3,0,"BM","mcar",0.1,"ord","bace",97,9700,0.0741546391752577,0.00512303709515807
"types_mixed",100,1,0,"BM","mcar",0.1,"ord","bace",100,1000,0.0358,0.00887151088407932
"types_mixed",1000,1,0,"BM","mcar",0.1,"ord","bace",71,7100,0.0155643192488263,0.00440067268262013
"types_mixed",100,0.3,0.5,"BM","mcar",0.1,"ord","bace",100,1000,0.11035,0.0155246341446951
"types_mixed",1000,0.3,0.5,"BM","mcar",0.1,"ord","bace",79,7900,0.0606455696202531,0.00473710039251485
"types_mixed",100,1,0.5,"BM","mcar",0.1,"ord","bace",100,1000,0.0428722222222222,0.00995582402771604
"types_mixed",1000,1,0.5,"BM","mcar",0.1,"ord","bace",100,10000,0.0111238888888888,0.00278639006285967
"types_mixed",100,0.3,0,"OU","mcar",0.1,"ord","bace",100,1000,0.1227,0.0161408920052028
"types_mixed",1000,0.3,0,"OU","mcar",0.1,"ord","bace",65,6500,0.0817307692307693,0.00548229814032476
"types_mixed",100,1,0,"OU","mcar",0.1,"ord","bace",100,1000,0.0352444444444445,0.0097231536801944
"types_mixed",1000,1,0,"OU","mcar",0.1,"ord","bace",70,7000,0.0113,0.00282971046598944
"types_mixed",100,0.3,0.5,"OU","mcar",0.1,"ord","bace",100,1000,0.1584,0.0151643642701761
"types_mixed",1000,0.3,0.5,"OU","mcar",0.1,"ord","bace",65,6500,0.0717846153846154,0.00553204471938889
"types_mixed",100,1,0.5,"OU","mcar",0.1,"ord","bace",100,1000,0.0275,0.00832756551761762
"types_mixed",1000,1,0.5,"OU","mcar",0.1,"ord","bace",68,6800,0.0125598039215686,0.00272883629165619
"types_mixed",100,0.3,0,"BM","clade",0.3,"ord","bace",100,2972,0.191318977119785,0.0118749250719447
"types_mixed",1000,0.3,0,"BM","clade",0.3,"ord","bace",18,5419,0.132210739988928,0.0123973368436155
"types_mixed",100,1,0,"BM","clade",0.3,"ord","bace",100,2972,0.0656556742775437,0.0145527229858933
"types_mixed",1000,1,0,"BM","clade",0.3,"ord","bace",25,7506,0.115491065840037,0.0274074090362425
"types_mixed",100,0.3,0.5,"BM","clade",0.3,"ord","bace",100,2972,0.161221399730821,0.0131094079766849
"types_mixed",1000,0.3,0.5,"BM","clade",0.3,"ord","bace",3,900,0.108611111111111,0.00782382660128366
"types_mixed",100,1,0.5,"BM","clade",0.3,"ord","bace",100,2972,0.0968007674584098,0.0158454865866543
"types_mixed",1000,1,0.5,"BM","clade",0.3,"ord","bace",18,5397,0.117902067308081,0.0374907596578992
"types_mixed",100,0.3,0,"OU","clade",0.3,"ord","bace",100,2972,0.200538358008075,0.0113730236878195
"types_mixed",1000,0.3,0,"OU","clade",0.3,"ord","bace",30,9013,0.127637856429602,0.00808309085498782
"types_mixed",100,1,0,"OU","clade",0.3,"ord","bace",100,2972,0.0732933723543146,0.0154201589929384
"types_mixed",1000,1,0,"OU","clade",0.3,"ord","bace",32,9610,0.0337626522020442,0.0142517191383969
"types_mixed",100,0.3,0.5,"OU","clade",0.3,"ord","bace",100,2972,0.16885935397039,0.0114188885970611
"types_mixed",1000,0.3,0.5,"OU","clade",0.3,"ord","bace",30,9013,0.117657827582381,0.00594400101422134
"types_mixed",100,1,0.5,"OU","clade",0.3,"ord","bace",100,2972,0.0652129965127616,0.0127763240772104
"types_mixed",1000,1,0.5,"OU","clade",0.3,"ord","bace",32,9610,0.054058452270082,0.0192830713754828
"types_mixed",100,0.3,0,"BM","mar",0.3,"ord","bace",100,2945,0.194380305602716,0.0105150405028421
"types_mixed",1000,0.3,0,"BM","mar",0.3,"ord","bace",83,24904,0.111152826855124,0.00363797884112407
"types_mixed",100,1,0,"BM","mar",0.3,"ord","bace",100,2907,0.0464128445169728,0.0133547835281125
"types_mixed",1000,1,0,"BM","mar",0.3,"ord","bace",82,24624,0.0585658236895141,0.0118899838103734
"types_mixed",100,0.3,0.5,"BM","mar",0.3,"ord","bace",100,2989,0.173753763800602,0.00941962590175078
"types_mixed",1000,0.3,0.5,"BM","mar",0.3,"ord","bace",38,11395,0.0749275998244844,0.00507899961349798
"types_mixed",100,1,0.5,"BM","mar",0.3,"ord","bace",100,2943,0.0778903138315493,0.0135156462773617
"types_mixed",1000,1,0.5,"BM","mar",0.3,"ord","bace",58,17421,0.0502342016980535,0.0166228436371533
"types_mixed",100,0.3,0,"OU","mar",0.3,"ord","bace",100,2967,0.213077182339063,0.0110625550534008
"types_mixed",1000,0.3,0,"OU","mar",0.3,"ord","bace",65,19567,0.108889967802934,0.00438884286128944
"types_mixed",100,1,0,"OU","mar",0.3,"ord","bace",100,2882,0.0334675909899143,0.00707682279621885
"types_mixed",1000,1,0,"OU","mar",0.3,"ord","bace",73,21998,0.0152684360170812,0.00619834297170007
"types_mixed",100,0.3,0.5,"OU","mar",0.3,"ord","bace",99,2937,0.188134150493701,0.0116679967751131
"types_mixed",1000,0.3,0.5,"OU","mar",0.3,"ord","bace",65,19589,0.0907218336821684,0.00508036462532343
"types_mixed",100,1,0.5,"OU","mar",0.3,"ord","bace",100,2957,0.0291877497490425,0.00906814571885329
"types_mixed",1000,1,0.5,"OU","mar",0.3,"ord","bace",69,20664,0.0153665597529156,0.0050395130106359
"types_mixed",100,0.3,0,"OU","mcar",0.3,"ord","bace",100,3000,0.213483333333333,0.0097413456544324
"types_mixed",1000,0.3,0,"OU","mcar",0.3,"ord","bace",86,25800,0.115029069767442,0.0029993541754067
"types_mixed",100,1,0,"OU","mcar",0.3,"ord","bace",100,3000,0.0240571428571429,0.00569372605598453
"types_mixed",1000,1,0,"OU","mcar",0.3,"ord","bace",71,21300,0.012044936284373,0.00220757495269769
"types_mixed",100,0.3,0.5,"OU","mcar",0.3,"ord","bace",100,3000,0.20055,0.0100357675441198
"types_mixed",1000,0.3,0.5,"OU","mcar",0.3,"ord","bace",74,22200,0.0833873873873874,0.00359684591711047
"types_mixed",100,1,0.5,"OU","mcar",0.3,"ord","bace",100,3000,0.0238238095238095,0.00639320011958047
"types_mixed",1000,1,0.5,"OU","mcar",0.3,"ord","bace",68,20400,0.0150171568627452,0.00215544981705665
"types_mixed",100,0.3,0,"BM","mcar",0.1,"ord","floor",200,2000,0.0267777777777778,0.00811288534762379
"types_mixed",1000,0.3,0,"BM","mcar",0.1,"ord","floor",200,20000,0.00874444444444442,0.0028369263322002
"types_mixed",100,1,0,"BM","mcar",0.1,"ord","floor",200,2000,0.0208333333333333,0.00887047834745467
"types_mixed",1000,1,0,"BM","mcar",0.1,"ord","floor",200,20000,0.0093777777777778,0.00264724146462792
"types_mixed",100,0.3,0.5,"BM","mcar",0.1,"ord","floor",200,2000,0.0305555555555556,0.00836537368783696
"types_mixed",1000,0.3,0.5,"BM","mcar",0.1,"ord","floor",200,20000,0.00874999999999998,0.00254927493709142
"types_mixed",100,1,0.5,"BM","mcar",0.1,"ord","floor",200,2000,0.0247222222222222,0.00863310294463315
"types_mixed",1000,1,0.5,"BM","mcar",0.1,"ord","floor",200,20000,0.00738333333333323,0.00262836703016123
"types_mixed",100,0.3,0,"OU","mcar",0.1,"ord","floor",200,2000,0.0333333333333333,0.00821123279063089
"types_mixed",1000,0.3,0,"OU","mcar",0.1,"ord","floor",200,20000,0.0118888888888889,0.00265531548982753
"types_mixed",100,1,0,"OU","mcar",0.1,"ord","floor",200,2000,0.0290555555555556,0.00921745300167455
"types_mixed",1000,1,0,"OU","mcar",0.1,"ord","floor",200,20000,0.00573333333333334,0.00262118367853843
"types_mixed",100,0.3,0.5,"OU","mcar",0.1,"ord","floor",200,2000,0.0392777777777778,0.00940110012645815
"types_mixed",1000,0.3,0.5,"OU","mcar",0.1,"ord","floor",200,20000,0.0109722222222222,0.00281566556534013
"types_mixed",100,1,0.5,"OU","mcar",0.1,"ord","floor",200,2000,0.014,0.00777039713222758
"types_mixed",1000,1,0.5,"OU","mcar",0.1,"ord","floor",200,20000,0.0078833333333334,0.00280136473777302
"types_mixed",100,0.3,0,"BM","clade",0.3,"ord","floor",200,5973,0.0346586319662147,0.00678608509187809
"types_mixed",1000,0.3,0,"BM","clade",0.3,"ord","floor",200,59981,0.0271325142229879,0.00504373350680555
"types_mixed",100,1,0,"BM","clade",0.3,"ord","floor",200,5973,0.0733730065949102,0.0132999962088424
"types_mixed",1000,1,0,"BM","clade",0.3,"ord","floor",200,59981,0.0931754263529682,0.0122984012782655
"types_mixed",100,0.3,0.5,"BM","clade",0.3,"ord","floor",200,5973,0.05219752823218,0.0079757440729221
"types_mixed",1000,0.3,0.5,"BM","clade",0.3,"ord","floor",200,59981,0.0226101817573628,0.00480187555214502
"types_mixed",100,1,0.5,"BM","clade",0.3,"ord","floor",200,5973,0.087349406852446,0.013751585750171
"types_mixed",1000,1,0.5,"BM","clade",0.3,"ord","floor",200,59981,0.0988151460978173,0.0140994420725026
"types_mixed",100,0.3,0,"OU","clade",0.3,"ord","floor",200,5973,0.049462564126268,0.00705115912891583
"types_mixed",1000,0.3,0,"OU","clade",0.3,"ord","floor",200,59981,0.0224722083844145,0.00458847364784245
"types_mixed",100,1,0,"OU","clade",0.3,"ord","floor",200,5973,0.078667343009758,0.0131251268051717
"types_mixed",1000,1,0,"OU","clade",0.3,"ord","floor",200,59981,0.0875122917230397,0.0116572301589196
"types_mixed",100,0.3,0.5,"OU","clade",0.3,"ord","floor",200,5973,0.054636437373309,0.00809088999225672
"types_mixed",1000,0.3,0.5,"OU","clade",0.3,"ord","floor",200,59981,0.0252017503577345,0.00529954015040563
"types_mixed",100,1,0.5,"OU","clade",0.3,"ord","floor",200,5973,0.0604695267647818,0.01246397416846
"types_mixed",1000,1,0.5,"OU","clade",0.3,"ord","floor",200,59981,0.0915640541302224,0.0118484190864652
"types_mixed",100,0.3,0,"BM","mar",0.3,"ord","floor",200,5884,0.0638683814898785,0.00900951102225271
"types_mixed",1000,0.3,0,"BM","mar",0.3,"ord","floor",200,60080,0.0274094493182422,0.00743351894801258
"types_mixed",100,1,0,"BM","mar",0.3,"ord","floor",200,5890,0.0812267300699399,0.012928594018016
"types_mixed",1000,1,0,"BM","mar",0.3,"ord","floor",200,60222,0.0584898810921146,0.011333359011102
"types_mixed",100,0.3,0.5,"BM","mar",0.3,"ord","floor",200,5977,0.0565088454897985,0.00846548330977307
"types_mixed",1000,0.3,0.5,"BM","mar",0.3,"ord","floor",200,60153,0.0315922596530494,0.00640586156615702
"types_mixed",100,1,0.5,"BM","mar",0.3,"ord","floor",200,5952,0.0653952402756192,0.0118241014774468
"types_mixed",1000,1,0.5,"BM","mar",0.3,"ord","floor",200,60218,0.0468904168099707,0.0101223644446489
"types_mixed",100,0.3,0,"OU","mar",0.3,"ord","floor",200,5893,0.0660372941515507,0.00850779370484985
"types_mixed",1000,0.3,0,"OU","mar",0.3,"ord","floor",200,60066,0.0342443304447067,0.00595579933030809
"types_mixed",100,1,0,"OU","mar",0.3,"ord","floor",200,5865,0.0535399177548138,0.010179055081791
"types_mixed",1000,1,0,"OU","mar",0.3,"ord","floor",200,60143,0.0504451676059375,0.00899996624921194
"types_mixed",100,0.3,0.5,"OU","mar",0.3,"ord","floor",200,5978,0.0579460808121923,0.00808669978536514
"types_mixed",1000,0.3,0.5,"OU","mar",0.3,"ord","floor",200,60158,0.0275567599495882,0.00555334612422557
"types_mixed",100,1,0.5,"OU","mar",0.3,"ord","floor",200,5967,0.0601468586792918,0.00944948519969059
"types_mixed",1000,1,0.5,"OU","mar",0.3,"ord","floor",200,60048,0.0427810255054707,0.00860516524458417
"types_mixed",100,0.3,0,"OU","mcar",0.3,"ord","floor",200,6000,0.0377142857142858,0.00657808252309156
"types_mixed",1000,0.3,0,"OU","mcar",0.3,"ord","floor",200,60000,0.00842619047619052,0.00178063481751706
"types_mixed",100,1,0,"OU","mcar",0.3,"ord","floor",200,6000,0.0240714285714285,0.00601256754086281
"types_mixed",1000,1,0,"OU","mcar",0.3,"ord","floor",200,60000,0.00519285714285726,0.00185179003335734
"types_mixed",100,0.3,0.5,"OU","mcar",0.3,"ord","floor",200,6000,0.0365952380952381,0.00514285038369315
"types_mixed",1000,0.3,0.5,"OU","mcar",0.3,"ord","floor",200,60000,0.00917142857142876,0.00183672972300998
"types_mixed",100,1,0.5,"OU","mcar",0.3,"ord","floor",200,6000,0.0286428571428571,0.00607265737885201
"types_mixed",1000,1,0.5,"OU","mcar",0.3,"ord","floor",200,60000,0.00537380952380926,0.00177622423957512
"types_mixed",100,0.3,0,"BM","mcar",0.1,"ord","freq",200,2000,0.0420202571151852,0.0082444605572794
"types_mixed",1000,0.3,0,"BM","mcar",0.1,"ord","freq",200,20000,0.0118636306633663,0.00321202824833014
"types_mixed",100,1,0,"BM","mcar",0.1,"ord","freq",200,2000,0.0315136996626308,0.00647790131185332
"types_mixed",1000,1,0,"BM","mcar",0.1,"ord","freq",200,20000,0.0156548490720521,0.00417088238002948
"types_mixed",100,0.3,0.5,"BM","mcar",0.1,"ord","freq",200,2000,0.0406483605637733,0.00880710903906138
"types_mixed",1000,0.3,0.5,"BM","mcar",0.1,"ord","freq",200,20000,0.0114210564040629,0.00283440093600583
"types_mixed",100,1,0.5,"BM","mcar",0.1,"ord","freq",200,2000,0.0386271023893048,0.00887073346002559
"types_mixed",1000,1,0.5,"BM","mcar",0.1,"ord","freq",200,20000,0.0147078680085059,0.00129796063774333
"types_mixed",100,0.3,0,"OU","mcar",0.1,"ord","freq",200,2000,0.0435235292738127,0.00819101077691808
"types_mixed",1000,0.3,0,"OU","mcar",0.1,"ord","freq",200,20000,0.010425637794405,0.0025890246845952
"types_mixed",100,1,0,"OU","mcar",0.1,"ord","freq",200,2000,0.0347003585619895,0.00791787239655248
"types_mixed",1000,1,0,"OU","mcar",0.1,"ord","freq",200,20000,0.0228059695430613,0.00151198818145822
"types_mixed",100,0.3,0.5,"OU","mcar",0.1,"ord","freq",200,2000,0.0424715398836761,0.00774587306303198
"types_mixed",1000,0.3,0.5,"OU","mcar",0.1,"ord","freq",200,20000,0.00944465138721892,0.00275793385397984
"types_mixed",100,1,0.5,"OU","mcar",0.1,"ord","freq",200,2000,0.0333169671152868,0.00696964762079953
"types_mixed",1000,1,0.5,"OU","mcar",0.1,"ord","freq",200,20000,0.0230998870721354,0.00200915407324833
"types_mixed",100,0.3,0,"BM","clade",0.3,"ord","freq",200,5973,0.0293410330005475,0.00742791322174432
"types_mixed",1000,0.3,0,"BM","clade",0.3,"ord","freq",200,59981,0.0305445968673972,0.00499703568484475
"types_mixed",100,1,0,"BM","clade",0.3,"ord","freq",200,5973,0.0471420550330027,0.0101844258300405
"types_mixed",1000,1,0,"BM","clade",0.3,"ord","freq",200,59981,0.0263429753351752,0.00653839588613788
"types_mixed",100,0.3,0.5,"BM","clade",0.3,"ord","freq",200,5973,0.0304226304637771,0.0069582694499646
"types_mixed",1000,0.3,0.5,"BM","clade",0.3,"ord","freq",200,59981,0.0257090806447658,0.00543394852564804
"types_mixed",100,1,0.5,"BM","clade",0.3,"ord","freq",200,5973,0.0536390432780831,0.0115720407966489
"types_mixed",1000,1,0.5,"BM","clade",0.3,"ord","freq",200,59981,0.0200965241061106,0.00507266235091787
"types_mixed",100,0.3,0,"OU","clade",0.3,"ord","freq",200,5973,0.0305220683793934,0.0071351262871708
"types_mixed",1000,0.3,0,"OU","clade",0.3,"ord","freq",200,59981,0.0259114533592555,0.00512032502490979
"types_mixed",100,1,0,"OU","clade",0.3,"ord","freq",200,5973,0.0364988602077319,0.00981762691516842
"types_mixed",1000,1,0,"OU","clade",0.3,"ord","freq",200,59981,0.024144150335219,0.00469711155281037
"types_mixed",100,0.3,0.5,"OU","clade",0.3,"ord","freq",200,5973,0.0330545655627292,0.00705254841479261
"types_mixed",1000,0.3,0.5,"OU","clade",0.3,"ord","freq",200,59981,0.0257906350511366,0.00540235313840711
"types_mixed",100,1,0.5,"OU","clade",0.3,"ord","freq",200,5973,0.0321921119158316,0.0088661298349315
"types_mixed",1000,1,0.5,"OU","clade",0.3,"ord","freq",200,59981,0.0224391695218772,0.0045322909143482
"types_mixed",100,0.3,0,"BM","mar",0.3,"ord","freq",200,5884,0.0510258934395161,0.00819003879538726
"types_mixed",1000,0.3,0,"BM","mar",0.3,"ord","freq",200,60080,0.0377002813112362,0.00700029315508895
"types_mixed",100,1,0,"BM","mar",0.3,"ord","freq",200,5890,0.0476947299477836,0.00911119201923691
"types_mixed",1000,1,0,"BM","mar",0.3,"ord","freq",200,60222,0.0160752948437325,0.00394972773316915
"types_mixed",100,0.3,0.5,"BM","mar",0.3,"ord","freq",200,5977,0.0550692934616926,0.00779637353566382
"types_mixed",1000,0.3,0.5,"BM","mar",0.3,"ord","freq",200,60153,0.0426935729616359,0.00717973513211808
"types_mixed",100,1,0.5,"BM","mar",0.3,"ord","freq",200,5952,0.0650995645340511,0.0103706307881898
"types_mixed",1000,1,0.5,"BM","mar",0.3,"ord","freq",200,60218,0.014477482078065,0.00222684408351717
"types_mixed",100,0.3,0,"OU","mar",0.3,"ord","freq",200,5893,0.0575421737201222,0.00905679812256424
"types_mixed",1000,0.3,0,"OU","mar",0.3,"ord","freq",200,60066,0.0336875075315506,0.00670517456067424
"types_mixed",100,1,0,"OU","mar",0.3,"ord","freq",200,5865,0.0289784826899257,0.00530918776640674
"types_mixed",1000,1,0,"OU","mar",0.3,"ord","freq",200,60143,0.0227888829575898,0.0015651859904948
"types_mixed",100,0.3,0.5,"OU","mar",0.3,"ord","freq",200,5978,0.0515132201026765,0.00690192428451955
"types_mixed",1000,0.3,0.5,"OU","mar",0.3,"ord","freq",200,60158,0.0344119377847425,0.0062923986456997
"types_mixed",100,1,0.5,"OU","mar",0.3,"ord","freq",200,5967,0.0354747140503654,0.00631396969908574
"types_mixed",1000,1,0.5,"OU","mar",0.3,"ord","freq",200,60048,0.0206387942177617,0.00167594871932328
"types_mixed",100,0.3,0,"OU","mcar",0.3,"ord","freq",200,6000,0.0353420442558514,0.00606153285234609
"types_mixed",1000,0.3,0,"OU","mcar",0.3,"ord","freq",200,60000,0.0098199151622895,0.00177162386919491
"types_mixed",100,1,0,"OU","mcar",0.3,"ord","freq",200,6000,0.0372654693957945,0.00467617886010372
"types_mixed",1000,1,0,"OU","mcar",0.3,"ord","freq",200,60000,0.0260929685263836,0.00121024777406955
"types_mixed",100,0.3,0.5,"OU","mcar",0.3,"ord","freq",200,6000,0.0399924556739683,0.00633701146501322
"types_mixed",1000,0.3,0.5,"OU","mcar",0.3,"ord","freq",200,60000,0.00897431765063583,0.00200919130249134
"types_mixed",100,1,0.5,"OU","mcar",0.3,"ord","freq",200,6000,0.0409225722384448,0.00438641340457215
"types_mixed",1000,1,0.5,"OU","mcar",0.3,"ord","freq",200,60000,0.0265729963116519,0.0014526026244399
"types_mixed",100,0.3,0,"BM","mcar",0.1,"ord","freq_lambda",200,2000,0.0420202571151852,0.00891998507850082
"types_mixed",1000,0.3,0,"BM","mcar",0.1,"ord","freq_lambda",200,20000,0.0118636306633663,0.00308748256344165
"types_mixed",100,1,0,"BM","mcar",0.1,"ord","freq_lambda",200,2000,0.0315136996626308,0.00676618825554744
"types_mixed",1000,1,0,"BM","mcar",0.1,"ord","freq_lambda",200,20000,0.0194507400345196,0.00432961120522986
"types_mixed",100,0.3,0.5,"BM","mcar",0.1,"ord","freq_lambda",200,2000,0.0406483605637733,0.00823532522461019
"types_mixed",1000,0.3,0.5,"BM","mcar",0.1,"ord","freq_lambda",200,20000,0.0114210564040629,0.00285921364939736
"types_mixed",100,1,0.5,"BM","mcar",0.1,"ord","freq_lambda",200,2000,0.0386271023893048,0.00797524085441423
"types_mixed",1000,1,0.5,"BM","mcar",0.1,"ord","freq_lambda",200,20000,0.0141067164264321,0.00151172920468726
"types_mixed",100,0.3,0,"OU","mcar",0.1,"ord","freq_lambda",200,2000,0.0435235292738127,0.00900804348838171
"types_mixed",1000,0.3,0,"OU","mcar",0.1,"ord","freq_lambda",200,20000,0.010425637794405,0.0026626204732277
"types_mixed",100,1,0,"OU","mcar",0.1,"ord","freq_lambda",200,2000,0.0347003585619895,0.00823465674485107
"types_mixed",1000,1,0,"OU","mcar",0.1,"ord","freq_lambda",200,20000,0.0217865307481983,0.00179452535484676
"types_mixed",100,0.3,0.5,"OU","mcar",0.1,"ord","freq_lambda",200,2000,0.0424715398836761,0.00844628580335603
"types_mixed",1000,0.3,0.5,"OU","mcar",0.1,"ord","freq_lambda",200,20000,0.00944465138721892,0.00272522396854297
"types_mixed",100,1,0.5,"OU","mcar",0.1,"ord","freq_lambda",200,2000,0.0333169671152868,0.00610694702216121
"types_mixed",1000,1,0.5,"OU","mcar",0.1,"ord","freq_lambda",200,20000,0.0221344053530592,0.00208447821923223
"types_mixed",100,0.3,0,"BM","clade",0.3,"ord","freq_lambda",200,5973,0.0293410330005475,0.00680331464600434
"types_mixed",1000,0.3,0,"BM","clade",0.3,"ord","freq_lambda",200,59981,0.0305445968673972,0.0056524317598812
"types_mixed",100,1,0,"BM","clade",0.3,"ord","freq_lambda",200,5973,0.0471420550330027,0.0102168481445908
"types_mixed",1000,1,0,"BM","clade",0.3,"ord","freq_lambda",200,59981,0.0263429753351752,0.00617305966227003
"types_mixed",100,0.3,0.5,"BM","clade",0.3,"ord","freq_lambda",200,5973,0.0304226304637771,0.0070404032615001
"types_mixed",1000,0.3,0.5,"BM","clade",0.3,"ord","freq_lambda",200,59981,0.0257090806447658,0.0054683884992552
"types_mixed",100,1,0.5,"BM","clade",0.3,"ord","freq_lambda",200,5973,0.0536390432780831,0.0103299054582194
"types_mixed",1000,1,0.5,"BM","clade",0.3,"ord","freq_lambda",200,59981,0.0200965241061106,0.00530586313618942
"types_mixed",100,0.3,0,"OU","clade",0.3,"ord","freq_lambda",200,5973,0.0305220683793934,0.00747248394219173
"types_mixed",1000,0.3,0,"OU","clade",0.3,"ord","freq_lambda",200,59981,0.0259114533592555,0.00493136213054533
"types_mixed",100,1,0,"OU","clade",0.3,"ord","freq_lambda",200,5973,0.0364988602077319,0.00903200419412463
"types_mixed",1000,1,0,"OU","clade",0.3,"ord","freq_lambda",200,59981,0.024144150335219,0.00478938495362155
"types_mixed",100,0.3,0.5,"OU","clade",0.3,"ord","freq_lambda",200,5973,0.0330545655627292,0.00656536438517123
"types_mixed",1000,0.3,0.5,"OU","clade",0.3,"ord","freq_lambda",200,59981,0.0257906350511366,0.00549871913657033
"types_mixed",100,1,0.5,"OU","clade",0.3,"ord","freq_lambda",200,5973,0.0321921119158316,0.00863884165124802
"types_mixed",1000,1,0.5,"OU","clade",0.3,"ord","freq_lambda",200,59981,0.0224391695218772,0.00467344615664733
"types_mixed",100,0.3,0,"BM","mar",0.3,"ord","freq_lambda",200,5884,0.0510258934395161,0.00803252902793152
"types_mixed",1000,0.3,0,"BM","mar",0.3,"ord","freq_lambda",200,60080,0.0377002813112362,0.00714104142901392
"types_mixed",100,1,0,"BM","mar",0.3,"ord","freq_lambda",200,5890,0.0476947299477836,0.00857527329044069
"types_mixed",1000,1,0,"BM","mar",0.3,"ord","freq_lambda",200,60222,0.0160752948437325,0.00394920310424691
"types_mixed",100,0.3,0.5,"BM","mar",0.3,"ord","freq_lambda",200,5977,0.0550692934616926,0.00824432112782977
"types_mixed",1000,0.3,0.5,"BM","mar",0.3,"ord","freq_lambda",200,60153,0.0426935729616359,0.00760505134374758
"types_mixed",100,1,0.5,"BM","mar",0.3,"ord","freq_lambda",200,5952,0.0650995645340511,0.0108054782032279
"types_mixed",1000,1,0.5,"BM","mar",0.3,"ord","freq_lambda",200,60218,0.014477482078065,0.00230415809936947
"types_mixed",100,0.3,0,"OU","mar",0.3,"ord","freq_lambda",200,5893,0.0575421737201222,0.00821189233792135
"types_mixed",1000,0.3,0,"OU","mar",0.3,"ord","freq_lambda",200,60066,0.0336875075315506,0.00662844064075173
"types_mixed",100,1,0,"OU","mar",0.3,"ord","freq_lambda",200,5865,0.0289784826899257,0.00500446111362616
"types_mixed",1000,1,0,"OU","mar",0.3,"ord","freq_lambda",200,60143,0.0227888829575898,0.00155391225468083
"types_mixed",100,0.3,0.5,"OU","mar",0.3,"ord","freq_lambda",200,5978,0.0515132201026765,0.00827189569429529
"types_mixed",1000,0.3,0.5,"OU","mar",0.3,"ord","freq_lambda",200,60158,0.0344119377847425,0.00674635358034538
"types_mixed",100,1,0.5,"OU","mar",0.3,"ord","freq_lambda",200,5967,0.0354747140503654,0.00607668693886499
"types_mixed",1000,1,0.5,"OU","mar",0.3,"ord","freq_lambda",200,60048,0.0206387942177617,0.00158475941927737
"types_mixed",100,0.3,0,"OU","mcar",0.3,"ord","freq_lambda",200,6000,0.0353420442558514,0.00592778308059388
"types_mixed",1000,0.3,0,"OU","mcar",0.3,"ord","freq_lambda",200,60000,0.0098199151622895,0.00195634076563244
"types_mixed",100,1,0,"OU","mcar",0.3,"ord","freq_lambda",200,6000,0.0372654693957945,0.00483670488506249
"types_mixed",1000,1,0,"OU","mcar",0.3,"ord","freq_lambda",200,60000,0.0260929685263836,0.00124002453365144
"types_mixed",100,0.3,0.5,"OU","mcar",0.3,"ord","freq_lambda",200,6000,0.0399924556739683,0.00619049801520772
"types_mixed",1000,0.3,0.5,"OU","mcar",0.3,"ord","freq_lambda",200,60000,0.00897431765063583,0.00209265785187528
"types_mixed",100,1,0.5,"OU","mcar",0.3,"ord","freq_lambda",200,6000,0.0409225722384448,0.00482399442840636
"types_mixed",1000,1,0.5,"OU","mcar",0.3,"ord","freq_lambda",200,60000,0.0265729963116519,0.00147688296761951
"types_mixed",100,1,0,"BM","mcar",0.1,"ord","gnn_on",15,150,0.0748148148148148,0.0217899972175639
"types_mixed",1000,1,0,"BM","mcar",0.1,"ord","gnn_on",9,900,0.0989876543209877,0.0205134615932905
"types_mixed",100,1,0.5,"BM","mcar",0.1,"ord","gnn_on",17,170,0.0798692810457517,0.0266377482306915
"types_mixed",1000,1,0.5,"BM","mcar",0.1,"ord","gnn_on",7,700,0.183619047619048,0.0295614537048367
"types_mixed",1000,1,0,"OU","mcar",0.1,"ord","gnn_on",1,100,0.34,NA
"types_mixed",100,1,0.5,"OU","mcar",0.1,"ord","gnn_on",3,30,0.308888888888889,0.0528129166870485
"types_mixed",100,1,0,"BM","clade",0.3,"ord","gnn_on",15,455,0.127327206046239,0.0366741457440489
"types_mixed",1000,1,0,"BM","clade",0.3,"ord","gnn_on",9,2698,0.139723572643751,0.0587407255424658
"types_mixed",100,1,0.5,"BM","clade",0.3,"ord","gnn_on",17,525,0.140626668585748,0.0341258322113776
"types_mixed",1000,1,0.5,"BM","clade",0.3,"ord","gnn_on",7,2086,0.232686888282453,0.0442945828768933
"types_mixed",1000,1,0,"OU","clade",0.3,"ord","gnn_on",1,303,0.493155484845472,NA
"types_mixed",100,1,0.5,"OU","clade",0.3,"ord","gnn_on",3,91,0.329438263599754,0.0245173339944332
"types_mixed",100,1,0,"BM","mar",0.3,"ord","gnn_on",15,432,0.181082500472453,0.0450243452202137
"types_mixed",1000,1,0,"BM","mar",0.3,"ord","gnn_on",9,2779,0.182179082883787,0.0318116717064889
"types_mixed",100,1,0.5,"BM","mar",0.3,"ord","gnn_on",17,535,0.105288754183875,0.0278233375908264
"types_mixed",1000,1,0.5,"BM","mar",0.3,"ord","gnn_on",7,2084,0.130637963515211,0.0399878119206587
"types_mixed",1000,1,0,"OU","mar",0.3,"ord","gnn_on",1,309,0.385080484640711,NA
"types_mixed",100,1,0.5,"OU","mar",0.3,"ord","gnn_on",3,95,0.3187986557646,0.0372121273338709
"types_mixed",1000,1,0,"OU","mcar",0.3,"ord","gnn_on",1,300,0.353333333333333,NA
"types_mixed",100,1,0.5,"OU","mcar",0.3,"ord","gnn_on",3,90,0.176507936507937,0.0212832490459076
