"dgp","n","lambda","rho","evo","miss","frac","trait","metric","arm","reference","n_common_seeds","mean_diff","mcse_diff"
"types_mixed",100,0.3,0,"BM","mcar",0.3,"bin","accuracy","bace","freq",100,0.126666666666667,0.0119012019689305
"types_mixed",100,0.3,0,"BM","mcar",0.3,"bin","accuracy","freq_lambda","freq",200,0.0128333333333333,0.00782156355882543
"types_mixed",100,0.3,0,"BM","mcar",0.3,"bin","accuracy","gnn_on","freq",200,0.0833333333333333,0.0097369076294404
"types_mixed",100,0.3,0,"BM","mcar",0.3,"bin","accuracy","gnn_on_full","freq",200,0.0825,0.00962425717002712
"types_mixed",100,0.3,0,"BM","mcar",0.3,"bin","accuracy","gnn_off","freq",200,0.0821666666666667,0.00962118190566341
"types_mixed",100,0.3,0,"BM","mcar",0.3,"bin","accuracy","gnn_off_rphylopars","freq",200,0.079,0.00990549988507391
"types_mixed",100,0.3,0,"BM","mcar",0.3,"bin","accuracy","floor","freq",200,0.0716666666666667,0.0109277869250752
"types_mixed",300,0.3,0,"BM","mcar",0.3,"bin","accuracy","bace","freq",100,0.169777777777778,0.0083298982819243
"types_mixed",300,0.3,0,"BM","mcar",0.3,"bin","accuracy","freq_lambda","freq",200,0.0026111111111111,0.00435987199088566
"types_mixed",300,0.3,0,"BM","mcar",0.3,"bin","accuracy","gnn_on","freq",200,0.0913888888888889,0.00672846727368816
"types_mixed",300,0.3,0,"BM","mcar",0.3,"bin","accuracy","gnn_on_full","freq",200,0.093,0.00667053210104516
"types_mixed",300,0.3,0,"BM","mcar",0.3,"bin","accuracy","gnn_off","freq",200,0.0930555555555556,0.00665476207717939
"types_mixed",300,0.3,0,"BM","mcar",0.3,"bin","accuracy","gnn_off_rphylopars","freq",200,0.0922222222222222,0.00682621296533478
"types_mixed",300,0.3,0,"BM","mcar",0.3,"bin","accuracy","floor","freq",200,0.0816111111111111,0.0072986326434425
"types_mixed",1000,0.3,0,"BM","mcar",0.3,"bin","accuracy","bace","freq",100,0.173966666666667,0.00629479591947102
"types_mixed",1000,0.3,0,"BM","mcar",0.3,"bin","accuracy","freq_lambda","freq",200,0.00166666666666667,0.00231459332645932
"types_mixed",1000,0.3,0,"BM","mcar",0.3,"bin","accuracy","gnn_on","freq",200,0.0870166666666667,0.00522072265139528
"types_mixed",1000,0.3,0,"BM","mcar",0.3,"bin","accuracy","gnn_on_full","freq",200,0.08725,0.00525058490267629
"types_mixed",1000,0.3,0,"BM","mcar",0.3,"bin","accuracy","gnn_off","freq",200,0.0867166666666667,0.00526327931587291
"types_mixed",1000,0.3,0,"BM","mcar",0.3,"bin","accuracy","gnn_off_rphylopars","freq",200,0.0863833333333333,0.0053669261098165
"types_mixed",1000,0.3,0,"BM","mcar",0.3,"bin","accuracy","floor","freq",200,0.0739666666666667,0.00606038799287903
"types_mixed",100,0.7,0,"BM","mcar",0.3,"bin","accuracy","bace","freq",100,0.0673333333333333,0.0123362904817749
"types_mixed",100,0.7,0,"BM","mcar",0.3,"bin","accuracy","freq_lambda","freq",200,0.0136666666666667,0.00506347205996694
"types_mixed",100,0.7,0,"BM","mcar",0.3,"bin","accuracy","gnn_on","freq",200,0.0366666666666667,0.0107921844459063
"types_mixed",100,0.7,0,"BM","mcar",0.3,"bin","accuracy","gnn_on_full","freq",200,0.037,0.0106719783675782
"types_mixed",100,0.7,0,"BM","mcar",0.3,"bin","accuracy","gnn_off","freq",200,0.0353333333333333,0.0106453933594142
"types_mixed",100,0.7,0,"BM","mcar",0.3,"bin","accuracy","gnn_off_rphylopars","freq",200,0.0248333333333333,0.0109819340504555
"types_mixed",100,0.7,0,"BM","mcar",0.3,"bin","accuracy","floor","freq",200,-0.00683333333333333,0.0134382337034966
"types_mixed",300,0.7,0,"BM","mcar",0.3,"bin","accuracy","bace","freq",100,0.0763333333333333,0.0103072332485036
"types_mixed",300,0.7,0,"BM","mcar",0.3,"bin","accuracy","freq_lambda","freq",200,0.00422222222222222,0.00271887292677223
"types_mixed",300,0.7,0,"BM","mcar",0.3,"bin","accuracy","gnn_on","freq",200,0.0469444444444444,0.00652103997876225
"types_mixed",300,0.7,0,"BM","mcar",0.3,"bin","accuracy","gnn_on_full","freq",200,0.0472222222222222,0.00649354119876671
"types_mixed",300,0.7,0,"BM","mcar",0.3,"bin","accuracy","gnn_off","freq",200,0.0458333333333333,0.00649410843629869
"types_mixed",300,0.7,0,"BM","mcar",0.3,"bin","accuracy","gnn_off_rphylopars","freq",200,0.0228888888888889,0.00644409787473737
"types_mixed",300,0.7,0,"BM","mcar",0.3,"bin","accuracy","floor","freq",200,-0.0261111111111111,0.00989389392722809
"types_mixed",1000,0.7,0,"BM","mcar",0.3,"bin","accuracy","bace","freq",100,0.0842,0.00852732058788279
"types_mixed",1000,0.7,0,"BM","mcar",0.3,"bin","accuracy","freq_lambda","freq",200,-0.00155,0.00156879777717258
"types_mixed",1000,0.7,0,"BM","mcar",0.3,"bin","accuracy","gnn_on","freq",200,0.0321,0.00481061257012374
"types_mixed",1000,0.7,0,"BM","mcar",0.3,"bin","accuracy","gnn_on_full","freq",200,0.0322833333333333,0.00464992075003161
"types_mixed",1000,0.7,0,"BM","mcar",0.3,"bin","accuracy","gnn_off","freq",200,0.0333333333333333,0.00461535562418417
"types_mixed",1000,0.7,0,"BM","mcar",0.3,"bin","accuracy","gnn_off_rphylopars","freq",200,0.0196333333333333,0.00521416219897175
"types_mixed",1000,0.7,0,"BM","mcar",0.3,"bin","accuracy","floor","freq",200,-0.0521333333333333,0.00890865111946168
"types_mixed",100,1,0,"BM","mcar",0.3,"bin","accuracy","bace","freq",100,-0.1,0.0148543244203258
"types_mixed",100,1,0,"BM","mcar",0.3,"bin","accuracy","freq_lambda","freq",200,0.000499999999999999,0.000500000000000001
"types_mixed",100,1,0,"BM","mcar",0.3,"bin","accuracy","gnn_on","freq",200,-0.0396666666666667,0.0066178699925591
"types_mixed",100,1,0,"BM","mcar",0.3,"bin","accuracy","gnn_on_full","freq",185,-0.0358558558558559,0.00702740364774575
"types_mixed",100,1,0,"BM","mcar",0.3,"bin","accuracy","gnn_off","freq",200,-0.0331666666666667,0.00653341494838435
"types_mixed",100,1,0,"BM","mcar",0.3,"bin","accuracy","gnn_off_rphylopars","freq",200,-0.0376666666666667,0.00678006570019343
"types_mixed",100,1,0,"BM","mcar",0.3,"bin","accuracy","floor","freq",200,-0.208833333333333,0.0122496766670714
"types_mixed",300,1,0,"BM","mcar",0.3,"bin","accuracy","bace","freq",100,-0.127333333333333,0.0158921574499034
"types_mixed",300,1,0,"BM","mcar",0.3,"bin","accuracy","freq_lambda","freq",200,0,0
"types_mixed",300,1,0,"BM","mcar",0.3,"bin","accuracy","gnn_on","freq",200,-0.00666666666666667,0.00135053118707088
"types_mixed",300,1,0,"BM","mcar",0.3,"bin","accuracy","gnn_on_full","freq",186,-0.00388291517323775,0.00117419936247649
"types_mixed",300,1,0,"BM","mcar",0.3,"bin","accuracy","gnn_off","freq",200,-0.00361111111111111,0.00109405530356491
"types_mixed",300,1,0,"BM","mcar",0.3,"bin","accuracy","gnn_off_rphylopars","freq",200,-0.00355555555555555,0.00115158015662182
"types_mixed",300,1,0,"BM","mcar",0.3,"bin","accuracy","floor","freq",200,-0.223,0.010986320445234
"types_mixed",1000,1,0,"BM","mcar",0.3,"bin","accuracy","bace","freq",93,-0.0991039426523297,0.0153891852095662
"types_mixed",1000,1,0,"BM","mcar",0.3,"bin","accuracy","freq_lambda","freq",200,-1.66666666666671e-05,1.66666666666671e-05
"types_mixed",1000,1,0,"BM","mcar",0.3,"bin","accuracy","gnn_on","freq",200,-0.003,0.000490558541724368
"types_mixed",1000,1,0,"BM","mcar",0.3,"bin","accuracy","gnn_on_full","freq",191,-0.000593368237347296,0.000293811977439189
"types_mixed",1000,1,0,"BM","mcar",0.3,"bin","accuracy","gnn_off","freq",200,-0.00065,0.000295789832128523
"types_mixed",1000,1,0,"BM","mcar",0.3,"bin","accuracy","gnn_off_rphylopars","freq",200,-0.000416666666666667,0.000263059247136814
"types_mixed",1000,1,0,"BM","mcar",0.3,"bin","accuracy","floor","freq",200,-0.2416,0.0103361686281498
"types_mixed",100,0.3,0.5,"BM","mcar",0.3,"bin","accuracy","bace","freq",100,0.145,0.0126097872308273
"types_mixed",100,0.3,0.5,"BM","mcar",0.3,"bin","accuracy","freq_lambda","freq",200,-0.00666666666666667,0.00720986358308224
"types_mixed",100,0.3,0.5,"BM","mcar",0.3,"bin","accuracy","gnn_on","freq",200,0.0485,0.00980490169009505
"types_mixed",100,0.3,0.5,"BM","mcar",0.3,"bin","accuracy","gnn_on_full","freq",200,0.0466666666666667,0.00973117160088401
"types_mixed",100,0.3,0.5,"BM","mcar",0.3,"bin","accuracy","gnn_off","freq",200,0.0445,0.0096946038280883
"types_mixed",100,0.3,0.5,"BM","mcar",0.3,"bin","accuracy","gnn_off_rphylopars","freq",200,0.0478333333333333,0.00977861446981066
"types_mixed",100,0.3,0.5,"BM","mcar",0.3,"bin","accuracy","floor","freq",200,0.041,0.0103719492430278
"types_mixed",300,0.3,0.5,"BM","mcar",0.3,"bin","accuracy","bace","freq",100,0.201888888888889,0.00858204246083652
"types_mixed",300,0.3,0.5,"BM","mcar",0.3,"bin","accuracy","freq_lambda","freq",200,-0.00127777777777777,0.00463319032994955
"types_mixed",300,0.3,0.5,"BM","mcar",0.3,"bin","accuracy","gnn_on","freq",200,0.0904444444444445,0.00652845755990995
"types_mixed",300,0.3,0.5,"BM","mcar",0.3,"bin","accuracy","gnn_on_full","freq",200,0.0886111111111111,0.00646034614684025
"types_mixed",300,0.3,0.5,"BM","mcar",0.3,"bin","accuracy","gnn_off","freq",200,0.0898888888888889,0.00653992211739326
"types_mixed",300,0.3,0.5,"BM","mcar",0.3,"bin","accuracy","gnn_off_rphylopars","freq",200,0.0937777777777778,0.0066883325589331
"types_mixed",300,0.3,0.5,"BM","mcar",0.3,"bin","accuracy","floor","freq",200,0.0867222222222222,0.00706325391046577
"types_mixed",1000,0.3,0.5,"BM","mcar",0.3,"bin","accuracy","bace","freq",97,0.215807560137457,0.00663604046858483
"types_mixed",1000,0.3,0.5,"BM","mcar",0.3,"bin","accuracy","freq_lambda","freq",200,0.00123333333333333,0.0023876555319267
"types_mixed",1000,0.3,0.5,"BM","mcar",0.3,"bin","accuracy","gnn_on","freq",200,0.08565,0.00496341711846828
"types_mixed",1000,0.3,0.5,"BM","mcar",0.3,"bin","accuracy","gnn_on_full","freq",200,0.0857833333333333,0.00492600056582816
"types_mixed",1000,0.3,0.5,"BM","mcar",0.3,"bin","accuracy","gnn_off","freq",200,0.0859333333333333,0.0049109979244734
"types_mixed",1000,0.3,0.5,"BM","mcar",0.3,"bin","accuracy","gnn_off_rphylopars","freq",200,0.0935833333333333,0.00489572663734908
"types_mixed",1000,0.3,0.5,"BM","mcar",0.3,"bin","accuracy","floor","freq",200,0.0727833333333333,0.00542291689390414
"types_mixed",100,0.7,0.5,"BM","mcar",0.3,"bin","accuracy","bace","freq",97,0.0649484536082474,0.0125440340668103
"types_mixed",100,0.7,0.5,"BM","mcar",0.3,"bin","accuracy","freq_lambda","freq",200,-0.002,0.00496576779607932
"types_mixed",100,0.7,0.5,"BM","mcar",0.3,"bin","accuracy","gnn_on","freq",200,0.0208333333333333,0.00876976908502033
"types_mixed",100,0.7,0.5,"BM","mcar",0.3,"bin","accuracy","gnn_on_full","freq",200,0.0186666666666667,0.00859030916218702
"types_mixed",100,0.7,0.5,"BM","mcar",0.3,"bin","accuracy","gnn_off","freq",200,0.0191666666666667,0.00858314834491911
"types_mixed",100,0.7,0.5,"BM","mcar",0.3,"bin","accuracy","gnn_off_rphylopars","freq",200,0.0045,0.00899369311867476
"types_mixed",100,0.7,0.5,"BM","mcar",0.3,"bin","accuracy","floor","freq",200,-0.0536666666666667,0.0116452063930815
"types_mixed",300,0.7,0.5,"BM","mcar",0.3,"bin","accuracy","bace","freq",99,0.112121212121212,0.0102336738132527
"types_mixed",300,0.7,0.5,"BM","mcar",0.3,"bin","accuracy","freq_lambda","freq",200,0.00311111111111111,0.00324578878858483
"types_mixed",300,0.7,0.5,"BM","mcar",0.3,"bin","accuracy","gnn_on","freq",200,0.0516111111111111,0.00700070343793002
"types_mixed",300,0.7,0.5,"BM","mcar",0.3,"bin","accuracy","gnn_on_full","freq",200,0.0516666666666667,0.00706942257398009
"types_mixed",300,0.7,0.5,"BM","mcar",0.3,"bin","accuracy","gnn_off","freq",200,0.0504444444444444,0.00713541004817646
"types_mixed",300,0.7,0.5,"BM","mcar",0.3,"bin","accuracy","gnn_off_rphylopars","freq",200,0.0363333333333333,0.00779837346496375
"types_mixed",300,0.7,0.5,"BM","mcar",0.3,"bin","accuracy","floor","freq",200,-0.00888888888888889,0.00984651742135842
"types_mixed",1000,0.7,0.5,"BM","mcar",0.3,"bin","accuracy","bace","freq",90,0.106888888888889,0.00966720477214244
"types_mixed",1000,0.7,0.5,"BM","mcar",0.3,"bin","accuracy","freq_lambda","freq",200,-0.000149999999999997,0.0013131422413675
"types_mixed",1000,0.7,0.5,"BM","mcar",0.3,"bin","accuracy","gnn_on","freq",200,0.0393166666666667,0.00468233177771559
"types_mixed",1000,0.7,0.5,"BM","mcar",0.3,"bin","accuracy","gnn_on_full","freq",200,0.03855,0.00453102571452469
"types_mixed",1000,0.7,0.5,"BM","mcar",0.3,"bin","accuracy","gnn_off","freq",200,0.0379,0.00450549078749263
"types_mixed",1000,0.7,0.5,"BM","mcar",0.3,"bin","accuracy","gnn_off_rphylopars","freq",200,0.03845,0.00542523816076869
"types_mixed",1000,0.7,0.5,"BM","mcar",0.3,"bin","accuracy","floor","freq",200,-0.0373666666666667,0.00910631388326145
"types_mixed",100,1,0.5,"BM","mcar",0.3,"bin","accuracy","bace","freq",100,-0.117333333333333,0.017222906470604
"types_mixed",100,1,0.5,"BM","mcar",0.3,"bin","accuracy","freq_lambda","freq",200,0,0
"types_mixed",100,1,0.5,"BM","mcar",0.3,"bin","accuracy","gnn_on","freq",200,-0.031,0.00560424781064965
"types_mixed",100,1,0.5,"BM","mcar",0.3,"bin","accuracy","gnn_on_full","freq",183,-0.0313296903460838,0.00598670883041945
"types_mixed",100,1,0.5,"BM","mcar",0.3,"bin","accuracy","gnn_off","freq",200,-0.0286666666666667,0.00551147222389976
"types_mixed",100,1,0.5,"BM","mcar",0.3,"bin","accuracy","gnn_off_rphylopars","freq",200,-0.0315,0.00578894333017307
"types_mixed",100,1,0.5,"BM","mcar",0.3,"bin","accuracy","floor","freq",200,-0.216833333333333,0.0122143463533565
"types_mixed",300,1,0.5,"BM","mcar",0.3,"bin","accuracy","bace","freq",100,-0.0953333333333333,0.0136669632152364
"types_mixed",300,1,0.5,"BM","mcar",0.3,"bin","accuracy","freq_lambda","freq",200,0,0
"types_mixed",300,1,0.5,"BM","mcar",0.3,"bin","accuracy","gnn_on","freq",200,-0.00694444444444444,0.00154835515470196
"types_mixed",300,1,0.5,"BM","mcar",0.3,"bin","accuracy","gnn_on_full","freq",185,-0.00282282282282282,0.00151525234973488
"types_mixed",300,1,0.5,"BM","mcar",0.3,"bin","accuracy","gnn_off","freq",200,-0.00261111111111111,0.00140231367847285
"types_mixed",300,1,0.5,"BM","mcar",0.3,"bin","accuracy","gnn_off_rphylopars","freq",200,-0.00327777777777778,0.00159057162965515
"types_mixed",300,1,0.5,"BM","mcar",0.3,"bin","accuracy","floor","freq",200,-0.221388888888889,0.00995832793091299
"types_mixed",1000,1,0.5,"BM","mcar",0.3,"bin","accuracy","bace","freq",100,-0.0924666666666667,0.0153190989411298
"types_mixed",1000,1,0.5,"BM","mcar",0.3,"bin","accuracy","freq_lambda","freq",200,-1.66666666666665e-05,1.66666666666665e-05
"types_mixed",1000,1,0.5,"BM","mcar",0.3,"bin","accuracy","gnn_on","freq",200,-0.00311666666666667,0.000528937865174128
"types_mixed",1000,1,0.5,"BM","mcar",0.3,"bin","accuracy","gnn_on_full","freq",193,-0.00070811744386874,0.000430571859117247
"types_mixed",1000,1,0.5,"BM","mcar",0.3,"bin","accuracy","gnn_off","freq",200,-0.000883333333333335,0.000428908929616861
"types_mixed",1000,1,0.5,"BM","mcar",0.3,"bin","accuracy","gnn_off_rphylopars","freq",200,-0.000450000000000003,0.00028026220075588
"types_mixed",1000,1,0.5,"BM","mcar",0.3,"bin","accuracy","floor","freq",200,-0.245483333333333,0.0109370795125362
"types_mixed",100,0.3,0,"BM","mcar",0.3,"cat3","accuracy","bace","freq",100,0.133333333333333,0.0125081342781444
"types_mixed",100,0.3,0,"BM","mcar",0.3,"cat3","accuracy","freq_lambda","freq",200,0.0106666666666667,0.00732800171649104
"types_mixed",100,0.3,0,"BM","mcar",0.3,"cat3","accuracy","gnn_on","freq",200,0.0798333333333333,0.0100498408975409
"types_mixed",100,0.3,0,"BM","mcar",0.3,"cat3","accuracy","gnn_on_full","freq",200,0.0796666666666667,0.00999382835796496
"types_mixed",100,0.3,0,"BM","mcar",0.3,"cat3","accuracy","gnn_off","freq",200,0.079,0.00997850845229085
"types_mixed",100,0.3,0,"BM","mcar",0.3,"cat3","accuracy","gnn_off_rphylopars","freq",200,0.0795,0.0100547843280631
"types_mixed",100,0.3,0,"BM","mcar",0.3,"cat3","accuracy","floor","freq",200,0.0726666666666667,0.0103640059170573
"types_mixed",300,0.3,0,"BM","mcar",0.3,"cat3","accuracy","bace","freq",100,0.153333333333333,0.00863122627965805
"types_mixed",300,0.3,0,"BM","mcar",0.3,"cat3","accuracy","freq_lambda","freq",200,-0.00027777777777778,0.00439068371445323
"types_mixed",300,0.3,0,"BM","mcar",0.3,"cat3","accuracy","gnn_on","freq",200,0.0851111111111111,0.00741744899125114
"types_mixed",300,0.3,0,"BM","mcar",0.3,"cat3","accuracy","gnn_on_full","freq",200,0.0848888888888889,0.00745440885835409
"types_mixed",300,0.3,0,"BM","mcar",0.3,"cat3","accuracy","gnn_off","freq",200,0.0838888888888889,0.00744846012845967
"types_mixed",300,0.3,0,"BM","mcar",0.3,"cat3","accuracy","gnn_off_rphylopars","freq",200,0.083,0.00745809893036191
"types_mixed",300,0.3,0,"BM","mcar",0.3,"cat3","accuracy","floor","freq",200,0.0783333333333333,0.00770837263132522
"types_mixed",1000,0.3,0,"BM","mcar",0.3,"cat3","accuracy","bace","freq",100,0.182433333333333,0.0066350859738991
"types_mixed",1000,0.3,0,"BM","mcar",0.3,"cat3","accuracy","freq_lambda","freq",200,0.000149999999999997,0.00290557690718999
"types_mixed",1000,0.3,0,"BM","mcar",0.3,"cat3","accuracy","gnn_on","freq",200,0.0997166666666667,0.00581459193247043
"types_mixed",1000,0.3,0,"BM","mcar",0.3,"cat3","accuracy","gnn_on_full","freq",200,0.0999666666666667,0.00569830511500536
"types_mixed",1000,0.3,0,"BM","mcar",0.3,"cat3","accuracy","gnn_off","freq",200,0.0997833333333333,0.00571821452788671
"types_mixed",1000,0.3,0,"BM","mcar",0.3,"cat3","accuracy","gnn_off_rphylopars","freq",200,0.0997333333333333,0.00585061379190624
"types_mixed",1000,0.3,0,"BM","mcar",0.3,"cat3","accuracy","floor","freq",200,0.09535,0.00607421518988977
"types_mixed",100,0.7,0,"BM","mcar",0.3,"cat3","accuracy","bace","freq",100,0.0836666666666667,0.0138736886519977
"types_mixed",100,0.7,0,"BM","mcar",0.3,"cat3","accuracy","freq_lambda","freq",200,0.00916666666666667,0.00596817120733164
"types_mixed",100,0.7,0,"BM","mcar",0.3,"cat3","accuracy","gnn_on","freq",200,0.034,0.0103240624105347
"types_mixed",100,0.7,0,"BM","mcar",0.3,"cat3","accuracy","gnn_on_full","freq",200,0.0378333333333333,0.0103799335575354
"types_mixed",100,0.7,0,"BM","mcar",0.3,"cat3","accuracy","gnn_off","freq",200,0.0381666666666667,0.0102818936331503
"types_mixed",100,0.7,0,"BM","mcar",0.3,"cat3","accuracy","gnn_off_rphylopars","freq",200,0.026,0.0100450131520022
"types_mixed",100,0.7,0,"BM","mcar",0.3,"cat3","accuracy","floor","freq",200,-0.006,0.0116091186555038
"types_mixed",300,0.7,0,"BM","mcar",0.3,"cat3","accuracy","bace","freq",100,0.113555555555556,0.0113921582452568
"types_mixed",300,0.7,0,"BM","mcar",0.3,"cat3","accuracy","freq_lambda","freq",200,0.00133333333333333,0.00302045470040248
"types_mixed",300,0.7,0,"BM","mcar",0.3,"cat3","accuracy","gnn_on","freq",200,0.0627222222222222,0.00695491561195586
"types_mixed",300,0.7,0,"BM","mcar",0.3,"cat3","accuracy","gnn_on_full","freq",200,0.0629444444444444,0.00687569092005602
"types_mixed",300,0.7,0,"BM","mcar",0.3,"cat3","accuracy","gnn_off","freq",200,0.0622777777777778,0.00687326333467559
"types_mixed",300,0.7,0,"BM","mcar",0.3,"cat3","accuracy","gnn_off_rphylopars","freq",200,0.0452222222222222,0.00714699471595007
"types_mixed",300,0.7,0,"BM","mcar",0.3,"cat3","accuracy","floor","freq",200,0.0107777777777778,0.0100839918309346
"types_mixed",1000,0.7,0,"BM","mcar",0.3,"cat3","accuracy","bace","freq",100,0.141366666666667,0.0091605084916131
"types_mixed",1000,0.7,0,"BM","mcar",0.3,"cat3","accuracy","freq_lambda","freq",200,-0.00328333333333333,0.00171251469730862
"types_mixed",1000,0.7,0,"BM","mcar",0.3,"cat3","accuracy","gnn_on","freq",200,0.0767166666666667,0.00594847959967408
"types_mixed",1000,0.7,0,"BM","mcar",0.3,"cat3","accuracy","gnn_on_full","freq",200,0.07655,0.00590622689981272
"types_mixed",1000,0.7,0,"BM","mcar",0.3,"cat3","accuracy","gnn_off","freq",200,0.0748,0.00585758967357049
"types_mixed",1000,0.7,0,"BM","mcar",0.3,"cat3","accuracy","gnn_off_rphylopars","freq",200,0.0645333333333333,0.00605465706200361
"types_mixed",1000,0.7,0,"BM","mcar",0.3,"cat3","accuracy","floor","freq",200,0.0134666666666667,0.008966992017411
"types_mixed",100,1,0,"BM","mcar",0.3,"cat3","accuracy","bace","freq",100,-0.131666666666667,0.0192355299295933
"types_mixed",100,1,0,"BM","mcar",0.3,"cat3","accuracy","freq_lambda","freq",200,-0.000166666666666667,0.000166666666666667
"types_mixed",100,1,0,"BM","mcar",0.3,"cat3","accuracy","gnn_on","freq",200,-0.0348333333333333,0.00574100174715702
"types_mixed",100,1,0,"BM","mcar",0.3,"cat3","accuracy","gnn_on_full","freq",185,-0.027027027027027,0.00602031849939262
"types_mixed",100,1,0,"BM","mcar",0.3,"cat3","accuracy","gnn_off","freq",200,-0.01,0.00805827463303519
"types_mixed",100,1,0,"BM","mcar",0.3,"cat3","accuracy","gnn_off_rphylopars","freq",200,-0.0148333333333333,0.00869065582129059
"types_mixed",100,1,0,"BM","mcar",0.3,"cat3","accuracy","floor","freq",200,-0.292166666666667,0.0134707688579262
"types_mixed",300,1,0,"BM","mcar",0.3,"cat3","accuracy","bace","freq",100,-0.163888888888889,0.0198607039663793
"types_mixed",300,1,0,"BM","mcar",0.3,"cat3","accuracy","freq_lambda","freq",200,0,0
"types_mixed",300,1,0,"BM","mcar",0.3,"cat3","accuracy","gnn_on","freq",200,-0.0117777777777778,0.00271782310716478
"types_mixed",300,1,0,"BM","mcar",0.3,"cat3","accuracy","gnn_on_full","freq",186,-0.00621266427718041,0.00277985937850775
"types_mixed",300,1,0,"BM","mcar",0.3,"cat3","accuracy","gnn_off","freq",200,0.0145555555555556,0.00671968033857239
"types_mixed",300,1,0,"BM","mcar",0.3,"cat3","accuracy","gnn_off_rphylopars","freq",200,0.0131111111111111,0.00686778345112953
"types_mixed",300,1,0,"BM","mcar",0.3,"cat3","accuracy","floor","freq",200,-0.306333333333333,0.0127468516091048
"types_mixed",1000,1,0,"BM","mcar",0.3,"cat3","accuracy","bace","freq",93,-0.128566308243728,0.0188061418835838
"types_mixed",1000,1,0,"BM","mcar",0.3,"cat3","accuracy","freq_lambda","freq",200,1.66666666666665e-05,1.66666666666665e-05
"types_mixed",1000,1,0,"BM","mcar",0.3,"cat3","accuracy","gnn_on","freq",200,-0.00625,0.00245062207943501
"types_mixed",1000,1,0,"BM","mcar",0.3,"cat3","accuracy","gnn_on_full","freq",191,-0.00361256544502618,0.00254836920988983
"types_mixed",1000,1,0,"BM","mcar",0.3,"cat3","accuracy","gnn_off","freq",200,0.01395,0.00672279876029415
"types_mixed",1000,1,0,"BM","mcar",0.3,"cat3","accuracy","gnn_off_rphylopars","freq",200,0.0131,0.00677860421868289
"types_mixed",1000,1,0,"BM","mcar",0.3,"cat3","accuracy","floor","freq",200,-0.326883333333333,0.0120708192577985
"types_mixed",100,0.3,0.5,"BM","mcar",0.3,"cat3","accuracy","bace","freq",100,0.119333333333333,0.0128636115770741
"types_mixed",100,0.3,0.5,"BM","mcar",0.3,"cat3","accuracy","freq_lambda","freq",200,-0.0158333333333333,0.0075426851575429
"types_mixed",100,0.3,0.5,"BM","mcar",0.3,"cat3","accuracy","gnn_on","freq",200,0.0646666666666667,0.00982720616534486
"types_mixed",100,0.3,0.5,"BM","mcar",0.3,"cat3","accuracy","gnn_on_full","freq",200,0.065,0.00971035009354144
"types_mixed",100,0.3,0.5,"BM","mcar",0.3,"cat3","accuracy","gnn_off","freq",200,0.0631666666666667,0.00963428846557212
"types_mixed",100,0.3,0.5,"BM","mcar",0.3,"cat3","accuracy","gnn_off_rphylopars","freq",200,0.0588333333333333,0.00986502289490084
"types_mixed",100,0.3,0.5,"BM","mcar",0.3,"cat3","accuracy","floor","freq",200,0.0498333333333333,0.0106882045433073
"types_mixed",300,0.3,0.5,"BM","mcar",0.3,"cat3","accuracy","bace","freq",100,0.202888888888889,0.00915785550748357
"types_mixed",300,0.3,0.5,"BM","mcar",0.3,"cat3","accuracy","freq_lambda","freq",200,-2.22044604925031e-18,0.00459879926174128
"types_mixed",300,0.3,0.5,"BM","mcar",0.3,"cat3","accuracy","gnn_on","freq",200,0.0926666666666667,0.00704775306406679
"types_mixed",300,0.3,0.5,"BM","mcar",0.3,"cat3","accuracy","gnn_on_full","freq",200,0.0913888888888889,0.00713001635319642
"types_mixed",300,0.3,0.5,"BM","mcar",0.3,"cat3","accuracy","gnn_off","freq",200,0.0917777777777778,0.00711032589187919
"types_mixed",300,0.3,0.5,"BM","mcar",0.3,"cat3","accuracy","gnn_off_rphylopars","freq",200,0.0926666666666667,0.00713175743710456
"types_mixed",300,0.3,0.5,"BM","mcar",0.3,"cat3","accuracy","floor","freq",200,0.0863888888888889,0.00726064063380781
"types_mixed",1000,0.3,0.5,"BM","mcar",0.3,"cat3","accuracy","bace","freq",97,0.225463917525773,0.00604196252129631
"types_mixed",1000,0.3,0.5,"BM","mcar",0.3,"cat3","accuracy","freq_lambda","freq",200,-0.00423333333333334,0.0028538482839698
"types_mixed",1000,0.3,0.5,"BM","mcar",0.3,"cat3","accuracy","gnn_on","freq",200,0.109833333333333,0.00555102970312138
"types_mixed",1000,0.3,0.5,"BM","mcar",0.3,"cat3","accuracy","gnn_on_full","freq",200,0.11,0.00553487496435301
"types_mixed",1000,0.3,0.5,"BM","mcar",0.3,"cat3","accuracy","gnn_off","freq",200,0.110333333333333,0.00549620446671353
"types_mixed",1000,0.3,0.5,"BM","mcar",0.3,"cat3","accuracy","gnn_off_rphylopars","freq",200,0.113183333333333,0.00546509647241653
"types_mixed",1000,0.3,0.5,"BM","mcar",0.3,"cat3","accuracy","floor","freq",200,0.100933333333333,0.00598323359985561
"types_mixed",100,0.7,0.5,"BM","mcar",0.3,"cat3","accuracy","bace","freq",97,0.124054982817869,0.0159252491812118
"types_mixed",100,0.7,0.5,"BM","mcar",0.3,"cat3","accuracy","freq_lambda","freq",200,0.00833333333333334,0.00609230139083247
"types_mixed",100,0.7,0.5,"BM","mcar",0.3,"cat3","accuracy","gnn_on","freq",200,0.0596666666666667,0.0103581589718652
"types_mixed",100,0.7,0.5,"BM","mcar",0.3,"cat3","accuracy","gnn_on_full","freq",200,0.0585,0.0102440828748851
"types_mixed",100,0.7,0.5,"BM","mcar",0.3,"cat3","accuracy","gnn_off","freq",200,0.0571666666666667,0.010260094646504
"types_mixed",100,0.7,0.5,"BM","mcar",0.3,"cat3","accuracy","gnn_off_rphylopars","freq",200,0.0428333333333333,0.0107646709519389
"types_mixed",100,0.7,0.5,"BM","mcar",0.3,"cat3","accuracy","floor","freq",200,-0.0035,0.0127497878810045
"types_mixed",300,0.7,0.5,"BM","mcar",0.3,"cat3","accuracy","bace","freq",99,0.153872053872054,0.0118550763028134
"types_mixed",300,0.7,0.5,"BM","mcar",0.3,"cat3","accuracy","freq_lambda","freq",200,0.000833333333333331,0.00273182254098504
"types_mixed",300,0.7,0.5,"BM","mcar",0.3,"cat3","accuracy","gnn_on","freq",200,0.0733333333333333,0.0075810650917143
"types_mixed",300,0.7,0.5,"BM","mcar",0.3,"cat3","accuracy","gnn_on_full","freq",200,0.0727222222222222,0.00762097564658352
"types_mixed",300,0.7,0.5,"BM","mcar",0.3,"cat3","accuracy","gnn_off","freq",200,0.0712222222222222,0.00769364644012378
"types_mixed",300,0.7,0.5,"BM","mcar",0.3,"cat3","accuracy","gnn_off_rphylopars","freq",200,0.0621666666666667,0.00779056836940235
"types_mixed",300,0.7,0.5,"BM","mcar",0.3,"cat3","accuracy","floor","freq",200,0.0184444444444444,0.00981415495957593
"types_mixed",1000,0.7,0.5,"BM","mcar",0.3,"cat3","accuracy","bace","freq",90,0.180962962962963,0.0106721329684294
"types_mixed",1000,0.7,0.5,"BM","mcar",0.3,"cat3","accuracy","freq_lambda","freq",200,0.000349999999999998,0.00183267042987074
"types_mixed",1000,0.7,0.5,"BM","mcar",0.3,"cat3","accuracy","gnn_on","freq",200,0.0788166666666667,0.00667001161897101
"types_mixed",1000,0.7,0.5,"BM","mcar",0.3,"cat3","accuracy","gnn_on_full","freq",200,0.0789666666666667,0.00670059998813576
"types_mixed",1000,0.7,0.5,"BM","mcar",0.3,"cat3","accuracy","gnn_off","freq",200,0.0791333333333333,0.00633448988822728
"types_mixed",1000,0.7,0.5,"BM","mcar",0.3,"cat3","accuracy","gnn_off_rphylopars","freq",200,0.0761333333333333,0.00675859731250557
"types_mixed",1000,0.7,0.5,"BM","mcar",0.3,"cat3","accuracy","floor","freq",200,0.0173,0.0089401630808894
"types_mixed",100,1,0.5,"BM","mcar",0.3,"cat3","accuracy","bace","freq",100,-0.154333333333333,0.0182860117770814
"types_mixed",100,1,0.5,"BM","mcar",0.3,"cat3","accuracy","freq_lambda","freq",200,-0.000166666666666667,0.000166666666666667
"types_mixed",100,1,0.5,"BM","mcar",0.3,"cat3","accuracy","gnn_on","freq",200,-0.0421666666666667,0.00630278934643268
"types_mixed",100,1,0.5,"BM","mcar",0.3,"cat3","accuracy","gnn_on_full","freq",183,-0.0313296903460838,0.00678102736361784
"types_mixed",100,1,0.5,"BM","mcar",0.3,"cat3","accuracy","gnn_off","freq",200,-0.004,0.00960573995532544
"types_mixed",100,1,0.5,"BM","mcar",0.3,"cat3","accuracy","gnn_off_rphylopars","freq",200,-0.0121666666666667,0.00957260159435243
"types_mixed",100,1,0.5,"BM","mcar",0.3,"cat3","accuracy","floor","freq",200,-0.271333333333333,0.0128840553904978
"types_mixed",300,1,0.5,"BM","mcar",0.3,"cat3","accuracy","bace","freq",100,-0.143777777777778,0.0197198359315747
"types_mixed",300,1,0.5,"BM","mcar",0.3,"cat3","accuracy","freq_lambda","freq",200,0.000111111111111111,0.000111111111111111
"types_mixed",300,1,0.5,"BM","mcar",0.3,"cat3","accuracy","gnn_on","freq",200,-0.0101666666666667,0.00276774009972603
"types_mixed",300,1,0.5,"BM","mcar",0.3,"cat3","accuracy","gnn_on_full","freq",185,-0.00432432432432432,0.00278851455370713
"types_mixed",300,1,0.5,"BM","mcar",0.3,"cat3","accuracy","gnn_off","freq",200,0.0135555555555556,0.00576283339814174
"types_mixed",300,1,0.5,"BM","mcar",0.3,"cat3","accuracy","gnn_off_rphylopars","freq",200,0.0137222222222222,0.00577832401961951
"types_mixed",300,1,0.5,"BM","mcar",0.3,"cat3","accuracy","floor","freq",200,-0.306722222222222,0.0126531556601725
"types_mixed",1000,1,0.5,"BM","mcar",0.3,"cat3","accuracy","bace","freq",100,-0.125633333333333,0.018543466393948
"types_mixed",1000,1,0.5,"BM","mcar",0.3,"cat3","accuracy","freq_lambda","freq",200,0,0
"types_mixed",1000,1,0.5,"BM","mcar",0.3,"cat3","accuracy","gnn_on","freq",200,-0.00363333333333334,0.000459522972622036
"types_mixed",1000,1,0.5,"BM","mcar",0.3,"cat3","accuracy","gnn_on_full","freq",193,-0.000431778929188256,0.00031349350708059
"types_mixed",1000,1,0.5,"BM","mcar",0.3,"cat3","accuracy","gnn_off","freq",200,0.00906666666666667,0.00446471118974305
"types_mixed",1000,1,0.5,"BM","mcar",0.3,"cat3","accuracy","gnn_off_rphylopars","freq",200,0.00843333333333333,0.00447493858917465
"types_mixed",1000,1,0.5,"BM","mcar",0.3,"cat3","accuracy","floor","freq",200,-0.34625,0.0116428552772137
"types_mixed",100,0.3,0,"BM","mcar",0.3,"ord","accuracy","bace","freq",100,0.0333333333333333,0.0116630586051402
"types_mixed",100,0.3,0,"BM","mcar",0.3,"ord","accuracy","freq_lambda","freq",200,0.000833333333333332,0.000833333333333334
"types_mixed",100,0.3,0,"BM","mcar",0.3,"ord","accuracy","gnn_on","freq",200,-0.0513333333333333,0.0115005886771865
"types_mixed",100,0.3,0,"BM","mcar",0.3,"ord","accuracy","gnn_on_full","freq",200,-0.0471666666666667,0.0110131070077045
"types_mixed",100,0.3,0,"BM","mcar",0.3,"ord","accuracy","gnn_off","freq",200,-0.0475,0.0110033686025242
"types_mixed",100,0.3,0,"BM","mcar",0.3,"ord","accuracy","gnn_off_rphylopars","freq",200,-0.0396666666666667,0.0112986710058822
"types_mixed",100,0.3,0,"BM","mcar",0.3,"ord","accuracy","floor","freq",200,-0.00716666666666667,0.00613853422705519
"types_mixed",300,0.3,0,"BM","mcar",0.3,"ord","accuracy","bace","freq",100,0.0804444444444444,0.00769009416865187
"types_mixed",300,0.3,0,"BM","mcar",0.3,"ord","accuracy","freq_lambda","freq",200,5.55555555555558e-05,9.63860910778109e-05
"types_mixed",300,0.3,0,"BM","mcar",0.3,"ord","accuracy","gnn_on","freq",200,-0.0456666666666667,0.00779044593279174
"types_mixed",300,0.3,0,"BM","mcar",0.3,"ord","accuracy","gnn_on_full","freq",200,-0.0390555555555556,0.00776659381757962
"types_mixed",300,0.3,0,"BM","mcar",0.3,"ord","accuracy","gnn_off","freq",200,-0.0423333333333333,0.00782405868371691
"types_mixed",300,0.3,0,"BM","mcar",0.3,"ord","accuracy","gnn_off_rphylopars","freq",200,-0.0405,0.00780441220109358
"types_mixed",300,0.3,0,"BM","mcar",0.3,"ord","accuracy","floor","freq",200,0.00872222222222223,0.00362734400663425
"types_mixed",1000,0.3,0,"BM","mcar",0.3,"ord","accuracy","bace","freq",100,0.0856333333333333,0.00585701206656804
"types_mixed",1000,0.3,0,"BM","mcar",0.3,"ord","accuracy","freq_lambda","freq",200,1.66666666666665e-05,2.89158273233433e-05
"types_mixed",1000,0.3,0,"BM","mcar",0.3,"ord","accuracy","gnn_on","freq",200,-0.0618333333333333,0.00676678383606918
"types_mixed",1000,0.3,0,"BM","mcar",0.3,"ord","accuracy","gnn_on_full","freq",200,-0.05365,0.00680319158113006
"types_mixed",1000,0.3,0,"BM","mcar",0.3,"ord","accuracy","gnn_off","freq",200,-0.0589666666666667,0.00666651549242333
"types_mixed",1000,0.3,0,"BM","mcar",0.3,"ord","accuracy","gnn_off_rphylopars","freq",200,-0.0561666666666667,0.00689519330226501
"types_mixed",1000,0.3,0,"BM","mcar",0.3,"ord","accuracy","floor","freq",200,0.00358333333333333,0.00195066703934341
"types_mixed",100,0.7,0,"BM","mcar",0.3,"ord","accuracy","bace","freq",100,0.0343333333333333,0.0166124032469299
"types_mixed",100,0.7,0,"BM","mcar",0.3,"ord","accuracy","freq_lambda","freq",200,-0.000499999999999999,0.000440641884979671
"types_mixed",100,0.7,0,"BM","mcar",0.3,"ord","accuracy","gnn_on","freq",200,0.00999999999999999,0.0106016654296741
"types_mixed",100,0.7,0,"BM","mcar",0.3,"ord","accuracy","gnn_on_full","freq",200,0.0228333333333333,0.0093942065494955
"types_mixed",100,0.7,0,"BM","mcar",0.3,"ord","accuracy","gnn_off","freq",200,0.0176666666666667,0.00963287572884495
"types_mixed",100,0.7,0,"BM","mcar",0.3,"ord","accuracy","gnn_off_rphylopars","freq",200,-0.00316666666666667,0.0100933595652959
"types_mixed",100,0.7,0,"BM","mcar",0.3,"ord","accuracy","floor","freq",200,-0.021,0.00975212041539248
"types_mixed",300,0.7,0,"BM","mcar",0.3,"ord","accuracy","bace","freq",100,0.106444444444444,0.0100580432958907
"types_mixed",300,0.7,0,"BM","mcar",0.3,"ord","accuracy","freq_lambda","freq",200,0.000500000000000001,0.00107506436310826
"types_mixed",300,0.7,0,"BM","mcar",0.3,"ord","accuracy","gnn_on","freq",200,0.0436111111111111,0.00759698036570064
"types_mixed",300,0.7,0,"BM","mcar",0.3,"ord","accuracy","gnn_on_full","freq",200,0.0491111111111111,0.00711866223872062
"types_mixed",300,0.7,0,"BM","mcar",0.3,"ord","accuracy","gnn_off","freq",200,0.0464444444444445,0.00722093790925722
"types_mixed",300,0.7,0,"BM","mcar",0.3,"ord","accuracy","gnn_off_rphylopars","freq",200,0.0230555555555556,0.007882731886939
"types_mixed",300,0.7,0,"BM","mcar",0.3,"ord","accuracy","floor","freq",200,-0.0182777777777778,0.00848828488033303
"types_mixed",1000,0.7,0,"BM","mcar",0.3,"ord","accuracy","bace","freq",100,0.119766666666667,0.00779352734404659
"types_mixed",1000,0.7,0,"BM","mcar",0.3,"ord","accuracy","freq_lambda","freq",200,8.33333333333334e-05,8.66186569767745e-05
"types_mixed",1000,0.7,0,"BM","mcar",0.3,"ord","accuracy","gnn_on","freq",200,0.0414166666666667,0.00602017998083737
"types_mixed",1000,0.7,0,"BM","mcar",0.3,"ord","accuracy","gnn_on_full","freq",200,0.03765,0.00594685177750813
"types_mixed",1000,0.7,0,"BM","mcar",0.3,"ord","accuracy","gnn_off","freq",200,0.0355666666666667,0.00555838559966787
"types_mixed",1000,0.7,0,"BM","mcar",0.3,"ord","accuracy","gnn_off_rphylopars","freq",200,0.0197833333333333,0.00627301246382477
"types_mixed",1000,0.7,0,"BM","mcar",0.3,"ord","accuracy","floor","freq",200,-0.0140666666666667,0.00725618625537141
"types_mixed",100,1,0,"BM","mcar",0.3,"ord","accuracy","bace","freq",100,-0.145333333333333,0.0195546372603492
"types_mixed",100,1,0,"BM","mcar",0.3,"ord","accuracy","freq_lambda","freq",200,0,0
"types_mixed",100,1,0,"BM","mcar",0.3,"ord","accuracy","gnn_on","freq",200,-0.013,0.00786112714138363
"types_mixed",100,1,0,"BM","mcar",0.3,"ord","accuracy","gnn_on_full","freq",185,0.0081081081081081,0.00669221030345922
"types_mixed",100,1,0,"BM","mcar",0.3,"ord","accuracy","gnn_off","freq",200,0.025,0.00776450570579919
"types_mixed",100,1,0,"BM","mcar",0.3,"ord","accuracy","gnn_off_rphylopars","freq",200,0.0181666666666667,0.00843670392981347
"types_mixed",100,1,0,"BM","mcar",0.3,"ord","accuracy","floor","freq",200,-0.325833333333333,0.0142295873369151
"types_mixed",300,1,0,"BM","mcar",0.3,"ord","accuracy","bace","freq",100,-0.184888888888889,0.0237512780157714
"types_mixed",300,1,0,"BM","mcar",0.3,"ord","accuracy","freq_lambda","freq",200,0.000166666666666667,0.000166666666666667
"types_mixed",300,1,0,"BM","mcar",0.3,"ord","accuracy","gnn_on","freq",200,-0.00550000000000001,0.00443186207498642
"types_mixed",300,1,0,"BM","mcar",0.3,"ord","accuracy","gnn_on_full","freq",186,0.0034647550776583,0.00456011840937128
"types_mixed",300,1,0,"BM","mcar",0.3,"ord","accuracy","gnn_off","freq",200,0.0242222222222222,0.00730167608173499
"types_mixed",300,1,0,"BM","mcar",0.3,"ord","accuracy","gnn_off_rphylopars","freq",200,0.0202777777777778,0.00740991663716687
"types_mixed",300,1,0,"BM","mcar",0.3,"ord","accuracy","floor","freq",200,-0.373055555555556,0.0134402556103998
"types_mixed",1000,1,0,"BM","mcar",0.3,"ord","accuracy","bace","freq",93,-0.158566308243728,0.0218327089600599
"types_mixed",1000,1,0,"BM","mcar",0.3,"ord","accuracy","freq_lambda","freq",200,1e-04,0.000117934011396668
"types_mixed",1000,1,0,"BM","mcar",0.3,"ord","accuracy","gnn_on","freq",200,-0.004,0.00104691725280783
"types_mixed",1000,1,0,"BM","mcar",0.3,"ord","accuracy","gnn_on_full","freq",191,0.000610820244328095,0.000987442415504924
"types_mixed",1000,1,0,"BM","mcar",0.3,"ord","accuracy","gnn_off","freq",200,0.02105,0.00693402656871254
"types_mixed",1000,1,0,"BM","mcar",0.3,"ord","accuracy","gnn_off_rphylopars","freq",200,0.0211,0.00695960707606876
"types_mixed",1000,1,0,"BM","mcar",0.3,"ord","accuracy","floor","freq",200,-0.401366666666667,0.0125796222355465
"types_mixed",100,0.3,0.5,"BM","mcar",0.3,"ord","accuracy","bace","freq",100,0.0746666666666667,0.0102944309528004
"types_mixed",100,0.3,0.5,"BM","mcar",0.3,"ord","accuracy","freq_lambda","freq",200,0.00133333333333334,0.0014535426216617
"types_mixed",100,0.3,0.5,"BM","mcar",0.3,"ord","accuracy","gnn_on","freq",200,-0.0318333333333333,0.0120400817206195
"types_mixed",100,0.3,0.5,"BM","mcar",0.3,"ord","accuracy","gnn_on_full","freq",200,-0.0255,0.0113346572780737
"types_mixed",100,0.3,0.5,"BM","mcar",0.3,"ord","accuracy","gnn_off","freq",200,-0.0326666666666667,0.011292665234886
"types_mixed",100,0.3,0.5,"BM","mcar",0.3,"ord","accuracy","gnn_off_rphylopars","freq",200,-0.0205,0.011889303076219
"types_mixed",100,0.3,0.5,"BM","mcar",0.3,"ord","accuracy","floor","freq",200,-0.00366666666666666,0.00825943786169361
"types_mixed",300,0.3,0.5,"BM","mcar",0.3,"ord","accuracy","bace","freq",100,0.119222222222222,0.00766204581056798
"types_mixed",300,0.3,0.5,"BM","mcar",0.3,"ord","accuracy","freq_lambda","freq",200,0.000166666666666667,0.00030987130325296
"types_mixed",300,0.3,0.5,"BM","mcar",0.3,"ord","accuracy","gnn_on","freq",200,-0.0175,0.00807190431730018
"types_mixed",300,0.3,0.5,"BM","mcar",0.3,"ord","accuracy","gnn_on_full","freq",200,-0.0136666666666667,0.00747629377904005
"types_mixed",300,0.3,0.5,"BM","mcar",0.3,"ord","accuracy","gnn_off","freq",200,-0.0213888888888889,0.0073719343016841
"types_mixed",300,0.3,0.5,"BM","mcar",0.3,"ord","accuracy","gnn_off_rphylopars","freq",200,-0.00716666666666667,0.00758552268970861
"types_mixed",300,0.3,0.5,"BM","mcar",0.3,"ord","accuracy","floor","freq",200,0.00616666666666666,0.00412571349955248
"types_mixed",1000,0.3,0.5,"BM","mcar",0.3,"ord","accuracy","bace","freq",97,0.128178694158076,0.00628451155442134
"types_mixed",1000,0.3,0.5,"BM","mcar",0.3,"ord","accuracy","freq_lambda","freq",200,-0.000133333333333334,7.02551781822396e-05
"types_mixed",1000,0.3,0.5,"BM","mcar",0.3,"ord","accuracy","gnn_on","freq",200,-0.0520166666666667,0.00686895351082621
"types_mixed",1000,0.3,0.5,"BM","mcar",0.3,"ord","accuracy","gnn_on_full","freq",200,-0.0485166666666667,0.00712697698531365
"types_mixed",1000,0.3,0.5,"BM","mcar",0.3,"ord","accuracy","gnn_off","freq",200,-0.0608333333333333,0.00671942067309535
"types_mixed",1000,0.3,0.5,"BM","mcar",0.3,"ord","accuracy","gnn_off_rphylopars","freq",200,-0.0494166666666667,0.00693929317598302
"types_mixed",1000,0.3,0.5,"BM","mcar",0.3,"ord","accuracy","floor","freq",200,0.00533333333333333,0.00181669778529738
"types_mixed",100,0.7,0.5,"BM","mcar",0.3,"ord","accuracy","bace","freq",97,0.0965635738831615,0.0185020646820736
"types_mixed",100,0.7,0.5,"BM","mcar",0.3,"ord","accuracy","freq_lambda","freq",200,0.00166666666666667,0.00105011232814917
"types_mixed",100,0.7,0.5,"BM","mcar",0.3,"ord","accuracy","gnn_on","freq",200,0.043,0.0108864244752787
"types_mixed",100,0.7,0.5,"BM","mcar",0.3,"ord","accuracy","gnn_on_full","freq",200,0.0523333333333333,0.00990324493233596
"types_mixed",100,0.7,0.5,"BM","mcar",0.3,"ord","accuracy","gnn_off","freq",200,0.041,0.00964098708894139
"types_mixed",100,0.7,0.5,"BM","mcar",0.3,"ord","accuracy","gnn_off_rphylopars","freq",200,0.0378333333333333,0.010184445009736
"types_mixed",100,0.7,0.5,"BM","mcar",0.3,"ord","accuracy","floor","freq",200,-0.0195,0.0115573425313734
"types_mixed",300,0.7,0.5,"BM","mcar",0.3,"ord","accuracy","bace","freq",99,0.166778900112233,0.0102130170132258
"types_mixed",300,0.7,0.5,"BM","mcar",0.3,"ord","accuracy","freq_lambda","freq",200,0.000222222222222215,0.000945043656596352
"types_mixed",300,0.7,0.5,"BM","mcar",0.3,"ord","accuracy","gnn_on","freq",200,0.0677777777777778,0.0078020678379071
"types_mixed",300,0.7,0.5,"BM","mcar",0.3,"ord","accuracy","gnn_on_full","freq",200,0.069,0.00739321691188771
"types_mixed",300,0.7,0.5,"BM","mcar",0.3,"ord","accuracy","gnn_off","freq",200,0.061,0.00719995708984877
"types_mixed",300,0.7,0.5,"BM","mcar",0.3,"ord","accuracy","gnn_off_rphylopars","freq",200,0.06,0.00807826656647496
"types_mixed",300,0.7,0.5,"BM","mcar",0.3,"ord","accuracy","floor","freq",200,0.00283333333333333,0.00892371649310884
"types_mixed",1000,0.7,0.5,"BM","mcar",0.3,"ord","accuracy","bace","freq",90,0.168814814814815,0.00914098071314803
"types_mixed",1000,0.7,0.5,"BM","mcar",0.3,"ord","accuracy","freq_lambda","freq",200,1e-04,0.000127050463250521
"types_mixed",1000,0.7,0.5,"BM","mcar",0.3,"ord","accuracy","gnn_on","freq",200,0.0556833333333333,0.00653747507850011
"types_mixed",1000,0.7,0.5,"BM","mcar",0.3,"ord","accuracy","gnn_on_full","freq",200,0.05585,0.00667936385082464
"types_mixed",1000,0.7,0.5,"BM","mcar",0.3,"ord","accuracy","gnn_off","freq",200,0.0430833333333333,0.00575422246827539
"types_mixed",1000,0.7,0.5,"BM","mcar",0.3,"ord","accuracy","gnn_off_rphylopars","freq",200,0.0518333333333333,0.00662570118915019
"types_mixed",1000,0.7,0.5,"BM","mcar",0.3,"ord","accuracy","floor","freq",200,-0.00675,0.00690436536021661
"types_mixed",100,1,0.5,"BM","mcar",0.3,"ord","accuracy","bace","freq",100,-0.148666666666667,0.0195483228130597
"types_mixed",100,1,0.5,"BM","mcar",0.3,"ord","accuracy","freq_lambda","freq",200,-0.00316666666666667,0.00231033775124904
"types_mixed",100,1,0.5,"BM","mcar",0.3,"ord","accuracy","gnn_on","freq",200,-0.000666666666666656,0.00806852284249445
"types_mixed",100,1,0.5,"BM","mcar",0.3,"ord","accuracy","gnn_on_full","freq",183,0.0213114754098361,0.00817280015254845
"types_mixed",100,1,0.5,"BM","mcar",0.3,"ord","accuracy","gnn_off","freq",200,0.0453333333333333,0.0105463270363991
"types_mixed",100,1,0.5,"BM","mcar",0.3,"ord","accuracy","gnn_off_rphylopars","freq",200,0.0391666666666667,0.0107492549700926
"types_mixed",100,1,0.5,"BM","mcar",0.3,"ord","accuracy","floor","freq",200,-0.310333333333333,0.0144494923104251
"types_mixed",300,1,0.5,"BM","mcar",0.3,"ord","accuracy","bace","freq",100,-0.155111111111111,0.0204140456184225
"types_mixed",300,1,0.5,"BM","mcar",0.3,"ord","accuracy","freq_lambda","freq",200,-5.55555555555555e-05,5.55555555555553e-05
"types_mixed",300,1,0.5,"BM","mcar",0.3,"ord","accuracy","gnn_on","freq",200,-0.00588888888888889,0.00247690492471548
"types_mixed",300,1,0.5,"BM","mcar",0.3,"ord","accuracy","gnn_on_full","freq",185,0.00168168168168168,0.00216615703542173
"types_mixed",300,1,0.5,"BM","mcar",0.3,"ord","accuracy","gnn_off","freq",200,0.0278333333333333,0.00743772770485059
"types_mixed",300,1,0.5,"BM","mcar",0.3,"ord","accuracy","gnn_off_rphylopars","freq",200,0.0267777777777778,0.00759585844883825
"types_mixed",300,1,0.5,"BM","mcar",0.3,"ord","accuracy","floor","freq",200,-0.368222222222222,0.01286060355376
"types_mixed",1000,1,0.5,"BM","mcar",0.3,"ord","accuracy","bace","freq",100,-0.125133333333333,0.018126220381532
"types_mixed",1000,1,0.5,"BM","mcar",0.3,"ord","accuracy","freq_lambda","freq",200,-6.66666666666666e-05,6.66666666666666e-05
"types_mixed",1000,1,0.5,"BM","mcar",0.3,"ord","accuracy","gnn_on","freq",200,-0.0044,0.000751235721247147
"types_mixed",1000,1,0.5,"BM","mcar",0.3,"ord","accuracy","gnn_on_full","freq",193,-0.00101899827288428,0.000581821105737712
"types_mixed",1000,1,0.5,"BM","mcar",0.3,"ord","accuracy","gnn_off","freq",200,0.0102666666666667,0.00473002928068015
"types_mixed",1000,1,0.5,"BM","mcar",0.3,"ord","accuracy","gnn_off_rphylopars","freq",200,0.0104166666666667,0.00472374388397667
"types_mixed",1000,1,0.5,"BM","mcar",0.3,"ord","accuracy","floor","freq",200,-0.40905,0.0119786795873592
"types_mixed",100,0.3,0,"BM","mcar",0.3,"bin","brier","bace","freq",100,0.00485572231364288,0.0138252531513499
"types_mixed",100,0.3,0,"BM","mcar",0.3,"bin","brier","freq_lambda","freq",200,6.18292397261363e-06,8.36248076833069e-05
"types_mixed",100,0.3,0,"BM","mcar",0.3,"bin","brier","gnn_on","freq",200,-0.0350656905870743,0.00600404239710177
"types_mixed",100,0.3,0,"BM","mcar",0.3,"bin","brier","gnn_on_full","freq",200,-0.0356160391139892,0.00588704111333816
"types_mixed",100,0.3,0,"BM","mcar",0.3,"bin","brier","gnn_off","freq",200,-0.0354441264866651,0.00589468622597618
"types_mixed",100,0.3,0,"BM","mcar",0.3,"bin","brier","gnn_off_rphylopars","freq",200,-0.0316413417360653,0.00615109702544389
"types_mixed",100,0.3,0,"BM","mcar",0.3,"bin","brier","floor","freq",200,-0.0324532085735783,0.00587527286243681
"types_mixed",300,0.3,0,"BM","mcar",0.3,"bin","brier","bace","freq",100,-0.0694571942255285,0.00740169630569059
"types_mixed",300,0.3,0,"BM","mcar",0.3,"bin","brier","freq_lambda","freq",200,-0.00010427449312017,8.88194620580842e-05
"types_mixed",300,0.3,0,"BM","mcar",0.3,"bin","brier","gnn_on","freq",200,-0.0343853577230636,0.00390342079028
"types_mixed",300,0.3,0,"BM","mcar",0.3,"bin","brier","gnn_on_full","freq",200,-0.0356514409540828,0.00375628160379259
"types_mixed",300,0.3,0,"BM","mcar",0.3,"bin","brier","gnn_off","freq",200,-0.0349312506915976,0.00373733649140201
"types_mixed",300,0.3,0,"BM","mcar",0.3,"bin","brier","gnn_off_rphylopars","freq",200,-0.0357654490856594,0.00385140315672857
"types_mixed",300,0.3,0,"BM","mcar",0.3,"bin","brier","floor","freq",200,-0.0346450260561281,0.00377526611891987
"types_mixed",1000,0.3,0,"BM","mcar",0.3,"bin","brier","bace","freq",100,-0.10764128168434,0.00537281162668274
"types_mixed",1000,0.3,0,"BM","mcar",0.3,"bin","brier","freq_lambda","freq",200,-6.96535481874388e-05,4.96336926404825e-05
"types_mixed",1000,0.3,0,"BM","mcar",0.3,"bin","brier","gnn_on","freq",200,-0.0381390855299708,0.00318697667662121
"types_mixed",1000,0.3,0,"BM","mcar",0.3,"bin","brier","gnn_on_full","freq",200,-0.0380007490449532,0.00319835401242261
"types_mixed",1000,0.3,0,"BM","mcar",0.3,"bin","brier","gnn_off","freq",200,-0.0380413700135678,0.00322823951705234
"types_mixed",1000,0.3,0,"BM","mcar",0.3,"bin","brier","gnn_off_rphylopars","freq",200,-0.0391809027885619,0.00326889521506742
"types_mixed",1000,0.3,0,"BM","mcar",0.3,"bin","brier","floor","freq",200,-0.035248613932104,0.00325754361165512
"types_mixed",100,0.7,0,"BM","mcar",0.3,"bin","brier","bace","freq",100,-0.037689542482626,0.0110629266825508
"types_mixed",100,0.7,0,"BM","mcar",0.3,"bin","brier","freq_lambda","freq",200,1.03216119862997e-05,6.47023155196201e-05
"types_mixed",100,0.7,0,"BM","mcar",0.3,"bin","brier","gnn_on","freq",200,-0.026830708573639,0.00785761776947991
"types_mixed",100,0.7,0,"BM","mcar",0.3,"bin","brier","gnn_on_full","freq",200,-0.0282818147822086,0.00769711649625971
"types_mixed",100,0.7,0,"BM","mcar",0.3,"bin","brier","gnn_off","freq",200,-0.0269948419202752,0.00772435608070334
"types_mixed",100,0.7,0,"BM","mcar",0.3,"bin","brier","gnn_off_rphylopars","freq",200,-0.0109224274007005,0.00840852813669334
"types_mixed",100,0.7,0,"BM","mcar",0.3,"bin","brier","floor","freq",200,0.0110039938805766,0.0102419488947478
"types_mixed",300,0.7,0,"BM","mcar",0.3,"bin","brier","bace","freq",100,-0.071407494520815,0.0070112146173114
"types_mixed",300,0.7,0,"BM","mcar",0.3,"bin","brier","freq_lambda","freq",200,-0.00027585794710182,0.000335413818470733
"types_mixed",300,0.7,0,"BM","mcar",0.3,"bin","brier","gnn_on","freq",200,-0.0312734569770497,0.00441229549340161
"types_mixed",300,0.7,0,"BM","mcar",0.3,"bin","brier","gnn_on_full","freq",200,-0.031369861717521,0.00437340846647149
"types_mixed",300,0.7,0,"BM","mcar",0.3,"bin","brier","gnn_off","freq",200,-0.0312203726624161,0.00438312437431091
"types_mixed",300,0.7,0,"BM","mcar",0.3,"bin","brier","gnn_off_rphylopars","freq",200,-0.00799434567908699,0.00497005496742014
"types_mixed",300,0.7,0,"BM","mcar",0.3,"bin","brier","floor","freq",200,0.0251424189452667,0.00781654122985991
"types_mixed",1000,0.7,0,"BM","mcar",0.3,"bin","brier","bace","freq",100,-0.105953610142722,0.0055678282575179
"types_mixed",1000,0.7,0,"BM","mcar",0.3,"bin","brier","freq_lambda","freq",200,0.000298089822219848,0.0002690265321851
"types_mixed",1000,0.7,0,"BM","mcar",0.3,"bin","brier","gnn_on","freq",200,-0.0306374574198202,0.00357121417186858
"types_mixed",1000,0.7,0,"BM","mcar",0.3,"bin","brier","gnn_on_full","freq",200,-0.0306906662931939,0.00342769382945061
"types_mixed",1000,0.7,0,"BM","mcar",0.3,"bin","brier","gnn_off","freq",200,-0.0317255313124761,0.00345672464660664
"types_mixed",1000,0.7,0,"BM","mcar",0.3,"bin","brier","gnn_off_rphylopars","freq",200,-0.0147883062395552,0.00421016569111768
"types_mixed",1000,0.7,0,"BM","mcar",0.3,"bin","brier","floor","freq",200,0.0328894122396761,0.00707368078894336
"types_mixed",100,1,0,"BM","mcar",0.3,"bin","brier","bace","freq",100,0.128834462666437,0.01646610248775
"types_mixed",100,1,0,"BM","mcar",0.3,"bin","brier","freq_lambda","freq",200,-4.0690000742231e-06,1.11222284565843e-05
"types_mixed",100,1,0,"BM","mcar",0.3,"bin","brier","gnn_on","freq",200,0.100100767020564,0.00750655029359188
"types_mixed",100,1,0,"BM","mcar",0.3,"bin","brier","gnn_on_full","freq",185,0.102100416772502,0.00777871645037691
"types_mixed",100,1,0,"BM","mcar",0.3,"bin","brier","gnn_off","freq",200,0.0944428855217813,0.00744215011857681
"types_mixed",100,1,0,"BM","mcar",0.3,"bin","brier","gnn_off_rphylopars","freq",200,0.100214856238127,0.00751794733938381
"types_mixed",100,1,0,"BM","mcar",0.3,"bin","brier","floor","freq",200,0.257825155274974,0.0119350454371485
"types_mixed",300,1,0,"BM","mcar",0.3,"bin","brier","bace","freq",100,0.163183878515304,0.0188169566398709
"types_mixed",300,1,0,"BM","mcar",0.3,"bin","brier","freq_lambda","freq",200,-1.02486563358922e-06,4.80292524213773e-06
"types_mixed",300,1,0,"BM","mcar",0.3,"bin","brier","gnn_on","freq",200,0.0717099378809055,0.00254072900276102
"types_mixed",300,1,0,"BM","mcar",0.3,"bin","brier","gnn_on_full","freq",186,0.0725038200320016,0.00219244889594092
"types_mixed",300,1,0,"BM","mcar",0.3,"bin","brier","gnn_off","freq",200,0.0674285526848849,0.0024239523027432
"types_mixed",300,1,0,"BM","mcar",0.3,"bin","brier","gnn_off_rphylopars","freq",200,0.0723562613867509,0.00254192217059692
"types_mixed",300,1,0,"BM","mcar",0.3,"bin","brier","floor","freq",200,0.281875027960157,0.0114869143683416
"types_mixed",1000,1,0,"BM","mcar",0.3,"bin","brier","bace","freq",93,0.130984725934045,0.0188769775209631
"types_mixed",1000,1,0,"BM","mcar",0.3,"bin","brier","freq_lambda","freq",200,1.12354103184123e-06,7.54437726319039e-07
"types_mixed",1000,1,0,"BM","mcar",0.3,"bin","brier","gnn_on","freq",200,0.0792911962305412,0.00177860775399116
"types_mixed",1000,1,0,"BM","mcar",0.3,"bin","brier","gnn_on_full","freq",191,0.0803515672567734,0.00131462476074545
"types_mixed",1000,1,0,"BM","mcar",0.3,"bin","brier","gnn_off","freq",200,0.0769305989044751,0.00175841884828476
"types_mixed",1000,1,0,"BM","mcar",0.3,"bin","brier","gnn_off_rphylopars","freq",200,0.0807634524266768,0.0021348226377693
"types_mixed",1000,1,0,"BM","mcar",0.3,"bin","brier","floor","freq",200,0.31440696988419,0.0111218470173604
"types_mixed",100,0.3,0.5,"BM","mcar",0.3,"bin","brier","bace","freq",100,-0.0456146056083804,0.012710230486199
"types_mixed",100,0.3,0.5,"BM","mcar",0.3,"bin","brier","freq_lambda","freq",200,0.00011322914257376,8.98003295884768e-05
"types_mixed",100,0.3,0.5,"BM","mcar",0.3,"bin","brier","gnn_on","freq",200,-0.0256670613371767,0.0052480886328858
"types_mixed",100,0.3,0.5,"BM","mcar",0.3,"bin","brier","gnn_on_full","freq",200,-0.0242042353311181,0.00518298440122368
"types_mixed",100,0.3,0.5,"BM","mcar",0.3,"bin","brier","gnn_off","freq",200,-0.0233492681715049,0.00518207268026533
"types_mixed",100,0.3,0.5,"BM","mcar",0.3,"bin","brier","gnn_off_rphylopars","freq",200,-0.0260740121895796,0.00531977941876643
"types_mixed",100,0.3,0.5,"BM","mcar",0.3,"bin","brier","floor","freq",200,-0.0228504411559328,0.00547107666937491
"types_mixed",300,0.3,0.5,"BM","mcar",0.3,"bin","brier","bace","freq",100,-0.112334188799926,0.00718595440163887
"types_mixed",300,0.3,0.5,"BM","mcar",0.3,"bin","brier","freq_lambda","freq",200,-0.000584024519375603,0.000582832187392117
"types_mixed",300,0.3,0.5,"BM","mcar",0.3,"bin","brier","gnn_on","freq",200,-0.0326580776017639,0.00372881859519656
"types_mixed",300,0.3,0.5,"BM","mcar",0.3,"bin","brier","gnn_on_full","freq",200,-0.0314842173251975,0.00368874805210795
"types_mixed",300,0.3,0.5,"BM","mcar",0.3,"bin","brier","gnn_off","freq",200,-0.0313834735473297,0.0037040098493783
"types_mixed",300,0.3,0.5,"BM","mcar",0.3,"bin","brier","gnn_off_rphylopars","freq",200,-0.0355907730796974,0.00374270896626704
"types_mixed",300,0.3,0.5,"BM","mcar",0.3,"bin","brier","floor","freq",200,-0.0332660170738262,0.003867304857317
"types_mixed",1000,0.3,0.5,"BM","mcar",0.3,"bin","brier","bace","freq",97,-0.15221543336965,0.0047598201050413
"types_mixed",1000,0.3,0.5,"BM","mcar",0.3,"bin","brier","freq_lambda","freq",200,8.7357870018622e-05,5.92000800106761e-05
"types_mixed",1000,0.3,0.5,"BM","mcar",0.3,"bin","brier","gnn_on","freq",200,-0.037670777910326,0.00314078369899693
"types_mixed",1000,0.3,0.5,"BM","mcar",0.3,"bin","brier","gnn_on_full","freq",200,-0.0378442814046413,0.00315227837224443
"types_mixed",1000,0.3,0.5,"BM","mcar",0.3,"bin","brier","gnn_off","freq",200,-0.0367191466639098,0.00321743877722651
"types_mixed",1000,0.3,0.5,"BM","mcar",0.3,"bin","brier","gnn_off_rphylopars","freq",200,-0.0440465927109637,0.00289451872186674
"types_mixed",1000,0.3,0.5,"BM","mcar",0.3,"bin","brier","floor","freq",200,-0.0342666615632637,0.00299093145920849
"types_mixed",100,0.7,0.5,"BM","mcar",0.3,"bin","brier","bace","freq",97,-0.0594184287050746,0.0126098229145038
"types_mixed",100,0.7,0.5,"BM","mcar",0.3,"bin","brier","freq_lambda","freq",200,-0.000267784181213752,0.000188255104610511
"types_mixed",100,0.7,0.5,"BM","mcar",0.3,"bin","brier","gnn_on","freq",200,-0.0195535169538671,0.00695172083862616
"types_mixed",100,0.7,0.5,"BM","mcar",0.3,"bin","brier","gnn_on_full","freq",200,-0.0194297465616961,0.00688316849051748
"types_mixed",100,0.7,0.5,"BM","mcar",0.3,"bin","brier","gnn_off","freq",200,-0.0193057903635027,0.00689093746173858
"types_mixed",100,0.7,0.5,"BM","mcar",0.3,"bin","brier","gnn_off_rphylopars","freq",200,-0.00753492740280301,0.00730412774348754
"types_mixed",100,0.7,0.5,"BM","mcar",0.3,"bin","brier","floor","freq",200,0.0358206660938864,0.0094630314122173
"types_mixed",300,0.7,0.5,"BM","mcar",0.3,"bin","brier","bace","freq",99,-0.119753541149016,0.00736454448279269
"types_mixed",300,0.7,0.5,"BM","mcar",0.3,"bin","brier","freq_lambda","freq",200,-0.00125202089484537,0.00122133487586774
"types_mixed",300,0.7,0.5,"BM","mcar",0.3,"bin","brier","gnn_on","freq",200,-0.036888359008458,0.00530015365962137
"types_mixed",300,0.7,0.5,"BM","mcar",0.3,"bin","brier","gnn_on_full","freq",200,-0.0362830224549822,0.00528123150188818
"types_mixed",300,0.7,0.5,"BM","mcar",0.3,"bin","brier","gnn_off","freq",200,-0.0360070544790158,0.00532957251923983
"types_mixed",300,0.7,0.5,"BM","mcar",0.3,"bin","brier","gnn_off_rphylopars","freq",200,-0.0220276939548406,0.00592094293583949
"types_mixed",300,0.7,0.5,"BM","mcar",0.3,"bin","brier","floor","freq",200,0.0113804565139344,0.0078611117821105
"types_mixed",1000,0.7,0.5,"BM","mcar",0.3,"bin","brier","bace","freq",90,-0.137796528596548,0.00712518783039727
"types_mixed",1000,0.7,0.5,"BM","mcar",0.3,"bin","brier","freq_lambda","freq",200,1.2464136013686e-05,1.35920000363302e-05
"types_mixed",1000,0.7,0.5,"BM","mcar",0.3,"bin","brier","gnn_on","freq",200,-0.028651443324802,0.00390381468915879
"types_mixed",1000,0.7,0.5,"BM","mcar",0.3,"bin","brier","gnn_on_full","freq",200,-0.0293168498904588,0.00390166243339939
"types_mixed",1000,0.7,0.5,"BM","mcar",0.3,"bin","brier","gnn_off","freq",200,-0.0292845444415491,0.00385103251769171
"types_mixed",1000,0.7,0.5,"BM","mcar",0.3,"bin","brier","gnn_off_rphylopars","freq",200,-0.0260815795044648,0.00451208938918672
"types_mixed",1000,0.7,0.5,"BM","mcar",0.3,"bin","brier","floor","freq",200,0.0276813548550692,0.00740187544168629
"types_mixed",100,1,0.5,"BM","mcar",0.3,"bin","brier","bace","freq",100,0.150445270023028,0.019281190387434
"types_mixed",100,1,0.5,"BM","mcar",0.3,"bin","brier","freq_lambda","freq",200,5.76300412831633e-06,3.93482401388431e-06
"types_mixed",100,1,0.5,"BM","mcar",0.3,"bin","brier","gnn_on","freq",200,0.0860513074454819,0.00686068371954315
"types_mixed",100,1,0.5,"BM","mcar",0.3,"bin","brier","gnn_on_full","freq",183,0.0902369945245529,0.00723790505346953
"types_mixed",100,1,0.5,"BM","mcar",0.3,"bin","brier","gnn_off","freq",200,0.0828197494212197,0.0068970440185277
"types_mixed",100,1,0.5,"BM","mcar",0.3,"bin","brier","gnn_off_rphylopars","freq",200,0.0894681402804586,0.0070879471966712
"types_mixed",100,1,0.5,"BM","mcar",0.3,"bin","brier","floor","freq",200,0.260552787061968,0.0119873589504718
"types_mixed",300,1,0.5,"BM","mcar",0.3,"bin","brier","bace","freq",100,0.131367353099345,0.0169300920522464
"types_mixed",300,1,0.5,"BM","mcar",0.3,"bin","brier","freq_lambda","freq",200,-1.54549926630692e-07,2.36822890004877e-06
"types_mixed",300,1,0.5,"BM","mcar",0.3,"bin","brier","gnn_on","freq",200,0.0713333666203246,0.00266417484514229
"types_mixed",300,1,0.5,"BM","mcar",0.3,"bin","brier","gnn_on_full","freq",185,0.073096258523477,0.00234770512712075
"types_mixed",300,1,0.5,"BM","mcar",0.3,"bin","brier","gnn_off","freq",200,0.0676140391350348,0.00256451396111608
"types_mixed",300,1,0.5,"BM","mcar",0.3,"bin","brier","gnn_off_rphylopars","freq",200,0.0726047362760955,0.00272368786790602
"types_mixed",300,1,0.5,"BM","mcar",0.3,"bin","brier","floor","freq",200,0.290357030190802,0.0105917782859616
"types_mixed",1000,1,0.5,"BM","mcar",0.3,"bin","brier","bace","freq",100,0.11713119859005,0.0182419481116404
"types_mixed",1000,1,0.5,"BM","mcar",0.3,"bin","brier","freq_lambda","freq",200,3.05725740921725e-07,5.74803353382081e-07
"types_mixed",1000,1,0.5,"BM","mcar",0.3,"bin","brier","gnn_on","freq",200,0.0798480400071076,0.002198561367886
"types_mixed",1000,1,0.5,"BM","mcar",0.3,"bin","brier","gnn_on_full","freq",193,0.0800763777526988,0.00198484392212636
"types_mixed",1000,1,0.5,"BM","mcar",0.3,"bin","brier","gnn_off","freq",200,0.0787600890572161,0.00245175998913324
"types_mixed",1000,1,0.5,"BM","mcar",0.3,"bin","brier","gnn_off_rphylopars","freq",200,0.0810866853283961,0.00228927630709643
"types_mixed",1000,1,0.5,"BM","mcar",0.3,"bin","brier","floor","freq",200,0.311419909629095,0.0116468579991932
"types_mixed",100,0.3,0,"BM","mcar",0.3,"cat3","brier","bace","freq",100,0.0264832931353915,0.0136107498301915
"types_mixed",100,0.3,0,"BM","mcar",0.3,"cat3","brier","freq_lambda","freq",200,-0.00214879135781363,0.00209335730785408
"types_mixed",100,0.3,0,"BM","mcar",0.3,"cat3","brier","gnn_on","freq",200,-0.00893749723391228,0.00679757288134183
"types_mixed",100,0.3,0,"BM","mcar",0.3,"cat3","brier","gnn_on_full","freq",200,-0.00808733988328486,0.00676044688693361
"types_mixed",100,0.3,0,"BM","mcar",0.3,"cat3","brier","gnn_off","freq",200,-0.00778275742347486,0.00674748198137799
"types_mixed",100,0.3,0,"BM","mcar",0.3,"cat3","brier","gnn_off_rphylopars","freq",200,-0.00835110717735715,0.00702152922119929
"types_mixed",100,0.3,0,"BM","mcar",0.3,"cat3","brier","floor","freq",200,-0.0305162563293563,0.00545424415484071
"types_mixed",300,0.3,0,"BM","mcar",0.3,"cat3","brier","bace","freq",100,-0.0611937097421696,0.00752723293891658
"types_mixed",300,0.3,0,"BM","mcar",0.3,"cat3","brier","freq_lambda","freq",200,1.14834680146936e-05,2.94382192529232e-05
"types_mixed",300,0.3,0,"BM","mcar",0.3,"cat3","brier","gnn_on","freq",200,-0.0239195871927703,0.00405934190609578
"types_mixed",300,0.3,0,"BM","mcar",0.3,"cat3","brier","gnn_on_full","freq",200,-0.0240914817508109,0.00402837181671928
"types_mixed",300,0.3,0,"BM","mcar",0.3,"cat3","brier","gnn_off","freq",200,-0.0239733173851826,0.00403071400344994
"types_mixed",300,0.3,0,"BM","mcar",0.3,"cat3","brier","gnn_off_rphylopars","freq",200,-0.0257630884714844,0.00398883281079063
"types_mixed",300,0.3,0,"BM","mcar",0.3,"cat3","brier","floor","freq",200,-0.0387382097476231,0.00377420205923005
"types_mixed",1000,0.3,0,"BM","mcar",0.3,"cat3","brier","bace","freq",100,-0.0821939987500251,0.0059176038985686
"types_mixed",1000,0.3,0,"BM","mcar",0.3,"cat3","brier","freq_lambda","freq",200,-0.000513750940403205,0.000465788850310468
"types_mixed",1000,0.3,0,"BM","mcar",0.3,"cat3","brier","gnn_on","freq",200,-0.025749137738699,0.00285023853248214
"types_mixed",1000,0.3,0,"BM","mcar",0.3,"cat3","brier","gnn_on_full","freq",200,-0.0260681540470744,0.00281511155291206
"types_mixed",1000,0.3,0,"BM","mcar",0.3,"cat3","brier","gnn_off","freq",200,-0.0268250016204559,0.00279397472096137
"types_mixed",1000,0.3,0,"BM","mcar",0.3,"cat3","brier","gnn_off_rphylopars","freq",200,-0.0290043295454031,0.00255887804230009
"types_mixed",1000,0.3,0,"BM","mcar",0.3,"cat3","brier","floor","freq",200,-0.0376999524606788,0.00301433855420363
"types_mixed",100,0.7,0,"BM","mcar",0.3,"cat3","brier","bace","freq",100,-0.0295885773122711,0.0119845175283506
"types_mixed",100,0.7,0,"BM","mcar",0.3,"cat3","brier","freq_lambda","freq",200,-0.00188788712227588,0.00140136424492711
"types_mixed",100,0.7,0,"BM","mcar",0.3,"cat3","brier","gnn_on","freq",200,-0.0250225034584944,0.00833884861444435
"types_mixed",100,0.7,0,"BM","mcar",0.3,"cat3","brier","gnn_on_full","freq",200,-0.0257547466606335,0.00825091415195107
"types_mixed",100,0.7,0,"BM","mcar",0.3,"cat3","brier","gnn_off","freq",200,-0.0264920633062398,0.00825470075974259
"types_mixed",100,0.7,0,"BM","mcar",0.3,"cat3","brier","gnn_off_rphylopars","freq",200,-0.0073288440556812,0.00854751430640053
"types_mixed",100,0.7,0,"BM","mcar",0.3,"cat3","brier","floor","freq",200,-0.0136430717395681,0.00845865005082026
"types_mixed",300,0.7,0,"BM","mcar",0.3,"cat3","brier","bace","freq",100,-0.115304017873894,0.00710814661100786
"types_mixed",300,0.7,0,"BM","mcar",0.3,"cat3","brier","freq_lambda","freq",200,2.34441696921379e-05,0.000225597805992916
"types_mixed",300,0.7,0,"BM","mcar",0.3,"cat3","brier","gnn_on","freq",200,-0.0487878630339281,0.00536815678723018
"types_mixed",300,0.7,0,"BM","mcar",0.3,"cat3","brier","gnn_on_full","freq",200,-0.0492889486516565,0.00530715570342305
"types_mixed",300,0.7,0,"BM","mcar",0.3,"cat3","brier","gnn_off","freq",200,-0.0453287782745007,0.00536648497017176
"types_mixed",300,0.7,0,"BM","mcar",0.3,"cat3","brier","gnn_off_rphylopars","freq",200,-0.0276619122987753,0.00567644960081079
"types_mixed",300,0.7,0,"BM","mcar",0.3,"cat3","brier","floor","freq",200,-0.0295648925359186,0.00683735498102649
"types_mixed",1000,0.7,0,"BM","mcar",0.3,"cat3","brier","bace","freq",100,-0.144306442798261,0.00480405783249558
"types_mixed",1000,0.7,0,"BM","mcar",0.3,"cat3","brier","freq_lambda","freq",200,5.24760851483171e-05,4.19108064711447e-05
"types_mixed",1000,0.7,0,"BM","mcar",0.3,"cat3","brier","gnn_on","freq",200,-0.0570846420163717,0.0033988673710877
"types_mixed",1000,0.7,0,"BM","mcar",0.3,"cat3","brier","gnn_on_full","freq",200,-0.0568645054680999,0.00333309316735377
"types_mixed",1000,0.7,0,"BM","mcar",0.3,"cat3","brier","gnn_off","freq",200,-0.0521462548036358,0.003437636611302
"types_mixed",1000,0.7,0,"BM","mcar",0.3,"cat3","brier","gnn_off_rphylopars","freq",200,-0.0423674937626432,0.00370065753857407
"types_mixed",1000,0.7,0,"BM","mcar",0.3,"cat3","brier","floor","freq",200,-0.0277489242213325,0.00586193970526335
"types_mixed",100,1,0,"BM","mcar",0.3,"cat3","brier","bace","freq",100,0.156046739687993,0.0201715289320642
"types_mixed",100,1,0,"BM","mcar",0.3,"cat3","brier","freq_lambda","freq",200,4.22479511664164e-06,6.19580740479307e-06
"types_mixed",100,1,0,"BM","mcar",0.3,"cat3","brier","gnn_on","freq",200,0.143167832610998,0.00732602134417506
"types_mixed",100,1,0,"BM","mcar",0.3,"cat3","brier","gnn_on_full","freq",185,0.145810737805614,0.00723388380397946
"types_mixed",100,1,0,"BM","mcar",0.3,"cat3","brier","gnn_off","freq",200,0.124444459492824,0.00955884190926082
"types_mixed",100,1,0,"BM","mcar",0.3,"cat3","brier","gnn_off_rphylopars","freq",200,0.13420903186005,0.0100309670729691
"types_mixed",100,1,0,"BM","mcar",0.3,"cat3","brier","floor","freq",200,0.336236798434007,0.0130031866290414
"types_mixed",300,1,0,"BM","mcar",0.3,"cat3","brier","bace","freq",100,0.200334431312066,0.0229066370385512
"types_mixed",300,1,0,"BM","mcar",0.3,"cat3","brier","freq_lambda","freq",200,-1.40102129986987e-06,2.74519851082159e-06
"types_mixed",300,1,0,"BM","mcar",0.3,"cat3","brier","gnn_on","freq",200,0.14007852042622,0.00501953722796916
"types_mixed",300,1,0,"BM","mcar",0.3,"cat3","brier","gnn_on_full","freq",186,0.143557847467916,0.0044560879824748
"types_mixed",300,1,0,"BM","mcar",0.3,"cat3","brier","gnn_off","freq",200,0.118459724927388,0.00809105614138197
"types_mixed",300,1,0,"BM","mcar",0.3,"cat3","brier","gnn_off_rphylopars","freq",200,0.128172935310281,0.00823313988632015
"types_mixed",300,1,0,"BM","mcar",0.3,"cat3","brier","floor","freq",200,0.363523373402143,0.0130562887585164
"types_mixed",1000,1,0,"BM","mcar",0.3,"cat3","brier","bace","freq",93,0.161590289190729,0.0223455411432176
"types_mixed",1000,1,0,"BM","mcar",0.3,"cat3","brier","freq_lambda","freq",200,-2.12010985934098e-06,1.23630510620877e-06
"types_mixed",1000,1,0,"BM","mcar",0.3,"cat3","brier","gnn_on","freq",200,0.159498571044344,0.00329818543296236
"types_mixed",1000,1,0,"BM","mcar",0.3,"cat3","brier","gnn_on_full","freq",191,0.163623443041145,0.0023114634066582
"types_mixed",1000,1,0,"BM","mcar",0.3,"cat3","brier","gnn_off","freq",200,0.144119452080049,0.00765009201822045
"types_mixed",1000,1,0,"BM","mcar",0.3,"cat3","brier","gnn_off_rphylopars","freq",200,0.150273403346093,0.00761363156326548
"types_mixed",1000,1,0,"BM","mcar",0.3,"cat3","brier","floor","freq",200,0.402862888131618,0.0121925452763582
"types_mixed",100,0.3,0.5,"BM","mcar",0.3,"cat3","brier","bace","freq",100,0.00670187792042718,0.0140060286888682
"types_mixed",100,0.3,0.5,"BM","mcar",0.3,"cat3","brier","freq_lambda","freq",200,0.000167673818534411,9.49124687240802e-05
"types_mixed",100,0.3,0.5,"BM","mcar",0.3,"cat3","brier","gnn_on","freq",200,-0.0152369133144299,0.00597383686376638
"types_mixed",100,0.3,0.5,"BM","mcar",0.3,"cat3","brier","gnn_on_full","freq",200,-0.0140001389086414,0.00601450474971804
"types_mixed",100,0.3,0.5,"BM","mcar",0.3,"cat3","brier","gnn_off","freq",200,-0.0125121398709098,0.00601447924418522
"types_mixed",100,0.3,0.5,"BM","mcar",0.3,"cat3","brier","gnn_off_rphylopars","freq",200,-0.0136790765332971,0.00602552841525534
"types_mixed",100,0.3,0.5,"BM","mcar",0.3,"cat3","brier","floor","freq",200,-0.0344728320754102,0.00476595881983428
"types_mixed",300,0.3,0.5,"BM","mcar",0.3,"cat3","brier","bace","freq",100,-0.0995066514463401,0.00693148460780853
"types_mixed",300,0.3,0.5,"BM","mcar",0.3,"cat3","brier","freq_lambda","freq",200,0.000170652272398297,0.000401438630328646
"types_mixed",300,0.3,0.5,"BM","mcar",0.3,"cat3","brier","gnn_on","freq",200,-0.0214127089105341,0.00407271392346263
"types_mixed",300,0.3,0.5,"BM","mcar",0.3,"cat3","brier","gnn_on_full","freq",200,-0.0208958552413402,0.00409705609528682
"types_mixed",300,0.3,0.5,"BM","mcar",0.3,"cat3","brier","gnn_off","freq",200,-0.0200492148037483,0.00417092636223592
"types_mixed",300,0.3,0.5,"BM","mcar",0.3,"cat3","brier","gnn_off_rphylopars","freq",200,-0.0211396971217069,0.00386489442501562
"types_mixed",300,0.3,0.5,"BM","mcar",0.3,"cat3","brier","floor","freq",200,-0.0362472610172412,0.00368515767803906
"types_mixed",1000,0.3,0.5,"BM","mcar",0.3,"cat3","brier","bace","freq",97,-0.135432103521295,0.00525913066510164
"types_mixed",1000,0.3,0.5,"BM","mcar",0.3,"cat3","brier","freq_lambda","freq",200,-4.09857668322019e-05,6.49472702956878e-05
"types_mixed",1000,0.3,0.5,"BM","mcar",0.3,"cat3","brier","gnn_on","freq",200,-0.0305100310642952,0.0028303367031369
"types_mixed",1000,0.3,0.5,"BM","mcar",0.3,"cat3","brier","gnn_on_full","freq",200,-0.0304962186237602,0.00284899310481056
"types_mixed",1000,0.3,0.5,"BM","mcar",0.3,"cat3","brier","gnn_off","freq",200,-0.0297119443900963,0.00292861949179929
"types_mixed",1000,0.3,0.5,"BM","mcar",0.3,"cat3","brier","gnn_off_rphylopars","freq",200,-0.0335434664148855,0.00284873407679766
"types_mixed",1000,0.3,0.5,"BM","mcar",0.3,"cat3","brier","floor","freq",200,-0.0403201680818927,0.00312793874104658
"types_mixed",100,0.7,0.5,"BM","mcar",0.3,"cat3","brier","bace","freq",97,-0.0668533066844379,0.0133504762089165
"types_mixed",100,0.7,0.5,"BM","mcar",0.3,"cat3","brier","freq_lambda","freq",200,-0.00153508823128269,0.00168405792377302
"types_mixed",100,0.7,0.5,"BM","mcar",0.3,"cat3","brier","gnn_on","freq",200,-0.0435582007755738,0.00779039494885629
"types_mixed",100,0.7,0.5,"BM","mcar",0.3,"cat3","brier","gnn_on_full","freq",200,-0.0438226771833747,0.00759127726571451
"types_mixed",100,0.7,0.5,"BM","mcar",0.3,"cat3","brier","gnn_off","freq",200,-0.0419272913441286,0.00748625336874504
"types_mixed",100,0.7,0.5,"BM","mcar",0.3,"cat3","brier","gnn_off_rphylopars","freq",200,-0.0235338114040087,0.00794245081448326
"types_mixed",100,0.7,0.5,"BM","mcar",0.3,"cat3","brier","floor","freq",200,-0.0151510886038503,0.00923562589308842
"types_mixed",300,0.7,0.5,"BM","mcar",0.3,"cat3","brier","bace","freq",99,-0.153590927430117,0.00746067361261391
"types_mixed",300,0.7,0.5,"BM","mcar",0.3,"cat3","brier","freq_lambda","freq",200,3.15965376841803e-06,2.32847954827532e-05
"types_mixed",300,0.7,0.5,"BM","mcar",0.3,"cat3","brier","gnn_on","freq",200,-0.0513098525885595,0.00546273622990448
"types_mixed",300,0.7,0.5,"BM","mcar",0.3,"cat3","brier","gnn_on_full","freq",200,-0.0512520879748101,0.00539289382060099
"types_mixed",300,0.7,0.5,"BM","mcar",0.3,"cat3","brier","gnn_off","freq",200,-0.0484567581761005,0.00563005223049426
"types_mixed",300,0.7,0.5,"BM","mcar",0.3,"cat3","brier","gnn_off_rphylopars","freq",200,-0.0427979735453584,0.00533609353169116
"types_mixed",300,0.7,0.5,"BM","mcar",0.3,"cat3","brier","floor","freq",200,-0.0301505147942656,0.00670154016580074
"types_mixed",1000,0.7,0.5,"BM","mcar",0.3,"cat3","brier","bace","freq",90,-0.182489316617506,0.00519044568845875
"types_mixed",1000,0.7,0.5,"BM","mcar",0.3,"cat3","brier","freq_lambda","freq",200,2.60209001218525e-05,2.48650341089351e-05
"types_mixed",1000,0.7,0.5,"BM","mcar",0.3,"cat3","brier","gnn_on","freq",200,-0.0521931197544558,0.00374907975247595
"types_mixed",1000,0.7,0.5,"BM","mcar",0.3,"cat3","brier","gnn_on_full","freq",200,-0.0518469182269656,0.00400905062570748
"types_mixed",1000,0.7,0.5,"BM","mcar",0.3,"cat3","brier","gnn_off","freq",200,-0.053127533680021,0.00360968999068067
"types_mixed",1000,0.7,0.5,"BM","mcar",0.3,"cat3","brier","gnn_off_rphylopars","freq",200,-0.0449622067256168,0.004260485729996
"types_mixed",1000,0.7,0.5,"BM","mcar",0.3,"cat3","brier","floor","freq",200,-0.0287221454741136,0.00558024278927682
"types_mixed",100,1,0.5,"BM","mcar",0.3,"cat3","brier","bace","freq",100,0.184152601229558,0.019478897485636
"types_mixed",100,1,0.5,"BM","mcar",0.3,"cat3","brier","freq_lambda","freq",200,1.29439921178823e-06,2.71817462171442e-06
"types_mixed",100,1,0.5,"BM","mcar",0.3,"cat3","brier","gnn_on","freq",200,0.143962785768121,0.00836100752295781
"types_mixed",100,1,0.5,"BM","mcar",0.3,"cat3","brier","gnn_on_full","freq",183,0.144732764509237,0.00848972917304437
"types_mixed",100,1,0.5,"BM","mcar",0.3,"cat3","brier","gnn_off","freq",200,0.115129687141145,0.0109467835560761
"types_mixed",100,1,0.5,"BM","mcar",0.3,"cat3","brier","gnn_off_rphylopars","freq",200,0.130197931954773,0.0110774002298939
"types_mixed",100,1,0.5,"BM","mcar",0.3,"cat3","brier","floor","freq",200,0.317860350101309,0.0126000369790554
"types_mixed",300,1,0.5,"BM","mcar",0.3,"cat3","brier","bace","freq",100,0.170853255698586,0.0226855336302433
"types_mixed",300,1,0.5,"BM","mcar",0.3,"cat3","brier","freq_lambda","freq",200,-1.69201086769449e-06,3.75368417394358e-06
"types_mixed",300,1,0.5,"BM","mcar",0.3,"cat3","brier","gnn_on","freq",200,0.145350439039411,0.00430017317106884
"types_mixed",300,1,0.5,"BM","mcar",0.3,"cat3","brier","gnn_on_full","freq",185,0.150923707606807,0.00335924357519717
"types_mixed",300,1,0.5,"BM","mcar",0.3,"cat3","brier","gnn_off","freq",200,0.126558899839572,0.007417621510004
"types_mixed",300,1,0.5,"BM","mcar",0.3,"cat3","brier","gnn_off_rphylopars","freq",200,0.13330637890889,0.00741151742081215
"types_mixed",300,1,0.5,"BM","mcar",0.3,"cat3","brier","floor","freq",200,0.368759154117965,0.0128495975494327
"types_mixed",1000,1,0.5,"BM","mcar",0.3,"cat3","brier","bace","freq",100,0.152498417416874,0.0222151634386019
"types_mixed",1000,1,0.5,"BM","mcar",0.3,"cat3","brier","freq_lambda","freq",200,8.629975169178e-07,5.11064763409208e-07
"types_mixed",1000,1,0.5,"BM","mcar",0.3,"cat3","brier","gnn_on","freq",200,0.158319468451791,0.00280133044262508
"types_mixed",1000,1,0.5,"BM","mcar",0.3,"cat3","brier","gnn_on_full","freq",193,0.160370832357097,0.00186261687052442
"types_mixed",1000,1,0.5,"BM","mcar",0.3,"cat3","brier","gnn_off","freq",200,0.148014068255989,0.00563993977387131
"types_mixed",1000,1,0.5,"BM","mcar",0.3,"cat3","brier","gnn_off_rphylopars","freq",200,0.154259604096602,0.00567368079969877
"types_mixed",1000,1,0.5,"BM","mcar",0.3,"cat3","brier","floor","freq",200,0.423358810529447,0.0116438748533031
"types_mixed",100,0.3,0,"BM","mcar",0.3,"ord","brier","bace","freq",100,0.030602747831045,0.00916403048330271
"types_mixed",100,0.3,0,"BM","mcar",0.3,"ord","brier","freq_lambda","freq",200,0.000162216033730065,0.000167562865081205
"types_mixed",100,0.3,0,"BM","mcar",0.3,"ord","brier","gnn_on","freq",200,NA,NA
"types_mixed",100,0.3,0,"BM","mcar",0.3,"ord","brier","gnn_on_full","freq",200,NA,NA
"types_mixed",100,0.3,0,"BM","mcar",0.3,"ord","brier","gnn_off","freq",200,NA,NA
"types_mixed",100,0.3,0,"BM","mcar",0.3,"ord","brier","gnn_off_rphylopars","freq",200,NA,NA
"types_mixed",100,0.3,0,"BM","mcar",0.3,"ord","brier","floor","freq",200,-0.00372210107733666,0.00242909312239399
"types_mixed",300,0.3,0,"BM","mcar",0.3,"ord","brier","bace","freq",100,-0.0275811357299025,0.00533553461090619
"types_mixed",300,0.3,0,"BM","mcar",0.3,"ord","brier","freq_lambda","freq",200,-0.000151013210948881,0.000213906663421708
"types_mixed",300,0.3,0,"BM","mcar",0.3,"ord","brier","gnn_on","freq",200,NA,NA
"types_mixed",300,0.3,0,"BM","mcar",0.3,"ord","brier","gnn_on_full","freq",200,NA,NA
"types_mixed",300,0.3,0,"BM","mcar",0.3,"ord","brier","gnn_off","freq",200,NA,NA
"types_mixed",300,0.3,0,"BM","mcar",0.3,"ord","brier","gnn_off_rphylopars","freq",200,NA,NA
"types_mixed",300,0.3,0,"BM","mcar",0.3,"ord","brier","floor","freq",200,-0.0018454216916905,0.000901250907651523
"types_mixed",1000,0.3,0,"BM","mcar",0.3,"ord","brier","bace","freq",100,-0.0373298656197878,0.00386256575337578
"types_mixed",1000,0.3,0,"BM","mcar",0.3,"ord","brier","freq_lambda","freq",200,3.54477453338773e-06,2.65426981285635e-05
"types_mixed",1000,0.3,0,"BM","mcar",0.3,"ord","brier","gnn_on","freq",200,NA,NA
"types_mixed",1000,0.3,0,"BM","mcar",0.3,"ord","brier","gnn_on_full","freq",200,NA,NA
"types_mixed",1000,0.3,0,"BM","mcar",0.3,"ord","brier","gnn_off","freq",200,NA,NA
"types_mixed",1000,0.3,0,"BM","mcar",0.3,"ord","brier","gnn_off_rphylopars","freq",200,NA,NA
"types_mixed",1000,0.3,0,"BM","mcar",0.3,"ord","brier","floor","freq",200,-0.0013648464536068,0.000424610317037548
"types_mixed",100,0.7,0,"BM","mcar",0.3,"ord","brier","bace","freq",100,0.00309686700622581,0.017619464991674
"types_mixed",100,0.7,0,"BM","mcar",0.3,"ord","brier","freq_lambda","freq",200,0.000557489059204713,0.000441255756191732
"types_mixed",100,0.7,0,"BM","mcar",0.3,"ord","brier","gnn_on","freq",200,NA,NA
"types_mixed",100,0.7,0,"BM","mcar",0.3,"ord","brier","gnn_on_full","freq",200,NA,NA
"types_mixed",100,0.7,0,"BM","mcar",0.3,"ord","brier","gnn_off","freq",200,NA,NA
"types_mixed",100,0.7,0,"BM","mcar",0.3,"ord","brier","gnn_off_rphylopars","freq",200,NA,NA
"types_mixed",100,0.7,0,"BM","mcar",0.3,"ord","brier","floor","freq",200,0.0160004215013459,0.00710235910388884
"types_mixed",300,0.7,0,"BM","mcar",0.3,"ord","brier","bace","freq",100,-0.0890283137261851,0.00654256419716393
"types_mixed",300,0.7,0,"BM","mcar",0.3,"ord","brier","freq_lambda","freq",200,0.000320401479970099,0.000301837995531539
"types_mixed",300,0.7,0,"BM","mcar",0.3,"ord","brier","gnn_on","freq",200,NA,NA
"types_mixed",300,0.7,0,"BM","mcar",0.3,"ord","brier","gnn_on_full","freq",200,NA,NA
"types_mixed",300,0.7,0,"BM","mcar",0.3,"ord","brier","gnn_off","freq",200,NA,NA
"types_mixed",300,0.7,0,"BM","mcar",0.3,"ord","brier","gnn_off_rphylopars","freq",200,NA,NA
"types_mixed",300,0.7,0,"BM","mcar",0.3,"ord","brier","floor","freq",200,0.0121028239165265,0.00402381581972097
"types_mixed",1000,0.7,0,"BM","mcar",0.3,"ord","brier","bace","freq",100,-0.108131921209591,0.00465738384066137
"types_mixed",1000,0.7,0,"BM","mcar",0.3,"ord","brier","freq_lambda","freq",200,-0.000120553783811869,0.000117115418342901
"types_mixed",1000,0.7,0,"BM","mcar",0.3,"ord","brier","gnn_on","freq",200,NA,NA
"types_mixed",1000,0.7,0,"BM","mcar",0.3,"ord","brier","gnn_on_full","freq",200,NA,NA
"types_mixed",1000,0.7,0,"BM","mcar",0.3,"ord","brier","gnn_off","freq",200,NA,NA
"types_mixed",1000,0.7,0,"BM","mcar",0.3,"ord","brier","gnn_off_rphylopars","freq",200,NA,NA
"types_mixed",1000,0.7,0,"BM","mcar",0.3,"ord","brier","floor","freq",200,0.0129139794928259,0.00380013061037725
"types_mixed",100,1,0,"BM","mcar",0.3,"ord","brier","bace","freq",100,0.148244255022541,0.0236454825630729
"types_mixed",100,1,0,"BM","mcar",0.3,"ord","brier","freq_lambda","freq",200,3.60689257451471e-05,3.88303048983486e-05
"types_mixed",100,1,0,"BM","mcar",0.3,"ord","brier","gnn_on","freq",200,NA,NA
"types_mixed",100,1,0,"BM","mcar",0.3,"ord","brier","gnn_on_full","freq",185,NA,NA
"types_mixed",100,1,0,"BM","mcar",0.3,"ord","brier","gnn_off","freq",200,NA,NA
"types_mixed",100,1,0,"BM","mcar",0.3,"ord","brier","gnn_off_rphylopars","freq",200,NA,NA
"types_mixed",100,1,0,"BM","mcar",0.3,"ord","brier","floor","freq",200,0.357416404872856,0.0155183472468587
"types_mixed",300,1,0,"BM","mcar",0.3,"ord","brier","bace","freq",100,0.204475859143213,0.0294435984865904
"types_mixed",300,1,0,"BM","mcar",0.3,"ord","brier","freq_lambda","freq",200,-0.000140587149641969,0.000162733831212929
"types_mixed",300,1,0,"BM","mcar",0.3,"ord","brier","gnn_on","freq",200,NA,NA
"types_mixed",300,1,0,"BM","mcar",0.3,"ord","brier","gnn_on_full","freq",186,NA,NA
"types_mixed",300,1,0,"BM","mcar",0.3,"ord","brier","gnn_off","freq",200,NA,NA
"types_mixed",300,1,0,"BM","mcar",0.3,"ord","brier","gnn_off_rphylopars","freq",200,NA,NA
"types_mixed",300,1,0,"BM","mcar",0.3,"ord","brier","floor","freq",200,0.425665610175585,0.0143716966968613
"types_mixed",1000,1,0,"BM","mcar",0.3,"ord","brier","bace","freq",93,0.187717549852023,0.0254659317353554
"types_mixed",1000,1,0,"BM","mcar",0.3,"ord","brier","freq_lambda","freq",200,-0.000284373963267573,0.000214875235203131
"types_mixed",1000,1,0,"BM","mcar",0.3,"ord","brier","gnn_on","freq",200,NA,NA
"types_mixed",1000,1,0,"BM","mcar",0.3,"ord","brier","gnn_on_full","freq",191,NA,NA
"types_mixed",1000,1,0,"BM","mcar",0.3,"ord","brier","gnn_off","freq",200,NA,NA
"types_mixed",1000,1,0,"BM","mcar",0.3,"ord","brier","gnn_off_rphylopars","freq",200,NA,NA
"types_mixed",1000,1,0,"BM","mcar",0.3,"ord","brier","floor","freq",200,0.471756904442122,0.0127307530979354
"types_mixed",100,0.3,0.5,"BM","mcar",0.3,"ord","brier","bace","freq",100,0.00724487834880489,0.0101699876883314
"types_mixed",100,0.3,0.5,"BM","mcar",0.3,"ord","brier","freq_lambda","freq",200,-0.000850392204329661,0.000498125159361499
"types_mixed",100,0.3,0.5,"BM","mcar",0.3,"ord","brier","gnn_on","freq",200,NA,NA
"types_mixed",100,0.3,0.5,"BM","mcar",0.3,"ord","brier","gnn_on_full","freq",200,NA,NA
"types_mixed",100,0.3,0.5,"BM","mcar",0.3,"ord","brier","gnn_off","freq",200,NA,NA
"types_mixed",100,0.3,0.5,"BM","mcar",0.3,"ord","brier","gnn_off_rphylopars","freq",200,NA,NA
"types_mixed",100,0.3,0.5,"BM","mcar",0.3,"ord","brier","floor","freq",200,-0.00444935387354342,0.00252947639430571
"types_mixed",300,0.3,0.5,"BM","mcar",0.3,"ord","brier","bace","freq",100,-0.0699264921979322,0.00556231925097714
"types_mixed",300,0.3,0.5,"BM","mcar",0.3,"ord","brier","freq_lambda","freq",200,0.000171821769175359,0.000164419196059165
"types_mixed",300,0.3,0.5,"BM","mcar",0.3,"ord","brier","gnn_on","freq",200,NA,NA
"types_mixed",300,0.3,0.5,"BM","mcar",0.3,"ord","brier","gnn_on_full","freq",200,NA,NA
"types_mixed",300,0.3,0.5,"BM","mcar",0.3,"ord","brier","gnn_off","freq",200,NA,NA
"types_mixed",300,0.3,0.5,"BM","mcar",0.3,"ord","brier","gnn_off_rphylopars","freq",200,NA,NA
"types_mixed",300,0.3,0.5,"BM","mcar",0.3,"ord","brier","floor","freq",200,-0.00287774197368187,0.00114342658975525
"types_mixed",1000,0.3,0.5,"BM","mcar",0.3,"ord","brier","bace","freq",97,-0.0920333149178234,0.00383073130400044
"types_mixed",1000,0.3,0.5,"BM","mcar",0.3,"ord","brier","freq_lambda","freq",200,-9.34461968516965e-05,5.7314320252464e-05
"types_mixed",1000,0.3,0.5,"BM","mcar",0.3,"ord","brier","gnn_on","freq",200,NA,NA
"types_mixed",1000,0.3,0.5,"BM","mcar",0.3,"ord","brier","gnn_on_full","freq",200,NA,NA
"types_mixed",1000,0.3,0.5,"BM","mcar",0.3,"ord","brier","gnn_off","freq",200,NA,NA
"types_mixed",1000,0.3,0.5,"BM","mcar",0.3,"ord","brier","gnn_off_rphylopars","freq",200,NA,NA
"types_mixed",1000,0.3,0.5,"BM","mcar",0.3,"ord","brier","floor","freq",200,-0.00133477710064059,0.000625633886219849
"types_mixed",100,0.7,0.5,"BM","mcar",0.3,"ord","brier","bace","freq",97,-0.0537638709602264,0.0237712364169726
"types_mixed",100,0.7,0.5,"BM","mcar",0.3,"ord","brier","freq_lambda","freq",200,-0.000302451461521208,0.000502299170289413
"types_mixed",100,0.7,0.5,"BM","mcar",0.3,"ord","brier","gnn_on","freq",200,NA,NA
"types_mixed",100,0.7,0.5,"BM","mcar",0.3,"ord","brier","gnn_on_full","freq",200,NA,NA
"types_mixed",100,0.7,0.5,"BM","mcar",0.3,"ord","brier","gnn_off","freq",200,NA,NA
"types_mixed",100,0.7,0.5,"BM","mcar",0.3,"ord","brier","gnn_off_rphylopars","freq",200,NA,NA
"types_mixed",100,0.7,0.5,"BM","mcar",0.3,"ord","brier","floor","freq",200,0.0088690388675413,0.00775711285785996
"types_mixed",300,0.7,0.5,"BM","mcar",0.3,"ord","brier","bace","freq",99,-0.131626326019955,0.00612662857942451
"types_mixed",300,0.7,0.5,"BM","mcar",0.3,"ord","brier","freq_lambda","freq",200,0.00055899243458218,0.000322385807548825
"types_mixed",300,0.7,0.5,"BM","mcar",0.3,"ord","brier","gnn_on","freq",200,NA,NA
"types_mixed",300,0.7,0.5,"BM","mcar",0.3,"ord","brier","gnn_on_full","freq",200,NA,NA
"types_mixed",300,0.7,0.5,"BM","mcar",0.3,"ord","brier","gnn_off","freq",200,NA,NA
"types_mixed",300,0.7,0.5,"BM","mcar",0.3,"ord","brier","gnn_off_rphylopars","freq",200,NA,NA
"types_mixed",300,0.7,0.5,"BM","mcar",0.3,"ord","brier","floor","freq",200,0.00553772045803102,0.0042675126352579
"types_mixed",1000,0.7,0.5,"BM","mcar",0.3,"ord","brier","bace","freq",90,-0.152519844069296,0.00422526950720419
"types_mixed",1000,0.7,0.5,"BM","mcar",0.3,"ord","brier","freq_lambda","freq",200,0.000110248588970819,6.14057490497832e-05
"types_mixed",1000,0.7,0.5,"BM","mcar",0.3,"ord","brier","gnn_on","freq",200,NA,NA
"types_mixed",1000,0.7,0.5,"BM","mcar",0.3,"ord","brier","gnn_on_full","freq",200,NA,NA
"types_mixed",1000,0.7,0.5,"BM","mcar",0.3,"ord","brier","gnn_off","freq",200,NA,NA
"types_mixed",1000,0.7,0.5,"BM","mcar",0.3,"ord","brier","gnn_off_rphylopars","freq",200,NA,NA
"types_mixed",1000,0.7,0.5,"BM","mcar",0.3,"ord","brier","floor","freq",200,0.0124496134032885,0.00389611007806871
"types_mixed",100,1,0.5,"BM","mcar",0.3,"ord","brier","bace","freq",100,0.160889379900983,0.0243340724334442
"types_mixed",100,1,0.5,"BM","mcar",0.3,"ord","brier","freq_lambda","freq",200,0.0062113643899596,0.00463022535683593
"types_mixed",100,1,0.5,"BM","mcar",0.3,"ord","brier","gnn_on","freq",200,NA,NA
"types_mixed",100,1,0.5,"BM","mcar",0.3,"ord","brier","gnn_on_full","freq",183,NA,NA
"types_mixed",100,1,0.5,"BM","mcar",0.3,"ord","brier","gnn_off","freq",200,NA,NA
"types_mixed",100,1,0.5,"BM","mcar",0.3,"ord","brier","gnn_off_rphylopars","freq",200,NA,NA
"types_mixed",100,1,0.5,"BM","mcar",0.3,"ord","brier","floor","freq",200,0.338288600298085,0.0173976444255291
"types_mixed",300,1,0.5,"BM","mcar",0.3,"ord","brier","bace","freq",100,0.176365942539269,0.024465855300314
"types_mixed",300,1,0.5,"BM","mcar",0.3,"ord","brier","freq_lambda","freq",200,0.000154195515197525,0.000154217660396947
"types_mixed",300,1,0.5,"BM","mcar",0.3,"ord","brier","gnn_on","freq",200,NA,NA
"types_mixed",300,1,0.5,"BM","mcar",0.3,"ord","brier","gnn_on_full","freq",185,NA,NA
"types_mixed",300,1,0.5,"BM","mcar",0.3,"ord","brier","gnn_off","freq",200,NA,NA
"types_mixed",300,1,0.5,"BM","mcar",0.3,"ord","brier","gnn_off_rphylopars","freq",200,NA,NA
"types_mixed",300,1,0.5,"BM","mcar",0.3,"ord","brier","floor","freq",200,0.423225933162223,0.0130539469066313
"types_mixed",1000,1,0.5,"BM","mcar",0.3,"ord","brier","bace","freq",100,0.153515197816045,0.0216683893224203
"types_mixed",1000,1,0.5,"BM","mcar",0.3,"ord","brier","freq_lambda","freq",200,-3.04549684486116e-05,0.00019466724062169
"types_mixed",1000,1,0.5,"BM","mcar",0.3,"ord","brier","gnn_on","freq",200,NA,NA
"types_mixed",1000,1,0.5,"BM","mcar",0.3,"ord","brier","gnn_on_full","freq",193,NA,NA
"types_mixed",1000,1,0.5,"BM","mcar",0.3,"ord","brier","gnn_off","freq",200,NA,NA
"types_mixed",1000,1,0.5,"BM","mcar",0.3,"ord","brier","gnn_off_rphylopars","freq",200,NA,NA
"types_mixed",1000,1,0.5,"BM","mcar",0.3,"ord","brier","floor","freq",200,0.482561269970883,0.011726492891127
"types_mixed",100,0.3,0,"BM","mcar",0.3,"c1","interval_score","bace","freq",100,-3.36231011107097,0.487895278759047
"types_mixed",100,0.3,0,"BM","mcar",0.3,"c1","interval_score","freq_lambda","freq",200,-6.92893655343194,0.261799215358398
"types_mixed",100,0.3,0,"BM","mcar",0.3,"c1","interval_score","gnn_on","freq",200,-5.35010814125313,0.308836848198662
"types_mixed",100,0.3,0,"BM","mcar",0.3,"c1","interval_score","gnn_on_full","freq",200,-5.28876530011346,0.30789967674313
"types_mixed",100,0.3,0,"BM","mcar",0.3,"c1","interval_score","gnn_off","freq",200,-5.28476683080479,0.308404743135419
"types_mixed",100,0.3,0,"BM","mcar",0.3,"c1","interval_score","gnn_off_rphylopars","freq",200,-5.32149011621286,0.315361893993343
"types_mixed",100,0.3,0,"BM","mcar",0.3,"c1","interval_score","floor","freq",200,NA,NA
"types_mixed",300,0.3,0,"BM","mcar",0.3,"c1","interval_score","bace","freq",100,-3.80735065156986,1.45423223812679
"types_mixed",300,0.3,0,"BM","mcar",0.3,"c1","interval_score","freq_lambda","freq",200,-7.13626315751958,0.768778793525549
"types_mixed",300,0.3,0,"BM","mcar",0.3,"c1","interval_score","gnn_on","freq",200,-6.14403061312924,0.772819148379365
"types_mixed",300,0.3,0,"BM","mcar",0.3,"c1","interval_score","gnn_on_full","freq",200,-6.13846356125585,0.770523188184478
"types_mixed",300,0.3,0,"BM","mcar",0.3,"c1","interval_score","gnn_off","freq",200,-6.12750359418872,0.770941620343395
"types_mixed",300,0.3,0,"BM","mcar",0.3,"c1","interval_score","gnn_off_rphylopars","freq",200,-6.17614738973897,0.772843136043267
"types_mixed",300,0.3,0,"BM","mcar",0.3,"c1","interval_score","floor","freq",200,NA,NA
"types_mixed",1000,0.3,0,"BM","mcar",0.3,"c1","interval_score","bace","freq",100,-3.23388406980283,0.236781370578444
"types_mixed",1000,0.3,0,"BM","mcar",0.3,"c1","interval_score","freq_lambda","freq",200,-6.73957311013087,0.171624484198528
"types_mixed",1000,0.3,0,"BM","mcar",0.3,"c1","interval_score","gnn_on","freq",200,-6.03494459212723,0.176503581686514
"types_mixed",1000,0.3,0,"BM","mcar",0.3,"c1","interval_score","gnn_on_full","freq",200,-6.02718657035468,0.176193036651627
"types_mixed",1000,0.3,0,"BM","mcar",0.3,"c1","interval_score","gnn_off","freq",200,-6.04871190819554,0.176148558920293
"types_mixed",1000,0.3,0,"BM","mcar",0.3,"c1","interval_score","gnn_off_rphylopars","freq",200,-6.14550493486863,0.174817732080494
"types_mixed",1000,0.3,0,"BM","mcar",0.3,"c1","interval_score","floor","freq",200,NA,NA
"types_mixed",100,0.7,0,"BM","mcar",0.3,"c1","interval_score","bace","freq",100,NA,NA
"types_mixed",100,0.7,0,"BM","mcar",0.3,"c1","interval_score","freq_lambda","freq",200,-5.46100190698423,0.264019576671593
"types_mixed",100,0.7,0,"BM","mcar",0.3,"c1","interval_score","gnn_on","freq",200,-3.6086616857889,0.303848365588085
"types_mixed",100,0.7,0,"BM","mcar",0.3,"c1","interval_score","gnn_on_full","freq",200,-3.61156366928524,0.301865247315304
"types_mixed",100,0.7,0,"BM","mcar",0.3,"c1","interval_score","gnn_off","freq",200,-3.61810704962323,0.301320109585546
"types_mixed",100,0.7,0,"BM","mcar",0.3,"c1","interval_score","gnn_off_rphylopars","freq",200,-2.74544824031789,0.352316917790029
"types_mixed",100,0.7,0,"BM","mcar",0.3,"c1","interval_score","floor","freq",200,NA,NA
"types_mixed",300,0.7,0,"BM","mcar",0.3,"c1","interval_score","bace","freq",100,-3.58271745034535,1.04737303659331
"types_mixed",300,0.7,0,"BM","mcar",0.3,"c1","interval_score","freq_lambda","freq",200,-5.56520116098969,0.549142464460325
"types_mixed",300,0.7,0,"BM","mcar",0.3,"c1","interval_score","gnn_on","freq",200,-4.47598315755986,0.553426612431747
"types_mixed",300,0.7,0,"BM","mcar",0.3,"c1","interval_score","gnn_on_full","freq",200,-4.46346756198203,0.551075331919008
"types_mixed",300,0.7,0,"BM","mcar",0.3,"c1","interval_score","gnn_off","freq",200,-4.47334719124731,0.551277548703371
"types_mixed",300,0.7,0,"BM","mcar",0.3,"c1","interval_score","gnn_off_rphylopars","freq",200,-3.07928883500583,0.688623898544948
"types_mixed",300,0.7,0,"BM","mcar",0.3,"c1","interval_score","floor","freq",200,NA,NA
"types_mixed",1000,0.7,0,"BM","mcar",0.3,"c1","interval_score","bace","freq",100,NA,NA
"types_mixed",1000,0.7,0,"BM","mcar",0.3,"c1","interval_score","freq_lambda","freq",200,-5.28408308817231,0.157135839896581
"types_mixed",1000,0.7,0,"BM","mcar",0.3,"c1","interval_score","gnn_on","freq",200,-4.51407239404688,0.157363635227236
"types_mixed",1000,0.7,0,"BM","mcar",0.3,"c1","interval_score","gnn_on_full","freq",200,-4.48971104441742,0.157527801954785
"types_mixed",1000,0.7,0,"BM","mcar",0.3,"c1","interval_score","gnn_off","freq",200,-4.52149484198986,0.158520330493624
"types_mixed",1000,0.7,0,"BM","mcar",0.3,"c1","interval_score","gnn_off_rphylopars","freq",200,-4.43903514243487,0.156635897832519
"types_mixed",1000,0.7,0,"BM","mcar",0.3,"c1","interval_score","floor","freq",200,NA,NA
"types_mixed",100,1,0,"BM","mcar",0.3,"c1","interval_score","bace","freq",100,NA,NA
"types_mixed",100,1,0,"BM","mcar",0.3,"c1","interval_score","freq_lambda","freq",200,NA,NA
"types_mixed",100,1,0,"BM","mcar",0.3,"c1","interval_score","gnn_on","freq",200,NA,NA
"types_mixed",100,1,0,"BM","mcar",0.3,"c1","interval_score","gnn_on_full","freq",185,1.28336394537665,0.127006741789072
"types_mixed",100,1,0,"BM","mcar",0.3,"c1","interval_score","gnn_off","freq",200,NA,NA
"types_mixed",100,1,0,"BM","mcar",0.3,"c1","interval_score","gnn_off_rphylopars","freq",200,NA,NA
"types_mixed",100,1,0,"BM","mcar",0.3,"c1","interval_score","floor","freq",200,NA,NA
"types_mixed",300,1,0,"BM","mcar",0.3,"c1","interval_score","bace","freq",100,NA,NA
"types_mixed",300,1,0,"BM","mcar",0.3,"c1","interval_score","freq_lambda","freq",200,NA,NA
"types_mixed",300,1,0,"BM","mcar",0.3,"c1","interval_score","gnn_on","freq",200,NA,NA
"types_mixed",300,1,0,"BM","mcar",0.3,"c1","interval_score","gnn_on_full","freq",186,0.683565709325082,0.0525314574949933
"types_mixed",300,1,0,"BM","mcar",0.3,"c1","interval_score","gnn_off","freq",200,NA,NA
"types_mixed",300,1,0,"BM","mcar",0.3,"c1","interval_score","gnn_off_rphylopars","freq",200,NA,NA
"types_mixed",300,1,0,"BM","mcar",0.3,"c1","interval_score","floor","freq",200,NA,NA
"types_mixed",1000,1,0,"BM","mcar",0.3,"c1","interval_score","bace","freq",93,NA,NA
"types_mixed",1000,1,0,"BM","mcar",0.3,"c1","interval_score","freq_lambda","freq",200,NA,NA
"types_mixed",1000,1,0,"BM","mcar",0.3,"c1","interval_score","gnn_on","freq",200,NA,NA
"types_mixed",1000,1,0,"BM","mcar",0.3,"c1","interval_score","gnn_on_full","freq",191,0.26801100271229,0.0098748810797839
"types_mixed",1000,1,0,"BM","mcar",0.3,"c1","interval_score","gnn_off","freq",200,NA,NA
"types_mixed",1000,1,0,"BM","mcar",0.3,"c1","interval_score","gnn_off_rphylopars","freq",200,NA,NA
"types_mixed",1000,1,0,"BM","mcar",0.3,"c1","interval_score","floor","freq",200,NA,NA
"types_mixed",100,0.3,0.5,"BM","mcar",0.3,"c1","interval_score","bace","freq",100,-3.30595232054297,0.400089693710213
"types_mixed",100,0.3,0.5,"BM","mcar",0.3,"c1","interval_score","freq_lambda","freq",200,-6.24719044280932,0.225508784532604
"types_mixed",100,0.3,0.5,"BM","mcar",0.3,"c1","interval_score","gnn_on","freq",200,-4.31578280857067,0.277948857252674
"types_mixed",100,0.3,0.5,"BM","mcar",0.3,"c1","interval_score","gnn_on_full","freq",200,-4.29004824132055,0.279018942497941
"types_mixed",100,0.3,0.5,"BM","mcar",0.3,"c1","interval_score","gnn_off","freq",200,-4.20428570977567,0.272630555407688
"types_mixed",100,0.3,0.5,"BM","mcar",0.3,"c1","interval_score","gnn_off_rphylopars","freq",200,-4.07371805854232,0.31167843897152
"types_mixed",100,0.3,0.5,"BM","mcar",0.3,"c1","interval_score","floor","freq",200,NA,NA
"types_mixed",300,0.3,0.5,"BM","mcar",0.3,"c1","interval_score","bace","freq",100,-5.28016169190945,0.720657706248239
"types_mixed",300,0.3,0.5,"BM","mcar",0.3,"c1","interval_score","freq_lambda","freq",200,-6.19335302203082,0.368476567958246
"types_mixed",300,0.3,0.5,"BM","mcar",0.3,"c1","interval_score","gnn_on","freq",200,-4.91736560243351,0.374783602810038
"types_mixed",300,0.3,0.5,"BM","mcar",0.3,"c1","interval_score","gnn_on_full","freq",200,-4.91405472595635,0.373159985723545
"types_mixed",300,0.3,0.5,"BM","mcar",0.3,"c1","interval_score","gnn_off","freq",200,-4.86768492631138,0.374254801399048
"types_mixed",300,0.3,0.5,"BM","mcar",0.3,"c1","interval_score","gnn_off_rphylopars","freq",200,-4.84290938550287,0.23764754389306
"types_mixed",300,0.3,0.5,"BM","mcar",0.3,"c1","interval_score","floor","freq",200,NA,NA
"types_mixed",1000,0.3,0.5,"BM","mcar",0.3,"c1","interval_score","bace","freq",97,-4.92226811601319,0.171632071948805
"types_mixed",1000,0.3,0.5,"BM","mcar",0.3,"c1","interval_score","freq_lambda","freq",200,-6.04049453763241,0.138574209780739
"types_mixed",1000,0.3,0.5,"BM","mcar",0.3,"c1","interval_score","gnn_on","freq",200,-4.9875840747004,0.140771998805462
"types_mixed",1000,0.3,0.5,"BM","mcar",0.3,"c1","interval_score","gnn_on_full","freq",200,-4.98064988187828,0.140984257198238
"types_mixed",1000,0.3,0.5,"BM","mcar",0.3,"c1","interval_score","gnn_off","freq",200,-4.9866833686556,0.14109450135478
"types_mixed",1000,0.3,0.5,"BM","mcar",0.3,"c1","interval_score","gnn_off_rphylopars","freq",200,-5.24699328829665,0.134580243711101
"types_mixed",1000,0.3,0.5,"BM","mcar",0.3,"c1","interval_score","floor","freq",200,NA,NA
"types_mixed",100,0.7,0.5,"BM","mcar",0.3,"c1","interval_score","bace","freq",97,-2.24551907762852,0.357633038871489
"types_mixed",100,0.7,0.5,"BM","mcar",0.3,"c1","interval_score","freq_lambda","freq",200,-4.64799753920498,0.183019728021685
"types_mixed",100,0.7,0.5,"BM","mcar",0.3,"c1","interval_score","gnn_on","freq",200,-2.64093964540284,0.248771494092441
"types_mixed",100,0.7,0.5,"BM","mcar",0.3,"c1","interval_score","gnn_on_full","freq",200,-2.6471861205863,0.249397348141325
"types_mixed",100,0.7,0.5,"BM","mcar",0.3,"c1","interval_score","gnn_off","freq",200,-2.53571440111342,0.249669422471437
"types_mixed",100,0.7,0.5,"BM","mcar",0.3,"c1","interval_score","gnn_off_rphylopars","freq",200,-2.04471307558356,0.279521267977601
"types_mixed",100,0.7,0.5,"BM","mcar",0.3,"c1","interval_score","floor","freq",200,NA,NA
"types_mixed",300,0.7,0.5,"BM","mcar",0.3,"c1","interval_score","bace","freq",99,NA,NA
"types_mixed",300,0.7,0.5,"BM","mcar",0.3,"c1","interval_score","freq_lambda","freq",200,-4.80899014191284,0.269593113098965
"types_mixed",300,0.7,0.5,"BM","mcar",0.3,"c1","interval_score","gnn_on","freq",200,-3.5670426715231,0.27349076621407
"types_mixed",300,0.7,0.5,"BM","mcar",0.3,"c1","interval_score","gnn_on_full","freq",200,-3.55075750614397,0.272489082091894
"types_mixed",300,0.7,0.5,"BM","mcar",0.3,"c1","interval_score","gnn_off","freq",200,-3.49471488855102,0.271975566414267
"types_mixed",300,0.7,0.5,"BM","mcar",0.3,"c1","interval_score","gnn_off_rphylopars","freq",200,-3.30696573330948,0.178004518386518
"types_mixed",300,0.7,0.5,"BM","mcar",0.3,"c1","interval_score","floor","freq",200,NA,NA
"types_mixed",1000,0.7,0.5,"BM","mcar",0.3,"c1","interval_score","bace","freq",90,NA,NA
"types_mixed",1000,0.7,0.5,"BM","mcar",0.3,"c1","interval_score","freq_lambda","freq",200,-4.7564304195319,0.128208695833534
"types_mixed",1000,0.7,0.5,"BM","mcar",0.3,"c1","interval_score","gnn_on","freq",200,-3.72892117335754,0.126524293848725
"types_mixed",1000,0.7,0.5,"BM","mcar",0.3,"c1","interval_score","gnn_on_full","freq",200,-3.7006174523921,0.12740757700279
"types_mixed",1000,0.7,0.5,"BM","mcar",0.3,"c1","interval_score","gnn_off","freq",200,-3.72424573822808,0.12770370042094
"types_mixed",1000,0.7,0.5,"BM","mcar",0.3,"c1","interval_score","gnn_off_rphylopars","freq",200,-3.916311554913,0.122323890401133
"types_mixed",1000,0.7,0.5,"BM","mcar",0.3,"c1","interval_score","floor","freq",200,NA,NA
"types_mixed",100,1,0.5,"BM","mcar",0.3,"c1","interval_score","bace","freq",100,NA,NA
"types_mixed",100,1,0.5,"BM","mcar",0.3,"c1","interval_score","freq_lambda","freq",200,NA,NA
"types_mixed",100,1,0.5,"BM","mcar",0.3,"c1","interval_score","gnn_on","freq",200,NA,NA
"types_mixed",100,1,0.5,"BM","mcar",0.3,"c1","interval_score","gnn_on_full","freq",183,1.4087009776045,0.145427198594184
"types_mixed",100,1,0.5,"BM","mcar",0.3,"c1","interval_score","gnn_off","freq",200,NA,NA
"types_mixed",100,1,0.5,"BM","mcar",0.3,"c1","interval_score","gnn_off_rphylopars","freq",200,NA,NA
"types_mixed",100,1,0.5,"BM","mcar",0.3,"c1","interval_score","floor","freq",200,NA,NA
"types_mixed",300,1,0.5,"BM","mcar",0.3,"c1","interval_score","bace","freq",100,NA,NA
"types_mixed",300,1,0.5,"BM","mcar",0.3,"c1","interval_score","freq_lambda","freq",200,NA,NA
"types_mixed",300,1,0.5,"BM","mcar",0.3,"c1","interval_score","gnn_on","freq",200,NA,NA
"types_mixed",300,1,0.5,"BM","mcar",0.3,"c1","interval_score","gnn_on_full","freq",185,0.675153323457978,0.0422554592838062
"types_mixed",300,1,0.5,"BM","mcar",0.3,"c1","interval_score","gnn_off","freq",200,NA,NA
"types_mixed",300,1,0.5,"BM","mcar",0.3,"c1","interval_score","gnn_off_rphylopars","freq",200,NA,NA
"types_mixed",300,1,0.5,"BM","mcar",0.3,"c1","interval_score","floor","freq",200,NA,NA
"types_mixed",1000,1,0.5,"BM","mcar",0.3,"c1","interval_score","bace","freq",100,NA,NA
"types_mixed",1000,1,0.5,"BM","mcar",0.3,"c1","interval_score","freq_lambda","freq",200,NA,NA
"types_mixed",1000,1,0.5,"BM","mcar",0.3,"c1","interval_score","gnn_on","freq",200,NA,NA
"types_mixed",1000,1,0.5,"BM","mcar",0.3,"c1","interval_score","gnn_on_full","freq",193,0.283342526225031,0.0100944668749915
"types_mixed",1000,1,0.5,"BM","mcar",0.3,"c1","interval_score","gnn_off","freq",200,NA,NA
"types_mixed",1000,1,0.5,"BM","mcar",0.3,"c1","interval_score","gnn_off_rphylopars","freq",200,NA,NA
"types_mixed",1000,1,0.5,"BM","mcar",0.3,"c1","interval_score","floor","freq",200,NA,NA
"types_mixed",100,0.3,0,"BM","mcar",0.3,"c2","interval_score","bace","freq",100,-3.37252041339887,0.430204761123572
"types_mixed",100,0.3,0,"BM","mcar",0.3,"c2","interval_score","freq_lambda","freq",200,-6.68826845497258,0.249966061528402
"types_mixed",100,0.3,0,"BM","mcar",0.3,"c2","interval_score","gnn_on","freq",200,-5.00571880864873,0.300082568374275
"types_mixed",100,0.3,0,"BM","mcar",0.3,"c2","interval_score","gnn_on_full","freq",200,-5.02250087370071,0.298930208974299
"types_mixed",100,0.3,0,"BM","mcar",0.3,"c2","interval_score","gnn_off","freq",200,-5.0908194763889,0.296002088321619
"types_mixed",100,0.3,0,"BM","mcar",0.3,"c2","interval_score","gnn_off_rphylopars","freq",200,-5.19880515345381,0.283769448650355
"types_mixed",100,0.3,0,"BM","mcar",0.3,"c2","interval_score","floor","freq",200,NA,NA
"types_mixed",300,0.3,0,"BM","mcar",0.3,"c2","interval_score","bace","freq",100,-4.1130859376602,0.31942970443709
"types_mixed",300,0.3,0,"BM","mcar",0.3,"c2","interval_score","freq_lambda","freq",200,-6.43796372494624,0.182621140396363
"types_mixed",300,0.3,0,"BM","mcar",0.3,"c2","interval_score","gnn_on","freq",200,-5.48291208111241,0.189659641618525
"types_mixed",300,0.3,0,"BM","mcar",0.3,"c2","interval_score","gnn_on_full","freq",200,-5.49725341061162,0.188834196449448
"types_mixed",300,0.3,0,"BM","mcar",0.3,"c2","interval_score","gnn_off","freq",200,-5.49497306666965,0.189011203056185
"types_mixed",300,0.3,0,"BM","mcar",0.3,"c2","interval_score","gnn_off_rphylopars","freq",200,-5.5151804313035,0.190806186883351
"types_mixed",300,0.3,0,"BM","mcar",0.3,"c2","interval_score","floor","freq",200,NA,NA
"types_mixed",1000,0.3,0,"BM","mcar",0.3,"c2","interval_score","bace","freq",100,-3.95487211160304,0.164188473240804
"types_mixed",1000,0.3,0,"BM","mcar",0.3,"c2","interval_score","freq_lambda","freq",200,-6.26571433031052,0.128122595618819
"types_mixed",1000,0.3,0,"BM","mcar",0.3,"c2","interval_score","gnn_on","freq",200,-5.58139980841537,0.128973631592585
"types_mixed",1000,0.3,0,"BM","mcar",0.3,"c2","interval_score","gnn_on_full","freq",200,-5.58420359562512,0.129602908885583
"types_mixed",1000,0.3,0,"BM","mcar",0.3,"c2","interval_score","gnn_off","freq",200,-5.59701902079859,0.128446952173916
"types_mixed",1000,0.3,0,"BM","mcar",0.3,"c2","interval_score","gnn_off_rphylopars","freq",200,-5.65919038710562,0.126615811894615
"types_mixed",1000,0.3,0,"BM","mcar",0.3,"c2","interval_score","floor","freq",200,NA,NA
"types_mixed",100,0.7,0,"BM","mcar",0.3,"c2","interval_score","bace","freq",100,NA,NA
"types_mixed",100,0.7,0,"BM","mcar",0.3,"c2","interval_score","freq_lambda","freq",200,-4.9574323421571,0.19949088705149
"types_mixed",100,0.7,0,"BM","mcar",0.3,"c2","interval_score","gnn_on","freq",200,-3.0096911774272,0.258101957478741
"types_mixed",100,0.7,0,"BM","mcar",0.3,"c2","interval_score","gnn_on_full","freq",200,-3.03276647858404,0.256873682360554
"types_mixed",100,0.7,0,"BM","mcar",0.3,"c2","interval_score","gnn_off","freq",200,-3.02823402503427,0.262721015773074
"types_mixed",100,0.7,0,"BM","mcar",0.3,"c2","interval_score","gnn_off_rphylopars","freq",200,-2.69918294807116,0.272350948835936
"types_mixed",100,0.7,0,"BM","mcar",0.3,"c2","interval_score","floor","freq",200,NA,NA
"types_mixed",300,0.7,0,"BM","mcar",0.3,"c2","interval_score","bace","freq",100,-3.40241137384317,0.273976018662985
"types_mixed",300,0.7,0,"BM","mcar",0.3,"c2","interval_score","freq_lambda","freq",200,-5.00391401632502,0.172641538583388
"types_mixed",300,0.7,0,"BM","mcar",0.3,"c2","interval_score","gnn_on","freq",200,-3.9598489630576,0.170237681084028
"types_mixed",300,0.7,0,"BM","mcar",0.3,"c2","interval_score","gnn_on_full","freq",200,-3.97306749015269,0.170522294824095
"types_mixed",300,0.7,0,"BM","mcar",0.3,"c2","interval_score","gnn_off","freq",200,-3.97899288773581,0.17214596405933
"types_mixed",300,0.7,0,"BM","mcar",0.3,"c2","interval_score","gnn_off_rphylopars","freq",200,-3.85653821947484,0.171119651788254
"types_mixed",300,0.7,0,"BM","mcar",0.3,"c2","interval_score","floor","freq",200,NA,NA
"types_mixed",1000,0.7,0,"BM","mcar",0.3,"c2","interval_score","bace","freq",100,NA,NA
"types_mixed",1000,0.7,0,"BM","mcar",0.3,"c2","interval_score","freq_lambda","freq",200,-4.77981725797639,0.112862438059277
"types_mixed",1000,0.7,0,"BM","mcar",0.3,"c2","interval_score","gnn_on","freq",200,-3.99848012546644,0.110577655174018
"types_mixed",1000,0.7,0,"BM","mcar",0.3,"c2","interval_score","gnn_on_full","freq",200,-3.97794756419348,0.110147209165261
"types_mixed",1000,0.7,0,"BM","mcar",0.3,"c2","interval_score","gnn_off","freq",200,-3.99999203739568,0.110601560582027
"types_mixed",1000,0.7,0,"BM","mcar",0.3,"c2","interval_score","gnn_off_rphylopars","freq",200,-3.98739973306956,0.109840186578497
"types_mixed",1000,0.7,0,"BM","mcar",0.3,"c2","interval_score","floor","freq",200,NA,NA
"types_mixed",100,1,0,"BM","mcar",0.3,"c2","interval_score","bace","freq",100,NA,NA
"types_mixed",100,1,0,"BM","mcar",0.3,"c2","interval_score","freq_lambda","freq",200,NA,NA
"types_mixed",100,1,0,"BM","mcar",0.3,"c2","interval_score","gnn_on","freq",200,NA,NA
"types_mixed",100,1,0,"BM","mcar",0.3,"c2","interval_score","gnn_on_full","freq",185,1.14578588401048,0.0995203545300199
"types_mixed",100,1,0,"BM","mcar",0.3,"c2","interval_score","gnn_off","freq",200,NA,NA
"types_mixed",100,1,0,"BM","mcar",0.3,"c2","interval_score","gnn_off_rphylopars","freq",200,NA,NA
"types_mixed",100,1,0,"BM","mcar",0.3,"c2","interval_score","floor","freq",200,NA,NA
"types_mixed",300,1,0,"BM","mcar",0.3,"c2","interval_score","bace","freq",100,NA,NA
"types_mixed",300,1,0,"BM","mcar",0.3,"c2","interval_score","freq_lambda","freq",200,NA,NA
"types_mixed",300,1,0,"BM","mcar",0.3,"c2","interval_score","gnn_on","freq",200,NA,NA
"types_mixed",300,1,0,"BM","mcar",0.3,"c2","interval_score","gnn_on_full","freq",186,0.703741603176416,0.0468285266075487
"types_mixed",300,1,0,"BM","mcar",0.3,"c2","interval_score","gnn_off","freq",200,NA,NA
"types_mixed",300,1,0,"BM","mcar",0.3,"c2","interval_score","gnn_off_rphylopars","freq",200,NA,NA
"types_mixed",300,1,0,"BM","mcar",0.3,"c2","interval_score","floor","freq",200,NA,NA
"types_mixed",1000,1,0,"BM","mcar",0.3,"c2","interval_score","bace","freq",93,NA,NA
"types_mixed",1000,1,0,"BM","mcar",0.3,"c2","interval_score","freq_lambda","freq",200,NA,NA
"types_mixed",1000,1,0,"BM","mcar",0.3,"c2","interval_score","gnn_on","freq",200,NA,NA
"types_mixed",1000,1,0,"BM","mcar",0.3,"c2","interval_score","gnn_on_full","freq",191,0.271221790072133,0.00994405842816933
"types_mixed",1000,1,0,"BM","mcar",0.3,"c2","interval_score","gnn_off","freq",200,NA,NA
"types_mixed",1000,1,0,"BM","mcar",0.3,"c2","interval_score","gnn_off_rphylopars","freq",200,NA,NA
"types_mixed",1000,1,0,"BM","mcar",0.3,"c2","interval_score","floor","freq",200,NA,NA
"types_mixed",100,0.3,0.5,"BM","mcar",0.3,"c2","interval_score","bace","freq",100,-3.62046648396689,0.415990305768729
"types_mixed",100,0.3,0.5,"BM","mcar",0.3,"c2","interval_score","freq_lambda","freq",200,-5.98895731971901,0.217973359218593
"types_mixed",100,0.3,0.5,"BM","mcar",0.3,"c2","interval_score","gnn_on","freq",200,-3.97133048222855,0.274542946778066
"types_mixed",100,0.3,0.5,"BM","mcar",0.3,"c2","interval_score","gnn_on_full","freq",200,-3.99662710544588,0.276567505184581
"types_mixed",100,0.3,0.5,"BM","mcar",0.3,"c2","interval_score","gnn_off","freq",200,-3.91736706395435,0.277280669334461
"types_mixed",100,0.3,0.5,"BM","mcar",0.3,"c2","interval_score","gnn_off_rphylopars","freq",200,-4.09791241071552,0.266102486979961
"types_mixed",100,0.3,0.5,"BM","mcar",0.3,"c2","interval_score","floor","freq",200,NA,NA
"types_mixed",300,0.3,0.5,"BM","mcar",0.3,"c2","interval_score","bace","freq",100,-4.38400614021601,0.237012810251913
"types_mixed",300,0.3,0.5,"BM","mcar",0.3,"c2","interval_score","freq_lambda","freq",200,-5.68066946103608,0.160028976117012
"types_mixed",300,0.3,0.5,"BM","mcar",0.3,"c2","interval_score","gnn_on","freq",200,-4.317456256666,0.170507538003844
"types_mixed",300,0.3,0.5,"BM","mcar",0.3,"c2","interval_score","gnn_on_full","freq",200,-4.32660893851552,0.171081445822411
"types_mixed",300,0.3,0.5,"BM","mcar",0.3,"c2","interval_score","gnn_off","freq",200,-4.290882550472,0.16947098518837
"types_mixed",300,0.3,0.5,"BM","mcar",0.3,"c2","interval_score","gnn_off_rphylopars","freq",200,-4.4817681362483,0.162513228327001
"types_mixed",300,0.3,0.5,"BM","mcar",0.3,"c2","interval_score","floor","freq",200,NA,NA
"types_mixed",1000,0.3,0.5,"BM","mcar",0.3,"c2","interval_score","bace","freq",97,-4.75970218768268,0.167181950538092
"types_mixed",1000,0.3,0.5,"BM","mcar",0.3,"c2","interval_score","freq_lambda","freq",200,-5.75400753423372,0.126172325609956
"types_mixed",1000,0.3,0.5,"BM","mcar",0.3,"c2","interval_score","gnn_on","freq",200,-4.70916486259587,0.127332989739862
"types_mixed",1000,0.3,0.5,"BM","mcar",0.3,"c2","interval_score","gnn_on_full","freq",200,-4.70802792453131,0.127728738110872
"types_mixed",1000,0.3,0.5,"BM","mcar",0.3,"c2","interval_score","gnn_off","freq",200,-4.72033157408763,0.127278537951603
"types_mixed",1000,0.3,0.5,"BM","mcar",0.3,"c2","interval_score","gnn_off_rphylopars","freq",200,-4.96667883121827,0.120894402339941
"types_mixed",1000,0.3,0.5,"BM","mcar",0.3,"c2","interval_score","floor","freq",200,NA,NA
"types_mixed",100,0.7,0.5,"BM","mcar",0.3,"c2","interval_score","bace","freq",97,-2.73023357426742,0.348640281594054
"types_mixed",100,0.7,0.5,"BM","mcar",0.3,"c2","interval_score","freq_lambda","freq",200,-4.38318578577609,0.192500676102012
"types_mixed",100,0.7,0.5,"BM","mcar",0.3,"c2","interval_score","gnn_on","freq",200,-2.14188175526944,0.256426316448501
"types_mixed",100,0.7,0.5,"BM","mcar",0.3,"c2","interval_score","gnn_on_full","freq",200,-2.1586745271363,0.256101494147968
"types_mixed",100,0.7,0.5,"BM","mcar",0.3,"c2","interval_score","gnn_off","freq",200,-1.99727156545703,0.255002276009214
"types_mixed",100,0.7,0.5,"BM","mcar",0.3,"c2","interval_score","gnn_off_rphylopars","freq",200,-2.20980188135458,0.244686291019877
"types_mixed",100,0.7,0.5,"BM","mcar",0.3,"c2","interval_score","floor","freq",200,NA,NA
"types_mixed",300,0.7,0.5,"BM","mcar",0.3,"c2","interval_score","bace","freq",99,NA,NA
"types_mixed",300,0.7,0.5,"BM","mcar",0.3,"c2","interval_score","freq_lambda","freq",200,-4.41555267418097,0.138143699922536
"types_mixed",300,0.7,0.5,"BM","mcar",0.3,"c2","interval_score","gnn_on","freq",200,-3.20390160528988,0.139763308106162
"types_mixed",300,0.7,0.5,"BM","mcar",0.3,"c2","interval_score","gnn_on_full","freq",200,-3.19388024608467,0.142414296831596
"types_mixed",300,0.7,0.5,"BM","mcar",0.3,"c2","interval_score","gnn_off","freq",200,-3.110866389934,0.144529282570831
"types_mixed",300,0.7,0.5,"BM","mcar",0.3,"c2","interval_score","gnn_off_rphylopars","freq",200,-3.20257542103751,0.138072207834913
"types_mixed",300,0.7,0.5,"BM","mcar",0.3,"c2","interval_score","floor","freq",200,NA,NA
"types_mixed",1000,0.7,0.5,"BM","mcar",0.3,"c2","interval_score","bace","freq",90,NA,NA
"types_mixed",1000,0.7,0.5,"BM","mcar",0.3,"c2","interval_score","freq_lambda","freq",200,-4.4359342149567,0.108207873456503
"types_mixed",1000,0.7,0.5,"BM","mcar",0.3,"c2","interval_score","gnn_on","freq",200,-3.4124904663873,0.10398096126095
"types_mixed",1000,0.7,0.5,"BM","mcar",0.3,"c2","interval_score","gnn_on_full","freq",200,-3.39316397022005,0.104676058110636
"types_mixed",1000,0.7,0.5,"BM","mcar",0.3,"c2","interval_score","gnn_off","freq",200,-3.38764659493421,0.105520232549877
"types_mixed",1000,0.7,0.5,"BM","mcar",0.3,"c2","interval_score","gnn_off_rphylopars","freq",200,-3.63182735790176,0.10209458632831
"types_mixed",1000,0.7,0.5,"BM","mcar",0.3,"c2","interval_score","floor","freq",200,NA,NA
"types_mixed",100,1,0.5,"BM","mcar",0.3,"c2","interval_score","bace","freq",100,NA,NA
"types_mixed",100,1,0.5,"BM","mcar",0.3,"c2","interval_score","freq_lambda","freq",200,NA,NA
"types_mixed",100,1,0.5,"BM","mcar",0.3,"c2","interval_score","gnn_on","freq",200,NA,NA
"types_mixed",100,1,0.5,"BM","mcar",0.3,"c2","interval_score","gnn_on_full","freq",183,1.08788277723394,0.0873101026891472
"types_mixed",100,1,0.5,"BM","mcar",0.3,"c2","interval_score","gnn_off","freq",200,NA,NA
"types_mixed",100,1,0.5,"BM","mcar",0.3,"c2","interval_score","gnn_off_rphylopars","freq",200,NA,NA
"types_mixed",100,1,0.5,"BM","mcar",0.3,"c2","interval_score","floor","freq",200,NA,NA
"types_mixed",300,1,0.5,"BM","mcar",0.3,"c2","interval_score","bace","freq",100,NA,NA
"types_mixed",300,1,0.5,"BM","mcar",0.3,"c2","interval_score","freq_lambda","freq",200,NA,NA
"types_mixed",300,1,0.5,"BM","mcar",0.3,"c2","interval_score","gnn_on","freq",200,NA,NA
"types_mixed",300,1,0.5,"BM","mcar",0.3,"c2","interval_score","gnn_on_full","freq",185,0.70344758917208,0.0446744619600875
"types_mixed",300,1,0.5,"BM","mcar",0.3,"c2","interval_score","gnn_off","freq",200,NA,NA
"types_mixed",300,1,0.5,"BM","mcar",0.3,"c2","interval_score","gnn_off_rphylopars","freq",200,NA,NA
"types_mixed",300,1,0.5,"BM","mcar",0.3,"c2","interval_score","floor","freq",200,NA,NA
"types_mixed",1000,1,0.5,"BM","mcar",0.3,"c2","interval_score","bace","freq",100,NA,NA
"types_mixed",1000,1,0.5,"BM","mcar",0.3,"c2","interval_score","freq_lambda","freq",200,NA,NA
"types_mixed",1000,1,0.5,"BM","mcar",0.3,"c2","interval_score","gnn_on","freq",200,NA,NA
"types_mixed",1000,1,0.5,"BM","mcar",0.3,"c2","interval_score","gnn_on_full","freq",193,0.295851763673736,0.0104641444177651
"types_mixed",1000,1,0.5,"BM","mcar",0.3,"c2","interval_score","gnn_off","freq",200,NA,NA
"types_mixed",1000,1,0.5,"BM","mcar",0.3,"c2","interval_score","gnn_off_rphylopars","freq",200,NA,NA
"types_mixed",1000,1,0.5,"BM","mcar",0.3,"c2","interval_score","floor","freq",200,NA,NA
"types_mixed",100,0.3,0,"BM","mcar",0.3,"cnt","interval_score","bace","freq",100,-1.97143863957985,0.487368965262587
"types_mixed",100,0.3,0,"BM","mcar",0.3,"cnt","interval_score","freq_lambda","freq",200,0,0
"types_mixed",100,0.3,0,"BM","mcar",0.3,"cnt","interval_score","gnn_on","freq",200,-2.67687081011384,0.280551375000211
"types_mixed",100,0.3,0,"BM","mcar",0.3,"cnt","interval_score","gnn_on_full","freq",200,-2.64696576680217,0.281913183930863
"types_mixed",100,0.3,0,"BM","mcar",0.3,"cnt","interval_score","gnn_off","freq",200,-2.63751987934335,0.2795812572294
"types_mixed",100,0.3,0,"BM","mcar",0.3,"cnt","interval_score","gnn_off_rphylopars","freq",200,-2.62288076580633,0.2829841076282
"types_mixed",100,0.3,0,"BM","mcar",0.3,"cnt","interval_score","floor","freq",200,NA,NA
"types_mixed",300,0.3,0,"BM","mcar",0.3,"cnt","interval_score","bace","freq",100,-2.70030759199193,0.213175206481032
"types_mixed",300,0.3,0,"BM","mcar",0.3,"cnt","interval_score","freq_lambda","freq",200,0,0
"types_mixed",300,0.3,0,"BM","mcar",0.3,"cnt","interval_score","gnn_on","freq",200,-2.9724449208499,0.175125384385903
"types_mixed",300,0.3,0,"BM","mcar",0.3,"cnt","interval_score","gnn_on_full","freq",200,-2.97085310826187,0.176554593266597
"types_mixed",300,0.3,0,"BM","mcar",0.3,"cnt","interval_score","gnn_off","freq",200,-2.96070524677538,0.179464707906307
"types_mixed",300,0.3,0,"BM","mcar",0.3,"cnt","interval_score","gnn_off_rphylopars","freq",200,-3.11752750242948,0.17109510183844
"types_mixed",300,0.3,0,"BM","mcar",0.3,"cnt","interval_score","floor","freq",200,NA,NA
"types_mixed",1000,0.3,0,"BM","mcar",0.3,"cnt","interval_score","bace","freq",100,-2.83327597017851,0.187923063684355
"types_mixed",1000,0.3,0,"BM","mcar",0.3,"cnt","interval_score","freq_lambda","freq",200,0,0
"types_mixed",1000,0.3,0,"BM","mcar",0.3,"cnt","interval_score","gnn_on","freq",200,-3.52450165649508,0.123121357696667
"types_mixed",1000,0.3,0,"BM","mcar",0.3,"cnt","interval_score","gnn_on_full","freq",200,-3.51966865117063,0.122037978147314
"types_mixed",1000,0.3,0,"BM","mcar",0.3,"cnt","interval_score","gnn_off","freq",200,-3.5366898679505,0.12275474314068
"types_mixed",1000,0.3,0,"BM","mcar",0.3,"cnt","interval_score","gnn_off_rphylopars","freq",200,-3.59784457499583,0.126068781915067
"types_mixed",1000,0.3,0,"BM","mcar",0.3,"cnt","interval_score","floor","freq",200,NA,NA
"types_mixed",100,0.7,0,"BM","mcar",0.3,"cnt","interval_score","bace","freq",100,NA,NA
"types_mixed",100,0.7,0,"BM","mcar",0.3,"cnt","interval_score","freq_lambda","freq",200,0,0
"types_mixed",100,0.7,0,"BM","mcar",0.3,"cnt","interval_score","gnn_on","freq",200,-2.09941780023689,0.295503397239678
"types_mixed",100,0.7,0,"BM","mcar",0.3,"cnt","interval_score","gnn_on_full","freq",200,-2.0536204835743,0.299675789593308
"types_mixed",100,0.7,0,"BM","mcar",0.3,"cnt","interval_score","gnn_off","freq",200,-2.12967031352582,0.297358398820259
"types_mixed",100,0.7,0,"BM","mcar",0.3,"cnt","interval_score","gnn_off_rphylopars","freq",200,2.77366702582706e+21,2.77366702582706e+21
"types_mixed",100,0.7,0,"BM","mcar",0.3,"cnt","interval_score","floor","freq",200,NA,NA
"types_mixed",300,0.7,0,"BM","mcar",0.3,"cnt","interval_score","bace","freq",100,-3.49527454942359,0.340339945388463
"types_mixed",300,0.7,0,"BM","mcar",0.3,"cnt","interval_score","freq_lambda","freq",200,0,0
"types_mixed",300,0.7,0,"BM","mcar",0.3,"cnt","interval_score","gnn_on","freq",200,-2.52215870569513,0.256549241020576
"types_mixed",300,0.7,0,"BM","mcar",0.3,"cnt","interval_score","gnn_on_full","freq",200,-2.53084956167322,0.255334099427031
"types_mixed",300,0.7,0,"BM","mcar",0.3,"cnt","interval_score","gnn_off","freq",200,-2.57334242118232,0.253951190244003
"types_mixed",300,0.7,0,"BM","mcar",0.3,"cnt","interval_score","gnn_off_rphylopars","freq",200,-2.45526394437597,0.252392293409095
"types_mixed",300,0.7,0,"BM","mcar",0.3,"cnt","interval_score","floor","freq",200,NA,NA
"types_mixed",1000,0.7,0,"BM","mcar",0.3,"cnt","interval_score","bace","freq",100,NA,NA
"types_mixed",1000,0.7,0,"BM","mcar",0.3,"cnt","interval_score","freq_lambda","freq",200,0,0
"types_mixed",1000,0.7,0,"BM","mcar",0.3,"cnt","interval_score","gnn_on","freq",200,-3.45001472679902,0.236042940011379
"types_mixed",1000,0.7,0,"BM","mcar",0.3,"cnt","interval_score","gnn_on_full","freq",200,-3.45835069615229,0.23566347904882
"types_mixed",1000,0.7,0,"BM","mcar",0.3,"cnt","interval_score","gnn_off","freq",200,-3.52200335535045,0.233323836740254
"types_mixed",1000,0.7,0,"BM","mcar",0.3,"cnt","interval_score","gnn_off_rphylopars","freq",200,-3.43073094570855,0.227126351181752
"types_mixed",1000,0.7,0,"BM","mcar",0.3,"cnt","interval_score","floor","freq",200,NA,NA
"types_mixed",100,1,0,"BM","mcar",0.3,"cnt","interval_score","bace","freq",100,NA,NA
"types_mixed",100,1,0,"BM","mcar",0.3,"cnt","interval_score","freq_lambda","freq",200,NA,NA
"types_mixed",100,1,0,"BM","mcar",0.3,"cnt","interval_score","gnn_on","freq",200,NA,NA
"types_mixed",100,1,0,"BM","mcar",0.3,"cnt","interval_score","gnn_on_full","freq",185,-2.46161762506204,0.396825128377202
"types_mixed",100,1,0,"BM","mcar",0.3,"cnt","interval_score","gnn_off","freq",200,NA,NA
"types_mixed",100,1,0,"BM","mcar",0.3,"cnt","interval_score","gnn_off_rphylopars","freq",200,NA,NA
"types_mixed",100,1,0,"BM","mcar",0.3,"cnt","interval_score","floor","freq",200,NA,NA
"types_mixed",300,1,0,"BM","mcar",0.3,"cnt","interval_score","bace","freq",100,NA,NA
"types_mixed",300,1,0,"BM","mcar",0.3,"cnt","interval_score","freq_lambda","freq",200,NA,NA
"types_mixed",300,1,0,"BM","mcar",0.3,"cnt","interval_score","gnn_on","freq",200,NA,NA
"types_mixed",300,1,0,"BM","mcar",0.3,"cnt","interval_score","gnn_on_full","freq",186,-2.06324666303945,0.326616702112532
"types_mixed",300,1,0,"BM","mcar",0.3,"cnt","interval_score","gnn_off","freq",200,NA,NA
"types_mixed",300,1,0,"BM","mcar",0.3,"cnt","interval_score","gnn_off_rphylopars","freq",200,NA,NA
"types_mixed",300,1,0,"BM","mcar",0.3,"cnt","interval_score","floor","freq",200,NA,NA
"types_mixed",1000,1,0,"BM","mcar",0.3,"cnt","interval_score","bace","freq",93,NA,NA
"types_mixed",1000,1,0,"BM","mcar",0.3,"cnt","interval_score","freq_lambda","freq",200,NA,NA
"types_mixed",1000,1,0,"BM","mcar",0.3,"cnt","interval_score","gnn_on","freq",200,NA,NA
"types_mixed",1000,1,0,"BM","mcar",0.3,"cnt","interval_score","gnn_on_full","freq",191,-3.27495107672697,0.325982737832546
"types_mixed",1000,1,0,"BM","mcar",0.3,"cnt","interval_score","gnn_off","freq",200,NA,NA
"types_mixed",1000,1,0,"BM","mcar",0.3,"cnt","interval_score","gnn_off_rphylopars","freq",200,NA,NA
"types_mixed",1000,1,0,"BM","mcar",0.3,"cnt","interval_score","floor","freq",200,NA,NA
"types_mixed",100,0.3,0.5,"BM","mcar",0.3,"cnt","interval_score","bace","freq",100,-3.46426098952183,0.425485483040871
"types_mixed",100,0.3,0.5,"BM","mcar",0.3,"cnt","interval_score","freq_lambda","freq",200,0,0
"types_mixed",100,0.3,0.5,"BM","mcar",0.3,"cnt","interval_score","gnn_on","freq",200,-3.31287985083104,0.300246563409246
"types_mixed",100,0.3,0.5,"BM","mcar",0.3,"cnt","interval_score","gnn_on_full","freq",200,-3.31295821720585,0.301734990875019
"types_mixed",100,0.3,0.5,"BM","mcar",0.3,"cnt","interval_score","gnn_off","freq",200,-3.19481707034353,0.299549168227001
"types_mixed",100,0.3,0.5,"BM","mcar",0.3,"cnt","interval_score","gnn_off_rphylopars","freq",200,-2.90755171885123,0.340047404709328
"types_mixed",100,0.3,0.5,"BM","mcar",0.3,"cnt","interval_score","floor","freq",200,NA,NA
"types_mixed",300,0.3,0.5,"BM","mcar",0.3,"cnt","interval_score","bace","freq",100,-3.59334591979163,0.268459274065881
"types_mixed",300,0.3,0.5,"BM","mcar",0.3,"cnt","interval_score","freq_lambda","freq",200,0,0
"types_mixed",300,0.3,0.5,"BM","mcar",0.3,"cnt","interval_score","gnn_on","freq",200,-2.82079967224516,0.192060828553693
"types_mixed",300,0.3,0.5,"BM","mcar",0.3,"cnt","interval_score","gnn_on_full","freq",200,-2.80873123032324,0.200458931369815
"types_mixed",300,0.3,0.5,"BM","mcar",0.3,"cnt","interval_score","gnn_off","freq",200,-2.78855491228239,0.197110862231559
"types_mixed",300,0.3,0.5,"BM","mcar",0.3,"cnt","interval_score","gnn_off_rphylopars","freq",200,-2.97351908331758,0.183338061639988
"types_mixed",300,0.3,0.5,"BM","mcar",0.3,"cnt","interval_score","floor","freq",200,NA,NA
"types_mixed",1000,0.3,0.5,"BM","mcar",0.3,"cnt","interval_score","bace","freq",97,-3.81911028880685,0.183903526213472
"types_mixed",1000,0.3,0.5,"BM","mcar",0.3,"cnt","interval_score","freq_lambda","freq",200,0,0
"types_mixed",1000,0.3,0.5,"BM","mcar",0.3,"cnt","interval_score","gnn_on","freq",200,-3.67860272032753,0.135535171896884
"types_mixed",1000,0.3,0.5,"BM","mcar",0.3,"cnt","interval_score","gnn_on_full","freq",200,-3.68541713431535,0.135643708552989
"types_mixed",1000,0.3,0.5,"BM","mcar",0.3,"cnt","interval_score","gnn_off","freq",200,-3.70112505742569,0.135213749098063
"types_mixed",1000,0.3,0.5,"BM","mcar",0.3,"cnt","interval_score","gnn_off_rphylopars","freq",200,-3.84446297758042,0.143171232714826
"types_mixed",1000,0.3,0.5,"BM","mcar",0.3,"cnt","interval_score","floor","freq",200,NA,NA
"types_mixed",100,0.7,0.5,"BM","mcar",0.3,"cnt","interval_score","bace","freq",97,-3.70348782869007,0.482202380306237
"types_mixed",100,0.7,0.5,"BM","mcar",0.3,"cnt","interval_score","freq_lambda","freq",200,0,0
"types_mixed",100,0.7,0.5,"BM","mcar",0.3,"cnt","interval_score","gnn_on","freq",200,-2.43074179807419,0.377243358950005
"types_mixed",100,0.7,0.5,"BM","mcar",0.3,"cnt","interval_score","gnn_on_full","freq",200,-2.38742141079138,0.381557382917437
"types_mixed",100,0.7,0.5,"BM","mcar",0.3,"cnt","interval_score","gnn_off","freq",200,-2.404736793997,0.38210856573258
"types_mixed",100,0.7,0.5,"BM","mcar",0.3,"cnt","interval_score","gnn_off_rphylopars","freq",200,-1.40248647357425,0.714758114585982
"types_mixed",100,0.7,0.5,"BM","mcar",0.3,"cnt","interval_score","floor","freq",200,NA,NA
"types_mixed",300,0.7,0.5,"BM","mcar",0.3,"cnt","interval_score","bace","freq",99,NA,NA
"types_mixed",300,0.7,0.5,"BM","mcar",0.3,"cnt","interval_score","freq_lambda","freq",200,0,0
"types_mixed",300,0.7,0.5,"BM","mcar",0.3,"cnt","interval_score","gnn_on","freq",200,-2.14546669652178,0.237979254898871
"types_mixed",300,0.7,0.5,"BM","mcar",0.3,"cnt","interval_score","gnn_on_full","freq",200,-2.1555143434007,0.236812347662583
"types_mixed",300,0.7,0.5,"BM","mcar",0.3,"cnt","interval_score","gnn_off","freq",200,-2.17055334782527,0.234355683513438
"types_mixed",300,0.7,0.5,"BM","mcar",0.3,"cnt","interval_score","gnn_off_rphylopars","freq",200,-2.29081687649177,0.233698017794238
"types_mixed",300,0.7,0.5,"BM","mcar",0.3,"cnt","interval_score","floor","freq",200,NA,NA
"types_mixed",1000,0.7,0.5,"BM","mcar",0.3,"cnt","interval_score","bace","freq",90,NA,NA
"types_mixed",1000,0.7,0.5,"BM","mcar",0.3,"cnt","interval_score","freq_lambda","freq",200,0,0
"types_mixed",1000,0.7,0.5,"BM","mcar",0.3,"cnt","interval_score","gnn_on","freq",200,-3.48339574087773,0.231392210145987
"types_mixed",1000,0.7,0.5,"BM","mcar",0.3,"cnt","interval_score","gnn_on_full","freq",200,-3.46999807934615,0.230797482601473
"types_mixed",1000,0.7,0.5,"BM","mcar",0.3,"cnt","interval_score","gnn_off","freq",200,-3.5312531520633,0.22712227813785
"types_mixed",1000,0.7,0.5,"BM","mcar",0.3,"cnt","interval_score","gnn_off_rphylopars","freq",200,-3.60150891968357,0.22502823569747
"types_mixed",1000,0.7,0.5,"BM","mcar",0.3,"cnt","interval_score","floor","freq",200,NA,NA
"types_mixed",100,1,0.5,"BM","mcar",0.3,"cnt","interval_score","bace","freq",100,NA,NA
"types_mixed",100,1,0.5,"BM","mcar",0.3,"cnt","interval_score","freq_lambda","freq",200,NA,NA
"types_mixed",100,1,0.5,"BM","mcar",0.3,"cnt","interval_score","gnn_on","freq",200,NA,NA
"types_mixed",100,1,0.5,"BM","mcar",0.3,"cnt","interval_score","gnn_on_full","freq",183,-3.06486240373556,0.500227208046364
"types_mixed",100,1,0.5,"BM","mcar",0.3,"cnt","interval_score","gnn_off","freq",200,NA,NA
"types_mixed",100,1,0.5,"BM","mcar",0.3,"cnt","interval_score","gnn_off_rphylopars","freq",200,NA,NA
"types_mixed",100,1,0.5,"BM","mcar",0.3,"cnt","interval_score","floor","freq",200,NA,NA
"types_mixed",300,1,0.5,"BM","mcar",0.3,"cnt","interval_score","bace","freq",100,NA,NA
"types_mixed",300,1,0.5,"BM","mcar",0.3,"cnt","interval_score","freq_lambda","freq",200,NA,NA
"types_mixed",300,1,0.5,"BM","mcar",0.3,"cnt","interval_score","gnn_on","freq",200,NA,NA
"types_mixed",300,1,0.5,"BM","mcar",0.3,"cnt","interval_score","gnn_on_full","freq",185,-2.1284070474262,0.324095432384852
"types_mixed",300,1,0.5,"BM","mcar",0.3,"cnt","interval_score","gnn_off","freq",200,NA,NA
"types_mixed",300,1,0.5,"BM","mcar",0.3,"cnt","interval_score","gnn_off_rphylopars","freq",200,NA,NA
"types_mixed",300,1,0.5,"BM","mcar",0.3,"cnt","interval_score","floor","freq",200,NA,NA
"types_mixed",1000,1,0.5,"BM","mcar",0.3,"cnt","interval_score","bace","freq",100,NA,NA
"types_mixed",1000,1,0.5,"BM","mcar",0.3,"cnt","interval_score","freq_lambda","freq",200,NA,NA
"types_mixed",1000,1,0.5,"BM","mcar",0.3,"cnt","interval_score","gnn_on","freq",200,NA,NA
"types_mixed",1000,1,0.5,"BM","mcar",0.3,"cnt","interval_score","gnn_on_full","freq",193,-3.57197973039853,0.299230691169624
"types_mixed",1000,1,0.5,"BM","mcar",0.3,"cnt","interval_score","gnn_off","freq",200,NA,NA
"types_mixed",1000,1,0.5,"BM","mcar",0.3,"cnt","interval_score","gnn_off_rphylopars","freq",200,NA,NA
"types_mixed",1000,1,0.5,"BM","mcar",0.3,"cnt","interval_score","floor","freq",200,NA,NA
"types_mixed",100,0.3,0,"BM","mcar",0.3,"prp","interval_score","bace","freq",100,-2.9340689233513,0.359714414779332
"types_mixed",100,0.3,0,"BM","mcar",0.3,"prp","interval_score","freq_lambda","freq",200,-5.06527616488251,0.245958940701193
"types_mixed",100,0.3,0,"BM","mcar",0.3,"prp","interval_score","gnn_on","freq",200,-3.8932558402639,0.288067394998776
"types_mixed",100,0.3,0,"BM","mcar",0.3,"prp","interval_score","gnn_on_full","freq",200,-3.91861311698463,0.2841469916276
"types_mixed",100,0.3,0,"BM","mcar",0.3,"prp","interval_score","gnn_off","freq",200,-3.94896670270025,0.282660416244114
"types_mixed",100,0.3,0,"BM","mcar",0.3,"prp","interval_score","gnn_off_rphylopars","freq",200,-3.93892622230474,0.284917147541476
"types_mixed",100,0.3,0,"BM","mcar",0.3,"prp","interval_score","floor","freq",200,NA,NA
"types_mixed",300,0.3,0,"BM","mcar",0.3,"prp","interval_score","bace","freq",100,-1.5176687587458,0.190078787272285
"types_mixed",300,0.3,0,"BM","mcar",0.3,"prp","interval_score","freq_lambda","freq",200,-3.54267996219754,0.107771910201533
"types_mixed",300,0.3,0,"BM","mcar",0.3,"prp","interval_score","gnn_on","freq",200,-2.99862655619142,0.107355932247368
"types_mixed",300,0.3,0,"BM","mcar",0.3,"prp","interval_score","gnn_on_full","freq",200,-3.00140905897606,0.106967238585223
"types_mixed",300,0.3,0,"BM","mcar",0.3,"prp","interval_score","gnn_off","freq",200,-3.02461973698095,0.107309753213835
"types_mixed",300,0.3,0,"BM","mcar",0.3,"prp","interval_score","gnn_off_rphylopars","freq",200,-3.07596715207726,0.111246009179243
"types_mixed",300,0.3,0,"BM","mcar",0.3,"prp","interval_score","floor","freq",200,NA,NA
"types_mixed",1000,0.3,0,"BM","mcar",0.3,"prp","interval_score","bace","freq",100,-1.08201317733345,0.098184119938574
"types_mixed",1000,0.3,0,"BM","mcar",0.3,"prp","interval_score","freq_lambda","freq",200,-2.84191859168172,0.0531841739780237
"types_mixed",1000,0.3,0,"BM","mcar",0.3,"prp","interval_score","gnn_on","freq",200,-2.46147994338948,0.0564039125781221
"types_mixed",1000,0.3,0,"BM","mcar",0.3,"prp","interval_score","gnn_on_full","freq",200,-2.45838851243288,0.0561287090176181
"types_mixed",1000,0.3,0,"BM","mcar",0.3,"prp","interval_score","gnn_off","freq",200,-2.4690930452139,0.0558423802179337
"types_mixed",1000,0.3,0,"BM","mcar",0.3,"prp","interval_score","gnn_off_rphylopars","freq",200,-2.5088179685039,0.0551451001185187
"types_mixed",1000,0.3,0,"BM","mcar",0.3,"prp","interval_score","floor","freq",200,NA,NA
"types_mixed",100,0.7,0,"BM","mcar",0.3,"prp","interval_score","bace","freq",100,NA,NA
"types_mixed",100,0.7,0,"BM","mcar",0.3,"prp","interval_score","freq_lambda","freq",200,-4.19109173562922,0.190998227375983
"types_mixed",100,0.7,0,"BM","mcar",0.3,"prp","interval_score","gnn_on","freq",200,-2.63624356454139,0.25604642047533
"types_mixed",100,0.7,0,"BM","mcar",0.3,"prp","interval_score","gnn_on_full","freq",200,-2.68186292244867,0.248061377492938
"types_mixed",100,0.7,0,"BM","mcar",0.3,"prp","interval_score","gnn_off","freq",200,-2.67123884812162,0.249207306770319
"types_mixed",100,0.7,0,"BM","mcar",0.3,"prp","interval_score","gnn_off_rphylopars","freq",200,-2.24049620597945,0.291732013801985
"types_mixed",100,0.7,0,"BM","mcar",0.3,"prp","interval_score","floor","freq",200,NA,NA
"types_mixed",300,0.7,0,"BM","mcar",0.3,"prp","interval_score","bace","freq",100,-1.98756781502184,0.156306525872124
"types_mixed",300,0.7,0,"BM","mcar",0.3,"prp","interval_score","freq_lambda","freq",200,-3.4025274709315,0.106450328067502
"types_mixed",300,0.7,0,"BM","mcar",0.3,"prp","interval_score","gnn_on","freq",200,-2.66580958969059,0.10755844166451
"types_mixed",300,0.7,0,"BM","mcar",0.3,"prp","interval_score","gnn_on_full","freq",200,-2.66004110402097,0.105174761279622
"types_mixed",300,0.7,0,"BM","mcar",0.3,"prp","interval_score","gnn_off","freq",200,-2.68820876178871,0.107352900672579
"types_mixed",300,0.7,0,"BM","mcar",0.3,"prp","interval_score","gnn_off_rphylopars","freq",200,-2.56580678854996,0.108562633556964
"types_mixed",300,0.7,0,"BM","mcar",0.3,"prp","interval_score","floor","freq",200,NA,NA
"types_mixed",1000,0.7,0,"BM","mcar",0.3,"prp","interval_score","bace","freq",100,NA,NA
"types_mixed",1000,0.7,0,"BM","mcar",0.3,"prp","interval_score","freq_lambda","freq",200,-2.94321831449176,0.0548199819494785
"types_mixed",1000,0.7,0,"BM","mcar",0.3,"prp","interval_score","gnn_on","freq",200,-2.37065567780763,0.0559614319575101
"types_mixed",1000,0.7,0,"BM","mcar",0.3,"prp","interval_score","gnn_on_full","freq",200,-2.36262085152401,0.0557934142697437
"types_mixed",1000,0.7,0,"BM","mcar",0.3,"prp","interval_score","gnn_off","freq",200,-2.38487786924084,0.0553460699242863
"types_mixed",1000,0.7,0,"BM","mcar",0.3,"prp","interval_score","gnn_off_rphylopars","freq",200,-2.35570228186671,0.0558488128045328
"types_mixed",1000,0.7,0,"BM","mcar",0.3,"prp","interval_score","floor","freq",200,NA,NA
"types_mixed",100,1,0,"BM","mcar",0.3,"prp","interval_score","bace","freq",100,NA,NA
"types_mixed",100,1,0,"BM","mcar",0.3,"prp","interval_score","freq_lambda","freq",200,NA,NA
"types_mixed",100,1,0,"BM","mcar",0.3,"prp","interval_score","gnn_on","freq",200,NA,NA
"types_mixed",100,1,0,"BM","mcar",0.3,"prp","interval_score","gnn_on_full","freq",185,-0.796131871816007,0.128466067610016
"types_mixed",100,1,0,"BM","mcar",0.3,"prp","interval_score","gnn_off","freq",200,NA,NA
"types_mixed",100,1,0,"BM","mcar",0.3,"prp","interval_score","gnn_off_rphylopars","freq",200,NA,NA
"types_mixed",100,1,0,"BM","mcar",0.3,"prp","interval_score","floor","freq",200,NA,NA
"types_mixed",300,1,0,"BM","mcar",0.3,"prp","interval_score","bace","freq",100,NA,NA
"types_mixed",300,1,0,"BM","mcar",0.3,"prp","interval_score","freq_lambda","freq",200,NA,NA
"types_mixed",300,1,0,"BM","mcar",0.3,"prp","interval_score","gnn_on","freq",200,NA,NA
"types_mixed",300,1,0,"BM","mcar",0.3,"prp","interval_score","gnn_on_full","freq",186,-1.78923626425221,0.0774082305080598
"types_mixed",300,1,0,"BM","mcar",0.3,"prp","interval_score","gnn_off","freq",200,NA,NA
"types_mixed",300,1,0,"BM","mcar",0.3,"prp","interval_score","gnn_off_rphylopars","freq",200,NA,NA
"types_mixed",300,1,0,"BM","mcar",0.3,"prp","interval_score","floor","freq",200,NA,NA
"types_mixed",1000,1,0,"BM","mcar",0.3,"prp","interval_score","bace","freq",93,NA,NA
"types_mixed",1000,1,0,"BM","mcar",0.3,"prp","interval_score","freq_lambda","freq",200,NA,NA
"types_mixed",1000,1,0,"BM","mcar",0.3,"prp","interval_score","gnn_on","freq",200,NA,NA
"types_mixed",1000,1,0,"BM","mcar",0.3,"prp","interval_score","gnn_on_full","freq",191,-2.03128067841717,0.0572045794081963
"types_mixed",1000,1,0,"BM","mcar",0.3,"prp","interval_score","gnn_off","freq",200,NA,NA
"types_mixed",1000,1,0,"BM","mcar",0.3,"prp","interval_score","gnn_off_rphylopars","freq",200,NA,NA
"types_mixed",1000,1,0,"BM","mcar",0.3,"prp","interval_score","floor","freq",200,NA,NA
"types_mixed",100,0.3,0.5,"BM","mcar",0.3,"prp","interval_score","bace","freq",100,-2.63945839197718,0.333993659057982
"types_mixed",100,0.3,0.5,"BM","mcar",0.3,"prp","interval_score","freq_lambda","freq",200,-4.5223835495764,0.209088575786837
"types_mixed",100,0.3,0.5,"BM","mcar",0.3,"prp","interval_score","gnn_on","freq",200,-3.02323595954716,0.282399693403355
"types_mixed",100,0.3,0.5,"BM","mcar",0.3,"prp","interval_score","gnn_on_full","freq",200,-3.05081704754128,0.27803901602808
"types_mixed",100,0.3,0.5,"BM","mcar",0.3,"prp","interval_score","gnn_off","freq",200,-2.93091260704085,0.275970022963808
"types_mixed",100,0.3,0.5,"BM","mcar",0.3,"prp","interval_score","gnn_off_rphylopars","freq",200,-3.29380384535296,0.247681824652035
"types_mixed",100,0.3,0.5,"BM","mcar",0.3,"prp","interval_score","floor","freq",200,NA,NA
"types_mixed",300,0.3,0.5,"BM","mcar",0.3,"prp","interval_score","bace","freq",100,-2.03744773384013,0.180935785188094
"types_mixed",300,0.3,0.5,"BM","mcar",0.3,"prp","interval_score","freq_lambda","freq",200,-3.40907341276076,0.114913293191526
"types_mixed",300,0.3,0.5,"BM","mcar",0.3,"prp","interval_score","gnn_on","freq",200,-2.75183865548385,0.116412202243218
"types_mixed",300,0.3,0.5,"BM","mcar",0.3,"prp","interval_score","gnn_on_full","freq",200,-2.74226266124447,0.11725955022271
"types_mixed",300,0.3,0.5,"BM","mcar",0.3,"prp","interval_score","gnn_off","freq",200,-2.73593005082972,0.116683106926838
"types_mixed",300,0.3,0.5,"BM","mcar",0.3,"prp","interval_score","gnn_off_rphylopars","freq",200,-2.80244021291931,0.115476224363026
"types_mixed",300,0.3,0.5,"BM","mcar",0.3,"prp","interval_score","floor","freq",200,NA,NA
"types_mixed",1000,0.3,0.5,"BM","mcar",0.3,"prp","interval_score","bace","freq",97,-1.6945452682657,0.0887854264590806
"types_mixed",1000,0.3,0.5,"BM","mcar",0.3,"prp","interval_score","freq_lambda","freq",200,-2.84752992826907,0.0531612618568607
"types_mixed",1000,0.3,0.5,"BM","mcar",0.3,"prp","interval_score","gnn_on","freq",200,-2.21366857181772,0.054710359206853
"types_mixed",1000,0.3,0.5,"BM","mcar",0.3,"prp","interval_score","gnn_on_full","freq",200,-2.21700410554634,0.0549572717645224
"types_mixed",1000,0.3,0.5,"BM","mcar",0.3,"prp","interval_score","gnn_off","freq",200,-2.21900009068305,0.0547220374678177
"types_mixed",1000,0.3,0.5,"BM","mcar",0.3,"prp","interval_score","gnn_off_rphylopars","freq",200,-2.32697787964616,0.0532484702500567
"types_mixed",1000,0.3,0.5,"BM","mcar",0.3,"prp","interval_score","floor","freq",200,NA,NA
"types_mixed",100,0.7,0.5,"BM","mcar",0.3,"prp","interval_score","bace","freq",97,-2.5184790643568,0.284035735430778
"types_mixed",100,0.7,0.5,"BM","mcar",0.3,"prp","interval_score","freq_lambda","freq",200,-3.87936692272808,0.156072707091663
"types_mixed",100,0.7,0.5,"BM","mcar",0.3,"prp","interval_score","gnn_on","freq",200,-1.990892853247,0.234531660746439
"types_mixed",100,0.7,0.5,"BM","mcar",0.3,"prp","interval_score","gnn_on_full","freq",200,-2.08588039963522,0.219349237013895
"types_mixed",100,0.7,0.5,"BM","mcar",0.3,"prp","interval_score","gnn_off","freq",200,-1.96807150245094,0.222251077853318
"types_mixed",100,0.7,0.5,"BM","mcar",0.3,"prp","interval_score","gnn_off_rphylopars","freq",200,-1.94602604059882,0.241504804662706
"types_mixed",100,0.7,0.5,"BM","mcar",0.3,"prp","interval_score","floor","freq",200,NA,NA
"types_mixed",300,0.7,0.5,"BM","mcar",0.3,"prp","interval_score","bace","freq",99,NA,NA
"types_mixed",300,0.7,0.5,"BM","mcar",0.3,"prp","interval_score","freq_lambda","freq",200,-3.24547489713529,0.0871117584626294
"types_mixed",300,0.7,0.5,"BM","mcar",0.3,"prp","interval_score","gnn_on","freq",200,-2.33253587858573,0.0923836764821473
"types_mixed",300,0.7,0.5,"BM","mcar",0.3,"prp","interval_score","gnn_on_full","freq",200,-2.32231648317553,0.0927849985150621
"types_mixed",300,0.7,0.5,"BM","mcar",0.3,"prp","interval_score","gnn_off","freq",200,-2.31296580636368,0.0911933905110398
"types_mixed",300,0.7,0.5,"BM","mcar",0.3,"prp","interval_score","gnn_off_rphylopars","freq",200,-2.39027652214075,0.0925880820332334
"types_mixed",300,0.7,0.5,"BM","mcar",0.3,"prp","interval_score","floor","freq",200,NA,NA
"types_mixed",1000,0.7,0.5,"BM","mcar",0.3,"prp","interval_score","bace","freq",90,NA,NA
"types_mixed",1000,0.7,0.5,"BM","mcar",0.3,"prp","interval_score","freq_lambda","freq",200,-2.87086924469661,0.0524908177825615
"types_mixed",1000,0.7,0.5,"BM","mcar",0.3,"prp","interval_score","gnn_on","freq",200,-2.09693762857754,0.0497760507153452
"types_mixed",1000,0.7,0.5,"BM","mcar",0.3,"prp","interval_score","gnn_on_full","freq",200,-2.08821700672945,0.0513472702845237
"types_mixed",1000,0.7,0.5,"BM","mcar",0.3,"prp","interval_score","gnn_off","freq",200,-2.11049635535809,0.0514325758264697
"types_mixed",1000,0.7,0.5,"BM","mcar",0.3,"prp","interval_score","gnn_off_rphylopars","freq",200,-2.20987951286224,0.0518427278767358
"types_mixed",1000,0.7,0.5,"BM","mcar",0.3,"prp","interval_score","floor","freq",200,NA,NA
"types_mixed",100,1,0.5,"BM","mcar",0.3,"prp","interval_score","bace","freq",100,NA,NA
"types_mixed",100,1,0.5,"BM","mcar",0.3,"prp","interval_score","freq_lambda","freq",200,NA,NA
"types_mixed",100,1,0.5,"BM","mcar",0.3,"prp","interval_score","gnn_on","freq",200,NA,NA
"types_mixed",100,1,0.5,"BM","mcar",0.3,"prp","interval_score","gnn_on_full","freq",183,-1.15645408426384,0.136317143626712
"types_mixed",100,1,0.5,"BM","mcar",0.3,"prp","interval_score","gnn_off","freq",200,NA,NA
"types_mixed",100,1,0.5,"BM","mcar",0.3,"prp","interval_score","gnn_off_rphylopars","freq",200,NA,NA
"types_mixed",100,1,0.5,"BM","mcar",0.3,"prp","interval_score","floor","freq",200,NA,NA
"types_mixed",300,1,0.5,"BM","mcar",0.3,"prp","interval_score","bace","freq",100,NA,NA
"types_mixed",300,1,0.5,"BM","mcar",0.3,"prp","interval_score","freq_lambda","freq",200,NA,NA
"types_mixed",300,1,0.5,"BM","mcar",0.3,"prp","interval_score","gnn_on","freq",200,NA,NA
"types_mixed",300,1,0.5,"BM","mcar",0.3,"prp","interval_score","gnn_on_full","freq",185,-1.73398976772514,0.0678862908058056
"types_mixed",300,1,0.5,"BM","mcar",0.3,"prp","interval_score","gnn_off","freq",200,NA,NA
"types_mixed",300,1,0.5,"BM","mcar",0.3,"prp","interval_score","gnn_off_rphylopars","freq",200,NA,NA
"types_mixed",300,1,0.5,"BM","mcar",0.3,"prp","interval_score","floor","freq",200,NA,NA
"types_mixed",1000,1,0.5,"BM","mcar",0.3,"prp","interval_score","bace","freq",100,NA,NA
"types_mixed",1000,1,0.5,"BM","mcar",0.3,"prp","interval_score","freq_lambda","freq",200,NA,NA
"types_mixed",1000,1,0.5,"BM","mcar",0.3,"prp","interval_score","gnn_on","freq",200,NA,NA
"types_mixed",1000,1,0.5,"BM","mcar",0.3,"prp","interval_score","gnn_on_full","freq",193,-1.99461550285891,0.0625012838667168
"types_mixed",1000,1,0.5,"BM","mcar",0.3,"prp","interval_score","gnn_off","freq",200,NA,NA
"types_mixed",1000,1,0.5,"BM","mcar",0.3,"prp","interval_score","gnn_off_rphylopars","freq",200,NA,NA
"types_mixed",1000,1,0.5,"BM","mcar",0.3,"prp","interval_score","floor","freq",200,NA,NA
"types_mixed",100,0.3,0,"BM","mcar",0.3,"bin","macroF1","bace","freq",100,0.11566332562188,0.0119621477668955
"types_mixed",100,0.3,0,"BM","mcar",0.3,"bin","macroF1","freq_lambda","freq",200,0.011682078520691,0.00803659636311959
"types_mixed",100,0.3,0,"BM","mcar",0.3,"bin","macroF1","gnn_on","freq",200,-0.0954118225607462,0.00852539615340392
"types_mixed",100,0.3,0,"BM","mcar",0.3,"bin","macroF1","gnn_on_full","freq",200,-0.0961507654301281,0.00831529018664397
"types_mixed",100,0.3,0,"BM","mcar",0.3,"bin","macroF1","gnn_off","freq",200,-0.0971926769068222,0.00825113735707791
"types_mixed",100,0.3,0,"BM","mcar",0.3,"bin","macroF1","gnn_off_rphylopars","freq",200,-0.10344939026306,0.00858858256782435
"types_mixed",100,0.3,0,"BM","mcar",0.3,"bin","macroF1","floor","freq",200,-0.12857097761727,0.00867401387489056
"types_mixed",300,0.3,0,"BM","mcar",0.3,"bin","macroF1","bace","freq",100,0.151751914512284,0.00842513194783414
"types_mixed",300,0.3,0,"BM","mcar",0.3,"bin","macroF1","freq_lambda","freq",200,0.00185119915544139,0.00430094508656688
"types_mixed",300,0.3,0,"BM","mcar",0.3,"bin","macroF1","gnn_on","freq",200,-0.080846092651015,0.00738686821981389
"types_mixed",300,0.3,0,"BM","mcar",0.3,"bin","macroF1","gnn_on_full","freq",200,-0.0790714854207617,0.00752035969965017
"types_mixed",300,0.3,0,"BM","mcar",0.3,"bin","macroF1","gnn_off","freq",200,-0.0808646787307632,0.00742927758962488
"types_mixed",300,0.3,0,"BM","mcar",0.3,"bin","macroF1","gnn_off_rphylopars","freq",200,-0.0875394332096332,0.00722084306113171
"types_mixed",300,0.3,0,"BM","mcar",0.3,"bin","macroF1","floor","freq",200,-0.128795520784044,0.00531146597494548
"types_mixed",1000,0.3,0,"BM","mcar",0.3,"bin","macroF1","bace","freq",100,0.162975889589302,0.00577910993702388
"types_mixed",1000,0.3,0,"BM","mcar",0.3,"bin","macroF1","freq_lambda","freq",200,0.00191833205276443,0.00231972394612778
"types_mixed",1000,0.3,0,"BM","mcar",0.3,"bin","macroF1","gnn_on","freq",200,-0.0762614643418479,0.00673122186944114
"types_mixed",1000,0.3,0,"BM","mcar",0.3,"bin","macroF1","gnn_on_full","freq",200,-0.0760693795700043,0.006750514851761
"types_mixed",1000,0.3,0,"BM","mcar",0.3,"bin","macroF1","gnn_off","freq",200,-0.0759363330652779,0.00671098877411949
"types_mixed",1000,0.3,0,"BM","mcar",0.3,"bin","macroF1","gnn_off_rphylopars","freq",200,-0.0796359153899128,0.00679290163797362
"types_mixed",1000,0.3,0,"BM","mcar",0.3,"bin","macroF1","floor","freq",200,-0.136135900219551,0.00465376251953939
"types_mixed",100,0.7,0,"BM","mcar",0.3,"bin","macroF1","bace","freq",100,0.0628640926826245,0.0138403527857461
"types_mixed",100,0.7,0,"BM","mcar",0.3,"bin","macroF1","freq_lambda","freq",200,0.0126901928423178,0.00523304547290929
"types_mixed",100,0.7,0,"BM","mcar",0.3,"bin","macroF1","gnn_on","freq",200,-0.0924665702140379,0.0126272345687418
"types_mixed",100,0.7,0,"BM","mcar",0.3,"bin","macroF1","gnn_on_full","freq",200,-0.0921727066690931,0.012508418168868
"types_mixed",100,0.7,0,"BM","mcar",0.3,"bin","macroF1","gnn_off","freq",200,-0.0971838748125865,0.0124653359497667
"types_mixed",100,0.7,0,"BM","mcar",0.3,"bin","macroF1","gnn_off_rphylopars","freq",200,-0.1119420875072,0.012159287784459
"types_mixed",100,0.7,0,"BM","mcar",0.3,"bin","macroF1","floor","freq",200,-0.20813479439785,0.0134271428507823
"types_mixed",300,0.7,0,"BM","mcar",0.3,"bin","macroF1","bace","freq",100,0.0756199037624241,0.00986095087481991
"types_mixed",300,0.7,0,"BM","mcar",0.3,"bin","macroF1","freq_lambda","freq",200,0.00351642139254128,0.00269451978450906
"types_mixed",300,0.7,0,"BM","mcar",0.3,"bin","macroF1","gnn_on","freq",200,-0.0346998133179775,0.00932602059573702
"types_mixed",300,0.7,0,"BM","mcar",0.3,"bin","macroF1","gnn_on_full","freq",200,-0.0341082808803483,0.00930655361751218
"types_mixed",300,0.7,0,"BM","mcar",0.3,"bin","macroF1","gnn_off","freq",200,-0.0368929683193927,0.00927742999305047
"types_mixed",300,0.7,0,"BM","mcar",0.3,"bin","macroF1","gnn_off_rphylopars","freq",200,-0.0757573737054632,0.00951152778143719
"types_mixed",300,0.7,0,"BM","mcar",0.3,"bin","macroF1","floor","freq",200,-0.234502661823365,0.0108275572762849
"types_mixed",1000,0.7,0,"BM","mcar",0.3,"bin","macroF1","bace","freq",100,0.083400809066519,0.00920378691103159
"types_mixed",1000,0.7,0,"BM","mcar",0.3,"bin","macroF1","freq_lambda","freq",200,-0.00199159474073475,0.00153228620588137
"types_mixed",1000,0.7,0,"BM","mcar",0.3,"bin","macroF1","gnn_on","freq",200,-0.0258214018185066,0.00755448759487072
"types_mixed",1000,0.7,0,"BM","mcar",0.3,"bin","macroF1","gnn_on_full","freq",200,-0.0251377973771752,0.00744526206171898
"types_mixed",1000,0.7,0,"BM","mcar",0.3,"bin","macroF1","gnn_off","freq",200,-0.0252254840022002,0.00714530672130672
"types_mixed",1000,0.7,0,"BM","mcar",0.3,"bin","macroF1","gnn_off_rphylopars","freq",200,-0.0553361241398457,0.00819382599007313
"types_mixed",1000,0.7,0,"BM","mcar",0.3,"bin","macroF1","floor","freq",200,-0.259437670359691,0.00989333714760123
"types_mixed",100,1,0,"BM","mcar",0.3,"bin","macroF1","bace","freq",100,-0.217347462689336,0.025966021257441
"types_mixed",100,1,0,"BM","mcar",0.3,"bin","macroF1","freq_lambda","freq",200,0.000498891352549889,0.000498891352549888
"types_mixed",100,1,0,"BM","mcar",0.3,"bin","macroF1","gnn_on","freq",200,-0.114442970813161,0.0144409118971009
"types_mixed",100,1,0,"BM","mcar",0.3,"bin","macroF1","gnn_on_full","freq",185,-0.109201362724604,0.0157380450630959
"types_mixed",100,1,0,"BM","mcar",0.3,"bin","macroF1","gnn_off","freq",200,-0.101011260520259,0.0146968462020915
"types_mixed",100,1,0,"BM","mcar",0.3,"bin","macroF1","gnn_off_rphylopars","freq",200,-0.111470730796448,0.0145945309990017
"types_mixed",100,1,0,"BM","mcar",0.3,"bin","macroF1","floor","freq",200,-0.440132863114819,0.0150832297750641
"types_mixed",300,1,0,"BM","mcar",0.3,"bin","macroF1","bace","freq",100,-0.274055988795514,0.0279494007784883
"types_mixed",300,1,0,"BM","mcar",0.3,"bin","macroF1","freq_lambda","freq",200,0,0
"types_mixed",300,1,0,"BM","mcar",0.3,"bin","macroF1","gnn_on","freq",200,-0.0335237126078081,0.0073296008281704
"types_mixed",300,1,0,"BM","mcar",0.3,"bin","macroF1","gnn_on_full","freq",186,-0.0316743577601146,0.00784748452215259
"types_mixed",300,1,0,"BM","mcar",0.3,"bin","macroF1","gnn_off","freq",200,-0.0294571527169066,0.0073192353412712
"types_mixed",300,1,0,"BM","mcar",0.3,"bin","macroF1","gnn_off_rphylopars","freq",200,-0.0293326089168115,0.0073316642028763
"types_mixed",300,1,0,"BM","mcar",0.3,"bin","macroF1","floor","freq",200,-0.484936986812625,0.0126261306764991
"types_mixed",1000,1,0,"BM","mcar",0.3,"bin","macroF1","bace","freq",93,-0.240757304510156,0.0285513489262236
"types_mixed",1000,1,0,"BM","mcar",0.3,"bin","macroF1","freq_lambda","freq",200,-2.91599375125473e-05,2.91599375125475e-05
"types_mixed",1000,1,0,"BM","mcar",0.3,"bin","macroF1","gnn_on","freq",200,-0.0152598697077928,0.00499838104200342
"types_mixed",1000,1,0,"BM","mcar",0.3,"bin","macroF1","gnn_on_full","freq",191,-0.0120643410670882,0.00522820018937676
"types_mixed",1000,1,0,"BM","mcar",0.3,"bin","macroF1","gnn_off","freq",200,-0.0116676967391226,0.00499617920657126
"types_mixed",1000,1,0,"BM","mcar",0.3,"bin","macroF1","gnn_off_rphylopars","freq",200,-0.0111945373605553,0.00499601078248281
"types_mixed",1000,1,0,"BM","mcar",0.3,"bin","macroF1","floor","freq",200,-0.52817766557722,0.00996383791956015
"types_mixed",100,0.3,0.5,"BM","mcar",0.3,"bin","macroF1","bace","freq",100,0.138244544002973,0.0128486885941183
"types_mixed",100,0.3,0.5,"BM","mcar",0.3,"bin","macroF1","freq_lambda","freq",200,-0.00668085253703643,0.00711593795831852
"types_mixed",100,0.3,0.5,"BM","mcar",0.3,"bin","macroF1","gnn_on","freq",200,-0.113772807482364,0.00926226003934339
"types_mixed",100,0.3,0.5,"BM","mcar",0.3,"bin","macroF1","gnn_on_full","freq",200,-0.115472311196517,0.0089790400502175
"types_mixed",100,0.3,0.5,"BM","mcar",0.3,"bin","macroF1","gnn_off","freq",200,-0.120223769716653,0.00874921451928291
"types_mixed",100,0.3,0.5,"BM","mcar",0.3,"bin","macroF1","gnn_off_rphylopars","freq",200,-0.116448798193087,0.00920355720076675
"types_mixed",100,0.3,0.5,"BM","mcar",0.3,"bin","macroF1","floor","freq",200,-0.154501747625161,0.00820276747287244
"types_mixed",300,0.3,0.5,"BM","mcar",0.3,"bin","macroF1","bace","freq",100,0.191344921956619,0.00809537249233391
"types_mixed",300,0.3,0.5,"BM","mcar",0.3,"bin","macroF1","freq_lambda","freq",200,-0.00291751914580301,0.00432565133806747
"types_mixed",300,0.3,0.5,"BM","mcar",0.3,"bin","macroF1","gnn_on","freq",200,-0.0921385987410032,0.00712907349199978
"types_mixed",300,0.3,0.5,"BM","mcar",0.3,"bin","macroF1","gnn_on_full","freq",200,-0.09366084787471,0.00688366991740044
"types_mixed",300,0.3,0.5,"BM","mcar",0.3,"bin","macroF1","gnn_off","freq",200,-0.093763093397449,0.00678597408407498
"types_mixed",300,0.3,0.5,"BM","mcar",0.3,"bin","macroF1","gnn_off_rphylopars","freq",200,-0.0906144080965009,0.00712184895314141
"types_mixed",300,0.3,0.5,"BM","mcar",0.3,"bin","macroF1","floor","freq",200,-0.127600762763131,0.00537552986719022
"types_mixed",1000,0.3,0.5,"BM","mcar",0.3,"bin","macroF1","bace","freq",97,0.207742397512677,0.00580166138265972
"types_mixed",1000,0.3,0.5,"BM","mcar",0.3,"bin","macroF1","freq_lambda","freq",200,0.00125635323971607,0.00237385655288945
"types_mixed",1000,0.3,0.5,"BM","mcar",0.3,"bin","macroF1","gnn_on","freq",200,-0.0808382373640171,0.00686433109402925
"types_mixed",1000,0.3,0.5,"BM","mcar",0.3,"bin","macroF1","gnn_on_full","freq",200,-0.0803065530788356,0.00684482036734804
"types_mixed",1000,0.3,0.5,"BM","mcar",0.3,"bin","macroF1","gnn_off","freq",200,-0.0791895165804461,0.0068180783657784
"types_mixed",1000,0.3,0.5,"BM","mcar",0.3,"bin","macroF1","gnn_off_rphylopars","freq",200,-0.064486066379354,0.00780800353671487
"types_mixed",1000,0.3,0.5,"BM","mcar",0.3,"bin","macroF1","floor","freq",200,-0.136083142517196,0.00406914930639535
"types_mixed",100,0.7,0.5,"BM","mcar",0.3,"bin","macroF1","bace","freq",97,0.0786334227789626,0.0142662167357281
"types_mixed",100,0.7,0.5,"BM","mcar",0.3,"bin","macroF1","freq_lambda","freq",200,-0.00304349340391709,0.00482150888462314
"types_mixed",100,0.7,0.5,"BM","mcar",0.3,"bin","macroF1","gnn_on","freq",200,-0.0958576983709175,0.0121568440826908
"types_mixed",100,0.7,0.5,"BM","mcar",0.3,"bin","macroF1","gnn_on_full","freq",200,-0.0966203666931819,0.0120516371830246
"types_mixed",100,0.7,0.5,"BM","mcar",0.3,"bin","macroF1","gnn_off","freq",200,-0.0959054790889667,0.0120764780715703
"types_mixed",100,0.7,0.5,"BM","mcar",0.3,"bin","macroF1","gnn_off_rphylopars","freq",200,-0.123008818901665,0.012303295578076
"types_mixed",100,0.7,0.5,"BM","mcar",0.3,"bin","macroF1","floor","freq",200,-0.25333519449715,0.0118547465481843
"types_mixed",300,0.7,0.5,"BM","mcar",0.3,"bin","macroF1","bace","freq",99,0.112788816090097,0.0101282051747804
"types_mixed",300,0.7,0.5,"BM","mcar",0.3,"bin","macroF1","freq_lambda","freq",200,0.00279972270641764,0.00328542803448674
"types_mixed",300,0.7,0.5,"BM","mcar",0.3,"bin","macroF1","gnn_on","freq",200,-0.0442033196682257,0.00977573004777598
"types_mixed",300,0.7,0.5,"BM","mcar",0.3,"bin","macroF1","gnn_on_full","freq",200,-0.043830749127244,0.00983301702079349
"types_mixed",300,0.7,0.5,"BM","mcar",0.3,"bin","macroF1","gnn_off","freq",200,-0.0461384840583972,0.0100114456375271
"types_mixed",300,0.7,0.5,"BM","mcar",0.3,"bin","macroF1","gnn_off_rphylopars","freq",200,-0.0767084192794874,0.0103215505883233
"types_mixed",300,0.7,0.5,"BM","mcar",0.3,"bin","macroF1","floor","freq",200,-0.225216931054615,0.010200034983889
"types_mixed",1000,0.7,0.5,"BM","mcar",0.3,"bin","macroF1","bace","freq",90,0.113694554685077,0.0101070887273336
"types_mixed",1000,0.7,0.5,"BM","mcar",0.3,"bin","macroF1","freq_lambda","freq",200,-6.99769520074203e-06,0.00125533170600526
"types_mixed",1000,0.7,0.5,"BM","mcar",0.3,"bin","macroF1","gnn_on","freq",200,-0.02245880476864,0.00740024038505726
"types_mixed",1000,0.7,0.5,"BM","mcar",0.3,"bin","macroF1","gnn_on_full","freq",200,-0.0236918153759407,0.00734262886897367
"types_mixed",1000,0.7,0.5,"BM","mcar",0.3,"bin","macroF1","gnn_off","freq",200,-0.0247819393592756,0.00738924223564967
"types_mixed",1000,0.7,0.5,"BM","mcar",0.3,"bin","macroF1","gnn_off_rphylopars","freq",200,-0.0320470138692072,0.00824831201197946
"types_mixed",1000,0.7,0.5,"BM","mcar",0.3,"bin","macroF1","floor","freq",200,-0.251555902401639,0.0100074221635045
"types_mixed",100,1,0.5,"BM","mcar",0.3,"bin","macroF1","bace","freq",100,-0.256659172832741,0.0291524066140168
"types_mixed",100,1,0.5,"BM","mcar",0.3,"bin","macroF1","freq_lambda","freq",200,0,0
"types_mixed",100,1,0.5,"BM","mcar",0.3,"bin","macroF1","gnn_on","freq",200,-0.105257192204966,0.0140976407996054
"types_mixed",100,1,0.5,"BM","mcar",0.3,"bin","macroF1","gnn_on_full","freq",183,-0.10957607031356,0.0152427943097751
"types_mixed",100,1,0.5,"BM","mcar",0.3,"bin","macroF1","gnn_off","freq",200,-0.100262104336907,0.0141111668084557
"types_mixed",100,1,0.5,"BM","mcar",0.3,"bin","macroF1","gnn_off_rphylopars","freq",200,-0.106762457800105,0.0143281576065291
"types_mixed",100,1,0.5,"BM","mcar",0.3,"bin","macroF1","floor","freq",200,-0.455657888234365,0.0141189546580228
"types_mixed",300,1,0.5,"BM","mcar",0.3,"bin","macroF1","bace","freq",100,-0.233200410739864,0.0266967481946265
"types_mixed",300,1,0.5,"BM","mcar",0.3,"bin","macroF1","freq_lambda","freq",200,0,0
"types_mixed",300,1,0.5,"BM","mcar",0.3,"bin","macroF1","gnn_on","freq",200,-0.0273440860806025,0.00715176702655204
"types_mixed",300,1,0.5,"BM","mcar",0.3,"bin","macroF1","gnn_on_full","freq",185,-0.0231061158857902,0.00774155022320699
"types_mixed",300,1,0.5,"BM","mcar",0.3,"bin","macroF1","gnn_off","freq",200,-0.0213731571943559,0.00717246167676547
"types_mixed",300,1,0.5,"BM","mcar",0.3,"bin","macroF1","gnn_off_rphylopars","freq",200,-0.0236681505703005,0.00756986711098214
"types_mixed",300,1,0.5,"BM","mcar",0.3,"bin","macroF1","floor","freq",200,-0.485569992320137,0.0125672230424782
"types_mixed",1000,1,0.5,"BM","mcar",0.3,"bin","macroF1","bace","freq",100,-0.215730432732725,0.0274669110549929
"types_mixed",1000,1,0.5,"BM","mcar",0.3,"bin","macroF1","freq_lambda","freq",200,-2.53031979587632e-05,2.53031979587632e-05
"types_mixed",1000,1,0.5,"BM","mcar",0.3,"bin","macroF1","gnn_on","freq",200,-0.0196548214784827,0.00625539179171984
"types_mixed",1000,1,0.5,"BM","mcar",0.3,"bin","macroF1","gnn_on_full","freq",193,-0.0164765657564296,0.00649537043238797
"types_mixed",1000,1,0.5,"BM","mcar",0.3,"bin","macroF1","gnn_off","freq",200,-0.0161597023222451,0.00626983411638614
"types_mixed",1000,1,0.5,"BM","mcar",0.3,"bin","macroF1","gnn_off_rphylopars","freq",200,-0.017650322835614,0.00645177271473282
"types_mixed",1000,1,0.5,"BM","mcar",0.3,"bin","macroF1","floor","freq",200,-0.528507555158649,0.0101731718881476
"types_mixed",100,0.3,0,"BM","mcar",0.3,"cat3","macroF1","bace","freq",100,0.109046694035941,0.0120291560952665
"types_mixed",100,0.3,0,"BM","mcar",0.3,"cat3","macroF1","freq_lambda","freq",200,0.00836714418256633,0.0071156325072493
"types_mixed",100,0.3,0,"BM","mcar",0.3,"cat3","macroF1","gnn_on","freq",200,-0.0996983711648497,0.00860376672579491
"types_mixed",100,0.3,0,"BM","mcar",0.3,"cat3","macroF1","gnn_on_full","freq",200,-0.100556475446662,0.00846354989907738
"types_mixed",100,0.3,0,"BM","mcar",0.3,"cat3","macroF1","gnn_off","freq",200,-0.102182899805122,0.00838310447480432
"types_mixed",100,0.3,0,"BM","mcar",0.3,"cat3","macroF1","gnn_off_rphylopars","freq",200,-0.101652976596662,0.00845573830508451
"types_mixed",100,0.3,0,"BM","mcar",0.3,"cat3","macroF1","floor","freq",200,-0.126711377959046,0.00744459392558741
"types_mixed",300,0.3,0,"BM","mcar",0.3,"cat3","macroF1","bace","freq",100,0.109644756930661,0.00855158661467694
"types_mixed",300,0.3,0,"BM","mcar",0.3,"cat3","macroF1","freq_lambda","freq",200,0.000563958832450962,0.00428701715204062
"types_mixed",300,0.3,0,"BM","mcar",0.3,"cat3","macroF1","gnn_on","freq",200,-0.102402738042941,0.0069398545261391
"types_mixed",300,0.3,0,"BM","mcar",0.3,"cat3","macroF1","gnn_on_full","freq",200,-0.101531829683307,0.00700285553902196
"types_mixed",300,0.3,0,"BM","mcar",0.3,"cat3","macroF1","gnn_off","freq",200,-0.104524004741717,0.00688774844333636
"types_mixed",300,0.3,0,"BM","mcar",0.3,"cat3","macroF1","gnn_off_rphylopars","freq",200,-0.106853209833902,0.00688665723132892
"types_mixed",300,0.3,0,"BM","mcar",0.3,"cat3","macroF1","floor","freq",200,-0.135848424628977,0.0050634837288275
"types_mixed",1000,0.3,0,"BM","mcar",0.3,"cat3","macroF1","bace","freq",100,0.127516546255527,0.00539171879102387
"types_mixed",1000,0.3,0,"BM","mcar",0.3,"cat3","macroF1","freq_lambda","freq",200,-0.000576150515294415,0.00252514786849088
"types_mixed",1000,0.3,0,"BM","mcar",0.3,"cat3","macroF1","gnn_on","freq",200,-0.0929927074366925,0.00587667306228302
"types_mixed",1000,0.3,0,"BM","mcar",0.3,"cat3","macroF1","gnn_on_full","freq",200,-0.0924855482722287,0.00592453296588174
"types_mixed",1000,0.3,0,"BM","mcar",0.3,"cat3","macroF1","gnn_off","freq",200,-0.0933467480003946,0.00591117658121625
"types_mixed",1000,0.3,0,"BM","mcar",0.3,"cat3","macroF1","gnn_off_rphylopars","freq",200,-0.101598573326181,0.00548283142648915
"types_mixed",1000,0.3,0,"BM","mcar",0.3,"cat3","macroF1","floor","freq",200,-0.129097997074061,0.00357545451064455
"types_mixed",100,0.7,0,"BM","mcar",0.3,"cat3","macroF1","bace","freq",100,0.0550872338295451,0.014379722308395
"types_mixed",100,0.7,0,"BM","mcar",0.3,"cat3","macroF1","freq_lambda","freq",200,0.0104121478447162,0.00575607108383837
"types_mixed",100,0.7,0,"BM","mcar",0.3,"cat3","macroF1","gnn_on","freq",200,-0.0902688049658936,0.0121778724718103
"types_mixed",100,0.7,0,"BM","mcar",0.3,"cat3","macroF1","gnn_on_full","freq",200,-0.0835067303436641,0.0125365839482919
"types_mixed",100,0.7,0,"BM","mcar",0.3,"cat3","macroF1","gnn_off","freq",200,-0.0835523473953265,0.0125458604347495
"types_mixed",100,0.7,0,"BM","mcar",0.3,"cat3","macroF1","gnn_off_rphylopars","freq",200,-0.108159525588243,0.0117560752293649
"types_mixed",100,0.7,0,"BM","mcar",0.3,"cat3","macroF1","floor","freq",200,-0.21303697557033,0.010540524246746
"types_mixed",300,0.7,0,"BM","mcar",0.3,"cat3","macroF1","bace","freq",100,0.0805658110952435,0.0106512862255815
"types_mixed",300,0.7,0,"BM","mcar",0.3,"cat3","macroF1","freq_lambda","freq",200,0.00149564153346554,0.00287401131559655
"types_mixed",300,0.7,0,"BM","mcar",0.3,"cat3","macroF1","gnn_on","freq",200,-0.0530520201894118,0.00924260421895261
"types_mixed",300,0.7,0,"BM","mcar",0.3,"cat3","macroF1","gnn_on_full","freq",200,-0.0507011524036843,0.00929213501010994
"types_mixed",300,0.7,0,"BM","mcar",0.3,"cat3","macroF1","gnn_off","freq",200,-0.056298702765398,0.00938506207312555
"types_mixed",300,0.7,0,"BM","mcar",0.3,"cat3","macroF1","gnn_off_rphylopars","freq",200,-0.0773247619530299,0.00906562768717529
"types_mixed",300,0.7,0,"BM","mcar",0.3,"cat3","macroF1","floor","freq",200,-0.200975795707266,0.00909204577330587
"types_mixed",1000,0.7,0,"BM","mcar",0.3,"cat3","macroF1","bace","freq",100,0.103087245712596,0.00907935528240465
"types_mixed",1000,0.7,0,"BM","mcar",0.3,"cat3","macroF1","freq_lambda","freq",200,-0.00286133017835345,0.00163478062651715
"types_mixed",1000,0.7,0,"BM","mcar",0.3,"cat3","macroF1","gnn_on","freq",200,-0.00859506599497944,0.00800380153771808
"types_mixed",1000,0.7,0,"BM","mcar",0.3,"cat3","macroF1","gnn_on_full","freq",200,-0.00899496254483956,0.00804977935473308
"types_mixed",1000,0.7,0,"BM","mcar",0.3,"cat3","macroF1","gnn_off","freq",200,-0.00882678230649549,0.00838694035750229
"types_mixed",1000,0.7,0,"BM","mcar",0.3,"cat3","macroF1","gnn_off_rphylopars","freq",200,-0.0417114975224603,0.00833178034565842
"types_mixed",1000,0.7,0,"BM","mcar",0.3,"cat3","macroF1","floor","freq",200,-0.202564045612011,0.00838665384720438
"types_mixed",100,1,0,"BM","mcar",0.3,"cat3","macroF1","bace","freq",100,-0.245096168293531,0.0294760441025498
"types_mixed",100,1,0,"BM","mcar",0.3,"cat3","macroF1","freq_lambda","freq",200,-0.000197106814753874,0.000197106814753874
"types_mixed",100,1,0,"BM","mcar",0.3,"cat3","macroF1","gnn_on","freq",200,-0.0818853381232605,0.0131980120484651
"types_mixed",100,1,0,"BM","mcar",0.3,"cat3","macroF1","gnn_on_full","freq",185,-0.0745683346503033,0.0143636311009861
"types_mixed",100,1,0,"BM","mcar",0.3,"cat3","macroF1","gnn_off","freq",200,-0.0338392976341073,0.0178661789771077
"types_mixed",100,1,0,"BM","mcar",0.3,"cat3","macroF1","gnn_off_rphylopars","freq",200,-0.0418643085701509,0.018548596890695
"types_mixed",100,1,0,"BM","mcar",0.3,"cat3","macroF1","floor","freq",200,-0.532269506737196,0.0160212594434738
"types_mixed",300,1,0,"BM","mcar",0.3,"cat3","macroF1","bace","freq",100,-0.307855839915772,0.0333190560021911
"types_mixed",300,1,0,"BM","mcar",0.3,"cat3","macroF1","freq_lambda","freq",200,-0.000124291921025133,0.000124291921025134
"types_mixed",300,1,0,"BM","mcar",0.3,"cat3","macroF1","gnn_on","freq",200,-0.0315461539450096,0.00752898934968284
"types_mixed",300,1,0,"BM","mcar",0.3,"cat3","macroF1","gnn_on_full","freq",186,-0.022410578621272,0.00805984533707449
"types_mixed",300,1,0,"BM","mcar",0.3,"cat3","macroF1","gnn_off","freq",200,0.0203434640235324,0.0138199147099478
"types_mixed",300,1,0,"BM","mcar",0.3,"cat3","macroF1","gnn_off_rphylopars","freq",200,0.0164415162133099,0.0142351971026752
"types_mixed",300,1,0,"BM","mcar",0.3,"cat3","macroF1","floor","freq",200,-0.562125889592617,0.016365861463698
"types_mixed",1000,1,0,"BM","mcar",0.3,"cat3","macroF1","bace","freq",93,-0.276323992988493,0.0328572318513275
"types_mixed",1000,1,0,"BM","mcar",0.3,"cat3","macroF1","freq_lambda","freq",200,2.99654941514455e-05,2.99654941514456e-05
"types_mixed",1000,1,0,"BM","mcar",0.3,"cat3","macroF1","gnn_on","freq",200,-0.0105159921002993,0.00399343566507353
"types_mixed",1000,1,0,"BM","mcar",0.3,"cat3","macroF1","gnn_on_full","freq",191,-0.00423150764477735,0.00368426081065303
"types_mixed",1000,1,0,"BM","mcar",0.3,"cat3","macroF1","gnn_off","freq",200,0.0230472708142054,0.0102361061708733
"types_mixed",1000,1,0,"BM","mcar",0.3,"cat3","macroF1","gnn_off_rphylopars","freq",200,0.0207012961575151,0.0104751307860461
"types_mixed",1000,1,0,"BM","mcar",0.3,"cat3","macroF1","floor","freq",200,-0.629630149935265,0.0128720805418191
"types_mixed",100,0.3,0.5,"BM","mcar",0.3,"cat3","macroF1","bace","freq",100,0.101638365440032,0.0131051506251302
"types_mixed",100,0.3,0.5,"BM","mcar",0.3,"cat3","macroF1","freq_lambda","freq",200,-0.0147882860101196,0.00749245187828797
"types_mixed",100,0.3,0.5,"BM","mcar",0.3,"cat3","macroF1","gnn_on","freq",200,-0.109499134194929,0.00923892418799132
"types_mixed",100,0.3,0.5,"BM","mcar",0.3,"cat3","macroF1","gnn_on_full","freq",200,-0.108536946261068,0.00915471933408057
"types_mixed",100,0.3,0.5,"BM","mcar",0.3,"cat3","macroF1","gnn_off","freq",200,-0.113077281394359,0.00892207038484838
"types_mixed",100,0.3,0.5,"BM","mcar",0.3,"cat3","macroF1","gnn_off_rphylopars","freq",200,-0.116928548552333,0.0088351459664585
"types_mixed",100,0.3,0.5,"BM","mcar",0.3,"cat3","macroF1","floor","freq",200,-0.14859721397175,0.00794422384981646
"types_mixed",300,0.3,0.5,"BM","mcar",0.3,"cat3","macroF1","bace","freq",100,0.169027738195155,0.00887380910478344
"types_mixed",300,0.3,0.5,"BM","mcar",0.3,"cat3","macroF1","freq_lambda","freq",200,-0.000860702708693836,0.00459263592640302
"types_mixed",300,0.3,0.5,"BM","mcar",0.3,"cat3","macroF1","gnn_on","freq",200,-0.0924687397780134,0.00761533984353227
"types_mixed",300,0.3,0.5,"BM","mcar",0.3,"cat3","macroF1","gnn_on_full","freq",200,-0.0938951838322484,0.00755881003848168
"types_mixed",300,0.3,0.5,"BM","mcar",0.3,"cat3","macroF1","gnn_off","freq",200,-0.0926265579987173,0.00757514541966653
"types_mixed",300,0.3,0.5,"BM","mcar",0.3,"cat3","macroF1","gnn_off_rphylopars","freq",200,-0.0900211204268962,0.00776176835918231
"types_mixed",300,0.3,0.5,"BM","mcar",0.3,"cat3","macroF1","floor","freq",200,-0.129515925552675,0.00480287593594472
"types_mixed",1000,0.3,0.5,"BM","mcar",0.3,"cat3","macroF1","bace","freq",97,0.190873124806251,0.00554291207749642
"types_mixed",1000,0.3,0.5,"BM","mcar",0.3,"cat3","macroF1","freq_lambda","freq",200,-0.00371170647846811,0.00285608755100582
"types_mixed",1000,0.3,0.5,"BM","mcar",0.3,"cat3","macroF1","gnn_on","freq",200,-0.0819758827190794,0.00664978136450175
"types_mixed",1000,0.3,0.5,"BM","mcar",0.3,"cat3","macroF1","gnn_on_full","freq",200,-0.081571639130423,0.0066903845978349
"types_mixed",1000,0.3,0.5,"BM","mcar",0.3,"cat3","macroF1","gnn_off","freq",200,-0.0815772875898442,0.00665189005640575
"types_mixed",1000,0.3,0.5,"BM","mcar",0.3,"cat3","macroF1","gnn_off_rphylopars","freq",200,-0.0701991654010915,0.00723404046085563
"types_mixed",1000,0.3,0.5,"BM","mcar",0.3,"cat3","macroF1","floor","freq",200,-0.126733161865206,0.00339806477533534
"types_mixed",100,0.7,0.5,"BM","mcar",0.3,"cat3","macroF1","bace","freq",97,0.104441682279251,0.015297924281275
"types_mixed",100,0.7,0.5,"BM","mcar",0.3,"cat3","macroF1","freq_lambda","freq",200,0.007399761895903,0.00614331474048681
"types_mixed",100,0.7,0.5,"BM","mcar",0.3,"cat3","macroF1","gnn_on","freq",200,-0.0658661539286503,0.0118395005772104
"types_mixed",100,0.7,0.5,"BM","mcar",0.3,"cat3","macroF1","gnn_on_full","freq",200,-0.0654428321890297,0.0117187541398425
"types_mixed",100,0.7,0.5,"BM","mcar",0.3,"cat3","macroF1","gnn_off","freq",200,-0.0690655526621802,0.011754518030926
"types_mixed",100,0.7,0.5,"BM","mcar",0.3,"cat3","macroF1","gnn_off_rphylopars","freq",200,-0.0880544046070546,0.0114704949924309
"types_mixed",100,0.7,0.5,"BM","mcar",0.3,"cat3","macroF1","floor","freq",200,-0.207579504011933,0.0111983721832377
"types_mixed",300,0.7,0.5,"BM","mcar",0.3,"cat3","macroF1","bace","freq",99,0.147405945525473,0.0119048743117802
"types_mixed",300,0.7,0.5,"BM","mcar",0.3,"cat3","macroF1","freq_lambda","freq",200,0.00103755370072957,0.00285742839693347
"types_mixed",300,0.7,0.5,"BM","mcar",0.3,"cat3","macroF1","gnn_on","freq",200,-0.0359469951915708,0.0101717799750303
"types_mixed",300,0.7,0.5,"BM","mcar",0.3,"cat3","macroF1","gnn_on_full","freq",200,-0.0353752046226798,0.0101662648564558
"types_mixed",300,0.7,0.5,"BM","mcar",0.3,"cat3","macroF1","gnn_off","freq",200,-0.0369294507615551,0.0104935944302492
"types_mixed",300,0.7,0.5,"BM","mcar",0.3,"cat3","macroF1","gnn_off_rphylopars","freq",200,-0.0465047939550946,0.0103887759216441
"types_mixed",300,0.7,0.5,"BM","mcar",0.3,"cat3","macroF1","floor","freq",200,-0.198707969581037,0.0088449941577647
"types_mixed",1000,0.7,0.5,"BM","mcar",0.3,"cat3","macroF1","bace","freq",90,0.152751034251946,0.010375443159373
"types_mixed",1000,0.7,0.5,"BM","mcar",0.3,"cat3","macroF1","freq_lambda","freq",200,-4.54145084885396e-05,0.00179449882382894
"types_mixed",1000,0.7,0.5,"BM","mcar",0.3,"cat3","macroF1","gnn_on","freq",200,-0.00497672743990986,0.00923550531321581
"types_mixed",1000,0.7,0.5,"BM","mcar",0.3,"cat3","macroF1","gnn_on_full","freq",200,-0.00446748137124774,0.0092816921552361
"types_mixed",1000,0.7,0.5,"BM","mcar",0.3,"cat3","macroF1","gnn_off","freq",200,-0.00852334348932295,0.00904715591287426
"types_mixed",1000,0.7,0.5,"BM","mcar",0.3,"cat3","macroF1","gnn_off_rphylopars","freq",200,-0.0123656678081669,0.00976832129109957
"types_mixed",1000,0.7,0.5,"BM","mcar",0.3,"cat3","macroF1","floor","freq",200,-0.201161259245796,0.00822498074581502
"types_mixed",100,1,0.5,"BM","mcar",0.3,"cat3","macroF1","bace","freq",100,-0.301902122457475,0.0299073533797575
"types_mixed",100,1,0.5,"BM","mcar",0.3,"cat3","macroF1","freq_lambda","freq",200,-0.000198801742919389,0.000198801742919389
"types_mixed",100,1,0.5,"BM","mcar",0.3,"cat3","macroF1","gnn_on","freq",200,-0.0949627901921074,0.0132900416139598
"types_mixed",100,1,0.5,"BM","mcar",0.3,"cat3","macroF1","gnn_on_full","freq",183,-0.07979682176904,0.0144220519778493
"types_mixed",100,1,0.5,"BM","mcar",0.3,"cat3","macroF1","gnn_off","freq",200,-0.0267566630160206,0.018605051700668
"types_mixed",100,1,0.5,"BM","mcar",0.3,"cat3","macroF1","gnn_off_rphylopars","freq",200,-0.0434650904033066,0.0191949712722123
"types_mixed",100,1,0.5,"BM","mcar",0.3,"cat3","macroF1","floor","freq",200,-0.512085948561718,0.0161362354304511
"types_mixed",300,1,0.5,"BM","mcar",0.3,"cat3","macroF1","bace","freq",100,-0.275884363221876,0.0318259092678469
"types_mixed",300,1,0.5,"BM","mcar",0.3,"cat3","macroF1","freq_lambda","freq",200,0.000111234705228031,0.000111234705228031
"types_mixed",300,1,0.5,"BM","mcar",0.3,"cat3","macroF1","gnn_on","freq",200,-0.0166000292928077,0.00478755187590144
"types_mixed",300,1,0.5,"BM","mcar",0.3,"cat3","macroF1","gnn_on_full","freq",185,-0.00932438801467687,0.00467148656873308
"types_mixed",300,1,0.5,"BM","mcar",0.3,"cat3","macroF1","gnn_off","freq",200,0.0326012434122593,0.0119842228789015
"types_mixed",300,1,0.5,"BM","mcar",0.3,"cat3","macroF1","gnn_off_rphylopars","freq",200,0.0319223089087671,0.0119608107973394
"types_mixed",300,1,0.5,"BM","mcar",0.3,"cat3","macroF1","floor","freq",200,-0.573762707949634,0.0156521934504763
"types_mixed",1000,1,0.5,"BM","mcar",0.3,"cat3","macroF1","bace","freq",100,-0.264895904927706,0.0324463478404542
"types_mixed",1000,1,0.5,"BM","mcar",0.3,"cat3","macroF1","freq_lambda","freq",200,0,0
"types_mixed",1000,1,0.5,"BM","mcar",0.3,"cat3","macroF1","gnn_on","freq",200,-0.00754551588099724,0.00261821024041092
"types_mixed",1000,1,0.5,"BM","mcar",0.3,"cat3","macroF1","gnn_on_full","freq",193,-0.00311717496891304,0.0026472038711341
"types_mixed",1000,1,0.5,"BM","mcar",0.3,"cat3","macroF1","gnn_off","freq",200,0.0137534451441348,0.00793233754665964
"types_mixed",1000,1,0.5,"BM","mcar",0.3,"cat3","macroF1","gnn_off_rphylopars","freq",200,0.0130363437001577,0.00794105771325188
"types_mixed",1000,1,0.5,"BM","mcar",0.3,"cat3","macroF1","floor","freq",200,-0.652729263868743,0.0116799205963283
"types_mixed",100,0.3,0,"BM","mcar",0.3,"ord","macroF1","bace","freq",100,0.143386349314072,0.0106507170302201
"types_mixed",100,0.3,0,"BM","mcar",0.3,"ord","macroF1","freq_lambda","freq",200,0.000740483952058905,0.000740483952058904
"types_mixed",100,0.3,0,"BM","mcar",0.3,"ord","macroF1","gnn_on","freq",200,-0.00550176196543357,0.0067486589979265
"types_mixed",100,0.3,0,"BM","mcar",0.3,"ord","macroF1","gnn_on_full","freq",200,0.0033288883085679,0.0068669404362247
"types_mixed",100,0.3,0,"BM","mcar",0.3,"ord","macroF1","gnn_off","freq",200,0.00275398948488951,0.00694538496047605
"types_mixed",100,0.3,0,"BM","mcar",0.3,"ord","macroF1","gnn_off_rphylopars","freq",200,0.0198649412774995,0.00848522079461377
"types_mixed",100,0.3,0,"BM","mcar",0.3,"ord","macroF1","floor","freq",200,-0.0334161969834717,0.00515059718624925
"types_mixed",300,0.3,0,"BM","mcar",0.3,"ord","macroF1","bace","freq",100,0.217334971197949,0.00791309993040813
"types_mixed",300,0.3,0,"BM","mcar",0.3,"ord","macroF1","freq_lambda","freq",200,-0.000719770991012769,0.000665295657291026
"types_mixed",300,0.3,0,"BM","mcar",0.3,"ord","macroF1","gnn_on","freq",200,0.0147147877784936,0.00562600219194748
"types_mixed",300,0.3,0,"BM","mcar",0.3,"ord","macroF1","gnn_on_full","freq",200,0.0379677696770873,0.00655195746070721
"types_mixed",300,0.3,0,"BM","mcar",0.3,"ord","macroF1","gnn_off","freq",200,0.0303847004144167,0.0062881746988796
"types_mixed",300,0.3,0,"BM","mcar",0.3,"ord","macroF1","gnn_off_rphylopars","freq",200,0.0366271660695625,0.00658369782603664
"types_mixed",300,0.3,0,"BM","mcar",0.3,"ord","macroF1","floor","freq",200,-0.0142176228034359,0.00276055364116309
"types_mixed",1000,0.3,0,"BM","mcar",0.3,"ord","macroF1","bace","freq",100,0.239525303511981,0.00607640850321505
"types_mixed",1000,0.3,0,"BM","mcar",0.3,"ord","macroF1","freq_lambda","freq",200,1.55247393572732e-05,5.16256754389032e-05
"types_mixed",1000,0.3,0,"BM","mcar",0.3,"ord","macroF1","gnn_on","freq",200,0.0103569148575477,0.00407623229713766
"types_mixed",1000,0.3,0,"BM","mcar",0.3,"ord","macroF1","gnn_on_full","freq",200,0.0368339006854877,0.00549717547733882
"types_mixed",1000,0.3,0,"BM","mcar",0.3,"ord","macroF1","gnn_off","freq",200,0.0228318070001048,0.00481032001620902
"types_mixed",1000,0.3,0,"BM","mcar",0.3,"ord","macroF1","gnn_off_rphylopars","freq",200,0.0284465603896654,0.00529635792686965
"types_mixed",1000,0.3,0,"BM","mcar",0.3,"ord","macroF1","floor","freq",200,-0.00714144113019413,0.00226216908250242
"types_mixed",100,0.7,0,"BM","mcar",0.3,"ord","macroF1","bace","freq",100,0.0992125965582699,0.0163306159683088
"types_mixed",100,0.7,0,"BM","mcar",0.3,"ord","macroF1","freq_lambda","freq",200,-0.0025234001761644,0.00133706107764072
"types_mixed",100,0.7,0,"BM","mcar",0.3,"ord","macroF1","gnn_on","freq",200,0.0269108920052771,0.010662165634891
"types_mixed",100,0.7,0,"BM","mcar",0.3,"ord","macroF1","gnn_on_full","freq",200,0.0551984400327112,0.00987496542716544
"types_mixed",100,0.7,0,"BM","mcar",0.3,"ord","macroF1","gnn_off","freq",200,0.0469888338540784,0.00992475904574153
"types_mixed",100,0.7,0,"BM","mcar",0.3,"ord","macroF1","gnn_off_rphylopars","freq",200,0.03932541325614,0.00968253087684277
"types_mixed",100,0.7,0,"BM","mcar",0.3,"ord","macroF1","floor","freq",200,-0.127772519120083,0.0105149789111769
"types_mixed",300,0.7,0,"BM","mcar",0.3,"ord","macroF1","bace","freq",100,0.156712302452755,0.0128561904028631
"types_mixed",300,0.7,0,"BM","mcar",0.3,"ord","macroF1","freq_lambda","freq",200,0.000662025670096164,0.00208791605652477
"types_mixed",300,0.7,0,"BM","mcar",0.3,"ord","macroF1","gnn_on","freq",200,0.0492276842570413,0.00879944076012199
"types_mixed",300,0.7,0,"BM","mcar",0.3,"ord","macroF1","gnn_on_full","freq",200,0.0889215163911384,0.0084778214485098
"types_mixed",300,0.7,0,"BM","mcar",0.3,"ord","macroF1","gnn_off","freq",200,0.0834961069299613,0.00839769870077925
"types_mixed",300,0.7,0,"BM","mcar",0.3,"ord","macroF1","gnn_off_rphylopars","freq",200,0.07857991536053,0.0083987848425777
"types_mixed",300,0.7,0,"BM","mcar",0.3,"ord","macroF1","floor","freq",200,-0.132213633510647,0.00952238291333339
"types_mixed",1000,0.7,0,"BM","mcar",0.3,"ord","macroF1","bace","freq",100,0.181089955953915,0.0102361244766051
"types_mixed",1000,0.7,0,"BM","mcar",0.3,"ord","macroF1","freq_lambda","freq",200,0.0005317263668189,0.00054932932096231
"types_mixed",1000,0.7,0,"BM","mcar",0.3,"ord","macroF1","gnn_on","freq",200,0.0571980945825055,0.00600468798800758
"types_mixed",1000,0.7,0,"BM","mcar",0.3,"ord","macroF1","gnn_on_full","freq",200,0.094797126881622,0.00679695476583772
"types_mixed",1000,0.7,0,"BM","mcar",0.3,"ord","macroF1","gnn_off","freq",200,0.0845808277925537,0.00688196827249801
"types_mixed",1000,0.7,0,"BM","mcar",0.3,"ord","macroF1","gnn_off_rphylopars","freq",200,0.0823408001362259,0.00731292594749522
"types_mixed",1000,0.7,0,"BM","mcar",0.3,"ord","macroF1","floor","freq",200,-0.126509475314729,0.00979956871103206
"types_mixed",100,1,0,"BM","mcar",0.3,"ord","macroF1","bace","freq",100,-0.238168363144904,0.0283925432492245
"types_mixed",100,1,0,"BM","mcar",0.3,"ord","macroF1","freq_lambda","freq",200,-4.419191919192e-05,4.41919191919199e-05
"types_mixed",100,1,0,"BM","mcar",0.3,"ord","macroF1","gnn_on","freq",200,-0.0230516764185373,0.012162014535356
"types_mixed",100,1,0,"BM","mcar",0.3,"ord","macroF1","gnn_on_full","freq",185,0.0100743202223033,0.00957559624614177
"types_mixed",100,1,0,"BM","mcar",0.3,"ord","macroF1","gnn_off","freq",200,0.0453980092659745,0.0123595778179314
"types_mixed",100,1,0,"BM","mcar",0.3,"ord","macroF1","gnn_off_rphylopars","freq",200,0.0400170696721586,0.0132042165912942
"types_mixed",100,1,0,"BM","mcar",0.3,"ord","macroF1","floor","freq",200,-0.542399342069036,0.0168210361506535
"types_mixed",300,1,0,"BM","mcar",0.3,"ord","macroF1","bace","freq",100,-0.336601485333635,0.0358681199615299
"types_mixed",300,1,0,"BM","mcar",0.3,"ord","macroF1","freq_lambda","freq",200,3.83681398737252e-05,3.83681398737251e-05
"types_mixed",300,1,0,"BM","mcar",0.3,"ord","macroF1","gnn_on","freq",200,-0.0132545675977864,0.00606914431491622
"types_mixed",300,1,0,"BM","mcar",0.3,"ord","macroF1","gnn_on_full","freq",186,0.00411478845727078,0.00537089469654874
"types_mixed",300,1,0,"BM","mcar",0.3,"ord","macroF1","gnn_off","freq",200,0.0461616307248168,0.0121851367461425
"types_mixed",300,1,0,"BM","mcar",0.3,"ord","macroF1","gnn_off_rphylopars","freq",200,0.0447063411345736,0.0123224189542779
"types_mixed",300,1,0,"BM","mcar",0.3,"ord","macroF1","floor","freq",200,-0.633135396138597,0.0149414751510595
"types_mixed",1000,1,0,"BM","mcar",0.3,"ord","macroF1","bace","freq",93,-0.30053256886409,0.0358950183031977
"types_mixed",1000,1,0,"BM","mcar",0.3,"ord","macroF1","freq_lambda","freq",200,0.000358885055578173,0.0003792124030724
"types_mixed",1000,1,0,"BM","mcar",0.3,"ord","macroF1","gnn_on","freq",200,-0.00426858614411736,0.0046162966161242
"types_mixed",1000,1,0,"BM","mcar",0.3,"ord","macroF1","gnn_on_full","freq",191,0.00145822409621117,0.00482661418017102
"types_mixed",1000,1,0,"BM","mcar",0.3,"ord","macroF1","gnn_off","freq",200,0.0363434833253616,0.0119526319884055
"types_mixed",1000,1,0,"BM","mcar",0.3,"ord","macroF1","gnn_off_rphylopars","freq",200,0.036591433550995,0.0119698593645688
"types_mixed",1000,1,0,"BM","mcar",0.3,"ord","macroF1","floor","freq",200,-0.687703411731128,0.0141539552490008
"types_mixed",100,0.3,0.5,"BM","mcar",0.3,"ord","macroF1","bace","freq",100,0.194713431819179,0.00982844301937159
"types_mixed",100,0.3,0.5,"BM","mcar",0.3,"ord","macroF1","freq_lambda","freq",200,9.82315538716053e-05,0.00167015917967743
"types_mixed",100,0.3,0.5,"BM","mcar",0.3,"ord","macroF1","gnn_on","freq",200,0.00944124102332631,0.00759591234394773
"types_mixed",100,0.3,0.5,"BM","mcar",0.3,"ord","macroF1","gnn_on_full","freq",200,0.0274561755319956,0.00788851699065436
"types_mixed",100,0.3,0.5,"BM","mcar",0.3,"ord","macroF1","gnn_off","freq",200,0.0202661519222841,0.00744489478708106
"types_mixed",100,0.3,0.5,"BM","mcar",0.3,"ord","macroF1","gnn_off_rphylopars","freq",200,0.0380713259268672,0.00903933905432123
"types_mixed",100,0.3,0.5,"BM","mcar",0.3,"ord","macroF1","floor","freq",200,-0.0289375082110042,0.0048765761258309
"types_mixed",300,0.3,0.5,"BM","mcar",0.3,"ord","macroF1","bace","freq",100,0.269251618035366,0.00720399971527596
"types_mixed",300,0.3,0.5,"BM","mcar",0.3,"ord","macroF1","freq_lambda","freq",200,0.00084389644848805,0.000927679073657662
"types_mixed",300,0.3,0.5,"BM","mcar",0.3,"ord","macroF1","gnn_on","freq",200,0.0330553970363761,0.00637578019712712
"types_mixed",300,0.3,0.5,"BM","mcar",0.3,"ord","macroF1","gnn_on_full","freq",200,0.0477887951187883,0.00688885905641433
"types_mixed",300,0.3,0.5,"BM","mcar",0.3,"ord","macroF1","gnn_off","freq",200,0.0334890648685799,0.00621898452657634
"types_mixed",300,0.3,0.5,"BM","mcar",0.3,"ord","macroF1","gnn_off_rphylopars","freq",200,0.0526406907702344,0.00766567791619298
"types_mixed",300,0.3,0.5,"BM","mcar",0.3,"ord","macroF1","floor","freq",200,-0.0155319098232845,0.0030559745054103
"types_mixed",1000,0.3,0.5,"BM","mcar",0.3,"ord","macroF1","bace","freq",97,0.299582136830264,0.00530420931147901
"types_mixed",1000,0.3,0.5,"BM","mcar",0.3,"ord","macroF1","freq_lambda","freq",200,-0.000496930610118707,0.000349222309344032
"types_mixed",1000,0.3,0.5,"BM","mcar",0.3,"ord","macroF1","gnn_on","freq",200,0.0304568129760513,0.00510049313133529
"types_mixed",1000,0.3,0.5,"BM","mcar",0.3,"ord","macroF1","gnn_on_full","freq",200,0.0499701119580249,0.00631903171641746
"types_mixed",1000,0.3,0.5,"BM","mcar",0.3,"ord","macroF1","gnn_off","freq",200,0.0212934264869221,0.00536131424830296
"types_mixed",1000,0.3,0.5,"BM","mcar",0.3,"ord","macroF1","gnn_off_rphylopars","freq",200,0.0362678277816162,0.00655000707645053
"types_mixed",1000,0.3,0.5,"BM","mcar",0.3,"ord","macroF1","floor","freq",200,-0.00617959729604649,0.0016178697307304
"types_mixed",100,0.7,0.5,"BM","mcar",0.3,"ord","macroF1","bace","freq",97,0.143895586539485,0.018272565582792
"types_mixed",100,0.7,0.5,"BM","mcar",0.3,"ord","macroF1","freq_lambda","freq",200,0.00316570929227437,0.00290587510521832
"types_mixed",100,0.7,0.5,"BM","mcar",0.3,"ord","macroF1","gnn_on","freq",200,0.0402922446001677,0.00987422427251426
"types_mixed",100,0.7,0.5,"BM","mcar",0.3,"ord","macroF1","gnn_on_full","freq",200,0.0729164500695523,0.0107263284298268
"types_mixed",100,0.7,0.5,"BM","mcar",0.3,"ord","macroF1","gnn_off","freq",200,0.0576464932218256,0.00997214571052481
"types_mixed",100,0.7,0.5,"BM","mcar",0.3,"ord","macroF1","gnn_off_rphylopars","freq",200,0.0666186765769692,0.0112460474252475
"types_mixed",100,0.7,0.5,"BM","mcar",0.3,"ord","macroF1","floor","freq",200,-0.130364718246749,0.0112634743984107
"types_mixed",300,0.7,0.5,"BM","mcar",0.3,"ord","macroF1","bace","freq",99,0.234024752981652,0.0127629354945743
"types_mixed",300,0.7,0.5,"BM","mcar",0.3,"ord","macroF1","freq_lambda","freq",200,-0.000821672194261292,0.00180462627062537
"types_mixed",300,0.7,0.5,"BM","mcar",0.3,"ord","macroF1","gnn_on","freq",200,0.077031658975683,0.00784406806071335
"types_mixed",300,0.7,0.5,"BM","mcar",0.3,"ord","macroF1","gnn_on_full","freq",200,0.103111703022086,0.00786526492939894
"types_mixed",300,0.7,0.5,"BM","mcar",0.3,"ord","macroF1","gnn_off","freq",200,0.0848754509780806,0.00794876033231074
"types_mixed",300,0.7,0.5,"BM","mcar",0.3,"ord","macroF1","gnn_off_rphylopars","freq",200,0.103750319384694,0.00886069968748331
"types_mixed",300,0.7,0.5,"BM","mcar",0.3,"ord","macroF1","floor","freq",200,-0.116913592365123,0.00982667038766799
"types_mixed",1000,0.7,0.5,"BM","mcar",0.3,"ord","macroF1","bace","freq",90,0.260250822310562,0.0117738490177784
"types_mixed",1000,0.7,0.5,"BM","mcar",0.3,"ord","macroF1","freq_lambda","freq",200,0.000575633372104718,0.0005456514042001
"types_mixed",1000,0.7,0.5,"BM","mcar",0.3,"ord","macroF1","gnn_on","freq",200,0.0822359990786598,0.00666786553135232
"types_mixed",1000,0.7,0.5,"BM","mcar",0.3,"ord","macroF1","gnn_on_full","freq",200,0.112358260257346,0.00702342787092645
"types_mixed",1000,0.7,0.5,"BM","mcar",0.3,"ord","macroF1","gnn_off","freq",200,0.0909755909353553,0.00659807576114136
"types_mixed",1000,0.7,0.5,"BM","mcar",0.3,"ord","macroF1","gnn_off_rphylopars","freq",200,0.112543705484324,0.00727471731908747
"types_mixed",1000,0.7,0.5,"BM","mcar",0.3,"ord","macroF1","floor","freq",200,-0.11662764756356,0.00982595234757661
"types_mixed",100,1,0.5,"BM","mcar",0.3,"ord","macroF1","bace","freq",100,-0.278041957732645,0.031586956578254
"types_mixed",100,1,0.5,"BM","mcar",0.3,"ord","macroF1","freq_lambda","freq",200,-0.00483326013760795,0.00350553807996456
"types_mixed",100,1,0.5,"BM","mcar",0.3,"ord","macroF1","gnn_on","freq",200,-0.0157438528385624,0.0126279360858861
"types_mixed",100,1,0.5,"BM","mcar",0.3,"ord","macroF1","gnn_on_full","freq",183,0.0227209442073118,0.0118562285197986
"types_mixed",100,1,0.5,"BM","mcar",0.3,"ord","macroF1","gnn_off","freq",200,0.0644393626961015,0.0165476940767291
"types_mixed",100,1,0.5,"BM","mcar",0.3,"ord","macroF1","gnn_off_rphylopars","freq",200,0.064125236678636,0.0166458816132456
"types_mixed",100,1,0.5,"BM","mcar",0.3,"ord","macroF1","floor","freq",200,-0.528547972482154,0.017114817238168
"types_mixed",300,1,0.5,"BM","mcar",0.3,"ord","macroF1","bace","freq",100,-0.283138070165237,0.0357035258832281
"types_mixed",300,1,0.5,"BM","mcar",0.3,"ord","macroF1","freq_lambda","freq",200,-0.000574267130000893,0.000574267130000891
"types_mixed",300,1,0.5,"BM","mcar",0.3,"ord","macroF1","gnn_on","freq",200,0.000359385836719661,0.00715148333359386
"types_mixed",300,1,0.5,"BM","mcar",0.3,"ord","macroF1","gnn_on_full","freq",185,0.0115081669649731,0.00735875235197549
"types_mixed",300,1,0.5,"BM","mcar",0.3,"ord","macroF1","gnn_off","freq",200,0.0552097870836506,0.0133710444224873
"types_mixed",300,1,0.5,"BM","mcar",0.3,"ord","macroF1","gnn_off_rphylopars","freq",200,0.0567589922927375,0.0134879041718109
"types_mixed",300,1,0.5,"BM","mcar",0.3,"ord","macroF1","floor","freq",200,-0.625998723813566,0.0161582338385064
"types_mixed",1000,1,0.5,"BM","mcar",0.3,"ord","macroF1","bace","freq",100,-0.261014542632182,0.0320402250997125
"types_mixed",1000,1,0.5,"BM","mcar",0.3,"ord","macroF1","freq_lambda","freq",200,-0.000725146198830411,0.000725146198830409
"types_mixed",1000,1,0.5,"BM","mcar",0.3,"ord","macroF1","gnn_on","freq",200,-0.00900420140282043,0.00218168008682532
"types_mixed",1000,1,0.5,"BM","mcar",0.3,"ord","macroF1","gnn_on_full","freq",193,-0.000762071435871879,0.00296597934275048
"types_mixed",1000,1,0.5,"BM","mcar",0.3,"ord","macroF1","gnn_off","freq",200,0.0218660546087696,0.00898874444576903
"types_mixed",1000,1,0.5,"BM","mcar",0.3,"ord","macroF1","gnn_off_rphylopars","freq",200,0.0227060125505485,0.00887113143984579
"types_mixed",1000,1,0.5,"BM","mcar",0.3,"ord","macroF1","floor","freq",200,-0.697107805994882,0.0124539869908505
"types_mixed",100,0.3,0,"BM","mcar",0.3,"bin","n_classes_scored","bace","freq",100,0,0
"types_mixed",100,0.3,0,"BM","mcar",0.3,"bin","n_classes_scored","freq_lambda","freq",200,0,0
"types_mixed",100,0.3,0,"BM","mcar",0.3,"bin","n_classes_scored","gnn_on","freq",200,0,0
"types_mixed",100,0.3,0,"BM","mcar",0.3,"bin","n_classes_scored","gnn_on_full","freq",200,0,0
"types_mixed",100,0.3,0,"BM","mcar",0.3,"bin","n_classes_scored","gnn_off","freq",200,0,0
"types_mixed",100,0.3,0,"BM","mcar",0.3,"bin","n_classes_scored","gnn_off_rphylopars","freq",200,0,0
"types_mixed",100,0.3,0,"BM","mcar",0.3,"bin","n_classes_scored","floor","freq",200,0,0
"types_mixed",300,0.3,0,"BM","mcar",0.3,"bin","n_classes_scored","bace","freq",100,0,0
"types_mixed",300,0.3,0,"BM","mcar",0.3,"bin","n_classes_scored","freq_lambda","freq",200,0,0
"types_mixed",300,0.3,0,"BM","mcar",0.3,"bin","n_classes_scored","gnn_on","freq",200,0,0
"types_mixed",300,0.3,0,"BM","mcar",0.3,"bin","n_classes_scored","gnn_on_full","freq",200,0,0
"types_mixed",300,0.3,0,"BM","mcar",0.3,"bin","n_classes_scored","gnn_off","freq",200,0,0
"types_mixed",300,0.3,0,"BM","mcar",0.3,"bin","n_classes_scored","gnn_off_rphylopars","freq",200,0,0
"types_mixed",300,0.3,0,"BM","mcar",0.3,"bin","n_classes_scored","floor","freq",200,0,0
"types_mixed",1000,0.3,0,"BM","mcar",0.3,"bin","n_classes_scored","bace","freq",100,0,0
"types_mixed",1000,0.3,0,"BM","mcar",0.3,"bin","n_classes_scored","freq_lambda","freq",200,0,0
"types_mixed",1000,0.3,0,"BM","mcar",0.3,"bin","n_classes_scored","gnn_on","freq",200,0,0
"types_mixed",1000,0.3,0,"BM","mcar",0.3,"bin","n_classes_scored","gnn_on_full","freq",200,0,0
"types_mixed",1000,0.3,0,"BM","mcar",0.3,"bin","n_classes_scored","gnn_off","freq",200,0,0
"types_mixed",1000,0.3,0,"BM","mcar",0.3,"bin","n_classes_scored","gnn_off_rphylopars","freq",200,0,0
"types_mixed",1000,0.3,0,"BM","mcar",0.3,"bin","n_classes_scored","floor","freq",200,0,0
"types_mixed",100,0.7,0,"BM","mcar",0.3,"bin","n_classes_scored","bace","freq",100,0,0
"types_mixed",100,0.7,0,"BM","mcar",0.3,"bin","n_classes_scored","freq_lambda","freq",200,0,0
"types_mixed",100,0.7,0,"BM","mcar",0.3,"bin","n_classes_scored","gnn_on","freq",200,0,0
"types_mixed",100,0.7,0,"BM","mcar",0.3,"bin","n_classes_scored","gnn_on_full","freq",200,0,0
"types_mixed",100,0.7,0,"BM","mcar",0.3,"bin","n_classes_scored","gnn_off","freq",200,0,0
"types_mixed",100,0.7,0,"BM","mcar",0.3,"bin","n_classes_scored","gnn_off_rphylopars","freq",200,0,0
"types_mixed",100,0.7,0,"BM","mcar",0.3,"bin","n_classes_scored","floor","freq",200,0,0
"types_mixed",300,0.7,0,"BM","mcar",0.3,"bin","n_classes_scored","bace","freq",100,0,0
"types_mixed",300,0.7,0,"BM","mcar",0.3,"bin","n_classes_scored","freq_lambda","freq",200,0,0
"types_mixed",300,0.7,0,"BM","mcar",0.3,"bin","n_classes_scored","gnn_on","freq",200,0,0
"types_mixed",300,0.7,0,"BM","mcar",0.3,"bin","n_classes_scored","gnn_on_full","freq",200,0,0
"types_mixed",300,0.7,0,"BM","mcar",0.3,"bin","n_classes_scored","gnn_off","freq",200,0,0
"types_mixed",300,0.7,0,"BM","mcar",0.3,"bin","n_classes_scored","gnn_off_rphylopars","freq",200,0,0
"types_mixed",300,0.7,0,"BM","mcar",0.3,"bin","n_classes_scored","floor","freq",200,0,0
"types_mixed",1000,0.7,0,"BM","mcar",0.3,"bin","n_classes_scored","bace","freq",100,0,0
"types_mixed",1000,0.7,0,"BM","mcar",0.3,"bin","n_classes_scored","freq_lambda","freq",200,0,0
"types_mixed",1000,0.7,0,"BM","mcar",0.3,"bin","n_classes_scored","gnn_on","freq",200,0,0
"types_mixed",1000,0.7,0,"BM","mcar",0.3,"bin","n_classes_scored","gnn_on_full","freq",200,0,0
"types_mixed",1000,0.7,0,"BM","mcar",0.3,"bin","n_classes_scored","gnn_off","freq",200,0,0
"types_mixed",1000,0.7,0,"BM","mcar",0.3,"bin","n_classes_scored","gnn_off_rphylopars","freq",200,0,0
"types_mixed",1000,0.7,0,"BM","mcar",0.3,"bin","n_classes_scored","floor","freq",200,0,0
"types_mixed",100,1,0,"BM","mcar",0.3,"bin","n_classes_scored","bace","freq",100,0,0
"types_mixed",100,1,0,"BM","mcar",0.3,"bin","n_classes_scored","freq_lambda","freq",200,0,0
"types_mixed",100,1,0,"BM","mcar",0.3,"bin","n_classes_scored","gnn_on","freq",200,0,0
"types_mixed",100,1,0,"BM","mcar",0.3,"bin","n_classes_scored","gnn_on_full","freq",185,0,0
"types_mixed",100,1,0,"BM","mcar",0.3,"bin","n_classes_scored","gnn_off","freq",200,0,0
"types_mixed",100,1,0,"BM","mcar",0.3,"bin","n_classes_scored","gnn_off_rphylopars","freq",200,0,0
"types_mixed",100,1,0,"BM","mcar",0.3,"bin","n_classes_scored","floor","freq",200,0,0
"types_mixed",300,1,0,"BM","mcar",0.3,"bin","n_classes_scored","bace","freq",100,0,0
"types_mixed",300,1,0,"BM","mcar",0.3,"bin","n_classes_scored","freq_lambda","freq",200,0,0
"types_mixed",300,1,0,"BM","mcar",0.3,"bin","n_classes_scored","gnn_on","freq",200,0,0
"types_mixed",300,1,0,"BM","mcar",0.3,"bin","n_classes_scored","gnn_on_full","freq",186,0,0
"types_mixed",300,1,0,"BM","mcar",0.3,"bin","n_classes_scored","gnn_off","freq",200,0,0
"types_mixed",300,1,0,"BM","mcar",0.3,"bin","n_classes_scored","gnn_off_rphylopars","freq",200,0,0
"types_mixed",300,1,0,"BM","mcar",0.3,"bin","n_classes_scored","floor","freq",200,0,0
"types_mixed",1000,1,0,"BM","mcar",0.3,"bin","n_classes_scored","bace","freq",93,0,0
"types_mixed",1000,1,0,"BM","mcar",0.3,"bin","n_classes_scored","freq_lambda","freq",200,0,0
"types_mixed",1000,1,0,"BM","mcar",0.3,"bin","n_classes_scored","gnn_on","freq",200,0,0
"types_mixed",1000,1,0,"BM","mcar",0.3,"bin","n_classes_scored","gnn_on_full","freq",191,0,0
"types_mixed",1000,1,0,"BM","mcar",0.3,"bin","n_classes_scored","gnn_off","freq",200,0,0
"types_mixed",1000,1,0,"BM","mcar",0.3,"bin","n_classes_scored","gnn_off_rphylopars","freq",200,0,0
"types_mixed",1000,1,0,"BM","mcar",0.3,"bin","n_classes_scored","floor","freq",200,0,0
"types_mixed",100,0.3,0.5,"BM","mcar",0.3,"bin","n_classes_scored","bace","freq",100,0,0
"types_mixed",100,0.3,0.5,"BM","mcar",0.3,"bin","n_classes_scored","freq_lambda","freq",200,0,0
"types_mixed",100,0.3,0.5,"BM","mcar",0.3,"bin","n_classes_scored","gnn_on","freq",200,0,0
"types_mixed",100,0.3,0.5,"BM","mcar",0.3,"bin","n_classes_scored","gnn_on_full","freq",200,0,0
"types_mixed",100,0.3,0.5,"BM","mcar",0.3,"bin","n_classes_scored","gnn_off","freq",200,0,0
"types_mixed",100,0.3,0.5,"BM","mcar",0.3,"bin","n_classes_scored","gnn_off_rphylopars","freq",200,0,0
"types_mixed",100,0.3,0.5,"BM","mcar",0.3,"bin","n_classes_scored","floor","freq",200,0,0
"types_mixed",300,0.3,0.5,"BM","mcar",0.3,"bin","n_classes_scored","bace","freq",100,0,0
"types_mixed",300,0.3,0.5,"BM","mcar",0.3,"bin","n_classes_scored","freq_lambda","freq",200,0,0
"types_mixed",300,0.3,0.5,"BM","mcar",0.3,"bin","n_classes_scored","gnn_on","freq",200,0,0
"types_mixed",300,0.3,0.5,"BM","mcar",0.3,"bin","n_classes_scored","gnn_on_full","freq",200,0,0
"types_mixed",300,0.3,0.5,"BM","mcar",0.3,"bin","n_classes_scored","gnn_off","freq",200,0,0
"types_mixed",300,0.3,0.5,"BM","mcar",0.3,"bin","n_classes_scored","gnn_off_rphylopars","freq",200,0,0
"types_mixed",300,0.3,0.5,"BM","mcar",0.3,"bin","n_classes_scored","floor","freq",200,0,0
"types_mixed",1000,0.3,0.5,"BM","mcar",0.3,"bin","n_classes_scored","bace","freq",97,0,0
"types_mixed",1000,0.3,0.5,"BM","mcar",0.3,"bin","n_classes_scored","freq_lambda","freq",200,0,0
"types_mixed",1000,0.3,0.5,"BM","mcar",0.3,"bin","n_classes_scored","gnn_on","freq",200,0,0
"types_mixed",1000,0.3,0.5,"BM","mcar",0.3,"bin","n_classes_scored","gnn_on_full","freq",200,0,0
"types_mixed",1000,0.3,0.5,"BM","mcar",0.3,"bin","n_classes_scored","gnn_off","freq",200,0,0
"types_mixed",1000,0.3,0.5,"BM","mcar",0.3,"bin","n_classes_scored","gnn_off_rphylopars","freq",200,0,0
"types_mixed",1000,0.3,0.5,"BM","mcar",0.3,"bin","n_classes_scored","floor","freq",200,0,0
"types_mixed",100,0.7,0.5,"BM","mcar",0.3,"bin","n_classes_scored","bace","freq",97,0,0
"types_mixed",100,0.7,0.5,"BM","mcar",0.3,"bin","n_classes_scored","freq_lambda","freq",200,0,0
"types_mixed",100,0.7,0.5,"BM","mcar",0.3,"bin","n_classes_scored","gnn_on","freq",200,0,0
"types_mixed",100,0.7,0.5,"BM","mcar",0.3,"bin","n_classes_scored","gnn_on_full","freq",200,0,0
"types_mixed",100,0.7,0.5,"BM","mcar",0.3,"bin","n_classes_scored","gnn_off","freq",200,0,0
"types_mixed",100,0.7,0.5,"BM","mcar",0.3,"bin","n_classes_scored","gnn_off_rphylopars","freq",200,0,0
"types_mixed",100,0.7,0.5,"BM","mcar",0.3,"bin","n_classes_scored","floor","freq",200,0,0
"types_mixed",300,0.7,0.5,"BM","mcar",0.3,"bin","n_classes_scored","bace","freq",99,0,0
"types_mixed",300,0.7,0.5,"BM","mcar",0.3,"bin","n_classes_scored","freq_lambda","freq",200,0,0
"types_mixed",300,0.7,0.5,"BM","mcar",0.3,"bin","n_classes_scored","gnn_on","freq",200,0,0
"types_mixed",300,0.7,0.5,"BM","mcar",0.3,"bin","n_classes_scored","gnn_on_full","freq",200,0,0
"types_mixed",300,0.7,0.5,"BM","mcar",0.3,"bin","n_classes_scored","gnn_off","freq",200,0,0
"types_mixed",300,0.7,0.5,"BM","mcar",0.3,"bin","n_classes_scored","gnn_off_rphylopars","freq",200,0,0
"types_mixed",300,0.7,0.5,"BM","mcar",0.3,"bin","n_classes_scored","floor","freq",200,0,0
"types_mixed",1000,0.7,0.5,"BM","mcar",0.3,"bin","n_classes_scored","bace","freq",90,0,0
"types_mixed",1000,0.7,0.5,"BM","mcar",0.3,"bin","n_classes_scored","freq_lambda","freq",200,0,0
"types_mixed",1000,0.7,0.5,"BM","mcar",0.3,"bin","n_classes_scored","gnn_on","freq",200,0,0
"types_mixed",1000,0.7,0.5,"BM","mcar",0.3,"bin","n_classes_scored","gnn_on_full","freq",200,0,0
"types_mixed",1000,0.7,0.5,"BM","mcar",0.3,"bin","n_classes_scored","gnn_off","freq",200,0,0
"types_mixed",1000,0.7,0.5,"BM","mcar",0.3,"bin","n_classes_scored","gnn_off_rphylopars","freq",200,0,0
"types_mixed",1000,0.7,0.5,"BM","mcar",0.3,"bin","n_classes_scored","floor","freq",200,0,0
"types_mixed",100,1,0.5,"BM","mcar",0.3,"bin","n_classes_scored","bace","freq",100,0,0
"types_mixed",100,1,0.5,"BM","mcar",0.3,"bin","n_classes_scored","freq_lambda","freq",200,0,0
"types_mixed",100,1,0.5,"BM","mcar",0.3,"bin","n_classes_scored","gnn_on","freq",200,0,0
"types_mixed",100,1,0.5,"BM","mcar",0.3,"bin","n_classes_scored","gnn_on_full","freq",183,0,0
"types_mixed",100,1,0.5,"BM","mcar",0.3,"bin","n_classes_scored","gnn_off","freq",200,0,0
"types_mixed",100,1,0.5,"BM","mcar",0.3,"bin","n_classes_scored","gnn_off_rphylopars","freq",200,0,0
"types_mixed",100,1,0.5,"BM","mcar",0.3,"bin","n_classes_scored","floor","freq",200,0,0
"types_mixed",300,1,0.5,"BM","mcar",0.3,"bin","n_classes_scored","bace","freq",100,0,0
"types_mixed",300,1,0.5,"BM","mcar",0.3,"bin","n_classes_scored","freq_lambda","freq",200,0,0
"types_mixed",300,1,0.5,"BM","mcar",0.3,"bin","n_classes_scored","gnn_on","freq",200,0,0
"types_mixed",300,1,0.5,"BM","mcar",0.3,"bin","n_classes_scored","gnn_on_full","freq",185,0,0
"types_mixed",300,1,0.5,"BM","mcar",0.3,"bin","n_classes_scored","gnn_off","freq",200,0,0
"types_mixed",300,1,0.5,"BM","mcar",0.3,"bin","n_classes_scored","gnn_off_rphylopars","freq",200,0,0
"types_mixed",300,1,0.5,"BM","mcar",0.3,"bin","n_classes_scored","floor","freq",200,0,0
"types_mixed",1000,1,0.5,"BM","mcar",0.3,"bin","n_classes_scored","bace","freq",100,0,0
"types_mixed",1000,1,0.5,"BM","mcar",0.3,"bin","n_classes_scored","freq_lambda","freq",200,0,0
"types_mixed",1000,1,0.5,"BM","mcar",0.3,"bin","n_classes_scored","gnn_on","freq",200,0,0
"types_mixed",1000,1,0.5,"BM","mcar",0.3,"bin","n_classes_scored","gnn_on_full","freq",193,0,0
"types_mixed",1000,1,0.5,"BM","mcar",0.3,"bin","n_classes_scored","gnn_off","freq",200,0,0
"types_mixed",1000,1,0.5,"BM","mcar",0.3,"bin","n_classes_scored","gnn_off_rphylopars","freq",200,0,0
"types_mixed",1000,1,0.5,"BM","mcar",0.3,"bin","n_classes_scored","floor","freq",200,0,0
"types_mixed",100,0.3,0,"BM","mcar",0.3,"cat3","n_classes_scored","bace","freq",100,0,0
"types_mixed",100,0.3,0,"BM","mcar",0.3,"cat3","n_classes_scored","freq_lambda","freq",200,0,0
"types_mixed",100,0.3,0,"BM","mcar",0.3,"cat3","n_classes_scored","gnn_on","freq",200,0,0
"types_mixed",100,0.3,0,"BM","mcar",0.3,"cat3","n_classes_scored","gnn_on_full","freq",200,0,0
"types_mixed",100,0.3,0,"BM","mcar",0.3,"cat3","n_classes_scored","gnn_off","freq",200,0,0
"types_mixed",100,0.3,0,"BM","mcar",0.3,"cat3","n_classes_scored","gnn_off_rphylopars","freq",200,0,0
"types_mixed",100,0.3,0,"BM","mcar",0.3,"cat3","n_classes_scored","floor","freq",200,0,0
"types_mixed",300,0.3,0,"BM","mcar",0.3,"cat3","n_classes_scored","bace","freq",100,0,0
"types_mixed",300,0.3,0,"BM","mcar",0.3,"cat3","n_classes_scored","freq_lambda","freq",200,0,0
"types_mixed",300,0.3,0,"BM","mcar",0.3,"cat3","n_classes_scored","gnn_on","freq",200,0,0
"types_mixed",300,0.3,0,"BM","mcar",0.3,"cat3","n_classes_scored","gnn_on_full","freq",200,0,0
"types_mixed",300,0.3,0,"BM","mcar",0.3,"cat3","n_classes_scored","gnn_off","freq",200,0,0
"types_mixed",300,0.3,0,"BM","mcar",0.3,"cat3","n_classes_scored","gnn_off_rphylopars","freq",200,0,0
"types_mixed",300,0.3,0,"BM","mcar",0.3,"cat3","n_classes_scored","floor","freq",200,0,0
"types_mixed",1000,0.3,0,"BM","mcar",0.3,"cat3","n_classes_scored","bace","freq",100,0,0
"types_mixed",1000,0.3,0,"BM","mcar",0.3,"cat3","n_classes_scored","freq_lambda","freq",200,0,0
"types_mixed",1000,0.3,0,"BM","mcar",0.3,"cat3","n_classes_scored","gnn_on","freq",200,0,0
"types_mixed",1000,0.3,0,"BM","mcar",0.3,"cat3","n_classes_scored","gnn_on_full","freq",200,0,0
"types_mixed",1000,0.3,0,"BM","mcar",0.3,"cat3","n_classes_scored","gnn_off","freq",200,0,0
"types_mixed",1000,0.3,0,"BM","mcar",0.3,"cat3","n_classes_scored","gnn_off_rphylopars","freq",200,0,0
"types_mixed",1000,0.3,0,"BM","mcar",0.3,"cat3","n_classes_scored","floor","freq",200,0,0
"types_mixed",100,0.7,0,"BM","mcar",0.3,"cat3","n_classes_scored","bace","freq",100,0,0
"types_mixed",100,0.7,0,"BM","mcar",0.3,"cat3","n_classes_scored","freq_lambda","freq",200,0,0
"types_mixed",100,0.7,0,"BM","mcar",0.3,"cat3","n_classes_scored","gnn_on","freq",200,0,0
"types_mixed",100,0.7,0,"BM","mcar",0.3,"cat3","n_classes_scored","gnn_on_full","freq",200,0,0
"types_mixed",100,0.7,0,"BM","mcar",0.3,"cat3","n_classes_scored","gnn_off","freq",200,0,0
"types_mixed",100,0.7,0,"BM","mcar",0.3,"cat3","n_classes_scored","gnn_off_rphylopars","freq",200,0,0
"types_mixed",100,0.7,0,"BM","mcar",0.3,"cat3","n_classes_scored","floor","freq",200,0,0
"types_mixed",300,0.7,0,"BM","mcar",0.3,"cat3","n_classes_scored","bace","freq",100,0,0
"types_mixed",300,0.7,0,"BM","mcar",0.3,"cat3","n_classes_scored","freq_lambda","freq",200,0,0
"types_mixed",300,0.7,0,"BM","mcar",0.3,"cat3","n_classes_scored","gnn_on","freq",200,0,0
"types_mixed",300,0.7,0,"BM","mcar",0.3,"cat3","n_classes_scored","gnn_on_full","freq",200,0,0
"types_mixed",300,0.7,0,"BM","mcar",0.3,"cat3","n_classes_scored","gnn_off","freq",200,0,0
"types_mixed",300,0.7,0,"BM","mcar",0.3,"cat3","n_classes_scored","gnn_off_rphylopars","freq",200,0,0
"types_mixed",300,0.7,0,"BM","mcar",0.3,"cat3","n_classes_scored","floor","freq",200,0,0
"types_mixed",1000,0.7,0,"BM","mcar",0.3,"cat3","n_classes_scored","bace","freq",100,0,0
"types_mixed",1000,0.7,0,"BM","mcar",0.3,"cat3","n_classes_scored","freq_lambda","freq",200,0,0
"types_mixed",1000,0.7,0,"BM","mcar",0.3,"cat3","n_classes_scored","gnn_on","freq",200,0,0
"types_mixed",1000,0.7,0,"BM","mcar",0.3,"cat3","n_classes_scored","gnn_on_full","freq",200,0,0
"types_mixed",1000,0.7,0,"BM","mcar",0.3,"cat3","n_classes_scored","gnn_off","freq",200,0,0
"types_mixed",1000,0.7,0,"BM","mcar",0.3,"cat3","n_classes_scored","gnn_off_rphylopars","freq",200,0,0
"types_mixed",1000,0.7,0,"BM","mcar",0.3,"cat3","n_classes_scored","floor","freq",200,0,0
"types_mixed",100,1,0,"BM","mcar",0.3,"cat3","n_classes_scored","bace","freq",100,0,0
"types_mixed",100,1,0,"BM","mcar",0.3,"cat3","n_classes_scored","freq_lambda","freq",200,0,0
"types_mixed",100,1,0,"BM","mcar",0.3,"cat3","n_classes_scored","gnn_on","freq",200,0,0
"types_mixed",100,1,0,"BM","mcar",0.3,"cat3","n_classes_scored","gnn_on_full","freq",185,0,0
"types_mixed",100,1,0,"BM","mcar",0.3,"cat3","n_classes_scored","gnn_off","freq",200,0,0
"types_mixed",100,1,0,"BM","mcar",0.3,"cat3","n_classes_scored","gnn_off_rphylopars","freq",200,0,0
"types_mixed",100,1,0,"BM","mcar",0.3,"cat3","n_classes_scored","floor","freq",200,0,0
"types_mixed",300,1,0,"BM","mcar",0.3,"cat3","n_classes_scored","bace","freq",100,0,0
"types_mixed",300,1,0,"BM","mcar",0.3,"cat3","n_classes_scored","freq_lambda","freq",200,0,0
"types_mixed",300,1,0,"BM","mcar",0.3,"cat3","n_classes_scored","gnn_on","freq",200,0,0
"types_mixed",300,1,0,"BM","mcar",0.3,"cat3","n_classes_scored","gnn_on_full","freq",186,0,0
"types_mixed",300,1,0,"BM","mcar",0.3,"cat3","n_classes_scored","gnn_off","freq",200,0,0
"types_mixed",300,1,0,"BM","mcar",0.3,"cat3","n_classes_scored","gnn_off_rphylopars","freq",200,0,0
"types_mixed",300,1,0,"BM","mcar",0.3,"cat3","n_classes_scored","floor","freq",200,0,0
"types_mixed",1000,1,0,"BM","mcar",0.3,"cat3","n_classes_scored","bace","freq",93,0,0
"types_mixed",1000,1,0,"BM","mcar",0.3,"cat3","n_classes_scored","freq_lambda","freq",200,0,0
"types_mixed",1000,1,0,"BM","mcar",0.3,"cat3","n_classes_scored","gnn_on","freq",200,0,0
"types_mixed",1000,1,0,"BM","mcar",0.3,"cat3","n_classes_scored","gnn_on_full","freq",191,0,0
"types_mixed",1000,1,0,"BM","mcar",0.3,"cat3","n_classes_scored","gnn_off","freq",200,0,0
"types_mixed",1000,1,0,"BM","mcar",0.3,"cat3","n_classes_scored","gnn_off_rphylopars","freq",200,0,0
"types_mixed",1000,1,0,"BM","mcar",0.3,"cat3","n_classes_scored","floor","freq",200,0,0
"types_mixed",100,0.3,0.5,"BM","mcar",0.3,"cat3","n_classes_scored","bace","freq",100,0,0
"types_mixed",100,0.3,0.5,"BM","mcar",0.3,"cat3","n_classes_scored","freq_lambda","freq",200,0,0
"types_mixed",100,0.3,0.5,"BM","mcar",0.3,"cat3","n_classes_scored","gnn_on","freq",200,0,0
"types_mixed",100,0.3,0.5,"BM","mcar",0.3,"cat3","n_classes_scored","gnn_on_full","freq",200,0,0
"types_mixed",100,0.3,0.5,"BM","mcar",0.3,"cat3","n_classes_scored","gnn_off","freq",200,0,0
"types_mixed",100,0.3,0.5,"BM","mcar",0.3,"cat3","n_classes_scored","gnn_off_rphylopars","freq",200,0,0
"types_mixed",100,0.3,0.5,"BM","mcar",0.3,"cat3","n_classes_scored","floor","freq",200,0,0
"types_mixed",300,0.3,0.5,"BM","mcar",0.3,"cat3","n_classes_scored","bace","freq",100,0,0
"types_mixed",300,0.3,0.5,"BM","mcar",0.3,"cat3","n_classes_scored","freq_lambda","freq",200,0,0
"types_mixed",300,0.3,0.5,"BM","mcar",0.3,"cat3","n_classes_scored","gnn_on","freq",200,0,0
"types_mixed",300,0.3,0.5,"BM","mcar",0.3,"cat3","n_classes_scored","gnn_on_full","freq",200,0,0
"types_mixed",300,0.3,0.5,"BM","mcar",0.3,"cat3","n_classes_scored","gnn_off","freq",200,0,0
"types_mixed",300,0.3,0.5,"BM","mcar",0.3,"cat3","n_classes_scored","gnn_off_rphylopars","freq",200,0,0
"types_mixed",300,0.3,0.5,"BM","mcar",0.3,"cat3","n_classes_scored","floor","freq",200,0,0
"types_mixed",1000,0.3,0.5,"BM","mcar",0.3,"cat3","n_classes_scored","bace","freq",97,0,0
"types_mixed",1000,0.3,0.5,"BM","mcar",0.3,"cat3","n_classes_scored","freq_lambda","freq",200,0,0
"types_mixed",1000,0.3,0.5,"BM","mcar",0.3,"cat3","n_classes_scored","gnn_on","freq",200,0,0
"types_mixed",1000,0.3,0.5,"BM","mcar",0.3,"cat3","n_classes_scored","gnn_on_full","freq",200,0,0
"types_mixed",1000,0.3,0.5,"BM","mcar",0.3,"cat3","n_classes_scored","gnn_off","freq",200,0,0
"types_mixed",1000,0.3,0.5,"BM","mcar",0.3,"cat3","n_classes_scored","gnn_off_rphylopars","freq",200,0,0
"types_mixed",1000,0.3,0.5,"BM","mcar",0.3,"cat3","n_classes_scored","floor","freq",200,0,0
"types_mixed",100,0.7,0.5,"BM","mcar",0.3,"cat3","n_classes_scored","bace","freq",97,0,0
"types_mixed",100,0.7,0.5,"BM","mcar",0.3,"cat3","n_classes_scored","freq_lambda","freq",200,0,0
"types_mixed",100,0.7,0.5,"BM","mcar",0.3,"cat3","n_classes_scored","gnn_on","freq",200,0,0
"types_mixed",100,0.7,0.5,"BM","mcar",0.3,"cat3","n_classes_scored","gnn_on_full","freq",200,0,0
"types_mixed",100,0.7,0.5,"BM","mcar",0.3,"cat3","n_classes_scored","gnn_off","freq",200,0,0
"types_mixed",100,0.7,0.5,"BM","mcar",0.3,"cat3","n_classes_scored","gnn_off_rphylopars","freq",200,0,0
"types_mixed",100,0.7,0.5,"BM","mcar",0.3,"cat3","n_classes_scored","floor","freq",200,0,0
"types_mixed",300,0.7,0.5,"BM","mcar",0.3,"cat3","n_classes_scored","bace","freq",99,0,0
"types_mixed",300,0.7,0.5,"BM","mcar",0.3,"cat3","n_classes_scored","freq_lambda","freq",200,0,0
"types_mixed",300,0.7,0.5,"BM","mcar",0.3,"cat3","n_classes_scored","gnn_on","freq",200,0,0
"types_mixed",300,0.7,0.5,"BM","mcar",0.3,"cat3","n_classes_scored","gnn_on_full","freq",200,0,0
"types_mixed",300,0.7,0.5,"BM","mcar",0.3,"cat3","n_classes_scored","gnn_off","freq",200,0,0
"types_mixed",300,0.7,0.5,"BM","mcar",0.3,"cat3","n_classes_scored","gnn_off_rphylopars","freq",200,0,0
"types_mixed",300,0.7,0.5,"BM","mcar",0.3,"cat3","n_classes_scored","floor","freq",200,0,0
"types_mixed",1000,0.7,0.5,"BM","mcar",0.3,"cat3","n_classes_scored","bace","freq",90,0,0
"types_mixed",1000,0.7,0.5,"BM","mcar",0.3,"cat3","n_classes_scored","freq_lambda","freq",200,0,0
"types_mixed",1000,0.7,0.5,"BM","mcar",0.3,"cat3","n_classes_scored","gnn_on","freq",200,0,0
"types_mixed",1000,0.7,0.5,"BM","mcar",0.3,"cat3","n_classes_scored","gnn_on_full","freq",200,0,0
"types_mixed",1000,0.7,0.5,"BM","mcar",0.3,"cat3","n_classes_scored","gnn_off","freq",200,0,0
"types_mixed",1000,0.7,0.5,"BM","mcar",0.3,"cat3","n_classes_scored","gnn_off_rphylopars","freq",200,0,0
"types_mixed",1000,0.7,0.5,"BM","mcar",0.3,"cat3","n_classes_scored","floor","freq",200,0,0
"types_mixed",100,1,0.5,"BM","mcar",0.3,"cat3","n_classes_scored","bace","freq",100,0,0
"types_mixed",100,1,0.5,"BM","mcar",0.3,"cat3","n_classes_scored","freq_lambda","freq",200,0,0
"types_mixed",100,1,0.5,"BM","mcar",0.3,"cat3","n_classes_scored","gnn_on","freq",200,0,0
"types_mixed",100,1,0.5,"BM","mcar",0.3,"cat3","n_classes_scored","gnn_on_full","freq",183,0,0
"types_mixed",100,1,0.5,"BM","mcar",0.3,"cat3","n_classes_scored","gnn_off","freq",200,0,0
"types_mixed",100,1,0.5,"BM","mcar",0.3,"cat3","n_classes_scored","gnn_off_rphylopars","freq",200,0,0
"types_mixed",100,1,0.5,"BM","mcar",0.3,"cat3","n_classes_scored","floor","freq",200,0,0
"types_mixed",300,1,0.5,"BM","mcar",0.3,"cat3","n_classes_scored","bace","freq",100,0,0
"types_mixed",300,1,0.5,"BM","mcar",0.3,"cat3","n_classes_scored","freq_lambda","freq",200,0,0
"types_mixed",300,1,0.5,"BM","mcar",0.3,"cat3","n_classes_scored","gnn_on","freq",200,0,0
"types_mixed",300,1,0.5,"BM","mcar",0.3,"cat3","n_classes_scored","gnn_on_full","freq",185,0,0
"types_mixed",300,1,0.5,"BM","mcar",0.3,"cat3","n_classes_scored","gnn_off","freq",200,0,0
"types_mixed",300,1,0.5,"BM","mcar",0.3,"cat3","n_classes_scored","gnn_off_rphylopars","freq",200,0,0
"types_mixed",300,1,0.5,"BM","mcar",0.3,"cat3","n_classes_scored","floor","freq",200,0,0
"types_mixed",1000,1,0.5,"BM","mcar",0.3,"cat3","n_classes_scored","bace","freq",100,0,0
"types_mixed",1000,1,0.5,"BM","mcar",0.3,"cat3","n_classes_scored","freq_lambda","freq",200,0,0
"types_mixed",1000,1,0.5,"BM","mcar",0.3,"cat3","n_classes_scored","gnn_on","freq",200,0,0
"types_mixed",1000,1,0.5,"BM","mcar",0.3,"cat3","n_classes_scored","gnn_on_full","freq",193,0,0
"types_mixed",1000,1,0.5,"BM","mcar",0.3,"cat3","n_classes_scored","gnn_off","freq",200,0,0
"types_mixed",1000,1,0.5,"BM","mcar",0.3,"cat3","n_classes_scored","gnn_off_rphylopars","freq",200,0,0
"types_mixed",1000,1,0.5,"BM","mcar",0.3,"cat3","n_classes_scored","floor","freq",200,0,0
"types_mixed",100,0.3,0,"BM","mcar",0.3,"ord","n_classes_scored","bace","freq",100,0,0
"types_mixed",100,0.3,0,"BM","mcar",0.3,"ord","n_classes_scored","freq_lambda","freq",200,0,0
"types_mixed",100,0.3,0,"BM","mcar",0.3,"ord","n_classes_scored","gnn_on","freq",200,0,0
"types_mixed",100,0.3,0,"BM","mcar",0.3,"ord","n_classes_scored","gnn_on_full","freq",200,0,0
"types_mixed",100,0.3,0,"BM","mcar",0.3,"ord","n_classes_scored","gnn_off","freq",200,0,0
"types_mixed",100,0.3,0,"BM","mcar",0.3,"ord","n_classes_scored","gnn_off_rphylopars","freq",200,0,0
"types_mixed",100,0.3,0,"BM","mcar",0.3,"ord","n_classes_scored","floor","freq",200,0,0
"types_mixed",300,0.3,0,"BM","mcar",0.3,"ord","n_classes_scored","bace","freq",100,0,0
"types_mixed",300,0.3,0,"BM","mcar",0.3,"ord","n_classes_scored","freq_lambda","freq",200,0,0
"types_mixed",300,0.3,0,"BM","mcar",0.3,"ord","n_classes_scored","gnn_on","freq",200,0,0
"types_mixed",300,0.3,0,"BM","mcar",0.3,"ord","n_classes_scored","gnn_on_full","freq",200,0,0
"types_mixed",300,0.3,0,"BM","mcar",0.3,"ord","n_classes_scored","gnn_off","freq",200,0,0
"types_mixed",300,0.3,0,"BM","mcar",0.3,"ord","n_classes_scored","gnn_off_rphylopars","freq",200,0,0
"types_mixed",300,0.3,0,"BM","mcar",0.3,"ord","n_classes_scored","floor","freq",200,0,0
"types_mixed",1000,0.3,0,"BM","mcar",0.3,"ord","n_classes_scored","bace","freq",100,0,0
"types_mixed",1000,0.3,0,"BM","mcar",0.3,"ord","n_classes_scored","freq_lambda","freq",200,0,0
"types_mixed",1000,0.3,0,"BM","mcar",0.3,"ord","n_classes_scored","gnn_on","freq",200,0,0
"types_mixed",1000,0.3,0,"BM","mcar",0.3,"ord","n_classes_scored","gnn_on_full","freq",200,0,0
"types_mixed",1000,0.3,0,"BM","mcar",0.3,"ord","n_classes_scored","gnn_off","freq",200,0,0
"types_mixed",1000,0.3,0,"BM","mcar",0.3,"ord","n_classes_scored","gnn_off_rphylopars","freq",200,0,0
"types_mixed",1000,0.3,0,"BM","mcar",0.3,"ord","n_classes_scored","floor","freq",200,0,0
"types_mixed",100,0.7,0,"BM","mcar",0.3,"ord","n_classes_scored","bace","freq",100,0,0
"types_mixed",100,0.7,0,"BM","mcar",0.3,"ord","n_classes_scored","freq_lambda","freq",200,0,0
"types_mixed",100,0.7,0,"BM","mcar",0.3,"ord","n_classes_scored","gnn_on","freq",200,0,0
"types_mixed",100,0.7,0,"BM","mcar",0.3,"ord","n_classes_scored","gnn_on_full","freq",200,0,0
"types_mixed",100,0.7,0,"BM","mcar",0.3,"ord","n_classes_scored","gnn_off","freq",200,0,0
"types_mixed",100,0.7,0,"BM","mcar",0.3,"ord","n_classes_scored","gnn_off_rphylopars","freq",200,0,0
"types_mixed",100,0.7,0,"BM","mcar",0.3,"ord","n_classes_scored","floor","freq",200,0,0
"types_mixed",300,0.7,0,"BM","mcar",0.3,"ord","n_classes_scored","bace","freq",100,0,0
"types_mixed",300,0.7,0,"BM","mcar",0.3,"ord","n_classes_scored","freq_lambda","freq",200,0,0
"types_mixed",300,0.7,0,"BM","mcar",0.3,"ord","n_classes_scored","gnn_on","freq",200,0,0
"types_mixed",300,0.7,0,"BM","mcar",0.3,"ord","n_classes_scored","gnn_on_full","freq",200,0,0
"types_mixed",300,0.7,0,"BM","mcar",0.3,"ord","n_classes_scored","gnn_off","freq",200,0,0
"types_mixed",300,0.7,0,"BM","mcar",0.3,"ord","n_classes_scored","gnn_off_rphylopars","freq",200,0,0
"types_mixed",300,0.7,0,"BM","mcar",0.3,"ord","n_classes_scored","floor","freq",200,0,0
"types_mixed",1000,0.7,0,"BM","mcar",0.3,"ord","n_classes_scored","bace","freq",100,0,0
"types_mixed",1000,0.7,0,"BM","mcar",0.3,"ord","n_classes_scored","freq_lambda","freq",200,0,0
"types_mixed",1000,0.7,0,"BM","mcar",0.3,"ord","n_classes_scored","gnn_on","freq",200,0,0
"types_mixed",1000,0.7,0,"BM","mcar",0.3,"ord","n_classes_scored","gnn_on_full","freq",200,0,0
"types_mixed",1000,0.7,0,"BM","mcar",0.3,"ord","n_classes_scored","gnn_off","freq",200,0,0
"types_mixed",1000,0.7,0,"BM","mcar",0.3,"ord","n_classes_scored","gnn_off_rphylopars","freq",200,0,0
"types_mixed",1000,0.7,0,"BM","mcar",0.3,"ord","n_classes_scored","floor","freq",200,0,0
"types_mixed",100,1,0,"BM","mcar",0.3,"ord","n_classes_scored","bace","freq",100,0,0
"types_mixed",100,1,0,"BM","mcar",0.3,"ord","n_classes_scored","freq_lambda","freq",200,0,0
"types_mixed",100,1,0,"BM","mcar",0.3,"ord","n_classes_scored","gnn_on","freq",200,0,0
"types_mixed",100,1,0,"BM","mcar",0.3,"ord","n_classes_scored","gnn_on_full","freq",185,0,0
"types_mixed",100,1,0,"BM","mcar",0.3,"ord","n_classes_scored","gnn_off","freq",200,0,0
"types_mixed",100,1,0,"BM","mcar",0.3,"ord","n_classes_scored","gnn_off_rphylopars","freq",200,0,0
"types_mixed",100,1,0,"BM","mcar",0.3,"ord","n_classes_scored","floor","freq",200,0,0
"types_mixed",300,1,0,"BM","mcar",0.3,"ord","n_classes_scored","bace","freq",100,0,0
"types_mixed",300,1,0,"BM","mcar",0.3,"ord","n_classes_scored","freq_lambda","freq",200,0,0
"types_mixed",300,1,0,"BM","mcar",0.3,"ord","n_classes_scored","gnn_on","freq",200,0,0
"types_mixed",300,1,0,"BM","mcar",0.3,"ord","n_classes_scored","gnn_on_full","freq",186,0,0
"types_mixed",300,1,0,"BM","mcar",0.3,"ord","n_classes_scored","gnn_off","freq",200,0,0
"types_mixed",300,1,0,"BM","mcar",0.3,"ord","n_classes_scored","gnn_off_rphylopars","freq",200,0,0
"types_mixed",300,1,0,"BM","mcar",0.3,"ord","n_classes_scored","floor","freq",200,0,0
"types_mixed",1000,1,0,"BM","mcar",0.3,"ord","n_classes_scored","bace","freq",93,0,0
"types_mixed",1000,1,0,"BM","mcar",0.3,"ord","n_classes_scored","freq_lambda","freq",200,0,0
"types_mixed",1000,1,0,"BM","mcar",0.3,"ord","n_classes_scored","gnn_on","freq",200,0,0
"types_mixed",1000,1,0,"BM","mcar",0.3,"ord","n_classes_scored","gnn_on_full","freq",191,0,0
"types_mixed",1000,1,0,"BM","mcar",0.3,"ord","n_classes_scored","gnn_off","freq",200,0,0
"types_mixed",1000,1,0,"BM","mcar",0.3,"ord","n_classes_scored","gnn_off_rphylopars","freq",200,0,0
"types_mixed",1000,1,0,"BM","mcar",0.3,"ord","n_classes_scored","floor","freq",200,0,0
"types_mixed",100,0.3,0.5,"BM","mcar",0.3,"ord","n_classes_scored","bace","freq",100,0,0
"types_mixed",100,0.3,0.5,"BM","mcar",0.3,"ord","n_classes_scored","freq_lambda","freq",200,0,0
"types_mixed",100,0.3,0.5,"BM","mcar",0.3,"ord","n_classes_scored","gnn_on","freq",200,0,0
"types_mixed",100,0.3,0.5,"BM","mcar",0.3,"ord","n_classes_scored","gnn_on_full","freq",200,0,0
"types_mixed",100,0.3,0.5,"BM","mcar",0.3,"ord","n_classes_scored","gnn_off","freq",200,0,0
"types_mixed",100,0.3,0.5,"BM","mcar",0.3,"ord","n_classes_scored","gnn_off_rphylopars","freq",200,0,0
"types_mixed",100,0.3,0.5,"BM","mcar",0.3,"ord","n_classes_scored","floor","freq",200,0,0
"types_mixed",300,0.3,0.5,"BM","mcar",0.3,"ord","n_classes_scored","bace","freq",100,0,0
"types_mixed",300,0.3,0.5,"BM","mcar",0.3,"ord","n_classes_scored","freq_lambda","freq",200,0,0
"types_mixed",300,0.3,0.5,"BM","mcar",0.3,"ord","n_classes_scored","gnn_on","freq",200,0,0
"types_mixed",300,0.3,0.5,"BM","mcar",0.3,"ord","n_classes_scored","gnn_on_full","freq",200,0,0
"types_mixed",300,0.3,0.5,"BM","mcar",0.3,"ord","n_classes_scored","gnn_off","freq",200,0,0
"types_mixed",300,0.3,0.5,"BM","mcar",0.3,"ord","n_classes_scored","gnn_off_rphylopars","freq",200,0,0
"types_mixed",300,0.3,0.5,"BM","mcar",0.3,"ord","n_classes_scored","floor","freq",200,0,0
"types_mixed",1000,0.3,0.5,"BM","mcar",0.3,"ord","n_classes_scored","bace","freq",97,0,0
"types_mixed",1000,0.3,0.5,"BM","mcar",0.3,"ord","n_classes_scored","freq_lambda","freq",200,0,0
"types_mixed",1000,0.3,0.5,"BM","mcar",0.3,"ord","n_classes_scored","gnn_on","freq",200,0,0
"types_mixed",1000,0.3,0.5,"BM","mcar",0.3,"ord","n_classes_scored","gnn_on_full","freq",200,0,0
"types_mixed",1000,0.3,0.5,"BM","mcar",0.3,"ord","n_classes_scored","gnn_off","freq",200,0,0
"types_mixed",1000,0.3,0.5,"BM","mcar",0.3,"ord","n_classes_scored","gnn_off_rphylopars","freq",200,0,0
"types_mixed",1000,0.3,0.5,"BM","mcar",0.3,"ord","n_classes_scored","floor","freq",200,0,0
"types_mixed",100,0.7,0.5,"BM","mcar",0.3,"ord","n_classes_scored","bace","freq",97,0,0
"types_mixed",100,0.7,0.5,"BM","mcar",0.3,"ord","n_classes_scored","freq_lambda","freq",200,0,0
"types_mixed",100,0.7,0.5,"BM","mcar",0.3,"ord","n_classes_scored","gnn_on","freq",200,0,0
"types_mixed",100,0.7,0.5,"BM","mcar",0.3,"ord","n_classes_scored","gnn_on_full","freq",200,0,0
"types_mixed",100,0.7,0.5,"BM","mcar",0.3,"ord","n_classes_scored","gnn_off","freq",200,0,0
"types_mixed",100,0.7,0.5,"BM","mcar",0.3,"ord","n_classes_scored","gnn_off_rphylopars","freq",200,0,0
"types_mixed",100,0.7,0.5,"BM","mcar",0.3,"ord","n_classes_scored","floor","freq",200,0,0
"types_mixed",300,0.7,0.5,"BM","mcar",0.3,"ord","n_classes_scored","bace","freq",99,0,0
"types_mixed",300,0.7,0.5,"BM","mcar",0.3,"ord","n_classes_scored","freq_lambda","freq",200,0,0
"types_mixed",300,0.7,0.5,"BM","mcar",0.3,"ord","n_classes_scored","gnn_on","freq",200,0,0
"types_mixed",300,0.7,0.5,"BM","mcar",0.3,"ord","n_classes_scored","gnn_on_full","freq",200,0,0
"types_mixed",300,0.7,0.5,"BM","mcar",0.3,"ord","n_classes_scored","gnn_off","freq",200,0,0
"types_mixed",300,0.7,0.5,"BM","mcar",0.3,"ord","n_classes_scored","gnn_off_rphylopars","freq",200,0,0
"types_mixed",300,0.7,0.5,"BM","mcar",0.3,"ord","n_classes_scored","floor","freq",200,0,0
"types_mixed",1000,0.7,0.5,"BM","mcar",0.3,"ord","n_classes_scored","bace","freq",90,0,0
"types_mixed",1000,0.7,0.5,"BM","mcar",0.3,"ord","n_classes_scored","freq_lambda","freq",200,0,0
"types_mixed",1000,0.7,0.5,"BM","mcar",0.3,"ord","n_classes_scored","gnn_on","freq",200,0,0
"types_mixed",1000,0.7,0.5,"BM","mcar",0.3,"ord","n_classes_scored","gnn_on_full","freq",200,0,0
"types_mixed",1000,0.7,0.5,"BM","mcar",0.3,"ord","n_classes_scored","gnn_off","freq",200,0,0
"types_mixed",1000,0.7,0.5,"BM","mcar",0.3,"ord","n_classes_scored","gnn_off_rphylopars","freq",200,0,0
"types_mixed",1000,0.7,0.5,"BM","mcar",0.3,"ord","n_classes_scored","floor","freq",200,0,0
"types_mixed",100,1,0.5,"BM","mcar",0.3,"ord","n_classes_scored","bace","freq",100,0,0
"types_mixed",100,1,0.5,"BM","mcar",0.3,"ord","n_classes_scored","freq_lambda","freq",200,0,0
"types_mixed",100,1,0.5,"BM","mcar",0.3,"ord","n_classes_scored","gnn_on","freq",200,0,0
"types_mixed",100,1,0.5,"BM","mcar",0.3,"ord","n_classes_scored","gnn_on_full","freq",183,0,0
"types_mixed",100,1,0.5,"BM","mcar",0.3,"ord","n_classes_scored","gnn_off","freq",200,0,0
"types_mixed",100,1,0.5,"BM","mcar",0.3,"ord","n_classes_scored","gnn_off_rphylopars","freq",200,0,0
"types_mixed",100,1,0.5,"BM","mcar",0.3,"ord","n_classes_scored","floor","freq",200,0,0
"types_mixed",300,1,0.5,"BM","mcar",0.3,"ord","n_classes_scored","bace","freq",100,0,0
"types_mixed",300,1,0.5,"BM","mcar",0.3,"ord","n_classes_scored","freq_lambda","freq",200,0,0
"types_mixed",300,1,0.5,"BM","mcar",0.3,"ord","n_classes_scored","gnn_on","freq",200,0,0
"types_mixed",300,1,0.5,"BM","mcar",0.3,"ord","n_classes_scored","gnn_on_full","freq",185,0,0
"types_mixed",300,1,0.5,"BM","mcar",0.3,"ord","n_classes_scored","gnn_off","freq",200,0,0
"types_mixed",300,1,0.5,"BM","mcar",0.3,"ord","n_classes_scored","gnn_off_rphylopars","freq",200,0,0
"types_mixed",300,1,0.5,"BM","mcar",0.3,"ord","n_classes_scored","floor","freq",200,0,0
"types_mixed",1000,1,0.5,"BM","mcar",0.3,"ord","n_classes_scored","bace","freq",100,0,0
"types_mixed",1000,1,0.5,"BM","mcar",0.3,"ord","n_classes_scored","freq_lambda","freq",200,0,0
"types_mixed",1000,1,0.5,"BM","mcar",0.3,"ord","n_classes_scored","gnn_on","freq",200,0,0
"types_mixed",1000,1,0.5,"BM","mcar",0.3,"ord","n_classes_scored","gnn_on_full","freq",193,0,0
"types_mixed",1000,1,0.5,"BM","mcar",0.3,"ord","n_classes_scored","gnn_off","freq",200,0,0
"types_mixed",1000,1,0.5,"BM","mcar",0.3,"ord","n_classes_scored","gnn_off_rphylopars","freq",200,0,0
"types_mixed",1000,1,0.5,"BM","mcar",0.3,"ord","n_classes_scored","floor","freq",200,0,0
"types_mixed",100,0.3,0,"BM","mcar",0.3,"c1","width","bace","freq",100,-3.01100711908336,0.249007580630523
"types_mixed",100,0.3,0,"BM","mcar",0.3,"c1","width","freq_lambda","freq",200,-2.31041051328782,0.14980978007206
"types_mixed",100,0.3,0,"BM","mcar",0.3,"c1","width","gnn_on","freq",200,-2.24958789497126,0.166498265749441
"types_mixed",100,0.3,0,"BM","mcar",0.3,"c1","width","gnn_on_full","freq",200,-2.24958789497126,0.166498265749441
"types_mixed",100,0.3,0,"BM","mcar",0.3,"c1","width","gnn_off","freq",200,-2.20565761019772,0.166967147375789
"types_mixed",100,0.3,0,"BM","mcar",0.3,"c1","width","gnn_off_rphylopars","freq",200,-2.18337034549551,0.164726649363739
"types_mixed",100,0.3,0,"BM","mcar",0.3,"c1","width","floor","freq",200,NA,NA
"types_mixed",300,0.3,0,"BM","mcar",0.3,"c1","width","bace","freq",100,-5.56897680920119,1.28651881713518
"types_mixed",300,0.3,0,"BM","mcar",0.3,"c1","width","freq_lambda","freq",200,-4.1044676962062,0.647886421431743
"types_mixed",300,0.3,0,"BM","mcar",0.3,"c1","width","gnn_on","freq",200,-3.16189443854485,0.656327669684746
"types_mixed",300,0.3,0,"BM","mcar",0.3,"c1","width","gnn_on_full","freq",200,-3.16189443854485,0.656327669684746
"types_mixed",300,0.3,0,"BM","mcar",0.3,"c1","width","gnn_off","freq",200,-3.16072197255607,0.655860279185337
"types_mixed",300,0.3,0,"BM","mcar",0.3,"c1","width","gnn_off_rphylopars","freq",200,-3.15640877261314,0.653603889705255
"types_mixed",300,0.3,0,"BM","mcar",0.3,"c1","width","floor","freq",200,NA,NA
"types_mixed",1000,0.3,0,"BM","mcar",0.3,"c1","width","bace","freq",100,-5.62919598876782,0.220073458194676
"types_mixed",1000,0.3,0,"BM","mcar",0.3,"c1","width","freq_lambda","freq",200,-4.87000411551013,0.168059060633975
"types_mixed",1000,0.3,0,"BM","mcar",0.3,"c1","width","gnn_on","freq",200,-4.19912053325994,0.170972924963741
"types_mixed",1000,0.3,0,"BM","mcar",0.3,"c1","width","gnn_on_full","freq",200,-4.19912053325994,0.170972924963741
"types_mixed",1000,0.3,0,"BM","mcar",0.3,"c1","width","gnn_off","freq",200,-4.20318356330805,0.170930829154959
"types_mixed",1000,0.3,0,"BM","mcar",0.3,"c1","width","gnn_off_rphylopars","freq",200,-4.22560254619155,0.170254900948038
"types_mixed",1000,0.3,0,"BM","mcar",0.3,"c1","width","floor","freq",200,NA,NA
"types_mixed",100,0.7,0,"BM","mcar",0.3,"c1","width","bace","freq",100,NA,NA
"types_mixed",100,0.7,0,"BM","mcar",0.3,"c1","width","freq_lambda","freq",200,-1.66730004575598,0.123748156144028
"types_mixed",100,0.7,0,"BM","mcar",0.3,"c1","width","gnn_on","freq",200,-1.55829546062029,0.13891825950127
"types_mixed",100,0.7,0,"BM","mcar",0.3,"c1","width","gnn_on_full","freq",200,-1.55829546062029,0.13891825950127
"types_mixed",100,0.7,0,"BM","mcar",0.3,"c1","width","gnn_off","freq",200,-1.49479223100301,0.139759050388036
"types_mixed",100,0.7,0,"BM","mcar",0.3,"c1","width","gnn_off_rphylopars","freq",200,-1.2907514014998,0.143399708896064
"types_mixed",100,0.7,0,"BM","mcar",0.3,"c1","width","floor","freq",200,NA,NA
"types_mixed",300,0.7,0,"BM","mcar",0.3,"c1","width","bace","freq",100,-4.23543810833689,0.847720119668175
"types_mixed",300,0.7,0,"BM","mcar",0.3,"c1","width","freq_lambda","freq",200,-3.112198480783,0.431111196713065
"types_mixed",300,0.7,0,"BM","mcar",0.3,"c1","width","gnn_on","freq",200,-2.23744994450184,0.436783651057975
"types_mixed",300,0.7,0,"BM","mcar",0.3,"c1","width","gnn_on_full","freq",200,-2.23744994450184,0.436783651057975
"types_mixed",300,0.7,0,"BM","mcar",0.3,"c1","width","gnn_off","freq",200,-2.23129701010975,0.437279643031584
"types_mixed",300,0.7,0,"BM","mcar",0.3,"c1","width","gnn_off_rphylopars","freq",200,-1.9601157237297,0.433569756084463
"types_mixed",300,0.7,0,"BM","mcar",0.3,"c1","width","floor","freq",200,NA,NA
"types_mixed",1000,0.7,0,"BM","mcar",0.3,"c1","width","bace","freq",100,NA,NA
"types_mixed",1000,0.7,0,"BM","mcar",0.3,"c1","width","freq_lambda","freq",200,-3.85022731755085,0.14607267356457
"types_mixed",1000,0.7,0,"BM","mcar",0.3,"c1","width","gnn_on","freq",200,-3.14850030843207,0.147145431995967
"types_mixed",1000,0.7,0,"BM","mcar",0.3,"c1","width","gnn_on_full","freq",200,-3.14850030843207,0.147145431995967
"types_mixed",1000,0.7,0,"BM","mcar",0.3,"c1","width","gnn_off","freq",200,-3.1457942311521,0.147670129064817
"types_mixed",1000,0.7,0,"BM","mcar",0.3,"c1","width","gnn_off_rphylopars","freq",200,-3.02081010283572,0.150240126389053
"types_mixed",1000,0.7,0,"BM","mcar",0.3,"c1","width","floor","freq",200,NA,NA
"types_mixed",100,1,0,"BM","mcar",0.3,"c1","width","bace","freq",100,NA,NA
"types_mixed",100,1,0,"BM","mcar",0.3,"c1","width","freq_lambda","freq",200,NA,NA
"types_mixed",100,1,0,"BM","mcar",0.3,"c1","width","gnn_on","freq",200,NA,NA
"types_mixed",100,1,0,"BM","mcar",0.3,"c1","width","gnn_on_full","freq",185,0.359083408277786,0.0543952319566922
"types_mixed",100,1,0,"BM","mcar",0.3,"c1","width","gnn_off","freq",200,NA,NA
"types_mixed",100,1,0,"BM","mcar",0.3,"c1","width","gnn_off_rphylopars","freq",200,NA,NA
"types_mixed",100,1,0,"BM","mcar",0.3,"c1","width","floor","freq",200,NA,NA
"types_mixed",300,1,0,"BM","mcar",0.3,"c1","width","bace","freq",100,NA,NA
"types_mixed",300,1,0,"BM","mcar",0.3,"c1","width","freq_lambda","freq",200,NA,NA
"types_mixed",300,1,0,"BM","mcar",0.3,"c1","width","gnn_on","freq",200,NA,NA
"types_mixed",300,1,0,"BM","mcar",0.3,"c1","width","gnn_on_full","freq",186,0.576971859087322,0.0559899327951217
"types_mixed",300,1,0,"BM","mcar",0.3,"c1","width","gnn_off","freq",200,NA,NA
"types_mixed",300,1,0,"BM","mcar",0.3,"c1","width","gnn_off_rphylopars","freq",200,NA,NA
"types_mixed",300,1,0,"BM","mcar",0.3,"c1","width","floor","freq",200,NA,NA
"types_mixed",1000,1,0,"BM","mcar",0.3,"c1","width","bace","freq",93,NA,NA
"types_mixed",1000,1,0,"BM","mcar",0.3,"c1","width","freq_lambda","freq",200,NA,NA
"types_mixed",1000,1,0,"BM","mcar",0.3,"c1","width","gnn_on","freq",200,NA,NA
"types_mixed",1000,1,0,"BM","mcar",0.3,"c1","width","gnn_on_full","freq",191,0.186451508234417,0.00903202694128655
"types_mixed",1000,1,0,"BM","mcar",0.3,"c1","width","gnn_off","freq",200,NA,NA
"types_mixed",1000,1,0,"BM","mcar",0.3,"c1","width","gnn_off_rphylopars","freq",200,NA,NA
"types_mixed",1000,1,0,"BM","mcar",0.3,"c1","width","floor","freq",200,NA,NA
"types_mixed",100,0.3,0.5,"BM","mcar",0.3,"c1","width","bace","freq",100,-2.78823078477678,0.183382212596237
"types_mixed",100,0.3,0.5,"BM","mcar",0.3,"c1","width","freq_lambda","freq",200,-2.11523072388577,0.124292342793468
"types_mixed",100,0.3,0.5,"BM","mcar",0.3,"c1","width","gnn_on","freq",200,-1.8452503128142,0.151389661187774
"types_mixed",100,0.3,0.5,"BM","mcar",0.3,"c1","width","gnn_on_full","freq",200,-1.8452503128142,0.151389661187774
"types_mixed",100,0.3,0.5,"BM","mcar",0.3,"c1","width","gnn_off","freq",200,-1.73079030785234,0.154806706621559
"types_mixed",100,0.3,0.5,"BM","mcar",0.3,"c1","width","gnn_off_rphylopars","freq",200,-1.76910806681782,0.152005930323118
"types_mixed",100,0.3,0.5,"BM","mcar",0.3,"c1","width","floor","freq",200,NA,NA
"types_mixed",300,0.3,0.5,"BM","mcar",0.3,"c1","width","bace","freq",100,-4.22128338924416,0.433382701133921
"types_mixed",300,0.3,0.5,"BM","mcar",0.3,"c1","width","freq_lambda","freq",200,-3.26016360317763,0.231542127893732
"types_mixed",300,0.3,0.5,"BM","mcar",0.3,"c1","width","gnn_on","freq",200,-2.03501048306747,0.243260167279945
"types_mixed",300,0.3,0.5,"BM","mcar",0.3,"c1","width","gnn_on_full","freq",200,-2.03501048306747,0.243260167279945
"types_mixed",300,0.3,0.5,"BM","mcar",0.3,"c1","width","gnn_off","freq",200,-2.02011015364741,0.244752957826723
"types_mixed",300,0.3,0.5,"BM","mcar",0.3,"c1","width","gnn_off_rphylopars","freq",200,-2.12979051511766,0.243475109908016
"types_mixed",300,0.3,0.5,"BM","mcar",0.3,"c1","width","floor","freq",200,NA,NA
"types_mixed",1000,0.3,0.5,"BM","mcar",0.3,"c1","width","bace","freq",97,-4.79782459048487,0.180041872998404
"types_mixed",1000,0.3,0.5,"BM","mcar",0.3,"c1","width","freq_lambda","freq",200,-4.28323638738867,0.142280538847828
"types_mixed",1000,0.3,0.5,"BM","mcar",0.3,"c1","width","gnn_on","freq",200,-3.32373358550569,0.14326028743205
"types_mixed",1000,0.3,0.5,"BM","mcar",0.3,"c1","width","gnn_on_full","freq",200,-3.32373358550569,0.14326028743205
"types_mixed",1000,0.3,0.5,"BM","mcar",0.3,"c1","width","gnn_off","freq",200,-3.315907078499,0.144013286248372
"types_mixed",1000,0.3,0.5,"BM","mcar",0.3,"c1","width","gnn_off_rphylopars","freq",200,-3.47710192410387,0.141219320894202
"types_mixed",1000,0.3,0.5,"BM","mcar",0.3,"c1","width","floor","freq",200,NA,NA
"types_mixed",100,0.7,0.5,"BM","mcar",0.3,"c1","width","bace","freq",97,-2.04278637427355,0.158998490403656
"types_mixed",100,0.7,0.5,"BM","mcar",0.3,"c1","width","freq_lambda","freq",200,-1.51747513636401,0.100401772660177
"types_mixed",100,0.7,0.5,"BM","mcar",0.3,"c1","width","gnn_on","freq",200,-1.26348427567765,0.128188592106299
"types_mixed",100,0.7,0.5,"BM","mcar",0.3,"c1","width","gnn_on_full","freq",200,-1.26348427567765,0.128188592106299
"types_mixed",100,0.7,0.5,"BM","mcar",0.3,"c1","width","gnn_off","freq",200,-1.1276934543858,0.126965943773024
"types_mixed",100,0.7,0.5,"BM","mcar",0.3,"c1","width","gnn_off_rphylopars","freq",200,-1.21475367484387,0.121625994481438
"types_mixed",100,0.7,0.5,"BM","mcar",0.3,"c1","width","floor","freq",200,NA,NA
"types_mixed",300,0.7,0.5,"BM","mcar",0.3,"c1","width","bace","freq",99,NA,NA
"types_mixed",300,0.7,0.5,"BM","mcar",0.3,"c1","width","freq_lambda","freq",200,-2.51438727378351,0.166510926698831
"types_mixed",300,0.7,0.5,"BM","mcar",0.3,"c1","width","gnn_on","freq",200,-1.45403158851357,0.176074900430498
"types_mixed",300,0.7,0.5,"BM","mcar",0.3,"c1","width","gnn_on_full","freq",200,-1.45403158851357,0.176074900430498
"types_mixed",300,0.7,0.5,"BM","mcar",0.3,"c1","width","gnn_off","freq",200,-1.4015791640517,0.176231323454586
"types_mixed",300,0.7,0.5,"BM","mcar",0.3,"c1","width","gnn_off_rphylopars","freq",200,-1.31242349418445,0.177976108402304
"types_mixed",300,0.7,0.5,"BM","mcar",0.3,"c1","width","floor","freq",200,NA,NA
"types_mixed",1000,0.7,0.5,"BM","mcar",0.3,"c1","width","bace","freq",90,NA,NA
"types_mixed",1000,0.7,0.5,"BM","mcar",0.3,"c1","width","freq_lambda","freq",200,-3.3638471422617,0.122808449709291
"types_mixed",1000,0.7,0.5,"BM","mcar",0.3,"c1","width","gnn_on","freq",200,-2.44100501416498,0.12040112721456
"types_mixed",1000,0.7,0.5,"BM","mcar",0.3,"c1","width","gnn_on_full","freq",200,-2.44100501416498,0.12040112721456
"types_mixed",1000,0.7,0.5,"BM","mcar",0.3,"c1","width","gnn_off","freq",200,-2.43235344080757,0.121361381859022
"types_mixed",1000,0.7,0.5,"BM","mcar",0.3,"c1","width","gnn_off_rphylopars","freq",200,-2.5517208865002,0.120344851251794
"types_mixed",1000,0.7,0.5,"BM","mcar",0.3,"c1","width","floor","freq",200,NA,NA
"types_mixed",100,1,0.5,"BM","mcar",0.3,"c1","width","bace","freq",100,NA,NA
"types_mixed",100,1,0.5,"BM","mcar",0.3,"c1","width","freq_lambda","freq",200,NA,NA
"types_mixed",100,1,0.5,"BM","mcar",0.3,"c1","width","gnn_on","freq",200,NA,NA
"types_mixed",100,1,0.5,"BM","mcar",0.3,"c1","width","gnn_on_full","freq",183,0.390065224836044,0.0589000213922491
"types_mixed",100,1,0.5,"BM","mcar",0.3,"c1","width","gnn_off","freq",200,NA,NA
"types_mixed",100,1,0.5,"BM","mcar",0.3,"c1","width","gnn_off_rphylopars","freq",200,NA,NA
"types_mixed",100,1,0.5,"BM","mcar",0.3,"c1","width","floor","freq",200,NA,NA
"types_mixed",300,1,0.5,"BM","mcar",0.3,"c1","width","bace","freq",100,NA,NA
"types_mixed",300,1,0.5,"BM","mcar",0.3,"c1","width","freq_lambda","freq",200,NA,NA
"types_mixed",300,1,0.5,"BM","mcar",0.3,"c1","width","gnn_on","freq",200,NA,NA
"types_mixed",300,1,0.5,"BM","mcar",0.3,"c1","width","gnn_on_full","freq",185,0.559777476368613,0.0450660457633778
"types_mixed",300,1,0.5,"BM","mcar",0.3,"c1","width","gnn_off","freq",200,NA,NA
"types_mixed",300,1,0.5,"BM","mcar",0.3,"c1","width","gnn_off_rphylopars","freq",200,NA,NA
"types_mixed",300,1,0.5,"BM","mcar",0.3,"c1","width","floor","freq",200,NA,NA
"types_mixed",1000,1,0.5,"BM","mcar",0.3,"c1","width","bace","freq",100,NA,NA
"types_mixed",1000,1,0.5,"BM","mcar",0.3,"c1","width","freq_lambda","freq",200,NA,NA
"types_mixed",1000,1,0.5,"BM","mcar",0.3,"c1","width","gnn_on","freq",200,NA,NA
"types_mixed",1000,1,0.5,"BM","mcar",0.3,"c1","width","gnn_on_full","freq",193,0.201421654412382,0.00906511522139696
"types_mixed",1000,1,0.5,"BM","mcar",0.3,"c1","width","gnn_off","freq",200,NA,NA
"types_mixed",1000,1,0.5,"BM","mcar",0.3,"c1","width","gnn_off_rphylopars","freq",200,NA,NA
"types_mixed",1000,1,0.5,"BM","mcar",0.3,"c1","width","floor","freq",200,NA,NA
"types_mixed",100,0.3,0,"BM","mcar",0.3,"c2","width","bace","freq",100,-2.66536673710453,0.156913444954417
"types_mixed",100,0.3,0,"BM","mcar",0.3,"c2","width","freq_lambda","freq",200,-2.10989401372198,0.121610648561428
"types_mixed",100,0.3,0,"BM","mcar",0.3,"c2","width","gnn_on","freq",200,-2.03564062953,0.144773907240328
"types_mixed",100,0.3,0,"BM","mcar",0.3,"c2","width","gnn_on_full","freq",200,-2.03564062953,0.144773907240328
"types_mixed",100,0.3,0,"BM","mcar",0.3,"c2","width","gnn_off","freq",200,-2.00733954955107,0.146169593028579
"types_mixed",100,0.3,0,"BM","mcar",0.3,"c2","width","gnn_off_rphylopars","freq",200,-1.98013114178903,0.145031876694204
"types_mixed",100,0.3,0,"BM","mcar",0.3,"c2","width","floor","freq",200,NA,NA
"types_mixed",300,0.3,0,"BM","mcar",0.3,"c2","width","bace","freq",100,-4.4830632350158,0.265920224757126
"types_mixed",300,0.3,0,"BM","mcar",0.3,"c2","width","freq_lambda","freq",200,-3.64598994061632,0.163840303887655
"types_mixed",300,0.3,0,"BM","mcar",0.3,"c2","width","gnn_on","freq",200,-2.64579460303251,0.172309385112046
"types_mixed",300,0.3,0,"BM","mcar",0.3,"c2","width","gnn_on_full","freq",200,-2.64579460303251,0.172309385112046
"types_mixed",300,0.3,0,"BM","mcar",0.3,"c2","width","gnn_off","freq",200,-2.63657598117206,0.171478270536577
"types_mixed",300,0.3,0,"BM","mcar",0.3,"c2","width","gnn_off_rphylopars","freq",200,-2.67805304356568,0.172437301437406
"types_mixed",300,0.3,0,"BM","mcar",0.3,"c2","width","floor","freq",200,NA,NA
"types_mixed",1000,0.3,0,"BM","mcar",0.3,"c2","width","bace","freq",100,-5.1491008659431,0.163791385244868
"types_mixed",1000,0.3,0,"BM","mcar",0.3,"c2","width","freq_lambda","freq",200,-4.27541505688556,0.126565968722539
"types_mixed",1000,0.3,0,"BM","mcar",0.3,"c2","width","gnn_on","freq",200,-3.62330027923787,0.13362250105623
"types_mixed",1000,0.3,0,"BM","mcar",0.3,"c2","width","gnn_on_full","freq",200,-3.62330027923787,0.13362250105623
"types_mixed",1000,0.3,0,"BM","mcar",0.3,"c2","width","gnn_off","freq",200,-3.62883529074985,0.134059590908084
"types_mixed",1000,0.3,0,"BM","mcar",0.3,"c2","width","gnn_off_rphylopars","freq",200,-3.65479992448761,0.132074774436717
"types_mixed",1000,0.3,0,"BM","mcar",0.3,"c2","width","floor","freq",200,NA,NA
"types_mixed",100,0.7,0,"BM","mcar",0.3,"c2","width","bace","freq",100,NA,NA
"types_mixed",100,0.7,0,"BM","mcar",0.3,"c2","width","freq_lambda","freq",200,-1.52279771034099,0.100107195547571
"types_mixed",100,0.7,0,"BM","mcar",0.3,"c2","width","gnn_on","freq",200,-1.35657125302932,0.122749906135005
"types_mixed",100,0.7,0,"BM","mcar",0.3,"c2","width","gnn_on_full","freq",200,-1.35657125302932,0.122749906135005
"types_mixed",100,0.7,0,"BM","mcar",0.3,"c2","width","gnn_off","freq",200,-1.31695834691276,0.122641251466975
"types_mixed",100,0.7,0,"BM","mcar",0.3,"c2","width","gnn_off_rphylopars","freq",200,-1.1690642750412,0.121261631435565
"types_mixed",100,0.7,0,"BM","mcar",0.3,"c2","width","floor","freq",200,NA,NA
"types_mixed",300,0.7,0,"BM","mcar",0.3,"c2","width","bace","freq",100,-3.41810830428273,0.204260646608455
"types_mixed",300,0.7,0,"BM","mcar",0.3,"c2","width","freq_lambda","freq",200,-2.80249825729689,0.132697550264113
"types_mixed",300,0.7,0,"BM","mcar",0.3,"c2","width","gnn_on","freq",200,-1.81584163804609,0.138438420349059
"types_mixed",300,0.7,0,"BM","mcar",0.3,"c2","width","gnn_on_full","freq",200,-1.81584163804609,0.138438420349059
"types_mixed",300,0.7,0,"BM","mcar",0.3,"c2","width","gnn_off","freq",200,-1.83668561997203,0.1395594026229
"types_mixed",300,0.7,0,"BM","mcar",0.3,"c2","width","gnn_off_rphylopars","freq",200,-1.66038543495516,0.138546620816342
"types_mixed",300,0.7,0,"BM","mcar",0.3,"c2","width","floor","freq",200,NA,NA
"types_mixed",1000,0.7,0,"BM","mcar",0.3,"c2","width","bace","freq",100,NA,NA
"types_mixed",1000,0.7,0,"BM","mcar",0.3,"c2","width","freq_lambda","freq",200,-3.2264177211241,0.101891220167856
"types_mixed",1000,0.7,0,"BM","mcar",0.3,"c2","width","gnn_on","freq",200,-2.53282051741292,0.105800616226645
"types_mixed",1000,0.7,0,"BM","mcar",0.3,"c2","width","gnn_on_full","freq",200,-2.53282051741292,0.105800616226645
"types_mixed",1000,0.7,0,"BM","mcar",0.3,"c2","width","gnn_off","freq",200,-2.52968441826438,0.105801725696704
"types_mixed",1000,0.7,0,"BM","mcar",0.3,"c2","width","gnn_off_rphylopars","freq",200,-2.42869929133232,0.102734047266063
"types_mixed",1000,0.7,0,"BM","mcar",0.3,"c2","width","floor","freq",200,NA,NA
"types_mixed",100,1,0,"BM","mcar",0.3,"c2","width","bace","freq",100,NA,NA
"types_mixed",100,1,0,"BM","mcar",0.3,"c2","width","freq_lambda","freq",200,NA,NA
"types_mixed",100,1,0,"BM","mcar",0.3,"c2","width","gnn_on","freq",200,NA,NA
"types_mixed",100,1,0,"BM","mcar",0.3,"c2","width","gnn_on_full","freq",185,0.451164291419472,0.0626951162432811
"types_mixed",100,1,0,"BM","mcar",0.3,"c2","width","gnn_off","freq",200,NA,NA
"types_mixed",100,1,0,"BM","mcar",0.3,"c2","width","gnn_off_rphylopars","freq",200,NA,NA
"types_mixed",100,1,0,"BM","mcar",0.3,"c2","width","floor","freq",200,NA,NA
"types_mixed",300,1,0,"BM","mcar",0.3,"c2","width","bace","freq",100,NA,NA
"types_mixed",300,1,0,"BM","mcar",0.3,"c2","width","freq_lambda","freq",200,NA,NA
"types_mixed",300,1,0,"BM","mcar",0.3,"c2","width","gnn_on","freq",200,NA,NA
"types_mixed",300,1,0,"BM","mcar",0.3,"c2","width","gnn_on_full","freq",186,0.548348752260787,0.0456413837343854
"types_mixed",300,1,0,"BM","mcar",0.3,"c2","width","gnn_off","freq",200,NA,NA
"types_mixed",300,1,0,"BM","mcar",0.3,"c2","width","gnn_off_rphylopars","freq",200,NA,NA
"types_mixed",300,1,0,"BM","mcar",0.3,"c2","width","floor","freq",200,NA,NA
"types_mixed",1000,1,0,"BM","mcar",0.3,"c2","width","bace","freq",93,NA,NA
"types_mixed",1000,1,0,"BM","mcar",0.3,"c2","width","freq_lambda","freq",200,NA,NA
"types_mixed",1000,1,0,"BM","mcar",0.3,"c2","width","gnn_on","freq",200,NA,NA
"types_mixed",1000,1,0,"BM","mcar",0.3,"c2","width","gnn_on_full","freq",191,0.203027149161545,0.00952581746159062
"types_mixed",1000,1,0,"BM","mcar",0.3,"c2","width","gnn_off","freq",200,NA,NA
"types_mixed",1000,1,0,"BM","mcar",0.3,"c2","width","gnn_off_rphylopars","freq",200,NA,NA
"types_mixed",1000,1,0,"BM","mcar",0.3,"c2","width","floor","freq",200,NA,NA
"types_mixed",100,0.3,0.5,"BM","mcar",0.3,"c2","width","bace","freq",100,-2.64190354904378,0.157066342698706
"types_mixed",100,0.3,0.5,"BM","mcar",0.3,"c2","width","freq_lambda","freq",200,-2.04721839537777,0.112631992000115
"types_mixed",100,0.3,0.5,"BM","mcar",0.3,"c2","width","gnn_on","freq",200,-1.71101748022753,0.131464449943693
"types_mixed",100,0.3,0.5,"BM","mcar",0.3,"c2","width","gnn_on_full","freq",200,-1.71101748022753,0.131464449943693
"types_mixed",100,0.3,0.5,"BM","mcar",0.3,"c2","width","gnn_off","freq",200,-1.67384386785183,0.131502493671561
"types_mixed",100,0.3,0.5,"BM","mcar",0.3,"c2","width","gnn_off_rphylopars","freq",200,-1.63588978161677,0.133241822896625
"types_mixed",100,0.3,0.5,"BM","mcar",0.3,"c2","width","floor","freq",200,NA,NA
"types_mixed",300,0.3,0.5,"BM","mcar",0.3,"c2","width","bace","freq",100,-3.96604567437709,0.198957986474272
"types_mixed",300,0.3,0.5,"BM","mcar",0.3,"c2","width","freq_lambda","freq",200,-3.23642740915233,0.132292084341161
"types_mixed",300,0.3,0.5,"BM","mcar",0.3,"c2","width","gnn_on","freq",200,-1.93790664947144,0.149003609779495
"types_mixed",300,0.3,0.5,"BM","mcar",0.3,"c2","width","gnn_on_full","freq",200,-1.93790664947144,0.149003609779495
"types_mixed",300,0.3,0.5,"BM","mcar",0.3,"c2","width","gnn_off","freq",200,-1.88800446046454,0.15054334033465
"types_mixed",300,0.3,0.5,"BM","mcar",0.3,"c2","width","gnn_off_rphylopars","freq",200,-1.98232850053288,0.151520457402747
"types_mixed",300,0.3,0.5,"BM","mcar",0.3,"c2","width","floor","freq",200,NA,NA
"types_mixed",1000,0.3,0.5,"BM","mcar",0.3,"c2","width","bace","freq",97,-4.54419573304361,0.166825035152921
"types_mixed",1000,0.3,0.5,"BM","mcar",0.3,"c2","width","freq_lambda","freq",200,-3.84000134752603,0.125148816001455
"types_mixed",1000,0.3,0.5,"BM","mcar",0.3,"c2","width","gnn_on","freq",200,-2.88961042436221,0.128773578900466
"types_mixed",1000,0.3,0.5,"BM","mcar",0.3,"c2","width","gnn_on_full","freq",200,-2.88961042436221,0.128773578900466
"types_mixed",1000,0.3,0.5,"BM","mcar",0.3,"c2","width","gnn_off","freq",200,-2.89265057555657,0.129549714410156
"types_mixed",1000,0.3,0.5,"BM","mcar",0.3,"c2","width","gnn_off_rphylopars","freq",200,-3.06774183435629,0.127762023872976
"types_mixed",1000,0.3,0.5,"BM","mcar",0.3,"c2","width","floor","freq",200,NA,NA
"types_mixed",100,0.7,0.5,"BM","mcar",0.3,"c2","width","bace","freq",97,-1.83820363503407,0.133851624374024
"types_mixed",100,0.7,0.5,"BM","mcar",0.3,"c2","width","freq_lambda","freq",200,-1.4640655905172,0.0907768191983505
"types_mixed",100,0.7,0.5,"BM","mcar",0.3,"c2","width","gnn_on","freq",200,-1.21671263590051,0.113657929949342
"types_mixed",100,0.7,0.5,"BM","mcar",0.3,"c2","width","gnn_on_full","freq",200,-1.21707717995976,0.113668163903525
"types_mixed",100,0.7,0.5,"BM","mcar",0.3,"c2","width","gnn_off","freq",200,-1.12092059591686,0.113278118907139
"types_mixed",100,0.7,0.5,"BM","mcar",0.3,"c2","width","gnn_off_rphylopars","freq",200,-0.920041578819169,0.117442580863096
"types_mixed",100,0.7,0.5,"BM","mcar",0.3,"c2","width","floor","freq",200,NA,NA
"types_mixed",300,0.7,0.5,"BM","mcar",0.3,"c2","width","bace","freq",99,NA,NA
"types_mixed",300,0.7,0.5,"BM","mcar",0.3,"c2","width","freq_lambda","freq",200,-2.46948710283433,0.104930244736022
"types_mixed",300,0.7,0.5,"BM","mcar",0.3,"c2","width","gnn_on","freq",200,-1.33155375718473,0.123384759997914
"types_mixed",300,0.7,0.5,"BM","mcar",0.3,"c2","width","gnn_on_full","freq",200,-1.33155375718473,0.123384759997914
"types_mixed",300,0.7,0.5,"BM","mcar",0.3,"c2","width","gnn_off","freq",200,-1.26343350022552,0.123477159353527
"types_mixed",300,0.7,0.5,"BM","mcar",0.3,"c2","width","gnn_off_rphylopars","freq",200,-1.3732989882871,0.116692312846187
"types_mixed",300,0.7,0.5,"BM","mcar",0.3,"c2","width","floor","freq",200,NA,NA
"types_mixed",1000,0.7,0.5,"BM","mcar",0.3,"c2","width","bace","freq",90,NA,NA
"types_mixed",1000,0.7,0.5,"BM","mcar",0.3,"c2","width","freq_lambda","freq",200,-2.93973891586897,0.100100075833007
"types_mixed",1000,0.7,0.5,"BM","mcar",0.3,"c2","width","gnn_on","freq",200,-2.05262356189437,0.102405073499977
"types_mixed",1000,0.7,0.5,"BM","mcar",0.3,"c2","width","gnn_on_full","freq",200,-2.05262356189437,0.102405073499977
"types_mixed",1000,0.7,0.5,"BM","mcar",0.3,"c2","width","gnn_off","freq",200,-2.04655571209988,0.102442311406311
"types_mixed",1000,0.7,0.5,"BM","mcar",0.3,"c2","width","gnn_off_rphylopars","freq",200,-2.14555414537784,0.100032862960128
"types_mixed",1000,0.7,0.5,"BM","mcar",0.3,"c2","width","floor","freq",200,NA,NA
"types_mixed",100,1,0.5,"BM","mcar",0.3,"c2","width","bace","freq",100,NA,NA
"types_mixed",100,1,0.5,"BM","mcar",0.3,"c2","width","freq_lambda","freq",200,NA,NA
"types_mixed",100,1,0.5,"BM","mcar",0.3,"c2","width","gnn_on","freq",200,NA,NA
"types_mixed",100,1,0.5,"BM","mcar",0.3,"c2","width","gnn_on_full","freq",183,0.397838472109118,0.0570925508338457
"types_mixed",100,1,0.5,"BM","mcar",0.3,"c2","width","gnn_off","freq",200,NA,NA
"types_mixed",100,1,0.5,"BM","mcar",0.3,"c2","width","gnn_off_rphylopars","freq",200,NA,NA
"types_mixed",100,1,0.5,"BM","mcar",0.3,"c2","width","floor","freq",200,NA,NA
"types_mixed",300,1,0.5,"BM","mcar",0.3,"c2","width","bace","freq",100,NA,NA
"types_mixed",300,1,0.5,"BM","mcar",0.3,"c2","width","freq_lambda","freq",200,NA,NA
"types_mixed",300,1,0.5,"BM","mcar",0.3,"c2","width","gnn_on","freq",200,NA,NA
"types_mixed",300,1,0.5,"BM","mcar",0.3,"c2","width","gnn_on_full","freq",185,0.589182531055397,0.0439262065945903
"types_mixed",300,1,0.5,"BM","mcar",0.3,"c2","width","gnn_off","freq",200,NA,NA
"types_mixed",300,1,0.5,"BM","mcar",0.3,"c2","width","gnn_off_rphylopars","freq",200,NA,NA
"types_mixed",300,1,0.5,"BM","mcar",0.3,"c2","width","floor","freq",200,NA,NA
"types_mixed",1000,1,0.5,"BM","mcar",0.3,"c2","width","bace","freq",100,NA,NA
"types_mixed",1000,1,0.5,"BM","mcar",0.3,"c2","width","freq_lambda","freq",200,NA,NA
"types_mixed",1000,1,0.5,"BM","mcar",0.3,"c2","width","gnn_on","freq",200,NA,NA
"types_mixed",1000,1,0.5,"BM","mcar",0.3,"c2","width","gnn_on_full","freq",193,0.221610489354668,0.00996596590512461
"types_mixed",1000,1,0.5,"BM","mcar",0.3,"c2","width","gnn_off","freq",200,NA,NA
"types_mixed",1000,1,0.5,"BM","mcar",0.3,"c2","width","gnn_off_rphylopars","freq",200,NA,NA
"types_mixed",1000,1,0.5,"BM","mcar",0.3,"c2","width","floor","freq",200,NA,NA
"types_mixed",100,0.3,0,"BM","mcar",0.3,"cnt","width","bace","freq",100,1.19615797917925,0.0660713053295028
"types_mixed",100,0.3,0,"BM","mcar",0.3,"cnt","width","freq_lambda","freq",200,0,0
"types_mixed",100,0.3,0,"BM","mcar",0.3,"cnt","width","gnn_on","freq",200,1.98206631860711,0.133504485191015
"types_mixed",100,0.3,0,"BM","mcar",0.3,"cnt","width","gnn_on_full","freq",200,2.01312668999707,0.136267551678059
"types_mixed",100,0.3,0,"BM","mcar",0.3,"cnt","width","gnn_off","freq",200,2.03772038498547,0.134987035801901
"types_mixed",100,0.3,0,"BM","mcar",0.3,"cnt","width","gnn_off_rphylopars","freq",200,1.9685119864314,0.126921146950016
"types_mixed",100,0.3,0,"BM","mcar",0.3,"cnt","width","floor","freq",200,NA,NA
"types_mixed",300,0.3,0,"BM","mcar",0.3,"cnt","width","bace","freq",100,0.748490616267266,0.0408517446401959
"types_mixed",300,0.3,0,"BM","mcar",0.3,"cnt","width","freq_lambda","freq",200,0,0
"types_mixed",300,0.3,0,"BM","mcar",0.3,"cnt","width","gnn_on","freq",200,3.20171945295302,0.119851893744565
"types_mixed",300,0.3,0,"BM","mcar",0.3,"cnt","width","gnn_on_full","freq",200,3.20807519642783,0.119388432244877
"types_mixed",300,0.3,0,"BM","mcar",0.3,"cnt","width","gnn_off","freq",200,3.18570529956646,0.120879194280018
"types_mixed",300,0.3,0,"BM","mcar",0.3,"cnt","width","gnn_off_rphylopars","freq",200,3.11129477076155,0.109332828199049
"types_mixed",300,0.3,0,"BM","mcar",0.3,"cnt","width","floor","freq",200,NA,NA
"types_mixed",1000,0.3,0,"BM","mcar",0.3,"cnt","width","bace","freq",100,0.651796083576652,0.0356528937889629
"types_mixed",1000,0.3,0,"BM","mcar",0.3,"cnt","width","freq_lambda","freq",200,0,0
"types_mixed",1000,0.3,0,"BM","mcar",0.3,"cnt","width","gnn_on","freq",200,2.62679364851484,0.077531392996599
"types_mixed",1000,0.3,0,"BM","mcar",0.3,"cnt","width","gnn_on_full","freq",200,2.62733796158888,0.0778353121890531
"types_mixed",1000,0.3,0,"BM","mcar",0.3,"cnt","width","gnn_off","freq",200,2.60850854286562,0.0763381499531273
"types_mixed",1000,0.3,0,"BM","mcar",0.3,"cnt","width","gnn_off_rphylopars","freq",200,2.59887599245631,0.074928851865851
"types_mixed",1000,0.3,0,"BM","mcar",0.3,"cnt","width","floor","freq",200,NA,NA
"types_mixed",100,0.7,0,"BM","mcar",0.3,"cnt","width","bace","freq",100,NA,NA
"types_mixed",100,0.7,0,"BM","mcar",0.3,"cnt","width","freq_lambda","freq",200,0,0
"types_mixed",100,0.7,0,"BM","mcar",0.3,"cnt","width","gnn_on","freq",200,1.41051899827625,0.144133875175972
"types_mixed",100,0.7,0,"BM","mcar",0.3,"cnt","width","gnn_on_full","freq",200,1.41501541907619,0.143184390838169
"types_mixed",100,0.7,0,"BM","mcar",0.3,"cnt","width","gnn_off","freq",200,1.3881218715678,0.120862724440582
"types_mixed",100,0.7,0,"BM","mcar",0.3,"cnt","width","gnn_off_rphylopars","freq",200,6.60829004580916e+20,6.60829004580916e+20
"types_mixed",100,0.7,0,"BM","mcar",0.3,"cnt","width","floor","freq",200,NA,NA
"types_mixed",300,0.7,0,"BM","mcar",0.3,"cnt","width","bace","freq",100,0.226179607937752,0.0497039205661981
"types_mixed",300,0.7,0,"BM","mcar",0.3,"cnt","width","freq_lambda","freq",200,0,0
"types_mixed",300,0.7,0,"BM","mcar",0.3,"cnt","width","gnn_on","freq",200,2.84718639891056,0.134816326613955
"types_mixed",300,0.7,0,"BM","mcar",0.3,"cnt","width","gnn_on_full","freq",200,2.84840641468518,0.134002889390125
"types_mixed",300,0.7,0,"BM","mcar",0.3,"cnt","width","gnn_off","freq",200,2.81091588703343,0.132433465339786
"types_mixed",300,0.7,0,"BM","mcar",0.3,"cnt","width","gnn_off_rphylopars","freq",200,3.00793538059376,0.16778540623125
"types_mixed",300,0.7,0,"BM","mcar",0.3,"cnt","width","floor","freq",200,NA,NA
"types_mixed",1000,0.7,0,"BM","mcar",0.3,"cnt","width","bace","freq",100,NA,NA
"types_mixed",1000,0.7,0,"BM","mcar",0.3,"cnt","width","freq_lambda","freq",200,0,0
"types_mixed",1000,0.7,0,"BM","mcar",0.3,"cnt","width","gnn_on","freq",200,2.2588378152944,0.0838890497250235
"types_mixed",1000,0.7,0,"BM","mcar",0.3,"cnt","width","gnn_on_full","freq",200,2.2561214799364,0.084060397476159
"types_mixed",1000,0.7,0,"BM","mcar",0.3,"cnt","width","gnn_off","freq",200,2.18973170129066,0.0835757062705423
"types_mixed",1000,0.7,0,"BM","mcar",0.3,"cnt","width","gnn_off_rphylopars","freq",200,2.30951512850497,0.0903843413797853
"types_mixed",1000,0.7,0,"BM","mcar",0.3,"cnt","width","floor","freq",200,NA,NA
"types_mixed",100,1,0,"BM","mcar",0.3,"cnt","width","bace","freq",100,NA,NA
"types_mixed",100,1,0,"BM","mcar",0.3,"cnt","width","freq_lambda","freq",200,NA,NA
"types_mixed",100,1,0,"BM","mcar",0.3,"cnt","width","gnn_on","freq",200,NA,NA
"types_mixed",100,1,0,"BM","mcar",0.3,"cnt","width","gnn_on_full","freq",185,0.706220671312269,0.138031627938734
"types_mixed",100,1,0,"BM","mcar",0.3,"cnt","width","gnn_off","freq",200,NA,NA
"types_mixed",100,1,0,"BM","mcar",0.3,"cnt","width","gnn_off_rphylopars","freq",200,NA,NA
"types_mixed",100,1,0,"BM","mcar",0.3,"cnt","width","floor","freq",200,NA,NA
"types_mixed",300,1,0,"BM","mcar",0.3,"cnt","width","bace","freq",100,NA,NA
"types_mixed",300,1,0,"BM","mcar",0.3,"cnt","width","freq_lambda","freq",200,NA,NA
"types_mixed",300,1,0,"BM","mcar",0.3,"cnt","width","gnn_on","freq",200,NA,NA
"types_mixed",300,1,0,"BM","mcar",0.3,"cnt","width","gnn_on_full","freq",186,2.30813760095857,0.163061229492245
"types_mixed",300,1,0,"BM","mcar",0.3,"cnt","width","gnn_off","freq",200,NA,NA
"types_mixed",300,1,0,"BM","mcar",0.3,"cnt","width","gnn_off_rphylopars","freq",200,NA,NA
"types_mixed",300,1,0,"BM","mcar",0.3,"cnt","width","floor","freq",200,NA,NA
"types_mixed",1000,1,0,"BM","mcar",0.3,"cnt","width","bace","freq",93,NA,NA
"types_mixed",1000,1,0,"BM","mcar",0.3,"cnt","width","freq_lambda","freq",200,NA,NA
"types_mixed",1000,1,0,"BM","mcar",0.3,"cnt","width","gnn_on","freq",200,NA,NA
"types_mixed",1000,1,0,"BM","mcar",0.3,"cnt","width","gnn_on_full","freq",191,1.50935694352444,0.07721352543581
"types_mixed",1000,1,0,"BM","mcar",0.3,"cnt","width","gnn_off","freq",200,NA,NA
"types_mixed",1000,1,0,"BM","mcar",0.3,"cnt","width","gnn_off_rphylopars","freq",200,NA,NA
"types_mixed",1000,1,0,"BM","mcar",0.3,"cnt","width","floor","freq",200,NA,NA
"types_mixed",100,0.3,0.5,"BM","mcar",0.3,"cnt","width","bace","freq",100,0.943814687990754,0.0628172003863625
"types_mixed",100,0.3,0.5,"BM","mcar",0.3,"cnt","width","freq_lambda","freq",200,0,0
"types_mixed",100,0.3,0.5,"BM","mcar",0.3,"cnt","width","gnn_on","freq",200,1.9297954297958,0.12254369945227
"types_mixed",100,0.3,0.5,"BM","mcar",0.3,"cnt","width","gnn_on_full","freq",200,1.94841600482175,0.122575593599597
"types_mixed",100,0.3,0.5,"BM","mcar",0.3,"cnt","width","gnn_off","freq",200,2.03899883160051,0.12615819771764
"types_mixed",100,0.3,0.5,"BM","mcar",0.3,"cnt","width","gnn_off_rphylopars","freq",200,2.20894869731989,0.164199757370784
"types_mixed",100,0.3,0.5,"BM","mcar",0.3,"cnt","width","floor","freq",200,NA,NA
"types_mixed",300,0.3,0.5,"BM","mcar",0.3,"cnt","width","bace","freq",100,0.679517111626312,0.0384312829888346
"types_mixed",300,0.3,0.5,"BM","mcar",0.3,"cnt","width","freq_lambda","freq",200,0,0
"types_mixed",300,0.3,0.5,"BM","mcar",0.3,"cnt","width","gnn_on","freq",200,3.30139056336489,0.132064611781683
"types_mixed",300,0.3,0.5,"BM","mcar",0.3,"cnt","width","gnn_on_full","freq",200,3.32647546911231,0.142968318778177
"types_mixed",300,0.3,0.5,"BM","mcar",0.3,"cnt","width","gnn_off","freq",200,3.32048558162892,0.143713194786974
"types_mixed",300,0.3,0.5,"BM","mcar",0.3,"cnt","width","gnn_off_rphylopars","freq",200,3.15797054704173,0.106583424797319
"types_mixed",300,0.3,0.5,"BM","mcar",0.3,"cnt","width","floor","freq",200,NA,NA
"types_mixed",1000,0.3,0.5,"BM","mcar",0.3,"cnt","width","bace","freq",97,0.586744866815506,0.0300536511238095
"types_mixed",1000,0.3,0.5,"BM","mcar",0.3,"cnt","width","freq_lambda","freq",200,0,0
"types_mixed",1000,0.3,0.5,"BM","mcar",0.3,"cnt","width","gnn_on","freq",200,2.62934485464095,0.0747910958633791
"types_mixed",1000,0.3,0.5,"BM","mcar",0.3,"cnt","width","gnn_on_full","freq",200,2.63514142584127,0.0749374686170491
"types_mixed",1000,0.3,0.5,"BM","mcar",0.3,"cnt","width","gnn_off","freq",200,2.60458159570823,0.0756564747836121
"types_mixed",1000,0.3,0.5,"BM","mcar",0.3,"cnt","width","gnn_off_rphylopars","freq",200,2.54144983617572,0.0729492895797853
"types_mixed",1000,0.3,0.5,"BM","mcar",0.3,"cnt","width","floor","freq",200,NA,NA
"types_mixed",100,0.7,0.5,"BM","mcar",0.3,"cnt","width","bace","freq",97,0.585041965925773,0.0692573230226131
"types_mixed",100,0.7,0.5,"BM","mcar",0.3,"cnt","width","freq_lambda","freq",200,0,0
"types_mixed",100,0.7,0.5,"BM","mcar",0.3,"cnt","width","gnn_on","freq",200,1.5020122287151,0.174523647582751
"types_mixed",100,0.7,0.5,"BM","mcar",0.3,"cnt","width","gnn_on_full","freq",200,1.51418343589998,0.174094627546065
"types_mixed",100,0.7,0.5,"BM","mcar",0.3,"cnt","width","gnn_off","freq",200,1.56253223375367,0.1575548209626
"types_mixed",100,0.7,0.5,"BM","mcar",0.3,"cnt","width","gnn_off_rphylopars","freq",200,1.81446644967921,0.222642326991075
"types_mixed",100,0.7,0.5,"BM","mcar",0.3,"cnt","width","floor","freq",200,NA,NA
"types_mixed",300,0.7,0.5,"BM","mcar",0.3,"cnt","width","bace","freq",99,NA,NA
"types_mixed",300,0.7,0.5,"BM","mcar",0.3,"cnt","width","freq_lambda","freq",200,0,0
"types_mixed",300,0.7,0.5,"BM","mcar",0.3,"cnt","width","gnn_on","freq",200,3.05450752020945,0.149983649208857
"types_mixed",300,0.7,0.5,"BM","mcar",0.3,"cnt","width","gnn_on_full","freq",200,3.06515109767616,0.150287284030569
"types_mixed",300,0.7,0.5,"BM","mcar",0.3,"cnt","width","gnn_off","freq",200,3.00332348625168,0.143444665853711
"types_mixed",300,0.7,0.5,"BM","mcar",0.3,"cnt","width","gnn_off_rphylopars","freq",200,2.9539935197735,0.138937145821531
"types_mixed",300,0.7,0.5,"BM","mcar",0.3,"cnt","width","floor","freq",200,NA,NA
"types_mixed",1000,0.7,0.5,"BM","mcar",0.3,"cnt","width","bace","freq",90,NA,NA
"types_mixed",1000,0.7,0.5,"BM","mcar",0.3,"cnt","width","freq_lambda","freq",200,0,0
"types_mixed",1000,0.7,0.5,"BM","mcar",0.3,"cnt","width","gnn_on","freq",200,2.17628402367534,0.0782886786359332
"types_mixed",1000,0.7,0.5,"BM","mcar",0.3,"cnt","width","gnn_on_full","freq",200,2.17854409471503,0.0785165099318751
"types_mixed",1000,0.7,0.5,"BM","mcar",0.3,"cnt","width","gnn_off","freq",200,2.11008176522415,0.0783777969733145
"types_mixed",1000,0.7,0.5,"BM","mcar",0.3,"cnt","width","gnn_off_rphylopars","freq",200,2.09238073577255,0.0793223775095565
"types_mixed",1000,0.7,0.5,"BM","mcar",0.3,"cnt","width","floor","freq",200,NA,NA
"types_mixed",100,1,0.5,"BM","mcar",0.3,"cnt","width","bace","freq",100,NA,NA
"types_mixed",100,1,0.5,"BM","mcar",0.3,"cnt","width","freq_lambda","freq",200,NA,NA
"types_mixed",100,1,0.5,"BM","mcar",0.3,"cnt","width","gnn_on","freq",200,NA,NA
"types_mixed",100,1,0.5,"BM","mcar",0.3,"cnt","width","gnn_on_full","freq",183,0.68339808831897,0.127376609074345
"types_mixed",100,1,0.5,"BM","mcar",0.3,"cnt","width","gnn_off","freq",200,NA,NA
"types_mixed",100,1,0.5,"BM","mcar",0.3,"cnt","width","gnn_off_rphylopars","freq",200,NA,NA
"types_mixed",100,1,0.5,"BM","mcar",0.3,"cnt","width","floor","freq",200,NA,NA
"types_mixed",300,1,0.5,"BM","mcar",0.3,"cnt","width","bace","freq",100,NA,NA
"types_mixed",300,1,0.5,"BM","mcar",0.3,"cnt","width","freq_lambda","freq",200,NA,NA
"types_mixed",300,1,0.5,"BM","mcar",0.3,"cnt","width","gnn_on","freq",200,NA,NA
"types_mixed",300,1,0.5,"BM","mcar",0.3,"cnt","width","gnn_on_full","freq",185,2.24054830477391,0.185353363582033
"types_mixed",300,1,0.5,"BM","mcar",0.3,"cnt","width","gnn_off","freq",200,NA,NA
"types_mixed",300,1,0.5,"BM","mcar",0.3,"cnt","width","gnn_off_rphylopars","freq",200,NA,NA
"types_mixed",300,1,0.5,"BM","mcar",0.3,"cnt","width","floor","freq",200,NA,NA
"types_mixed",1000,1,0.5,"BM","mcar",0.3,"cnt","width","bace","freq",100,NA,NA
"types_mixed",1000,1,0.5,"BM","mcar",0.3,"cnt","width","freq_lambda","freq",200,NA,NA
"types_mixed",1000,1,0.5,"BM","mcar",0.3,"cnt","width","gnn_on","freq",200,NA,NA
"types_mixed",1000,1,0.5,"BM","mcar",0.3,"cnt","width","gnn_on_full","freq",193,1.40749473054618,0.0661190319326057
"types_mixed",1000,1,0.5,"BM","mcar",0.3,"cnt","width","gnn_off","freq",200,NA,NA
"types_mixed",1000,1,0.5,"BM","mcar",0.3,"cnt","width","gnn_off_rphylopars","freq",200,NA,NA
"types_mixed",1000,1,0.5,"BM","mcar",0.3,"cnt","width","floor","freq",200,NA,NA
"types_mixed",100,0.3,0,"BM","mcar",0.3,"prp","width","bace","freq",100,-0.478803935832088,0.0569493326652568
"types_mixed",100,0.3,0,"BM","mcar",0.3,"prp","width","freq_lambda","freq",200,-0.237531074336276,0.0330474348989033
"types_mixed",100,0.3,0,"BM","mcar",0.3,"prp","width","gnn_on","freq",200,-0.18570590726615,0.0581280438716364
"types_mixed",100,0.3,0,"BM","mcar",0.3,"prp","width","gnn_on_full","freq",200,-0.187700691499487,0.0579823972987167
"types_mixed",100,0.3,0,"BM","mcar",0.3,"prp","width","gnn_off","freq",200,-0.173998070699759,0.0578696284520728
"types_mixed",100,0.3,0,"BM","mcar",0.3,"prp","width","gnn_off_rphylopars","freq",200,-0.179829525934538,0.0577765087881909
"types_mixed",100,0.3,0,"BM","mcar",0.3,"prp","width","floor","freq",200,NA,NA
"types_mixed",300,0.3,0,"BM","mcar",0.3,"prp","width","bace","freq",100,-1.14180309227999,0.0405106890260903
"types_mixed",300,0.3,0,"BM","mcar",0.3,"prp","width","freq_lambda","freq",200,-0.55213782596314,0.0247328469129833
"types_mixed",300,0.3,0,"BM","mcar",0.3,"prp","width","gnn_on","freq",200,0.0139220161588964,0.0368327345592952
"types_mixed",300,0.3,0,"BM","mcar",0.3,"prp","width","gnn_on_full","freq",200,0.0144059236151335,0.0368997538259429
"types_mixed",300,0.3,0,"BM","mcar",0.3,"prp","width","gnn_off","freq",200,0.0273954456132179,0.0371286568385444
"types_mixed",300,0.3,0,"BM","mcar",0.3,"prp","width","gnn_off_rphylopars","freq",200,0.0360885605325017,0.037135757045694
"types_mixed",300,0.3,0,"BM","mcar",0.3,"prp","width","floor","freq",200,NA,NA
"types_mixed",1000,0.3,0,"BM","mcar",0.3,"prp","width","bace","freq",100,-1.44031973700321,0.0271145863241932
"types_mixed",1000,0.3,0,"BM","mcar",0.3,"prp","width","freq_lambda","freq",200,-0.769042303640516,0.0166425339055519
"types_mixed",1000,0.3,0,"BM","mcar",0.3,"prp","width","gnn_on","freq",200,-0.334779715351739,0.0220597387741352
"types_mixed",1000,0.3,0,"BM","mcar",0.3,"prp","width","gnn_on_full","freq",200,-0.335616848642099,0.022023224451776
"types_mixed",1000,0.3,0,"BM","mcar",0.3,"prp","width","gnn_off","freq",200,-0.330111380440445,0.022129387138439
"types_mixed",1000,0.3,0,"BM","mcar",0.3,"prp","width","gnn_off_rphylopars","freq",200,-0.344178226195878,0.0219393686393158
"types_mixed",1000,0.3,0,"BM","mcar",0.3,"prp","width","floor","freq",200,NA,NA
"types_mixed",100,0.7,0,"BM","mcar",0.3,"prp","width","bace","freq",100,NA,NA
"types_mixed",100,0.7,0,"BM","mcar",0.3,"prp","width","freq_lambda","freq",200,-0.518208614824548,0.0412429433038201
"types_mixed",100,0.7,0,"BM","mcar",0.3,"prp","width","gnn_on","freq",200,-0.418918324062803,0.0650866198229944
"types_mixed",100,0.7,0,"BM","mcar",0.3,"prp","width","gnn_on_full","freq",200,-0.424388419305223,0.0648245741513227
"types_mixed",100,0.7,0,"BM","mcar",0.3,"prp","width","gnn_off","freq",200,-0.400583507242043,0.0642710109762274
"types_mixed",100,0.7,0,"BM","mcar",0.3,"prp","width","gnn_off_rphylopars","freq",200,-0.231041484507346,0.0661150565640299
"types_mixed",100,0.7,0,"BM","mcar",0.3,"prp","width","floor","freq",200,NA,NA
"types_mixed",300,0.7,0,"BM","mcar",0.3,"prp","width","bace","freq",100,-1.42898768795961,0.057457966388593
"types_mixed",300,0.7,0,"BM","mcar",0.3,"prp","width","freq_lambda","freq",200,-0.993873893527058,0.0377432774982613
"types_mixed",300,0.7,0,"BM","mcar",0.3,"prp","width","gnn_on","freq",200,-0.247946453537961,0.0501849515135989
"types_mixed",300,0.7,0,"BM","mcar",0.3,"prp","width","gnn_on_full","freq",200,-0.247424269927505,0.050107094786877
"types_mixed",300,0.7,0,"BM","mcar",0.3,"prp","width","gnn_off","freq",200,-0.24350931781479,0.049759215900687
"types_mixed",300,0.7,0,"BM","mcar",0.3,"prp","width","gnn_off_rphylopars","freq",200,-0.0776595150974456,0.0546785823145676
"types_mixed",300,0.7,0,"BM","mcar",0.3,"prp","width","floor","freq",200,NA,NA
"types_mixed",1000,0.7,0,"BM","mcar",0.3,"prp","width","bace","freq",100,NA,NA
"types_mixed",1000,0.7,0,"BM","mcar",0.3,"prp","width","freq_lambda","freq",200,-1.26739668042407,0.0297344303185775
"types_mixed",1000,0.7,0,"BM","mcar",0.3,"prp","width","gnn_on","freq",200,-0.729594633468166,0.0358296048847447
"types_mixed",1000,0.7,0,"BM","mcar",0.3,"prp","width","gnn_on_full","freq",200,-0.731339473480881,0.0357961772373533
"types_mixed",1000,0.7,0,"BM","mcar",0.3,"prp","width","gnn_off","freq",200,-0.707556303844945,0.0360881235874389
"types_mixed",1000,0.7,0,"BM","mcar",0.3,"prp","width","gnn_off_rphylopars","freq",200,-0.619754484583169,0.037261114230416
"types_mixed",1000,0.7,0,"BM","mcar",0.3,"prp","width","floor","freq",200,NA,NA
"types_mixed",100,1,0,"BM","mcar",0.3,"prp","width","bace","freq",100,NA,NA
"types_mixed",100,1,0,"BM","mcar",0.3,"prp","width","freq_lambda","freq",200,NA,NA
"types_mixed",100,1,0,"BM","mcar",0.3,"prp","width","gnn_on","freq",200,NA,NA
"types_mixed",100,1,0,"BM","mcar",0.3,"prp","width","gnn_on_full","freq",185,-0.965061317847327,0.0751741197278971
"types_mixed",100,1,0,"BM","mcar",0.3,"prp","width","gnn_off","freq",200,NA,NA
"types_mixed",100,1,0,"BM","mcar",0.3,"prp","width","gnn_off_rphylopars","freq",200,NA,NA
"types_mixed",100,1,0,"BM","mcar",0.3,"prp","width","floor","freq",200,NA,NA
"types_mixed",300,1,0,"BM","mcar",0.3,"prp","width","bace","freq",100,NA,NA
"types_mixed",300,1,0,"BM","mcar",0.3,"prp","width","freq_lambda","freq",200,NA,NA
"types_mixed",300,1,0,"BM","mcar",0.3,"prp","width","gnn_on","freq",200,NA,NA
"types_mixed",300,1,0,"BM","mcar",0.3,"prp","width","gnn_on_full","freq",186,-1.07174749247638,0.0811312403250508
"types_mixed",300,1,0,"BM","mcar",0.3,"prp","width","gnn_off","freq",200,NA,NA
"types_mixed",300,1,0,"BM","mcar",0.3,"prp","width","gnn_off_rphylopars","freq",200,NA,NA
"types_mixed",300,1,0,"BM","mcar",0.3,"prp","width","floor","freq",200,NA,NA
"types_mixed",1000,1,0,"BM","mcar",0.3,"prp","width","bace","freq",93,NA,NA
"types_mixed",1000,1,0,"BM","mcar",0.3,"prp","width","freq_lambda","freq",200,NA,NA
"types_mixed",1000,1,0,"BM","mcar",0.3,"prp","width","gnn_on","freq",200,NA,NA
"types_mixed",1000,1,0,"BM","mcar",0.3,"prp","width","gnn_on_full","freq",191,-1.56584493571386,0.069917289853811
"types_mixed",1000,1,0,"BM","mcar",0.3,"prp","width","gnn_off","freq",200,NA,NA
"types_mixed",1000,1,0,"BM","mcar",0.3,"prp","width","gnn_off_rphylopars","freq",200,NA,NA
"types_mixed",1000,1,0,"BM","mcar",0.3,"prp","width","floor","freq",200,NA,NA
"types_mixed",100,0.3,0.5,"BM","mcar",0.3,"prp","width","bace","freq",100,-0.652994755206446,0.0569786534973983
"types_mixed",100,0.3,0.5,"BM","mcar",0.3,"prp","width","freq_lambda","freq",200,-0.341011733087036,0.0363854343932423
"types_mixed",100,0.3,0.5,"BM","mcar",0.3,"prp","width","gnn_on","freq",200,-0.131919113122723,0.0590534948954524
"types_mixed",100,0.3,0.5,"BM","mcar",0.3,"prp","width","gnn_on_full","freq",200,-0.135240744849456,0.0590805580600003
"types_mixed",100,0.3,0.5,"BM","mcar",0.3,"prp","width","gnn_off","freq",200,-0.0892692844421229,0.0577673010425435
"types_mixed",100,0.3,0.5,"BM","mcar",0.3,"prp","width","gnn_off_rphylopars","freq",200,-0.0393521673416026,0.05858866716872
"types_mixed",100,0.3,0.5,"BM","mcar",0.3,"prp","width","floor","freq",200,NA,NA
"types_mixed",300,0.3,0.5,"BM","mcar",0.3,"prp","width","bace","freq",100,-1.13223047487222,0.0422930729888768
"types_mixed",300,0.3,0.5,"BM","mcar",0.3,"prp","width","freq_lambda","freq",200,-0.644170037833298,0.0271144795043384
"types_mixed",300,0.3,0.5,"BM","mcar",0.3,"prp","width","gnn_on","freq",200,0.160335150454661,0.0413446455456033
"types_mixed",300,0.3,0.5,"BM","mcar",0.3,"prp","width","gnn_on_full","freq",200,0.158349956958578,0.0413153634069484
"types_mixed",300,0.3,0.5,"BM","mcar",0.3,"prp","width","gnn_off","freq",200,0.162305443648455,0.0414347222256181
"types_mixed",300,0.3,0.5,"BM","mcar",0.3,"prp","width","gnn_off_rphylopars","freq",200,0.123662515185007,0.0418297375308691
"types_mixed",300,0.3,0.5,"BM","mcar",0.3,"prp","width","floor","freq",200,NA,NA
"types_mixed",1000,0.3,0.5,"BM","mcar",0.3,"prp","width","bace","freq",97,-1.4208102019158,0.0275218702479457
"types_mixed",1000,0.3,0.5,"BM","mcar",0.3,"prp","width","freq_lambda","freq",200,-0.856301565676153,0.017776997090191
"types_mixed",1000,0.3,0.5,"BM","mcar",0.3,"prp","width","gnn_on","freq",200,-0.164910238545487,0.0229134671389297
"types_mixed",1000,0.3,0.5,"BM","mcar",0.3,"prp","width","gnn_on_full","freq",200,-0.166024327619723,0.0228978913762338
"types_mixed",1000,0.3,0.5,"BM","mcar",0.3,"prp","width","gnn_off","freq",200,-0.153805253723938,0.0232747644397393
"types_mixed",1000,0.3,0.5,"BM","mcar",0.3,"prp","width","gnn_off_rphylopars","freq",200,-0.254153066320607,0.0224752238796779
"types_mixed",1000,0.3,0.5,"BM","mcar",0.3,"prp","width","floor","freq",200,NA,NA
"types_mixed",100,0.7,0.5,"BM","mcar",0.3,"prp","width","bace","freq",97,-0.780772518531084,0.0656699454883263
"types_mixed",100,0.7,0.5,"BM","mcar",0.3,"prp","width","freq_lambda","freq",200,-0.598869659986458,0.0430703944654214
"types_mixed",100,0.7,0.5,"BM","mcar",0.3,"prp","width","gnn_on","freq",200,-0.439659417831066,0.0677696684071692
"types_mixed",100,0.7,0.5,"BM","mcar",0.3,"prp","width","gnn_on_full","freq",200,-0.440985300878783,0.0674434283442325
"types_mixed",100,0.7,0.5,"BM","mcar",0.3,"prp","width","gnn_off","freq",200,-0.367234595835563,0.0672415032074275
"types_mixed",100,0.7,0.5,"BM","mcar",0.3,"prp","width","gnn_off_rphylopars","freq",200,-0.229177992491503,0.0672684918099732
"types_mixed",100,0.7,0.5,"BM","mcar",0.3,"prp","width","floor","freq",200,NA,NA
"types_mixed",300,0.7,0.5,"BM","mcar",0.3,"prp","width","bace","freq",99,NA,NA
"types_mixed",300,0.7,0.5,"BM","mcar",0.3,"prp","width","freq_lambda","freq",200,-0.985198382626308,0.0358915217110516
"types_mixed",300,0.7,0.5,"BM","mcar",0.3,"prp","width","gnn_on","freq",200,-0.110199877714817,0.0535252836807717
"types_mixed",300,0.7,0.5,"BM","mcar",0.3,"prp","width","gnn_on_full","freq",200,-0.111704938497112,0.0533792980333142
"types_mixed",300,0.7,0.5,"BM","mcar",0.3,"prp","width","gnn_off","freq",200,-0.064138881408948,0.0525159374452829
"types_mixed",300,0.7,0.5,"BM","mcar",0.3,"prp","width","gnn_off_rphylopars","freq",200,-0.133869134589945,0.0497375895495584
"types_mixed",300,0.7,0.5,"BM","mcar",0.3,"prp","width","floor","freq",200,NA,NA
"types_mixed",1000,0.7,0.5,"BM","mcar",0.3,"prp","width","bace","freq",90,NA,NA
"types_mixed",1000,0.7,0.5,"BM","mcar",0.3,"prp","width","freq_lambda","freq",200,-1.2963854273458,0.0284017799524438
"types_mixed",1000,0.7,0.5,"BM","mcar",0.3,"prp","width","gnn_on","freq",200,-0.549462415698737,0.0311149274417778
"types_mixed",1000,0.7,0.5,"BM","mcar",0.3,"prp","width","gnn_on_full","freq",200,-0.550486304054482,0.0310927933768215
"types_mixed",1000,0.7,0.5,"BM","mcar",0.3,"prp","width","gnn_off","freq",200,-0.534012422646352,0.0318622491133331
"types_mixed",1000,0.7,0.5,"BM","mcar",0.3,"prp","width","gnn_off_rphylopars","freq",200,-0.568132109103448,0.0325891926111003
"types_mixed",1000,0.7,0.5,"BM","mcar",0.3,"prp","width","floor","freq",200,NA,NA
"types_mixed",100,1,0.5,"BM","mcar",0.3,"prp","width","bace","freq",100,NA,NA
"types_mixed",100,1,0.5,"BM","mcar",0.3,"prp","width","freq_lambda","freq",200,NA,NA
"types_mixed",100,1,0.5,"BM","mcar",0.3,"prp","width","gnn_on","freq",200,NA,NA
"types_mixed",100,1,0.5,"BM","mcar",0.3,"prp","width","gnn_on_full","freq",183,-1.0275197923021,0.074900676456717
"types_mixed",100,1,0.5,"BM","mcar",0.3,"prp","width","gnn_off","freq",200,NA,NA
"types_mixed",100,1,0.5,"BM","mcar",0.3,"prp","width","gnn_off_rphylopars","freq",200,NA,NA
"types_mixed",100,1,0.5,"BM","mcar",0.3,"prp","width","floor","freq",200,NA,NA
"types_mixed",300,1,0.5,"BM","mcar",0.3,"prp","width","bace","freq",100,NA,NA
"types_mixed",300,1,0.5,"BM","mcar",0.3,"prp","width","freq_lambda","freq",200,NA,NA
"types_mixed",300,1,0.5,"BM","mcar",0.3,"prp","width","gnn_on","freq",200,NA,NA
"types_mixed",300,1,0.5,"BM","mcar",0.3,"prp","width","gnn_on_full","freq",185,-1.03295177067186,0.0736539708788494
"types_mixed",300,1,0.5,"BM","mcar",0.3,"prp","width","gnn_off","freq",200,NA,NA
"types_mixed",300,1,0.5,"BM","mcar",0.3,"prp","width","gnn_off_rphylopars","freq",200,NA,NA
"types_mixed",300,1,0.5,"BM","mcar",0.3,"prp","width","floor","freq",200,NA,NA
"types_mixed",1000,1,0.5,"BM","mcar",0.3,"prp","width","bace","freq",100,NA,NA
"types_mixed",1000,1,0.5,"BM","mcar",0.3,"prp","width","freq_lambda","freq",200,NA,NA
"types_mixed",1000,1,0.5,"BM","mcar",0.3,"prp","width","gnn_on","freq",200,NA,NA
"types_mixed",1000,1,0.5,"BM","mcar",0.3,"prp","width","gnn_on_full","freq",193,-1.56927472961488,0.0778395230398668
"types_mixed",1000,1,0.5,"BM","mcar",0.3,"prp","width","gnn_off","freq",200,NA,NA
"types_mixed",1000,1,0.5,"BM","mcar",0.3,"prp","width","gnn_off_rphylopars","freq",200,NA,NA
"types_mixed",1000,1,0.5,"BM","mcar",0.3,"prp","width","floor","freq",200,NA,NA
"types_mixed",100,0.3,0,"BM","mcar",0.3,"c1","zRMSE","bace","freq",100,-0.159160114646573,0.0370679562018677
"types_mixed",100,0.3,0,"BM","mcar",0.3,"c1","zRMSE","freq_lambda","freq",200,-0.363069116455445,0.0213444191899151
"types_mixed",100,0.3,0,"BM","mcar",0.3,"c1","zRMSE","gnn_on","freq",200,-0.252409385816414,0.0226697559338344
"types_mixed",100,0.3,0,"BM","mcar",0.3,"c1","zRMSE","gnn_on_full","freq",200,-0.249400819682593,0.0228144467926915
"types_mixed",100,0.3,0,"BM","mcar",0.3,"c1","zRMSE","gnn_off","freq",200,-0.244987415674161,0.0229331001210134
"types_mixed",100,0.3,0,"BM","mcar",0.3,"c1","zRMSE","gnn_off_rphylopars","freq",200,-0.241555561110697,0.0232916768222967
"types_mixed",100,0.3,0,"BM","mcar",0.3,"c1","zRMSE","floor","freq",200,-0.247520070447363,0.0233266374665753
"types_mixed",300,0.3,0,"BM","mcar",0.3,"c1","zRMSE","bace","freq",100,-0.271468893849942,0.10575502803959
"types_mixed",300,0.3,0,"BM","mcar",0.3,"c1","zRMSE","freq_lambda","freq",200,-0.387692140211662,0.0556573673662874
"types_mixed",300,0.3,0,"BM","mcar",0.3,"c1","zRMSE","gnn_on","freq",200,-0.262192622326288,0.055780491227016
"types_mixed",300,0.3,0,"BM","mcar",0.3,"c1","zRMSE","gnn_on_full","freq",200,-0.261187187226434,0.0555392836884743
"types_mixed",300,0.3,0,"BM","mcar",0.3,"c1","zRMSE","gnn_off","freq",200,-0.262111752788476,0.0555425108673567
"types_mixed",300,0.3,0,"BM","mcar",0.3,"c1","zRMSE","gnn_off_rphylopars","freq",200,-0.27185140419029,0.0555168041821813
"types_mixed",300,0.3,0,"BM","mcar",0.3,"c1","zRMSE","floor","freq",200,-0.253574158621758,0.056043770541602
"types_mixed",1000,0.3,0,"BM","mcar",0.3,"c1","zRMSE","bace","freq",100,-0.168112095722979,0.0164778146030009
"types_mixed",1000,0.3,0,"BM","mcar",0.3,"c1","zRMSE","freq_lambda","freq",200,-0.341908218952649,0.0153753794842804
"types_mixed",1000,0.3,0,"BM","mcar",0.3,"c1","zRMSE","gnn_on","freq",200,-0.211274148525262,0.0158416344010744
"types_mixed",1000,0.3,0,"BM","mcar",0.3,"c1","zRMSE","gnn_on_full","freq",200,-0.211049457737212,0.0158062029534
"types_mixed",1000,0.3,0,"BM","mcar",0.3,"c1","zRMSE","gnn_off","freq",200,-0.214552259132868,0.0157643960730739
"types_mixed",1000,0.3,0,"BM","mcar",0.3,"c1","zRMSE","gnn_off_rphylopars","freq",200,-0.235325147942965,0.015364739425403
"types_mixed",1000,0.3,0,"BM","mcar",0.3,"c1","zRMSE","floor","freq",200,-0.194042075293671,0.0165752064422361
"types_mixed",100,0.7,0,"BM","mcar",0.3,"c1","zRMSE","bace","freq",100,-0.0891639017994806,0.0336752649964345
"types_mixed",100,0.7,0,"BM","mcar",0.3,"c1","zRMSE","freq_lambda","freq",200,-0.274209022911238,0.0193759727916382
"types_mixed",100,0.7,0,"BM","mcar",0.3,"c1","zRMSE","gnn_on","freq",200,-0.141012300252429,0.0199587775348492
"types_mixed",100,0.7,0,"BM","mcar",0.3,"c1","zRMSE","gnn_on_full","freq",200,-0.140347590183048,0.0200897243929216
"types_mixed",100,0.7,0,"BM","mcar",0.3,"c1","zRMSE","gnn_off","freq",200,-0.134510068859753,0.0200818560144421
"types_mixed",100,0.7,0,"BM","mcar",0.3,"c1","zRMSE","gnn_off_rphylopars","freq",200,-0.0326381238398288,0.0320906153899364
"types_mixed",100,0.7,0,"BM","mcar",0.3,"c1","zRMSE","floor","freq",200,0.0115902868805802,0.0252320374096155
"types_mixed",300,0.7,0,"BM","mcar",0.3,"c1","zRMSE","bace","freq",100,-0.230037326600318,0.0745042733436259
"types_mixed",300,0.7,0,"BM","mcar",0.3,"c1","zRMSE","freq_lambda","freq",200,-0.292036536784251,0.0397282281501971
"types_mixed",300,0.7,0,"BM","mcar",0.3,"c1","zRMSE","gnn_on","freq",200,-0.142712215195129,0.039838453213533
"types_mixed",300,0.7,0,"BM","mcar",0.3,"c1","zRMSE","gnn_on_full","freq",200,-0.141134136647059,0.0395227897999598
"types_mixed",300,0.7,0,"BM","mcar",0.3,"c1","zRMSE","gnn_off","freq",200,-0.138882340888819,0.0396135437204232
"types_mixed",300,0.7,0,"BM","mcar",0.3,"c1","zRMSE","gnn_off_rphylopars","freq",200,-0.0680508443876649,0.0157933493520772
"types_mixed",300,0.7,0,"BM","mcar",0.3,"c1","zRMSE","floor","freq",200,0.0131101736641788,0.0415492756047578
"types_mixed",1000,0.7,0,"BM","mcar",0.3,"c1","zRMSE","bace","freq",100,-0.156588368481073,0.0120853358397853
"types_mixed",1000,0.7,0,"BM","mcar",0.3,"c1","zRMSE","freq_lambda","freq",200,-0.264656429394479,0.0151071958185642
"types_mixed",1000,0.7,0,"BM","mcar",0.3,"c1","zRMSE","gnn_on","freq",200,-0.117341179444223,0.0150182664761513
"types_mixed",1000,0.7,0,"BM","mcar",0.3,"c1","zRMSE","gnn_on_full","freq",200,-0.115130077611406,0.015048248141066
"types_mixed",1000,0.7,0,"BM","mcar",0.3,"c1","zRMSE","gnn_off","freq",200,-0.12097664043047,0.0150700506616746
"types_mixed",1000,0.7,0,"BM","mcar",0.3,"c1","zRMSE","gnn_off_rphylopars","freq",200,-0.113248776148544,0.014446375468212
"types_mixed",1000,0.7,0,"BM","mcar",0.3,"c1","zRMSE","floor","freq",200,0.0507991922821686,0.0191850433499899
"types_mixed",100,1,0,"BM","mcar",0.3,"c1","zRMSE","bace","freq",100,0.37535000426255,0.0393751912550949
"types_mixed",100,1,0,"BM","mcar",0.3,"c1","zRMSE","freq_lambda","freq",200,0.000630858275128588,0.000461814202194573
"types_mixed",100,1,0,"BM","mcar",0.3,"c1","zRMSE","gnn_on","freq",200,0.0498294201240168,0.00566187040107972
"types_mixed",100,1,0,"BM","mcar",0.3,"c1","zRMSE","gnn_on_full","freq",185,0.0320465160741554,0.0056923953783669
"types_mixed",100,1,0,"BM","mcar",0.3,"c1","zRMSE","gnn_off","freq",200,-0.0342338868064373,0.0171461858708695
"types_mixed",100,1,0,"BM","mcar",0.3,"c1","zRMSE","gnn_off_rphylopars","freq",200,-0.039872294814217,0.0173618005254933
"types_mixed",100,1,0,"BM","mcar",0.3,"c1","zRMSE","floor","freq",200,0.723296702052134,0.0190225120149821
"types_mixed",300,1,0,"BM","mcar",0.3,"c1","zRMSE","bace","freq",100,0.452637915634202,0.0433514946898003
"types_mixed",300,1,0,"BM","mcar",0.3,"c1","zRMSE","freq_lambda","freq",200,0.00029407153606912,9.45187685329593e-05
"types_mixed",300,1,0,"BM","mcar",0.3,"c1","zRMSE","gnn_on","freq",200,0.0313479342155242,0.00220880588223704
"types_mixed",300,1,0,"BM","mcar",0.3,"c1","zRMSE","gnn_on_full","freq",186,0.0110171300718833,0.00123547092309429
"types_mixed",300,1,0,"BM","mcar",0.3,"c1","zRMSE","gnn_off","freq",200,-0.0498375194870615,0.0159209866515645
"types_mixed",300,1,0,"BM","mcar",0.3,"c1","zRMSE","gnn_off_rphylopars","freq",200,-0.0581128666730967,0.0159506958773474
"types_mixed",300,1,0,"BM","mcar",0.3,"c1","zRMSE","floor","freq",200,0.810083601075185,0.0171880997675692
"types_mixed",1000,1,0,"BM","mcar",0.3,"c1","zRMSE","bace","freq",93,0.426660632108243,0.0477550740269769
"types_mixed",1000,1,0,"BM","mcar",0.3,"c1","zRMSE","freq_lambda","freq",200,0.000126419157175108,2.18044261667975e-05
"types_mixed",1000,1,0,"BM","mcar",0.3,"c1","zRMSE","gnn_on","freq",200,0.0193945316866327,0.00112013036277026
"types_mixed",1000,1,0,"BM","mcar",0.3,"c1","zRMSE","gnn_on_full","freq",191,0.00676028149812179,0.00044736121582576
"types_mixed",1000,1,0,"BM","mcar",0.3,"c1","zRMSE","gnn_off","freq",200,-0.0352537544294811,0.0137192243046428
"types_mixed",1000,1,0,"BM","mcar",0.3,"c1","zRMSE","gnn_off_rphylopars","freq",200,-0.0411300698824614,0.0137140310354905
"types_mixed",1000,1,0,"BM","mcar",0.3,"c1","zRMSE","floor","freq",200,0.881659247637937,0.0139916331519686
"types_mixed",100,0.3,0.5,"BM","mcar",0.3,"c1","zRMSE","bace","freq",100,-0.199772032797491,0.0286485674918167
"types_mixed",100,0.3,0.5,"BM","mcar",0.3,"c1","zRMSE","freq_lambda","freq",200,-0.336668077779563,0.0183888431051088
"types_mixed",100,0.3,0.5,"BM","mcar",0.3,"c1","zRMSE","gnn_on","freq",200,-0.160306829270156,0.0202737833073981
"types_mixed",100,0.3,0.5,"BM","mcar",0.3,"c1","zRMSE","gnn_on_full","freq",200,-0.159908497994196,0.0204197602891167
"types_mixed",100,0.3,0.5,"BM","mcar",0.3,"c1","zRMSE","gnn_off","freq",200,-0.136510630058073,0.020779258646503
"types_mixed",100,0.3,0.5,"BM","mcar",0.3,"c1","zRMSE","gnn_off_rphylopars","freq",200,-0.139725664297499,0.0214610754387701
"types_mixed",100,0.3,0.5,"BM","mcar",0.3,"c1","zRMSE","floor","freq",200,-0.139043284831275,0.0209689757211176
"types_mixed",300,0.3,0.5,"BM","mcar",0.3,"c1","zRMSE","bace","freq",100,-0.364854171999051,0.0651630498729729
"types_mixed",300,0.3,0.5,"BM","mcar",0.3,"c1","zRMSE","freq_lambda","freq",200,-0.339148795268237,0.0336910472931743
"types_mixed",300,0.3,0.5,"BM","mcar",0.3,"c1","zRMSE","gnn_on","freq",200,-0.140427520925873,0.0341015334701894
"types_mixed",300,0.3,0.5,"BM","mcar",0.3,"c1","zRMSE","gnn_on_full","freq",200,-0.139451361385793,0.0338828526246788
"types_mixed",300,0.3,0.5,"BM","mcar",0.3,"c1","zRMSE","gnn_off","freq",200,-0.138609248317578,0.0341383426658407
"types_mixed",300,0.3,0.5,"BM","mcar",0.3,"c1","zRMSE","gnn_off_rphylopars","freq",200,-0.158208136498763,0.0261353766617631
"types_mixed",300,0.3,0.5,"BM","mcar",0.3,"c1","zRMSE","floor","freq",200,-0.13007165415086,0.0345661450392151
"types_mixed",1000,0.3,0.5,"BM","mcar",0.3,"c1","zRMSE","bace","freq",97,-0.288837161639968,0.0122300363042709
"types_mixed",1000,0.3,0.5,"BM","mcar",0.3,"c1","zRMSE","freq_lambda","freq",200,-0.311555414030875,0.0123096880696017
"types_mixed",1000,0.3,0.5,"BM","mcar",0.3,"c1","zRMSE","gnn_on","freq",200,-0.104029020747807,0.0125862620896483
"types_mixed",1000,0.3,0.5,"BM","mcar",0.3,"c1","zRMSE","gnn_on_full","freq",200,-0.103178453118882,0.0126042278177154
"types_mixed",1000,0.3,0.5,"BM","mcar",0.3,"c1","zRMSE","gnn_off","freq",200,-0.106184350161767,0.0125876414404917
"types_mixed",1000,0.3,0.5,"BM","mcar",0.3,"c1","zRMSE","gnn_off_rphylopars","freq",200,-0.163097996957738,0.0118474509930764
"types_mixed",1000,0.3,0.5,"BM","mcar",0.3,"c1","zRMSE","floor","freq",200,-0.0856741663225703,0.013425723143358
"types_mixed",100,0.7,0.5,"BM","mcar",0.3,"c1","zRMSE","bace","freq",97,-0.12653074629616,0.0307919280667423
"types_mixed",100,0.7,0.5,"BM","mcar",0.3,"c1","zRMSE","freq_lambda","freq",200,-0.238552842729686,0.0155108636786102
"types_mixed",100,0.7,0.5,"BM","mcar",0.3,"c1","zRMSE","gnn_on","freq",200,-0.0651970935672091,0.0167620964778408
"types_mixed",100,0.7,0.5,"BM","mcar",0.3,"c1","zRMSE","gnn_on_full","freq",200,-0.0652272071486498,0.0170727625640796
"types_mixed",100,0.7,0.5,"BM","mcar",0.3,"c1","zRMSE","gnn_off","freq",200,-0.037001703630312,0.0168944918041114
"types_mixed",100,0.7,0.5,"BM","mcar",0.3,"c1","zRMSE","gnn_off_rphylopars","freq",200,-0.0201052565252862,0.0178643144341823
"types_mixed",100,0.7,0.5,"BM","mcar",0.3,"c1","zRMSE","floor","freq",200,0.109098652110021,0.0214256990365124
"types_mixed",300,0.7,0.5,"BM","mcar",0.3,"c1","zRMSE","bace","freq",99,-0.250594801641378,0.0452902793335564
"types_mixed",300,0.7,0.5,"BM","mcar",0.3,"c1","zRMSE","freq_lambda","freq",200,-0.248618673903061,0.0237727579114319
"types_mixed",300,0.7,0.5,"BM","mcar",0.3,"c1","zRMSE","gnn_on","freq",200,-0.0547616344528478,0.0239079753349415
"types_mixed",300,0.7,0.5,"BM","mcar",0.3,"c1","zRMSE","gnn_on_full","freq",200,-0.0526529317657594,0.0237500755208181
"types_mixed",300,0.7,0.5,"BM","mcar",0.3,"c1","zRMSE","gnn_off","freq",200,-0.0390014961505045,0.0237298130035669
"types_mixed",300,0.7,0.5,"BM","mcar",0.3,"c1","zRMSE","gnn_off_rphylopars","freq",200,-0.0580409121574284,0.0158624047052871
"types_mixed",300,0.7,0.5,"BM","mcar",0.3,"c1","zRMSE","floor","freq",200,0.112991018402493,0.0262765436140886
"types_mixed",1000,0.7,0.5,"BM","mcar",0.3,"c1","zRMSE","bace","freq",90,-0.207669062792813,0.0101065957634458
"types_mixed",1000,0.7,0.5,"BM","mcar",0.3,"c1","zRMSE","freq_lambda","freq",200,-0.237504406484829,0.0114119568667406
"types_mixed",1000,0.7,0.5,"BM","mcar",0.3,"c1","zRMSE","gnn_on","freq",200,-0.0335281889316045,0.0111634605863719
"types_mixed",1000,0.7,0.5,"BM","mcar",0.3,"c1","zRMSE","gnn_on_full","freq",200,-0.0305832989244611,0.0112312624452815
"types_mixed",1000,0.7,0.5,"BM","mcar",0.3,"c1","zRMSE","gnn_off","freq",200,-0.0349891126575467,0.0111379089610714
"types_mixed",1000,0.7,0.5,"BM","mcar",0.3,"c1","zRMSE","gnn_off_rphylopars","freq",200,-0.0858865122295338,0.0100465151457307
"types_mixed",1000,0.7,0.5,"BM","mcar",0.3,"c1","zRMSE","floor","freq",200,0.136786720055092,0.0154374737883493
"types_mixed",100,1,0.5,"BM","mcar",0.3,"c1","zRMSE","bace","freq",100,0.43045807736629,0.0403315128035774
"types_mixed",100,1,0.5,"BM","mcar",0.3,"c1","zRMSE","freq_lambda","freq",200,0.000201877191085418,0.000548081319484572
"types_mixed",100,1,0.5,"BM","mcar",0.3,"c1","zRMSE","gnn_on","freq",200,0.0607800797483855,0.00674021410291599
"types_mixed",100,1,0.5,"BM","mcar",0.3,"c1","zRMSE","gnn_on_full","freq",183,0.0436688087157113,0.00673552417373249
"types_mixed",100,1,0.5,"BM","mcar",0.3,"c1","zRMSE","gnn_off","freq",200,-0.0268661706509084,0.018263602855888
"types_mixed",100,1,0.5,"BM","mcar",0.3,"c1","zRMSE","gnn_off_rphylopars","freq",200,-0.0525274827744896,0.0175409338078962
"types_mixed",100,1,0.5,"BM","mcar",0.3,"c1","zRMSE","floor","freq",200,0.730664418207663,0.0197385330663633
"types_mixed",300,1,0.5,"BM","mcar",0.3,"c1","zRMSE","bace","freq",100,0.408521111821641,0.0428260705122468
"types_mixed",300,1,0.5,"BM","mcar",0.3,"c1","zRMSE","freq_lambda","freq",200,9.88558874425166e-05,9.72713420233482e-05
"types_mixed",300,1,0.5,"BM","mcar",0.3,"c1","zRMSE","gnn_on","freq",200,0.0376362826869559,0.00262108152745707
"types_mixed",300,1,0.5,"BM","mcar",0.3,"c1","zRMSE","gnn_on_full","freq",185,0.0184870685577915,0.00169596401638519
"types_mixed",300,1,0.5,"BM","mcar",0.3,"c1","zRMSE","gnn_off","freq",200,-0.0489395469878337,0.0168304519559861
"types_mixed",300,1,0.5,"BM","mcar",0.3,"c1","zRMSE","gnn_off_rphylopars","freq",200,-0.0643855667946457,0.0170236477569769
"types_mixed",300,1,0.5,"BM","mcar",0.3,"c1","zRMSE","floor","freq",200,0.810981573574413,0.0177612729445886
"types_mixed",1000,1,0.5,"BM","mcar",0.3,"c1","zRMSE","bace","freq",100,0.38894141614707,0.0456638371511983
"types_mixed",1000,1,0.5,"BM","mcar",0.3,"c1","zRMSE","freq_lambda","freq",200,0.000135212978477039,2.2043361600012e-05
"types_mixed",1000,1,0.5,"BM","mcar",0.3,"c1","zRMSE","gnn_on","freq",200,0.0243059980596366,0.00122491724496755
"types_mixed",1000,1,0.5,"BM","mcar",0.3,"c1","zRMSE","gnn_on_full","freq",193,0.0113550129623807,0.000564015104861891
"types_mixed",1000,1,0.5,"BM","mcar",0.3,"c1","zRMSE","gnn_off","freq",200,-0.0214519073284762,0.0122473003112207
"types_mixed",1000,1,0.5,"BM","mcar",0.3,"c1","zRMSE","gnn_off_rphylopars","freq",200,-0.0320496224985223,0.0121937504145995
"types_mixed",1000,1,0.5,"BM","mcar",0.3,"c1","zRMSE","floor","freq",200,0.895461094738942,0.0125424015419072
"types_mixed",100,0.3,0,"BM","mcar",0.3,"c2","zRMSE","bace","freq",100,-0.201427703511154,0.0304170743948099
"types_mixed",100,0.3,0,"BM","mcar",0.3,"c2","zRMSE","freq_lambda","freq",200,-0.352449604890965,0.0191547781138399
"types_mixed",100,0.3,0,"BM","mcar",0.3,"c2","zRMSE","gnn_on","freq",200,-0.236649385231743,0.0209367574173566
"types_mixed",100,0.3,0,"BM","mcar",0.3,"c2","zRMSE","gnn_on_full","freq",200,-0.238503429687538,0.0210266395023168
"types_mixed",100,0.3,0,"BM","mcar",0.3,"c2","zRMSE","gnn_off","freq",200,-0.23924876989255,0.0208668089917521
"types_mixed",100,0.3,0,"BM","mcar",0.3,"c2","zRMSE","gnn_off_rphylopars","freq",200,-0.239376743909171,0.0206723730479724
"types_mixed",100,0.3,0,"BM","mcar",0.3,"c2","zRMSE","floor","freq",200,-0.239757995175549,0.0216180599168003
"types_mixed",300,0.3,0,"BM","mcar",0.3,"c2","zRMSE","bace","freq",100,-0.271225990477764,0.028312479223379
"types_mixed",300,0.3,0,"BM","mcar",0.3,"c2","zRMSE","freq_lambda","freq",200,-0.347104573100179,0.0159376421856552
"types_mixed",300,0.3,0,"BM","mcar",0.3,"c2","zRMSE","gnn_on","freq",200,-0.224610190607468,0.0169268794587434
"types_mixed",300,0.3,0,"BM","mcar",0.3,"c2","zRMSE","gnn_on_full","freq",200,-0.225315971617047,0.0168697490076984
"types_mixed",300,0.3,0,"BM","mcar",0.3,"c2","zRMSE","gnn_off","freq",200,-0.225641587127745,0.0168643529848158
"types_mixed",300,0.3,0,"BM","mcar",0.3,"c2","zRMSE","gnn_off_rphylopars","freq",200,-0.235363398092319,0.0164668698583975
"types_mixed",300,0.3,0,"BM","mcar",0.3,"c2","zRMSE","floor","freq",200,-0.21447619277436,0.0171403251270747
"types_mixed",1000,0.3,0,"BM","mcar",0.3,"c2","zRMSE","bace","freq",100,-0.198728905890801,0.0124713862073571
"types_mixed",1000,0.3,0,"BM","mcar",0.3,"c2","zRMSE","freq_lambda","freq",200,-0.303663532890299,0.0118763844902984
"types_mixed",1000,0.3,0,"BM","mcar",0.3,"c2","zRMSE","gnn_on","freq",200,-0.171925741880135,0.0122605527159942
"types_mixed",1000,0.3,0,"BM","mcar",0.3,"c2","zRMSE","gnn_on_full","freq",200,-0.171418199498968,0.0123718692875586
"types_mixed",1000,0.3,0,"BM","mcar",0.3,"c2","zRMSE","gnn_off","freq",200,-0.175612765954035,0.0122308970967796
"types_mixed",1000,0.3,0,"BM","mcar",0.3,"c2","zRMSE","gnn_off_rphylopars","freq",200,-0.192548338896681,0.0114397096281653
"types_mixed",1000,0.3,0,"BM","mcar",0.3,"c2","zRMSE","floor","freq",200,-0.153463476392104,0.0125969545820786
"types_mixed",100,0.7,0,"BM","mcar",0.3,"c2","zRMSE","bace","freq",100,-0.111168048934768,0.024775676215095
"types_mixed",100,0.7,0,"BM","mcar",0.3,"c2","zRMSE","freq_lambda","freq",200,-0.246394729706501,0.0148531388837326
"types_mixed",100,0.7,0,"BM","mcar",0.3,"c2","zRMSE","gnn_on","freq",200,-0.104804525009346,0.0168528002016784
"types_mixed",100,0.7,0,"BM","mcar",0.3,"c2","zRMSE","gnn_on_full","freq",200,-0.108548842118448,0.0166712078194825
"types_mixed",100,0.7,0,"BM","mcar",0.3,"c2","zRMSE","gnn_off","freq",200,-0.103531920193125,0.0165482487777446
"types_mixed",100,0.7,0,"BM","mcar",0.3,"c2","zRMSE","gnn_off_rphylopars","freq",200,-0.0549834621391889,0.0169112378426692
"types_mixed",100,0.7,0,"BM","mcar",0.3,"c2","zRMSE","floor","freq",200,0.0400235051293226,0.0217073288376291
"types_mixed",300,0.7,0,"BM","mcar",0.3,"c2","zRMSE","bace","freq",100,-0.221970871482924,0.0257343570775208
"types_mixed",300,0.7,0,"BM","mcar",0.3,"c2","zRMSE","freq_lambda","freq",200,-0.261273878465743,0.0152357342678276
"types_mixed",300,0.7,0,"BM","mcar",0.3,"c2","zRMSE","gnn_on","freq",200,-0.119452293227779,0.0155465142199955
"types_mixed",300,0.7,0,"BM","mcar",0.3,"c2","zRMSE","gnn_on_full","freq",200,-0.123482816807727,0.0155517920534633
"types_mixed",300,0.7,0,"BM","mcar",0.3,"c2","zRMSE","gnn_off","freq",200,-0.121868702680136,0.0155238109500665
"types_mixed",300,0.7,0,"BM","mcar",0.3,"c2","zRMSE","gnn_off_rphylopars","freq",200,-0.0966038200011502,0.0154132264103776
"types_mixed",300,0.7,0,"BM","mcar",0.3,"c2","zRMSE","floor","freq",200,0.0408380158618225,0.0196785647541292
"types_mixed",1000,0.7,0,"BM","mcar",0.3,"c2","zRMSE","bace","freq",100,-0.158548733571502,0.0104261232517162
"types_mixed",1000,0.7,0,"BM","mcar",0.3,"c2","zRMSE","freq_lambda","freq",200,-0.223719006324504,0.00926619462834155
"types_mixed",1000,0.7,0,"BM","mcar",0.3,"c2","zRMSE","gnn_on","freq",200,-0.0754834508252846,0.00935594918592322
"types_mixed",1000,0.7,0,"BM","mcar",0.3,"c2","zRMSE","gnn_on_full","freq",200,-0.0731830181809744,0.00939539543960356
"types_mixed",1000,0.7,0,"BM","mcar",0.3,"c2","zRMSE","gnn_off","freq",200,-0.0766766591097072,0.00940032045525512
"types_mixed",1000,0.7,0,"BM","mcar",0.3,"c2","zRMSE","gnn_off_rphylopars","freq",200,-0.0786223690980133,0.008129552683229
"types_mixed",1000,0.7,0,"BM","mcar",0.3,"c2","zRMSE","floor","freq",200,0.109652364243622,0.0143254023446479
"types_mixed",100,1,0,"BM","mcar",0.3,"c2","zRMSE","bace","freq",100,0.383667477784837,0.0406307597802002
"types_mixed",100,1,0,"BM","mcar",0.3,"c2","zRMSE","freq_lambda","freq",200,0.000886873936008706,0.000497360210866648
"types_mixed",100,1,0,"BM","mcar",0.3,"c2","zRMSE","gnn_on","freq",200,0.0562321602479782,0.00610074273043665
"types_mixed",100,1,0,"BM","mcar",0.3,"c2","zRMSE","gnn_on_full","freq",185,0.0247855768863119,0.00464398172387989
"types_mixed",100,1,0,"BM","mcar",0.3,"c2","zRMSE","gnn_off","freq",200,-0.0308181976958813,0.0151422358452986
"types_mixed",100,1,0,"BM","mcar",0.3,"c2","zRMSE","gnn_off_rphylopars","freq",200,-0.0298907504901293,0.017799776606771
"types_mixed",100,1,0,"BM","mcar",0.3,"c2","zRMSE","floor","freq",200,0.720575014877753,0.0194948357369881
"types_mixed",300,1,0,"BM","mcar",0.3,"c2","zRMSE","bace","freq",100,0.452856343841197,0.0445498130694141
"types_mixed",300,1,0,"BM","mcar",0.3,"c2","zRMSE","freq_lambda","freq",200,6.60884956769474e-05,9.32131514949836e-05
"types_mixed",300,1,0,"BM","mcar",0.3,"c2","zRMSE","gnn_on","freq",200,0.0358232557898084,0.00325142334086412
"types_mixed",300,1,0,"BM","mcar",0.3,"c2","zRMSE","gnn_on_full","freq",186,0.0135732537069284,0.00151717367687909
"types_mixed",300,1,0,"BM","mcar",0.3,"c2","zRMSE","gnn_off","freq",200,-0.0457734817735775,0.015394989201952
"types_mixed",300,1,0,"BM","mcar",0.3,"c2","zRMSE","gnn_off_rphylopars","freq",200,-0.0564545255669213,0.0153166687184019
"types_mixed",300,1,0,"BM","mcar",0.3,"c2","zRMSE","floor","freq",200,0.801837365490916,0.0173724950473674
"types_mixed",1000,1,0,"BM","mcar",0.3,"c2","zRMSE","bace","freq",93,0.422507776425051,0.0473003345249256
"types_mixed",1000,1,0,"BM","mcar",0.3,"c2","zRMSE","freq_lambda","freq",200,0.000132252492090993,2.38335727220245e-05
"types_mixed",1000,1,0,"BM","mcar",0.3,"c2","zRMSE","gnn_on","freq",200,0.0191344702772697,0.00109186134534412
"types_mixed",1000,1,0,"BM","mcar",0.3,"c2","zRMSE","gnn_on_full","freq",191,0.00591768396563646,0.000469176755343919
"types_mixed",1000,1,0,"BM","mcar",0.3,"c2","zRMSE","gnn_off","freq",200,-0.0349710682465593,0.0133412253488968
"types_mixed",1000,1,0,"BM","mcar",0.3,"c2","zRMSE","gnn_off_rphylopars","freq",200,-0.0402051284135455,0.0133151567736499
"types_mixed",1000,1,0,"BM","mcar",0.3,"c2","zRMSE","floor","freq",200,0.879917100972595,0.0139896986309979
"types_mixed",100,0.3,0.5,"BM","mcar",0.3,"c2","zRMSE","bace","freq",100,-0.208645970485399,0.0292893725940174
"types_mixed",100,0.3,0.5,"BM","mcar",0.3,"c2","zRMSE","freq_lambda","freq",200,-0.305157756096531,0.0173523951675605
"types_mixed",100,0.3,0.5,"BM","mcar",0.3,"c2","zRMSE","gnn_on","freq",200,-0.116367810562275,0.0196749436772913
"types_mixed",100,0.3,0.5,"BM","mcar",0.3,"c2","zRMSE","gnn_on_full","freq",200,-0.118909550754898,0.01955148545886
"types_mixed",100,0.3,0.5,"BM","mcar",0.3,"c2","zRMSE","gnn_off","freq",200,-0.105276320803582,0.0198232689549974
"types_mixed",100,0.3,0.5,"BM","mcar",0.3,"c2","zRMSE","gnn_off_rphylopars","freq",200,-0.118451871483417,0.0189588125679164
"types_mixed",100,0.3,0.5,"BM","mcar",0.3,"c2","zRMSE","floor","freq",200,-0.114149334406531,0.0196619992754552
"types_mixed",300,0.3,0.5,"BM","mcar",0.3,"c2","zRMSE","bace","freq",100,-0.29379671814908,0.0229956538660748
"types_mixed",300,0.3,0.5,"BM","mcar",0.3,"c2","zRMSE","freq_lambda","freq",200,-0.309445852239728,0.0153533498136181
"types_mixed",300,0.3,0.5,"BM","mcar",0.3,"c2","zRMSE","gnn_on","freq",200,-0.105659685305956,0.0160610140445204
"types_mixed",300,0.3,0.5,"BM","mcar",0.3,"c2","zRMSE","gnn_on_full","freq",200,-0.108579766603721,0.0160734092628886
"types_mixed",300,0.3,0.5,"BM","mcar",0.3,"c2","zRMSE","gnn_off","freq",200,-0.0992476362031555,0.0159673322453525
"types_mixed",300,0.3,0.5,"BM","mcar",0.3,"c2","zRMSE","gnn_off_rphylopars","freq",200,-0.136286994701943,0.0152107525990073
"types_mixed",300,0.3,0.5,"BM","mcar",0.3,"c2","zRMSE","floor","freq",200,-0.095996219289391,0.0161789297543109
"types_mixed",1000,0.3,0.5,"BM","mcar",0.3,"c2","zRMSE","bace","freq",97,-0.268806728322371,0.012509586030457
"types_mixed",1000,0.3,0.5,"BM","mcar",0.3,"c2","zRMSE","freq_lambda","freq",200,-0.283621135833477,0.0110004813524922
"types_mixed",1000,0.3,0.5,"BM","mcar",0.3,"c2","zRMSE","gnn_on","freq",200,-0.0806878074659084,0.01132034048075
"types_mixed",1000,0.3,0.5,"BM","mcar",0.3,"c2","zRMSE","gnn_on_full","freq",200,-0.0798410502483097,0.0114664364228204
"types_mixed",1000,0.3,0.5,"BM","mcar",0.3,"c2","zRMSE","gnn_off","freq",200,-0.0829300355835472,0.0113126040095144
"types_mixed",1000,0.3,0.5,"BM","mcar",0.3,"c2","zRMSE","gnn_off_rphylopars","freq",200,-0.139790945618064,0.0107779947197225
"types_mixed",1000,0.3,0.5,"BM","mcar",0.3,"c2","zRMSE","floor","freq",200,-0.0618899887934978,0.0119417276385294
"types_mixed",100,0.7,0.5,"BM","mcar",0.3,"c2","zRMSE","bace","freq",97,-0.143798025275368,0.0289692091013278
"types_mixed",100,0.7,0.5,"BM","mcar",0.3,"c2","zRMSE","freq_lambda","freq",200,-0.215366501779244,0.0152725656705383
"types_mixed",100,0.7,0.5,"BM","mcar",0.3,"c2","zRMSE","gnn_on","freq",200,-0.0259200005481307,0.0175393384529729
"types_mixed",100,0.7,0.5,"BM","mcar",0.3,"c2","zRMSE","gnn_on_full","freq",200,-0.0316999644081854,0.0171716978569195
"types_mixed",100,0.7,0.5,"BM","mcar",0.3,"c2","zRMSE","gnn_off","freq",200,-0.00384049438088163,0.0172527876799592
"types_mixed",100,0.7,0.5,"BM","mcar",0.3,"c2","zRMSE","gnn_off_rphylopars","freq",200,-0.00331775487710144,0.0163028250748479
"types_mixed",100,0.7,0.5,"BM","mcar",0.3,"c2","zRMSE","floor","freq",200,0.130894410390052,0.0212549622264836
"types_mixed",300,0.7,0.5,"BM","mcar",0.3,"c2","zRMSE","bace","freq",99,-0.20113960664304,0.0199344526343046
"types_mixed",300,0.7,0.5,"BM","mcar",0.3,"c2","zRMSE","freq_lambda","freq",200,-0.231671663469286,0.0127457199609834
"types_mixed",300,0.7,0.5,"BM","mcar",0.3,"c2","zRMSE","gnn_on","freq",200,-0.0440854071510592,0.0129295475412002
"types_mixed",300,0.7,0.5,"BM","mcar",0.3,"c2","zRMSE","gnn_on_full","freq",200,-0.0473236919733594,0.0128993526866959
"types_mixed",300,0.7,0.5,"BM","mcar",0.3,"c2","zRMSE","gnn_off","freq",200,-0.0300925039561574,0.0131677301866659
"types_mixed",300,0.7,0.5,"BM","mcar",0.3,"c2","zRMSE","gnn_off_rphylopars","freq",200,-0.0650807371283778,0.0114288830618437
"types_mixed",300,0.7,0.5,"BM","mcar",0.3,"c2","zRMSE","floor","freq",200,0.127793054773825,0.0166210871023069
"types_mixed",1000,0.7,0.5,"BM","mcar",0.3,"c2","zRMSE","bace","freq",90,-0.194823897028836,0.0118397042083957
"types_mixed",1000,0.7,0.5,"BM","mcar",0.3,"c2","zRMSE","freq_lambda","freq",200,-0.212253956193616,0.00867843623061255
"types_mixed",1000,0.7,0.5,"BM","mcar",0.3,"c2","zRMSE","gnn_on","freq",200,-0.0124919263719779,0.00868683757458164
"types_mixed",1000,0.7,0.5,"BM","mcar",0.3,"c2","zRMSE","gnn_on_full","freq",200,-0.0103953156507635,0.00870736926222204
"types_mixed",1000,0.7,0.5,"BM","mcar",0.3,"c2","zRMSE","gnn_off","freq",200,-0.0111543597919154,0.00864838673455307
"types_mixed",1000,0.7,0.5,"BM","mcar",0.3,"c2","zRMSE","gnn_off_rphylopars","freq",200,-0.0702975715609073,0.00771117542633158
"types_mixed",1000,0.7,0.5,"BM","mcar",0.3,"c2","zRMSE","floor","freq",200,0.168104377674567,0.0135408066244313
"types_mixed",100,1,0.5,"BM","mcar",0.3,"c2","zRMSE","bace","freq",100,0.46010924180043,0.0425647275135612
"types_mixed",100,1,0.5,"BM","mcar",0.3,"c2","zRMSE","freq_lambda","freq",200,0.000625235402685696,0.000429802174829574
"types_mixed",100,1,0.5,"BM","mcar",0.3,"c2","zRMSE","gnn_on","freq",200,0.0598674071532828,0.00646809739941873
"types_mixed",100,1,0.5,"BM","mcar",0.3,"c2","zRMSE","gnn_on_full","freq",183,0.0361287871872833,0.00457516975014389
"types_mixed",100,1,0.5,"BM","mcar",0.3,"c2","zRMSE","gnn_off","freq",200,-0.0167895132391363,0.0156817723579783
"types_mixed",100,1,0.5,"BM","mcar",0.3,"c2","zRMSE","gnn_off_rphylopars","freq",200,-0.0438873712607489,0.0150212754101724
"types_mixed",100,1,0.5,"BM","mcar",0.3,"c2","zRMSE","floor","freq",200,0.739685173314025,0.0204656876919629
"types_mixed",300,1,0.5,"BM","mcar",0.3,"c2","zRMSE","bace","freq",100,0.418467475300301,0.0444886176338527
"types_mixed",300,1,0.5,"BM","mcar",0.3,"c2","zRMSE","freq_lambda","freq",200,-1.78302484992083e-05,0.0001012035550176
"types_mixed",300,1,0.5,"BM","mcar",0.3,"c2","zRMSE","gnn_on","freq",200,0.039864583274401,0.00371396851672078
"types_mixed",300,1,0.5,"BM","mcar",0.3,"c2","zRMSE","gnn_on_full","freq",185,0.0184340797799795,0.00224702840070639
"types_mixed",300,1,0.5,"BM","mcar",0.3,"c2","zRMSE","gnn_off","freq",200,-0.0406040614118375,0.0151212347570645
"types_mixed",300,1,0.5,"BM","mcar",0.3,"c2","zRMSE","gnn_off_rphylopars","freq",200,-0.0538181115543135,0.0156671676180162
"types_mixed",300,1,0.5,"BM","mcar",0.3,"c2","zRMSE","floor","freq",200,0.808262304160068,0.0178307688863605
"types_mixed",1000,1,0.5,"BM","mcar",0.3,"c2","zRMSE","bace","freq",100,0.387000978015325,0.0454184005033643
"types_mixed",1000,1,0.5,"BM","mcar",0.3,"c2","zRMSE","freq_lambda","freq",200,0.000123927910437033,2.68790174510891e-05
"types_mixed",1000,1,0.5,"BM","mcar",0.3,"c2","zRMSE","gnn_on","freq",200,0.0244409227616884,0.00128583552852017
"types_mixed",1000,1,0.5,"BM","mcar",0.3,"c2","zRMSE","gnn_on_full","freq",193,0.0103871519160313,0.000707288593853315
"types_mixed",1000,1,0.5,"BM","mcar",0.3,"c2","zRMSE","gnn_off","freq",200,-0.0221529653903988,0.0121178083008829
"types_mixed",1000,1,0.5,"BM","mcar",0.3,"c2","zRMSE","gnn_off_rphylopars","freq",200,-0.0321971205696849,0.0120903803341119
"types_mixed",1000,1,0.5,"BM","mcar",0.3,"c2","zRMSE","floor","freq",200,0.892048872617401,0.0125487136420797
"types_mixed",100,0.3,0,"BM","mcar",0.3,"cnt","zRMSE","bace","freq",100,0.147253531437006,0.0552481928090362
"types_mixed",100,0.3,0,"BM","mcar",0.3,"cnt","zRMSE","freq_lambda","freq",200,0,0
"types_mixed",100,0.3,0,"BM","mcar",0.3,"cnt","zRMSE","gnn_on","freq",200,0.0212713638251255,0.00737579440820048
"types_mixed",100,0.3,0,"BM","mcar",0.3,"cnt","zRMSE","gnn_on_full","freq",200,0.0224687496215541,0.00778933778660008
"types_mixed",100,0.3,0,"BM","mcar",0.3,"cnt","zRMSE","gnn_off","freq",200,0.0212649229912548,0.00747739238019653
"types_mixed",100,0.3,0,"BM","mcar",0.3,"cnt","zRMSE","gnn_off_rphylopars","freq",200,0.0424952249001445,0.0120135127816463
"types_mixed",100,0.3,0,"BM","mcar",0.3,"cnt","zRMSE","floor","freq",200,-0.0253113350974505,0.00421279779106737
"types_mixed",300,0.3,0,"BM","mcar",0.3,"cnt","zRMSE","bace","freq",100,0.0225697828336222,0.0235737918968697
"types_mixed",300,0.3,0,"BM","mcar",0.3,"cnt","zRMSE","freq_lambda","freq",200,0,0
"types_mixed",300,0.3,0,"BM","mcar",0.3,"cnt","zRMSE","gnn_on","freq",200,0.0105200686511293,0.00574959384984292
"types_mixed",300,0.3,0,"BM","mcar",0.3,"cnt","zRMSE","gnn_on_full","freq",200,0.0100779173125384,0.00577381809581916
"types_mixed",300,0.3,0,"BM","mcar",0.3,"cnt","zRMSE","gnn_off","freq",200,0.0120296358849194,0.00574926354781942
"types_mixed",300,0.3,0,"BM","mcar",0.3,"cnt","zRMSE","gnn_off_rphylopars","freq",200,0.00459347286580572,0.00588204551604339
"types_mixed",300,0.3,0,"BM","mcar",0.3,"cnt","zRMSE","floor","freq",200,-0.0212208882301407,0.00436896585654137
"types_mixed",1000,0.3,0,"BM","mcar",0.3,"cnt","zRMSE","bace","freq",100,-0.0199823793190686,0.0155104751484158
"types_mixed",1000,0.3,0,"BM","mcar",0.3,"cnt","zRMSE","freq_lambda","freq",200,0,0
"types_mixed",1000,0.3,0,"BM","mcar",0.3,"cnt","zRMSE","gnn_on","freq",200,0.014054265877167,0.00395342837236629
"types_mixed",1000,0.3,0,"BM","mcar",0.3,"cnt","zRMSE","gnn_on_full","freq",200,0.0142040846883054,0.00391513403357752
"types_mixed",1000,0.3,0,"BM","mcar",0.3,"cnt","zRMSE","gnn_off","freq",200,0.0143220071892588,0.00390793373594453
"types_mixed",1000,0.3,0,"BM","mcar",0.3,"cnt","zRMSE","gnn_off_rphylopars","freq",200,0.0124623928709413,0.00398419902686094
"types_mixed",1000,0.3,0,"BM","mcar",0.3,"cnt","zRMSE","floor","freq",200,-0.0189760633671882,0.00313642475276293
"types_mixed",100,0.7,0,"BM","mcar",0.3,"cnt","zRMSE","bace","freq",100,0.0646561890191958,0.0450603312174708
"types_mixed",100,0.7,0,"BM","mcar",0.3,"cnt","zRMSE","freq_lambda","freq",200,0,0
"types_mixed",100,0.7,0,"BM","mcar",0.3,"cnt","zRMSE","gnn_on","freq",200,-0.0550731994501412,0.0111104891895406
"types_mixed",100,0.7,0,"BM","mcar",0.3,"cnt","zRMSE","gnn_on_full","freq",200,-0.053979157145595,0.0117159740524754
"types_mixed",100,0.7,0,"BM","mcar",0.3,"cnt","zRMSE","gnn_off","freq",200,-0.0482111385599156,0.0118711911332735
"types_mixed",100,0.7,0,"BM","mcar",0.3,"cnt","zRMSE","gnn_off_rphylopars","freq",200,NA,NA
"types_mixed",100,0.7,0,"BM","mcar",0.3,"cnt","zRMSE","floor","freq",200,-0.036817029945498,0.00548163795021649
"types_mixed",300,0.7,0,"BM","mcar",0.3,"cnt","zRMSE","bace","freq",100,-0.132841514366691,0.0238151588392956
"types_mixed",300,0.7,0,"BM","mcar",0.3,"cnt","zRMSE","freq_lambda","freq",200,0,0
"types_mixed",300,0.7,0,"BM","mcar",0.3,"cnt","zRMSE","gnn_on","freq",200,-0.0799153382432705,0.00993411694574767
"types_mixed",300,0.7,0,"BM","mcar",0.3,"cnt","zRMSE","gnn_on_full","freq",200,-0.0795025246363181,0.00984487397695423
"types_mixed",300,0.7,0,"BM","mcar",0.3,"cnt","zRMSE","gnn_off","freq",200,-0.0773660271725349,0.00975977298392303
"types_mixed",300,0.7,0,"BM","mcar",0.3,"cnt","zRMSE","gnn_off_rphylopars","freq",200,-0.0561175556472251,0.00926190632583638
"types_mixed",300,0.7,0,"BM","mcar",0.3,"cnt","zRMSE","floor","freq",200,-0.0444683780547616,0.00683527584045099
"types_mixed",1000,0.7,0,"BM","mcar",0.3,"cnt","zRMSE","bace","freq",100,-0.163265425360528,0.0182069164926173
"types_mixed",1000,0.7,0,"BM","mcar",0.3,"cnt","zRMSE","freq_lambda","freq",200,0,0
"types_mixed",1000,0.7,0,"BM","mcar",0.3,"cnt","zRMSE","gnn_on","freq",200,-0.0849713226355049,0.00970005660092966
"types_mixed",1000,0.7,0,"BM","mcar",0.3,"cnt","zRMSE","gnn_on_full","freq",200,-0.0843407380729866,0.00979483042528291
"types_mixed",1000,0.7,0,"BM","mcar",0.3,"cnt","zRMSE","gnn_off","freq",200,-0.0849964118519273,0.00953706806440655
"types_mixed",1000,0.7,0,"BM","mcar",0.3,"cnt","zRMSE","gnn_off_rphylopars","freq",200,-0.0636900551880454,0.00903875014040333
"types_mixed",1000,0.7,0,"BM","mcar",0.3,"cnt","zRMSE","floor","freq",200,-0.0423367474242976,0.00775898490671599
"types_mixed",100,1,0,"BM","mcar",0.3,"cnt","zRMSE","bace","freq",100,-0.0948457408881966,0.0437646968030688
"types_mixed",100,1,0,"BM","mcar",0.3,"cnt","zRMSE","freq_lambda","freq",200,0,0
"types_mixed",100,1,0,"BM","mcar",0.3,"cnt","zRMSE","gnn_on","freq",200,-0.211924811539548,0.0170290668948354
"types_mixed",100,1,0,"BM","mcar",0.3,"cnt","zRMSE","gnn_on_full","freq",185,-0.23726290921734,0.0181177994789257
"types_mixed",100,1,0,"BM","mcar",0.3,"cnt","zRMSE","gnn_off","freq",200,-0.233717193612969,0.0171710413727728
"types_mixed",100,1,0,"BM","mcar",0.3,"cnt","zRMSE","gnn_off_rphylopars","freq",200,0.870578632499906,0.543285014155186
"types_mixed",100,1,0,"BM","mcar",0.3,"cnt","zRMSE","floor","freq",200,-0.0449057608157262,0.00777405332767559
"types_mixed",300,1,0,"BM","mcar",0.3,"cnt","zRMSE","bace","freq",100,-0.147226224125883,0.026489199581253
"types_mixed",300,1,0,"BM","mcar",0.3,"cnt","zRMSE","freq_lambda","freq",200,0,0
"types_mixed",300,1,0,"BM","mcar",0.3,"cnt","zRMSE","gnn_on","freq",200,-0.24242823032601,0.0166895788023631
"types_mixed",300,1,0,"BM","mcar",0.3,"cnt","zRMSE","gnn_on_full","freq",186,-0.262003809621277,0.0173666580302587
"types_mixed",300,1,0,"BM","mcar",0.3,"cnt","zRMSE","gnn_off","freq",200,-0.249576765428163,0.0164944099965664
"types_mixed",300,1,0,"BM","mcar",0.3,"cnt","zRMSE","gnn_off_rphylopars","freq",200,NA,NA
"types_mixed",300,1,0,"BM","mcar",0.3,"cnt","zRMSE","floor","freq",200,-0.0508578363994157,0.00908253870751563
"types_mixed",1000,1,0,"BM","mcar",0.3,"cnt","zRMSE","bace","freq",93,-0.23125136566541,0.0313841032301142
"types_mixed",1000,1,0,"BM","mcar",0.3,"cnt","zRMSE","freq_lambda","freq",200,0,0
"types_mixed",1000,1,0,"BM","mcar",0.3,"cnt","zRMSE","gnn_on","freq",200,-0.269303149326159,0.0179971996510025
"types_mixed",1000,1,0,"BM","mcar",0.3,"cnt","zRMSE","gnn_on_full","freq",191,-0.283730947527495,0.018350222936689
"types_mixed",1000,1,0,"BM","mcar",0.3,"cnt","zRMSE","gnn_off","freq",200,-0.271554666247559,0.0172811762329116
"types_mixed",1000,1,0,"BM","mcar",0.3,"cnt","zRMSE","gnn_off_rphylopars","freq",200,-0.0745985106680387,0.0517405665020419
"types_mixed",1000,1,0,"BM","mcar",0.3,"cnt","zRMSE","floor","freq",200,-0.0655073201659401,0.0114491213785112
"types_mixed",100,0.3,0.5,"BM","mcar",0.3,"cnt","zRMSE","bace","freq",100,-0.0160005809361036,0.0245393816733121
"types_mixed",100,0.3,0.5,"BM","mcar",0.3,"cnt","zRMSE","freq_lambda","freq",200,0,0
"types_mixed",100,0.3,0.5,"BM","mcar",0.3,"cnt","zRMSE","gnn_on","freq",200,0.0100785136553962,0.0093381686913941
"types_mixed",100,0.3,0.5,"BM","mcar",0.3,"cnt","zRMSE","gnn_on_full","freq",200,0.00873081790541845,0.00936735385656442
"types_mixed",100,0.3,0.5,"BM","mcar",0.3,"cnt","zRMSE","gnn_off","freq",200,0.0185449875029159,0.00759377567973039
"types_mixed",100,0.3,0.5,"BM","mcar",0.3,"cnt","zRMSE","gnn_off_rphylopars","freq",200,0.0898599635144087,0.0357682873323307
"types_mixed",100,0.3,0.5,"BM","mcar",0.3,"cnt","zRMSE","floor","freq",200,-0.0264207719327424,0.00512949846268152
"types_mixed",300,0.3,0.5,"BM","mcar",0.3,"cnt","zRMSE","bace","freq",100,-0.115548459727756,0.0124715801561172
"types_mixed",300,0.3,0.5,"BM","mcar",0.3,"cnt","zRMSE","freq_lambda","freq",200,0,0
"types_mixed",300,0.3,0.5,"BM","mcar",0.3,"cnt","zRMSE","gnn_on","freq",200,0.0137375521694488,0.004467626486054
"types_mixed",300,0.3,0.5,"BM","mcar",0.3,"cnt","zRMSE","gnn_on_full","freq",200,0.0129730518382487,0.00463150583015255
"types_mixed",300,0.3,0.5,"BM","mcar",0.3,"cnt","zRMSE","gnn_off","freq",200,0.0149085468960934,0.0045224402669156
"types_mixed",300,0.3,0.5,"BM","mcar",0.3,"cnt","zRMSE","gnn_off_rphylopars","freq",200,0.00593774706538779,0.00491440555275729
"types_mixed",300,0.3,0.5,"BM","mcar",0.3,"cnt","zRMSE","floor","freq",200,-0.0194607286836384,0.00325982104041179
"types_mixed",1000,0.3,0.5,"BM","mcar",0.3,"cnt","zRMSE","bace","freq",97,-0.141626757872749,0.00701978131909753
"types_mixed",1000,0.3,0.5,"BM","mcar",0.3,"cnt","zRMSE","freq_lambda","freq",200,0,0
"types_mixed",1000,0.3,0.5,"BM","mcar",0.3,"cnt","zRMSE","gnn_on","freq",200,0.0138602040406525,0.00468598758360595
"types_mixed",1000,0.3,0.5,"BM","mcar",0.3,"cnt","zRMSE","gnn_on_full","freq",200,0.0132880790654228,0.00469494794321295
"types_mixed",1000,0.3,0.5,"BM","mcar",0.3,"cnt","zRMSE","gnn_off","freq",200,0.0144116122302176,0.00456459925999081
"types_mixed",1000,0.3,0.5,"BM","mcar",0.3,"cnt","zRMSE","gnn_off_rphylopars","freq",200,0.000680827797195317,0.00508151535778362
"types_mixed",1000,0.3,0.5,"BM","mcar",0.3,"cnt","zRMSE","floor","freq",200,-0.0201057312062835,0.00394545749572111
"types_mixed",100,0.7,0.5,"BM","mcar",0.3,"cnt","zRMSE","bace","freq",97,-0.0814119103835453,0.0257415175582276
"types_mixed",100,0.7,0.5,"BM","mcar",0.3,"cnt","zRMSE","freq_lambda","freq",200,0,0
"types_mixed",100,0.7,0.5,"BM","mcar",0.3,"cnt","zRMSE","gnn_on","freq",200,-0.0664863655677091,0.0119874854178418
"types_mixed",100,0.7,0.5,"BM","mcar",0.3,"cnt","zRMSE","gnn_on_full","freq",200,-0.0669012075909279,0.0118345895013192
"types_mixed",100,0.7,0.5,"BM","mcar",0.3,"cnt","zRMSE","gnn_off","freq",200,-0.0553480706184873,0.0114715282647259
"types_mixed",100,0.7,0.5,"BM","mcar",0.3,"cnt","zRMSE","gnn_off_rphylopars","freq",200,0.222454199392999,0.173581775249775
"types_mixed",100,0.7,0.5,"BM","mcar",0.3,"cnt","zRMSE","floor","freq",200,-0.0380847807062104,0.00641214637731605
"types_mixed",300,0.7,0.5,"BM","mcar",0.3,"cnt","zRMSE","bace","freq",99,-0.192151707022544,0.0148204363274926
"types_mixed",300,0.7,0.5,"BM","mcar",0.3,"cnt","zRMSE","freq_lambda","freq",200,0,0
"types_mixed",300,0.7,0.5,"BM","mcar",0.3,"cnt","zRMSE","gnn_on","freq",200,-0.0697702425049062,0.00833376382692803
"types_mixed",300,0.7,0.5,"BM","mcar",0.3,"cnt","zRMSE","gnn_on_full","freq",200,-0.071800758440307,0.00863612894473693
"types_mixed",300,0.7,0.5,"BM","mcar",0.3,"cnt","zRMSE","gnn_off","freq",200,-0.0634614271393271,0.0082129251325368
"types_mixed",300,0.7,0.5,"BM","mcar",0.3,"cnt","zRMSE","gnn_off_rphylopars","freq",200,-0.0382037086247035,0.00871633879318071
"types_mixed",300,0.7,0.5,"BM","mcar",0.3,"cnt","zRMSE","floor","freq",200,-0.0352663503309454,0.00486151582211117
"types_mixed",1000,0.7,0.5,"BM","mcar",0.3,"cnt","zRMSE","bace","freq",90,-0.22049680575337,0.0122263590480538
"types_mixed",1000,0.7,0.5,"BM","mcar",0.3,"cnt","zRMSE","freq_lambda","freq",200,0,0
"types_mixed",1000,0.7,0.5,"BM","mcar",0.3,"cnt","zRMSE","gnn_on","freq",200,-0.0845036076975228,0.00822196543110494
"types_mixed",1000,0.7,0.5,"BM","mcar",0.3,"cnt","zRMSE","gnn_on_full","freq",200,-0.0844832169809343,0.0082107971176533
"types_mixed",1000,0.7,0.5,"BM","mcar",0.3,"cnt","zRMSE","gnn_off","freq",200,-0.0801601830121094,0.00771498239054164
"types_mixed",1000,0.7,0.5,"BM","mcar",0.3,"cnt","zRMSE","gnn_off_rphylopars","freq",200,-0.0759818117701196,0.00783422655291811
"types_mixed",1000,0.7,0.5,"BM","mcar",0.3,"cnt","zRMSE","floor","freq",200,-0.0375445981131237,0.0047181334787935
"types_mixed",100,1,0.5,"BM","mcar",0.3,"cnt","zRMSE","bace","freq",100,-0.12325905788398,0.0365082793870537
"types_mixed",100,1,0.5,"BM","mcar",0.3,"cnt","zRMSE","freq_lambda","freq",200,0,0
"types_mixed",100,1,0.5,"BM","mcar",0.3,"cnt","zRMSE","gnn_on","freq",200,-0.243992373907753,0.0207900822596836
"types_mixed",100,1,0.5,"BM","mcar",0.3,"cnt","zRMSE","gnn_on_full","freq",183,-0.266215600295515,0.0222588252047172
"types_mixed",100,1,0.5,"BM","mcar",0.3,"cnt","zRMSE","gnn_off","freq",200,-0.246730422982945,0.0209562859753198
"types_mixed",100,1,0.5,"BM","mcar",0.3,"cnt","zRMSE","gnn_off_rphylopars","freq",200,7.7584502852428,5.64460949906122
"types_mixed",100,1,0.5,"BM","mcar",0.3,"cnt","zRMSE","floor","freq",200,-0.0551334925118724,0.0113558293115188
"types_mixed",300,1,0.5,"BM","mcar",0.3,"cnt","zRMSE","bace","freq",100,-0.201965834435676,0.0257514330051217
"types_mixed",300,1,0.5,"BM","mcar",0.3,"cnt","zRMSE","freq_lambda","freq",200,0,0
"types_mixed",300,1,0.5,"BM","mcar",0.3,"cnt","zRMSE","gnn_on","freq",200,-0.235663534728919,0.0156590804275651
"types_mixed",300,1,0.5,"BM","mcar",0.3,"cnt","zRMSE","gnn_on_full","freq",185,-0.25425795221873,0.0160194228315943
"types_mixed",300,1,0.5,"BM","mcar",0.3,"cnt","zRMSE","gnn_off","freq",200,-0.240502303210334,0.0149754465527657
"types_mixed",300,1,0.5,"BM","mcar",0.3,"cnt","zRMSE","gnn_off_rphylopars","freq",200,0.336606005801829,0.291683997749042
"types_mixed",300,1,0.5,"BM","mcar",0.3,"cnt","zRMSE","floor","freq",200,-0.0542486437373515,0.00830106373215042
"types_mixed",1000,1,0.5,"BM","mcar",0.3,"cnt","zRMSE","bace","freq",100,-0.241762061690406,0.0254349739375569
"types_mixed",1000,1,0.5,"BM","mcar",0.3,"cnt","zRMSE","freq_lambda","freq",200,0,0
"types_mixed",1000,1,0.5,"BM","mcar",0.3,"cnt","zRMSE","gnn_on","freq",200,-0.277290895934659,0.0157976129670102
"types_mixed",1000,1,0.5,"BM","mcar",0.3,"cnt","zRMSE","gnn_on_full","freq",193,-0.287861833330554,0.0159453003626961
"types_mixed",1000,1,0.5,"BM","mcar",0.3,"cnt","zRMSE","gnn_off","freq",200,-0.273807353291953,0.014951448142278
"types_mixed",1000,1,0.5,"BM","mcar",0.3,"cnt","zRMSE","gnn_off_rphylopars","freq",200,1.11713003915734,1.0473252792821
"types_mixed",1000,1,0.5,"BM","mcar",0.3,"cnt","zRMSE","floor","freq",200,-0.063780111718465,0.00894196360983994
"types_mixed",100,0.3,0,"BM","mcar",0.3,"prp","zRMSE","bace","freq",100,-0.215903651781583,0.0209209316718525
"types_mixed",100,0.3,0,"BM","mcar",0.3,"prp","zRMSE","freq_lambda","freq",200,-0.332489662789542,0.0148800092641091
"types_mixed",100,0.3,0,"BM","mcar",0.3,"prp","zRMSE","gnn_on","freq",200,-0.244140458657208,0.0167445109281626
"types_mixed",100,0.3,0,"BM","mcar",0.3,"prp","zRMSE","gnn_on_full","freq",200,-0.241310370386101,0.0167572032634791
"types_mixed",100,0.3,0,"BM","mcar",0.3,"prp","zRMSE","gnn_off","freq",200,-0.239864509968429,0.0168301303841471
"types_mixed",100,0.3,0,"BM","mcar",0.3,"prp","zRMSE","gnn_off_rphylopars","freq",200,-0.242621454751747,0.0171132212628653
"types_mixed",100,0.3,0,"BM","mcar",0.3,"prp","zRMSE","floor","freq",200,-0.254051691395879,0.0166982152399469
"types_mixed",300,0.3,0,"BM","mcar",0.3,"prp","zRMSE","bace","freq",100,-0.287050622809716,0.0193877085078253
"types_mixed",300,0.3,0,"BM","mcar",0.3,"prp","zRMSE","freq_lambda","freq",200,-0.334541295023995,0.0125182771242532
"types_mixed",300,0.3,0,"BM","mcar",0.3,"prp","zRMSE","gnn_on","freq",200,-0.207446883631134,0.013649313101483
"types_mixed",300,0.3,0,"BM","mcar",0.3,"prp","zRMSE","gnn_on_full","freq",200,-0.208013476531683,0.0135100769071066
"types_mixed",300,0.3,0,"BM","mcar",0.3,"prp","zRMSE","gnn_off","freq",200,-0.211490108639192,0.0133807839477037
"types_mixed",300,0.3,0,"BM","mcar",0.3,"prp","zRMSE","gnn_off_rphylopars","freq",200,-0.224393294190954,0.0129367668615312
"types_mixed",300,0.3,0,"BM","mcar",0.3,"prp","zRMSE","floor","freq",200,-0.215321889403543,0.0135827696082845
"types_mixed",1000,0.3,0,"BM","mcar",0.3,"prp","zRMSE","bace","freq",100,-0.283628548444601,0.0129529033823539
"types_mixed",1000,0.3,0,"BM","mcar",0.3,"prp","zRMSE","freq_lambda","freq",200,-0.306634762754199,0.00848531492710291
"types_mixed",1000,0.3,0,"BM","mcar",0.3,"prp","zRMSE","gnn_on","freq",200,-0.194250495868439,0.0090553247110508
"types_mixed",1000,0.3,0,"BM","mcar",0.3,"prp","zRMSE","gnn_on_full","freq",200,-0.192941415575111,0.00908256875636906
"types_mixed",1000,0.3,0,"BM","mcar",0.3,"prp","zRMSE","gnn_off","freq",200,-0.197167696961039,0.00895073003218995
"types_mixed",1000,0.3,0,"BM","mcar",0.3,"prp","zRMSE","gnn_off_rphylopars","freq",200,-0.213947460268597,0.00823224520030556
"types_mixed",1000,0.3,0,"BM","mcar",0.3,"prp","zRMSE","floor","freq",200,-0.185433758721982,0.00976625273596727
"types_mixed",100,0.7,0,"BM","mcar",0.3,"prp","zRMSE","bace","freq",100,-0.10299640247797,0.0210069780621294
"types_mixed",100,0.7,0,"BM","mcar",0.3,"prp","zRMSE","freq_lambda","freq",200,-0.259434910677415,0.0133719066482272
"types_mixed",100,0.7,0,"BM","mcar",0.3,"prp","zRMSE","gnn_on","freq",200,-0.142627749973257,0.0146053299917792
"types_mixed",100,0.7,0,"BM","mcar",0.3,"prp","zRMSE","gnn_on_full","freq",200,-0.141705750667876,0.0142387488338598
"types_mixed",100,0.7,0,"BM","mcar",0.3,"prp","zRMSE","gnn_off","freq",200,-0.131643044439935,0.0142682751241889
"types_mixed",100,0.7,0,"BM","mcar",0.3,"prp","zRMSE","gnn_off_rphylopars","freq",200,-0.0816910245858382,0.0156403817757619
"types_mixed",100,0.7,0,"BM","mcar",0.3,"prp","zRMSE","floor","freq",200,-0.0376887548585167,0.0192805798474525
"types_mixed",300,0.7,0,"BM","mcar",0.3,"prp","zRMSE","bace","freq",100,-0.231663762297219,0.020347327310175
"types_mixed",300,0.7,0,"BM","mcar",0.3,"prp","zRMSE","freq_lambda","freq",200,-0.275847489789922,0.0133862062724277
"types_mixed",300,0.7,0,"BM","mcar",0.3,"prp","zRMSE","gnn_on","freq",200,-0.144782392124932,0.0135139697785997
"types_mixed",300,0.7,0,"BM","mcar",0.3,"prp","zRMSE","gnn_on_full","freq",200,-0.143646751958171,0.0133520050380113
"types_mixed",300,0.7,0,"BM","mcar",0.3,"prp","zRMSE","gnn_off","freq",200,-0.146656589152925,0.0133188801788079
"types_mixed",300,0.7,0,"BM","mcar",0.3,"prp","zRMSE","gnn_off_rphylopars","freq",200,-0.120315662723099,0.0132473451756965
"types_mixed",300,0.7,0,"BM","mcar",0.3,"prp","zRMSE","floor","freq",200,-0.0220021550039469,0.0178132861712896
"types_mixed",1000,0.7,0,"BM","mcar",0.3,"prp","zRMSE","bace","freq",100,-0.224726082508192,0.0121869462243367
"types_mixed",1000,0.7,0,"BM","mcar",0.3,"prp","zRMSE","freq_lambda","freq",200,-0.246897517928345,0.00850115146712682
"types_mixed",1000,0.7,0,"BM","mcar",0.3,"prp","zRMSE","gnn_on","freq",200,-0.107531940329479,0.00850141235761001
"types_mixed",1000,0.7,0,"BM","mcar",0.3,"prp","zRMSE","gnn_on_full","freq",200,-0.105659382081386,0.00854589148156781
"types_mixed",1000,0.7,0,"BM","mcar",0.3,"prp","zRMSE","gnn_off","freq",200,-0.11236420577521,0.0085024005034521
"types_mixed",1000,0.7,0,"BM","mcar",0.3,"prp","zRMSE","gnn_off_rphylopars","freq",200,-0.112717975704295,0.00820784927265833
"types_mixed",1000,0.7,0,"BM","mcar",0.3,"prp","zRMSE","floor","freq",200,0.0136671016837726,0.0131236042810895
"types_mixed",100,1,0,"BM","mcar",0.3,"prp","zRMSE","bace","freq",100,0.135537861196868,0.0300713075081063
"types_mixed",100,1,0,"BM","mcar",0.3,"prp","zRMSE","freq_lambda","freq",200,-0.071261490409953,0.00965270607719515
"types_mixed",100,1,0,"BM","mcar",0.3,"prp","zRMSE","gnn_on","freq",200,-0.0523092423918335,0.0116010084706909
"types_mixed",100,1,0,"BM","mcar",0.3,"prp","zRMSE","gnn_on_full","freq",185,-0.0673741521274621,0.0122538233560568
"types_mixed",100,1,0,"BM","mcar",0.3,"prp","zRMSE","gnn_off","freq",200,-0.090621041770351,0.013611734435198
"types_mixed",100,1,0,"BM","mcar",0.3,"prp","zRMSE","gnn_off_rphylopars","freq",200,0.0524963838286885,0.0140789563812492
"types_mixed",100,1,0,"BM","mcar",0.3,"prp","zRMSE","floor","freq",200,0.322500014009147,0.0194061394038124
"types_mixed",300,1,0,"BM","mcar",0.3,"prp","zRMSE","bace","freq",100,0.13856237752501,0.0295104807084892
"types_mixed",300,1,0,"BM","mcar",0.3,"prp","zRMSE","freq_lambda","freq",200,-0.0666870566123653,0.0108989738974834
"types_mixed",300,1,0,"BM","mcar",0.3,"prp","zRMSE","gnn_on","freq",200,-0.0570994734691383,0.0111204568282934
"types_mixed",300,1,0,"BM","mcar",0.3,"prp","zRMSE","gnn_on_full","freq",186,-0.067758730126252,0.0118194109866411
"types_mixed",300,1,0,"BM","mcar",0.3,"prp","zRMSE","gnn_off","freq",200,-0.0845066283672373,0.0123472971469392
"types_mixed",300,1,0,"BM","mcar",0.3,"prp","zRMSE","gnn_off_rphylopars","freq",200,0.0239740553175943,0.0128025608522258
"types_mixed",300,1,0,"BM","mcar",0.3,"prp","zRMSE","floor","freq",200,0.337323749587005,0.0201069912319218
"types_mixed",1000,1,0,"BM","mcar",0.3,"prp","zRMSE","bace","freq",93,0.120722676179237,0.0292980252906057
"types_mixed",1000,1,0,"BM","mcar",0.3,"prp","zRMSE","freq_lambda","freq",200,-0.034602042396239,0.00772659461621
"types_mixed",1000,1,0,"BM","mcar",0.3,"prp","zRMSE","gnn_on","freq",200,-0.0343430437363375,0.00797114424361923
"types_mixed",1000,1,0,"BM","mcar",0.3,"prp","zRMSE","gnn_on_full","freq",191,-0.0372743750576354,0.00812138635974713
"types_mixed",1000,1,0,"BM","mcar",0.3,"prp","zRMSE","gnn_off","freq",200,-0.05159497268825,0.00990250171565128
"types_mixed",1000,1,0,"BM","mcar",0.3,"prp","zRMSE","gnn_off_rphylopars","freq",200,0.0193508022898076,0.00980408706048067
"types_mixed",1000,1,0,"BM","mcar",0.3,"prp","zRMSE","floor","freq",200,0.399028169304716,0.0148988684800791
"types_mixed",100,0.3,0.5,"BM","mcar",0.3,"prp","zRMSE","bace","freq",100,-0.214593523142824,0.0236041755853441
"types_mixed",100,0.3,0.5,"BM","mcar",0.3,"prp","zRMSE","freq_lambda","freq",200,-0.297136521062634,0.014247241128163
"types_mixed",100,0.3,0.5,"BM","mcar",0.3,"prp","zRMSE","gnn_on","freq",200,-0.131441798490861,0.0159969412410898
"types_mixed",100,0.3,0.5,"BM","mcar",0.3,"prp","zRMSE","gnn_on_full","freq",200,-0.135271072998262,0.0157064065693514
"types_mixed",100,0.3,0.5,"BM","mcar",0.3,"prp","zRMSE","gnn_off","freq",200,-0.113765526118541,0.0161961980692665
"types_mixed",100,0.3,0.5,"BM","mcar",0.3,"prp","zRMSE","gnn_off_rphylopars","freq",200,-0.137653944581299,0.0147494468454078
"types_mixed",100,0.3,0.5,"BM","mcar",0.3,"prp","zRMSE","floor","freq",200,-0.129409615261511,0.0161706834870262
"types_mixed",300,0.3,0.5,"BM","mcar",0.3,"prp","zRMSE","bace","freq",100,-0.292441131001623,0.020129599226102
"types_mixed",300,0.3,0.5,"BM","mcar",0.3,"prp","zRMSE","freq_lambda","freq",200,-0.301423344298697,0.011846340959789
"types_mixed",300,0.3,0.5,"BM","mcar",0.3,"prp","zRMSE","gnn_on","freq",200,-0.121277387772054,0.0128910903407015
"types_mixed",300,0.3,0.5,"BM","mcar",0.3,"prp","zRMSE","gnn_on_full","freq",200,-0.12193251428664,0.0128976409592006
"types_mixed",300,0.3,0.5,"BM","mcar",0.3,"prp","zRMSE","gnn_off","freq",200,-0.11856815573032,0.0130191434419504
"types_mixed",300,0.3,0.5,"BM","mcar",0.3,"prp","zRMSE","gnn_off_rphylopars","freq",200,-0.150328897413504,0.0128646819923725
"types_mixed",300,0.3,0.5,"BM","mcar",0.3,"prp","zRMSE","floor","freq",200,-0.115162309332991,0.0136479797330516
"types_mixed",1000,0.3,0.5,"BM","mcar",0.3,"prp","zRMSE","bace","freq",97,-0.266801938879621,0.00960058381183876
"types_mixed",1000,0.3,0.5,"BM","mcar",0.3,"prp","zRMSE","freq_lambda","freq",200,-0.273428760765832,0.00727342759173995
"types_mixed",1000,0.3,0.5,"BM","mcar",0.3,"prp","zRMSE","gnn_on","freq",200,-0.086932663972605,0.00821045822827206
"types_mixed",1000,0.3,0.5,"BM","mcar",0.3,"prp","zRMSE","gnn_on_full","freq",200,-0.0857732515770325,0.00827222493883341
"types_mixed",1000,0.3,0.5,"BM","mcar",0.3,"prp","zRMSE","gnn_off","freq",200,-0.0900912724867141,0.00805626574024712
"types_mixed",1000,0.3,0.5,"BM","mcar",0.3,"prp","zRMSE","gnn_off_rphylopars","freq",200,-0.136285591602323,0.00728227727284844
"types_mixed",1000,0.3,0.5,"BM","mcar",0.3,"prp","zRMSE","floor","freq",200,-0.0776178590637368,0.00890353023520658
"types_mixed",100,0.7,0.5,"BM","mcar",0.3,"prp","zRMSE","bace","freq",97,-0.141507664629687,0.0267889645063357
"types_mixed",100,0.7,0.5,"BM","mcar",0.3,"prp","zRMSE","freq_lambda","freq",200,-0.243426324008255,0.0125316263051267
"types_mixed",100,0.7,0.5,"BM","mcar",0.3,"prp","zRMSE","gnn_on","freq",200,-0.0682876713725893,0.0147689382775104
"types_mixed",100,0.7,0.5,"BM","mcar",0.3,"prp","zRMSE","gnn_on_full","freq",200,-0.0722565015253514,0.0143951828850683
"types_mixed",100,0.7,0.5,"BM","mcar",0.3,"prp","zRMSE","gnn_off","freq",200,-0.0441004611172629,0.0141630536052454
"types_mixed",100,0.7,0.5,"BM","mcar",0.3,"prp","zRMSE","gnn_off_rphylopars","freq",200,-0.0302548964622043,0.0132551193385008
"types_mixed",100,0.7,0.5,"BM","mcar",0.3,"prp","zRMSE","floor","freq",200,0.055163087494421,0.0174786237210245
"types_mixed",300,0.7,0.5,"BM","mcar",0.3,"prp","zRMSE","bace","freq",99,-0.216357880960159,0.0179776982601706
"types_mixed",300,0.7,0.5,"BM","mcar",0.3,"prp","zRMSE","freq_lambda","freq",200,-0.24730785173514,0.0108621049339347
"types_mixed",300,0.7,0.5,"BM","mcar",0.3,"prp","zRMSE","gnn_on","freq",200,-0.0604166436241077,0.011189010901728
"types_mixed",300,0.7,0.5,"BM","mcar",0.3,"prp","zRMSE","gnn_on_full","freq",200,-0.0597158133942113,0.011291274707985
"types_mixed",300,0.7,0.5,"BM","mcar",0.3,"prp","zRMSE","gnn_off","freq",200,-0.0559831926438095,0.0111472301108237
"types_mixed",300,0.7,0.5,"BM","mcar",0.3,"prp","zRMSE","gnn_off_rphylopars","freq",200,-0.0805353044058217,0.0102330237687628
"types_mixed",300,0.7,0.5,"BM","mcar",0.3,"prp","zRMSE","floor","freq",200,0.0625537717879253,0.015204549308344
"types_mixed",1000,0.7,0.5,"BM","mcar",0.3,"prp","zRMSE","bace","freq",90,-0.220612021765014,0.0108505345778688
"types_mixed",1000,0.7,0.5,"BM","mcar",0.3,"prp","zRMSE","freq_lambda","freq",200,-0.226923847093899,0.00732819303395243
"types_mixed",1000,0.7,0.5,"BM","mcar",0.3,"prp","zRMSE","gnn_on","freq",200,-0.0362673180022195,0.00721092548588
"types_mixed",1000,0.7,0.5,"BM","mcar",0.3,"prp","zRMSE","gnn_on_full","freq",200,-0.0340132458153557,0.00735030079539797
"types_mixed",1000,0.7,0.5,"BM","mcar",0.3,"prp","zRMSE","gnn_off","freq",200,-0.0399573387421835,0.0073757879045089
"types_mixed",1000,0.7,0.5,"BM","mcar",0.3,"prp","zRMSE","gnn_off_rphylopars","freq",200,-0.0784290080920005,0.00647307745012356
"types_mixed",1000,0.7,0.5,"BM","mcar",0.3,"prp","zRMSE","floor","freq",200,0.0890551693473305,0.011875618821526
"types_mixed",100,1,0.5,"BM","mcar",0.3,"prp","zRMSE","bace","freq",100,0.180105188956965,0.0365222533085047
"types_mixed",100,1,0.5,"BM","mcar",0.3,"prp","zRMSE","freq_lambda","freq",200,-0.0793232803949249,0.0123354900757133
"types_mixed",100,1,0.5,"BM","mcar",0.3,"prp","zRMSE","gnn_on","freq",200,-0.0683481718079534,0.0136309188623958
"types_mixed",100,1,0.5,"BM","mcar",0.3,"prp","zRMSE","gnn_on_full","freq",183,-0.0893583399576973,0.0142625443789372
"types_mixed",100,1,0.5,"BM","mcar",0.3,"prp","zRMSE","gnn_off","freq",200,-0.107917609949711,0.0148608927275675
"types_mixed",100,1,0.5,"BM","mcar",0.3,"prp","zRMSE","gnn_off_rphylopars","freq",200,0.0360149062422105,0.0151098482371277
"types_mixed",100,1,0.5,"BM","mcar",0.3,"prp","zRMSE","floor","freq",200,0.330727138336012,0.0223634200540768
"types_mixed",300,1,0.5,"BM","mcar",0.3,"prp","zRMSE","bace","freq",100,0.14567671415294,0.029091346563063
"types_mixed",300,1,0.5,"BM","mcar",0.3,"prp","zRMSE","freq_lambda","freq",200,-0.0578876117758323,0.0102762174445199
"types_mixed",300,1,0.5,"BM","mcar",0.3,"prp","zRMSE","gnn_on","freq",200,-0.0488340791205824,0.0107649382222972
"types_mixed",300,1,0.5,"BM","mcar",0.3,"prp","zRMSE","gnn_on_full","freq",185,-0.0589259472508514,0.0115186921873495
"types_mixed",300,1,0.5,"BM","mcar",0.3,"prp","zRMSE","gnn_off","freq",200,-0.0767042024008277,0.0125791059238958
"types_mixed",300,1,0.5,"BM","mcar",0.3,"prp","zRMSE","gnn_off_rphylopars","freq",200,0.0189125575145737,0.0125771546332021
"types_mixed",300,1,0.5,"BM","mcar",0.3,"prp","zRMSE","floor","freq",200,0.358012063595593,0.0188661274824549
"types_mixed",1000,1,0.5,"BM","mcar",0.3,"prp","zRMSE","bace","freq",100,0.0697524830482777,0.035851269440637
"types_mixed",1000,1,0.5,"BM","mcar",0.3,"prp","zRMSE","freq_lambda","freq",200,-0.0503039546174063,0.0135086231986544
"types_mixed",1000,1,0.5,"BM","mcar",0.3,"prp","zRMSE","gnn_on","freq",200,-0.0463230831149784,0.0136133187663943
"types_mixed",1000,1,0.5,"BM","mcar",0.3,"prp","zRMSE","gnn_on_full","freq",193,-0.0504043926906674,0.0139936951040029
"types_mixed",1000,1,0.5,"BM","mcar",0.3,"prp","zRMSE","gnn_off","freq",200,-0.0592342484488861,0.0142850991527231
"types_mixed",1000,1,0.5,"BM","mcar",0.3,"prp","zRMSE","gnn_off_rphylopars","freq",200,0.00782499182719631,0.0118823803492279
"types_mixed",1000,1,0.5,"BM","mcar",0.3,"prp","zRMSE","floor","freq",200,0.397679554616392,0.018572574921865
