"dgp","n","lambda","rho","evo","miss","frac","arm","trait","metric","reps","mean","mcse"
"types_mixed",100,0.3,0,"BM","mcar",0.3,"bace","bin","accuracy",100,0.646666666666667,0.0100168208697521
"types_mixed",300,0.3,0,"BM","mcar",0.3,"bace","bin","accuracy",100,0.690222222222222,0.00616576923935746
"types_mixed",1000,0.3,0,"BM","mcar",0.3,"bace","bin","accuracy",100,0.7284,0.00611074011729715
"types_mixed",100,0.7,0,"BM","mcar",0.3,"bace","bin","accuracy",100,0.742,0.0132795210385144
"types_mixed",300,0.7,0,"BM","mcar",0.3,"bace","bin","accuracy",100,0.798888888888889,0.00898586272396129
"types_mixed",1000,0.7,0,"BM","mcar",0.3,"bace","bin","accuracy",100,0.823833333333333,0.00780548815528613
"types_mixed",100,1,0,"BM","mcar",0.3,"bace","bin","accuracy",100,0.855,0.0150746366095948
"types_mixed",300,1,0,"BM","mcar",0.3,"bace","bin","accuracy",100,0.848111111111111,0.0162955731397552
"types_mixed",1000,1,0,"BM","mcar",0.3,"bace","bin","accuracy",93,0.890358422939068,0.0154374898743303
"types_mixed",100,0.3,0.5,"BM","mcar",0.3,"bace","bin","accuracy",100,0.69,0.00929018404773839
"types_mixed",300,0.3,0.5,"BM","mcar",0.3,"bace","bin","accuracy",100,0.726777777777778,0.00640935335663285
"types_mixed",1000,0.3,0.5,"BM","mcar",0.3,"bace","bin","accuracy",97,0.756460481099656,0.00489382652638267
"types_mixed",100,0.7,0.5,"BM","mcar",0.3,"bace","bin","accuracy",97,0.788316151202749,0.0113943136276561
"types_mixed",300,0.7,0.5,"BM","mcar",0.3,"bace","bin","accuracy",99,0.812345679012346,0.00735722866859646
"types_mixed",1000,0.7,0.5,"BM","mcar",0.3,"bace","bin","accuracy",90,0.847259259259259,0.00688461423047429
"types_mixed",100,1,0.5,"BM","mcar",0.3,"bace","bin","accuracy",100,0.839333333333333,0.0165916155315983
"types_mixed",300,1,0.5,"BM","mcar",0.3,"bace","bin","accuracy",100,0.879444444444444,0.0137870565403168
"types_mixed",1000,1,0.5,"BM","mcar",0.3,"bace","bin","accuracy",100,0.894366666666667,0.015265528238912
"types_mixed",100,0.3,0,"BM","mcar",0.3,"floor","bin","accuracy",200,0.6045,0.00894388954793566
"types_mixed",300,0.3,0,"BM","mcar",0.3,"floor","bin","accuracy",200,0.616944444444444,0.00736393522725067
"types_mixed",1000,0.3,0,"BM","mcar",0.3,"floor","bin","accuracy",200,0.624533333333333,0.00692066553087814
"types_mixed",100,0.7,0,"BM","mcar",0.3,"floor","bin","accuracy",200,0.683833333333333,0.0110629322572463
"types_mixed",300,0.7,0,"BM","mcar",0.3,"floor","bin","accuracy",200,0.6945,0.00980199702757776
"types_mixed",1000,0.7,0,"BM","mcar",0.3,"floor","bin","accuracy",200,0.688866666666667,0.00945890757117214
"types_mixed",100,1,0,"BM","mcar",0.3,"floor","bin","accuracy",200,0.7475,0.0128784150198178
"types_mixed",300,1,0,"BM","mcar",0.3,"floor","bin","accuracy",200,0.751777777777778,0.0115062190355294
"types_mixed",1000,1,0,"BM","mcar",0.3,"floor","bin","accuracy",200,0.745716666666667,0.0105027548830773
"types_mixed",100,0.3,0.5,"BM","mcar",0.3,"floor","bin","accuracy",200,0.5935,0.00883086783328798
"types_mixed",300,0.3,0.5,"BM","mcar",0.3,"floor","bin","accuracy",200,0.6195,0.00672434452979761
"types_mixed",1000,0.3,0.5,"BM","mcar",0.3,"floor","bin","accuracy",200,0.627183333333333,0.00706305245192061
"types_mixed",100,0.7,0.5,"BM","mcar",0.3,"floor","bin","accuracy",200,0.667,0.0112183297006743
"types_mixed",300,0.7,0.5,"BM","mcar",0.3,"floor","bin","accuracy",200,0.693722222222222,0.00912363722702671
"types_mixed",1000,0.7,0.5,"BM","mcar",0.3,"floor","bin","accuracy",200,0.696966666666667,0.0096905553033982
"types_mixed",100,1,0.5,"BM","mcar",0.3,"floor","bin","accuracy",200,0.734666666666667,0.0124941974248408
"types_mixed",300,1,0.5,"BM","mcar",0.3,"floor","bin","accuracy",200,0.753222222222222,0.0104215359919991
"types_mixed",1000,1,0.5,"BM","mcar",0.3,"floor","bin","accuracy",200,0.741683333333333,0.0112964963834632
"types_mixed",100,0.3,0,"BM","mcar",0.3,"freq","bin","accuracy",200,0.532833333333333,0.00857677092160288
"types_mixed",300,0.3,0,"BM","mcar",0.3,"freq","bin","accuracy",200,0.535333333333333,0.0062897153069591
"types_mixed",1000,0.3,0,"BM","mcar",0.3,"freq","bin","accuracy",200,0.550566666666667,0.00661981484877403
"types_mixed",100,0.7,0,"BM","mcar",0.3,"freq","bin","accuracy",200,0.690666666666667,0.0124770252292215
"types_mixed",300,0.7,0,"BM","mcar",0.3,"freq","bin","accuracy",200,0.720611111111111,0.0113774329222148
"types_mixed",1000,0.7,0,"BM","mcar",0.3,"freq","bin","accuracy",200,0.741,0.00978906510576424
"types_mixed",100,1,0,"BM","mcar",0.3,"freq","bin","accuracy",200,0.956333333333333,0.00389268379887351
"types_mixed",300,1,0,"BM","mcar",0.3,"freq","bin","accuracy",200,0.974777777777778,0.00218947110816339
"types_mixed",1000,1,0,"BM","mcar",0.3,"freq","bin","accuracy",200,0.987316666666667,0.00095185542751278
"types_mixed",100,0.3,0.5,"BM","mcar",0.3,"freq","bin","accuracy",200,0.5525,0.00830207706111879
"types_mixed",300,0.3,0.5,"BM","mcar",0.3,"freq","bin","accuracy",200,0.532777777777778,0.00615662458692759
"types_mixed",1000,0.3,0.5,"BM","mcar",0.3,"freq","bin","accuracy",200,0.5544,0.00683664216984995
"types_mixed",100,0.7,0.5,"BM","mcar",0.3,"freq","bin","accuracy",200,0.720666666666667,0.0110618786437466
"types_mixed",300,0.7,0.5,"BM","mcar",0.3,"freq","bin","accuracy",200,0.702611111111111,0.011030128527963
"types_mixed",1000,0.7,0.5,"BM","mcar",0.3,"freq","bin","accuracy",200,0.734333333333333,0.0105512495257669
"types_mixed",100,1,0.5,"BM","mcar",0.3,"freq","bin","accuracy",200,0.9515,0.00438130577712563
"types_mixed",300,1,0.5,"BM","mcar",0.3,"freq","bin","accuracy",200,0.974611111111111,0.00191379691942472
"types_mixed",1000,1,0.5,"BM","mcar",0.3,"freq","bin","accuracy",200,0.987166666666667,0.000976768107194187
"types_mixed",100,0.3,0,"BM","mcar",0.3,"freq_lambda","bin","accuracy",200,0.545666666666667,0.00798976872277536
"types_mixed",300,0.3,0,"BM","mcar",0.3,"freq_lambda","bin","accuracy",200,0.537944444444444,0.00625337057820116
"types_mixed",1000,0.3,0,"BM","mcar",0.3,"freq_lambda","bin","accuracy",200,0.552233333333333,0.00653454121743751
"types_mixed",100,0.7,0,"BM","mcar",0.3,"freq_lambda","bin","accuracy",200,0.704333333333333,0.0114701321162808
"types_mixed",300,0.7,0,"BM","mcar",0.3,"freq_lambda","bin","accuracy",200,0.724833333333333,0.0109434524119096
"types_mixed",1000,0.7,0,"BM","mcar",0.3,"freq_lambda","bin","accuracy",200,0.73945,0.00986643853860496
"types_mixed",100,1,0,"BM","mcar",0.3,"freq_lambda","bin","accuracy",200,0.956833333333333,0.00382326987252355
"types_mixed",300,1,0,"BM","mcar",0.3,"freq_lambda","bin","accuracy",200,0.974777777777778,0.00218947110816339
"types_mixed",1000,1,0,"BM","mcar",0.3,"freq_lambda","bin","accuracy",200,0.9873,0.00095323071685365
"types_mixed",100,0.3,0.5,"BM","mcar",0.3,"freq_lambda","bin","accuracy",200,0.545833333333333,0.00803550711847316
"types_mixed",300,0.3,0.5,"BM","mcar",0.3,"freq_lambda","bin","accuracy",200,0.5315,0.00660908385885971
"types_mixed",1000,0.3,0.5,"BM","mcar",0.3,"freq_lambda","bin","accuracy",200,0.555633333333333,0.00677703408245627
"types_mixed",100,0.7,0.5,"BM","mcar",0.3,"freq_lambda","bin","accuracy",200,0.718666666666667,0.0113215033341106
"types_mixed",300,0.7,0.5,"BM","mcar",0.3,"freq_lambda","bin","accuracy",200,0.705722222222222,0.0107826888199202
"types_mixed",1000,0.7,0.5,"BM","mcar",0.3,"freq_lambda","bin","accuracy",200,0.734183333333333,0.0105371109752718
"types_mixed",100,1,0.5,"BM","mcar",0.3,"freq_lambda","bin","accuracy",200,0.9515,0.00438130577712563
"types_mixed",300,1,0.5,"BM","mcar",0.3,"freq_lambda","bin","accuracy",200,0.974611111111111,0.00191379691942472
"types_mixed",1000,1,0.5,"BM","mcar",0.3,"freq_lambda","bin","accuracy",200,0.98715,0.000979236561531185
"types_mixed",100,0.3,0,"BM","mcar",0.3,"gnn_off","bin","accuracy",200,0.615,0.00884051255300779
"types_mixed",300,0.3,0,"BM","mcar",0.3,"gnn_off","bin","accuracy",200,0.628388888888889,0.00700150095134505
"types_mixed",1000,0.3,0,"BM","mcar",0.3,"gnn_off","bin","accuracy",200,0.637283333333333,0.0065979743054812
"types_mixed",100,0.7,0,"BM","mcar",0.3,"gnn_off","bin","accuracy",200,0.726,0.0109518003945301
"types_mixed",300,0.7,0,"BM","mcar",0.3,"gnn_off","bin","accuracy",200,0.766444444444444,0.00824998707528404
"types_mixed",1000,0.7,0,"BM","mcar",0.3,"gnn_off","bin","accuracy",200,0.774333333333333,0.00700175458587693
"types_mixed",100,1,0,"BM","mcar",0.3,"gnn_off","bin","accuracy",200,0.923166666666667,0.00767571929311297
"types_mixed",300,1,0,"BM","mcar",0.3,"gnn_off","bin","accuracy",200,0.971166666666667,0.00240083104395007
"types_mixed",1000,1,0,"BM","mcar",0.3,"gnn_off","bin","accuracy",200,0.986666666666667,0.000963023806579031
"types_mixed",100,0.3,0.5,"BM","mcar",0.3,"gnn_off","bin","accuracy",200,0.597,0.00939008232167412
"types_mixed",300,0.3,0.5,"BM","mcar",0.3,"gnn_off","bin","accuracy",200,0.622666666666667,0.00660817444359747
"types_mixed",1000,0.3,0.5,"BM","mcar",0.3,"gnn_off","bin","accuracy",200,0.640333333333333,0.00669612419876718
"types_mixed",100,0.7,0.5,"BM","mcar",0.3,"gnn_off","bin","accuracy",200,0.739833333333333,0.00998238957460622
"types_mixed",300,0.7,0.5,"BM","mcar",0.3,"gnn_off","bin","accuracy",200,0.753055555555556,0.00805921286275798
"types_mixed",1000,0.7,0.5,"BM","mcar",0.3,"gnn_off","bin","accuracy",200,0.772233333333333,0.0077584668542523
"types_mixed",100,1,0.5,"BM","mcar",0.3,"gnn_off","bin","accuracy",200,0.922833333333333,0.00680172039523887
"types_mixed",300,1,0.5,"BM","mcar",0.3,"gnn_off","bin","accuracy",200,0.972,0.00228547608943832
"types_mixed",1000,1,0.5,"BM","mcar",0.3,"gnn_off","bin","accuracy",200,0.986283333333333,0.00106336840886684
"types_mixed",100,0.3,0,"BM","mcar",0.3,"gnn_off_rphylopars","bin","accuracy",200,0.611833333333333,0.00881568034747364
"types_mixed",300,0.3,0,"BM","mcar",0.3,"gnn_off_rphylopars","bin","accuracy",200,0.627555555555556,0.00690301320365116
"types_mixed",1000,0.3,0,"BM","mcar",0.3,"gnn_off_rphylopars","bin","accuracy",200,0.63695,0.00660451673189378
"types_mixed",100,0.7,0,"BM","mcar",0.3,"gnn_off_rphylopars","bin","accuracy",200,0.7155,0.010869197175329
"types_mixed",300,0.7,0,"BM","mcar",0.3,"gnn_off_rphylopars","bin","accuracy",200,0.7435,0.00882507014242933
"types_mixed",1000,0.7,0,"BM","mcar",0.3,"gnn_off_rphylopars","bin","accuracy",200,0.760633333333333,0.00739887680672659
"types_mixed",100,1,0,"BM","mcar",0.3,"gnn_off_rphylopars","bin","accuracy",200,0.918666666666667,0.00767732854151354
"types_mixed",300,1,0,"BM","mcar",0.3,"gnn_off_rphylopars","bin","accuracy",200,0.971222222222222,0.00242537355385448
"types_mixed",1000,1,0,"BM","mcar",0.3,"gnn_off_rphylopars","bin","accuracy",200,0.9869,0.000923515604647155
"types_mixed",100,0.3,0.5,"BM","mcar",0.3,"gnn_off_rphylopars","bin","accuracy",200,0.600333333333333,0.00909651088766593
"types_mixed",300,0.3,0.5,"BM","mcar",0.3,"gnn_off_rphylopars","bin","accuracy",200,0.626555555555556,0.00660721208729327
"types_mixed",1000,0.3,0.5,"BM","mcar",0.3,"gnn_off_rphylopars","bin","accuracy",200,0.647983333333333,0.00644072303215998
"types_mixed",100,0.7,0.5,"BM","mcar",0.3,"gnn_off_rphylopars","bin","accuracy",200,0.725166666666667,0.0103552140414759
"types_mixed",300,0.7,0.5,"BM","mcar",0.3,"gnn_off_rphylopars","bin","accuracy",200,0.738944444444444,0.00832932995220477
"types_mixed",1000,0.7,0.5,"BM","mcar",0.3,"gnn_off_rphylopars","bin","accuracy",200,0.772783333333333,0.00736284519675658
"types_mixed",100,1,0.5,"BM","mcar",0.3,"gnn_off_rphylopars","bin","accuracy",200,0.92,0.00700163496898922
"types_mixed",300,1,0.5,"BM","mcar",0.3,"gnn_off_rphylopars","bin","accuracy",200,0.971333333333333,0.00240375246898049
"types_mixed",1000,1,0.5,"BM","mcar",0.3,"gnn_off_rphylopars","bin","accuracy",200,0.986716666666667,0.000978403735349949
"types_mixed",100,0.3,0,"BM","mcar",0.3,"gnn_on","bin","accuracy",200,0.616166666666667,0.00893233293981069
"types_mixed",300,0.3,0,"BM","mcar",0.3,"gnn_on","bin","accuracy",200,0.626722222222222,0.00701009061513537
"types_mixed",1000,0.3,0,"BM","mcar",0.3,"gnn_on","bin","accuracy",200,0.637583333333333,0.00658212464785918
"types_mixed",100,0.7,0,"BM","mcar",0.3,"gnn_on","bin","accuracy",200,0.727333333333333,0.0109482310562368
"types_mixed",300,0.7,0,"BM","mcar",0.3,"gnn_on","bin","accuracy",200,0.767555555555556,0.00808876556068972
"types_mixed",1000,0.7,0,"BM","mcar",0.3,"gnn_on","bin","accuracy",200,0.7731,0.00700966509911756
"types_mixed",100,1,0,"BM","mcar",0.3,"gnn_on","bin","accuracy",200,0.916666666666667,0.00771128955491006
"types_mixed",300,1,0,"BM","mcar",0.3,"gnn_on","bin","accuracy",200,0.968111111111111,0.00264572786257846
"types_mixed",1000,1,0,"BM","mcar",0.3,"gnn_on","bin","accuracy",200,0.984316666666667,0.0011410314718069
"types_mixed",100,0.3,0.5,"BM","mcar",0.3,"gnn_on","bin","accuracy",200,0.601,0.00945738923039949
"types_mixed",300,0.3,0.5,"BM","mcar",0.3,"gnn_on","bin","accuracy",200,0.623222222222222,0.00658482709625591
"types_mixed",1000,0.3,0.5,"BM","mcar",0.3,"gnn_on","bin","accuracy",200,0.64005,0.00672256620841902
"types_mixed",100,0.7,0.5,"BM","mcar",0.3,"gnn_on","bin","accuracy",200,0.7415,0.0100570608212245
"types_mixed",300,0.7,0.5,"BM","mcar",0.3,"gnn_on","bin","accuracy",200,0.754222222222222,0.00823026151110793
"types_mixed",1000,0.7,0.5,"BM","mcar",0.3,"gnn_on","bin","accuracy",200,0.77365,0.00758556614836217
"types_mixed",100,1,0.5,"BM","mcar",0.3,"gnn_on","bin","accuracy",200,0.9205,0.0067939174523632
"types_mixed",300,1,0.5,"BM","mcar",0.3,"gnn_on","bin","accuracy",200,0.967666666666667,0.00244575113544684
"types_mixed",1000,1,0.5,"BM","mcar",0.3,"gnn_on","bin","accuracy",200,0.98405,0.00119763341454925
"types_mixed",100,0.3,0,"BM","mcar",0.3,"gnn_on_full","bin","accuracy",200,0.615333333333333,0.00882499369288776
"types_mixed",300,0.3,0,"BM","mcar",0.3,"gnn_on_full","bin","accuracy",200,0.628333333333333,0.00700285319356854
"types_mixed",1000,0.3,0,"BM","mcar",0.3,"gnn_on_full","bin","accuracy",200,0.637816666666667,0.00657578750381775
"types_mixed",100,0.7,0,"BM","mcar",0.3,"gnn_on_full","bin","accuracy",200,0.727666666666667,0.0109669571222094
"types_mixed",300,0.7,0,"BM","mcar",0.3,"gnn_on_full","bin","accuracy",200,0.767833333333333,0.00812512938521729
"types_mixed",1000,0.7,0,"BM","mcar",0.3,"gnn_on_full","bin","accuracy",200,0.773283333333333,0.00698856358188315
"types_mixed",100,1,0,"BM","mcar",0.3,"gnn_on_full","bin","accuracy",185,0.916936936936937,0.00812858102076123
"types_mixed",300,1,0,"BM","mcar",0.3,"gnn_on_full","bin","accuracy",186,0.968996415770609,0.00251060914641178
"types_mixed",1000,1,0,"BM","mcar",0.3,"gnn_on_full","bin","accuracy",191,0.986125654450262,0.000979250856104043
"types_mixed",100,0.3,0.5,"BM","mcar",0.3,"gnn_on_full","bin","accuracy",200,0.599166666666667,0.00944713316081254
"types_mixed",300,0.3,0.5,"BM","mcar",0.3,"gnn_on_full","bin","accuracy",200,0.621388888888889,0.00653553212049493
"types_mixed",1000,0.3,0.5,"BM","mcar",0.3,"gnn_on_full","bin","accuracy",200,0.640183333333333,0.0067096685781647
"types_mixed",100,0.7,0.5,"BM","mcar",0.3,"gnn_on_full","bin","accuracy",200,0.739333333333333,0.00999653764739522
"types_mixed",300,0.7,0.5,"BM","mcar",0.3,"gnn_on_full","bin","accuracy",200,0.754277777777778,0.00801704922990602
"types_mixed",1000,0.7,0.5,"BM","mcar",0.3,"gnn_on_full","bin","accuracy",200,0.772883333333333,0.00761007727311201
"types_mixed",100,1,0.5,"BM","mcar",0.3,"gnn_on_full","bin","accuracy",183,0.915664845173042,0.00720847410364256
"types_mixed",300,1,0.5,"BM","mcar",0.3,"gnn_on_full","bin","accuracy",185,0.96972972972973,0.00239453110565661
"types_mixed",1000,1,0.5,"BM","mcar",0.3,"gnn_on_full","bin","accuracy",193,0.985993091537133,0.00105686511239422
"types_mixed",100,0.3,0,"BM","mcar",0.3,"bace","cat3","accuracy",100,0.495333333333333,0.0112318690410315
"types_mixed",300,0.3,0,"BM","mcar",0.3,"bace","cat3","accuracy",100,0.530222222222222,0.00935116675825087
"types_mixed",1000,0.3,0,"BM","mcar",0.3,"bace","cat3","accuracy",100,0.532766666666667,0.00726445383785247
"types_mixed",100,0.7,0,"BM","mcar",0.3,"bace","cat3","accuracy",100,0.605,0.0140095766508094
"types_mixed",300,0.7,0,"BM","mcar",0.3,"bace","cat3","accuracy",100,0.670777777777778,0.0109524644881363
"types_mixed",1000,0.7,0,"BM","mcar",0.3,"bace","cat3","accuracy",100,0.669533333333333,0.0106040904375026
"types_mixed",100,1,0,"BM","mcar",0.3,"bace","cat3","accuracy",100,0.761333333333333,0.0200488740654104
"types_mixed",300,1,0,"BM","mcar",0.3,"bace","cat3","accuracy",100,0.765777777777778,0.0201445580085236
"types_mixed",1000,1,0,"BM","mcar",0.3,"bace","cat3","accuracy",93,0.826810035842294,0.0196301654372155
"types_mixed",100,0.3,0.5,"BM","mcar",0.3,"bace","cat3","accuracy",100,0.516666666666667,0.0117062819476142
"types_mixed",300,0.3,0.5,"BM","mcar",0.3,"bace","cat3","accuracy",100,0.558222222222222,0.00695794647002158
"types_mixed",1000,0.3,0.5,"BM","mcar",0.3,"bace","cat3","accuracy",97,0.579553264604811,0.00576453225807602
"types_mixed",100,0.7,0.5,"BM","mcar",0.3,"bace","cat3","accuracy",97,0.650515463917526,0.0144264255787249
"types_mixed",300,0.7,0.5,"BM","mcar",0.3,"bace","cat3","accuracy",99,0.685521885521886,0.00907141913160272
"types_mixed",1000,0.7,0.5,"BM","mcar",0.3,"bace","cat3","accuracy",90,0.690333333333333,0.00951144625869428
"types_mixed",100,1,0.5,"BM","mcar",0.3,"bace","cat3","accuracy",100,0.744333333333333,0.0190754600522899
"types_mixed",300,1,0.5,"BM","mcar",0.3,"bace","cat3","accuracy",100,0.803888888888889,0.0197233484764019
"types_mixed",1000,1,0.5,"BM","mcar",0.3,"bace","cat3","accuracy",100,0.8328,0.0187500973435558
"types_mixed",100,0.3,0,"BM","mcar",0.3,"floor","cat3","accuracy",200,0.432,0.0092028447037913
"types_mixed",300,0.3,0,"BM","mcar",0.3,"floor","cat3","accuracy",200,0.457,0.00846574864119144
"types_mixed",1000,0.3,0,"BM","mcar",0.3,"floor","cat3","accuracy",200,0.45065,0.00666845442947204
"types_mixed",100,0.7,0,"BM","mcar",0.3,"floor","cat3","accuracy",200,0.518166666666667,0.0109839675560298
"types_mixed",300,0.7,0,"BM","mcar",0.3,"floor","cat3","accuracy",200,0.556777777777778,0.0113573469332791
"types_mixed",1000,0.7,0,"BM","mcar",0.3,"floor","cat3","accuracy",200,0.54265,0.0097569942986699
"types_mixed",100,1,0,"BM","mcar",0.3,"floor","cat3","accuracy",200,0.606833333333333,0.0133109055510321
"types_mixed",300,1,0,"BM","mcar",0.3,"floor","cat3","accuracy",200,0.626666666666667,0.0127179796602341
"types_mixed",1000,1,0,"BM","mcar",0.3,"floor","cat3","accuracy",200,0.628283333333333,0.011739209200935
"types_mixed",100,0.3,0.5,"BM","mcar",0.3,"floor","cat3","accuracy",200,0.4325,0.00964309347743911
"types_mixed",300,0.3,0.5,"BM","mcar",0.3,"floor","cat3","accuracy",200,0.450388888888889,0.00819487715217119
"types_mixed",1000,0.3,0.5,"BM","mcar",0.3,"floor","cat3","accuracy",200,0.457716666666667,0.00662067795661807
"types_mixed",100,0.7,0.5,"BM","mcar",0.3,"floor","cat3","accuracy",200,0.53,0.0119672921081592
"types_mixed",300,0.7,0.5,"BM","mcar",0.3,"floor","cat3","accuracy",200,0.552777777777778,0.0105998365914407
"types_mixed",1000,0.7,0.5,"BM","mcar",0.3,"floor","cat3","accuracy",200,0.539316666666667,0.0094031635593891
"types_mixed",100,1,0.5,"BM","mcar",0.3,"floor","cat3","accuracy",200,0.619666666666667,0.0133148741568785
"types_mixed",300,1,0.5,"BM","mcar",0.3,"floor","cat3","accuracy",200,0.632055555555556,0.0121384820998782
"types_mixed",1000,1,0.5,"BM","mcar",0.3,"floor","cat3","accuracy",200,0.618233333333333,0.0115031107874759
"types_mixed",100,0.3,0,"BM","mcar",0.3,"freq","cat3","accuracy",200,0.359333333333333,0.00855618276686057
"types_mixed",300,0.3,0,"BM","mcar",0.3,"freq","cat3","accuracy",200,0.378666666666667,0.00732822182821124
"types_mixed",1000,0.3,0,"BM","mcar",0.3,"freq","cat3","accuracy",200,0.3553,0.00465781584699792
"types_mixed",100,0.7,0,"BM","mcar",0.3,"freq","cat3","accuracy",200,0.524166666666667,0.0139492129382583
"types_mixed",300,0.7,0,"BM","mcar",0.3,"freq","cat3","accuracy",200,0.546,0.0132750540952603
"types_mixed",1000,0.7,0,"BM","mcar",0.3,"freq","cat3","accuracy",200,0.529183333333333,0.0125100628953658
"types_mixed",100,1,0,"BM","mcar",0.3,"freq","cat3","accuracy",200,0.899,0.0077254320520501
"types_mixed",300,1,0,"BM","mcar",0.3,"freq","cat3","accuracy",200,0.933,0.00645336701096986
"types_mixed",1000,1,0,"BM","mcar",0.3,"freq","cat3","accuracy",200,0.955166666666667,0.00632975081607758
"types_mixed",100,0.3,0.5,"BM","mcar",0.3,"freq","cat3","accuracy",200,0.382666666666667,0.00846037170857381
"types_mixed",300,0.3,0.5,"BM","mcar",0.3,"freq","cat3","accuracy",200,0.364,0.00667840024560978
"types_mixed",1000,0.3,0.5,"BM","mcar",0.3,"freq","cat3","accuracy",200,0.356783333333333,0.00464816729912421
"types_mixed",100,0.7,0.5,"BM","mcar",0.3,"freq","cat3","accuracy",200,0.5335,0.0142825783229461
"types_mixed",300,0.7,0.5,"BM","mcar",0.3,"freq","cat3","accuracy",200,0.534333333333333,0.0125560200128538
"types_mixed",1000,0.7,0.5,"BM","mcar",0.3,"freq","cat3","accuracy",200,0.522016666666667,0.0123350059416331
"types_mixed",100,1,0.5,"BM","mcar",0.3,"freq","cat3","accuracy",200,0.891,0.00814685834841814
"types_mixed",300,1,0.5,"BM","mcar",0.3,"freq","cat3","accuracy",200,0.938777777777778,0.0056721380183413
"types_mixed",1000,1,0.5,"BM","mcar",0.3,"freq","cat3","accuracy",200,0.964483333333333,0.00461527078897992
"types_mixed",100,0.3,0,"BM","mcar",0.3,"freq_lambda","cat3","accuracy",200,0.37,0.00885076974447948
"types_mixed",300,0.3,0,"BM","mcar",0.3,"freq_lambda","cat3","accuracy",200,0.378388888888889,0.00713904232411744
"types_mixed",1000,0.3,0,"BM","mcar",0.3,"freq_lambda","cat3","accuracy",200,0.35545,0.00494425527715477
"types_mixed",100,0.7,0,"BM","mcar",0.3,"freq_lambda","cat3","accuracy",200,0.533333333333333,0.0137781740185452
"types_mixed",300,0.7,0,"BM","mcar",0.3,"freq_lambda","cat3","accuracy",200,0.547333333333333,0.0132776708970605
"types_mixed",1000,0.7,0,"BM","mcar",0.3,"freq_lambda","cat3","accuracy",200,0.5259,0.0127328279605395
"types_mixed",100,1,0,"BM","mcar",0.3,"freq_lambda","cat3","accuracy",200,0.898833333333333,0.00771989207621076
"types_mixed",300,1,0,"BM","mcar",0.3,"freq_lambda","cat3","accuracy",200,0.933,0.00645336701096986
"types_mixed",1000,1,0,"BM","mcar",0.3,"freq_lambda","cat3","accuracy",200,0.955183333333333,0.00632979260542508
"types_mixed",100,0.3,0.5,"BM","mcar",0.3,"freq_lambda","cat3","accuracy",200,0.366833333333333,0.00851476695402799
"types_mixed",300,0.3,0.5,"BM","mcar",0.3,"freq_lambda","cat3","accuracy",200,0.364,0.00635910690157386
"types_mixed",1000,0.3,0.5,"BM","mcar",0.3,"freq_lambda","cat3","accuracy",200,0.35255,0.00480827138976965
"types_mixed",100,0.7,0.5,"BM","mcar",0.3,"freq_lambda","cat3","accuracy",200,0.541833333333333,0.0138972007512803
"types_mixed",300,0.7,0.5,"BM","mcar",0.3,"freq_lambda","cat3","accuracy",200,0.535166666666667,0.0125672772300224
"types_mixed",1000,0.7,0.5,"BM","mcar",0.3,"freq_lambda","cat3","accuracy",200,0.522366666666667,0.0123302225693503
"types_mixed",100,1,0.5,"BM","mcar",0.3,"freq_lambda","cat3","accuracy",200,0.890833333333333,0.00815791073361854
"types_mixed",300,1,0.5,"BM","mcar",0.3,"freq_lambda","cat3","accuracy",200,0.938888888888889,0.00566502970630327
"types_mixed",1000,1,0.5,"BM","mcar",0.3,"freq_lambda","cat3","accuracy",200,0.964483333333333,0.00461527078897992
"types_mixed",100,0.3,0,"BM","mcar",0.3,"gnn_off","cat3","accuracy",200,0.438333333333333,0.00899391816344606
"types_mixed",300,0.3,0,"BM","mcar",0.3,"gnn_off","cat3","accuracy",200,0.462555555555556,0.00823280514697912
"types_mixed",1000,0.3,0,"BM","mcar",0.3,"gnn_off","cat3","accuracy",200,0.455083333333333,0.00649343341803386
"types_mixed",100,0.7,0,"BM","mcar",0.3,"gnn_off","cat3","accuracy",200,0.562333333333333,0.011144224805267
"types_mixed",300,0.7,0,"BM","mcar",0.3,"gnn_off","cat3","accuracy",200,0.608277777777778,0.0102877507561817
"types_mixed",1000,0.7,0,"BM","mcar",0.3,"gnn_off","cat3","accuracy",200,0.603983333333333,0.00881681865403348
"types_mixed",100,1,0,"BM","mcar",0.3,"gnn_off","cat3","accuracy",200,0.889,0.00850365310535636
"types_mixed",300,1,0,"BM","mcar",0.3,"gnn_off","cat3","accuracy",200,0.947555555555556,0.00347383044833019
"types_mixed",1000,1,0,"BM","mcar",0.3,"gnn_off","cat3","accuracy",200,0.969116666666667,0.00295002839040366
"types_mixed",100,0.3,0.5,"BM","mcar",0.3,"gnn_off","cat3","accuracy",200,0.445833333333333,0.00953830181758641
"types_mixed",300,0.3,0.5,"BM","mcar",0.3,"gnn_off","cat3","accuracy",200,0.455777777777778,0.00805748932295078
"types_mixed",1000,0.3,0.5,"BM","mcar",0.3,"gnn_off","cat3","accuracy",200,0.467116666666667,0.00623227480957522
"types_mixed",100,0.7,0.5,"BM","mcar",0.3,"gnn_off","cat3","accuracy",200,0.590666666666667,0.0120652423342902
"types_mixed",300,0.7,0.5,"BM","mcar",0.3,"gnn_off","cat3","accuracy",200,0.605555555555556,0.00927250123276387
"types_mixed",1000,0.7,0.5,"BM","mcar",0.3,"gnn_off","cat3","accuracy",200,0.60115,0.00813813590463034
"types_mixed",100,1,0.5,"BM","mcar",0.3,"gnn_off","cat3","accuracy",200,0.887,0.00811279362707514
"types_mixed",300,1,0.5,"BM","mcar",0.3,"gnn_off","cat3","accuracy",200,0.952333333333333,0.00369907676739415
"types_mixed",1000,1,0.5,"BM","mcar",0.3,"gnn_off","cat3","accuracy",200,0.97355,0.00125660232919382
"types_mixed",100,0.3,0,"BM","mcar",0.3,"gnn_off_rphylopars","cat3","accuracy",200,0.438833333333333,0.00923898683416872
"types_mixed",300,0.3,0,"BM","mcar",0.3,"gnn_off_rphylopars","cat3","accuracy",200,0.461666666666667,0.00833519428318533
"types_mixed",1000,0.3,0,"BM","mcar",0.3,"gnn_off_rphylopars","cat3","accuracy",200,0.455033333333333,0.00658946039328767
"types_mixed",100,0.7,0,"BM","mcar",0.3,"gnn_off_rphylopars","cat3","accuracy",200,0.550166666666667,0.0104237346205388
"types_mixed",300,0.7,0,"BM","mcar",0.3,"gnn_off_rphylopars","cat3","accuracy",200,0.591222222222222,0.0103035960744424
"types_mixed",1000,0.7,0,"BM","mcar",0.3,"gnn_off_rphylopars","cat3","accuracy",200,0.593716666666667,0.00892656239501363
"types_mixed",100,1,0,"BM","mcar",0.3,"gnn_off_rphylopars","cat3","accuracy",200,0.884166666666667,0.008232853185872
"types_mixed",300,1,0,"BM","mcar",0.3,"gnn_off_rphylopars","cat3","accuracy",200,0.946111111111111,0.00364259564169172
"types_mixed",1000,1,0,"BM","mcar",0.3,"gnn_off_rphylopars","cat3","accuracy",200,0.968266666666667,0.00308523618227047
"types_mixed",100,0.3,0.5,"BM","mcar",0.3,"gnn_off_rphylopars","cat3","accuracy",200,0.4415,0.00950916423010502
"types_mixed",300,0.3,0.5,"BM","mcar",0.3,"gnn_off_rphylopars","cat3","accuracy",200,0.456666666666667,0.00795600222085014
"types_mixed",1000,0.3,0.5,"BM","mcar",0.3,"gnn_off_rphylopars","cat3","accuracy",200,0.469966666666667,0.006050503529858
"types_mixed",100,0.7,0.5,"BM","mcar",0.3,"gnn_off_rphylopars","cat3","accuracy",200,0.576333333333333,0.011898486501072
"types_mixed",300,0.7,0.5,"BM","mcar",0.3,"gnn_off_rphylopars","cat3","accuracy",200,0.5965,0.00930941922506897
"types_mixed",1000,0.7,0.5,"BM","mcar",0.3,"gnn_off_rphylopars","cat3","accuracy",200,0.59815,0.00806404769077719
"types_mixed",100,1,0.5,"BM","mcar",0.3,"gnn_off_rphylopars","cat3","accuracy",200,0.878833333333333,0.00812787766331918
"types_mixed",300,1,0.5,"BM","mcar",0.3,"gnn_off_rphylopars","cat3","accuracy",200,0.9525,0.00367918906293276
"types_mixed",1000,1,0.5,"BM","mcar",0.3,"gnn_off_rphylopars","cat3","accuracy",200,0.972916666666667,0.00132597161577897
"types_mixed",100,0.3,0,"BM","mcar",0.3,"gnn_on","cat3","accuracy",200,0.439166666666667,0.0089181322078702
"types_mixed",300,0.3,0,"BM","mcar",0.3,"gnn_on","cat3","accuracy",200,0.463777777777778,0.008290599530386
"types_mixed",1000,0.3,0,"BM","mcar",0.3,"gnn_on","cat3","accuracy",200,0.455016666666667,0.00652213503337939
"types_mixed",100,0.7,0,"BM","mcar",0.3,"gnn_on","cat3","accuracy",200,0.558166666666667,0.0111634661280028
"types_mixed",300,0.7,0,"BM","mcar",0.3,"gnn_on","cat3","accuracy",200,0.608722222222222,0.0103006716813355
"types_mixed",1000,0.7,0,"BM","mcar",0.3,"gnn_on","cat3","accuracy",200,0.6059,0.00867235704183604
"types_mixed",100,1,0,"BM","mcar",0.3,"gnn_on","cat3","accuracy",200,0.864166666666667,0.0093206946611858
"types_mixed",300,1,0,"BM","mcar",0.3,"gnn_on","cat3","accuracy",200,0.921222222222222,0.00668534049466618
"types_mixed",1000,1,0,"BM","mcar",0.3,"gnn_on","cat3","accuracy",200,0.948916666666667,0.00676093062076059
"types_mixed",100,0.3,0.5,"BM","mcar",0.3,"gnn_on","cat3","accuracy",200,0.447333333333333,0.00957604959529134
"types_mixed",300,0.3,0.5,"BM","mcar",0.3,"gnn_on","cat3","accuracy",200,0.456666666666667,0.00806404662334121
"types_mixed",1000,0.3,0.5,"BM","mcar",0.3,"gnn_on","cat3","accuracy",200,0.466616666666667,0.00622877086942763
"types_mixed",100,0.7,0.5,"BM","mcar",0.3,"gnn_on","cat3","accuracy",200,0.593166666666667,0.0121462737241702
"types_mixed",300,0.7,0.5,"BM","mcar",0.3,"gnn_on","cat3","accuracy",200,0.607666666666667,0.00928366446813678
"types_mixed",1000,0.7,0.5,"BM","mcar",0.3,"gnn_on","cat3","accuracy",200,0.600833333333333,0.00797839594070834
"types_mixed",100,1,0.5,"BM","mcar",0.3,"gnn_on","cat3","accuracy",200,0.848833333333333,0.00975374486057211
"types_mixed",300,1,0.5,"BM","mcar",0.3,"gnn_on","cat3","accuracy",200,0.928611111111111,0.00626781844910373
"types_mixed",1000,1,0.5,"BM","mcar",0.3,"gnn_on","cat3","accuracy",200,0.96085,0.00460572783850606
"types_mixed",100,0.3,0,"BM","mcar",0.3,"gnn_on_full","cat3","accuracy",200,0.439,0.00897328375394797
"types_mixed",300,0.3,0,"BM","mcar",0.3,"gnn_on_full","cat3","accuracy",200,0.463555555555556,0.0082078435248544
"types_mixed",1000,0.3,0,"BM","mcar",0.3,"gnn_on_full","cat3","accuracy",200,0.455266666666667,0.00648661207694273
"types_mixed",100,0.7,0,"BM","mcar",0.3,"gnn_on_full","cat3","accuracy",200,0.562,0.0110958465778243
"types_mixed",300,0.7,0,"BM","mcar",0.3,"gnn_on_full","cat3","accuracy",200,0.608944444444444,0.0103543812522678
"types_mixed",1000,0.7,0,"BM","mcar",0.3,"gnn_on_full","cat3","accuracy",200,0.605733333333333,0.00871594545603802
"types_mixed",100,1,0,"BM","mcar",0.3,"gnn_on_full","cat3","accuracy",185,0.88972972972973,0.00814703195718417
"types_mixed",300,1,0,"BM","mcar",0.3,"gnn_on_full","cat3","accuracy",186,0.945698924731183,0.00368393560380683
"types_mixed",1000,1,0,"BM","mcar",0.3,"gnn_on_full","cat3","accuracy",191,0.968586387434555,0.0030813475822019
"types_mixed",100,0.3,0.5,"BM","mcar",0.3,"gnn_on_full","cat3","accuracy",200,0.447666666666667,0.00957065471127533
"types_mixed",300,0.3,0.5,"BM","mcar",0.3,"gnn_on_full","cat3","accuracy",200,0.455388888888889,0.00807576163900366
"types_mixed",1000,0.3,0.5,"BM","mcar",0.3,"gnn_on_full","cat3","accuracy",200,0.466783333333333,0.00624112446292312
"types_mixed",100,0.7,0.5,"BM","mcar",0.3,"gnn_on_full","cat3","accuracy",200,0.592,0.0121000851361264
"types_mixed",300,0.7,0.5,"BM","mcar",0.3,"gnn_on_full","cat3","accuracy",200,0.607055555555556,0.00927189153187979
"types_mixed",1000,0.7,0.5,"BM","mcar",0.3,"gnn_on_full","cat3","accuracy",200,0.600983333333333,0.00804700031851537
"types_mixed",100,1,0.5,"BM","mcar",0.3,"gnn_on_full","cat3","accuracy",183,0.882513661202186,0.00857019286076611
"types_mixed",300,1,0.5,"BM","mcar",0.3,"gnn_on_full","cat3","accuracy",185,0.951591591591592,0.00394837923584985
"types_mixed",1000,1,0.5,"BM","mcar",0.3,"gnn_on_full","cat3","accuracy",193,0.973246977547496,0.001254294874825
"types_mixed",100,0.3,0,"BM","mcar",0.3,"bace","ord","accuracy",100,0.397333333333333,0.0109244934288913
"types_mixed",300,0.3,0,"BM","mcar",0.3,"bace","ord","accuracy",100,0.431444444444444,0.00890578500803286
"types_mixed",1000,0.3,0,"BM","mcar",0.3,"bace","ord","accuracy",100,0.4398,0.0061203456399099
"types_mixed",100,0.7,0,"BM","mcar",0.3,"bace","ord","accuracy",100,0.512333333333333,0.0162033583416779
"types_mixed",300,0.7,0,"BM","mcar",0.3,"bace","ord","accuracy",100,0.569666666666667,0.0115533268592384
"types_mixed",1000,0.7,0,"BM","mcar",0.3,"bace","ord","accuracy",100,0.579233333333333,0.0106225788157042
"types_mixed",100,1,0,"BM","mcar",0.3,"bace","ord","accuracy",100,0.717,0.0194393644157645
"types_mixed",300,1,0,"BM","mcar",0.3,"bace","ord","accuracy",100,0.707666666666667,0.0213035092454938
"types_mixed",1000,1,0,"BM","mcar",0.3,"bace","ord","accuracy",93,0.776666666666667,0.0230010964725214
"types_mixed",100,0.3,0.5,"BM","mcar",0.3,"bace","ord","accuracy",100,0.424666666666667,0.010494186301374
"types_mixed",300,0.3,0.5,"BM","mcar",0.3,"bace","ord","accuracy",100,0.455888888888889,0.00726368139890312
"types_mixed",1000,0.3,0.5,"BM","mcar",0.3,"bace","ord","accuracy",97,0.484089347079038,0.00595950625969094
"types_mixed",100,0.7,0.5,"BM","mcar",0.3,"bace","ord","accuracy",97,0.549828178694158,0.0168314003130387
"types_mixed",300,0.7,0.5,"BM","mcar",0.3,"bace","ord","accuracy",99,0.586531986531987,0.00977993570041179
"types_mixed",1000,0.7,0.5,"BM","mcar",0.3,"bace","ord","accuracy",90,0.622592592592593,0.0109093768600958
"types_mixed",100,1,0.5,"BM","mcar",0.3,"bace","ord","accuracy",100,0.687,0.0188257709556958
"types_mixed",300,1,0.5,"BM","mcar",0.3,"bace","ord","accuracy",100,0.758888888888889,0.0194021505718778
"types_mixed",1000,1,0.5,"BM","mcar",0.3,"bace","ord","accuracy",100,0.820233333333333,0.0185088479463414
"types_mixed",100,0.3,0,"BM","mcar",0.3,"floor","ord","accuracy",200,0.348,0.00873532909031048
"types_mixed",300,0.3,0,"BM","mcar",0.3,"floor","ord","accuracy",200,0.355944444444444,0.00697250166832954
"types_mixed",1000,0.3,0,"BM","mcar",0.3,"floor","ord","accuracy",200,0.357283333333333,0.00593859691151863
"types_mixed",100,0.7,0,"BM","mcar",0.3,"floor","ord","accuracy",200,0.439666666666667,0.0108936024848399
"types_mixed",300,0.7,0,"BM","mcar",0.3,"floor","ord","accuracy",200,0.428444444444444,0.0106395290373964
"types_mixed",1000,0.7,0,"BM","mcar",0.3,"floor","ord","accuracy",200,0.4487,0.009113490959905
"types_mixed",100,1,0,"BM","mcar",0.3,"floor","ord","accuracy",200,0.541,0.0128464496047878
"types_mixed",300,1,0,"BM","mcar",0.3,"floor","ord","accuracy",200,0.534111111111111,0.0112568636822845
"types_mixed",1000,1,0,"BM","mcar",0.3,"floor","ord","accuracy",200,0.539066666666667,0.0117050614925744
"types_mixed",100,0.3,0.5,"BM","mcar",0.3,"floor","ord","accuracy",200,0.338833333333333,0.00861671437444876
"types_mixed",300,0.3,0.5,"BM","mcar",0.3,"floor","ord","accuracy",200,0.332611111111111,0.0064414197545742
"types_mixed",1000,0.3,0.5,"BM","mcar",0.3,"floor","ord","accuracy",200,0.36725,0.00636167674784796
"types_mixed",100,0.7,0.5,"BM","mcar",0.3,"floor","ord","accuracy",200,0.431,0.0114316115243456
"types_mixed",300,0.7,0.5,"BM","mcar",0.3,"floor","ord","accuracy",200,0.415555555555556,0.00903254931240812
"types_mixed",1000,0.7,0.5,"BM","mcar",0.3,"floor","ord","accuracy",200,0.453933333333333,0.00979099735764432
"types_mixed",100,1,0.5,"BM","mcar",0.3,"floor","ord","accuracy",200,0.532666666666667,0.0121845111333114
"types_mixed",300,1,0.5,"BM","mcar",0.3,"floor","ord","accuracy",200,0.531444444444444,0.011346230933084
"types_mixed",1000,1,0.5,"BM","mcar",0.3,"floor","ord","accuracy",200,0.541466666666667,0.0115367168089193
"types_mixed",100,0.3,0,"BM","mcar",0.3,"freq","ord","accuracy",200,0.355166666666667,0.00933165066191053
"types_mixed",300,0.3,0,"BM","mcar",0.3,"freq","ord","accuracy",200,0.347222222222222,0.00746593064224821
"types_mixed",1000,0.3,0,"BM","mcar",0.3,"freq","ord","accuracy",200,0.3537,0.00634098937761218
"types_mixed",100,0.7,0,"BM","mcar",0.3,"freq","ord","accuracy",200,0.460666666666667,0.0134017507627332
"types_mixed",300,0.7,0,"BM","mcar",0.3,"freq","ord","accuracy",200,0.446722222222222,0.0119896396070448
"types_mixed",1000,0.7,0,"BM","mcar",0.3,"freq","ord","accuracy",200,0.462766666666667,0.0112782955161116
"types_mixed",100,1,0,"BM","mcar",0.3,"freq","ord","accuracy",200,0.866833333333333,0.00807384089241312
"types_mixed",300,1,0,"BM","mcar",0.3,"freq","ord","accuracy",200,0.907166666666667,0.00737023417258868
"types_mixed",1000,1,0,"BM","mcar",0.3,"freq","ord","accuracy",200,0.940433333333333,0.00714585658487898
"types_mixed",100,0.3,0.5,"BM","mcar",0.3,"freq","ord","accuracy",200,0.3425,0.00901620075458068
"types_mixed",300,0.3,0.5,"BM","mcar",0.3,"freq","ord","accuracy",200,0.326444444444444,0.00686678971880225
"types_mixed",1000,0.3,0.5,"BM","mcar",0.3,"freq","ord","accuracy",200,0.361916666666667,0.00677678887029234
"types_mixed",100,0.7,0.5,"BM","mcar",0.3,"freq","ord","accuracy",200,0.4505,0.0135760518860585
"types_mixed",300,0.7,0.5,"BM","mcar",0.3,"freq","ord","accuracy",200,0.412722222222222,0.0117034721610344
"types_mixed",1000,0.7,0.5,"BM","mcar",0.3,"freq","ord","accuracy",200,0.460683333333333,0.0121434359228927
"types_mixed",100,1,0.5,"BM","mcar",0.3,"freq","ord","accuracy",200,0.843,0.0100711871554583
"types_mixed",300,1,0.5,"BM","mcar",0.3,"freq","ord","accuracy",200,0.899666666666667,0.00770119028348012
"types_mixed",1000,1,0.5,"BM","mcar",0.3,"freq","ord","accuracy",200,0.950516666666667,0.00472014686552874
"types_mixed",100,0.3,0,"BM","mcar",0.3,"freq_lambda","ord","accuracy",200,0.356,0.00926910178529708
"types_mixed",300,0.3,0,"BM","mcar",0.3,"freq_lambda","ord","accuracy",200,0.347277777777778,0.00744731375489888
"types_mixed",1000,0.3,0,"BM","mcar",0.3,"freq_lambda","ord","accuracy",200,0.353716666666667,0.00634210701020304
"types_mixed",100,0.7,0,"BM","mcar",0.3,"freq_lambda","ord","accuracy",200,0.460166666666667,0.0133891159327506
"types_mixed",300,0.7,0,"BM","mcar",0.3,"freq_lambda","ord","accuracy",200,0.447222222222222,0.0118811216715617
"types_mixed",1000,0.7,0,"BM","mcar",0.3,"freq_lambda","ord","accuracy",200,0.46285,0.0112793669683696
"types_mixed",100,1,0,"BM","mcar",0.3,"freq_lambda","ord","accuracy",200,0.866833333333333,0.00807384089241312
"types_mixed",300,1,0,"BM","mcar",0.3,"freq_lambda","ord","accuracy",200,0.907333333333333,0.00736119775977994
"types_mixed",1000,1,0,"BM","mcar",0.3,"freq_lambda","ord","accuracy",200,0.940533333333333,0.00714933785925632
"types_mixed",100,0.3,0.5,"BM","mcar",0.3,"freq_lambda","ord","accuracy",200,0.343833333333333,0.00908295874629094
"types_mixed",300,0.3,0.5,"BM","mcar",0.3,"freq_lambda","ord","accuracy",200,0.326611111111111,0.00685835414129294
"types_mixed",1000,0.3,0.5,"BM","mcar",0.3,"freq_lambda","ord","accuracy",200,0.361783333333333,0.00677845461421756
"types_mixed",100,0.7,0.5,"BM","mcar",0.3,"freq_lambda","ord","accuracy",200,0.452166666666667,0.0135360995514381
"types_mixed",300,0.7,0.5,"BM","mcar",0.3,"freq_lambda","ord","accuracy",200,0.412944444444444,0.0116759760523579
"types_mixed",1000,0.7,0.5,"BM","mcar",0.3,"freq_lambda","ord","accuracy",200,0.460783333333333,0.0121270949021163
"types_mixed",100,1,0.5,"BM","mcar",0.3,"freq_lambda","ord","accuracy",200,0.839833333333333,0.010288136690411
"types_mixed",300,1,0.5,"BM","mcar",0.3,"freq_lambda","ord","accuracy",200,0.899611111111111,0.00769976731149435
"types_mixed",1000,1,0.5,"BM","mcar",0.3,"freq_lambda","ord","accuracy",200,0.95045,0.00471710464314768
"types_mixed",100,0.3,0,"BM","mcar",0.3,"gnn_off","ord","accuracy",200,0.307666666666667,0.00704420912443132
"types_mixed",300,0.3,0,"BM","mcar",0.3,"gnn_off","ord","accuracy",200,0.304888888888889,0.00494942471532984
"types_mixed",1000,0.3,0,"BM","mcar",0.3,"gnn_off","ord","accuracy",200,0.294733333333333,0.00314291631261058
"types_mixed",100,0.7,0,"BM","mcar",0.3,"gnn_off","ord","accuracy",200,0.478333333333333,0.011432197618068
"types_mixed",300,0.7,0,"BM","mcar",0.3,"gnn_off","ord","accuracy",200,0.493166666666667,0.00909438534368611
"types_mixed",1000,0.7,0,"BM","mcar",0.3,"gnn_off","ord","accuracy",200,0.498333333333333,0.00818344258558995
"types_mixed",100,1,0,"BM","mcar",0.3,"gnn_off","ord","accuracy",200,0.891833333333333,0.0050541318762862
"types_mixed",300,1,0,"BM","mcar",0.3,"gnn_off","ord","accuracy",200,0.931388888888889,0.00271645031274853
"types_mixed",1000,1,0,"BM","mcar",0.3,"gnn_off","ord","accuracy",200,0.961483333333333,0.00177781751595732
"types_mixed",100,0.3,0.5,"BM","mcar",0.3,"gnn_off","ord","accuracy",200,0.309833333333333,0.00693270476148255
"types_mixed",300,0.3,0.5,"BM","mcar",0.3,"gnn_off","ord","accuracy",200,0.305055555555556,0.00490988177210694
"types_mixed",1000,0.3,0.5,"BM","mcar",0.3,"gnn_off","ord","accuracy",200,0.301083333333333,0.00397198013420108
"types_mixed",100,0.7,0.5,"BM","mcar",0.3,"gnn_off","ord","accuracy",200,0.4915,0.0107610914305761
"types_mixed",300,0.7,0.5,"BM","mcar",0.3,"gnn_off","ord","accuracy",200,0.473722222222222,0.0079599692908397
"types_mixed",1000,0.7,0.5,"BM","mcar",0.3,"gnn_off","ord","accuracy",200,0.503766666666667,0.00838111294278316
"types_mixed",100,1,0.5,"BM","mcar",0.3,"gnn_off","ord","accuracy",200,0.888333333333333,0.00645713435134096
"types_mixed",300,1,0.5,"BM","mcar",0.3,"gnn_off","ord","accuracy",200,0.9275,0.0030798234307003
"types_mixed",1000,1,0.5,"BM","mcar",0.3,"gnn_off","ord","accuracy",200,0.960783333333333,0.00162956655525704
"types_mixed",100,0.3,0,"BM","mcar",0.3,"gnn_off_rphylopars","ord","accuracy",200,0.3155,0.00716277016118132
"types_mixed",300,0.3,0,"BM","mcar",0.3,"gnn_off_rphylopars","ord","accuracy",200,0.306722222222222,0.00473039985590008
"types_mixed",1000,0.3,0,"BM","mcar",0.3,"gnn_off_rphylopars","ord","accuracy",200,0.297533333333333,0.00332740175763734
"types_mixed",100,0.7,0,"BM","mcar",0.3,"gnn_off_rphylopars","ord","accuracy",200,0.4575,0.0113738989748216
"types_mixed",300,0.7,0,"BM","mcar",0.3,"gnn_off_rphylopars","ord","accuracy",200,0.469777777777778,0.00850407988268177
"types_mixed",1000,0.7,0,"BM","mcar",0.3,"gnn_off_rphylopars","ord","accuracy",200,0.48255,0.00780470650357356
"types_mixed",100,1,0,"BM","mcar",0.3,"gnn_off_rphylopars","ord","accuracy",200,0.885,0.00552518218622289
"types_mixed",300,1,0,"BM","mcar",0.3,"gnn_off_rphylopars","ord","accuracy",200,0.927444444444444,0.00312479045764374
"types_mixed",1000,1,0,"BM","mcar",0.3,"gnn_off_rphylopars","ord","accuracy",200,0.961533333333333,0.0017442319394583
"types_mixed",100,0.3,0.5,"BM","mcar",0.3,"gnn_off_rphylopars","ord","accuracy",200,0.322,0.00743646079734146
"types_mixed",300,0.3,0.5,"BM","mcar",0.3,"gnn_off_rphylopars","ord","accuracy",200,0.319277777777778,0.00548671898688277
"types_mixed",1000,0.3,0.5,"BM","mcar",0.3,"gnn_off_rphylopars","ord","accuracy",200,0.3125,0.00474743164276012
"types_mixed",100,0.7,0.5,"BM","mcar",0.3,"gnn_off_rphylopars","ord","accuracy",200,0.488333333333333,0.0102774193729291
"types_mixed",300,0.7,0.5,"BM","mcar",0.3,"gnn_off_rphylopars","ord","accuracy",200,0.472722222222222,0.00767613148680003
"types_mixed",1000,0.7,0.5,"BM","mcar",0.3,"gnn_off_rphylopars","ord","accuracy",200,0.512516666666667,0.0073834323983508
"types_mixed",100,1,0.5,"BM","mcar",0.3,"gnn_off_rphylopars","ord","accuracy",200,0.882166666666667,0.00662414201222329
"types_mixed",300,1,0.5,"BM","mcar",0.3,"gnn_off_rphylopars","ord","accuracy",200,0.926444444444444,0.00316292499860621
"types_mixed",1000,1,0.5,"BM","mcar",0.3,"gnn_off_rphylopars","ord","accuracy",200,0.960933333333333,0.00160908226285769
"types_mixed",100,0.3,0,"BM","mcar",0.3,"gnn_on","ord","accuracy",200,0.303833333333333,0.00711309885500333
"types_mixed",300,0.3,0,"BM","mcar",0.3,"gnn_on","ord","accuracy",200,0.301555555555556,0.00511123248951596
"types_mixed",1000,0.3,0,"BM","mcar",0.3,"gnn_on","ord","accuracy",200,0.291866666666667,0.00317475736245167
"types_mixed",100,0.7,0,"BM","mcar",0.3,"gnn_on","ord","accuracy",200,0.470666666666667,0.011711590940918
"types_mixed",300,0.7,0,"BM","mcar",0.3,"gnn_on","ord","accuracy",200,0.490333333333333,0.00985857875962602
"types_mixed",1000,0.7,0,"BM","mcar",0.3,"gnn_on","ord","accuracy",200,0.504183333333333,0.00867838395840704
"types_mixed",100,1,0,"BM","mcar",0.3,"gnn_on","ord","accuracy",200,0.853833333333333,0.00810896444062212
"types_mixed",300,1,0,"BM","mcar",0.3,"gnn_on","ord","accuracy",200,0.901666666666667,0.0064098834520489
"types_mixed",1000,1,0,"BM","mcar",0.3,"gnn_on","ord","accuracy",200,0.936433333333333,0.0071239528014711
"types_mixed",100,0.3,0.5,"BM","mcar",0.3,"gnn_on","ord","accuracy",200,0.310666666666667,0.00774293864288428
"types_mixed",300,0.3,0.5,"BM","mcar",0.3,"gnn_on","ord","accuracy",200,0.308944444444444,0.00526881309817403
"types_mixed",1000,0.3,0.5,"BM","mcar",0.3,"gnn_on","ord","accuracy",200,0.3099,0.00481430204573879
"types_mixed",100,0.7,0.5,"BM","mcar",0.3,"gnn_on","ord","accuracy",200,0.4935,0.0117166850730512
"types_mixed",300,0.7,0.5,"BM","mcar",0.3,"gnn_on","ord","accuracy",200,0.4805,0.00837038014967748
"types_mixed",1000,0.7,0.5,"BM","mcar",0.3,"gnn_on","ord","accuracy",200,0.516366666666667,0.00875659406952797
"types_mixed",100,1,0.5,"BM","mcar",0.3,"gnn_on","ord","accuracy",200,0.842333333333333,0.00932001322778913
"types_mixed",300,1,0.5,"BM","mcar",0.3,"gnn_on","ord","accuracy",200,0.893777777777778,0.00767606784069043
"types_mixed",1000,1,0.5,"BM","mcar",0.3,"gnn_on","ord","accuracy",200,0.946116666666667,0.00474290309997426
"types_mixed",100,0.3,0,"BM","mcar",0.3,"gnn_on_full","ord","accuracy",200,0.308,0.00702249714987402
"types_mixed",300,0.3,0,"BM","mcar",0.3,"gnn_on_full","ord","accuracy",200,0.308166666666667,0.00503322141611974
"types_mixed",1000,0.3,0,"BM","mcar",0.3,"gnn_on_full","ord","accuracy",200,0.30005,0.00308084602468311
"types_mixed",100,0.7,0,"BM","mcar",0.3,"gnn_on_full","ord","accuracy",200,0.4835,0.0111609650685711
"types_mixed",300,0.7,0,"BM","mcar",0.3,"gnn_on_full","ord","accuracy",200,0.495833333333333,0.00923208136798044
"types_mixed",1000,0.7,0,"BM","mcar",0.3,"gnn_on_full","ord","accuracy",200,0.500416666666667,0.00813687820914804
"types_mixed",100,1,0,"BM","mcar",0.3,"gnn_on_full","ord","accuracy",185,0.889189189189189,0.00520044911454454
"types_mixed",300,1,0,"BM","mcar",0.3,"gnn_on_full","ord","accuracy",186,0.929928315412186,0.00284724230041349
"types_mixed",1000,1,0,"BM","mcar",0.3,"gnn_on_full","ord","accuracy",191,0.961657940663176,0.00183483773801554
"types_mixed",100,0.3,0.5,"BM","mcar",0.3,"gnn_on_full","ord","accuracy",200,0.317,0.0073021646133322
"types_mixed",300,0.3,0.5,"BM","mcar",0.3,"gnn_on_full","ord","accuracy",200,0.312777777777778,0.00503277304439702
"types_mixed",1000,0.3,0.5,"BM","mcar",0.3,"gnn_on_full","ord","accuracy",200,0.3134,0.004184732026413
"types_mixed",100,0.7,0.5,"BM","mcar",0.3,"gnn_on_full","ord","accuracy",200,0.502833333333333,0.0109712010705904
"types_mixed",300,0.7,0.5,"BM","mcar",0.3,"gnn_on_full","ord","accuracy",200,0.481722222222222,0.00777334862322313
"types_mixed",1000,0.7,0.5,"BM","mcar",0.3,"gnn_on_full","ord","accuracy",200,0.516533333333333,0.00789135608355883
"types_mixed",100,1,0.5,"BM","mcar",0.3,"gnn_on_full","ord","accuracy",183,0.886338797814208,0.00640122461389299
"types_mixed",300,1,0.5,"BM","mcar",0.3,"gnn_on_full","ord","accuracy",185,0.926246246246246,0.00324687407079121
"types_mixed",1000,1,0.5,"BM","mcar",0.3,"gnn_on_full","ord","accuracy",193,0.959965457685665,0.00165420456694321
"types_mixed",100,0.3,0,"BM","mcar",0.3,"bace","bin","brier",100,0.511133333333333,0.0142531371701783
"types_mixed",300,0.3,0,"BM","mcar",0.3,"bace","bin","brier",100,0.432371111111111,0.00763550605149565
"types_mixed",1000,0.3,0,"BM","mcar",0.3,"bace","bin","brier",100,0.379929166666667,0.0074967855639659
"types_mixed",100,0.7,0,"BM","mcar",0.3,"bace","bin","brier",100,0.372512278911565,0.0170386176980638
"types_mixed",300,0.7,0,"BM","mcar",0.3,"bace","bin","brier",100,0.293035,0.0116229156576335
"types_mixed",1000,0.7,0,"BM","mcar",0.3,"bace","bin","brier",100,0.256440057823129,0.0101811019573426
"types_mixed",100,1,0,"BM","mcar",0.3,"bace","bin","brier",100,0.201516020408163,0.017175557777595
"types_mixed",300,1,0,"BM","mcar",0.3,"bace","bin","brier",100,0.205383541194255,0.0194553573986948
"types_mixed",1000,1,0,"BM","mcar",0.3,"bace","bin","brier",93,0.1496227488845,0.018930604330038
"types_mixed",100,0.3,0.5,"BM","mcar",0.3,"bace","bin","brier",100,0.459835,0.0139134900293916
"types_mixed",300,0.3,0.5,"BM","mcar",0.3,"bace","bin","brier",100,0.381648333333333,0.00771295922631588
"types_mixed",1000,0.3,0.5,"BM","mcar",0.3,"bace","bin","brier",97,0.33882852233677,0.00597709844632642
"types_mixed",100,0.7,0.5,"BM","mcar",0.3,"bace","bin","brier",97,0.322926116838488,0.0155196867045476
"types_mixed",300,0.7,0.5,"BM","mcar",0.3,"bace","bin","brier",99,0.275200565748185,0.0101492158885359
"types_mixed",1000,0.7,0.5,"BM","mcar",0.3,"bace","bin","brier",90,0.221819652305367,0.00924382277719207
"types_mixed",100,1,0.5,"BM","mcar",0.3,"bace","bin","brier",100,0.21998380952381,0.0185952231975981
"types_mixed",300,1,0.5,"BM","mcar",0.3,"bace","bin","brier",100,0.174260540438398,0.0173204361432578
"types_mixed",1000,1,0.5,"BM","mcar",0.3,"bace","bin","brier",100,0.140000380952381,0.0181392631592735
"types_mixed",100,0.3,0,"BM","mcar",0.3,"floor","bin","brier",200,0.470154421768707,0.00561411089123275
"types_mixed",300,0.3,0,"BM","mcar",0.3,"floor","bin","brier",200,0.458608767951625,0.00414015141366652
"types_mixed",1000,0.3,0,"BM","mcar",0.3,"floor","bin","brier",200,0.452008047619048,0.00480970165896244
"types_mixed",100,0.7,0,"BM","mcar",0.3,"floor","bin","brier",200,0.403984353741497,0.00929287628162498
"types_mixed",300,0.7,0,"BM","mcar",0.3,"floor","bin","brier",200,0.391639531368103,0.0086718185222938
"types_mixed",1000,0.7,0,"BM","mcar",0.3,"floor","bin","brier",200,0.394771102040816,0.0088252614740741
"types_mixed",100,1,0,"BM","mcar",0.3,"floor","bin","brier",200,0.328548299319728,0.0128975393385489
"types_mixed",300,1,0,"BM","mcar",0.3,"floor","bin","brier",200,0.324530007558579,0.0122071989232605
"types_mixed",1000,1,0,"BM","mcar",0.3,"floor","bin","brier",200,0.336821768707483,0.0114531814712619
"types_mixed",100,0.3,0.5,"BM","mcar",0.3,"floor","bin","brier",200,0.476467346938776,0.00501694139419808
"types_mixed",300,0.3,0.5,"BM","mcar",0.3,"floor","bin","brier",200,0.461216175359032,0.00409193935654046
"types_mixed",1000,0.3,0.5,"BM","mcar",0.3,"floor","bin","brier",200,0.450118163265306,0.00482265908957519
"types_mixed",100,0.7,0.5,"BM","mcar",0.3,"floor","bin","brier",200,0.417494557823129,0.00881005551612612
"types_mixed",300,0.7,0.5,"BM","mcar",0.3,"floor","bin","brier",200,0.397979591836735,0.00790875758258515
"types_mixed",1000,0.7,0.5,"BM","mcar",0.3,"floor","bin","brier",200,0.387047319727891,0.00900636689686065
"types_mixed",100,1,0.5,"BM","mcar",0.3,"floor","bin","brier",200,0.342087074829932,0.0123346200106957
"types_mixed",300,1,0.5,"BM","mcar",0.3,"floor","bin","brier",200,0.333611337868481,0.0113946544489901
"types_mixed",1000,1,0.5,"BM","mcar",0.3,"floor","bin","brier",200,0.333884469387755,0.0122350208311526
"types_mixed",100,0.3,0,"BM","mcar",0.3,"freq","bin","brier",200,0.502607630342286,0.00422002814484045
"types_mixed",300,0.3,0,"BM","mcar",0.3,"freq","bin","brier",200,0.493253794007753,0.00261260024420603
"types_mixed",1000,0.3,0,"BM","mcar",0.3,"freq","bin","brier",200,0.487256661551152,0.00314542237081485
"types_mixed",100,0.7,0,"BM","mcar",0.3,"freq","bin","brier",200,0.39298035986092,0.0111861062010271
"types_mixed",300,0.7,0,"BM","mcar",0.3,"freq","bin","brier",200,0.366497112422836,0.0101632119874803
"types_mixed",1000,0.7,0,"BM","mcar",0.3,"freq","bin","brier",200,0.36188168980114,0.00935576367713774
"types_mixed",100,1,0,"BM","mcar",0.3,"freq","bin","brier",200,0.0707231440447541,0.00588579629181727
"types_mixed",300,1,0,"BM","mcar",0.3,"freq","bin","brier",200,0.0426549795984225,0.00358641459017474
"types_mixed",1000,1,0,"BM","mcar",0.3,"freq","bin","brier",200,0.0224147988232934,0.0016463681882892
"types_mixed",100,0.3,0.5,"BM","mcar",0.3,"freq","bin","brier",200,0.499317788094708,0.0041226437767204
"types_mixed",300,0.3,0.5,"BM","mcar",0.3,"freq","bin","brier",200,0.494482192432859,0.00261972615967213
"types_mixed",1000,0.3,0.5,"BM","mcar",0.3,"freq","bin","brier",200,0.48438482482857,0.00325094201347102
"types_mixed",100,0.7,0.5,"BM","mcar",0.3,"freq","bin","brier",200,0.381673891729243,0.0106549860225274
"types_mixed",300,0.7,0.5,"BM","mcar",0.3,"freq","bin","brier",200,0.3865991353228,0.00953416483064841
"types_mixed",1000,0.7,0.5,"BM","mcar",0.3,"freq","bin","brier",200,0.359365964872822,0.00990363874741109
"types_mixed",100,1,0.5,"BM","mcar",0.3,"freq","bin","brier",200,0.0815342877679635,0.00695095697963595
"types_mixed",300,1,0.5,"BM","mcar",0.3,"freq","bin","brier",200,0.0432543076776786,0.00318280631027201
"types_mixed",1000,1,0.5,"BM","mcar",0.3,"freq","bin","brier",200,0.0224645597586605,0.00168144203085235
"types_mixed",100,0.3,0,"BM","mcar",0.3,"freq_lambda","bin","brier",200,0.502613813266258,0.00421375627910451
"types_mixed",300,0.3,0,"BM","mcar",0.3,"freq_lambda","bin","brier",200,0.493149519514633,0.00261432995861175
"types_mixed",1000,0.3,0,"BM","mcar",0.3,"freq_lambda","bin","brier",200,0.487187008002964,0.00314360155578571
"types_mixed",100,0.7,0,"BM","mcar",0.3,"freq_lambda","bin","brier",200,0.392990681472906,0.0111881222108177
"types_mixed",300,0.7,0,"BM","mcar",0.3,"freq_lambda","bin","brier",200,0.366221254475734,0.010149343757626
"types_mixed",1000,0.7,0,"BM","mcar",0.3,"freq_lambda","bin","brier",200,0.36217977962336,0.00937261011223667
"types_mixed",100,1,0,"BM","mcar",0.3,"freq_lambda","bin","brier",200,0.0707190750446798,0.00588576636675803
"types_mixed",300,1,0,"BM","mcar",0.3,"freq_lambda","bin","brier",200,0.0426539547327889,0.00358634264953065
"types_mixed",1000,1,0,"BM","mcar",0.3,"freq_lambda","bin","brier",200,0.0224159223643253,0.00164650589133939
"types_mixed",100,0.3,0.5,"BM","mcar",0.3,"freq_lambda","bin","brier",200,0.499431017237282,0.00412124261918745
"types_mixed",300,0.3,0.5,"BM","mcar",0.3,"freq_lambda","bin","brier",200,0.493898167913483,0.0026780846790101
"types_mixed",1000,0.3,0.5,"BM","mcar",0.3,"freq_lambda","bin","brier",200,0.484472182698588,0.00325299519981763
"types_mixed",100,0.7,0.5,"BM","mcar",0.3,"freq_lambda","bin","brier",200,0.381406107548029,0.0106404906876044
"types_mixed",300,0.7,0.5,"BM","mcar",0.3,"freq_lambda","bin","brier",200,0.385347114427955,0.00953563855319845
"types_mixed",1000,0.7,0.5,"BM","mcar",0.3,"freq_lambda","bin","brier",200,0.359378429008836,0.009903868585071
"types_mixed",100,1,0.5,"BM","mcar",0.3,"freq_lambda","bin","brier",200,0.0815400507720918,0.00695100048856953
"types_mixed",300,1,0.5,"BM","mcar",0.3,"freq_lambda","bin","brier",200,0.0432541531277519,0.00318295061633759
"types_mixed",1000,1,0.5,"BM","mcar",0.3,"freq_lambda","bin","brier",200,0.0224648654844014,0.00168155277385008
"types_mixed",100,0.3,0,"BM","mcar",0.3,"gnn_off","bin","brier",200,0.467163503855621,0.00597255654084777
"types_mixed",300,0.3,0,"BM","mcar",0.3,"gnn_off","bin","brier",200,0.458322543316156,0.00450471235037922
"types_mixed",1000,0.3,0,"BM","mcar",0.3,"gnn_off","bin","brier",200,0.449215291537584,0.00497721557258399
"types_mixed",100,0.7,0,"BM","mcar",0.3,"gnn_off","bin","brier",200,0.365985517940645,0.00974900229166952
"types_mixed",300,0.7,0,"BM","mcar",0.3,"gnn_off","bin","brier",200,0.33527673976042,0.00865341999363572
"types_mixed",1000,0.7,0,"BM","mcar",0.3,"gnn_off","bin","brier",200,0.330156158488664,0.0077513323426388
"types_mixed",100,1,0,"BM","mcar",0.3,"gnn_off","bin","brier",200,0.165166029566535,0.00876538268248668
"types_mixed",300,1,0,"BM","mcar",0.3,"gnn_off","bin","brier",200,0.110083532283307,0.00352585720312369
"types_mixed",1000,1,0,"BM","mcar",0.3,"gnn_off","bin","brier",200,0.0993453977277685,0.00227794021544152
"types_mixed",100,0.3,0.5,"BM","mcar",0.3,"gnn_off","bin","brier",200,0.475968519923203,0.00596273255464982
"types_mixed",300,0.3,0.5,"BM","mcar",0.3,"gnn_off","bin","brier",200,0.463098718885529,0.00444315073079255
"types_mixed",1000,0.3,0.5,"BM","mcar",0.3,"gnn_off","bin","brier",200,0.44766567816466,0.0050483042797452
"types_mixed",100,0.7,0.5,"BM","mcar",0.3,"gnn_off","bin","brier",200,0.36236810136574,0.00919447568186452
"types_mixed",300,0.7,0.5,"BM","mcar",0.3,"gnn_off","bin","brier",200,0.350592080843784,0.00810728550186913
"types_mixed",1000,0.7,0.5,"BM","mcar",0.3,"gnn_off","bin","brier",200,0.330081420431273,0.00824213682042101
"types_mixed",100,1,0.5,"BM","mcar",0.3,"gnn_off","bin","brier",200,0.164354037189183,0.00800484828785024
"types_mixed",300,1,0.5,"BM","mcar",0.3,"gnn_off","bin","brier",200,0.110868346812713,0.00360575554653259
"types_mixed",1000,1,0.5,"BM","mcar",0.3,"gnn_off","bin","brier",200,0.101224648815877,0.00297716483317263
"types_mixed",100,0.3,0,"BM","mcar",0.3,"gnn_off_rphylopars","bin","brier",200,0.47096628860622,0.00611251179234908
"types_mixed",300,0.3,0,"BM","mcar",0.3,"gnn_off_rphylopars","bin","brier",200,0.457488344922094,0.0043487569773384
"types_mixed",1000,0.3,0,"BM","mcar",0.3,"gnn_off_rphylopars","bin","brier",200,0.44807575876259,0.00486621942231568
"types_mixed",100,0.7,0,"BM","mcar",0.3,"gnn_off_rphylopars","bin","brier",200,0.38205793246022,0.00967149352138923
"types_mixed",300,0.7,0,"BM","mcar",0.3,"gnn_off_rphylopars","bin","brier",200,0.358502766743749,0.00850002288208065
"types_mixed",1000,0.7,0,"BM","mcar",0.3,"gnn_off_rphylopars","bin","brier",200,0.347093383561585,0.00767340659135447
"types_mixed",100,1,0,"BM","mcar",0.3,"gnn_off_rphylopars","bin","brier",200,0.170938000282881,0.0087221503093137
"types_mixed",300,1,0,"BM","mcar",0.3,"gnn_off_rphylopars","bin","brier",200,0.115011240985173,0.00372275499188916
"types_mixed",1000,1,0,"BM","mcar",0.3,"gnn_off_rphylopars","bin","brier",200,0.10317825124997,0.00265591877473408
"types_mixed",100,0.3,0.5,"BM","mcar",0.3,"gnn_off_rphylopars","bin","brier",200,0.473243775905129,0.00552153567954029
"types_mixed",300,0.3,0.5,"BM","mcar",0.3,"gnn_off_rphylopars","bin","brier",200,0.458891419353161,0.00429787258094005
"types_mixed",1000,0.3,0.5,"BM","mcar",0.3,"gnn_off_rphylopars","bin","brier",200,0.440338232117606,0.00466985523693054
"types_mixed",100,0.7,0.5,"BM","mcar",0.3,"gnn_off_rphylopars","bin","brier",200,0.37413896432644,0.00912401897875728
"types_mixed",300,0.7,0.5,"BM","mcar",0.3,"gnn_off_rphylopars","bin","brier",200,0.36457144136796,0.00788576001668834
"types_mixed",1000,0.7,0.5,"BM","mcar",0.3,"gnn_off_rphylopars","bin","brier",200,0.333284385368357,0.00752164207657333
"types_mixed",100,1,0.5,"BM","mcar",0.3,"gnn_off_rphylopars","bin","brier",200,0.171002428048422,0.00825108193719172
"types_mixed",300,1,0.5,"BM","mcar",0.3,"gnn_off_rphylopars","bin","brier",200,0.115859043953774,0.00383323078711251
"types_mixed",1000,1,0.5,"BM","mcar",0.3,"gnn_off_rphylopars","bin","brier",200,0.103551245087057,0.00293293981403503
"types_mixed",100,0.3,0,"BM","mcar",0.3,"gnn_on","bin","brier",200,0.467541939755211,0.00613079312290534
"types_mixed",300,0.3,0,"BM","mcar",0.3,"gnn_on","bin","brier",200,0.45886843628469,0.00462836110101201
"types_mixed",1000,0.3,0,"BM","mcar",0.3,"gnn_on","bin","brier",200,0.449117576021181,0.00494585828530832
"types_mixed",100,0.7,0,"BM","mcar",0.3,"gnn_on","bin","brier",200,0.366149651287281,0.00972857536520303
"types_mixed",300,0.7,0,"BM","mcar",0.3,"gnn_on","bin","brier",200,0.335223655445786,0.00859146286681095
"types_mixed",1000,0.7,0,"BM","mcar",0.3,"gnn_on","bin","brier",200,0.33124423238132,0.0077136210512548
"types_mixed",100,1,0,"BM","mcar",0.3,"gnn_on","bin","brier",200,0.170823911065318,0.0088248055078238
"types_mixed",300,1,0,"BM","mcar",0.3,"gnn_on","bin","brier",200,0.114364917479328,0.00376876173031193
"types_mixed",1000,1,0,"BM","mcar",0.3,"gnn_on","bin","brier",200,0.101705995053835,0.00237573060551306
"types_mixed",100,0.3,0.5,"BM","mcar",0.3,"gnn_on","bin","brier",200,0.473650726757532,0.00586017400969917
"types_mixed",300,0.3,0.5,"BM","mcar",0.3,"gnn_on","bin","brier",200,0.461824114831095,0.00437727709491525
"types_mixed",1000,0.3,0.5,"BM","mcar",0.3,"gnn_on","bin","brier",200,0.446714046918244,0.00498863920363351
"types_mixed",100,0.7,0.5,"BM","mcar",0.3,"gnn_on","bin","brier",200,0.362120374775376,0.00920331119540931
"types_mixed",300,0.7,0.5,"BM","mcar",0.3,"gnn_on","bin","brier",200,0.349710776314342,0.00818966224894537
"types_mixed",1000,0.7,0.5,"BM","mcar",0.3,"gnn_on","bin","brier",200,0.33071452154802,0.00823134342441998
"types_mixed",100,1,0.5,"BM","mcar",0.3,"gnn_on","bin","brier",200,0.167585595213445,0.00800799107203579
"types_mixed",300,1,0.5,"BM","mcar",0.3,"gnn_on","bin","brier",200,0.114587674298003,0.00372467354100214
"types_mixed",1000,1,0.5,"BM","mcar",0.3,"gnn_on","bin","brier",200,0.102312599765768,0.00275678134217339
"types_mixed",100,0.3,0,"BM","mcar",0.3,"gnn_on_full","bin","brier",200,0.466991591228297,0.00596663355701687
"types_mixed",300,0.3,0,"BM","mcar",0.3,"gnn_on_full","bin","brier",200,0.45760235305367,0.00451477929918387
"types_mixed",1000,0.3,0,"BM","mcar",0.3,"gnn_on_full","bin","brier",200,0.449255912506198,0.00495066359704217
"types_mixed",100,0.7,0,"BM","mcar",0.3,"gnn_on_full","bin","brier",200,0.364698545078711,0.00975321478721056
"types_mixed",300,0.7,0,"BM","mcar",0.3,"gnn_on_full","bin","brier",200,0.335127250705315,0.00861769327045574
"types_mixed",1000,0.7,0,"BM","mcar",0.3,"gnn_on_full","bin","brier",200,0.331191023507946,0.00771919445978021
"types_mixed",100,1,0,"BM","mcar",0.3,"gnn_on_full","bin","brier",185,0.178557869793857,0.00876567848002981
"types_mixed",300,1,0,"BM","mcar",0.3,"gnn_on_full","bin","brier",186,0.118369389492671,0.00301287144644821
"types_mixed",1000,1,0,"BM","mcar",0.3,"gnn_on_full","bin","brier",191,0.103822560789018,0.00173683805294225
"types_mixed",100,0.3,0.5,"BM","mcar",0.3,"gnn_on_full","bin","brier",200,0.47511355276359,0.00597427882085861
"types_mixed",300,0.3,0.5,"BM","mcar",0.3,"gnn_on_full","bin","brier",200,0.462997975107661,0.0044293446854573
"types_mixed",1000,0.3,0.5,"BM","mcar",0.3,"gnn_on_full","bin","brier",200,0.446540543423929,0.00499519332487829
"types_mixed",100,0.7,0.5,"BM","mcar",0.3,"gnn_on_full","bin","brier",200,0.362244145167547,0.00919317767741364
"types_mixed",300,0.7,0.5,"BM","mcar",0.3,"gnn_on_full","bin","brier",200,0.350316112867818,0.00808910281993989
"types_mixed",1000,0.7,0.5,"BM","mcar",0.3,"gnn_on_full","bin","brier",200,0.330049114982363,0.00823133564857885
"types_mixed",100,1,0.5,"BM","mcar",0.3,"gnn_on_full","bin","brier",183,0.179345505746371,0.00779524113310074
"types_mixed",300,1,0.5,"BM","mcar",0.3,"gnn_on_full","bin","brier",185,0.119857672229075,0.00305709619546587
"types_mixed",1000,1,0.5,"BM","mcar",0.3,"gnn_on_full","bin","brier",193,0.103355714290171,0.00236558894563336
"types_mixed",100,0.3,0,"BM","mcar",0.3,"bace","cat3","brier",100,0.695990200266403,0.0144685314227046
"types_mixed",300,0.3,0,"BM","mcar",0.3,"bace","cat3","brier",100,0.601191666666667,0.00892113187598674
"types_mixed",1000,0.3,0,"BM","mcar",0.3,"bace","cat3","brier",100,0.583801,0.00628082814431753
"types_mixed",100,0.7,0,"BM","mcar",0.3,"bace","cat3","brier",100,0.567098893034188,0.0183093247016735
"types_mixed",300,0.7,0,"BM","mcar",0.3,"bace","cat3","brier",100,0.449273151304858,0.0130890906187939
"types_mixed",1000,0.7,0,"BM","mcar",0.3,"bace","cat3","brier",100,0.439133995533948,0.0121746242301231
"types_mixed",100,1,0,"BM","mcar",0.3,"bace","cat3","brier",100,0.31893453169485,0.0209503532471416
"types_mixed",300,1,0,"BM","mcar",0.3,"bace","cat3","brier",100,0.309166457117517,0.0229301356012871
"types_mixed",1000,1,0,"BM","mcar",0.3,"bace","cat3","brier",93,0.229768089183025,0.0232495310488059
"types_mixed",100,0.3,0.5,"BM","mcar",0.3,"bace","cat3","brier",100,0.675828403992333,0.0151230190086048
"types_mixed",300,0.3,0.5,"BM","mcar",0.3,"bace","cat3","brier",100,0.569547222222222,0.00677875452360227
"types_mixed",1000,0.3,0.5,"BM","mcar",0.3,"bace","cat3","brier",97,0.531015979381443,0.00565393114036271
"types_mixed",100,0.7,0.5,"BM","mcar",0.3,"bace","cat3","brier",97,0.505276576973511,0.0202868032847837
"types_mixed",300,0.7,0.5,"BM","mcar",0.3,"bace","cat3","brier",99,0.433579493027894,0.01091102153156
"types_mixed",1000,0.7,0.5,"BM","mcar",0.3,"bace","cat3","brier",90,0.411377713529856,0.0114341687532287
"types_mixed",100,1,0.5,"BM","mcar",0.3,"bace","cat3","brier",100,0.347036484462311,0.0204749324087098
"types_mixed",300,1,0.5,"BM","mcar",0.3,"bace","cat3","brier",100,0.258569066528909,0.0227292116634572
"types_mixed",1000,1,0.5,"BM","mcar",0.3,"bace","cat3","brier",100,0.218257726804101,0.0221641920430216
"types_mixed",100,0.3,0,"BM","mcar",0.3,"floor","cat3","brier",200,0.639554421768707,0.005092188067362
"types_mixed",300,0.3,0,"BM","mcar",0.3,"floor","cat3","brier",200,0.622156462585034,0.00484974137235533
"types_mixed",1000,0.3,0,"BM","mcar",0.3,"floor","cat3","brier",200,0.62675880952381,0.00355401431892979
"types_mixed",100,0.7,0,"BM","mcar",0.3,"floor","cat3","brier",200,0.58268843537415,0.00887226823972144
"types_mixed",300,0.7,0,"BM","mcar",0.3,"floor","cat3","brier",200,0.539798563869992,0.00973608083235731
"types_mixed",1000,0.7,0,"BM","mcar",0.3,"floor","cat3","brier",200,0.555833850340136,0.0081009475901311
"types_mixed",100,1,0,"BM","mcar",0.3,"floor","cat3","brier",200,0.495014285714286,0.0121750751030713
"types_mixed",300,1,0,"BM","mcar",0.3,"floor","cat3","brier",200,0.467878533635676,0.0128081005237787
"types_mixed",1000,1,0,"BM","mcar",0.3,"floor","cat3","brier",200,0.471374360544218,0.0116837480389115
"types_mixed",100,0.3,0.5,"BM","mcar",0.3,"floor","cat3","brier",200,0.637303401360544,0.00502568460814616
"types_mixed",300,0.3,0.5,"BM","mcar",0.3,"floor","cat3","brier",200,0.626491836734694,0.00478445800253214
"types_mixed",1000,0.3,0.5,"BM","mcar",0.3,"floor","cat3","brier",200,0.62376531292517,0.003512027407311
"types_mixed",100,0.7,0.5,"BM","mcar",0.3,"floor","cat3","brier",200,0.564744217687075,0.00941639507328044
"types_mixed",300,0.7,0.5,"BM","mcar",0.3,"floor","cat3","brier",200,0.552077248677249,0.00861244416718411
"types_mixed",1000,0.7,0.5,"BM","mcar",0.3,"floor","cat3","brier",200,0.558622217687075,0.00771898228098877
"types_mixed",100,1,0.5,"BM","mcar",0.3,"floor","cat3","brier",200,0.488567346938776,0.012703230147516
"types_mixed",300,1,0.5,"BM","mcar",0.3,"floor","cat3","brier",200,0.467838397581255,0.0119793986595524
"types_mixed",1000,1,0.5,"BM","mcar",0.3,"floor","cat3","brier",200,0.481012612244898,0.0114708446291058
"types_mixed",100,0.3,0,"BM","mcar",0.3,"freq","cat3","brier",200,0.670070678098064,0.00436019974547571
"types_mixed",300,0.3,0,"BM","mcar",0.3,"freq","cat3","brier",200,0.660894672332657,0.00327743795137018
"types_mixed",1000,0.3,0,"BM","mcar",0.3,"freq","cat3","brier",200,0.664458761984488,0.00145198020675405
"types_mixed",100,0.7,0,"BM","mcar",0.3,"freq","cat3","brier",200,0.596331507113718,0.0114129394078381
"types_mixed",300,0.7,0,"BM","mcar",0.3,"freq","cat3","brier",200,0.569363456405911,0.0109590377262999
"types_mixed",1000,0.7,0,"BM","mcar",0.3,"freq","cat3","brier",200,0.583582774561469,0.008978460120498
"types_mixed",100,1,0,"BM","mcar",0.3,"freq","cat3","brier",200,0.158777487280278,0.0104424677032277
"types_mixed",300,1,0,"BM","mcar",0.3,"freq","cat3","brier",200,0.104355160233533,0.00816482812238209
"types_mixed",1000,1,0,"BM","mcar",0.3,"freq","cat3","brier",200,0.0685114724126001,0.00760749845457552
"types_mixed",100,0.3,0.5,"BM","mcar",0.3,"freq","cat3","brier",200,0.671776233435954,0.00352670015344483
"types_mixed",300,0.3,0.5,"BM","mcar",0.3,"freq","cat3","brier",200,0.662739097751935,0.00286599871029014
"types_mixed",1000,0.3,0.5,"BM","mcar",0.3,"freq","cat3","brier",200,0.664085481007063,0.00147641404586483
"types_mixed",100,0.7,0.5,"BM","mcar",0.3,"freq","cat3","brier",200,0.579895306290925,0.0114111666459449
"types_mixed",300,0.7,0.5,"BM","mcar",0.3,"freq","cat3","brier",200,0.582227763471514,0.00934495571453368
"types_mixed",1000,0.7,0.5,"BM","mcar",0.3,"freq","cat3","brier",200,0.587344363161188,0.00853040410386596
"types_mixed",100,1,0.5,"BM","mcar",0.3,"freq","cat3","brier",200,0.170706996837466,0.0105362601887643
"types_mixed",300,1,0.5,"BM","mcar",0.3,"freq","cat3","brier",200,0.09907924346329,0.00783588698905533
"types_mixed",1000,1,0.5,"BM","mcar",0.3,"freq","cat3","brier",200,0.0576538017154513,0.00571622100843914
"types_mixed",100,0.3,0,"BM","mcar",0.3,"freq_lambda","cat3","brier",200,0.66792188674025,0.00483976017059041
"types_mixed",300,0.3,0,"BM","mcar",0.3,"freq_lambda","cat3","brier",200,0.660906155800672,0.003277008864771
"types_mixed",1000,0.3,0,"BM","mcar",0.3,"freq_lambda","cat3","brier",200,0.663945011044085,0.00152005261228297
"types_mixed",100,0.7,0,"BM","mcar",0.3,"freq_lambda","cat3","brier",200,0.594443619991442,0.0113669745896626
"types_mixed",300,0.7,0,"BM","mcar",0.3,"freq_lambda","cat3","brier",200,0.569386900575603,0.0109610807679287
"types_mixed",1000,0.7,0,"BM","mcar",0.3,"freq_lambda","cat3","brier",200,0.583635250646617,0.00898076509978184
"types_mixed",100,1,0,"BM","mcar",0.3,"freq_lambda","cat3","brier",200,0.158781712075395,0.010442869760523
"types_mixed",300,1,0,"BM","mcar",0.3,"freq_lambda","cat3","brier",200,0.104353759212233,0.00816506742204113
"types_mixed",1000,1,0,"BM","mcar",0.3,"freq_lambda","cat3","brier",200,0.0685093523027408,0.00760749381004234
"types_mixed",100,0.3,0.5,"BM","mcar",0.3,"freq_lambda","cat3","brier",200,0.671943907254489,0.00352460044470442
"types_mixed",300,0.3,0.5,"BM","mcar",0.3,"freq_lambda","cat3","brier",200,0.662909750024333,0.0028299603650082
"types_mixed",1000,0.3,0.5,"BM","mcar",0.3,"freq_lambda","cat3","brier",200,0.664044495240231,0.00147754457312436
"types_mixed",100,0.7,0.5,"BM","mcar",0.3,"freq_lambda","cat3","brier",200,0.578360218059642,0.0114765393124052
"types_mixed",300,0.7,0.5,"BM","mcar",0.3,"freq_lambda","cat3","brier",200,0.582230923125283,0.00934563246588416
"types_mixed",1000,0.7,0.5,"BM","mcar",0.3,"freq_lambda","cat3","brier",200,0.58737038406131,0.00853249330925234
"types_mixed",100,1,0.5,"BM","mcar",0.3,"freq_lambda","cat3","brier",200,0.170708291236678,0.0105359499729308
"types_mixed",300,1,0.5,"BM","mcar",0.3,"freq_lambda","cat3","brier",200,0.0990775514524223,0.00783563233285912
"types_mixed",1000,1,0.5,"BM","mcar",0.3,"freq_lambda","cat3","brier",200,0.0576546647129682,0.0057162239122869
"types_mixed",100,0.3,0,"BM","mcar",0.3,"gnn_off","cat3","brier",200,0.662287920674589,0.00639408715160762
"types_mixed",300,0.3,0,"BM","mcar",0.3,"gnn_off","cat3","brier",200,0.636921354947475,0.00487388256494409
"types_mixed",1000,0.3,0,"BM","mcar",0.3,"gnn_off","cat3","brier",200,0.637633760364032,0.00332550026326433
"types_mixed",100,0.7,0,"BM","mcar",0.3,"gnn_off","cat3","brier",200,0.569839443807478,0.0100715886250138
"types_mixed",300,0.7,0,"BM","mcar",0.3,"gnn_off","cat3","brier",200,0.52403467813141,0.00940635880692418
"types_mixed",1000,0.7,0,"BM","mcar",0.3,"gnn_off","cat3","brier",200,0.531436519757833,0.00765092385354272
"types_mixed",100,1,0,"BM","mcar",0.3,"gnn_off","cat3","brier",200,0.283221946773103,0.00829348875583621
"types_mixed",300,1,0,"BM","mcar",0.3,"gnn_off","cat3","brier",200,0.222814885160921,0.00472242775225156
"types_mixed",1000,1,0,"BM","mcar",0.3,"gnn_off","cat3","brier",200,0.212630924492649,0.002850713269333
"types_mixed",100,0.3,0.5,"BM","mcar",0.3,"gnn_off","cat3","brier",200,0.659264093565045,0.00645324729161195
"types_mixed",300,0.3,0.5,"BM","mcar",0.3,"gnn_off","cat3","brier",200,0.642689882948187,0.00519649302284165
"types_mixed",1000,0.3,0.5,"BM","mcar",0.3,"gnn_off","cat3","brier",200,0.634373536616966,0.00338025562928221
"types_mixed",100,0.7,0.5,"BM","mcar",0.3,"gnn_off","cat3","brier",200,0.537968014946797,0.0106088441534809
"types_mixed",300,0.7,0.5,"BM","mcar",0.3,"gnn_off","cat3","brier",200,0.533771005295414,0.00828722579964164
"types_mixed",1000,0.7,0.5,"BM","mcar",0.3,"gnn_off","cat3","brier",200,0.534216829481167,0.00704130721675115
"types_mixed",100,1,0.5,"BM","mcar",0.3,"gnn_off","cat3","brier",200,0.285836683978612,0.00879379385439402
"types_mixed",300,1,0.5,"BM","mcar",0.3,"gnn_off","cat3","brier",200,0.225638143302862,0.00399912491025239
"types_mixed",1000,1,0.5,"BM","mcar",0.3,"gnn_off","cat3","brier",200,0.20566786997144,0.00259264583260834
"types_mixed",100,0.3,0,"BM","mcar",0.3,"gnn_off_rphylopars","cat3","brier",200,0.661719570920707,0.00652368593030568
"types_mixed",300,0.3,0,"BM","mcar",0.3,"gnn_off_rphylopars","cat3","brier",200,0.635131583861173,0.00488202576496051
"types_mixed",1000,0.3,0,"BM","mcar",0.3,"gnn_off_rphylopars","cat3","brier",200,0.635454432439085,0.00309916854678439
"types_mixed",100,0.7,0,"BM","mcar",0.3,"gnn_off_rphylopars","cat3","brier",200,0.589002663058037,0.00968342656506269
"types_mixed",300,0.7,0,"BM","mcar",0.3,"gnn_off_rphylopars","cat3","brier",200,0.541701544107136,0.00928064610652173
"types_mixed",1000,0.7,0,"BM","mcar",0.3,"gnn_off_rphylopars","cat3","brier",200,0.541215280798825,0.00749234134677019
"types_mixed",100,1,0,"BM","mcar",0.3,"gnn_off_rphylopars","cat3","brier",200,0.292986519140328,0.00809050858464794
"types_mixed",300,1,0,"BM","mcar",0.3,"gnn_off_rphylopars","cat3","brier",200,0.232528095543814,0.00506365297494411
"types_mixed",1000,1,0,"BM","mcar",0.3,"gnn_off_rphylopars","cat3","brier",200,0.218784875758693,0.00298085881885011
"types_mixed",100,0.3,0.5,"BM","mcar",0.3,"gnn_off_rphylopars","cat3","brier",200,0.658097156902657,0.00638760673555211
"types_mixed",300,0.3,0.5,"BM","mcar",0.3,"gnn_off_rphylopars","cat3","brier",200,0.641599400630228,0.00499083629005376
"types_mixed",1000,0.3,0.5,"BM","mcar",0.3,"gnn_off_rphylopars","cat3","brier",200,0.630542014592177,0.00312794216873887
"types_mixed",100,0.7,0.5,"BM","mcar",0.3,"gnn_off_rphylopars","cat3","brier",200,0.556361494886916,0.0104620011955713
"types_mixed",300,0.7,0.5,"BM","mcar",0.3,"gnn_off_rphylopars","cat3","brier",200,0.539429789926156,0.00798847719854816
"types_mixed",1000,0.7,0.5,"BM","mcar",0.3,"gnn_off_rphylopars","cat3","brier",200,0.542382156435572,0.00667757939850838
"types_mixed",100,1,0.5,"BM","mcar",0.3,"gnn_off_rphylopars","cat3","brier",200,0.300904928792239,0.00918795031381675
"types_mixed",300,1,0.5,"BM","mcar",0.3,"gnn_off_rphylopars","cat3","brier",200,0.23238562237218,0.00427713996530947
"types_mixed",1000,1,0.5,"BM","mcar",0.3,"gnn_off_rphylopars","cat3","brier",200,0.211913405812053,0.00277848706692088
"types_mixed",100,0.3,0,"BM","mcar",0.3,"gnn_on","cat3","brier",200,0.661133180864152,0.00632023165154573
"types_mixed",300,0.3,0,"BM","mcar",0.3,"gnn_on","cat3","brier",200,0.636975085139887,0.00490023444707465
"types_mixed",1000,0.3,0,"BM","mcar",0.3,"gnn_on","cat3","brier",200,0.638709624245789,0.00334794130353889
"types_mixed",100,0.7,0,"BM","mcar",0.3,"gnn_on","cat3","brier",200,0.571309003655223,0.00984594899514052
"types_mixed",300,0.7,0,"BM","mcar",0.3,"gnn_on","cat3","brier",200,0.520575593371983,0.00948283486881772
"types_mixed",1000,0.7,0,"BM","mcar",0.3,"gnn_on","cat3","brier",200,0.526498132545097,0.00768193586592099
"types_mixed",100,1,0,"BM","mcar",0.3,"gnn_on","cat3","brier",200,0.301945319891276,0.00894293209525367
"types_mixed",300,1,0,"BM","mcar",0.3,"gnn_on","cat3","brier",200,0.244433680659753,0.00669120683059432
"types_mixed",1000,1,0,"BM","mcar",0.3,"gnn_on","cat3","brier",200,0.228010043456944,0.00569307307438315
"types_mixed",100,0.3,0.5,"BM","mcar",0.3,"gnn_on","cat3","brier",200,0.656539320121524,0.00644308219565482
"types_mixed",300,0.3,0.5,"BM","mcar",0.3,"gnn_on","cat3","brier",200,0.641326388841401,0.00513107028259516
"types_mixed",1000,0.3,0.5,"BM","mcar",0.3,"gnn_on","cat3","brier",200,0.633575449942767,0.00325610370300538
"types_mixed",100,0.7,0.5,"BM","mcar",0.3,"gnn_on","cat3","brier",200,0.536337105515351,0.0105977269312461
"types_mixed",300,0.7,0.5,"BM","mcar",0.3,"gnn_on","cat3","brier",200,0.530917910882955,0.00823224793836215
"types_mixed",1000,0.7,0.5,"BM","mcar",0.3,"gnn_on","cat3","brier",200,0.535151243406733,0.0071855862011838
"types_mixed",100,1,0.5,"BM","mcar",0.3,"gnn_on","cat3","brier",200,0.314669782605587,0.00981602729254668
"types_mixed",300,1,0.5,"BM","mcar",0.3,"gnn_on","cat3","brier",200,0.244429682502701,0.00597037778667049
"types_mixed",1000,1,0.5,"BM","mcar",0.3,"gnn_on","cat3","brier",200,0.215973270167243,0.00446191335197971
"types_mixed",100,0.3,0,"BM","mcar",0.3,"gnn_on_full","cat3","brier",200,0.661983338214779,0.00639082239604568
"types_mixed",300,0.3,0,"BM","mcar",0.3,"gnn_on_full","cat3","brier",200,0.636803190581846,0.00487126819969596
"types_mixed",1000,0.3,0,"BM","mcar",0.3,"gnn_on_full","cat3","brier",200,0.638390607937414,0.00332514096966493
"types_mixed",100,0.7,0,"BM","mcar",0.3,"gnn_on_full","cat3","brier",200,0.570576760453084,0.00988474601402453
"types_mixed",300,0.7,0,"BM","mcar",0.3,"gnn_on_full","cat3","brier",200,0.520074507754255,0.00948610710335802
"types_mixed",1000,0.7,0,"BM","mcar",0.3,"gnn_on_full","cat3","brier",200,0.526718269093369,0.00770895692611519
"types_mixed",100,1,0,"BM","mcar",0.3,"gnn_on_full","cat3","brier",185,0.283124145639414,0.00799838854414377
"types_mixed",300,1,0,"BM","mcar",0.3,"gnn_on_full","cat3","brier",186,0.224444458208384,0.0050173468269234
"types_mixed",1000,1,0,"BM","mcar",0.3,"gnn_on_full","cat3","brier",191,0.212077910716838,0.00265708709902617
"types_mixed",100,0.3,0.5,"BM","mcar",0.3,"gnn_on_full","cat3","brier",200,0.657776094527313,0.00644318181956148
"types_mixed",300,0.3,0.5,"BM","mcar",0.3,"gnn_on_full","cat3","brier",200,0.641843242510595,0.00513387097082211
"types_mixed",1000,0.3,0.5,"BM","mcar",0.3,"gnn_on_full","cat3","brier",200,0.633589262383303,0.00327189365042667
"types_mixed",100,0.7,0.5,"BM","mcar",0.3,"gnn_on_full","cat3","brier",200,0.53607262910755,0.0106469749009993
"types_mixed",300,0.7,0.5,"BM","mcar",0.3,"gnn_on_full","cat3","brier",200,0.530975675496704,0.00821762668859529
"types_mixed",1000,0.7,0.5,"BM","mcar",0.3,"gnn_on_full","cat3","brier",200,0.535497444934223,0.00733635370652489
"types_mixed",100,1,0.5,"BM","mcar",0.3,"gnn_on_full","cat3","brier",183,0.288487483925672,0.00936068165720435
"types_mixed",300,1,0.5,"BM","mcar",0.3,"gnn_on_full","cat3","brier",185,0.226906170969706,0.00409649757767265
"types_mixed",1000,1,0.5,"BM","mcar",0.3,"gnn_on_full","cat3","brier",193,0.206866746157607,0.00217746636133603
"types_mixed",100,0.3,0,"BM","mcar",0.3,"bace","ord","brier",100,0.758898333333333,0.01126800265399
"types_mixed",300,0.3,0,"BM","mcar",0.3,"bace","ord","brier",100,0.693622222222222,0.0078567484414247
"types_mixed",1000,0.3,0,"BM","mcar",0.3,"bace","ord","brier",100,0.6824905,0.00513592406559674
"types_mixed",100,0.7,0,"BM","mcar",0.3,"bace","ord","brier",100,0.638332551020408,0.0194542013343454
"types_mixed",300,0.7,0,"BM","mcar",0.3,"bace","ord","brier",100,0.550753333333333,0.0129857774060607
"types_mixed",1000,0.7,0,"BM","mcar",0.3,"bace","ord","brier",100,0.53455012244898,0.0117566977924596
"types_mixed",100,1,0,"BM","mcar",0.3,"bace","ord","brier",100,0.369071904761905,0.0212138306025134
"types_mixed",300,1,0,"BM","mcar",0.3,"bace","ord","brier",100,0.375205302343159,0.022909795862123
"types_mixed",1000,1,0,"BM","mcar",0.3,"bace","ord","brier",93,0.2849956404067,0.026384923132676
"types_mixed",100,0.3,0.5,"BM","mcar",0.3,"bace","ord","brier",100,0.736516666666667,0.0125994652096438
"types_mixed",300,0.3,0.5,"BM","mcar",0.3,"bace","ord","brier",100,0.658242222222222,0.00694575940502066
"types_mixed",1000,0.3,0.5,"BM","mcar",0.3,"bace","ord","brier",97,0.624711340206186,0.00554688403934693
"types_mixed",100,0.7,0.5,"BM","mcar",0.3,"bace","ord","brier",97,0.610432989690722,0.0217720479568485
"types_mixed",300,0.7,0.5,"BM","mcar",0.3,"bace","ord","brier",99,0.53408329324996,0.0101784945098061
"types_mixed",1000,0.7,0.5,"BM","mcar",0.3,"bace","ord","brier",90,0.484253201058201,0.0121546839443366
"types_mixed",100,1,0.5,"BM","mcar",0.3,"bace","ord","brier",100,0.410415544217687,0.020277300602554
"types_mixed",300,1,0.5,"BM","mcar",0.3,"bace","ord","brier",100,0.315025068027211,0.0224299699829799
"types_mixed",1000,1,0.5,"BM","mcar",0.3,"bace","ord","brier",100,0.239117173469388,0.0219195628447433
"types_mixed",100,0.3,0,"BM","mcar",0.3,"floor","ord","brier",200,0.724641496598639,0.00377877109960474
"types_mixed",300,0.3,0,"BM","mcar",0.3,"floor","ord","brier",200,0.719500377928949,0.00338482159936179
"types_mixed",1000,0.3,0,"BM","mcar",0.3,"floor","ord","brier",200,0.717493333333333,0.00269821873057002
"types_mixed",100,0.7,0,"BM","mcar",0.3,"floor","ord","brier",200,0.664876870748299,0.00742229636169689
"types_mixed",300,0.7,0,"BM","mcar",0.3,"floor","ord","brier",200,0.662022978080121,0.00747985870487631
"types_mixed",1000,0.7,0,"BM","mcar",0.3,"floor","ord","brier",200,0.652991972789116,0.00690263370675063
"types_mixed",100,1,0,"BM","mcar",0.3,"floor","ord","brier",200,0.566265306122449,0.0113840177461367
"types_mixed",300,1,0,"BM","mcar",0.3,"floor","ord","brier",200,0.574695238095238,0.00960840350624674
"types_mixed",1000,1,0,"BM","mcar",0.3,"floor","ord","brier",200,0.562901231292517,0.0111936810883853
"types_mixed",100,0.3,0.5,"BM","mcar",0.3,"floor","ord","brier",200,0.72977074829932,0.00383091625476519
"types_mixed",300,0.3,0.5,"BM","mcar",0.3,"floor","ord","brier",200,0.727365532879819,0.00294469257327223
"types_mixed",1000,0.3,0.5,"BM","mcar",0.3,"floor","ord","brier",200,0.713035503401361,0.00301483292448044
"types_mixed",100,0.7,0.5,"BM","mcar",0.3,"floor","ord","brier",200,0.665802040816327,0.00787742531584009
"types_mixed",300,0.7,0.5,"BM","mcar",0.3,"floor","ord","brier",200,0.674453363567649,0.0064356422937735
"types_mixed",1000,0.7,0.5,"BM","mcar",0.3,"floor","ord","brier",200,0.646879299319728,0.00750952608273034
"types_mixed",100,1,0.5,"BM","mcar",0.3,"floor","ord","brier",200,0.577886394557823,0.010549153081244
"types_mixed",300,1,0.5,"BM","mcar",0.3,"floor","ord","brier",200,0.575440136054422,0.0103655639778464
"types_mixed",1000,1,0.5,"BM","mcar",0.3,"floor","ord","brier",200,0.56271974829932,0.0110246296795815
"types_mixed",100,0.3,0,"BM","mcar",0.3,"freq","ord","brier",200,0.728363597675976,0.00447460742187003
"types_mixed",300,0.3,0,"BM","mcar",0.3,"freq","ord","brier",200,0.72134579962064,0.00342697582447414
"types_mixed",1000,0.3,0,"BM","mcar",0.3,"freq","ord","brier",200,0.71885817978694,0.00273759252740672
"types_mixed",100,0.7,0,"BM","mcar",0.3,"freq","ord","brier",200,0.648876449246953,0.0106745709985061
"types_mixed",300,0.7,0,"BM","mcar",0.3,"freq","ord","brier",200,0.649920154163594,0.00870337308509957
"types_mixed",1000,0.7,0,"BM","mcar",0.3,"freq","ord","brier",200,0.64007799329629,0.00776810306009135
"types_mixed",100,1,0,"BM","mcar",0.3,"freq","ord","brier",200,0.208848901249592,0.011674362309547
"types_mixed",300,1,0,"BM","mcar",0.3,"freq","ord","brier",200,0.149029627919653,0.011151045487459
"types_mixed",1000,1,0,"BM","mcar",0.3,"freq","ord","brier",200,0.0911443268503954,0.0085303775493753
"types_mixed",100,0.3,0.5,"BM","mcar",0.3,"freq","ord","brier",200,0.734220102172863,0.00421757894449597
"types_mixed",300,0.3,0.5,"BM","mcar",0.3,"freq","ord","brier",200,0.7302432748535,0.00306464120580065
"types_mixed",1000,0.3,0.5,"BM","mcar",0.3,"freq","ord","brier",200,0.714370280502001,0.00321468404767773
"types_mixed",100,0.7,0.5,"BM","mcar",0.3,"freq","ord","brier",200,0.656933001948785,0.0108588583351602
"types_mixed",300,0.7,0.5,"BM","mcar",0.3,"freq","ord","brier",200,0.668915643109618,0.00752309280397221
"types_mixed",1000,0.7,0.5,"BM","mcar",0.3,"freq","ord","brier",200,0.63442968591644,0.00848218790177796
"types_mixed",100,1,0.5,"BM","mcar",0.3,"freq","ord","brier",200,0.239597794259738,0.0151526463726685
"types_mixed",300,1,0.5,"BM","mcar",0.3,"freq","ord","brier",200,0.152214202892199,0.00899402306983565
"types_mixed",1000,1,0.5,"BM","mcar",0.3,"freq","ord","brier",200,0.0801584783284366,0.00608770256406035
"types_mixed",100,0.3,0,"BM","mcar",0.3,"freq_lambda","ord","brier",200,0.728525813709706,0.00449106684332247
"types_mixed",300,0.3,0,"BM","mcar",0.3,"freq_lambda","ord","brier",200,0.721194786409691,0.00339751587929987
"types_mixed",1000,0.3,0,"BM","mcar",0.3,"freq_lambda","ord","brier",200,0.718861724561474,0.00274101904666156
"types_mixed",100,0.7,0,"BM","mcar",0.3,"freq_lambda","ord","brier",200,0.649433938306158,0.0106720870971748
"types_mixed",300,0.7,0,"BM","mcar",0.3,"freq_lambda","ord","brier",200,0.650240555643565,0.00869875763367508
"types_mixed",1000,0.7,0,"BM","mcar",0.3,"freq_lambda","ord","brier",200,0.639957439512478,0.00776806871334961
"types_mixed",100,1,0,"BM","mcar",0.3,"freq_lambda","ord","brier",200,0.208884970175338,0.0116786972996347
"types_mixed",300,1,0,"BM","mcar",0.3,"freq_lambda","ord","brier",200,0.148889040770012,0.0111407661545328
"types_mixed",1000,1,0,"BM","mcar",0.3,"freq_lambda","ord","brier",200,0.0908599528871278,0.00854280761965821
"types_mixed",100,0.3,0.5,"BM","mcar",0.3,"freq_lambda","ord","brier",200,0.733369709968533,0.00421853370159714
"types_mixed",300,0.3,0.5,"BM","mcar",0.3,"freq_lambda","ord","brier",200,0.730415096622676,0.00303924529809699
"types_mixed",1000,0.3,0.5,"BM","mcar",0.3,"freq_lambda","ord","brier",200,0.714276834305149,0.00321123788074842
"types_mixed",100,0.7,0.5,"BM","mcar",0.3,"freq_lambda","ord","brier",200,0.656630550487264,0.0108611404531403
"types_mixed",300,0.7,0.5,"BM","mcar",0.3,"freq_lambda","ord","brier",200,0.6694746355442,0.00754518946271089
"types_mixed",1000,0.7,0.5,"BM","mcar",0.3,"freq_lambda","ord","brier",200,0.63453993450541,0.00847502171933167
"types_mixed",100,1,0.5,"BM","mcar",0.3,"freq_lambda","ord","brier",200,0.245809158649698,0.015736078593856
"types_mixed",300,1,0.5,"BM","mcar",0.3,"freq_lambda","ord","brier",200,0.152368398407396,0.00899064561375373
"types_mixed",1000,1,0.5,"BM","mcar",0.3,"freq_lambda","ord","brier",200,0.080128023359988,0.00608905846562985
"types_mixed",100,0.3,0,"BM","mcar",0.3,"gnn_off","ord","brier",200,NA,NA
"types_mixed",300,0.3,0,"BM","mcar",0.3,"gnn_off","ord","brier",200,NA,NA
"types_mixed",1000,0.3,0,"BM","mcar",0.3,"gnn_off","ord","brier",200,NA,NA
"types_mixed",100,0.7,0,"BM","mcar",0.3,"gnn_off","ord","brier",200,NA,NA
"types_mixed",300,0.7,0,"BM","mcar",0.3,"gnn_off","ord","brier",200,NA,NA
"types_mixed",1000,0.7,0,"BM","mcar",0.3,"gnn_off","ord","brier",200,NA,NA
"types_mixed",100,1,0,"BM","mcar",0.3,"gnn_off","ord","brier",200,NA,NA
"types_mixed",300,1,0,"BM","mcar",0.3,"gnn_off","ord","brier",200,NA,NA
"types_mixed",1000,1,0,"BM","mcar",0.3,"gnn_off","ord","brier",200,NA,NA
"types_mixed",100,0.3,0.5,"BM","mcar",0.3,"gnn_off","ord","brier",200,NA,NA
"types_mixed",300,0.3,0.5,"BM","mcar",0.3,"gnn_off","ord","brier",200,NA,NA
"types_mixed",1000,0.3,0.5,"BM","mcar",0.3,"gnn_off","ord","brier",200,NA,NA
"types_mixed",100,0.7,0.5,"BM","mcar",0.3,"gnn_off","ord","brier",200,NA,NA
"types_mixed",300,0.7,0.5,"BM","mcar",0.3,"gnn_off","ord","brier",200,NA,NA
"types_mixed",1000,0.7,0.5,"BM","mcar",0.3,"gnn_off","ord","brier",200,NA,NA
"types_mixed",100,1,0.5,"BM","mcar",0.3,"gnn_off","ord","brier",200,NA,NA
"types_mixed",300,1,0.5,"BM","mcar",0.3,"gnn_off","ord","brier",200,NA,NA
"types_mixed",1000,1,0.5,"BM","mcar",0.3,"gnn_off","ord","brier",200,NA,NA
"types_mixed",100,0.3,0,"BM","mcar",0.3,"gnn_off_rphylopars","ord","brier",200,NA,NA
"types_mixed",300,0.3,0,"BM","mcar",0.3,"gnn_off_rphylopars","ord","brier",200,NA,NA
"types_mixed",1000,0.3,0,"BM","mcar",0.3,"gnn_off_rphylopars","ord","brier",200,NA,NA
"types_mixed",100,0.7,0,"BM","mcar",0.3,"gnn_off_rphylopars","ord","brier",200,NA,NA
"types_mixed",300,0.7,0,"BM","mcar",0.3,"gnn_off_rphylopars","ord","brier",200,NA,NA
"types_mixed",1000,0.7,0,"BM","mcar",0.3,"gnn_off_rphylopars","ord","brier",200,NA,NA
"types_mixed",100,1,0,"BM","mcar",0.3,"gnn_off_rphylopars","ord","brier",200,NA,NA
"types_mixed",300,1,0,"BM","mcar",0.3,"gnn_off_rphylopars","ord","brier",200,NA,NA
"types_mixed",1000,1,0,"BM","mcar",0.3,"gnn_off_rphylopars","ord","brier",200,NA,NA
"types_mixed",100,0.3,0.5,"BM","mcar",0.3,"gnn_off_rphylopars","ord","brier",200,NA,NA
"types_mixed",300,0.3,0.5,"BM","mcar",0.3,"gnn_off_rphylopars","ord","brier",200,NA,NA
"types_mixed",1000,0.3,0.5,"BM","mcar",0.3,"gnn_off_rphylopars","ord","brier",200,NA,NA
"types_mixed",100,0.7,0.5,"BM","mcar",0.3,"gnn_off_rphylopars","ord","brier",200,NA,NA
"types_mixed",300,0.7,0.5,"BM","mcar",0.3,"gnn_off_rphylopars","ord","brier",200,NA,NA
"types_mixed",1000,0.7,0.5,"BM","mcar",0.3,"gnn_off_rphylopars","ord","brier",200,NA,NA
"types_mixed",100,1,0.5,"BM","mcar",0.3,"gnn_off_rphylopars","ord","brier",200,NA,NA
"types_mixed",300,1,0.5,"BM","mcar",0.3,"gnn_off_rphylopars","ord","brier",200,NA,NA
"types_mixed",1000,1,0.5,"BM","mcar",0.3,"gnn_off_rphylopars","ord","brier",200,NA,NA
"types_mixed",100,0.3,0,"BM","mcar",0.3,"gnn_on","ord","brier",200,NA,NA
"types_mixed",300,0.3,0,"BM","mcar",0.3,"gnn_on","ord","brier",200,NA,NA
"types_mixed",1000,0.3,0,"BM","mcar",0.3,"gnn_on","ord","brier",200,NA,NA
"types_mixed",100,0.7,0,"BM","mcar",0.3,"gnn_on","ord","brier",200,NA,NA
"types_mixed",300,0.7,0,"BM","mcar",0.3,"gnn_on","ord","brier",200,NA,NA
"types_mixed",1000,0.7,0,"BM","mcar",0.3,"gnn_on","ord","brier",200,NA,NA
"types_mixed",100,1,0,"BM","mcar",0.3,"gnn_on","ord","brier",200,0.416036281179138,0.0402016404864983
"types_mixed",300,1,0,"BM","mcar",0.3,"gnn_on","ord","brier",200,0.480349854227405,0.0509838446866418
"types_mixed",1000,1,0,"BM","mcar",0.3,"gnn_on","ord","brier",200,0.607055479969766,0.0245187001121353
"types_mixed",100,0.3,0.5,"BM","mcar",0.3,"gnn_on","ord","brier",200,NA,NA
"types_mixed",300,0.3,0.5,"BM","mcar",0.3,"gnn_on","ord","brier",200,NA,NA
"types_mixed",1000,0.3,0.5,"BM","mcar",0.3,"gnn_on","ord","brier",200,NA,NA
"types_mixed",100,0.7,0.5,"BM","mcar",0.3,"gnn_on","ord","brier",200,NA,NA
"types_mixed",300,0.7,0.5,"BM","mcar",0.3,"gnn_on","ord","brier",200,NA,NA
"types_mixed",1000,0.7,0.5,"BM","mcar",0.3,"gnn_on","ord","brier",200,NA,NA
"types_mixed",100,1,0.5,"BM","mcar",0.3,"gnn_on","ord","brier",200,0.509827931172469,0.0409852389413859
"types_mixed",300,1,0.5,"BM","mcar",0.3,"gnn_on","ord","brier",200,0.485428067523306,0.0446911791206349
"types_mixed",1000,1,0.5,"BM","mcar",0.3,"gnn_on","ord","brier",200,0.443195140913508,0.0782232353467587
"types_mixed",100,0.3,0,"BM","mcar",0.3,"gnn_on_full","ord","brier",200,NA,NA
"types_mixed",300,0.3,0,"BM","mcar",0.3,"gnn_on_full","ord","brier",200,NA,NA
"types_mixed",1000,0.3,0,"BM","mcar",0.3,"gnn_on_full","ord","brier",200,NA,NA
"types_mixed",100,0.7,0,"BM","mcar",0.3,"gnn_on_full","ord","brier",200,NA,NA
"types_mixed",300,0.7,0,"BM","mcar",0.3,"gnn_on_full","ord","brier",200,NA,NA
"types_mixed",1000,0.7,0,"BM","mcar",0.3,"gnn_on_full","ord","brier",200,NA,NA
"types_mixed",100,1,0,"BM","mcar",0.3,"gnn_on_full","ord","brier",185,NA,NA
"types_mixed",300,1,0,"BM","mcar",0.3,"gnn_on_full","ord","brier",186,NA,NA
"types_mixed",1000,1,0,"BM","mcar",0.3,"gnn_on_full","ord","brier",191,NA,NA
"types_mixed",100,0.3,0.5,"BM","mcar",0.3,"gnn_on_full","ord","brier",200,NA,NA
"types_mixed",300,0.3,0.5,"BM","mcar",0.3,"gnn_on_full","ord","brier",200,NA,NA
"types_mixed",1000,0.3,0.5,"BM","mcar",0.3,"gnn_on_full","ord","brier",200,NA,NA
"types_mixed",100,0.7,0.5,"BM","mcar",0.3,"gnn_on_full","ord","brier",200,NA,NA
"types_mixed",300,0.7,0.5,"BM","mcar",0.3,"gnn_on_full","ord","brier",200,NA,NA
"types_mixed",1000,0.7,0.5,"BM","mcar",0.3,"gnn_on_full","ord","brier",200,NA,NA
"types_mixed",100,1,0.5,"BM","mcar",0.3,"gnn_on_full","ord","brier",183,NA,NA
"types_mixed",300,1,0.5,"BM","mcar",0.3,"gnn_on_full","ord","brier",185,NA,NA
"types_mixed",1000,1,0.5,"BM","mcar",0.3,"gnn_on_full","ord","brier",193,NA,NA
"types_mixed",100,0.3,0,"BM","mcar",0.3,"bace","c1","interval_score",100,7.99446144486928,0.334939491108718
"types_mixed",300,0.3,0,"BM","mcar",0.3,"bace","c1","interval_score",100,8.26703627008492,0.246067181935034
"types_mixed",1000,0.3,0,"BM","mcar",0.3,"bace","c1","interval_score",100,7.36358473621962,0.133007183006192
"types_mixed",100,0.7,0,"BM","mcar",0.3,"bace","c1","interval_score",100,6.38134768049642,0.28959238012374
"types_mixed",300,0.7,0,"BM","mcar",0.3,"bace","c1","interval_score",100,5.98412114967719,0.205620980701721
"types_mixed",1000,0.7,0,"BM","mcar",0.3,"bace","c1","interval_score",100,5.40552393438515,0.121804734599637
"types_mixed",100,1,0,"BM","mcar",0.3,"bace","c1","interval_score",100,1.45483255270625,0.147624798227147
"types_mixed",300,1,0,"BM","mcar",0.3,"bace","c1","interval_score",100,0.684315195867928,0.0435399436919734
"types_mixed",1000,1,0,"BM","mcar",0.3,"bace","c1","interval_score",93,0.37359435283865,0.0219092431967994
"types_mixed",100,0.3,0.5,"BM","mcar",0.3,"bace","c1","interval_score",100,6.74595859869002,0.29322049537546
"types_mixed",300,0.3,0.5,"BM","mcar",0.3,"bace","c1","interval_score",100,5.31115612427929,0.114827869215382
"types_mixed",1000,0.3,0.5,"BM","mcar",0.3,"bace","c1","interval_score",97,4.59088017676066,0.0660068900391193
"types_mixed",100,0.7,0.5,"BM","mcar",0.3,"bace","c1","interval_score",97,5.59761432289654,0.31734575777432
"types_mixed",300,0.7,0.5,"BM","mcar",0.3,"bace","c1","interval_score",99,4.38701956631555,0.109365447590942
"types_mixed",1000,0.7,0.5,"BM","mcar",0.3,"bace","c1","interval_score",90,3.73835033309975,0.0797506375652747
"types_mixed",100,1,0.5,"BM","mcar",0.3,"bace","c1","interval_score",100,1.30867574221028,0.110028363043723
"types_mixed",300,1,0.5,"BM","mcar",0.3,"bace","c1","interval_score",100,0.72367502261834,0.0536463020589244
"types_mixed",1000,1,0.5,"BM","mcar",0.3,"bace","c1","interval_score",100,0.396819175716722,0.0220999143058069
"types_mixed",100,0.3,0,"BM","mcar",0.3,"floor","c1","interval_score",200,NA,NA
"types_mixed",300,0.3,0,"BM","mcar",0.3,"floor","c1","interval_score",200,NA,NA
"types_mixed",1000,0.3,0,"BM","mcar",0.3,"floor","c1","interval_score",200,NA,NA
"types_mixed",100,0.7,0,"BM","mcar",0.3,"floor","c1","interval_score",200,NA,NA
"types_mixed",300,0.7,0,"BM","mcar",0.3,"floor","c1","interval_score",200,NA,NA
"types_mixed",1000,0.7,0,"BM","mcar",0.3,"floor","c1","interval_score",200,NA,NA
"types_mixed",100,1,0,"BM","mcar",0.3,"floor","c1","interval_score",200,NA,NA
"types_mixed",300,1,0,"BM","mcar",0.3,"floor","c1","interval_score",200,NA,NA
"types_mixed",1000,1,0,"BM","mcar",0.3,"floor","c1","interval_score",200,NA,NA
"types_mixed",100,0.3,0.5,"BM","mcar",0.3,"floor","c1","interval_score",200,NA,NA
"types_mixed",300,0.3,0.5,"BM","mcar",0.3,"floor","c1","interval_score",200,NA,NA
"types_mixed",1000,0.3,0.5,"BM","mcar",0.3,"floor","c1","interval_score",200,NA,NA
"types_mixed",100,0.7,0.5,"BM","mcar",0.3,"floor","c1","interval_score",200,NA,NA
"types_mixed",300,0.7,0.5,"BM","mcar",0.3,"floor","c1","interval_score",200,NA,NA
"types_mixed",1000,0.7,0.5,"BM","mcar",0.3,"floor","c1","interval_score",200,NA,NA
"types_mixed",100,1,0.5,"BM","mcar",0.3,"floor","c1","interval_score",200,NA,NA
"types_mixed",300,1,0.5,"BM","mcar",0.3,"floor","c1","interval_score",200,NA,NA
"types_mixed",1000,1,0.5,"BM","mcar",0.3,"floor","c1","interval_score",200,NA,NA
"types_mixed",100,0.3,0,"BM","mcar",0.3,"freq","c1","interval_score",200,11.2384044718009,0.270019798328157
"types_mixed",300,0.3,0,"BM","mcar",0.3,"freq","c1","interval_score",200,11.2565169141678,0.768483461111571
"types_mixed",1000,0.3,0,"BM","mcar",0.3,"freq","c1","interval_score",200,10.7550881797834,0.178572073490638
"types_mixed",100,0.7,0,"BM","mcar",0.3,"freq","c1","interval_score",200,8.99330980584232,0.282450528149011
"types_mixed",300,0.7,0,"BM","mcar",0.3,"freq","c1","interval_score",200,8.89968727073501,0.554120368139914
"types_mixed",1000,0.7,0,"BM","mcar",0.3,"freq","c1","interval_score",200,8.50042266063385,0.178145557381121
"types_mixed",100,1,0,"BM","mcar",0.3,"freq","c1","interval_score",200,0.94719183799533,0.0514242794455122
"types_mixed",300,1,0,"BM","mcar",0.3,"freq","c1","interval_score",200,0.540811411819491,0.0161213202314388
"types_mixed",1000,1,0,"BM","mcar",0.3,"freq","c1","interval_score",200,0.305117923066239,0.00790230323320309
"types_mixed",100,0.3,0.5,"BM","mcar",0.3,"freq","c1","interval_score",200,10.1579233507717,0.232663158363239
"types_mixed",300,0.3,0.5,"BM","mcar",0.3,"freq","c1","interval_score",200,9.9966982462905,0.370724310286532
"types_mixed",1000,0.3,0.5,"BM","mcar",0.3,"freq","c1","interval_score",200,9.69305964024347,0.14377968556091
"types_mixed",100,0.7,0.5,"BM","mcar",0.3,"freq","c1","interval_score",200,7.91091715733251,0.205330362032321
"types_mixed",300,0.7,0.5,"BM","mcar",0.3,"freq","c1","interval_score",200,7.92105496803873,0.280545684697887
"types_mixed",1000,0.7,0.5,"BM","mcar",0.3,"freq","c1","interval_score",200,7.70317355687207,0.148823456238963
"types_mixed",100,1,0.5,"BM","mcar",0.3,"freq","c1","interval_score",200,0.898607607184525,0.0362293489044388
"types_mixed",300,1,0.5,"BM","mcar",0.3,"freq","c1","interval_score",200,0.519316737039578,0.015661409967325
"types_mixed",1000,1,0.5,"BM","mcar",0.3,"freq","c1","interval_score",200,0.287921522428698,0.00746358047398083
"types_mixed",100,0.3,0,"BM","mcar",0.3,"freq_lambda","c1","interval_score",200,4.30946791836893,0.0775566219782827
"types_mixed",300,0.3,0,"BM","mcar",0.3,"freq_lambda","c1","interval_score",200,4.12025375664825,0.0377443341371903
"types_mixed",1000,0.3,0,"BM","mcar",0.3,"freq_lambda","c1","interval_score",200,4.01551506965254,0.0272121164495441
"types_mixed",100,0.7,0,"BM","mcar",0.3,"freq_lambda","c1","interval_score",200,3.5323078988581,0.077999529418544
"types_mixed",300,0.7,0,"BM","mcar",0.3,"freq_lambda","c1","interval_score",200,3.33448610974533,0.0465873985981446
"types_mixed",1000,0.7,0,"BM","mcar",0.3,"freq_lambda","c1","interval_score",200,3.21633957246155,0.0424527857153793
"types_mixed",100,1,0,"BM","mcar",0.3,"freq_lambda","c1","interval_score",200,0.988152764839255,0.0557040039204699
"types_mixed",300,1,0,"BM","mcar",0.3,"freq_lambda","c1","interval_score",200,0.561959220669926,0.0170847579857191
"types_mixed",1000,1,0,"BM","mcar",0.3,"freq_lambda","c1","interval_score",200,0.320855495777875,0.0083855712875139
"types_mixed",100,0.3,0.5,"BM","mcar",0.3,"freq_lambda","c1","interval_score",200,3.91073290796243,0.0681477572016127
"types_mixed",300,0.3,0.5,"BM","mcar",0.3,"freq_lambda","c1","interval_score",200,3.80334522425968,0.0399150841327881
"types_mixed",1000,0.3,0.5,"BM","mcar",0.3,"freq_lambda","c1","interval_score",200,3.65256510261106,0.0256863056882693
"types_mixed",100,0.7,0.5,"BM","mcar",0.3,"freq_lambda","c1","interval_score",200,3.26291961812754,0.07014086022309
"types_mixed",300,0.7,0.5,"BM","mcar",0.3,"freq_lambda","c1","interval_score",200,3.11206482612589,0.0456197359856484
"types_mixed",1000,0.7,0.5,"BM","mcar",0.3,"freq_lambda","c1","interval_score",200,2.94674313734017,0.0390666144863725
"types_mixed",100,1,0.5,"BM","mcar",0.3,"freq_lambda","c1","interval_score",200,0.934671989331048,0.0399072662004604
"types_mixed",300,1,0.5,"BM","mcar",0.3,"freq_lambda","c1","interval_score",200,0.542527496148267,0.0168756977983838
"types_mixed",1000,1,0.5,"BM","mcar",0.3,"freq_lambda","c1","interval_score",200,0.302539162110718,0.00799717690669004
"types_mixed",100,0.3,0,"BM","mcar",0.3,"gnn_off","c1","interval_score",200,5.95363764099608,0.168747658084919
"types_mixed",300,0.3,0,"BM","mcar",0.3,"gnn_off","c1","interval_score",200,5.12901331997911,0.0573656168927569
"types_mixed",1000,0.3,0,"BM","mcar",0.3,"gnn_off","c1","interval_score",200,4.70637627158786,0.0242647251517229
"types_mixed",100,0.7,0,"BM","mcar",0.3,"gnn_off","c1","interval_score",200,5.37520275621909,0.187754388501895
"types_mixed",300,0.7,0,"BM","mcar",0.3,"gnn_off","c1","interval_score",200,4.4263400794877,0.0700646187018261
"types_mixed",1000,0.7,0,"BM","mcar",0.3,"gnn_off","c1","interval_score",200,3.97892781864399,0.0429381413948023
"types_mixed",100,1,0,"BM","mcar",0.3,"gnn_off","c1","interval_score",200,2.23022610573608,0.152361352924718
"types_mixed",300,1,0,"BM","mcar",0.3,"gnn_off","c1","interval_score",200,1.23860923778861,0.0570092933057571
"types_mixed",1000,1,0,"BM","mcar",0.3,"gnn_off","c1","interval_score",200,0.568283573790581,0.0159562765689037
"types_mixed",100,0.3,0.5,"BM","mcar",0.3,"gnn_off","c1","interval_score",200,5.95363764099608,0.168747658084919
"types_mixed",300,0.3,0.5,"BM","mcar",0.3,"gnn_off","c1","interval_score",200,5.12901331997911,0.0573656168927569
"types_mixed",1000,0.3,0.5,"BM","mcar",0.3,"gnn_off","c1","interval_score",200,4.70637627158786,0.0242647251517229
"types_mixed",100,0.7,0.5,"BM","mcar",0.3,"gnn_off","c1","interval_score",200,5.37520275621909,0.187754388501895
"types_mixed",300,0.7,0.5,"BM","mcar",0.3,"gnn_off","c1","interval_score",200,4.4263400794877,0.0700646187018261
"types_mixed",1000,0.7,0.5,"BM","mcar",0.3,"gnn_off","c1","interval_score",200,3.97892781864399,0.0429381413948023
"types_mixed",100,1,0.5,"BM","mcar",0.3,"gnn_off","c1","interval_score",200,2.23022610573608,0.152361352924718
"types_mixed",300,1,0.5,"BM","mcar",0.3,"gnn_off","c1","interval_score",200,1.23860923778861,0.0570092933057571
"types_mixed",1000,1,0.5,"BM","mcar",0.3,"gnn_off","c1","interval_score",200,0.568283573790581,0.0159562765689037
"types_mixed",100,0.3,0,"BM","mcar",0.3,"gnn_off_rphylopars","c1","interval_score",200,5.91691435558801,0.18658952104944
"types_mixed",300,0.3,0,"BM","mcar",0.3,"gnn_off_rphylopars","c1","interval_score",200,5.08036952442887,0.0518893794886151
"types_mixed",1000,0.3,0,"BM","mcar",0.3,"gnn_off_rphylopars","c1","interval_score",200,4.60958324491477,0.0248947713416207
"types_mixed",100,0.7,0,"BM","mcar",0.3,"gnn_off_rphylopars","c1","interval_score",200,6.24786156552443,0.283209053870054
"types_mixed",300,0.7,0,"BM","mcar",0.3,"gnn_off_rphylopars","c1","interval_score",200,5.82039843572919,1.20552361160643
"types_mixed",1000,0.7,0,"BM","mcar",0.3,"gnn_off_rphylopars","c1","interval_score",200,4.06138751819899,0.0393141913777809
"types_mixed",100,1,0,"BM","mcar",0.3,"gnn_off_rphylopars","c1","interval_score",200,2.11055245404675,0.130617348900756
"types_mixed",300,1,0,"BM","mcar",0.3,"gnn_off_rphylopars","c1","interval_score",200,1.19648541925844,0.0557107535566349
"types_mixed",1000,1,0,"BM","mcar",0.3,"gnn_off_rphylopars","c1","interval_score",200,0.532943349752358,0.0145098607938652
"types_mixed",100,0.3,0.5,"BM","mcar",0.3,"gnn_off_rphylopars","c1","interval_score",200,6.08420529222943,0.222612459830506
"types_mixed",300,0.3,0.5,"BM","mcar",0.3,"gnn_off_rphylopars","c1","interval_score",200,5.15378886078763,0.162469968483715
"types_mixed",1000,0.3,0.5,"BM","mcar",0.3,"gnn_off_rphylopars","c1","interval_score",200,4.44606635194682,0.0302001488588786
"types_mixed",100,0.7,0.5,"BM","mcar",0.3,"gnn_off_rphylopars","c1","interval_score",200,5.86620408174895,0.230964325558916
"types_mixed",300,0.7,0.5,"BM","mcar",0.3,"gnn_off_rphylopars","c1","interval_score",200,4.61408923472924,0.234987286793672
"types_mixed",1000,0.7,0.5,"BM","mcar",0.3,"gnn_off_rphylopars","c1","interval_score",200,3.78686200195907,0.0407072020499932
"types_mixed",100,1,0.5,"BM","mcar",0.3,"gnn_off_rphylopars","c1","interval_score",200,1.98057730269277,0.129642338745176
"types_mixed",300,1,0.5,"BM","mcar",0.3,"gnn_off_rphylopars","c1","interval_score",200,1.10280439605271,0.0492472354392287
"types_mixed",1000,1,0.5,"BM","mcar",0.3,"gnn_off_rphylopars","c1","interval_score",200,0.501991251305604,0.0143276232441853
"types_mixed",100,0.3,0,"BM","mcar",0.3,"gnn_on","c1","interval_score",200,5.88829633054774,0.168688399059356
"types_mixed",300,0.3,0,"BM","mcar",0.3,"gnn_on","c1","interval_score",200,5.11248630103859,0.0565398234496311
"types_mixed",1000,0.3,0,"BM","mcar",0.3,"gnn_on","c1","interval_score",200,4.72014358765618,0.0260662121925351
"types_mixed",100,0.7,0,"BM","mcar",0.3,"gnn_on","c1","interval_score",200,5.38464812005342,0.191092518690539
"types_mixed",300,0.7,0,"BM","mcar",0.3,"gnn_on","c1","interval_score",200,4.42370411317516,0.0714960335724456
"types_mixed",1000,0.7,0,"BM","mcar",0.3,"gnn_on","c1","interval_score",200,3.98635026658698,0.0458773212355615
"types_mixed",100,1,0,"BM","mcar",0.3,"gnn_on","c1","interval_score",200,2.34418331573538,0.157573288998322
"types_mixed",300,1,0,"BM","mcar",0.3,"gnn_on","c1","interval_score",200,1.29491789563542,0.0605199100545226
"types_mixed",1000,1,0,"BM","mcar",0.3,"gnn_on","c1","interval_score",200,0.637169746044279,0.0185770193183313
"types_mixed",100,0.3,0.5,"BM","mcar",0.3,"gnn_on","c1","interval_score",200,5.84214054220108,0.175804803180878
"types_mixed",300,0.3,0.5,"BM","mcar",0.3,"gnn_on","c1","interval_score",200,5.07933264385699,0.0572362212994873
"types_mixed",1000,0.3,0.5,"BM","mcar",0.3,"gnn_on","c1","interval_score",200,4.70547556554307,0.0260498953229387
"types_mixed",100,0.7,0.5,"BM","mcar",0.3,"gnn_on","c1","interval_score",200,5.26997751192967,0.193451491228577
"types_mixed",300,0.7,0.5,"BM","mcar",0.3,"gnn_on","c1","interval_score",200,4.35401229651562,0.0721999640051409
"types_mixed",1000,0.7,0.5,"BM","mcar",0.3,"gnn_on","c1","interval_score",200,3.97425238351453,0.0458137546099351
"types_mixed",100,1,0.5,"BM","mcar",0.3,"gnn_on","c1","interval_score",200,2.43036893035079,0.171189513358202
"types_mixed",300,1,0.5,"BM","mcar",0.3,"gnn_on","c1","interval_score",200,1.2644593433359,0.0519512235580582
"types_mixed",1000,1,0.5,"BM","mcar",0.3,"gnn_on","c1","interval_score",200,0.637216188398937,0.0183826308888678
"types_mixed",100,0.3,0,"BM","mcar",0.3,"gnn_on_full","c1","interval_score",200,5.94963917168741,0.169741162783845
"types_mixed",300,0.3,0,"BM","mcar",0.3,"gnn_on_full","c1","interval_score",200,5.11805335291198,0.056733122447473
"types_mixed",1000,0.3,0,"BM","mcar",0.3,"gnn_on_full","c1","interval_score",200,4.72790160942872,0.0255687656165358
"types_mixed",100,0.7,0,"BM","mcar",0.3,"gnn_on_full","c1","interval_score",200,5.38174613655708,0.186005625812952
"types_mixed",300,0.7,0,"BM","mcar",0.3,"gnn_on_full","c1","interval_score",200,4.43621970875299,0.072018456145899
"types_mixed",1000,0.7,0,"BM","mcar",0.3,"gnn_on_full","c1","interval_score",200,4.01071161621643,0.0450934481979787
"types_mixed",100,1,0,"BM","mcar",0.3,"gnn_on_full","c1","interval_score",185,2.23055578337198,0.154479703190537
"types_mixed",300,1,0,"BM","mcar",0.3,"gnn_on_full","c1","interval_score",186,1.22437712114457,0.0593429145571515
"types_mixed",1000,1,0,"BM","mcar",0.3,"gnn_on_full","c1","interval_score",191,0.573128925778529,0.0164947986611073
"types_mixed",100,0.3,0.5,"BM","mcar",0.3,"gnn_on_full","c1","interval_score",200,5.8678751094512,0.176954024584825
"types_mixed",300,0.3,0.5,"BM","mcar",0.3,"gnn_on_full","c1","interval_score",200,5.08264352033415,0.0579426685192116
"types_mixed",1000,0.3,0.5,"BM","mcar",0.3,"gnn_on_full","c1","interval_score",200,4.71240975836518,0.0254340224890332
"types_mixed",100,0.7,0.5,"BM","mcar",0.3,"gnn_on_full","c1","interval_score",200,5.26373103674622,0.189134751089913
"types_mixed",300,0.7,0.5,"BM","mcar",0.3,"gnn_on_full","c1","interval_score",200,4.37029746189476,0.0736159547242664
"types_mixed",1000,0.7,0.5,"BM","mcar",0.3,"gnn_on_full","c1","interval_score",200,4.00255610447997,0.0449059865385988
"types_mixed",100,1,0.5,"BM","mcar",0.3,"gnn_on_full","c1","interval_score",183,2.30730858478902,0.165192283568369
"types_mixed",300,1,0.5,"BM","mcar",0.3,"gnn_on_full","c1","interval_score",185,1.19447006049756,0.0503431894118039
"types_mixed",1000,1,0.5,"BM","mcar",0.3,"gnn_on_full","c1","interval_score",193,0.571264048653729,0.0162094757062298
"types_mixed",100,0.3,0,"BM","mcar",0.3,"bace","c2","interval_score",100,7.62414831171457,0.3352693319958
"types_mixed",300,0.3,0,"BM","mcar",0.3,"bace","c2","interval_score",100,6.45817087425665,0.17549723703633
"types_mixed",1000,0.3,0,"BM","mcar",0.3,"bace","c2","interval_score",100,6.1784792143737,0.0947743975501341
"types_mixed",100,0.7,0,"BM","mcar",0.3,"bace","c2","interval_score",100,5.65579812094066,0.262268441819256
"types_mixed",300,0.7,0,"BM","mcar",0.3,"bace","c2","interval_score",100,5.01286938517866,0.137274041892582
"types_mixed",1000,0.7,0,"BM","mcar",0.3,"bace","c2","interval_score",100,4.55725354855692,0.112374642793873
"types_mixed",100,1,0,"BM","mcar",0.3,"bace","c2","interval_score",100,1.58428736341334,0.185435819251013
"types_mixed",300,1,0,"BM","mcar",0.3,"bace","c2","interval_score",100,0.809358163187763,0.106446497845359
"types_mixed",1000,1,0,"BM","mcar",0.3,"bace","c2","interval_score",93,0.367385947232862,0.0213170068529126
"types_mixed",100,0.3,0.5,"BM","mcar",0.3,"bace","c2","interval_score",100,6.27256344762626,0.229723583648747
"types_mixed",300,0.3,0.5,"BM","mcar",0.3,"bace","c2","interval_score",100,5.0702982969857,0.110716818246581
"types_mixed",1000,0.3,0.5,"BM","mcar",0.3,"bace","c2","interval_score",97,4.55542860181394,0.056427073199698
"types_mixed",100,0.7,0.5,"BM","mcar",0.3,"bace","c2","interval_score",97,4.85319809381579,0.210984769420521
"types_mixed",300,0.7,0.5,"BM","mcar",0.3,"bace","c2","interval_score",99,4.01644933341435,0.109656307866461
"types_mixed",1000,0.7,0.5,"BM","mcar",0.3,"bace","c2","interval_score",90,3.53990046418302,0.0792560433595406
"types_mixed",100,1,0.5,"BM","mcar",0.3,"bace","c2","interval_score",100,1.43935237151748,0.12762591915109
"types_mixed",300,1,0.5,"BM","mcar",0.3,"bace","c2","interval_score",100,0.765218818127277,0.0630982622654157
"types_mixed",1000,1,0.5,"BM","mcar",0.3,"bace","c2","interval_score",100,0.350751048800051,0.0203343118357806
"types_mixed",100,0.3,0,"BM","mcar",0.3,"floor","c2","interval_score",200,NA,NA
"types_mixed",300,0.3,0,"BM","mcar",0.3,"floor","c2","interval_score",200,NA,NA
"types_mixed",1000,0.3,0,"BM","mcar",0.3,"floor","c2","interval_score",200,NA,NA
"types_mixed",100,0.7,0,"BM","mcar",0.3,"floor","c2","interval_score",200,NA,NA
"types_mixed",300,0.7,0,"BM","mcar",0.3,"floor","c2","interval_score",200,NA,NA
"types_mixed",1000,0.7,0,"BM","mcar",0.3,"floor","c2","interval_score",200,NA,NA
"types_mixed",100,1,0,"BM","mcar",0.3,"floor","c2","interval_score",200,NA,NA
"types_mixed",300,1,0,"BM","mcar",0.3,"floor","c2","interval_score",200,NA,NA
"types_mixed",1000,1,0,"BM","mcar",0.3,"floor","c2","interval_score",200,NA,NA
"types_mixed",100,0.3,0.5,"BM","mcar",0.3,"floor","c2","interval_score",200,NA,NA
"types_mixed",300,0.3,0.5,"BM","mcar",0.3,"floor","c2","interval_score",200,NA,NA
"types_mixed",1000,0.3,0.5,"BM","mcar",0.3,"floor","c2","interval_score",200,NA,NA
"types_mixed",100,0.7,0.5,"BM","mcar",0.3,"floor","c2","interval_score",200,NA,NA
"types_mixed",300,0.7,0.5,"BM","mcar",0.3,"floor","c2","interval_score",200,NA,NA
"types_mixed",1000,0.7,0.5,"BM","mcar",0.3,"floor","c2","interval_score",200,NA,NA
"types_mixed",100,1,0.5,"BM","mcar",0.3,"floor","c2","interval_score",200,NA,NA
"types_mixed",300,1,0.5,"BM","mcar",0.3,"floor","c2","interval_score",200,NA,NA
"types_mixed",1000,1,0.5,"BM","mcar",0.3,"floor","c2","interval_score",200,NA,NA
"types_mixed",100,0.3,0,"BM","mcar",0.3,"freq","c2","interval_score",200,11.0635392111448,0.259460975110388
"types_mixed",300,0.3,0,"BM","mcar",0.3,"freq","c2","interval_score",200,10.4982936754905,0.190637955052937
"types_mixed",1000,0.3,0,"BM","mcar",0.3,"freq","c2","interval_score",200,10.2361803156654,0.132864340550758
"types_mixed",100,0.7,0,"BM","mcar",0.3,"freq","c2","interval_score",200,8.49986796415666,0.228236125689862
"types_mixed",300,0.7,0,"BM","mcar",0.3,"freq","c2","interval_score",200,8.28254021770892,0.193453099510194
"types_mixed",1000,0.7,0,"BM","mcar",0.3,"freq","c2","interval_score",200,7.88464867982375,0.13785884345776
"types_mixed",100,1,0,"BM","mcar",0.3,"freq","c2","interval_score",200,0.981268373331135,0.0404964517343417
"types_mixed",300,1,0,"BM","mcar",0.3,"freq","c2","interval_score",200,0.579007250956878,0.023366180899586
"types_mixed",1000,1,0,"BM","mcar",0.3,"freq","c2","interval_score",200,0.298704486763922,0.00854171006624086
"types_mixed",100,0.3,0.5,"BM","mcar",0.3,"freq","c2","interval_score",200,9.96246180156347,0.226868817179543
"types_mixed",300,0.3,0.5,"BM","mcar",0.3,"freq","c2","interval_score",200,9.39827736296641,0.165604716338071
"types_mixed",1000,0.3,0.5,"BM","mcar",0.3,"freq","c2","interval_score",200,9.37153657222006,0.132290550024962
"types_mixed",100,0.7,0.5,"BM","mcar",0.3,"freq","c2","interval_score",200,7.60999889212349,0.216784326407047
"types_mixed",300,0.7,0.5,"BM","mcar",0.3,"freq","c2","interval_score",200,7.45446132230365,0.158521823297666
"types_mixed",1000,0.7,0.5,"BM","mcar",0.3,"freq","c2","interval_score",200,7.30392951219535,0.13119189787259
"types_mixed",100,1,0.5,"BM","mcar",0.3,"freq","c2","interval_score",200,0.912907326571857,0.0421302328320284
"types_mixed",300,1,0.5,"BM","mcar",0.3,"freq","c2","interval_score",200,0.538647101027144,0.0187675186631483
"types_mixed",1000,1,0.5,"BM","mcar",0.3,"freq","c2","interval_score",200,0.290991088852654,0.0081914730343124
"types_mixed",100,0.3,0,"BM","mcar",0.3,"freq_lambda","c2","interval_score",200,4.3752707561722,0.0740325951463541
"types_mixed",300,0.3,0,"BM","mcar",0.3,"freq_lambda","c2","interval_score",200,4.06032995054429,0.0380951858440225
"types_mixed",1000,0.3,0,"BM","mcar",0.3,"freq_lambda","c2","interval_score",200,3.97046598535488,0.0241832538018508
"types_mixed",100,0.7,0,"BM","mcar",0.3,"freq_lambda","c2","interval_score",200,3.54243562199956,0.0753229287447695
"types_mixed",300,0.7,0,"BM","mcar",0.3,"freq_lambda","c2","interval_score",200,3.2786262013839,0.0468272603143842
"types_mixed",1000,0.7,0,"BM","mcar",0.3,"freq_lambda","c2","interval_score",200,3.10483142184737,0.0408774631655101
"types_mixed",100,1,0,"BM","mcar",0.3,"freq_lambda","c2","interval_score",200,1.00893375383295,0.0419062386643466
"types_mixed",300,1,0,"BM","mcar",0.3,"freq_lambda","c2","interval_score",200,0.606008075967395,0.025602883273889
"types_mixed",1000,1,0,"BM","mcar",0.3,"freq_lambda","c2","interval_score",200,0.313510053853928,0.00904072387096761
"types_mixed",100,0.3,0.5,"BM","mcar",0.3,"freq_lambda","c2","interval_score",200,3.97350448184446,0.068056872696908
"types_mixed",300,0.3,0.5,"BM","mcar",0.3,"freq_lambda","c2","interval_score",200,3.71760790193033,0.0377630559215401
"types_mixed",1000,0.3,0.5,"BM","mcar",0.3,"freq_lambda","c2","interval_score",200,3.61752903798634,0.0240012333541625
"types_mixed",100,0.7,0.5,"BM","mcar",0.3,"freq_lambda","c2","interval_score",200,3.22681310634739,0.066481111043572
"types_mixed",300,0.7,0.5,"BM","mcar",0.3,"freq_lambda","c2","interval_score",200,3.03890864812269,0.0467133270537776
"types_mixed",1000,0.7,0.5,"BM","mcar",0.3,"freq_lambda","c2","interval_score",200,2.86799529723865,0.0380821436498357
"types_mixed",100,1,0.5,"BM","mcar",0.3,"freq_lambda","c2","interval_score",200,0.936905051477571,0.0432695382742476
"types_mixed",300,1,0.5,"BM","mcar",0.3,"freq_lambda","c2","interval_score",200,0.562305991503374,0.0201267958843958
"types_mixed",1000,1,0.5,"BM","mcar",0.3,"freq_lambda","c2","interval_score",200,0.305403966128972,0.00866105754887235
"types_mixed",100,0.3,0,"BM","mcar",0.3,"gnn_off","c2","interval_score",200,5.97271973475587,0.185505010334116
"types_mixed",300,0.3,0,"BM","mcar",0.3,"gnn_off","c2","interval_score",200,5.00332060882087,0.0521448064526538
"types_mixed",1000,0.3,0,"BM","mcar",0.3,"gnn_off","c2","interval_score",200,4.63916129486681,0.0238836797864776
"types_mixed",100,0.7,0,"BM","mcar",0.3,"gnn_off","c2","interval_score",200,5.47163393912238,0.192872414162862
"types_mixed",300,0.7,0,"BM","mcar",0.3,"gnn_off","c2","interval_score",200,4.30354732997311,0.0627774023277273
"types_mixed",1000,0.7,0,"BM","mcar",0.3,"gnn_off","c2","interval_score",200,3.88465664242807,0.0458042290026279
"types_mixed",100,1,0,"BM","mcar",0.3,"gnn_off","c2","interval_score",200,2.1216784940889,0.119253470494057
"types_mixed",300,1,0,"BM","mcar",0.3,"gnn_off","c2","interval_score",200,1.28404505984592,0.0554707981193589
"types_mixed",1000,1,0,"BM","mcar",0.3,"gnn_off","c2","interval_score",200,0.569098392679761,0.0165253945590785
"types_mixed",100,0.3,0.5,"BM","mcar",0.3,"gnn_off","c2","interval_score",200,6.04509473760912,0.179721633125364
"types_mixed",300,0.3,0.5,"BM","mcar",0.3,"gnn_off","c2","interval_score",200,5.10739481249441,0.058890524602085
"types_mixed",1000,0.3,0.5,"BM","mcar",0.3,"gnn_off","c2","interval_score",200,4.65120499813243,0.025272463338173
"types_mixed",100,0.7,0.5,"BM","mcar",0.3,"gnn_off","c2","interval_score",200,5.61272732666646,0.194540492072694
"types_mixed",300,0.7,0.5,"BM","mcar",0.3,"gnn_off","c2","interval_score",200,4.34359493236966,0.0627044176928193
"types_mixed",1000,0.7,0.5,"BM","mcar",0.3,"gnn_off","c2","interval_score",200,3.91628291726114,0.0465562687225058
"types_mixed",100,1,0.5,"BM","mcar",0.3,"gnn_off","c2","interval_score",200,2.0793467043231,0.116732160163138
"types_mixed",300,1,0.5,"BM","mcar",0.3,"gnn_off","c2","interval_score",200,1.24049657797934,0.0522732250503188
"types_mixed",1000,1,0.5,"BM","mcar",0.3,"gnn_off","c2","interval_score",200,0.585477888380047,0.0167582645227764
"types_mixed",100,0.3,0,"BM","mcar",0.3,"gnn_off_rphylopars","c2","interval_score",200,5.86473405769097,0.163956476091701
"types_mixed",300,0.3,0,"BM","mcar",0.3,"gnn_off_rphylopars","c2","interval_score",200,4.98311324418702,0.0513578287557798
"types_mixed",1000,0.3,0,"BM","mcar",0.3,"gnn_off_rphylopars","c2","interval_score",200,4.57698992855978,0.024123875240892
"types_mixed",100,0.7,0,"BM","mcar",0.3,"gnn_off_rphylopars","c2","interval_score",200,5.8006850160855,0.199724204489999
"types_mixed",300,0.7,0,"BM","mcar",0.3,"gnn_off_rphylopars","c2","interval_score",200,4.42600199823408,0.0605763487791238
"types_mixed",1000,0.7,0,"BM","mcar",0.3,"gnn_off_rphylopars","c2","interval_score",200,3.89724894675419,0.0423735731264965
"types_mixed",100,1,0,"BM","mcar",0.3,"gnn_off_rphylopars","c2","interval_score",200,2.15219545706572,0.165776111664763
"types_mixed",300,1,0,"BM","mcar",0.3,"gnn_off_rphylopars","c2","interval_score",200,1.19552745060313,0.0481026694440349
"types_mixed",1000,1,0,"BM","mcar",0.3,"gnn_off_rphylopars","c2","interval_score",200,0.541787917709541,0.0160091494917206
"types_mixed",100,0.3,0.5,"BM","mcar",0.3,"gnn_off_rphylopars","c2","interval_score",200,5.86454939084795,0.178623867012638
"types_mixed",300,0.3,0.5,"BM","mcar",0.3,"gnn_off_rphylopars","c2","interval_score",200,4.91650922671811,0.0558779972506233
"types_mixed",1000,0.3,0.5,"BM","mcar",0.3,"gnn_off_rphylopars","c2","interval_score",200,4.40485774100178,0.0353945146666339
"types_mixed",100,0.7,0.5,"BM","mcar",0.3,"gnn_off_rphylopars","c2","interval_score",200,5.40019701076891,0.187340496974878
"types_mixed",300,0.7,0.5,"BM","mcar",0.3,"gnn_off_rphylopars","c2","interval_score",200,4.25188590126614,0.0637848098484627
"types_mixed",1000,0.7,0.5,"BM","mcar",0.3,"gnn_off_rphylopars","c2","interval_score",200,3.67210215429359,0.0432808621027952
"types_mixed",100,1,0.5,"BM","mcar",0.3,"gnn_off_rphylopars","c2","interval_score",200,1.84157092239596,0.124000015578172
"types_mixed",300,1,0.5,"BM","mcar",0.3,"gnn_off_rphylopars","c2","interval_score",200,1.16557810379437,0.0542367213852528
"types_mixed",1000,1,0.5,"BM","mcar",0.3,"gnn_off_rphylopars","c2","interval_score",200,0.520344617661005,0.0152351639329496
"types_mixed",100,0.3,0,"BM","mcar",0.3,"gnn_on","c2","interval_score",200,6.05782040249605,0.188332857539995
"types_mixed",300,0.3,0,"BM","mcar",0.3,"gnn_on","c2","interval_score",200,5.01538159437811,0.0484818582696928
"types_mixed",1000,0.3,0,"BM","mcar",0.3,"gnn_on","c2","interval_score",200,4.65478050725003,0.0238015945164662
"types_mixed",100,0.7,0,"BM","mcar",0.3,"gnn_on","c2","interval_score",200,5.49017678672945,0.186932525385205
"types_mixed",300,0.7,0,"BM","mcar",0.3,"gnn_on","c2","interval_score",200,4.32269125465132,0.0620995118668634
"types_mixed",1000,0.7,0,"BM","mcar",0.3,"gnn_on","c2","interval_score",200,3.88616855435732,0.046390035847444
"types_mixed",100,1,0,"BM","mcar",0.3,"gnn_on","c2","interval_score",200,2.33053613055368,0.134976929514572
"types_mixed",300,1,0,"BM","mcar",0.3,"gnn_on","c2","interval_score",200,1.36354158044513,0.0612296841111209
"types_mixed",1000,1,0,"BM","mcar",0.3,"gnn_on","c2","interval_score",200,0.635353850366453,0.019036909565475
"types_mixed",100,0.3,0.5,"BM","mcar",0.3,"gnn_on","c2","interval_score",200,5.99113131933492,0.178109665148133
"types_mixed",300,0.3,0.5,"BM","mcar",0.3,"gnn_on","c2","interval_score",200,5.08082110630041,0.0654352813338508
"types_mixed",1000,0.3,0.5,"BM","mcar",0.3,"gnn_on","c2","interval_score",200,4.66237170962419,0.0262170494400295
"types_mixed",100,0.7,0.5,"BM","mcar",0.3,"gnn_on","c2","interval_score",200,5.46811713685405,0.192211739611333
"types_mixed",300,0.7,0.5,"BM","mcar",0.3,"gnn_on","c2","interval_score",200,4.25055971701377,0.063124166517193
"types_mixed",1000,0.7,0.5,"BM","mcar",0.3,"gnn_on","c2","interval_score",200,3.89143904580805,0.0471388240461104
"types_mixed",100,1,0.5,"BM","mcar",0.3,"gnn_on","c2","interval_score",200,2.14026656475947,0.120910791529405
"types_mixed",300,1,0.5,"BM","mcar",0.3,"gnn_on","c2","interval_score",200,1.3154247091014,0.0591131426265542
"types_mixed",1000,1,0.5,"BM","mcar",0.3,"gnn_on","c2","interval_score",200,0.661915135260102,0.0201185055705529
"types_mixed",100,0.3,0,"BM","mcar",0.3,"gnn_on_full","c2","interval_score",200,6.04103833744407,0.189901584509964
"types_mixed",300,0.3,0,"BM","mcar",0.3,"gnn_on_full","c2","interval_score",200,5.00104026487891,0.049404084038207
"types_mixed",1000,0.3,0,"BM","mcar",0.3,"gnn_on_full","c2","interval_score",200,4.65197672004028,0.0239972561151875
"types_mixed",100,0.7,0,"BM","mcar",0.3,"gnn_on_full","c2","interval_score",200,5.46710148557262,0.187492322094975
"types_mixed",300,0.7,0,"BM","mcar",0.3,"gnn_on_full","c2","interval_score",200,4.30947272755623,0.0633987704605271
"types_mixed",1000,0.7,0,"BM","mcar",0.3,"gnn_on_full","c2","interval_score",200,3.90670111563027,0.0473242758663488
"types_mixed",100,1,0,"BM","mcar",0.3,"gnn_on_full","c2","interval_score",185,2.12705425734162,0.124393380058444
"types_mixed",300,1,0,"BM","mcar",0.3,"gnn_on_full","c2","interval_score",186,1.28274885413329,0.0592244711034823
"types_mixed",1000,1,0,"BM","mcar",0.3,"gnn_on_full","c2","interval_score",191,0.569926276836055,0.0171103953260518
"types_mixed",100,0.3,0.5,"BM","mcar",0.3,"gnn_on_full","c2","interval_score",200,5.96583469611758,0.181309130538386
"types_mixed",300,0.3,0.5,"BM","mcar",0.3,"gnn_on_full","c2","interval_score",200,5.07166842445089,0.0672242316567863
"types_mixed",1000,0.3,0.5,"BM","mcar",0.3,"gnn_on_full","c2","interval_score",200,4.66350864768875,0.0259936943972069
"types_mixed",100,0.7,0.5,"BM","mcar",0.3,"gnn_on_full","c2","interval_score",200,5.45132436498719,0.195256654421163
"types_mixed",300,0.7,0.5,"BM","mcar",0.3,"gnn_on_full","c2","interval_score",200,4.26058107621898,0.0657409361358781
"types_mixed",1000,0.7,0.5,"BM","mcar",0.3,"gnn_on_full","c2","interval_score",200,3.9107655419753,0.0475101804530755
"types_mixed",100,1,0.5,"BM","mcar",0.3,"gnn_on_full","c2","interval_score",183,2.00079010380579,0.111091595046583
"types_mixed",300,1,0.5,"BM","mcar",0.3,"gnn_on_full","c2","interval_score",185,1.24209469019922,0.0555807583757257
"types_mixed",1000,1,0.5,"BM","mcar",0.3,"gnn_on_full","c2","interval_score",193,0.58684285252639,0.017089301212758
"types_mixed",100,0.3,0,"BM","mcar",0.3,"bace","cnt","interval_score",100,7.24506425169544,0.395532324489268
"types_mixed",300,0.3,0,"BM","mcar",0.3,"bace","cnt","interval_score",100,6.13641069776554,0.223933116102523
"types_mixed",1000,0.3,0,"BM","mcar",0.3,"bace","cnt","interval_score",100,5.92041387970667,0.108561258381963
"types_mixed",100,0.7,0,"BM","mcar",0.3,"bace","cnt","interval_score",100,6.82139373114625,0.381364852635329
"types_mixed",300,0.7,0,"BM","mcar",0.3,"bace","cnt","interval_score",100,4.97674934128479,0.149814382946416
"types_mixed",1000,0.7,0,"BM","mcar",0.3,"bace","cnt","interval_score",100,4.93048969996016,0.10092012107621
"types_mixed",100,1,0,"BM","mcar",0.3,"bace","cnt","interval_score",100,5.00736638568946,0.55021563034734
"types_mixed",300,1,0,"BM","mcar",0.3,"bace","cnt","interval_score",100,3.76890063270683,0.18106334218522
"types_mixed",1000,1,0,"BM","mcar",0.3,"bace","cnt","interval_score",93,3.54593434526608,0.149334574998618
"types_mixed",100,0.3,0.5,"BM","mcar",0.3,"bace","cnt","interval_score",100,6.54704943793849,0.314525602649074
"types_mixed",300,0.3,0.5,"BM","mcar",0.3,"bace","cnt","interval_score",100,5.32992755348803,0.174605765631683
"types_mixed",1000,0.3,0.5,"BM","mcar",0.3,"bace","cnt","interval_score",97,4.87794034685987,0.0824931428262235
"types_mixed",100,0.7,0.5,"BM","mcar",0.3,"bace","cnt","interval_score",97,5.69320904774062,0.262292465839018
"types_mixed",300,0.7,0.5,"BM","mcar",0.3,"bace","cnt","interval_score",99,4.63364464929503,0.13269450038859
"types_mixed",1000,0.7,0.5,"BM","mcar",0.3,"bace","cnt","interval_score",90,4.2876535535872,0.0869687102495118
"types_mixed",100,1,0.5,"BM","mcar",0.3,"bace","cnt","interval_score",100,4.15856709160286,0.306604883515675
"types_mixed",300,1,0.5,"BM","mcar",0.3,"bace","cnt","interval_score",100,3.38598881111792,0.174588079135707
"types_mixed",1000,1,0.5,"BM","mcar",0.3,"bace","cnt","interval_score",100,3.40674542848992,0.130846654697162
"types_mixed",100,0.3,0,"BM","mcar",0.3,"floor","cnt","interval_score",200,NA,NA
"types_mixed",300,0.3,0,"BM","mcar",0.3,"floor","cnt","interval_score",200,NA,NA
"types_mixed",1000,0.3,0,"BM","mcar",0.3,"floor","cnt","interval_score",200,NA,NA
"types_mixed",100,0.7,0,"BM","mcar",0.3,"floor","cnt","interval_score",200,NA,NA
"types_mixed",300,0.7,0,"BM","mcar",0.3,"floor","cnt","interval_score",200,NA,NA
"types_mixed",1000,0.7,0,"BM","mcar",0.3,"floor","cnt","interval_score",200,NA,NA
"types_mixed",100,1,0,"BM","mcar",0.3,"floor","cnt","interval_score",200,NA,NA
"types_mixed",300,1,0,"BM","mcar",0.3,"floor","cnt","interval_score",200,NA,NA
"types_mixed",1000,1,0,"BM","mcar",0.3,"floor","cnt","interval_score",200,NA,NA
"types_mixed",100,0.3,0.5,"BM","mcar",0.3,"floor","cnt","interval_score",200,NA,NA
"types_mixed",300,0.3,0.5,"BM","mcar",0.3,"floor","cnt","interval_score",200,NA,NA
"types_mixed",1000,0.3,0.5,"BM","mcar",0.3,"floor","cnt","interval_score",200,NA,NA
"types_mixed",100,0.7,0.5,"BM","mcar",0.3,"floor","cnt","interval_score",200,NA,NA
"types_mixed",300,0.7,0.5,"BM","mcar",0.3,"floor","cnt","interval_score",200,NA,NA
"types_mixed",1000,0.7,0.5,"BM","mcar",0.3,"floor","cnt","interval_score",200,NA,NA
"types_mixed",100,1,0.5,"BM","mcar",0.3,"floor","cnt","interval_score",200,NA,NA
"types_mixed",300,1,0.5,"BM","mcar",0.3,"floor","cnt","interval_score",200,NA,NA
"types_mixed",1000,1,0.5,"BM","mcar",0.3,"floor","cnt","interval_score",200,NA,NA
"types_mixed",100,0.3,0,"BM","mcar",0.3,"freq","cnt","interval_score",200,9.41395715501364,0.373476329571436
"types_mixed",300,0.3,0,"BM","mcar",0.3,"freq","cnt","interval_score",200,8.89648106752334,0.220957691254033
"types_mixed",1000,0.3,0,"BM","mcar",0.3,"freq","cnt","interval_score",200,8.89382139685626,0.144615963469569
"types_mixed",100,0.7,0,"BM","mcar",0.3,"freq","cnt","interval_score",200,8.51766918985367,0.322446432782612
"types_mixed",300,0.7,0,"BM","mcar",0.3,"freq","cnt","interval_score",200,8.14694278699631,0.233578238664371
"types_mixed",1000,0.7,0,"BM","mcar",0.3,"freq","cnt","interval_score",200,8.45931524809403,0.217614338427848
"types_mixed",100,1,0,"BM","mcar",0.3,"freq","cnt","interval_score",200,8.06636834267676,0.326084669274481
"types_mixed",300,1,0,"BM","mcar",0.3,"freq","cnt","interval_score",200,7.36983031308119,0.26954547329363
"types_mixed",1000,1,0,"BM","mcar",0.3,"freq","cnt","interval_score",200,7.68353492826673,0.281765067503056
"types_mixed",100,0.3,0.5,"BM","mcar",0.3,"freq","cnt","interval_score",200,10.0766334741653,0.39288281855375
"types_mixed",300,0.3,0.5,"BM","mcar",0.3,"freq","cnt","interval_score",200,8.7488023230753,0.220354503043351
"types_mixed",1000,0.3,0.5,"BM","mcar",0.3,"freq","cnt","interval_score",200,9.0757200802387,0.155444072693496
"types_mixed",100,0.7,0.5,"BM","mcar",0.3,"freq","cnt","interval_score",200,9.28427486891741,0.372114800761044
"types_mixed",300,0.7,0.5,"BM","mcar",0.3,"freq","cnt","interval_score",200,7.85483142813098,0.214134980903033
"types_mixed",1000,0.7,0.5,"BM","mcar",0.3,"freq","cnt","interval_score",200,8.41233136866169,0.21242914259078
"types_mixed",100,1,0.5,"BM","mcar",0.3,"freq","cnt","interval_score",200,8.59534609199837,0.409327717503512
"types_mixed",300,1,0.5,"BM","mcar",0.3,"freq","cnt","interval_score",200,7.42544117475274,0.255623111606629
"types_mixed",1000,1,0.5,"BM","mcar",0.3,"freq","cnt","interval_score",200,7.84403077307178,0.261524520532271
"types_mixed",100,0.3,0,"BM","mcar",0.3,"freq_lambda","cnt","interval_score",200,9.41395715501364,0.373476329571436
"types_mixed",300,0.3,0,"BM","mcar",0.3,"freq_lambda","cnt","interval_score",200,8.89648106752334,0.220957691254033
"types_mixed",1000,0.3,0,"BM","mcar",0.3,"freq_lambda","cnt","interval_score",200,8.89382139685626,0.144615963469569
"types_mixed",100,0.7,0,"BM","mcar",0.3,"freq_lambda","cnt","interval_score",200,8.51766918985367,0.322446432782612
"types_mixed",300,0.7,0,"BM","mcar",0.3,"freq_lambda","cnt","interval_score",200,8.14694278699631,0.233578238664371
"types_mixed",1000,0.7,0,"BM","mcar",0.3,"freq_lambda","cnt","interval_score",200,8.45931524809403,0.217614338427848
"types_mixed",100,1,0,"BM","mcar",0.3,"freq_lambda","cnt","interval_score",200,8.06636834267676,0.326084669274481
"types_mixed",300,1,0,"BM","mcar",0.3,"freq_lambda","cnt","interval_score",200,7.36983031308119,0.26954547329363
"types_mixed",1000,1,0,"BM","mcar",0.3,"freq_lambda","cnt","interval_score",200,7.68353492826673,0.281765067503056
"types_mixed",100,0.3,0.5,"BM","mcar",0.3,"freq_lambda","cnt","interval_score",200,10.0766334741653,0.39288281855375
"types_mixed",300,0.3,0.5,"BM","mcar",0.3,"freq_lambda","cnt","interval_score",200,8.7488023230753,0.220354503043351
"types_mixed",1000,0.3,0.5,"BM","mcar",0.3,"freq_lambda","cnt","interval_score",200,9.0757200802387,0.155444072693496
"types_mixed",100,0.7,0.5,"BM","mcar",0.3,"freq_lambda","cnt","interval_score",200,9.28427486891741,0.372114800761044
"types_mixed",300,0.7,0.5,"BM","mcar",0.3,"freq_lambda","cnt","interval_score",200,7.85483142813098,0.214134980903033
"types_mixed",1000,0.7,0.5,"BM","mcar",0.3,"freq_lambda","cnt","interval_score",200,8.41233136866169,0.21242914259078
"types_mixed",100,1,0.5,"BM","mcar",0.3,"freq_lambda","cnt","interval_score",200,8.59534609199837,0.409327717503512
"types_mixed",300,1,0.5,"BM","mcar",0.3,"freq_lambda","cnt","interval_score",200,7.42544117475274,0.255623111606629
"types_mixed",1000,1,0.5,"BM","mcar",0.3,"freq_lambda","cnt","interval_score",200,7.84403077307178,0.261524520532271
"types_mixed",100,0.3,0,"BM","mcar",0.3,"gnn_off","cnt","interval_score",200,6.77643727567029,0.272080596356129
"types_mixed",300,0.3,0,"BM","mcar",0.3,"gnn_off","cnt","interval_score",200,5.93577582074796,0.121072811881548
"types_mixed",1000,0.3,0,"BM","mcar",0.3,"gnn_off","cnt","interval_score",200,5.35713152890576,0.065433177660665
"types_mixed",100,0.7,0,"BM","mcar",0.3,"gnn_off","cnt","interval_score",200,6.38799887632786,0.254394549483203
"types_mixed",300,0.7,0,"BM","mcar",0.3,"gnn_off","cnt","interval_score",200,5.57360036581398,0.112499356960231
"types_mixed",1000,0.7,0,"BM","mcar",0.3,"gnn_off","cnt","interval_score",200,4.93731189274358,0.0663314271681122
"types_mixed",100,1,0,"BM","mcar",0.3,"gnn_off","cnt","interval_score",200,5.48424769376221,0.196674241147983
"types_mixed",300,1,0,"BM","mcar",0.3,"gnn_off","cnt","interval_score",200,5.37883355169794,0.161418916100771
"types_mixed",1000,1,0,"BM","mcar",0.3,"gnn_off","cnt","interval_score",200,4.29993311016876,0.0706037873360488
"types_mixed",100,0.3,0.5,"BM","mcar",0.3,"gnn_off","cnt","interval_score",200,6.88181640382182,0.270642732406212
"types_mixed",300,0.3,0.5,"BM","mcar",0.3,"gnn_off","cnt","interval_score",200,5.96024741079291,0.142462336957557
"types_mixed",1000,0.3,0.5,"BM","mcar",0.3,"gnn_off","cnt","interval_score",200,5.37459502281301,0.0634840253539502
"types_mixed",100,0.7,0.5,"BM","mcar",0.3,"gnn_off","cnt","interval_score",200,6.8795380749204,0.303848293328994
"types_mixed",300,0.7,0.5,"BM","mcar",0.3,"gnn_off","cnt","interval_score",200,5.68427808030572,0.125251343327314
"types_mixed",1000,0.7,0.5,"BM","mcar",0.3,"gnn_off","cnt","interval_score",200,4.88107821659838,0.0588101477094121
"types_mixed",100,1,0.5,"BM","mcar",0.3,"gnn_off","cnt","interval_score",200,5.60704474323107,0.238513813407323
"types_mixed",300,1,0.5,"BM","mcar",0.3,"gnn_off","cnt","interval_score",200,5.30007958901729,0.172691944835945
"types_mixed",1000,1,0.5,"BM","mcar",0.3,"gnn_off","cnt","interval_score",200,4.20392128721123,0.0680201328447654
"types_mixed",100,0.3,0,"BM","mcar",0.3,"gnn_off_rphylopars","cnt","interval_score",200,6.79107638920731,0.278089947136316
"types_mixed",300,0.3,0,"BM","mcar",0.3,"gnn_off_rphylopars","cnt","interval_score",200,5.77895356509386,0.112814556292844
"types_mixed",1000,0.3,0,"BM","mcar",0.3,"gnn_off_rphylopars","cnt","interval_score",200,5.29597682186042,0.0646458120905389
"types_mixed",100,0.7,0,"BM","mcar",0.3,"gnn_off_rphylopars","cnt","interval_score",200,2.77366702582706e+21,2.77366702582707e+21
"types_mixed",300,0.7,0,"BM","mcar",0.3,"gnn_off_rphylopars","cnt","interval_score",200,5.69167884262034,0.147041324774507
"types_mixed",1000,0.7,0,"BM","mcar",0.3,"gnn_off_rphylopars","cnt","interval_score",200,5.02858430238549,0.0701014936775008
"types_mixed",100,1,0,"BM","mcar",0.3,"gnn_off_rphylopars","cnt","interval_score",200,11.5519683191124,2.86058276131246
"types_mixed",300,1,0,"BM","mcar",0.3,"gnn_off_rphylopars","cnt","interval_score",200,2119634.21739812,2119628.10460839
"types_mixed",1000,1,0,"BM","mcar",0.3,"gnn_off_rphylopars","cnt","interval_score",200,4.91236631006488,0.13673199491634
"types_mixed",100,0.3,0.5,"BM","mcar",0.3,"gnn_off_rphylopars","cnt","interval_score",200,7.16908175531412,0.31653293833368
"types_mixed",300,0.3,0.5,"BM","mcar",0.3,"gnn_off_rphylopars","cnt","interval_score",200,5.77528323975772,0.107034241889972
"types_mixed",1000,0.3,0.5,"BM","mcar",0.3,"gnn_off_rphylopars","cnt","interval_score",200,5.23125710265828,0.0649435696460625
"types_mixed",100,0.7,0.5,"BM","mcar",0.3,"gnn_off_rphylopars","cnt","interval_score",200,7.88178839534316,0.670235017878044
"types_mixed",300,0.7,0.5,"BM","mcar",0.3,"gnn_off_rphylopars","cnt","interval_score",200,5.56401455163921,0.124821393248672
"types_mixed",1000,0.7,0.5,"BM","mcar",0.3,"gnn_off_rphylopars","cnt","interval_score",200,4.81082244897812,0.0591244955356908
"types_mixed",100,1,0.5,"BM","mcar",0.3,"gnn_off_rphylopars","cnt","interval_score",200,30.3423552228671,15.6324425299469
"types_mixed",300,1,0.5,"BM","mcar",0.3,"gnn_off_rphylopars","cnt","interval_score",200,6.92086686893935,0.706444541802756
"types_mixed",1000,1,0.5,"BM","mcar",0.3,"gnn_off_rphylopars","cnt","interval_score",200,6.27374839289357,1.31244401740739
"types_mixed",100,0.3,0,"BM","mcar",0.3,"gnn_on","cnt","interval_score",200,6.7370863448998,0.274360564128211
"types_mixed",300,0.3,0,"BM","mcar",0.3,"gnn_on","cnt","interval_score",200,5.92403614667344,0.121000256432493
"types_mixed",1000,0.3,0,"BM","mcar",0.3,"gnn_on","cnt","interval_score",200,5.36931974036117,0.0662446749291205
"types_mixed",100,0.7,0,"BM","mcar",0.3,"gnn_on","cnt","interval_score",200,6.41825138961678,0.266871082530616
"types_mixed",300,0.7,0,"BM","mcar",0.3,"gnn_on","cnt","interval_score",200,5.62478408130118,0.115167987118728
"types_mixed",1000,0.7,0,"BM","mcar",0.3,"gnn_on","cnt","interval_score",200,5.00930052129501,0.0671015746255359
"types_mixed",100,1,0,"BM","mcar",0.3,"gnn_on","cnt","interval_score",200,5.67305889820545,0.221150385866646
"types_mixed",300,1,0,"BM","mcar",0.3,"gnn_on","cnt","interval_score",200,5.30329892724586,0.156740715351828
"types_mixed",1000,1,0,"BM","mcar",0.3,"gnn_on","cnt","interval_score",200,4.41152831212787,0.0789389272972819
"types_mixed",100,0.3,0.5,"BM","mcar",0.3,"gnn_on","cnt","interval_score",200,6.76375362333431,0.272198626300356
"types_mixed",300,0.3,0.5,"BM","mcar",0.3,"gnn_on","cnt","interval_score",200,5.92800265083015,0.131812549881143
"types_mixed",1000,0.3,0.5,"BM","mcar",0.3,"gnn_on","cnt","interval_score",200,5.39711735991117,0.0624548766054177
"types_mixed",100,0.7,0.5,"BM","mcar",0.3,"gnn_on","cnt","interval_score",200,6.85353307084322,0.306103809770838
"types_mixed",300,0.7,0.5,"BM","mcar",0.3,"gnn_on","cnt","interval_score",200,5.70936473160921,0.133216055272453
"types_mixed",1000,0.7,0.5,"BM","mcar",0.3,"gnn_on","cnt","interval_score",200,4.92893562778395,0.0612848685677607
"types_mixed",100,1,0.5,"BM","mcar",0.3,"gnn_on","cnt","interval_score",200,5.55889493257874,0.24902472762831
"types_mixed",300,1,0.5,"BM","mcar",0.3,"gnn_on","cnt","interval_score",200,5.28169633999263,0.180724659289522
"types_mixed",1000,1,0.5,"BM","mcar",0.3,"gnn_on","cnt","interval_score",200,4.2734697485877,0.0719691707320839
"types_mixed",100,0.3,0,"BM","mcar",0.3,"gnn_on_full","cnt","interval_score",200,6.76699138821147,0.272459075310044
"types_mixed",300,0.3,0,"BM","mcar",0.3,"gnn_on_full","cnt","interval_score",200,5.92562795926147,0.121423987349809
"types_mixed",1000,0.3,0,"BM","mcar",0.3,"gnn_on_full","cnt","interval_score",200,5.37415274568563,0.0657386793479659
"types_mixed",100,0.7,0,"BM","mcar",0.3,"gnn_on_full","cnt","interval_score",200,6.46404870627937,0.265812911022084
"types_mixed",300,0.7,0,"BM","mcar",0.3,"gnn_on_full","cnt","interval_score",200,5.61609322532308,0.113756858137602
"types_mixed",1000,0.7,0,"BM","mcar",0.3,"gnn_on_full","cnt","interval_score",200,5.00096455194175,0.0681058978633814
"types_mixed",100,1,0,"BM","mcar",0.3,"gnn_on_full","cnt","interval_score",185,5.60475071761472,0.217101051049948
"types_mixed",300,1,0,"BM","mcar",0.3,"gnn_on_full","cnt","interval_score",186,5.30658365004174,0.157494857841524
"types_mixed",1000,1,0,"BM","mcar",0.3,"gnn_on_full","cnt","interval_score",191,4.40858385153976,0.0785745897285443
"types_mixed",100,0.3,0.5,"BM","mcar",0.3,"gnn_on_full","cnt","interval_score",200,6.76367525695949,0.267054288810453
"types_mixed",300,0.3,0.5,"BM","mcar",0.3,"gnn_on_full","cnt","interval_score",200,5.94007109275206,0.142312384423525
"types_mixed",1000,0.3,0.5,"BM","mcar",0.3,"gnn_on_full","cnt","interval_score",200,5.39030294592334,0.0626359453881242
"types_mixed",100,0.7,0.5,"BM","mcar",0.3,"gnn_on_full","cnt","interval_score",200,6.89685345812602,0.309113290322007
"types_mixed",300,0.7,0.5,"BM","mcar",0.3,"gnn_on_full","cnt","interval_score",200,5.69931708473029,0.133170921279085
"types_mixed",1000,0.7,0.5,"BM","mcar",0.3,"gnn_on_full","cnt","interval_score",200,4.94233328931554,0.060909165725816
"types_mixed",100,1,0.5,"BM","mcar",0.3,"gnn_on_full","cnt","interval_score",183,5.53048368826282,0.246898345521933
"types_mixed",300,1,0.5,"BM","mcar",0.3,"gnn_on_full","cnt","interval_score",185,5.29703412732654,0.179869810095993
"types_mixed",1000,1,0.5,"BM","mcar",0.3,"gnn_on_full","cnt","interval_score",193,4.27205104267325,0.0721194905309594
"types_mixed",100,0.3,0,"BM","mcar",0.3,"bace","prp","interval_score",100,6.11149596594206,0.232699517899
"types_mixed",300,0.3,0,"BM","mcar",0.3,"bace","prp","interval_score",100,5.56323261811771,0.13143434970068
"types_mixed",1000,0.3,0,"BM","mcar",0.3,"bace","prp","interval_score",100,5.48327677475491,0.0718629054173586
"types_mixed",100,0.7,0,"BM","mcar",0.3,"bace","prp","interval_score",100,5.53154163410043,0.209079351158328
"types_mixed",300,0.7,0,"BM","mcar",0.3,"bace","prp","interval_score",100,4.5637947848683,0.111824778718558
"types_mixed",1000,0.7,0,"BM","mcar",0.3,"bace","prp","interval_score",100,4.74766288460251,0.0816484064881798
"types_mixed",100,1,0,"BM","mcar",0.3,"bace","prp","interval_score",100,3.55160830816644,0.221139588690985
"types_mixed",300,1,0,"BM","mcar",0.3,"bace","prp","interval_score",100,2.86030213510361,0.169530108267625
"types_mixed",1000,1,0,"BM","mcar",0.3,"bace","prp","interval_score",93,2.81535152805297,0.0959893657014237
"types_mixed",100,0.3,0.5,"BM","mcar",0.3,"bace","prp","interval_score",100,5.68398548487178,0.180615576315
"types_mixed",300,0.3,0.5,"BM","mcar",0.3,"bace","prp","interval_score",100,4.85516649193629,0.0896933467961746
"types_mixed",1000,0.3,0.5,"BM","mcar",0.3,"bace","prp","interval_score",97,4.63694391587628,0.0487447852448065
"types_mixed",100,0.7,0.5,"BM","mcar",0.3,"bace","prp","interval_score",97,4.78243109451034,0.185663294641202
"types_mixed",300,0.7,0.5,"BM","mcar",0.3,"bace","prp","interval_score",99,4.17397068560641,0.0979566133817406
"types_mixed",1000,0.7,0.5,"BM","mcar",0.3,"bace","prp","interval_score",90,3.97257961815968,0.0558405504417919
"types_mixed",100,1,0.5,"BM","mcar",0.3,"bace","prp","interval_score",100,3.41076653637486,0.245320376493451
"types_mixed",300,1,0.5,"BM","mcar",0.3,"bace","prp","interval_score",100,2.86568774584233,0.179055516228614
"types_mixed",1000,1,0.5,"BM","mcar",0.3,"bace","prp","interval_score",100,2.68357083781776,0.100317570775463
"types_mixed",100,0.3,0,"BM","mcar",0.3,"floor","prp","interval_score",200,NA,NA
"types_mixed",300,0.3,0,"BM","mcar",0.3,"floor","prp","interval_score",200,NA,NA
"types_mixed",1000,0.3,0,"BM","mcar",0.3,"floor","prp","interval_score",200,NA,NA
"types_mixed",100,0.7,0,"BM","mcar",0.3,"floor","prp","interval_score",200,NA,NA
"types_mixed",300,0.7,0,"BM","mcar",0.3,"floor","prp","interval_score",200,NA,NA
"types_mixed",1000,0.7,0,"BM","mcar",0.3,"floor","prp","interval_score",200,NA,NA
"types_mixed",100,1,0,"BM","mcar",0.3,"floor","prp","interval_score",200,NA,NA
"types_mixed",300,1,0,"BM","mcar",0.3,"floor","prp","interval_score",200,NA,NA
"types_mixed",1000,1,0,"BM","mcar",0.3,"floor","prp","interval_score",200,NA,NA
"types_mixed",100,0.3,0.5,"BM","mcar",0.3,"floor","prp","interval_score",200,NA,NA
"types_mixed",300,0.3,0.5,"BM","mcar",0.3,"floor","prp","interval_score",200,NA,NA
"types_mixed",1000,0.3,0.5,"BM","mcar",0.3,"floor","prp","interval_score",200,NA,NA
"types_mixed",100,0.7,0.5,"BM","mcar",0.3,"floor","prp","interval_score",200,NA,NA
"types_mixed",300,0.7,0.5,"BM","mcar",0.3,"floor","prp","interval_score",200,NA,NA
"types_mixed",1000,0.7,0.5,"BM","mcar",0.3,"floor","prp","interval_score",200,NA,NA
"types_mixed",100,1,0.5,"BM","mcar",0.3,"floor","prp","interval_score",200,NA,NA
"types_mixed",300,1,0.5,"BM","mcar",0.3,"floor","prp","interval_score",200,NA,NA
"types_mixed",1000,1,0.5,"BM","mcar",0.3,"floor","prp","interval_score",200,NA,NA
"types_mixed",100,0.3,0,"BM","mcar",0.3,"freq","prp","interval_score",200,8.96549426470706,0.257693242755257
"types_mixed",300,0.3,0,"BM","mcar",0.3,"freq","prp","interval_score",200,7.22812804213069,0.11057512153533
"types_mixed",1000,0.3,0,"BM","mcar",0.3,"freq","prp","interval_score",200,6.46742335622501,0.0604795742349942
"types_mixed",100,0.7,0,"BM","mcar",0.3,"freq","prp","interval_score",200,7.72466255421753,0.211936730796317
"types_mixed",300,0.7,0,"BM","mcar",0.3,"freq","prp","interval_score",200,6.66812164788887,0.124566486115188
"types_mixed",1000,0.7,0,"BM","mcar",0.3,"freq","prp","interval_score",200,6.17666668365095,0.0807461526258992
"types_mixed",100,1,0,"BM","mcar",0.3,"freq","prp","interval_score",200,4.3056353706578,0.126256135519969
"types_mixed",300,1,0,"BM","mcar",0.3,"freq","prp","interval_score",200,4.66403541562922,0.126713079609926
"types_mixed",1000,1,0,"BM","mcar",0.3,"freq","prp","interval_score",200,4.5800161943784,0.10101875227468
"types_mixed",100,0.3,0.5,"BM","mcar",0.3,"freq","prp","interval_score",200,8.22421845620961,0.219941643977384
"types_mixed",300,0.3,0.5,"BM","mcar",0.3,"freq","prp","interval_score",200,6.89777477848274,0.116721975492521
"types_mixed",1000,0.3,0.5,"BM","mcar",0.3,"freq","prp","interval_score",200,6.2217958044644,0.059667182983335
"types_mixed",100,0.7,0.5,"BM","mcar",0.3,"freq","prp","interval_score",200,7.13124041081817,0.180953387198168
"types_mixed",300,0.7,0.5,"BM","mcar",0.3,"freq","prp","interval_score",200,6.35427294775126,0.108123499636508
"types_mixed",1000,0.7,0.5,"BM","mcar",0.3,"freq","prp","interval_score",200,5.87172672430305,0.0744366556197213
"types_mixed",100,1,0.5,"BM","mcar",0.3,"freq","prp","interval_score",200,4.33774827391958,0.150733416922854
"types_mixed",300,1,0.5,"BM","mcar",0.3,"freq","prp","interval_score",200,4.52600407727257,0.119011843779511
"types_mixed",1000,1,0.5,"BM","mcar",0.3,"freq","prp","interval_score",200,4.48616943271066,0.100337866262204
"types_mixed",100,0.3,0,"BM","mcar",0.3,"freq_lambda","prp","interval_score",200,3.90021809982455,0.0645013462078695
"types_mixed",300,0.3,0,"BM","mcar",0.3,"freq_lambda","prp","interval_score",200,3.68544807993315,0.0300026938165407
"types_mixed",1000,0.3,0,"BM","mcar",0.3,"freq_lambda","prp","interval_score",200,3.6255047645433,0.0184699493629652
"types_mixed",100,0.7,0,"BM","mcar",0.3,"freq_lambda","prp","interval_score",200,3.53357081858832,0.0680150557962438
"types_mixed",300,0.7,0,"BM","mcar",0.3,"freq_lambda","prp","interval_score",200,3.26559417695737,0.0445146244896793
"types_mixed",1000,0.7,0,"BM","mcar",0.3,"freq_lambda","prp","interval_score",200,3.2334483691592,0.0371717928423834
"types_mixed",100,1,0,"BM","mcar",0.3,"freq_lambda","prp","interval_score",200,3.49231443522322,0.113586992459872
"types_mixed",300,1,0,"BM","mcar",0.3,"freq_lambda","prp","interval_score",200,3.44003283705131,0.0932475600617516
"types_mixed",1000,1,0,"BM","mcar",0.3,"freq_lambda","prp","interval_score",200,3.31559627314926,0.0728347448804075
"types_mixed",100,0.3,0.5,"BM","mcar",0.3,"freq_lambda","prp","interval_score",200,3.70183490663321,0.0577960511975574
"types_mixed",300,0.3,0.5,"BM","mcar",0.3,"freq_lambda","prp","interval_score",200,3.48870136572198,0.0388906576703215
"types_mixed",1000,0.3,0.5,"BM","mcar",0.3,"freq_lambda","prp","interval_score",200,3.37426587619533,0.0167845221775377
"types_mixed",100,0.7,0.5,"BM","mcar",0.3,"freq_lambda","prp","interval_score",200,3.25187348809009,0.069488179691229
"types_mixed",300,0.7,0.5,"BM","mcar",0.3,"freq_lambda","prp","interval_score",200,3.10879805061596,0.0413555889111885
"types_mixed",1000,0.7,0.5,"BM","mcar",0.3,"freq_lambda","prp","interval_score",200,3.00085747960644,0.0329083248142303
"types_mixed",100,1,0.5,"BM","mcar",0.3,"freq_lambda","prp","interval_score",200,3.48391897042347,0.134707021895714
"types_mixed",300,1,0.5,"BM","mcar",0.3,"freq_lambda","prp","interval_score",200,3.3893149182962,0.0929149064640484
"types_mixed",1000,1,0.5,"BM","mcar",0.3,"freq_lambda","prp","interval_score",200,3.19520221792101,0.0679604165953256
"types_mixed",100,0.3,0,"BM","mcar",0.3,"gnn_off","prp","interval_score",200,5.01652756200681,0.152310694660074
"types_mixed",300,0.3,0,"BM","mcar",0.3,"gnn_off","prp","interval_score",200,4.20350830514974,0.0326445275250808
"types_mixed",1000,0.3,0,"BM","mcar",0.3,"gnn_off","prp","interval_score",200,3.99833031101111,0.0143074056320191
"types_mixed",100,0.7,0,"BM","mcar",0.3,"gnn_off","prp","interval_score",200,5.05342370609591,0.165726294031979
"types_mixed",300,0.7,0,"BM","mcar",0.3,"gnn_off","prp","interval_score",200,3.97991288610016,0.0468200809044801
"types_mixed",1000,0.7,0,"BM","mcar",0.3,"gnn_off","prp","interval_score",200,3.79178881441011,0.0360103070331197
"types_mixed",100,1,0,"BM","mcar",0.3,"gnn_off","prp","interval_score",200,3.467860735001,0.144550667513666
"types_mixed",300,1,0,"BM","mcar",0.3,"gnn_off","prp","interval_score",200,2.90086403651882,0.0705020762207472
"types_mixed",1000,1,0,"BM","mcar",0.3,"gnn_off","prp","interval_score",200,2.56362534677387,0.0526614076496475
"types_mixed",100,0.3,0.5,"BM","mcar",0.3,"gnn_off","prp","interval_score",200,5.29330584916876,0.216838264926647
"types_mixed",300,0.3,0.5,"BM","mcar",0.3,"gnn_off","prp","interval_score",200,4.16184472765302,0.030231566309061
"types_mixed",1000,0.3,0.5,"BM","mcar",0.3,"gnn_off","prp","interval_score",200,4.00279571378135,0.0150973741841809
"types_mixed",100,0.7,0.5,"BM","mcar",0.3,"gnn_off","prp","interval_score",200,5.16316890836723,0.188951686557515
"types_mixed",300,0.7,0.5,"BM","mcar",0.3,"gnn_off","prp","interval_score",200,4.04130714138758,0.0545313976793988
"types_mixed",1000,0.7,0.5,"BM","mcar",0.3,"gnn_off","prp","interval_score",200,3.76123036894496,0.0338357641616348
"types_mixed",100,1,0.5,"BM","mcar",0.3,"gnn_off","prp","interval_score",200,3.243273954292,0.138826148616738
"types_mixed",300,1,0.5,"BM","mcar",0.3,"gnn_off","prp","interval_score",200,2.83769042175003,0.0680961779193137
"types_mixed",1000,1,0.5,"BM","mcar",0.3,"gnn_off","prp","interval_score",200,2.51200078857321,0.0501192549570751
"types_mixed",100,0.3,0,"BM","mcar",0.3,"gnn_off_rphylopars","prp","interval_score",200,5.02656804240232,0.148733481574172
"types_mixed",300,0.3,0,"BM","mcar",0.3,"gnn_off_rphylopars","prp","interval_score",200,4.15216089005343,0.0304162694993352
"types_mixed",1000,0.3,0,"BM","mcar",0.3,"gnn_off_rphylopars","prp","interval_score",200,3.95860538772111,0.0153126903577994
"types_mixed",100,0.7,0,"BM","mcar",0.3,"gnn_off_rphylopars","prp","interval_score",200,5.48416634823809,0.23139170876149
"types_mixed",300,0.7,0,"BM","mcar",0.3,"gnn_off_rphylopars","prp","interval_score",200,4.10231485933891,0.0442979101566345
"types_mixed",1000,0.7,0,"BM","mcar",0.3,"gnn_off_rphylopars","prp","interval_score",200,3.82096440178424,0.03565621116038
"types_mixed",100,1,0,"BM","mcar",0.3,"gnn_off_rphylopars","prp","interval_score",200,4.60077807805678,0.214660408131901
"types_mixed",300,1,0,"BM","mcar",0.3,"gnn_off_rphylopars","prp","interval_score",200,3.74485342918241,0.122355964856094
"types_mixed",1000,1,0,"BM","mcar",0.3,"gnn_off_rphylopars","prp","interval_score",200,3.04446260241687,0.0852138926800891
"types_mixed",100,0.3,0.5,"BM","mcar",0.3,"gnn_off_rphylopars","prp","interval_score",200,4.93041461085664,0.137106293375895
"types_mixed",300,0.3,0.5,"BM","mcar",0.3,"gnn_off_rphylopars","prp","interval_score",200,4.09533456556344,0.0296495913485935
"types_mixed",1000,0.3,0.5,"BM","mcar",0.3,"gnn_off_rphylopars","prp","interval_score",200,3.89481792481824,0.0181300650829544
"types_mixed",100,0.7,0.5,"BM","mcar",0.3,"gnn_off_rphylopars","prp","interval_score",200,5.18521437021935,0.203993192664813
"types_mixed",300,0.7,0.5,"BM","mcar",0.3,"gnn_off_rphylopars","prp","interval_score",200,3.96399642561051,0.0577453850914878
"types_mixed",1000,0.7,0.5,"BM","mcar",0.3,"gnn_off_rphylopars","prp","interval_score",200,3.66184721144081,0.0319143403041321
"types_mixed",100,1,0.5,"BM","mcar",0.3,"gnn_off_rphylopars","prp","interval_score",200,4.71800523887496,0.290691329220344
"types_mixed",300,1,0.5,"BM","mcar",0.3,"gnn_off_rphylopars","prp","interval_score",200,3.6471261718929,0.12791943783606
"types_mixed",1000,1,0.5,"BM","mcar",0.3,"gnn_off_rphylopars","prp","interval_score",200,2.95397830203507,0.0782992553247746
"types_mixed",100,0.3,0,"BM","mcar",0.3,"gnn_on","prp","interval_score",200,5.07223842444315,0.158506199872347
"types_mixed",300,0.3,0,"BM","mcar",0.3,"gnn_on","prp","interval_score",200,4.22950148593928,0.0373577250722972
"types_mixed",1000,0.3,0,"BM","mcar",0.3,"gnn_on","prp","interval_score",200,4.00594341283553,0.0151968185197151
"types_mixed",100,0.7,0,"BM","mcar",0.3,"gnn_on","prp","interval_score",200,5.08841898967614,0.180784240607673
"types_mixed",300,0.7,0,"BM","mcar",0.3,"gnn_on","prp","interval_score",200,4.00231205819828,0.0502090975956874
"types_mixed",1000,0.7,0,"BM","mcar",0.3,"gnn_on","prp","interval_score",200,3.80601100584333,0.0382709239851795
"types_mixed",100,1,0,"BM","mcar",0.3,"gnn_on","prp","interval_score",200,3.61217611022968,0.16891784948625
"types_mixed",300,1,0,"BM","mcar",0.3,"gnn_on","prp","interval_score",200,2.88146072334753,0.0732585970373456
"types_mixed",1000,1,0,"BM","mcar",0.3,"gnn_on","prp","interval_score",200,2.55463413454861,0.0537510693996288
"types_mixed",100,0.3,0.5,"BM","mcar",0.3,"gnn_on","prp","interval_score",200,5.20098249666245,0.212832505998506
"types_mixed",300,0.3,0.5,"BM","mcar",0.3,"gnn_on","prp","interval_score",200,4.14593612299889,0.0293787972887866
"types_mixed",1000,0.3,0.5,"BM","mcar",0.3,"gnn_on","prp","interval_score",200,4.00812723264668,0.0160614809578738
"types_mixed",100,0.7,0.5,"BM","mcar",0.3,"gnn_on","prp","interval_score",200,5.14034755757117,0.194201505543545
"types_mixed",300,0.7,0.5,"BM","mcar",0.3,"gnn_on","prp","interval_score",200,4.02173706916553,0.0571053572980622
"types_mixed",1000,0.7,0.5,"BM","mcar",0.3,"gnn_on","prp","interval_score",200,3.77478909572551,0.0365314842932482
"types_mixed",100,1,0.5,"BM","mcar",0.3,"gnn_on","prp","interval_score",200,3.27793646516358,0.13250948372459
"types_mixed",300,1,0.5,"BM","mcar",0.3,"gnn_on","prp","interval_score",200,2.79770142174086,0.0702145936788636
"types_mixed",1000,1,0.5,"BM","mcar",0.3,"gnn_on","prp","interval_score",200,2.50492966447716,0.05186532391654
"types_mixed",100,0.3,0,"BM","mcar",0.3,"gnn_on_full","prp","interval_score",200,5.04688114772242,0.154434742880145
"types_mixed",300,0.3,0,"BM","mcar",0.3,"gnn_on_full","prp","interval_score",200,4.22671898315463,0.0358051051393844
"types_mixed",1000,0.3,0,"BM","mcar",0.3,"gnn_on_full","prp","interval_score",200,4.00903484379213,0.0144266690055883
"types_mixed",100,0.7,0,"BM","mcar",0.3,"gnn_on_full","prp","interval_score",200,5.04279963176886,0.170919053283834
"types_mixed",300,0.7,0,"BM","mcar",0.3,"gnn_on_full","prp","interval_score",200,4.0080805438679,0.0495667195638643
"types_mixed",1000,0.7,0,"BM","mcar",0.3,"gnn_on_full","prp","interval_score",200,3.81404583212694,0.0379065499769447
"types_mixed",100,1,0,"BM","mcar",0.3,"gnn_on_full","prp","interval_score",185,3.5095034988418,0.162430812439583
"types_mixed",300,1,0,"BM","mcar",0.3,"gnn_on_full","prp","interval_score",186,2.87479915137701,0.0737909328933991
"types_mixed",1000,1,0,"BM","mcar",0.3,"gnn_on_full","prp","interval_score",191,2.54873551596123,0.0535905873499492
"types_mixed",100,0.3,0.5,"BM","mcar",0.3,"gnn_on_full","prp","interval_score",200,5.17340140866833,0.209833866286657
"types_mixed",300,0.3,0.5,"BM","mcar",0.3,"gnn_on_full","prp","interval_score",200,4.15551211723827,0.032187832958527
"types_mixed",1000,0.3,0.5,"BM","mcar",0.3,"gnn_on_full","prp","interval_score",200,4.00479169891805,0.0156007637210024
"types_mixed",100,0.7,0.5,"BM","mcar",0.3,"gnn_on_full","prp","interval_score",200,5.04536001118295,0.181146581092409
"types_mixed",300,0.7,0.5,"BM","mcar",0.3,"gnn_on_full","prp","interval_score",200,4.03195646457573,0.0578196900605166
"types_mixed",1000,0.7,0.5,"BM","mcar",0.3,"gnn_on_full","prp","interval_score",200,3.7835097175736,0.0358271379529594
"types_mixed",100,1,0.5,"BM","mcar",0.3,"gnn_on_full","prp","interval_score",183,3.18129418965575,0.129041042724126
"types_mixed",300,1,0.5,"BM","mcar",0.3,"gnn_on_full","prp","interval_score",185,2.79201430954743,0.0706430702080963
"types_mixed",1000,1,0.5,"BM","mcar",0.3,"gnn_on_full","prp","interval_score",193,2.49155392985174,0.05075215588126
"types_mixed",100,0.3,0,"BM","mcar",0.3,"bace","bin","macroF1",100,0.606133307771066,0.00955683386216211
"types_mixed",300,0.3,0,"BM","mcar",0.3,"bace","bin","macroF1",100,0.649901443095983,0.00613472317519114
"types_mixed",1000,0.3,0,"BM","mcar",0.3,"bace","bin","macroF1",100,0.688950524772853,0.00529471769107284
"types_mixed",100,0.7,0,"BM","mcar",0.3,"bace","bin","macroF1",100,0.661152105268021,0.0145401982176504
"types_mixed",300,0.7,0,"BM","mcar",0.3,"bace","bin","macroF1",100,0.716537483854038,0.0113890798107462
"types_mixed",1000,0.7,0,"BM","mcar",0.3,"bace","bin","macroF1",100,0.754949449723551,0.0099376650139594
"types_mixed",100,1,0,"BM","mcar",0.3,"bace","bin","macroF1",100,0.699125372067385,0.0257632586863556
"types_mixed",300,1,0,"BM","mcar",0.3,"bace","bin","macroF1",100,0.683653320131787,0.0278078175047324
"types_mixed",1000,1,0,"BM","mcar",0.3,"bace","bin","macroF1",93,0.73435939989895,0.0289126094684556
"types_mixed",100,0.3,0.5,"BM","mcar",0.3,"bace","bin","macroF1",100,0.655203014941053,0.00904969129475053
"types_mixed",300,0.3,0.5,"BM","mcar",0.3,"bace","bin","macroF1",100,0.69590900920575,0.00570571100947924
"types_mixed",1000,0.3,0.5,"BM","mcar",0.3,"bace","bin","macroF1",97,0.723691249701294,0.00422615047760587
"types_mixed",100,0.7,0.5,"BM","mcar",0.3,"bace","bin","macroF1",97,0.726572569360089,0.0126076319128686
"types_mixed",300,0.7,0.5,"BM","mcar",0.3,"bace","bin","macroF1",99,0.752873399891174,0.00920540424671032
"types_mixed",1000,0.7,0.5,"BM","mcar",0.3,"bace","bin","macroF1",90,0.785470980140371,0.00990022501014962
"types_mixed",100,1,0.5,"BM","mcar",0.3,"bace","bin","macroF1",100,0.674548294675879,0.0268954421998552
"types_mixed",300,1,0.5,"BM","mcar",0.3,"bace","bin","macroF1",100,0.72674926465316,0.0266634786493298
"types_mixed",1000,1,0.5,"BM","mcar",0.3,"bace","bin","macroF1",100,0.75837087091547,0.0275400897503678
"types_mixed",100,0.3,0,"BM","mcar",0.3,"floor","bin","macroF1",200,0.372916008553452,0.00347650070408177
"types_mixed",300,0.3,0,"BM","mcar",0.3,"floor","bin","macroF1",200,0.378993284424194,0.00282886997615009
"types_mixed",1000,0.3,0,"BM","mcar",0.3,"floor","bin","macroF1",200,0.382301676281551,0.00252615325084746
"types_mixed",100,0.7,0,"BM","mcar",0.3,"floor","bin","macroF1",200,0.410902602415719,0.00711739578551444
"types_mixed",300,0.7,0,"BM","mcar",0.3,"floor","bin","macroF1",200,0.408423788786317,0.00451278977379113
"types_mixed",1000,0.7,0,"BM","mcar",0.3,"floor","bin","macroF1",200,0.404282593437514,0.00324483604245235
"types_mixed",100,1,0,"BM","mcar",0.3,"floor","bin","macroF1",200,0.486207592665189,0.0146198648653392
"types_mixed",300,1,0,"BM","mcar",0.3,"floor","bin","macroF1",200,0.469178505398611,0.0123188436341171
"types_mixed",1000,1,0,"BM","mcar",0.3,"floor","bin","macroF1",200,0.448068247021539,0.00952955730443279
"types_mixed",100,0.3,0.5,"BM","mcar",0.3,"floor","bin","macroF1",200,0.368550297770643,0.00355477194168069
"types_mixed",300,0.3,0.5,"BM","mcar",0.3,"floor","bin","macroF1",200,0.380421233093603,0.002554507333812
"types_mixed",1000,0.3,0.5,"BM","mcar",0.3,"floor","bin","macroF1",200,0.383202792741707,0.00259824771447795
"types_mixed",100,0.7,0.5,"BM","mcar",0.3,"floor","bin","macroF1",200,0.397016256030622,0.00516170512464416
"types_mixed",300,0.7,0.5,"BM","mcar",0.3,"floor","bin","macroF1",200,0.40864975735243,0.00435399777634649
"types_mixed",1000,0.7,0.5,"BM","mcar",0.3,"floor","bin","macroF1",200,0.406944676295202,0.00332704076937679
"types_mixed",100,1,0.5,"BM","mcar",0.3,"floor","bin","macroF1",200,0.467330999008909,0.0131714478798738
"types_mixed",300,1,0.5,"BM","mcar",0.3,"floor","bin","macroF1",200,0.473070145265622,0.0124648428391698
"types_mixed",1000,1,0.5,"BM","mcar",0.3,"floor","bin","macroF1",200,0.443572624834898,0.00925109249648433
"types_mixed",100,0.3,0,"BM","mcar",0.3,"freq","bin","macroF1",200,0.501486986170721,0.00779519596020955
"types_mixed",300,0.3,0,"BM","mcar",0.3,"freq","bin","macroF1",200,0.507788805208239,0.00474476974968613
"types_mixed",1000,0.3,0,"BM","mcar",0.3,"freq","bin","macroF1",200,0.518437576501102,0.00410233262139781
"types_mixed",100,0.7,0,"BM","mcar",0.3,"freq","bin","macroF1",200,0.619037396813569,0.0122493548473552
"types_mixed",300,0.7,0,"BM","mcar",0.3,"freq","bin","macroF1",200,0.642926450609682,0.010425882860854
"types_mixed",1000,0.7,0,"BM","mcar",0.3,"freq","bin","macroF1",200,0.663720263797206,0.00894210263165861
"types_mixed",100,1,0,"BM","mcar",0.3,"freq","bin","macroF1",200,0.926340455780008,0.00754264779387097
"types_mixed",300,1,0,"BM","mcar",0.3,"freq","bin","macroF1",200,0.954115492211236,0.00480460448555758
"types_mixed",1000,1,0,"BM","mcar",0.3,"freq","bin","macroF1",200,0.976245912598759,0.00312899362606477
"types_mixed",100,0.3,0.5,"BM","mcar",0.3,"freq","bin","macroF1",200,0.523052045395804,0.00747962991294175
"types_mixed",300,0.3,0.5,"BM","mcar",0.3,"freq","bin","macroF1",200,0.508021995856734,0.00493502772910605
"types_mixed",1000,0.3,0.5,"BM","mcar",0.3,"freq","bin","macroF1",200,0.519285935258903,0.00383360146467935
"types_mixed",100,0.7,0.5,"BM","mcar",0.3,"freq","bin","macroF1",200,0.650351450527773,0.0111639043185885
"types_mixed",300,0.7,0.5,"BM","mcar",0.3,"freq","bin","macroF1",200,0.633866688407045,0.0100475652788622
"types_mixed",1000,0.7,0.5,"BM","mcar",0.3,"freq","bin","macroF1",200,0.658500578696841,0.0095147111000068
"types_mixed",100,1,0.5,"BM","mcar",0.3,"freq","bin","macroF1",200,0.922988887243274,0.00763230622142023
"types_mixed",300,1,0.5,"BM","mcar",0.3,"freq","bin","macroF1",200,0.95864013758576,0.00442983173195246
"types_mixed",1000,1,0.5,"BM","mcar",0.3,"freq","bin","macroF1",200,0.972080179993547,0.00415620646380846
"types_mixed",100,0.3,0,"BM","mcar",0.3,"freq_lambda","bin","macroF1",200,0.513169064691412,0.00748635023025877
"types_mixed",300,0.3,0,"BM","mcar",0.3,"freq_lambda","bin","macroF1",200,0.50964000436368,0.00472633811731962
"types_mixed",1000,0.3,0,"BM","mcar",0.3,"freq_lambda","bin","macroF1",200,0.520355908553867,0.00394518801757927
"types_mixed",100,0.7,0,"BM","mcar",0.3,"freq_lambda","bin","macroF1",200,0.631727589655887,0.0115689890781763
"types_mixed",300,0.7,0,"BM","mcar",0.3,"freq_lambda","bin","macroF1",200,0.646442872002223,0.0101005726674289
"types_mixed",1000,0.7,0,"BM","mcar",0.3,"freq_lambda","bin","macroF1",200,0.661728669056471,0.00901511869485368
"types_mixed",100,1,0,"BM","mcar",0.3,"freq_lambda","bin","macroF1",200,0.926839347132558,0.00751200307814955
"types_mixed",300,1,0,"BM","mcar",0.3,"freq_lambda","bin","macroF1",200,0.954115492211236,0.00480460448555758
"types_mixed",1000,1,0,"BM","mcar",0.3,"freq_lambda","bin","macroF1",200,0.976216752661246,0.0031300732731814
"types_mixed",100,0.3,0.5,"BM","mcar",0.3,"freq_lambda","bin","macroF1",200,0.516371192858768,0.00725655976958476
"types_mixed",300,0.3,0.5,"BM","mcar",0.3,"freq_lambda","bin","macroF1",200,0.505104476710931,0.00521350981183425
"types_mixed",1000,0.3,0.5,"BM","mcar",0.3,"freq_lambda","bin","macroF1",200,0.520542288498619,0.00377831761752651
"types_mixed",100,0.7,0.5,"BM","mcar",0.3,"freq_lambda","bin","macroF1",200,0.647307957123855,0.0114986119030704
"types_mixed",300,0.7,0.5,"BM","mcar",0.3,"freq_lambda","bin","macroF1",200,0.636666411113462,0.00995523824519584
"types_mixed",1000,0.7,0.5,"BM","mcar",0.3,"freq_lambda","bin","macroF1",200,0.65849358100164,0.00951497699987167
"types_mixed",100,1,0.5,"BM","mcar",0.3,"freq_lambda","bin","macroF1",200,0.922988887243274,0.00763230622142023
"types_mixed",300,1,0.5,"BM","mcar",0.3,"freq_lambda","bin","macroF1",200,0.95864013758576,0.00442983173195246
"types_mixed",1000,1,0.5,"BM","mcar",0.3,"freq_lambda","bin","macroF1",200,0.972054876795588,0.00415747246941907
"types_mixed",100,0.3,0,"BM","mcar",0.3,"gnn_off","bin","macroF1",200,0.404294309263899,0.006985753725289
"types_mixed",300,0.3,0,"BM","mcar",0.3,"gnn_off","bin","macroF1",200,0.426924126477475,0.00743223275450563
"types_mixed",1000,0.3,0,"BM","mcar",0.3,"gnn_off","bin","macroF1",200,0.442501243435824,0.00749649108154808
"types_mixed",100,0.7,0,"BM","mcar",0.3,"gnn_off","bin","macroF1",200,0.521853522000983,0.0135486002262303
"types_mixed",300,0.7,0,"BM","mcar",0.3,"gnn_off","bin","macroF1",200,0.606033482290289,0.0121934740338581
"types_mixed",1000,0.7,0,"BM","mcar",0.3,"gnn_off","bin","macroF1",200,0.638494779795005,0.0104377585189302
"types_mixed",100,1,0,"BM","mcar",0.3,"gnn_off","bin","macroF1",200,0.82532919525975,0.0162162907477913
"types_mixed",300,1,0,"BM","mcar",0.3,"gnn_off","bin","macroF1",200,0.92465833949433,0.00975003745676215
"types_mixed",1000,1,0,"BM","mcar",0.3,"gnn_off","bin","macroF1",200,0.964578215859636,0.00610719417969729
"types_mixed",100,0.3,0.5,"BM","mcar",0.3,"gnn_off","bin","macroF1",200,0.402828275679151,0.00770490767080383
"types_mixed",300,0.3,0.5,"BM","mcar",0.3,"gnn_off","bin","macroF1",200,0.414258902459285,0.00665820783456142
"types_mixed",1000,0.3,0.5,"BM","mcar",0.3,"gnn_off","bin","macroF1",200,0.440096418678457,0.00737043211589307
"types_mixed",100,0.7,0.5,"BM","mcar",0.3,"gnn_off","bin","macroF1",200,0.554445971438806,0.0134890358413797
"types_mixed",300,0.7,0.5,"BM","mcar",0.3,"gnn_off","bin","macroF1",200,0.587728204348647,0.0119670382724399
"types_mixed",1000,0.7,0.5,"BM","mcar",0.3,"gnn_off","bin","macroF1",200,0.633718639337565,0.0108491562319026
"types_mixed",100,1,0.5,"BM","mcar",0.3,"gnn_off","bin","macroF1",200,0.822726782906367,0.0155303484712706
"types_mixed",300,1,0.5,"BM","mcar",0.3,"gnn_off","bin","macroF1",200,0.937266980391404,0.00829800697495478
"types_mixed",1000,1,0.5,"BM","mcar",0.3,"gnn_off","bin","macroF1",200,0.955920477671302,0.00730957081711018
"types_mixed",100,0.3,0,"BM","mcar",0.3,"gnn_off_rphylopars","bin","macroF1",200,0.398037595907661,0.00639149297075749
"types_mixed",300,0.3,0,"BM","mcar",0.3,"gnn_off_rphylopars","bin","macroF1",200,0.420249371998605,0.00671890887072075
"types_mixed",1000,0.3,0,"BM","mcar",0.3,"gnn_off_rphylopars","bin","macroF1",200,0.43880166111119,0.00731354496504789
"types_mixed",100,0.7,0,"BM","mcar",0.3,"gnn_off_rphylopars","bin","macroF1",200,0.50709530930637,0.0127647981790649
"types_mixed",300,0.7,0,"BM","mcar",0.3,"gnn_off_rphylopars","bin","macroF1",200,0.567169076904219,0.0117841591868682
"types_mixed",1000,0.7,0,"BM","mcar",0.3,"gnn_off_rphylopars","bin","macroF1",200,0.60838413965736,0.0107714834952477
"types_mixed",100,1,0,"BM","mcar",0.3,"gnn_off_rphylopars","bin","macroF1",200,0.81486972498356,0.0162600494751169
"types_mixed",300,1,0,"BM","mcar",0.3,"gnn_off_rphylopars","bin","macroF1",200,0.924782883294425,0.00975991185596939
"types_mixed",1000,1,0,"BM","mcar",0.3,"gnn_off_rphylopars","bin","macroF1",200,0.965051375238203,0.00609954003315956
"types_mixed",100,0.3,0.5,"BM","mcar",0.3,"gnn_off_rphylopars","bin","macroF1",200,0.406603247202718,0.00785269723401357
"types_mixed",300,0.3,0.5,"BM","mcar",0.3,"gnn_off_rphylopars","bin","macroF1",200,0.417407587760233,0.00704678957252853
"types_mixed",1000,0.3,0.5,"BM","mcar",0.3,"gnn_off_rphylopars","bin","macroF1",200,0.454799868879549,0.00811946885482162
"types_mixed",100,0.7,0.5,"BM","mcar",0.3,"gnn_off_rphylopars","bin","macroF1",200,0.527342631626107,0.0130025677461921
"types_mixed",300,0.7,0.5,"BM","mcar",0.3,"gnn_off_rphylopars","bin","macroF1",200,0.557158269127557,0.0117234929232023
"types_mixed",1000,0.7,0.5,"BM","mcar",0.3,"gnn_off_rphylopars","bin","macroF1",200,0.626453564827634,0.010839312446857
"types_mixed",100,1,0.5,"BM","mcar",0.3,"gnn_off_rphylopars","bin","macroF1",200,0.81622642944317,0.015800545766882
"types_mixed",300,1,0.5,"BM","mcar",0.3,"gnn_off_rphylopars","bin","macroF1",200,0.934971987015459,0.00863714372952133
"types_mixed",1000,1,0.5,"BM","mcar",0.3,"gnn_off_rphylopars","bin","macroF1",200,0.954429857157933,0.00764890917063121
"types_mixed",100,0.3,0,"BM","mcar",0.3,"gnn_on","bin","macroF1",200,0.406075163609975,0.00724687693979565
"types_mixed",300,0.3,0,"BM","mcar",0.3,"gnn_on","bin","macroF1",200,0.426942712557224,0.00731402070880872
"types_mixed",1000,0.3,0,"BM","mcar",0.3,"gnn_on","bin","macroF1",200,0.442176112159255,0.00748546979239219
"types_mixed",100,0.7,0,"BM","mcar",0.3,"gnn_on","bin","macroF1",200,0.526570826599531,0.0135631060078746
"types_mixed",300,0.7,0,"BM","mcar",0.3,"gnn_on","bin","macroF1",200,0.608226637291704,0.0120616525538349
"types_mixed",1000,0.7,0,"BM","mcar",0.3,"gnn_on","bin","macroF1",200,0.637898861978699,0.0105238258897995
"types_mixed",100,1,0,"BM","mcar",0.3,"gnn_on","bin","macroF1",200,0.811897484966847,0.0162105798500159
"types_mixed",300,1,0,"BM","mcar",0.3,"gnn_on","bin","macroF1",200,0.920591779603428,0.00974906045534372
"types_mixed",1000,1,0,"BM","mcar",0.3,"gnn_on","bin","macroF1",200,0.960986042890966,0.00617672558065429
"types_mixed",100,0.3,0.5,"BM","mcar",0.3,"gnn_on","bin","macroF1",200,0.40927923791344,0.00831431362370216
"types_mixed",300,0.3,0.5,"BM","mcar",0.3,"gnn_on","bin","macroF1",200,0.41588339711573,0.00678635396433673
"types_mixed",1000,0.3,0.5,"BM","mcar",0.3,"gnn_on","bin","macroF1",200,0.438447697894886,0.00736796902063943
"types_mixed",100,0.7,0.5,"BM","mcar",0.3,"gnn_on","bin","macroF1",200,0.554493752156855,0.0134874273350757
"types_mixed",300,0.7,0.5,"BM","mcar",0.3,"gnn_on","bin","macroF1",200,0.589663368738819,0.0120965482019534
"types_mixed",1000,0.7,0.5,"BM","mcar",0.3,"gnn_on","bin","macroF1",200,0.636041773928201,0.0107775576907765
"types_mixed",100,1,0.5,"BM","mcar",0.3,"gnn_on","bin","macroF1",200,0.817731695038308,0.0155159395358616
"types_mixed",300,1,0.5,"BM","mcar",0.3,"gnn_on","bin","macroF1",200,0.931296051505157,0.0083430033176661
"types_mixed",1000,1,0.5,"BM","mcar",0.3,"gnn_on","bin","macroF1",200,0.952425358515064,0.00731862701238735
"types_mixed",100,0.3,0,"BM","mcar",0.3,"gnn_on_full","bin","macroF1",200,0.405336220740593,0.00701022601305074
"types_mixed",300,0.3,0,"BM","mcar",0.3,"gnn_on_full","bin","macroF1",200,0.428717319787477,0.00753454036796718
"types_mixed",1000,0.3,0,"BM","mcar",0.3,"gnn_on_full","bin","macroF1",200,0.442368196931098,0.00749047038033273
"types_mixed",100,0.7,0,"BM","mcar",0.3,"gnn_on_full","bin","macroF1",200,0.526864690144476,0.0136558025678476
"types_mixed",300,0.7,0,"BM","mcar",0.3,"gnn_on_full","bin","macroF1",200,0.608818169729334,0.0120889499244452
"types_mixed",1000,0.7,0,"BM","mcar",0.3,"gnn_on_full","bin","macroF1",200,0.63858246642003,0.0104694085596556
"types_mixed",100,1,0,"BM","mcar",0.3,"gnn_on_full","bin","macroF1",185,0.811166697578108,0.0171152302229643
"types_mixed",300,1,0,"BM","mcar",0.3,"gnn_on_full","bin","macroF1",186,0.91898746182186,0.0103668063686859
"types_mixed",1000,1,0,"BM","mcar",0.3,"gnn_on_full","bin","macroF1",191,0.963062268983968,0.00637001425510421
"types_mixed",100,0.3,0.5,"BM","mcar",0.3,"gnn_on_full","bin","macroF1",200,0.407579734199288,0.00802471075914904
"types_mixed",300,0.3,0.5,"BM","mcar",0.3,"gnn_on_full","bin","macroF1",200,0.414361147982024,0.00662553521823233
"types_mixed",1000,0.3,0.5,"BM","mcar",0.3,"gnn_on_full","bin","macroF1",200,0.438979382180067,0.00736063072554288
"types_mixed",100,0.7,0.5,"BM","mcar",0.3,"gnn_on_full","bin","macroF1",200,0.553731083834591,0.0134592917656752
"types_mixed",300,0.7,0.5,"BM","mcar",0.3,"gnn_on_full","bin","macroF1",200,0.590035939279801,0.0119387488741283
"types_mixed",1000,0.7,0.5,"BM","mcar",0.3,"gnn_on_full","bin","macroF1",200,0.6348087633209,0.0107491639224774
"types_mixed",100,1,0.5,"BM","mcar",0.3,"gnn_on_full","bin","macroF1",183,0.806258779132641,0.0164526249227115
"types_mixed",300,1,0.5,"BM","mcar",0.3,"gnn_on_full","bin","macroF1",185,0.932180519342058,0.00886755860414695
"types_mixed",1000,1,0.5,"BM","mcar",0.3,"gnn_on_full","bin","macroF1",193,0.954590978278334,0.0075491246569488
"types_mixed",100,0.3,0,"BM","mcar",0.3,"bace","cat3","macroF1",100,0.437419158399191,0.00957556338076784
"types_mixed",300,0.3,0,"BM","mcar",0.3,"bace","cat3","macroF1",100,0.453081321109933,0.0068501588296046
"types_mixed",1000,0.3,0,"BM","mcar",0.3,"bace","cat3","macroF1",100,0.459947012089396,0.00517439417661453
"types_mixed",100,0.7,0,"BM","mcar",0.3,"bace","cat3","macroF1",100,0.502596182724051,0.0128167493543019
"types_mixed",300,0.7,0,"BM","mcar",0.3,"bace","cat3","macroF1",100,0.537751411805073,0.00967802201623402
"types_mixed",1000,0.7,0,"BM","mcar",0.3,"bace","cat3","macroF1",100,0.534636264813056,0.0098450369796192
"types_mixed",100,1,0,"BM","mcar",0.3,"bace","cat3","macroF1",100,0.583733501357805,0.0302563443285499
"types_mixed",300,1,0,"BM","mcar",0.3,"bace","cat3","macroF1",100,0.556966566588477,0.0315597981209858
"types_mixed",1000,1,0,"BM","mcar",0.3,"bace","cat3","macroF1",93,0.641313616704402,0.033621158290924
"types_mixed",100,0.3,0.5,"BM","mcar",0.3,"bace","cat3","macroF1",100,0.453647229903644,0.0100349051865144
"types_mixed",300,0.3,0.5,"BM","mcar",0.3,"bace","cat3","macroF1",100,0.504758786142586,0.00602967727825512
"types_mixed",1000,0.3,0.5,"BM","mcar",0.3,"bace","cat3","macroF1",97,0.52562921892486,0.00428913363134226
"types_mixed",100,0.7,0.5,"BM","mcar",0.3,"bace","cat3","macroF1",97,0.548827659871512,0.0131913700525236
"types_mixed",300,0.7,0.5,"BM","mcar",0.3,"bace","cat3","macroF1",99,0.576284583013217,0.0107194767794758
"types_mixed",1000,0.7,0.5,"BM","mcar",0.3,"bace","cat3","macroF1",90,0.580222561881364,0.00993027929423467
"types_mixed",100,1,0.5,"BM","mcar",0.3,"bace","cat3","macroF1",100,0.548398837159465,0.0292934975902375
"types_mixed",300,1,0.5,"BM","mcar",0.3,"bace","cat3","macroF1",100,0.603331506803017,0.0306911856881022
"types_mixed",1000,1,0.5,"BM","mcar",0.3,"bace","cat3","macroF1",100,0.666973401334797,0.0324718443634124
"types_mixed",100,0.3,0,"BM","mcar",0.3,"floor","cat3","macroF1",200,0.198839655625019,0.00328746711195496
"types_mixed",300,0.3,0,"BM","mcar",0.3,"floor","cat3","macroF1",200,0.206132627031008,0.00258396563959535
"types_mixed",1000,0.3,0,"BM","mcar",0.3,"floor","cat3","macroF1",200,0.205248821975851,0.00203270268919006
"types_mixed",100,0.7,0,"BM","mcar",0.3,"floor","cat3","macroF1",200,0.237451907787604,0.0062657598407858
"types_mixed",300,0.7,0,"BM","mcar",0.3,"floor","cat3","macroF1",200,0.241965065983126,0.00462690396454319
"types_mixed",1000,0.7,0,"BM","mcar",0.3,"floor","cat3","macroF1",200,0.232872098901778,0.00306902280443197
"types_mixed",100,1,0,"BM","mcar",0.3,"floor","cat3","macroF1",200,0.299066165533232,0.0110344508790886
"types_mixed",300,1,0,"BM","mcar",0.3,"floor","cat3","macroF1",200,0.304064557052377,0.0103208302945205
"types_mixed",1000,1,0,"BM","mcar",0.3,"floor","cat3","macroF1",200,0.294206682487908,0.00875347615926703
"types_mixed",100,0.3,0.5,"BM","mcar",0.3,"floor","cat3","macroF1",200,0.197184377819036,0.00308685007922686
"types_mixed",300,0.3,0.5,"BM","mcar",0.3,"floor","cat3","macroF1",200,0.204213372260343,0.00251090507126011
"types_mixed",1000,0.3,0.5,"BM","mcar",0.3,"floor","cat3","macroF1",200,0.207520510324235,0.00200731365158306
"types_mixed",100,0.7,0.5,"BM","mcar",0.3,"floor","cat3","macroF1",200,0.241041344219975,0.00722437664391818
"types_mixed",300,0.7,0.5,"BM","mcar",0.3,"floor","cat3","macroF1",200,0.23710735665443,0.0036467856195776
"types_mixed",1000,0.7,0.5,"BM","mcar",0.3,"floor","cat3","macroF1",200,0.231294685497683,0.00271843131751434
"types_mixed",100,1,0.5,"BM","mcar",0.3,"floor","cat3","macroF1",200,0.315752050751819,0.0120538591359429
"types_mixed",300,1,0.5,"BM","mcar",0.3,"floor","cat3","macroF1",200,0.302619108452791,0.00952656665461639
"types_mixed",1000,1,0.5,"BM","mcar",0.3,"floor","cat3","macroF1",200,0.287994021680264,0.00921729073807512
"types_mixed",100,0.3,0,"BM","mcar",0.3,"freq","cat3","macroF1",200,0.325551033584065,0.00705281239159033
"types_mixed",300,0.3,0,"BM","mcar",0.3,"freq","cat3","macroF1",200,0.341981051659985,0.00457259210990741
"types_mixed",1000,0.3,0,"BM","mcar",0.3,"freq","cat3","macroF1",200,0.334346819049913,0.00291129975280624
"types_mixed",100,0.7,0,"BM","mcar",0.3,"freq","cat3","macroF1",200,0.450488883357935,0.0117511745275088
"types_mixed",300,0.7,0,"BM","mcar",0.3,"freq","cat3","macroF1",200,0.442940861690392,0.00894605313944468
"types_mixed",1000,0.7,0,"BM","mcar",0.3,"freq","cat3","macroF1",200,0.435436144513788,0.0083678465241777
"types_mixed",100,1,0,"BM","mcar",0.3,"freq","cat3","macroF1",200,0.831335672270428,0.0135066816990754
"types_mixed",300,1,0,"BM","mcar",0.3,"freq","cat3","macroF1",200,0.866190446644993,0.012704767277857
"types_mixed",1000,1,0,"BM","mcar",0.3,"freq","cat3","macroF1",200,0.923836832423173,0.0105406070360579
"types_mixed",100,0.3,0.5,"BM","mcar",0.3,"freq","cat3","macroF1",200,0.345781591790786,0.00712085873224762
"types_mixed",300,0.3,0.5,"BM","mcar",0.3,"freq","cat3","macroF1",200,0.333729297813018,0.00434949218470772
"types_mixed",1000,0.3,0.5,"BM","mcar",0.3,"freq","cat3","macroF1",200,0.334253672189441,0.00279671449147217
"types_mixed",100,0.7,0.5,"BM","mcar",0.3,"freq","cat3","macroF1",200,0.448620848231908,0.0119267466667569
"types_mixed",300,0.7,0.5,"BM","mcar",0.3,"freq","cat3","macroF1",200,0.435815326235467,0.00880230093775185
"types_mixed",1000,0.7,0.5,"BM","mcar",0.3,"freq","cat3","macroF1",200,0.432455944743479,0.00840045045816726
"types_mixed",100,1,0.5,"BM","mcar",0.3,"freq","cat3","macroF1",200,0.827837999313537,0.0134420689347866
"types_mixed",300,1,0.5,"BM","mcar",0.3,"freq","cat3","macroF1",200,0.876381816402425,0.0127492822924968
"types_mixed",1000,1,0.5,"BM","mcar",0.3,"freq","cat3","macroF1",200,0.940723285549007,0.00786904155742497
"types_mixed",100,0.3,0,"BM","mcar",0.3,"freq_lambda","cat3","macroF1",200,0.333918177766631,0.00706896805205924
"types_mixed",300,0.3,0,"BM","mcar",0.3,"freq_lambda","cat3","macroF1",200,0.342545010492436,0.00444900495178182
"types_mixed",1000,0.3,0,"BM","mcar",0.3,"freq_lambda","cat3","macroF1",200,0.333770668534618,0.00297606865902972
"types_mixed",100,0.7,0,"BM","mcar",0.3,"freq_lambda","cat3","macroF1",200,0.460901031202651,0.0115272775828113
"types_mixed",300,0.7,0,"BM","mcar",0.3,"freq_lambda","cat3","macroF1",200,0.444436503223857,0.00899153910457006
"types_mixed",1000,0.7,0,"BM","mcar",0.3,"freq_lambda","cat3","macroF1",200,0.432574814335435,0.00854499371176592
"types_mixed",100,1,0,"BM","mcar",0.3,"freq_lambda","cat3","macroF1",200,0.831138565455674,0.0134983697587287
"types_mixed",300,1,0,"BM","mcar",0.3,"freq_lambda","cat3","macroF1",200,0.866066154723968,0.0127005116944399
"types_mixed",1000,1,0,"BM","mcar",0.3,"freq_lambda","cat3","macroF1",200,0.923866797917324,0.0105409877881903
"types_mixed",100,0.3,0.5,"BM","mcar",0.3,"freq_lambda","cat3","macroF1",200,0.330993305780666,0.0071863355997434
"types_mixed",300,0.3,0.5,"BM","mcar",0.3,"freq_lambda","cat3","macroF1",200,0.332868595104324,0.00386839982799799
"types_mixed",1000,0.3,0.5,"BM","mcar",0.3,"freq_lambda","cat3","macroF1",200,0.330541965710973,0.00304719949041623
"types_mixed",100,0.7,0.5,"BM","mcar",0.3,"freq_lambda","cat3","macroF1",200,0.456020610127811,0.011836328557617
"types_mixed",300,0.7,0.5,"BM","mcar",0.3,"freq_lambda","cat3","macroF1",200,0.436852879936197,0.00877432932840928
"types_mixed",1000,0.7,0.5,"BM","mcar",0.3,"freq_lambda","cat3","macroF1",200,0.432410530234991,0.00837706725617383
"types_mixed",100,1,0.5,"BM","mcar",0.3,"freq_lambda","cat3","macroF1",200,0.827639197570617,0.0134452040148784
"types_mixed",300,1,0.5,"BM","mcar",0.3,"freq_lambda","cat3","macroF1",200,0.876493051107653,0.0127488474016211
"types_mixed",1000,1,0.5,"BM","mcar",0.3,"freq_lambda","cat3","macroF1",200,0.940723285549007,0.00786904155742497
"types_mixed",100,0.3,0,"BM","mcar",0.3,"gnn_off","cat3","macroF1",200,0.223368133778943,0.00596165550913359
"types_mixed",300,0.3,0,"BM","mcar",0.3,"gnn_off","cat3","macroF1",200,0.237457046918268,0.00625787416496479
"types_mixed",1000,0.3,0,"BM","mcar",0.3,"gnn_off","cat3","macroF1",200,0.241000071049518,0.00607299338015754
"types_mixed",100,0.7,0,"BM","mcar",0.3,"gnn_off","cat3","macroF1",200,0.366936535962608,0.0126280358744254
"types_mixed",300,0.7,0,"BM","mcar",0.3,"gnn_off","cat3","macroF1",200,0.386642158924994,0.0113316539502795
"types_mixed",1000,0.7,0,"BM","mcar",0.3,"gnn_off","cat3","macroF1",200,0.426609362207293,0.0102095722365883
"types_mixed",100,1,0,"BM","mcar",0.3,"gnn_off","cat3","macroF1",200,0.79749637463632,0.0163767227737599
"types_mixed",300,1,0,"BM","mcar",0.3,"gnn_off","cat3","macroF1",200,0.886533910668526,0.0102667337893841
"types_mixed",1000,1,0,"BM","mcar",0.3,"gnn_off","cat3","macroF1",200,0.946884103237378,0.00573564411372619
"types_mixed",100,0.3,0.5,"BM","mcar",0.3,"gnn_off","cat3","macroF1",200,0.232704310396426,0.00712955973172234
"types_mixed",300,0.3,0.5,"BM","mcar",0.3,"gnn_off","cat3","macroF1",200,0.241102739814301,0.00653242604900574
"types_mixed",1000,0.3,0.5,"BM","mcar",0.3,"gnn_off","cat3","macroF1",200,0.252676384599597,0.00651382067457439
"types_mixed",100,0.7,0.5,"BM","mcar",0.3,"gnn_off","cat3","macroF1",200,0.379555295569728,0.0138601104744934
"types_mixed",300,0.7,0.5,"BM","mcar",0.3,"gnn_off","cat3","macroF1",200,0.398885875473912,0.0110996018475209
"types_mixed",1000,0.7,0.5,"BM","mcar",0.3,"gnn_off","cat3","macroF1",200,0.423932601254156,0.0103137079569087
"types_mixed",100,1,0.5,"BM","mcar",0.3,"gnn_off","cat3","macroF1",200,0.801081336297516,0.0156165465051441
"types_mixed",300,1,0.5,"BM","mcar",0.3,"gnn_off","cat3","macroF1",200,0.908983059814685,0.00855376775992187
"types_mixed",1000,1,0.5,"BM","mcar",0.3,"gnn_off","cat3","macroF1",200,0.954476730693142,0.00368969573952609
"types_mixed",100,0.3,0,"BM","mcar",0.3,"gnn_off_rphylopars","cat3","macroF1",200,0.223898056987402,0.00591852680557696
"types_mixed",300,0.3,0,"BM","mcar",0.3,"gnn_off_rphylopars","cat3","macroF1",200,0.235127841826083,0.00594423398846167
"types_mixed",1000,0.3,0,"BM","mcar",0.3,"gnn_off_rphylopars","cat3","macroF1",200,0.232748245723732,0.00547230573468018
"types_mixed",100,0.7,0,"BM","mcar",0.3,"gnn_off_rphylopars","cat3","macroF1",200,0.342329357769692,0.0115461658309197
"types_mixed",300,0.7,0,"BM","mcar",0.3,"gnn_off_rphylopars","cat3","macroF1",200,0.365616099737362,0.0105364737613579
"types_mixed",1000,0.7,0,"BM","mcar",0.3,"gnn_off_rphylopars","cat3","macroF1",200,0.393724646991328,0.0103571451738369
"types_mixed",100,1,0,"BM","mcar",0.3,"gnn_off_rphylopars","cat3","macroF1",200,0.789471363700277,0.0162902790143712
"types_mixed",300,1,0,"BM","mcar",0.3,"gnn_off_rphylopars","cat3","macroF1",200,0.882631962858303,0.0106748649003636
"types_mixed",1000,1,0,"BM","mcar",0.3,"gnn_off_rphylopars","cat3","macroF1",200,0.944538128580688,0.00616892523640269
"types_mixed",100,0.3,0.5,"BM","mcar",0.3,"gnn_off_rphylopars","cat3","macroF1",200,0.228853043238453,0.006692503369546
"types_mixed",300,0.3,0.5,"BM","mcar",0.3,"gnn_off_rphylopars","cat3","macroF1",200,0.243708177386122,0.00677174078270261
"types_mixed",1000,0.3,0.5,"BM","mcar",0.3,"gnn_off_rphylopars","cat3","macroF1",200,0.264054506788349,0.00732004291082002
"types_mixed",100,0.7,0.5,"BM","mcar",0.3,"gnn_off_rphylopars","cat3","macroF1",200,0.360566443624853,0.0132173403532426
"types_mixed",300,0.7,0.5,"BM","mcar",0.3,"gnn_off_rphylopars","cat3","macroF1",200,0.389310532280372,0.0106116756148057
"types_mixed",1000,0.7,0.5,"BM","mcar",0.3,"gnn_off_rphylopars","cat3","macroF1",200,0.420090276935312,0.0101600181831251
"types_mixed",100,1,0.5,"BM","mcar",0.3,"gnn_off_rphylopars","cat3","macroF1",200,0.78437290891023,0.0161686887119934
"types_mixed",300,1,0.5,"BM","mcar",0.3,"gnn_off_rphylopars","cat3","macroF1",200,0.908304125311192,0.00857800237738569
"types_mixed",1000,1,0.5,"BM","mcar",0.3,"gnn_off_rphylopars","cat3","macroF1",200,0.953759629249165,0.00372158145771084
"types_mixed",100,0.3,0,"BM","mcar",0.3,"gnn_on","cat3","macroF1",200,0.225852662419215,0.00619057916935427
"types_mixed",300,0.3,0,"BM","mcar",0.3,"gnn_on","cat3","macroF1",200,0.239578313617043,0.00634079005003787
"types_mixed",1000,0.3,0,"BM","mcar",0.3,"gnn_on","cat3","macroF1",200,0.24135411161322,0.00595885798335455
"types_mixed",100,0.7,0,"BM","mcar",0.3,"gnn_on","cat3","macroF1",200,0.360220078392041,0.0119744958755406
"types_mixed",300,0.7,0,"BM","mcar",0.3,"gnn_on","cat3","macroF1",200,0.38988884150098,0.0111162265878226
"types_mixed",1000,0.7,0,"BM","mcar",0.3,"gnn_on","cat3","macroF1",200,0.426841078518809,0.00991501704455429
"types_mixed",100,1,0,"BM","mcar",0.3,"gnn_on","cat3","macroF1",200,0.749450334147167,0.0177036299141163
"types_mixed",300,1,0,"BM","mcar",0.3,"gnn_on","cat3","macroF1",200,0.834644292699984,0.014045174743672
"types_mixed",1000,1,0,"BM","mcar",0.3,"gnn_on","cat3","macroF1",200,0.913320840322873,0.0112468394376142
"types_mixed",100,0.3,0.5,"BM","mcar",0.3,"gnn_on","cat3","macroF1",200,0.236282457595857,0.00741487753456468
"types_mixed",300,0.3,0.5,"BM","mcar",0.3,"gnn_on","cat3","macroF1",200,0.241260558035005,0.00666344099387928
"types_mixed",1000,0.3,0.5,"BM","mcar",0.3,"gnn_on","cat3","macroF1",200,0.252277789470361,0.006468771570714
"types_mixed",100,0.7,0.5,"BM","mcar",0.3,"gnn_on","cat3","macroF1",200,0.382754694303258,0.0138121165831605
"types_mixed",300,0.7,0.5,"BM","mcar",0.3,"gnn_on","cat3","macroF1",200,0.399868331043896,0.0109129478298907
"types_mixed",1000,0.7,0.5,"BM","mcar",0.3,"gnn_on","cat3","macroF1",200,0.427479217303569,0.0100367375490531
"types_mixed",100,1,0.5,"BM","mcar",0.3,"gnn_on","cat3","macroF1",200,0.732875209121429,0.0173444036571543
"types_mixed",300,1,0.5,"BM","mcar",0.3,"gnn_on","cat3","macroF1",200,0.859781787109618,0.0136502959648962
"types_mixed",1000,1,0.5,"BM","mcar",0.3,"gnn_on","cat3","macroF1",200,0.93317776966801,0.00815133899912058
"types_mixed",100,0.3,0,"BM","mcar",0.3,"gnn_on_full","cat3","macroF1",200,0.224994558137403,0.00605088043660041
"types_mixed",300,0.3,0,"BM","mcar",0.3,"gnn_on_full","cat3","macroF1",200,0.240449221976678,0.0063651950523255
"types_mixed",1000,0.3,0,"BM","mcar",0.3,"gnn_on_full","cat3","macroF1",200,0.241861270777684,0.00609045343010663
"types_mixed",100,0.7,0,"BM","mcar",0.3,"gnn_on_full","cat3","macroF1",200,0.366982153014271,0.0124933792798733
"types_mixed",300,0.7,0,"BM","mcar",0.3,"gnn_on_full","cat3","macroF1",200,0.392239709286707,0.0112287604703835
"types_mixed",1000,0.7,0,"BM","mcar",0.3,"gnn_on_full","cat3","macroF1",200,0.426441181968949,0.0101254893364723
"types_mixed",100,1,0,"BM","mcar",0.3,"gnn_on_full","cat3","macroF1",185,0.79504213997361,0.0168043641715872
"types_mixed",300,1,0,"BM","mcar",0.3,"gnn_on_full","cat3","macroF1",186,0.883494666070335,0.0107180669884992
"types_mixed",1000,1,0,"BM","mcar",0.3,"gnn_on_full","cat3","macroF1",191,0.947384021759525,0.00577946319336793
"types_mixed",100,0.3,0.5,"BM","mcar",0.3,"gnn_on_full","cat3","macroF1",200,0.237244645529717,0.00756043945548304
"types_mixed",300,0.3,0.5,"BM","mcar",0.3,"gnn_on_full","cat3","macroF1",200,0.23983411398077,0.00649455215376035
"types_mixed",1000,0.3,0.5,"BM","mcar",0.3,"gnn_on_full","cat3","macroF1",200,0.252682033059018,0.00653628220748749
"types_mixed",100,0.7,0.5,"BM","mcar",0.3,"gnn_on_full","cat3","macroF1",200,0.383178016042878,0.0139224535544789
"types_mixed",300,0.7,0.5,"BM","mcar",0.3,"gnn_on_full","cat3","macroF1",200,0.400440121612787,0.0110218362499641
"types_mixed",1000,0.7,0.5,"BM","mcar",0.3,"gnn_on_full","cat3","macroF1",200,0.427988463372231,0.0100716863335063
"types_mixed",100,1,0.5,"BM","mcar",0.3,"gnn_on_full","cat3","macroF1",183,0.791491477438074,0.0165581131970017
"types_mixed",300,1,0.5,"BM","mcar",0.3,"gnn_on_full","cat3","macroF1",185,0.90877928482453,0.00897289741444681
"types_mixed",1000,1,0.5,"BM","mcar",0.3,"gnn_on_full","cat3","macroF1",193,0.953563856528022,0.00379466110860039
"types_mixed",100,0.3,0,"BM","mcar",0.3,"bace","ord","macroF1",100,0.307732719204667,0.00876480422666142
"types_mixed",300,0.3,0,"BM","mcar",0.3,"bace","ord","macroF1",100,0.366422410820195,0.00662288427068483
"types_mixed",1000,0.3,0,"BM","mcar",0.3,"bace","ord","macroF1",100,0.38031746829785,0.00493000634421443
"types_mixed",100,0.7,0,"BM","mcar",0.3,"bace","ord","macroF1",100,0.399126786870912,0.0124641068396693
"types_mixed",300,0.7,0,"BM","mcar",0.3,"bace","ord","macroF1",100,0.457763107366773,0.00943282951362565
"types_mixed",1000,0.7,0,"BM","mcar",0.3,"bace","ord","macroF1",100,0.470486519388293,0.00859269481713201
"types_mixed",100,1,0,"BM","mcar",0.3,"bace","ord","macroF1",100,0.514273216687288,0.0288159142231912
"types_mixed",300,1,0,"BM","mcar",0.3,"bace","ord","macroF1",100,0.482991879776537,0.0315063083086937
"types_mixed",1000,1,0,"BM","mcar",0.3,"bace","ord","macroF1",93,0.595869831443444,0.0367459719045855
"types_mixed",100,0.3,0.5,"BM","mcar",0.3,"bace","ord","macroF1",100,0.349391535842845,0.00810370961871588
"types_mixed",300,0.3,0.5,"BM","mcar",0.3,"bace","ord","macroF1",100,0.412760094894137,0.00653293951647347
"types_mixed",1000,0.3,0.5,"BM","mcar",0.3,"bace","ord","macroF1",97,0.435808563562302,0.00437194617702767
"types_mixed",100,0.7,0.5,"BM","mcar",0.3,"bace","ord","macroF1",97,0.436625860094843,0.0140673606554173
"types_mixed",300,0.7,0.5,"BM","mcar",0.3,"bace","ord","macroF1",99,0.502480792238385,0.00945557002650726
"types_mixed",1000,0.7,0.5,"BM","mcar",0.3,"bace","ord","macroF1",90,0.521331818506644,0.00928517739577485
"types_mixed",100,1,0.5,"BM","mcar",0.3,"bace","ord","macroF1",100,0.46787995700058,0.0275840800576154
"types_mixed",300,1,0.5,"BM","mcar",0.3,"bace","ord","macroF1",100,0.5692442960414,0.0323726524943167
"types_mixed",1000,1,0.5,"BM","mcar",0.3,"bace","ord","macroF1",100,0.641932154088763,0.0329823400716307
"types_mixed",100,0.3,0,"BM","mcar",0.3,"floor","ord","macroF1",200,0.12785403745705,0.00267891953767596
"types_mixed",300,0.3,0,"BM","mcar",0.3,"floor","ord","macroF1",200,0.129393765723783,0.00182594695033357
"types_mixed",1000,0.3,0,"BM","mcar",0.3,"floor","ord","macroF1",200,0.130260647711471,0.00156183976960182
"types_mixed",100,0.7,0,"BM","mcar",0.3,"floor","ord","macroF1",200,0.162404136666575,0.00432023857876529
"types_mixed",300,0.7,0,"BM","mcar",0.3,"floor","ord","macroF1",200,0.148438781306436,0.00284253151972674
"types_mixed",1000,0.7,0,"BM","mcar",0.3,"floor","ord","macroF1",200,0.153811471657666,0.00240411895708078
"types_mixed",100,1,0,"BM","mcar",0.3,"floor","ord","macroF1",200,0.228963749055023,0.00873458114819666
"types_mixed",300,1,0,"BM","mcar",0.3,"floor","ord","macroF1",200,0.211559075710481,0.00675692375840973
"types_mixed",1000,1,0,"BM","mcar",0.3,"floor","ord","macroF1",200,0.212440183917988,0.00793930677034823
"types_mixed",100,0.3,0.5,"BM","mcar",0.3,"floor","ord","macroF1",200,0.124255952057565,0.00245660402677155
"types_mixed",300,0.3,0.5,"BM","mcar",0.3,"floor","ord","macroF1",200,0.123159329472337,0.00171144053071987
"types_mixed",1000,0.3,0.5,"BM","mcar",0.3,"floor","ord","macroF1",200,0.13278455907173,0.00164362353340584
"types_mixed",100,0.7,0.5,"BM","mcar",0.3,"floor","ord","macroF1",200,0.157730177774686,0.00431969860580077
"types_mixed",300,0.7,0.5,"BM","mcar",0.3,"floor","ord","macroF1",200,0.145868786007863,0.00234746632162892
"types_mixed",1000,0.7,0.5,"BM","mcar",0.3,"floor","ord","macroF1",200,0.154633114760437,0.00243772555021267
"types_mixed",100,1,0.5,"BM","mcar",0.3,"floor","ord","macroF1",200,0.224694456555798,0.00696399197386538
"types_mixed",300,1,0.5,"BM","mcar",0.3,"floor","ord","macroF1",200,0.212400963089831,0.0070558739053029
"types_mixed",1000,1,0.5,"BM","mcar",0.3,"floor","ord","macroF1",200,0.214003077208915,0.00796629088222979
"types_mixed",100,0.3,0,"BM","mcar",0.3,"freq","ord","macroF1",200,0.161270234440521,0.00561996983137501
"types_mixed",300,0.3,0,"BM","mcar",0.3,"freq","ord","macroF1",200,0.143611388527219,0.0032259278579608
"types_mixed",1000,0.3,0,"BM","mcar",0.3,"freq","ord","macroF1",200,0.137402088841666,0.002806242824702
"types_mixed",100,0.7,0,"BM","mcar",0.3,"freq","ord","macroF1",200,0.290176655786658,0.0107824096101334
"types_mixed",300,0.7,0,"BM","mcar",0.3,"freq","ord","macroF1",200,0.280652414817084,0.00961346928513673
"types_mixed",1000,0.7,0,"BM","mcar",0.3,"freq","ord","macroF1",200,0.280320946972395,0.00980111879533878
"types_mixed",100,1,0,"BM","mcar",0.3,"freq","ord","macroF1",200,0.771363091124059,0.0143796279246722
"types_mixed",300,1,0,"BM","mcar",0.3,"freq","ord","macroF1",200,0.844694471849078,0.0132242526061073
"types_mixed",1000,1,0,"BM","mcar",0.3,"freq","ord","macroF1",200,0.900143595649116,0.0120995739373513
"types_mixed",100,0.3,0.5,"BM","mcar",0.3,"freq","ord","macroF1",200,0.153193460268569,0.00485913632205104
"types_mixed",300,0.3,0.5,"BM","mcar",0.3,"freq","ord","macroF1",200,0.138691239295622,0.00317104929730681
"types_mixed",1000,0.3,0.5,"BM","mcar",0.3,"freq","ord","macroF1",200,0.138964156367777,0.00247950824407543
"types_mixed",100,0.7,0.5,"BM","mcar",0.3,"freq","ord","macroF1",200,0.288094896021435,0.0112551254387072
"types_mixed",300,0.7,0.5,"BM","mcar",0.3,"freq","ord","macroF1",200,0.262782378372986,0.00974465527526952
"types_mixed",1000,0.7,0.5,"BM","mcar",0.3,"freq","ord","macroF1",200,0.271260762323997,0.0101059865128317
"types_mixed",100,1,0.5,"BM","mcar",0.3,"freq","ord","macroF1",200,0.753242429037952,0.0156962706228199
"types_mixed",300,1,0.5,"BM","mcar",0.3,"freq","ord","macroF1",200,0.838399686903397,0.013761128745696
"types_mixed",1000,1,0.5,"BM","mcar",0.3,"freq","ord","macroF1",200,0.911110883203797,0.00946003320756364
"types_mixed",100,0.3,0,"BM","mcar",0.3,"freq_lambda","ord","macroF1",200,0.16201071839258,0.00560088956428203
"types_mixed",300,0.3,0,"BM","mcar",0.3,"freq_lambda","ord","macroF1",200,0.142891617536206,0.00311018922196291
"types_mixed",1000,0.3,0,"BM","mcar",0.3,"freq_lambda","ord","macroF1",200,0.137417613581023,0.00280255677941169
"types_mixed",100,0.7,0,"BM","mcar",0.3,"freq_lambda","ord","macroF1",200,0.287653255610493,0.0108387073833447
"types_mixed",300,0.7,0,"BM","mcar",0.3,"freq_lambda","ord","macroF1",200,0.28131444048718,0.00951062474513645
"types_mixed",1000,0.7,0,"BM","mcar",0.3,"freq_lambda","ord","macroF1",200,0.280852673339214,0.00978365420799881
"types_mixed",100,1,0,"BM","mcar",0.3,"freq_lambda","ord","macroF1",200,0.771318899204867,0.0143833103806016
"types_mixed",300,1,0,"BM","mcar",0.3,"freq_lambda","ord","macroF1",200,0.844732839988952,0.0132196560577324
"types_mixed",1000,1,0,"BM","mcar",0.3,"freq_lambda","ord","macroF1",200,0.900502480704694,0.0121085504777343
"types_mixed",100,0.3,0.5,"BM","mcar",0.3,"freq_lambda","ord","macroF1",200,0.15329169182244,0.00488199890498428
"types_mixed",300,0.3,0.5,"BM","mcar",0.3,"freq_lambda","ord","macroF1",200,0.13953513574411,0.00328709446184772
"types_mixed",1000,0.3,0.5,"BM","mcar",0.3,"freq_lambda","ord","macroF1",200,0.138467225757658,0.00246620988966732
"types_mixed",100,0.7,0.5,"BM","mcar",0.3,"freq_lambda","ord","macroF1",200,0.291260605313709,0.0111149039728284
"types_mixed",300,0.7,0.5,"BM","mcar",0.3,"freq_lambda","ord","macroF1",200,0.261960706178725,0.00975972823479945
"types_mixed",1000,0.7,0.5,"BM","mcar",0.3,"freq_lambda","ord","macroF1",200,0.271836395696102,0.0100700023848884
"types_mixed",100,1,0.5,"BM","mcar",0.3,"freq_lambda","ord","macroF1",200,0.748409168900344,0.0159099222698769
"types_mixed",300,1,0.5,"BM","mcar",0.3,"freq_lambda","ord","macroF1",200,0.837825419773396,0.0138570166959363
"types_mixed",1000,1,0.5,"BM","mcar",0.3,"freq_lambda","ord","macroF1",200,0.910385737004967,0.00945358398548546
"types_mixed",100,0.3,0,"BM","mcar",0.3,"gnn_off","ord","macroF1",200,0.164024223925411,0.00698196578547398
"types_mixed",300,0.3,0,"BM","mcar",0.3,"gnn_off","ord","macroF1",200,0.173996088941636,0.00663624566258326
"types_mixed",1000,0.3,0,"BM","mcar",0.3,"gnn_off","ord","macroF1",200,0.16023389584177,0.00512249791112017
"types_mixed",100,0.7,0,"BM","mcar",0.3,"gnn_off","ord","macroF1",200,0.337165489640736,0.0101421776121
"types_mixed",300,0.7,0,"BM","mcar",0.3,"gnn_off","ord","macroF1",200,0.364148521747045,0.0081908662534395
"types_mixed",1000,0.7,0,"BM","mcar",0.3,"gnn_off","ord","macroF1",200,0.364901774764949,0.00755663172659367
"types_mixed",100,1,0,"BM","mcar",0.3,"gnn_off","ord","macroF1",200,0.816761100390033,0.00973985433123643
"types_mixed",300,1,0,"BM","mcar",0.3,"gnn_off","ord","macroF1",200,0.890856102573895,0.00555340958669099
"types_mixed",1000,1,0,"BM","mcar",0.3,"gnn_off","ord","macroF1",200,0.936487078974477,0.0044942544272934
"types_mixed",100,0.3,0.5,"BM","mcar",0.3,"gnn_off","ord","macroF1",200,0.173459612190853,0.00725806287314749
"types_mixed",300,0.3,0.5,"BM","mcar",0.3,"gnn_off","ord","macroF1",200,0.172180304164202,0.00653792872586647
"types_mixed",1000,0.3,0.5,"BM","mcar",0.3,"gnn_off","ord","macroF1",200,0.160257582854699,0.00558817831410737
"types_mixed",100,0.7,0.5,"BM","mcar",0.3,"gnn_off","ord","macroF1",200,0.34574138924326,0.010467498806604
"types_mixed",300,0.7,0.5,"BM","mcar",0.3,"gnn_off","ord","macroF1",200,0.347657829351066,0.00868550996951219
"types_mixed",1000,0.7,0.5,"BM","mcar",0.3,"gnn_off","ord","macroF1",200,0.362236353259352,0.00778703574097815
"types_mixed",100,1,0.5,"BM","mcar",0.3,"gnn_off","ord","macroF1",200,0.817681791734054,0.0107658469536611
"types_mixed",300,1,0.5,"BM","mcar",0.3,"gnn_off","ord","macroF1",200,0.893609473987048,0.00560588351979246
"types_mixed",1000,1,0.5,"BM","mcar",0.3,"gnn_off","ord","macroF1",200,0.932976937812567,0.00445685118319891
"types_mixed",100,0.3,0,"BM","mcar",0.3,"gnn_off_rphylopars","ord","macroF1",200,0.181135175718021,0.00836770342942615
"types_mixed",300,0.3,0,"BM","mcar",0.3,"gnn_off_rphylopars","ord","macroF1",200,0.180238554596782,0.0070694815998589
"types_mixed",1000,0.3,0,"BM","mcar",0.3,"gnn_off_rphylopars","ord","macroF1",200,0.165848649231331,0.00553296591091105
"types_mixed",100,0.7,0,"BM","mcar",0.3,"gnn_off_rphylopars","ord","macroF1",200,0.329502069042798,0.0103895840960658
"types_mixed",300,0.7,0,"BM","mcar",0.3,"gnn_off_rphylopars","ord","macroF1",200,0.359232330177614,0.00771591750324505
"types_mixed",1000,0.7,0,"BM","mcar",0.3,"gnn_off_rphylopars","ord","macroF1",200,0.362661747108621,0.00709037253595116
"types_mixed",100,1,0,"BM","mcar",0.3,"gnn_off_rphylopars","ord","macroF1",200,0.811380160796217,0.00974409407721759
"types_mixed",300,1,0,"BM","mcar",0.3,"gnn_off_rphylopars","ord","macroF1",200,0.889400812983652,0.0054761294079719
"types_mixed",1000,1,0,"BM","mcar",0.3,"gnn_off_rphylopars","ord","macroF1",200,0.936735029200111,0.00443663023046771
"types_mixed",100,0.3,0.5,"BM","mcar",0.3,"gnn_off_rphylopars","ord","macroF1",200,0.191264786195436,0.00876168690246552
"types_mixed",300,0.3,0.5,"BM","mcar",0.3,"gnn_off_rphylopars","ord","macroF1",200,0.191331930065856,0.00800048200283156
"types_mixed",1000,0.3,0.5,"BM","mcar",0.3,"gnn_off_rphylopars","ord","macroF1",200,0.175231984149393,0.00691029234690141
"types_mixed",100,0.7,0.5,"BM","mcar",0.3,"gnn_off_rphylopars","ord","macroF1",200,0.354713572598404,0.0102264355798599
"types_mixed",300,0.7,0.5,"BM","mcar",0.3,"gnn_off_rphylopars","ord","macroF1",200,0.366532697757679,0.00868081721558641
"types_mixed",1000,0.7,0.5,"BM","mcar",0.3,"gnn_off_rphylopars","ord","macroF1",200,0.383804467808321,0.00774721157516077
"types_mixed",100,1,0.5,"BM","mcar",0.3,"gnn_off_rphylopars","ord","macroF1",200,0.817367665716588,0.0106070690543111
"types_mixed",300,1,0.5,"BM","mcar",0.3,"gnn_off_rphylopars","ord","macroF1",200,0.895158679196135,0.0053973227685304
"types_mixed",1000,1,0.5,"BM","mcar",0.3,"gnn_off_rphylopars","ord","macroF1",200,0.933816895754346,0.0043999759767712
"types_mixed",100,0.3,0,"BM","mcar",0.3,"gnn_on","ord","macroF1",200,0.155768472475088,0.00665572560077323
"types_mixed",300,0.3,0,"BM","mcar",0.3,"gnn_on","ord","macroF1",200,0.158326176305713,0.00570613095020284
"types_mixed",1000,0.3,0,"BM","mcar",0.3,"gnn_on","ord","macroF1",200,0.147759003699213,0.00434166291637892
"types_mixed",100,0.7,0,"BM","mcar",0.3,"gnn_on","ord","macroF1",200,0.317087547791935,0.0110707845367148
"types_mixed",300,0.7,0,"BM","mcar",0.3,"gnn_on","ord","macroF1",200,0.329880099074125,0.00898386109679866
"types_mixed",1000,0.7,0,"BM","mcar",0.3,"gnn_on","ord","macroF1",200,0.3375190415549,0.0081833120879658
"types_mixed",100,1,0,"BM","mcar",0.3,"gnn_on","ord","macroF1",200,0.748311414705521,0.0141837143916854
"types_mixed",300,1,0,"BM","mcar",0.3,"gnn_on","ord","macroF1",200,0.831439904251292,0.0126072038578824
"types_mixed",1000,1,0,"BM","mcar",0.3,"gnn_on","ord","macroF1",200,0.895875009504998,0.0119285487357778
"types_mixed",100,0.3,0.5,"BM","mcar",0.3,"gnn_on","ord","macroF1",200,0.162634701291895,0.00717777113384881
"types_mixed",300,0.3,0.5,"BM","mcar",0.3,"gnn_on","ord","macroF1",200,0.171746636331998,0.00651218052643661
"types_mixed",1000,0.3,0.5,"BM","mcar",0.3,"gnn_on","ord","macroF1",200,0.169420969343828,0.0052445098464721
"types_mixed",100,0.7,0.5,"BM","mcar",0.3,"gnn_on","ord","macroF1",200,0.328387140621603,0.0107819573546527
"types_mixed",300,0.7,0.5,"BM","mcar",0.3,"gnn_on","ord","macroF1",200,0.339814037348669,0.00871552771050734
"types_mixed",1000,0.7,0.5,"BM","mcar",0.3,"gnn_on","ord","macroF1",200,0.353496761402657,0.00767184114642533
"types_mixed",100,1,0.5,"BM","mcar",0.3,"gnn_on","ord","macroF1",200,0.73749857619939,0.0149344065689355
"types_mixed",300,1,0.5,"BM","mcar",0.3,"gnn_on","ord","macroF1",200,0.838759072740117,0.012787719955467
"types_mixed",1000,1,0.5,"BM","mcar",0.3,"gnn_on","ord","macroF1",200,0.902106681800977,0.0095571445092799
"types_mixed",100,0.3,0,"BM","mcar",0.3,"gnn_on_full","ord","macroF1",200,0.164599122749089,0.0069105933581631
"types_mixed",300,0.3,0,"BM","mcar",0.3,"gnn_on_full","ord","macroF1",200,0.181579158204306,0.00688395982389593
"types_mixed",1000,0.3,0,"BM","mcar",0.3,"gnn_on_full","ord","macroF1",200,0.174235989527153,0.00557035883256907
"types_mixed",100,0.7,0,"BM","mcar",0.3,"gnn_on_full","ord","macroF1",200,0.345375095819369,0.0102100194051823
"types_mixed",300,0.7,0,"BM","mcar",0.3,"gnn_on_full","ord","macroF1",200,0.369573931208222,0.00824520817665085
"types_mixed",1000,0.7,0,"BM","mcar",0.3,"gnn_on_full","ord","macroF1",200,0.375118073854017,0.0073436078533367
"types_mixed",100,1,0,"BM","mcar",0.3,"gnn_on_full","ord","macroF1",185,0.817762751212656,0.0099059812643237
"types_mixed",300,1,0,"BM","mcar",0.3,"gnn_on_full","ord","macroF1",186,0.88977440457785,0.00578894103083446
"types_mixed",1000,1,0,"BM","mcar",0.3,"gnn_on_full","ord","macroF1",191,0.935573340437761,0.00481499814382212
"types_mixed",100,0.3,0.5,"BM","mcar",0.3,"gnn_on_full","ord","macroF1",200,0.180649635800564,0.00774617839573757
"types_mixed",300,0.3,0.5,"BM","mcar",0.3,"gnn_on_full","ord","macroF1",200,0.18648003441441,0.00719293035167969
"types_mixed",1000,0.3,0.5,"BM","mcar",0.3,"gnn_on_full","ord","macroF1",200,0.188934268325801,0.00640150080579267
"types_mixed",100,0.7,0.5,"BM","mcar",0.3,"gnn_on_full","ord","macroF1",200,0.361011346090987,0.0105425855780531
"types_mixed",300,0.7,0.5,"BM","mcar",0.3,"gnn_on_full","ord","macroF1",200,0.365894081395072,0.00800920573863742
"types_mixed",1000,0.7,0.5,"BM","mcar",0.3,"gnn_on_full","ord","macroF1",200,0.383619022581343,0.00687795783695556
"types_mixed",100,1,0.5,"BM","mcar",0.3,"gnn_on_full","ord","macroF1",183,0.820199860176668,0.0102881700408932
"types_mixed",300,1,0.5,"BM","mcar",0.3,"gnn_on_full","ord","macroF1",185,0.892896221825626,0.00575201911187667
"types_mixed",1000,1,0.5,"BM","mcar",0.3,"gnn_on_full","ord","macroF1",193,0.930443097668128,0.00476056503836496
"types_mixed",100,0.3,0,"BM","mcar",0.3,"bace","bin","n_classes_scored",100,2,0
"types_mixed",300,0.3,0,"BM","mcar",0.3,"bace","bin","n_classes_scored",100,2,0
"types_mixed",1000,0.3,0,"BM","mcar",0.3,"bace","bin","n_classes_scored",100,2,0
"types_mixed",100,0.7,0,"BM","mcar",0.3,"bace","bin","n_classes_scored",100,1.99,0.01
"types_mixed",300,0.7,0,"BM","mcar",0.3,"bace","bin","n_classes_scored",100,1.99,0.01
"types_mixed",1000,0.7,0,"BM","mcar",0.3,"bace","bin","n_classes_scored",100,2,0
"types_mixed",100,1,0,"BM","mcar",0.3,"bace","bin","n_classes_scored",100,1.88,0.0326598632371091
"types_mixed",300,1,0,"BM","mcar",0.3,"bace","bin","n_classes_scored",100,1.87,0.0337997668989631
"types_mixed",1000,1,0,"BM","mcar",0.3,"bace","bin","n_classes_scored",93,1.93548387096774,0.0256128784961426
"types_mixed",100,0.3,0.5,"BM","mcar",0.3,"bace","bin","n_classes_scored",100,2,0
"types_mixed",300,0.3,0.5,"BM","mcar",0.3,"bace","bin","n_classes_scored",100,2,0
"types_mixed",1000,0.3,0.5,"BM","mcar",0.3,"bace","bin","n_classes_scored",97,2,0
"types_mixed",100,0.7,0.5,"BM","mcar",0.3,"bace","bin","n_classes_scored",97,2,0
"types_mixed",300,0.7,0.5,"BM","mcar",0.3,"bace","bin","n_classes_scored",99,2,0
"types_mixed",1000,0.7,0.5,"BM","mcar",0.3,"bace","bin","n_classes_scored",90,2,0
"types_mixed",100,1,0.5,"BM","mcar",0.3,"bace","bin","n_classes_scored",100,1.9,0.0301511344577763
"types_mixed",300,1,0.5,"BM","mcar",0.3,"bace","bin","n_classes_scored",100,1.92,0.0272659924344291
"types_mixed",1000,1,0.5,"BM","mcar",0.3,"bace","bin","n_classes_scored",100,1.94,0.0238683256575942
"types_mixed",100,0.3,0,"BM","mcar",0.3,"floor","bin","n_classes_scored",200,2,0
"types_mixed",300,0.3,0,"BM","mcar",0.3,"floor","bin","n_classes_scored",200,2,0
"types_mixed",1000,0.3,0,"BM","mcar",0.3,"floor","bin","n_classes_scored",200,2,0
"types_mixed",100,0.7,0,"BM","mcar",0.3,"floor","bin","n_classes_scored",200,1.98,0.0099243368701167
"types_mixed",300,0.7,0,"BM","mcar",0.3,"floor","bin","n_classes_scored",200,1.995,0.00500000000000001
"types_mixed",1000,0.7,0,"BM","mcar",0.3,"floor","bin","n_classes_scored",200,2,0
"types_mixed",100,1,0,"BM","mcar",0.3,"floor","bin","n_classes_scored",200,1.87,0.0238399183837259
"types_mixed",300,1,0,"BM","mcar",0.3,"floor","bin","n_classes_scored",200,1.91,0.020286887118154
"types_mixed",1000,1,0,"BM","mcar",0.3,"floor","bin","n_classes_scored",200,1.95,0.0154497076780334
"types_mixed",100,0.3,0.5,"BM","mcar",0.3,"floor","bin","n_classes_scored",200,2,0
"types_mixed",300,0.3,0.5,"BM","mcar",0.3,"floor","bin","n_classes_scored",200,2,0
"types_mixed",1000,0.3,0.5,"BM","mcar",0.3,"floor","bin","n_classes_scored",200,2,0
"types_mixed",100,0.7,0.5,"BM","mcar",0.3,"floor","bin","n_classes_scored",200,1.995,0.00500000000000002
"types_mixed",300,0.7,0.5,"BM","mcar",0.3,"floor","bin","n_classes_scored",200,1.995,0.00500000000000001
"types_mixed",1000,0.7,0.5,"BM","mcar",0.3,"floor","bin","n_classes_scored",200,2,0
"types_mixed",100,1,0.5,"BM","mcar",0.3,"floor","bin","n_classes_scored",200,1.9,0.0212664361502501
"types_mixed",300,1,0.5,"BM","mcar",0.3,"floor","bin","n_classes_scored",200,1.905,0.0207854558737449
"types_mixed",1000,1,0.5,"BM","mcar",0.3,"floor","bin","n_classes_scored",200,1.955,0.0146953997519409
"types_mixed",100,0.3,0,"BM","mcar",0.3,"freq","bin","n_classes_scored",200,2,0
"types_mixed",300,0.3,0,"BM","mcar",0.3,"freq","bin","n_classes_scored",200,2,0
"types_mixed",1000,0.3,0,"BM","mcar",0.3,"freq","bin","n_classes_scored",200,2,0
"types_mixed",100,0.7,0,"BM","mcar",0.3,"freq","bin","n_classes_scored",200,1.98,0.0099243368701167
"types_mixed",300,0.7,0,"BM","mcar",0.3,"freq","bin","n_classes_scored",200,1.995,0.00500000000000001
"types_mixed",1000,0.7,0,"BM","mcar",0.3,"freq","bin","n_classes_scored",200,2,0
"types_mixed",100,1,0,"BM","mcar",0.3,"freq","bin","n_classes_scored",200,1.87,0.0238399183837259
"types_mixed",300,1,0,"BM","mcar",0.3,"freq","bin","n_classes_scored",200,1.91,0.020286887118154
"types_mixed",1000,1,0,"BM","mcar",0.3,"freq","bin","n_classes_scored",200,1.95,0.0154497076780334
"types_mixed",100,0.3,0.5,"BM","mcar",0.3,"freq","bin","n_classes_scored",200,2,0
"types_mixed",300,0.3,0.5,"BM","mcar",0.3,"freq","bin","n_classes_scored",200,2,0
"types_mixed",1000,0.3,0.5,"BM","mcar",0.3,"freq","bin","n_classes_scored",200,2,0
"types_mixed",100,0.7,0.5,"BM","mcar",0.3,"freq","bin","n_classes_scored",200,1.995,0.00500000000000002
"types_mixed",300,0.7,0.5,"BM","mcar",0.3,"freq","bin","n_classes_scored",200,1.995,0.00500000000000001
"types_mixed",1000,0.7,0.5,"BM","mcar",0.3,"freq","bin","n_classes_scored",200,2,0
"types_mixed",100,1,0.5,"BM","mcar",0.3,"freq","bin","n_classes_scored",200,1.9,0.0212664361502501
"types_mixed",300,1,0.5,"BM","mcar",0.3,"freq","bin","n_classes_scored",200,1.905,0.0207854558737449
"types_mixed",1000,1,0.5,"BM","mcar",0.3,"freq","bin","n_classes_scored",200,1.955,0.0146953997519409
"types_mixed",100,0.3,0,"BM","mcar",0.3,"freq_lambda","bin","n_classes_scored",200,2,0
"types_mixed",300,0.3,0,"BM","mcar",0.3,"freq_lambda","bin","n_classes_scored",200,2,0
"types_mixed",1000,0.3,0,"BM","mcar",0.3,"freq_lambda","bin","n_classes_scored",200,2,0
"types_mixed",100,0.7,0,"BM","mcar",0.3,"freq_lambda","bin","n_classes_scored",200,1.98,0.0099243368701167
"types_mixed",300,0.7,0,"BM","mcar",0.3,"freq_lambda","bin","n_classes_scored",200,1.995,0.00500000000000001
"types_mixed",1000,0.7,0,"BM","mcar",0.3,"freq_lambda","bin","n_classes_scored",200,2,0
"types_mixed",100,1,0,"BM","mcar",0.3,"freq_lambda","bin","n_classes_scored",200,1.87,0.0238399183837259
"types_mixed",300,1,0,"BM","mcar",0.3,"freq_lambda","bin","n_classes_scored",200,1.91,0.020286887118154
"types_mixed",1000,1,0,"BM","mcar",0.3,"freq_lambda","bin","n_classes_scored",200,1.95,0.0154497076780334
"types_mixed",100,0.3,0.5,"BM","mcar",0.3,"freq_lambda","bin","n_classes_scored",200,2,0
"types_mixed",300,0.3,0.5,"BM","mcar",0.3,"freq_lambda","bin","n_classes_scored",200,2,0
"types_mixed",1000,0.3,0.5,"BM","mcar",0.3,"freq_lambda","bin","n_classes_scored",200,2,0
"types_mixed",100,0.7,0.5,"BM","mcar",0.3,"freq_lambda","bin","n_classes_scored",200,1.995,0.00500000000000002
"types_mixed",300,0.7,0.5,"BM","mcar",0.3,"freq_lambda","bin","n_classes_scored",200,1.995,0.00500000000000001
"types_mixed",1000,0.7,0.5,"BM","mcar",0.3,"freq_lambda","bin","n_classes_scored",200,2,0
"types_mixed",100,1,0.5,"BM","mcar",0.3,"freq_lambda","bin","n_classes_scored",200,1.9,0.0212664361502501
"types_mixed",300,1,0.5,"BM","mcar",0.3,"freq_lambda","bin","n_classes_scored",200,1.905,0.0207854558737449
"types_mixed",1000,1,0.5,"BM","mcar",0.3,"freq_lambda","bin","n_classes_scored",200,1.955,0.0146953997519409
"types_mixed",100,0.3,0,"BM","mcar",0.3,"gnn_off","bin","n_classes_scored",200,2,0
"types_mixed",300,0.3,0,"BM","mcar",0.3,"gnn_off","bin","n_classes_scored",200,2,0
"types_mixed",1000,0.3,0,"BM","mcar",0.3,"gnn_off","bin","n_classes_scored",200,2,0
"types_mixed",100,0.7,0,"BM","mcar",0.3,"gnn_off","bin","n_classes_scored",200,1.98,0.0099243368701167
"types_mixed",300,0.7,0,"BM","mcar",0.3,"gnn_off","bin","n_classes_scored",200,1.995,0.00500000000000001
"types_mixed",1000,0.7,0,"BM","mcar",0.3,"gnn_off","bin","n_classes_scored",200,2,0
"types_mixed",100,1,0,"BM","mcar",0.3,"gnn_off","bin","n_classes_scored",200,1.87,0.0238399183837259
"types_mixed",300,1,0,"BM","mcar",0.3,"gnn_off","bin","n_classes_scored",200,1.91,0.020286887118154
"types_mixed",1000,1,0,"BM","mcar",0.3,"gnn_off","bin","n_classes_scored",200,1.95,0.0154497076780334
"types_mixed",100,0.3,0.5,"BM","mcar",0.3,"gnn_off","bin","n_classes_scored",200,2,0
"types_mixed",300,0.3,0.5,"BM","mcar",0.3,"gnn_off","bin","n_classes_scored",200,2,0
"types_mixed",1000,0.3,0.5,"BM","mcar",0.3,"gnn_off","bin","n_classes_scored",200,2,0
"types_mixed",100,0.7,0.5,"BM","mcar",0.3,"gnn_off","bin","n_classes_scored",200,1.995,0.00500000000000002
"types_mixed",300,0.7,0.5,"BM","mcar",0.3,"gnn_off","bin","n_classes_scored",200,1.995,0.00500000000000001
"types_mixed",1000,0.7,0.5,"BM","mcar",0.3,"gnn_off","bin","n_classes_scored",200,2,0
"types_mixed",100,1,0.5,"BM","mcar",0.3,"gnn_off","bin","n_classes_scored",200,1.9,0.0212664361502501
"types_mixed",300,1,0.5,"BM","mcar",0.3,"gnn_off","bin","n_classes_scored",200,1.905,0.0207854558737449
"types_mixed",1000,1,0.5,"BM","mcar",0.3,"gnn_off","bin","n_classes_scored",200,1.955,0.0146953997519409
"types_mixed",100,0.3,0,"BM","mcar",0.3,"gnn_off_rphylopars","bin","n_classes_scored",200,2,0
"types_mixed",300,0.3,0,"BM","mcar",0.3,"gnn_off_rphylopars","bin","n_classes_scored",200,2,0
"types_mixed",1000,0.3,0,"BM","mcar",0.3,"gnn_off_rphylopars","bin","n_classes_scored",200,2,0
"types_mixed",100,0.7,0,"BM","mcar",0.3,"gnn_off_rphylopars","bin","n_classes_scored",200,1.98,0.0099243368701167
"types_mixed",300,0.7,0,"BM","mcar",0.3,"gnn_off_rphylopars","bin","n_classes_scored",200,1.995,0.00500000000000001
"types_mixed",1000,0.7,0,"BM","mcar",0.3,"gnn_off_rphylopars","bin","n_classes_scored",200,2,0
"types_mixed",100,1,0,"BM","mcar",0.3,"gnn_off_rphylopars","bin","n_classes_scored",200,1.87,0.0238399183837259
"types_mixed",300,1,0,"BM","mcar",0.3,"gnn_off_rphylopars","bin","n_classes_scored",200,1.91,0.020286887118154
"types_mixed",1000,1,0,"BM","mcar",0.3,"gnn_off_rphylopars","bin","n_classes_scored",200,1.95,0.0154497076780334
"types_mixed",100,0.3,0.5,"BM","mcar",0.3,"gnn_off_rphylopars","bin","n_classes_scored",200,2,0
"types_mixed",300,0.3,0.5,"BM","mcar",0.3,"gnn_off_rphylopars","bin","n_classes_scored",200,2,0
"types_mixed",1000,0.3,0.5,"BM","mcar",0.3,"gnn_off_rphylopars","bin","n_classes_scored",200,2,0
"types_mixed",100,0.7,0.5,"BM","mcar",0.3,"gnn_off_rphylopars","bin","n_classes_scored",200,1.995,0.00500000000000002
"types_mixed",300,0.7,0.5,"BM","mcar",0.3,"gnn_off_rphylopars","bin","n_classes_scored",200,1.995,0.00500000000000001
"types_mixed",1000,0.7,0.5,"BM","mcar",0.3,"gnn_off_rphylopars","bin","n_classes_scored",200,2,0
"types_mixed",100,1,0.5,"BM","mcar",0.3,"gnn_off_rphylopars","bin","n_classes_scored",200,1.9,0.0212664361502501
"types_mixed",300,1,0.5,"BM","mcar",0.3,"gnn_off_rphylopars","bin","n_classes_scored",200,1.905,0.0207854558737449
"types_mixed",1000,1,0.5,"BM","mcar",0.3,"gnn_off_rphylopars","bin","n_classes_scored",200,1.955,0.0146953997519409
"types_mixed",100,0.3,0,"BM","mcar",0.3,"gnn_on","bin","n_classes_scored",200,2,0
"types_mixed",300,0.3,0,"BM","mcar",0.3,"gnn_on","bin","n_classes_scored",200,2,0
"types_mixed",1000,0.3,0,"BM","mcar",0.3,"gnn_on","bin","n_classes_scored",200,2,0
"types_mixed",100,0.7,0,"BM","mcar",0.3,"gnn_on","bin","n_classes_scored",200,1.98,0.0099243368701167
"types_mixed",300,0.7,0,"BM","mcar",0.3,"gnn_on","bin","n_classes_scored",200,1.995,0.00500000000000001
"types_mixed",1000,0.7,0,"BM","mcar",0.3,"gnn_on","bin","n_classes_scored",200,2,0
"types_mixed",100,1,0,"BM","mcar",0.3,"gnn_on","bin","n_classes_scored",200,1.87,0.0238399183837259
"types_mixed",300,1,0,"BM","mcar",0.3,"gnn_on","bin","n_classes_scored",200,1.91,0.020286887118154
"types_mixed",1000,1,0,"BM","mcar",0.3,"gnn_on","bin","n_classes_scored",200,1.95,0.0154497076780334
"types_mixed",100,0.3,0.5,"BM","mcar",0.3,"gnn_on","bin","n_classes_scored",200,2,0
"types_mixed",300,0.3,0.5,"BM","mcar",0.3,"gnn_on","bin","n_classes_scored",200,2,0
"types_mixed",1000,0.3,0.5,"BM","mcar",0.3,"gnn_on","bin","n_classes_scored",200,2,0
"types_mixed",100,0.7,0.5,"BM","mcar",0.3,"gnn_on","bin","n_classes_scored",200,1.995,0.00500000000000002
"types_mixed",300,0.7,0.5,"BM","mcar",0.3,"gnn_on","bin","n_classes_scored",200,1.995,0.00500000000000001
"types_mixed",1000,0.7,0.5,"BM","mcar",0.3,"gnn_on","bin","n_classes_scored",200,2,0
"types_mixed",100,1,0.5,"BM","mcar",0.3,"gnn_on","bin","n_classes_scored",200,1.9,0.0212664361502501
"types_mixed",300,1,0.5,"BM","mcar",0.3,"gnn_on","bin","n_classes_scored",200,1.905,0.0207854558737449
"types_mixed",1000,1,0.5,"BM","mcar",0.3,"gnn_on","bin","n_classes_scored",200,1.955,0.0146953997519409
"types_mixed",100,0.3,0,"BM","mcar",0.3,"gnn_on_full","bin","n_classes_scored",200,2,0
"types_mixed",300,0.3,0,"BM","mcar",0.3,"gnn_on_full","bin","n_classes_scored",200,2,0
"types_mixed",1000,0.3,0,"BM","mcar",0.3,"gnn_on_full","bin","n_classes_scored",200,2,0
"types_mixed",100,0.7,0,"BM","mcar",0.3,"gnn_on_full","bin","n_classes_scored",200,1.98,0.0099243368701167
"types_mixed",300,0.7,0,"BM","mcar",0.3,"gnn_on_full","bin","n_classes_scored",200,1.995,0.00500000000000001
"types_mixed",1000,0.7,0,"BM","mcar",0.3,"gnn_on_full","bin","n_classes_scored",200,2,0
"types_mixed",100,1,0,"BM","mcar",0.3,"gnn_on_full","bin","n_classes_scored",185,1.94054054054054,0.0174337304465785
"types_mixed",300,1,0,"BM","mcar",0.3,"gnn_on_full","bin","n_classes_scored",186,1.97849462365591,0.0106651478702348
"types_mixed",1000,1,0,"BM","mcar",0.3,"gnn_on_full","bin","n_classes_scored",191,1.99476439790576,0.00523560209424084
"types_mixed",100,0.3,0.5,"BM","mcar",0.3,"gnn_on_full","bin","n_classes_scored",200,2,0
"types_mixed",300,0.3,0.5,"BM","mcar",0.3,"gnn_on_full","bin","n_classes_scored",200,2,0
"types_mixed",1000,0.3,0.5,"BM","mcar",0.3,"gnn_on_full","bin","n_classes_scored",200,2,0
"types_mixed",100,0.7,0.5,"BM","mcar",0.3,"gnn_on_full","bin","n_classes_scored",200,1.995,0.00500000000000002
"types_mixed",300,0.7,0.5,"BM","mcar",0.3,"gnn_on_full","bin","n_classes_scored",200,1.995,0.00500000000000001
"types_mixed",1000,0.7,0.5,"BM","mcar",0.3,"gnn_on_full","bin","n_classes_scored",200,2,0
"types_mixed",100,1,0.5,"BM","mcar",0.3,"gnn_on_full","bin","n_classes_scored",183,1.98360655737705,0.00941261068464287
"types_mixed",300,1,0.5,"BM","mcar",0.3,"gnn_on_full","bin","n_classes_scored",185,1.97837837837838,0.0107223170101249
"types_mixed",1000,1,0.5,"BM","mcar",0.3,"gnn_on_full","bin","n_classes_scored",193,1.98963730569948,0.00730842438679221
"types_mixed",100,0.3,0,"BM","mcar",0.3,"bace","cat3","n_classes_scored",100,2.98,0.014070529413629
"types_mixed",300,0.3,0,"BM","mcar",0.3,"bace","cat3","n_classes_scored",100,3,0
"types_mixed",1000,0.3,0,"BM","mcar",0.3,"bace","cat3","n_classes_scored",100,3,0
"types_mixed",100,0.7,0,"BM","mcar",0.3,"bace","cat3","n_classes_scored",100,2.9,0.0333333333333333
"types_mixed",300,0.7,0,"BM","mcar",0.3,"bace","cat3","n_classes_scored",100,2.95,0.021904291355759
"types_mixed",1000,0.7,0,"BM","mcar",0.3,"bace","cat3","n_classes_scored",100,2.99,0.01
"types_mixed",100,1,0,"BM","mcar",0.3,"bace","cat3","n_classes_scored",100,2.7,0.0541229427257326
"types_mixed",300,1,0,"BM","mcar",0.3,"bace","cat3","n_classes_scored",100,2.69,0.0525991127935316
"types_mixed",1000,1,0,"BM","mcar",0.3,"bace","cat3","n_classes_scored",93,2.73118279569892,0.0510291122856655
"types_mixed",100,0.3,0.5,"BM","mcar",0.3,"bace","cat3","n_classes_scored",100,3,0
"types_mixed",300,0.3,0.5,"BM","mcar",0.3,"bace","cat3","n_classes_scored",100,3,0
"types_mixed",1000,0.3,0.5,"BM","mcar",0.3,"bace","cat3","n_classes_scored",97,3,0
"types_mixed",100,0.7,0.5,"BM","mcar",0.3,"bace","cat3","n_classes_scored",97,2.91752577319588,0.0316706333181559
"types_mixed",300,0.7,0.5,"BM","mcar",0.3,"bace","cat3","n_classes_scored",99,2.98989898989899,0.0101010101010101
"types_mixed",1000,0.7,0.5,"BM","mcar",0.3,"bace","cat3","n_classes_scored",90,3,0
"types_mixed",100,1,0.5,"BM","mcar",0.3,"bace","cat3","n_classes_scored",100,2.63,0.0562372319964831
"types_mixed",300,1,0.5,"BM","mcar",0.3,"bace","cat3","n_classes_scored",100,2.71,0.0518252697615611
"types_mixed",1000,1,0.5,"BM","mcar",0.3,"bace","cat3","n_classes_scored",100,2.75,0.0479372485441102
"types_mixed",100,0.3,0,"BM","mcar",0.3,"floor","cat3","n_classes_scored",200,2.99,0.00705327893384297
"types_mixed",300,0.3,0,"BM","mcar",0.3,"floor","cat3","n_classes_scored",200,3,0
"types_mixed",1000,0.3,0,"BM","mcar",0.3,"floor","cat3","n_classes_scored",200,3,0
"types_mixed",100,0.7,0,"BM","mcar",0.3,"floor","cat3","n_classes_scored",200,2.915,0.0210019142463265
"types_mixed",300,0.7,0,"BM","mcar",0.3,"floor","cat3","n_classes_scored",200,2.95,0.0154497076780334
"types_mixed",1000,0.7,0,"BM","mcar",0.3,"floor","cat3","n_classes_scored",200,2.99,0.00705327893384296
"types_mixed",100,1,0,"BM","mcar",0.3,"floor","cat3","n_classes_scored",200,2.71,0.0365538083449948
"types_mixed",300,1,0,"BM","mcar",0.3,"floor","cat3","n_classes_scored",200,2.705,0.0360049549912175
"types_mixed",1000,1,0,"BM","mcar",0.3,"floor","cat3","n_classes_scored",200,2.755,0.0328675581981618
"types_mixed",100,0.3,0.5,"BM","mcar",0.3,"floor","cat3","n_classes_scored",200,3,0
"types_mixed",300,0.3,0.5,"BM","mcar",0.3,"floor","cat3","n_classes_scored",200,3,0
"types_mixed",1000,0.3,0.5,"BM","mcar",0.3,"floor","cat3","n_classes_scored",200,3,0
"types_mixed",100,0.7,0.5,"BM","mcar",0.3,"floor","cat3","n_classes_scored",200,2.92,0.02168759458294
"types_mixed",300,0.7,0.5,"BM","mcar",0.3,"floor","cat3","n_classes_scored",200,2.975,0.0110674042659482
"types_mixed",1000,0.7,0.5,"BM","mcar",0.3,"floor","cat3","n_classes_scored",200,2.995,0.00500000000000002
"types_mixed",100,1,0.5,"BM","mcar",0.3,"floor","cat3","n_classes_scored",200,2.64,0.0394942906630171
"types_mixed",300,1,0.5,"BM","mcar",0.3,"floor","cat3","n_classes_scored",200,2.71,0.0351522174543769
"types_mixed",1000,1,0.5,"BM","mcar",0.3,"floor","cat3","n_classes_scored",200,2.795,0.0319370454859535
"types_mixed",100,0.3,0,"BM","mcar",0.3,"freq","cat3","n_classes_scored",200,2.99,0.00705327893384297
"types_mixed",300,0.3,0,"BM","mcar",0.3,"freq","cat3","n_classes_scored",200,3,0
"types_mixed",1000,0.3,0,"BM","mcar",0.3,"freq","cat3","n_classes_scored",200,3,0
"types_mixed",100,0.7,0,"BM","mcar",0.3,"freq","cat3","n_classes_scored",200,2.915,0.0210019142463265
"types_mixed",300,0.7,0,"BM","mcar",0.3,"freq","cat3","n_classes_scored",200,2.95,0.0154497076780334
"types_mixed",1000,0.7,0,"BM","mcar",0.3,"freq","cat3","n_classes_scored",200,2.99,0.00705327893384296
"types_mixed",100,1,0,"BM","mcar",0.3,"freq","cat3","n_classes_scored",200,2.71,0.0365538083449948
"types_mixed",300,1,0,"BM","mcar",0.3,"freq","cat3","n_classes_scored",200,2.705,0.0360049549912175
"types_mixed",1000,1,0,"BM","mcar",0.3,"freq","cat3","n_classes_scored",200,2.755,0.0328675581981618
"types_mixed",100,0.3,0.5,"BM","mcar",0.3,"freq","cat3","n_classes_scored",200,3,0
"types_mixed",300,0.3,0.5,"BM","mcar",0.3,"freq","cat3","n_classes_scored",200,3,0
"types_mixed",1000,0.3,0.5,"BM","mcar",0.3,"freq","cat3","n_classes_scored",200,3,0
"types_mixed",100,0.7,0.5,"BM","mcar",0.3,"freq","cat3","n_classes_scored",200,2.92,0.02168759458294
"types_mixed",300,0.7,0.5,"BM","mcar",0.3,"freq","cat3","n_classes_scored",200,2.975,0.0110674042659482
"types_mixed",1000,0.7,0.5,"BM","mcar",0.3,"freq","cat3","n_classes_scored",200,2.995,0.00500000000000002
"types_mixed",100,1,0.5,"BM","mcar",0.3,"freq","cat3","n_classes_scored",200,2.64,0.0394942906630171
"types_mixed",300,1,0.5,"BM","mcar",0.3,"freq","cat3","n_classes_scored",200,2.71,0.0351522174543769
"types_mixed",1000,1,0.5,"BM","mcar",0.3,"freq","cat3","n_classes_scored",200,2.795,0.0319370454859535
"types_mixed",100,0.3,0,"BM","mcar",0.3,"freq_lambda","cat3","n_classes_scored",200,2.99,0.00705327893384297
"types_mixed",300,0.3,0,"BM","mcar",0.3,"freq_lambda","cat3","n_classes_scored",200,3,0
"types_mixed",1000,0.3,0,"BM","mcar",0.3,"freq_lambda","cat3","n_classes_scored",200,3,0
"types_mixed",100,0.7,0,"BM","mcar",0.3,"freq_lambda","cat3","n_classes_scored",200,2.915,0.0210019142463265
"types_mixed",300,0.7,0,"BM","mcar",0.3,"freq_lambda","cat3","n_classes_scored",200,2.95,0.0154497076780334
"types_mixed",1000,0.7,0,"BM","mcar",0.3,"freq_lambda","cat3","n_classes_scored",200,2.99,0.00705327893384296
"types_mixed",100,1,0,"BM","mcar",0.3,"freq_lambda","cat3","n_classes_scored",200,2.71,0.0365538083449948
"types_mixed",300,1,0,"BM","mcar",0.3,"freq_lambda","cat3","n_classes_scored",200,2.705,0.0360049549912175
"types_mixed",1000,1,0,"BM","mcar",0.3,"freq_lambda","cat3","n_classes_scored",200,2.755,0.0328675581981618
"types_mixed",100,0.3,0.5,"BM","mcar",0.3,"freq_lambda","cat3","n_classes_scored",200,3,0
"types_mixed",300,0.3,0.5,"BM","mcar",0.3,"freq_lambda","cat3","n_classes_scored",200,3,0
"types_mixed",1000,0.3,0.5,"BM","mcar",0.3,"freq_lambda","cat3","n_classes_scored",200,3,0
"types_mixed",100,0.7,0.5,"BM","mcar",0.3,"freq_lambda","cat3","n_classes_scored",200,2.92,0.02168759458294
"types_mixed",300,0.7,0.5,"BM","mcar",0.3,"freq_lambda","cat3","n_classes_scored",200,2.975,0.0110674042659482
"types_mixed",1000,0.7,0.5,"BM","mcar",0.3,"freq_lambda","cat3","n_classes_scored",200,2.995,0.00500000000000002
"types_mixed",100,1,0.5,"BM","mcar",0.3,"freq_lambda","cat3","n_classes_scored",200,2.64,0.0394942906630171
"types_mixed",300,1,0.5,"BM","mcar",0.3,"freq_lambda","cat3","n_classes_scored",200,2.71,0.0351522174543769
"types_mixed",1000,1,0.5,"BM","mcar",0.3,"freq_lambda","cat3","n_classes_scored",200,2.795,0.0319370454859535
"types_mixed",100,0.3,0,"BM","mcar",0.3,"gnn_off","cat3","n_classes_scored",200,2.99,0.00705327893384297
"types_mixed",300,0.3,0,"BM","mcar",0.3,"gnn_off","cat3","n_classes_scored",200,3,0
"types_mixed",1000,0.3,0,"BM","mcar",0.3,"gnn_off","cat3","n_classes_scored",200,3,0
"types_mixed",100,0.7,0,"BM","mcar",0.3,"gnn_off","cat3","n_classes_scored",200,2.915,0.0210019142463265
"types_mixed",300,0.7,0,"BM","mcar",0.3,"gnn_off","cat3","n_classes_scored",200,2.95,0.0154497076780334
"types_mixed",1000,0.7,0,"BM","mcar",0.3,"gnn_off","cat3","n_classes_scored",200,2.99,0.00705327893384296
"types_mixed",100,1,0,"BM","mcar",0.3,"gnn_off","cat3","n_classes_scored",200,2.71,0.0365538083449948
"types_mixed",300,1,0,"BM","mcar",0.3,"gnn_off","cat3","n_classes_scored",200,2.705,0.0360049549912175
"types_mixed",1000,1,0,"BM","mcar",0.3,"gnn_off","cat3","n_classes_scored",200,2.755,0.0328675581981618
"types_mixed",100,0.3,0.5,"BM","mcar",0.3,"gnn_off","cat3","n_classes_scored",200,3,0
"types_mixed",300,0.3,0.5,"BM","mcar",0.3,"gnn_off","cat3","n_classes_scored",200,3,0
"types_mixed",1000,0.3,0.5,"BM","mcar",0.3,"gnn_off","cat3","n_classes_scored",200,3,0
"types_mixed",100,0.7,0.5,"BM","mcar",0.3,"gnn_off","cat3","n_classes_scored",200,2.92,0.02168759458294
"types_mixed",300,0.7,0.5,"BM","mcar",0.3,"gnn_off","cat3","n_classes_scored",200,2.975,0.0110674042659482
"types_mixed",1000,0.7,0.5,"BM","mcar",0.3,"gnn_off","cat3","n_classes_scored",200,2.995,0.00500000000000002
"types_mixed",100,1,0.5,"BM","mcar",0.3,"gnn_off","cat3","n_classes_scored",200,2.64,0.0394942906630171
"types_mixed",300,1,0.5,"BM","mcar",0.3,"gnn_off","cat3","n_classes_scored",200,2.71,0.0351522174543769
"types_mixed",1000,1,0.5,"BM","mcar",0.3,"gnn_off","cat3","n_classes_scored",200,2.795,0.0319370454859535
"types_mixed",100,0.3,0,"BM","mcar",0.3,"gnn_off_rphylopars","cat3","n_classes_scored",200,2.99,0.00705327893384297
"types_mixed",300,0.3,0,"BM","mcar",0.3,"gnn_off_rphylopars","cat3","n_classes_scored",200,3,0
"types_mixed",1000,0.3,0,"BM","mcar",0.3,"gnn_off_rphylopars","cat3","n_classes_scored",200,3,0
"types_mixed",100,0.7,0,"BM","mcar",0.3,"gnn_off_rphylopars","cat3","n_classes_scored",200,2.915,0.0210019142463265
"types_mixed",300,0.7,0,"BM","mcar",0.3,"gnn_off_rphylopars","cat3","n_classes_scored",200,2.95,0.0154497076780334
"types_mixed",1000,0.7,0,"BM","mcar",0.3,"gnn_off_rphylopars","cat3","n_classes_scored",200,2.99,0.00705327893384296
"types_mixed",100,1,0,"BM","mcar",0.3,"gnn_off_rphylopars","cat3","n_classes_scored",200,2.71,0.0365538083449948
"types_mixed",300,1,0,"BM","mcar",0.3,"gnn_off_rphylopars","cat3","n_classes_scored",200,2.705,0.0360049549912175
"types_mixed",1000,1,0,"BM","mcar",0.3,"gnn_off_rphylopars","cat3","n_classes_scored",200,2.755,0.0328675581981618
"types_mixed",100,0.3,0.5,"BM","mcar",0.3,"gnn_off_rphylopars","cat3","n_classes_scored",200,3,0
"types_mixed",300,0.3,0.5,"BM","mcar",0.3,"gnn_off_rphylopars","cat3","n_classes_scored",200,3,0
"types_mixed",1000,0.3,0.5,"BM","mcar",0.3,"gnn_off_rphylopars","cat3","n_classes_scored",200,3,0
"types_mixed",100,0.7,0.5,"BM","mcar",0.3,"gnn_off_rphylopars","cat3","n_classes_scored",200,2.92,0.02168759458294
"types_mixed",300,0.7,0.5,"BM","mcar",0.3,"gnn_off_rphylopars","cat3","n_classes_scored",200,2.975,0.0110674042659482
"types_mixed",1000,0.7,0.5,"BM","mcar",0.3,"gnn_off_rphylopars","cat3","n_classes_scored",200,2.995,0.00500000000000002
"types_mixed",100,1,0.5,"BM","mcar",0.3,"gnn_off_rphylopars","cat3","n_classes_scored",200,2.64,0.0394942906630171
"types_mixed",300,1,0.5,"BM","mcar",0.3,"gnn_off_rphylopars","cat3","n_classes_scored",200,2.71,0.0351522174543769
"types_mixed",1000,1,0.5,"BM","mcar",0.3,"gnn_off_rphylopars","cat3","n_classes_scored",200,2.795,0.0319370454859535
"types_mixed",100,0.3,0,"BM","mcar",0.3,"gnn_on","cat3","n_classes_scored",200,2.99,0.00705327893384297
"types_mixed",300,0.3,0,"BM","mcar",0.3,"gnn_on","cat3","n_classes_scored",200,3,0
"types_mixed",1000,0.3,0,"BM","mcar",0.3,"gnn_on","cat3","n_classes_scored",200,3,0
"types_mixed",100,0.7,0,"BM","mcar",0.3,"gnn_on","cat3","n_classes_scored",200,2.915,0.0210019142463265
"types_mixed",300,0.7,0,"BM","mcar",0.3,"gnn_on","cat3","n_classes_scored",200,2.95,0.0154497076780334
"types_mixed",1000,0.7,0,"BM","mcar",0.3,"gnn_on","cat3","n_classes_scored",200,2.99,0.00705327893384296
"types_mixed",100,1,0,"BM","mcar",0.3,"gnn_on","cat3","n_classes_scored",200,2.71,0.0365538083449948
"types_mixed",300,1,0,"BM","mcar",0.3,"gnn_on","cat3","n_classes_scored",200,2.705,0.0360049549912175
"types_mixed",1000,1,0,"BM","mcar",0.3,"gnn_on","cat3","n_classes_scored",200,2.755,0.0328675581981618
"types_mixed",100,0.3,0.5,"BM","mcar",0.3,"gnn_on","cat3","n_classes_scored",200,3,0
"types_mixed",300,0.3,0.5,"BM","mcar",0.3,"gnn_on","cat3","n_classes_scored",200,3,0
"types_mixed",1000,0.3,0.5,"BM","mcar",0.3,"gnn_on","cat3","n_classes_scored",200,3,0
"types_mixed",100,0.7,0.5,"BM","mcar",0.3,"gnn_on","cat3","n_classes_scored",200,2.92,0.02168759458294
"types_mixed",300,0.7,0.5,"BM","mcar",0.3,"gnn_on","cat3","n_classes_scored",200,2.975,0.0110674042659482
"types_mixed",1000,0.7,0.5,"BM","mcar",0.3,"gnn_on","cat3","n_classes_scored",200,2.995,0.00500000000000002
"types_mixed",100,1,0.5,"BM","mcar",0.3,"gnn_on","cat3","n_classes_scored",200,2.64,0.0394942906630171
"types_mixed",300,1,0.5,"BM","mcar",0.3,"gnn_on","cat3","n_classes_scored",200,2.71,0.0351522174543769
"types_mixed",1000,1,0.5,"BM","mcar",0.3,"gnn_on","cat3","n_classes_scored",200,2.795,0.0319370454859535
"types_mixed",100,0.3,0,"BM","mcar",0.3,"gnn_on_full","cat3","n_classes_scored",200,2.99,0.00705327893384297
"types_mixed",300,0.3,0,"BM","mcar",0.3,"gnn_on_full","cat3","n_classes_scored",200,3,0
"types_mixed",1000,0.3,0,"BM","mcar",0.3,"gnn_on_full","cat3","n_classes_scored",200,3,0
"types_mixed",100,0.7,0,"BM","mcar",0.3,"gnn_on_full","cat3","n_classes_scored",200,2.915,0.0210019142463265
"types_mixed",300,0.7,0,"BM","mcar",0.3,"gnn_on_full","cat3","n_classes_scored",200,2.95,0.0154497076780334
"types_mixed",1000,0.7,0,"BM","mcar",0.3,"gnn_on_full","cat3","n_classes_scored",200,2.99,0.00705327893384296
"types_mixed",100,1,0,"BM","mcar",0.3,"gnn_on_full","cat3","n_classes_scored",185,2.72432432432432,0.0371346442289882
"types_mixed",300,1,0,"BM","mcar",0.3,"gnn_on_full","cat3","n_classes_scored",186,2.72043010752688,0.0371391836901007
"types_mixed",1000,1,0,"BM","mcar",0.3,"gnn_on_full","cat3","n_classes_scored",191,2.75916230366492,0.0327492313076566
"types_mixed",100,0.3,0.5,"BM","mcar",0.3,"gnn_on_full","cat3","n_classes_scored",200,3,0
"types_mixed",300,0.3,0.5,"BM","mcar",0.3,"gnn_on_full","cat3","n_classes_scored",200,3,0
"types_mixed",1000,0.3,0.5,"BM","mcar",0.3,"gnn_on_full","cat3","n_classes_scored",200,3,0
"types_mixed",100,0.7,0.5,"BM","mcar",0.3,"gnn_on_full","cat3","n_classes_scored",200,2.92,0.02168759458294
"types_mixed",300,0.7,0.5,"BM","mcar",0.3,"gnn_on_full","cat3","n_classes_scored",200,2.975,0.0110674042659482
"types_mixed",1000,0.7,0.5,"BM","mcar",0.3,"gnn_on_full","cat3","n_classes_scored",200,2.995,0.00500000000000002
"types_mixed",100,1,0.5,"BM","mcar",0.3,"gnn_on_full","cat3","n_classes_scored",183,2.66120218579235,0.0406348377800099
"types_mixed",300,1,0.5,"BM","mcar",0.3,"gnn_on_full","cat3","n_classes_scored",185,2.71891891891892,0.0357000593237088
"types_mixed",1000,1,0.5,"BM","mcar",0.3,"gnn_on_full","cat3","n_classes_scored",193,2.81865284974093,0.0296846051178941
"types_mixed",100,0.3,0,"BM","mcar",0.3,"bace","ord","n_classes_scored",100,3.98,0.014070529413629
"types_mixed",300,0.3,0,"BM","mcar",0.3,"bace","ord","n_classes_scored",100,4,0
"types_mixed",1000,0.3,0,"BM","mcar",0.3,"bace","ord","n_classes_scored",100,4,0
"types_mixed",100,0.7,0,"BM","mcar",0.3,"bace","ord","n_classes_scored",100,3.79,0.0456048021572069
"types_mixed",300,0.7,0,"BM","mcar",0.3,"bace","ord","n_classes_scored",100,3.96,0.0196946385566932
"types_mixed",1000,0.7,0,"BM","mcar",0.3,"bace","ord","n_classes_scored",100,3.99,0.01
"types_mixed",100,1,0,"BM","mcar",0.3,"bace","ord","n_classes_scored",100,3.35,0.0729950876996721
"types_mixed",300,1,0,"BM","mcar",0.3,"bace","ord","n_classes_scored",100,3.4,0.0651338947278929
"types_mixed",1000,1,0,"BM","mcar",0.3,"bace","ord","n_classes_scored",93,3.48387096774194,0.0727039107033336
"types_mixed",100,0.3,0.5,"BM","mcar",0.3,"bace","ord","n_classes_scored",100,3.98,0.014070529413629
"types_mixed",300,0.3,0.5,"BM","mcar",0.3,"bace","ord","n_classes_scored",100,4,0
"types_mixed",1000,0.3,0.5,"BM","mcar",0.3,"bace","ord","n_classes_scored",97,4,0
"types_mixed",100,0.7,0.5,"BM","mcar",0.3,"bace","ord","n_classes_scored",97,3.84536082474227,0.0369016006785473
"types_mixed",300,0.7,0.5,"BM","mcar",0.3,"bace","ord","n_classes_scored",99,3.98989898989899,0.0101010101010101
"types_mixed",1000,0.7,0.5,"BM","mcar",0.3,"bace","ord","n_classes_scored",90,3.97777777777778,0.0156249566513478
"types_mixed",100,1,0.5,"BM","mcar",0.3,"bace","ord","n_classes_scored",100,3.3,0.0674199862463243
"types_mixed",300,1,0.5,"BM","mcar",0.3,"bace","ord","n_classes_scored",100,3.42,0.0684311937849127
"types_mixed",1000,1,0.5,"BM","mcar",0.3,"bace","ord","n_classes_scored",100,3.4,0.0710669054518701
"types_mixed",100,0.3,0,"BM","mcar",0.3,"floor","ord","n_classes_scored",200,3.97,0.0120926074846947
"types_mixed",300,0.3,0,"BM","mcar",0.3,"floor","ord","n_classes_scored",200,4,0
"types_mixed",1000,0.3,0,"BM","mcar",0.3,"floor","ord","n_classes_scored",200,4,0
"types_mixed",100,0.7,0,"BM","mcar",0.3,"floor","ord","n_classes_scored",200,3.8,0.0308994153560667
"types_mixed",300,0.7,0,"BM","mcar",0.3,"floor","ord","n_classes_scored",200,3.97,0.0120926074846947
"types_mixed",1000,0.7,0,"BM","mcar",0.3,"floor","ord","n_classes_scored",200,3.98,0.00992433687011669
"types_mixed",100,1,0,"BM","mcar",0.3,"floor","ord","n_classes_scored",200,3.315,0.0514012200938429
"types_mixed",300,1,0,"BM","mcar",0.3,"floor","ord","n_classes_scored",200,3.465,0.0447648798988874
"types_mixed",1000,1,0,"BM","mcar",0.3,"floor","ord","n_classes_scored",200,3.525,0.046988451484001
"types_mixed",100,0.3,0.5,"BM","mcar",0.3,"floor","ord","n_classes_scored",200,3.985,0.00861662527650929
"types_mixed",300,0.3,0.5,"BM","mcar",0.3,"floor","ord","n_classes_scored",200,4,0
"types_mixed",1000,0.3,0.5,"BM","mcar",0.3,"floor","ord","n_classes_scored",200,4,0
"types_mixed",100,0.7,0.5,"BM","mcar",0.3,"floor","ord","n_classes_scored",200,3.83,0.0293223292897218
"types_mixed",300,0.7,0.5,"BM","mcar",0.3,"floor","ord","n_classes_scored",200,3.97,0.0120926074846947
"types_mixed",1000,0.7,0.5,"BM","mcar",0.3,"floor","ord","n_classes_scored",200,3.98,0.00992433687011669
"types_mixed",100,1,0.5,"BM","mcar",0.3,"floor","ord","n_classes_scored",200,3.295,0.0500238636519947
"types_mixed",300,1,0.5,"BM","mcar",0.3,"floor","ord","n_classes_scored",200,3.475,0.0480459892751428
"types_mixed",1000,1,0.5,"BM","mcar",0.3,"floor","ord","n_classes_scored",200,3.515,0.046472286008267
"types_mixed",100,0.3,0,"BM","mcar",0.3,"freq","ord","n_classes_scored",200,3.97,0.0120926074846947
"types_mixed",300,0.3,0,"BM","mcar",0.3,"freq","ord","n_classes_scored",200,4,0
"types_mixed",1000,0.3,0,"BM","mcar",0.3,"freq","ord","n_classes_scored",200,4,0
"types_mixed",100,0.7,0,"BM","mcar",0.3,"freq","ord","n_classes_scored",200,3.8,0.0308994153560667
"types_mixed",300,0.7,0,"BM","mcar",0.3,"freq","ord","n_classes_scored",200,3.97,0.0120926074846947
"types_mixed",1000,0.7,0,"BM","mcar",0.3,"freq","ord","n_classes_scored",200,3.98,0.00992433687011669
"types_mixed",100,1,0,"BM","mcar",0.3,"freq","ord","n_classes_scored",200,3.315,0.0514012200938429
"types_mixed",300,1,0,"BM","mcar",0.3,"freq","ord","n_classes_scored",200,3.465,0.0447648798988874
"types_mixed",1000,1,0,"BM","mcar",0.3,"freq","ord","n_classes_scored",200,3.525,0.046988451484001
"types_mixed",100,0.3,0.5,"BM","mcar",0.3,"freq","ord","n_classes_scored",200,3.985,0.00861662527650929
"types_mixed",300,0.3,0.5,"BM","mcar",0.3,"freq","ord","n_classes_scored",200,4,0
"types_mixed",1000,0.3,0.5,"BM","mcar",0.3,"freq","ord","n_classes_scored",200,4,0
"types_mixed",100,0.7,0.5,"BM","mcar",0.3,"freq","ord","n_classes_scored",200,3.83,0.0293223292897218
"types_mixed",300,0.7,0.5,"BM","mcar",0.3,"freq","ord","n_classes_scored",200,3.97,0.0120926074846947
"types_mixed",1000,0.7,0.5,"BM","mcar",0.3,"freq","ord","n_classes_scored",200,3.98,0.00992433687011669
"types_mixed",100,1,0.5,"BM","mcar",0.3,"freq","ord","n_classes_scored",200,3.295,0.0500238636519947
"types_mixed",300,1,0.5,"BM","mcar",0.3,"freq","ord","n_classes_scored",200,3.475,0.0480459892751428
"types_mixed",1000,1,0.5,"BM","mcar",0.3,"freq","ord","n_classes_scored",200,3.515,0.046472286008267
"types_mixed",100,0.3,0,"BM","mcar",0.3,"freq_lambda","ord","n_classes_scored",200,3.97,0.0120926074846947
"types_mixed",300,0.3,0,"BM","mcar",0.3,"freq_lambda","ord","n_classes_scored",200,4,0
"types_mixed",1000,0.3,0,"BM","mcar",0.3,"freq_lambda","ord","n_classes_scored",200,4,0
"types_mixed",100,0.7,0,"BM","mcar",0.3,"freq_lambda","ord","n_classes_scored",200,3.8,0.0308994153560667
"types_mixed",300,0.7,0,"BM","mcar",0.3,"freq_lambda","ord","n_classes_scored",200,3.97,0.0120926074846947
"types_mixed",1000,0.7,0,"BM","mcar",0.3,"freq_lambda","ord","n_classes_scored",200,3.98,0.00992433687011669
"types_mixed",100,1,0,"BM","mcar",0.3,"freq_lambda","ord","n_classes_scored",200,3.315,0.0514012200938429
"types_mixed",300,1,0,"BM","mcar",0.3,"freq_lambda","ord","n_classes_scored",200,3.465,0.0447648798988874
"types_mixed",1000,1,0,"BM","mcar",0.3,"freq_lambda","ord","n_classes_scored",200,3.525,0.046988451484001
"types_mixed",100,0.3,0.5,"BM","mcar",0.3,"freq_lambda","ord","n_classes_scored",200,3.985,0.00861662527650929
"types_mixed",300,0.3,0.5,"BM","mcar",0.3,"freq_lambda","ord","n_classes_scored",200,4,0
"types_mixed",1000,0.3,0.5,"BM","mcar",0.3,"freq_lambda","ord","n_classes_scored",200,4,0
"types_mixed",100,0.7,0.5,"BM","mcar",0.3,"freq_lambda","ord","n_classes_scored",200,3.83,0.0293223292897218
"types_mixed",300,0.7,0.5,"BM","mcar",0.3,"freq_lambda","ord","n_classes_scored",200,3.97,0.0120926074846947
"types_mixed",1000,0.7,0.5,"BM","mcar",0.3,"freq_lambda","ord","n_classes_scored",200,3.98,0.00992433687011669
"types_mixed",100,1,0.5,"BM","mcar",0.3,"freq_lambda","ord","n_classes_scored",200,3.295,0.0500238636519947
"types_mixed",300,1,0.5,"BM","mcar",0.3,"freq_lambda","ord","n_classes_scored",200,3.475,0.0480459892751428
"types_mixed",1000,1,0.5,"BM","mcar",0.3,"freq_lambda","ord","n_classes_scored",200,3.515,0.046472286008267
"types_mixed",100,0.3,0,"BM","mcar",0.3,"gnn_off","ord","n_classes_scored",200,3.97,0.0120926074846947
"types_mixed",300,0.3,0,"BM","mcar",0.3,"gnn_off","ord","n_classes_scored",200,4,0
"types_mixed",1000,0.3,0,"BM","mcar",0.3,"gnn_off","ord","n_classes_scored",200,4,0
"types_mixed",100,0.7,0,"BM","mcar",0.3,"gnn_off","ord","n_classes_scored",200,3.8,0.0308994153560667
"types_mixed",300,0.7,0,"BM","mcar",0.3,"gnn_off","ord","n_classes_scored",200,3.97,0.0120926074846947
"types_mixed",1000,0.7,0,"BM","mcar",0.3,"gnn_off","ord","n_classes_scored",200,3.98,0.00992433687011669
"types_mixed",100,1,0,"BM","mcar",0.3,"gnn_off","ord","n_classes_scored",200,3.315,0.0514012200938429
"types_mixed",300,1,0,"BM","mcar",0.3,"gnn_off","ord","n_classes_scored",200,3.465,0.0447648798988874
"types_mixed",1000,1,0,"BM","mcar",0.3,"gnn_off","ord","n_classes_scored",200,3.525,0.046988451484001
"types_mixed",100,0.3,0.5,"BM","mcar",0.3,"gnn_off","ord","n_classes_scored",200,3.985,0.00861662527650929
"types_mixed",300,0.3,0.5,"BM","mcar",0.3,"gnn_off","ord","n_classes_scored",200,4,0
"types_mixed",1000,0.3,0.5,"BM","mcar",0.3,"gnn_off","ord","n_classes_scored",200,4,0
"types_mixed",100,0.7,0.5,"BM","mcar",0.3,"gnn_off","ord","n_classes_scored",200,3.83,0.0293223292897218
"types_mixed",300,0.7,0.5,"BM","mcar",0.3,"gnn_off","ord","n_classes_scored",200,3.97,0.0120926074846947
"types_mixed",1000,0.7,0.5,"BM","mcar",0.3,"gnn_off","ord","n_classes_scored",200,3.98,0.00992433687011669
"types_mixed",100,1,0.5,"BM","mcar",0.3,"gnn_off","ord","n_classes_scored",200,3.295,0.0500238636519947
"types_mixed",300,1,0.5,"BM","mcar",0.3,"gnn_off","ord","n_classes_scored",200,3.475,0.0480459892751428
"types_mixed",1000,1,0.5,"BM","mcar",0.3,"gnn_off","ord","n_classes_scored",200,3.515,0.046472286008267
"types_mixed",100,0.3,0,"BM","mcar",0.3,"gnn_off_rphylopars","ord","n_classes_scored",200,3.97,0.0120926074846947
"types_mixed",300,0.3,0,"BM","mcar",0.3,"gnn_off_rphylopars","ord","n_classes_scored",200,4,0
"types_mixed",1000,0.3,0,"BM","mcar",0.3,"gnn_off_rphylopars","ord","n_classes_scored",200,4,0
"types_mixed",100,0.7,0,"BM","mcar",0.3,"gnn_off_rphylopars","ord","n_classes_scored",200,3.8,0.0308994153560667
"types_mixed",300,0.7,0,"BM","mcar",0.3,"gnn_off_rphylopars","ord","n_classes_scored",200,3.97,0.0120926074846947
"types_mixed",1000,0.7,0,"BM","mcar",0.3,"gnn_off_rphylopars","ord","n_classes_scored",200,3.98,0.00992433687011669
"types_mixed",100,1,0,"BM","mcar",0.3,"gnn_off_rphylopars","ord","n_classes_scored",200,3.315,0.0514012200938429
"types_mixed",300,1,0,"BM","mcar",0.3,"gnn_off_rphylopars","ord","n_classes_scored",200,3.465,0.0447648798988874
"types_mixed",1000,1,0,"BM","mcar",0.3,"gnn_off_rphylopars","ord","n_classes_scored",200,3.525,0.046988451484001
"types_mixed",100,0.3,0.5,"BM","mcar",0.3,"gnn_off_rphylopars","ord","n_classes_scored",200,3.985,0.00861662527650929
"types_mixed",300,0.3,0.5,"BM","mcar",0.3,"gnn_off_rphylopars","ord","n_classes_scored",200,4,0
"types_mixed",1000,0.3,0.5,"BM","mcar",0.3,"gnn_off_rphylopars","ord","n_classes_scored",200,4,0
"types_mixed",100,0.7,0.5,"BM","mcar",0.3,"gnn_off_rphylopars","ord","n_classes_scored",200,3.83,0.0293223292897218
"types_mixed",300,0.7,0.5,"BM","mcar",0.3,"gnn_off_rphylopars","ord","n_classes_scored",200,3.97,0.0120926074846947
"types_mixed",1000,0.7,0.5,"BM","mcar",0.3,"gnn_off_rphylopars","ord","n_classes_scored",200,3.98,0.00992433687011669
"types_mixed",100,1,0.5,"BM","mcar",0.3,"gnn_off_rphylopars","ord","n_classes_scored",200,3.295,0.0500238636519947
"types_mixed",300,1,0.5,"BM","mcar",0.3,"gnn_off_rphylopars","ord","n_classes_scored",200,3.475,0.0480459892751428
"types_mixed",1000,1,0.5,"BM","mcar",0.3,"gnn_off_rphylopars","ord","n_classes_scored",200,3.515,0.046472286008267
"types_mixed",100,0.3,0,"BM","mcar",0.3,"gnn_on","ord","n_classes_scored",200,3.97,0.0120926074846947
"types_mixed",300,0.3,0,"BM","mcar",0.3,"gnn_on","ord","n_classes_scored",200,4,0
"types_mixed",1000,0.3,0,"BM","mcar",0.3,"gnn_on","ord","n_classes_scored",200,4,0
"types_mixed",100,0.7,0,"BM","mcar",0.3,"gnn_on","ord","n_classes_scored",200,3.8,0.0308994153560667
"types_mixed",300,0.7,0,"BM","mcar",0.3,"gnn_on","ord","n_classes_scored",200,3.97,0.0120926074846947
"types_mixed",1000,0.7,0,"BM","mcar",0.3,"gnn_on","ord","n_classes_scored",200,3.98,0.00992433687011669
"types_mixed",100,1,0,"BM","mcar",0.3,"gnn_on","ord","n_classes_scored",200,3.315,0.0514012200938429
"types_mixed",300,1,0,"BM","mcar",0.3,"gnn_on","ord","n_classes_scored",200,3.465,0.0447648798988874
"types_mixed",1000,1,0,"BM","mcar",0.3,"gnn_on","ord","n_classes_scored",200,3.525,0.046988451484001
"types_mixed",100,0.3,0.5,"BM","mcar",0.3,"gnn_on","ord","n_classes_scored",200,3.985,0.00861662527650929
"types_mixed",300,0.3,0.5,"BM","mcar",0.3,"gnn_on","ord","n_classes_scored",200,4,0
"types_mixed",1000,0.3,0.5,"BM","mcar",0.3,"gnn_on","ord","n_classes_scored",200,4,0
"types_mixed",100,0.7,0.5,"BM","mcar",0.3,"gnn_on","ord","n_classes_scored",200,3.83,0.0293223292897218
"types_mixed",300,0.7,0.5,"BM","mcar",0.3,"gnn_on","ord","n_classes_scored",200,3.97,0.0120926074846947
"types_mixed",1000,0.7,0.5,"BM","mcar",0.3,"gnn_on","ord","n_classes_scored",200,3.98,0.00992433687011669
"types_mixed",100,1,0.5,"BM","mcar",0.3,"gnn_on","ord","n_classes_scored",200,3.295,0.0500238636519947
"types_mixed",300,1,0.5,"BM","mcar",0.3,"gnn_on","ord","n_classes_scored",200,3.475,0.0480459892751428
"types_mixed",1000,1,0.5,"BM","mcar",0.3,"gnn_on","ord","n_classes_scored",200,3.515,0.046472286008267
"types_mixed",100,0.3,0,"BM","mcar",0.3,"gnn_on_full","ord","n_classes_scored",200,3.97,0.0120926074846947
"types_mixed",300,0.3,0,"BM","mcar",0.3,"gnn_on_full","ord","n_classes_scored",200,4,0
"types_mixed",1000,0.3,0,"BM","mcar",0.3,"gnn_on_full","ord","n_classes_scored",200,4,0
"types_mixed",100,0.7,0,"BM","mcar",0.3,"gnn_on_full","ord","n_classes_scored",200,3.8,0.0308994153560667
"types_mixed",300,0.7,0,"BM","mcar",0.3,"gnn_on_full","ord","n_classes_scored",200,3.97,0.0120926074846947
"types_mixed",1000,0.7,0,"BM","mcar",0.3,"gnn_on_full","ord","n_classes_scored",200,3.98,0.00992433687011669
"types_mixed",100,1,0,"BM","mcar",0.3,"gnn_on_full","ord","n_classes_scored",185,3.36216216216216,0.0516289115751328
"types_mixed",300,1,0,"BM","mcar",0.3,"gnn_on_full","ord","n_classes_scored",186,3.48924731182796,0.0439539846250479
"types_mixed",1000,1,0,"BM","mcar",0.3,"gnn_on_full","ord","n_classes_scored",191,3.5130890052356,0.0486004958564208
"types_mixed",100,0.3,0.5,"BM","mcar",0.3,"gnn_on_full","ord","n_classes_scored",200,3.985,0.00861662527650929
"types_mixed",300,0.3,0.5,"BM","mcar",0.3,"gnn_on_full","ord","n_classes_scored",200,4,0
"types_mixed",1000,0.3,0.5,"BM","mcar",0.3,"gnn_on_full","ord","n_classes_scored",200,4,0
"types_mixed",100,0.7,0.5,"BM","mcar",0.3,"gnn_on_full","ord","n_classes_scored",200,3.83,0.0293223292897218
"types_mixed",300,0.7,0.5,"BM","mcar",0.3,"gnn_on_full","ord","n_classes_scored",200,3.97,0.0120926074846947
"types_mixed",1000,0.7,0.5,"BM","mcar",0.3,"gnn_on_full","ord","n_classes_scored",200,3.98,0.00992433687011669
"types_mixed",100,1,0.5,"BM","mcar",0.3,"gnn_on_full","ord","n_classes_scored",183,3.32786885245902,0.051497676786041
"types_mixed",300,1,0.5,"BM","mcar",0.3,"gnn_on_full","ord","n_classes_scored",185,3.52432432432432,0.0466694946566624
"types_mixed",1000,1,0.5,"BM","mcar",0.3,"gnn_on_full","ord","n_classes_scored",193,3.5440414507772,0.0458428455160269
"types_mixed",100,0.3,0,"BM","mcar",0.3,"bace","c1","width",100,2.69650530828618,0.0413258541170583
"types_mixed",300,0.3,0,"BM","mcar",0.3,"bace","c1","width",100,2.46056212118006,0.0244124207010032
"types_mixed",1000,0.3,0,"BM","mcar",0.3,"bace","c1","width",100,2.39488335797954,0.0192143402374775
"types_mixed",100,0.7,0,"BM","mcar",0.3,"bace","c1","width",100,2.23990463596782,0.052356554492865
"types_mixed",300,0.7,0,"BM","mcar",0.3,"bace","c1","width",100,2.04024932004191,0.0343338446254462
"types_mixed",1000,0.7,0,"BM","mcar",0.3,"bace","c1","width",100,1.91487891162095,0.0344856295228382
"types_mixed",100,1,0,"BM","mcar",0.3,"bace","c1","width",100,0.699340774072087,0.0444894795997381
"types_mixed",300,1,0,"BM","mcar",0.3,"bace","c1","width",100,0.396657804563288,0.0194158077370287
"types_mixed",1000,1,0,"BM","mcar",0.3,"bace","c1","width",93,0.211203036452978,0.0119976167698174
"types_mixed",100,0.3,0.5,"BM","mcar",0.3,"bace","c1","width",100,2.34908496958961,0.0382659698326578
"types_mixed",300,0.3,0.5,"BM","mcar",0.3,"bace","c1","width",100,2.30338302076038,0.0186706059886811
"types_mixed",1000,0.3,0.5,"BM","mcar",0.3,"bace","c1","width",97,2.28455336684447,0.0166893030627916
"types_mixed",100,0.7,0.5,"BM","mcar",0.3,"bace","c1","width",97,1.92402063780384,0.0465191614109417
"types_mixed",300,0.7,0.5,"BM","mcar",0.3,"bace","c1","width",99,1.9018240164682,0.0346362697392996
"types_mixed",1000,0.7,0.5,"BM","mcar",0.3,"bace","c1","width",90,1.8394472805104,0.0334224757518775
"types_mixed",100,1,0.5,"BM","mcar",0.3,"bace","c1","width",100,0.664053756516641,0.0386141473975567
"types_mixed",300,1,0.5,"BM","mcar",0.3,"bace","c1","width",100,0.357632886077609,0.0182711635952186
"types_mixed",1000,1,0.5,"BM","mcar",0.3,"bace","c1","width",100,0.19825564376676,0.00986566074648089
"types_mixed",100,0.3,0,"BM","mcar",0.3,"floor","c1","width",200,NA,NA
"types_mixed",300,0.3,0,"BM","mcar",0.3,"floor","c1","width",200,NA,NA
"types_mixed",1000,0.3,0,"BM","mcar",0.3,"floor","c1","width",200,NA,NA
"types_mixed",100,0.7,0,"BM","mcar",0.3,"floor","c1","width",200,NA,NA
"types_mixed",300,0.7,0,"BM","mcar",0.3,"floor","c1","width",200,NA,NA
"types_mixed",1000,0.7,0,"BM","mcar",0.3,"floor","c1","width",200,NA,NA
"types_mixed",100,1,0,"BM","mcar",0.3,"floor","c1","width",200,NA,NA
"types_mixed",300,1,0,"BM","mcar",0.3,"floor","c1","width",200,NA,NA
"types_mixed",1000,1,0,"BM","mcar",0.3,"floor","c1","width",200,NA,NA
"types_mixed",100,0.3,0.5,"BM","mcar",0.3,"floor","c1","width",200,NA,NA
"types_mixed",300,0.3,0.5,"BM","mcar",0.3,"floor","c1","width",200,NA,NA
"types_mixed",1000,0.3,0.5,"BM","mcar",0.3,"floor","c1","width",200,NA,NA
"types_mixed",100,0.7,0.5,"BM","mcar",0.3,"floor","c1","width",200,NA,NA
"types_mixed",300,0.7,0.5,"BM","mcar",0.3,"floor","c1","width",200,NA,NA
"types_mixed",1000,0.7,0.5,"BM","mcar",0.3,"floor","c1","width",200,NA,NA
"types_mixed",100,1,0.5,"BM","mcar",0.3,"floor","c1","width",200,NA,NA
"types_mixed",300,1,0.5,"BM","mcar",0.3,"floor","c1","width",200,NA,NA
"types_mixed",1000,1,0.5,"BM","mcar",0.3,"floor","c1","width",200,NA,NA
"types_mixed",100,0.3,0,"BM","mcar",0.3,"freq","c1","width",200,5.6400759405637,0.15094865541885
"types_mixed",300,0.3,0,"BM","mcar",0.3,"freq","c1","width",200,7.4687730640242,0.649412815337494
"types_mixed",1000,0.3,0,"BM","mcar",0.3,"freq","c1","width",200,8.20970667827112,0.171262293345026
"types_mixed",100,0.7,0,"BM","mcar",0.3,"freq","c1","width",200,4.37978776962793,0.134305264756787
"types_mixed",300,0.7,0,"BM","mcar",0.3,"freq","c1","width",200,5.84901121393052,0.436180694710525
"types_mixed",1000,0.7,0,"BM","mcar",0.3,"freq","c1","width",200,6.52954148500478,0.160086487060189
"types_mixed",100,1,0,"BM","mcar",0.3,"freq","c1","width",200,0.740700352007439,0.022504207727279
"types_mixed",300,1,0,"BM","mcar",0.3,"freq","c1","width",200,0.446853965624051,0.0123229814325199
"types_mixed",1000,1,0,"BM","mcar",0.3,"freq","c1","width",200,0.254532718459838,0.006580228170477
"types_mixed",100,0.3,0.5,"BM","mcar",0.3,"freq","c1","width",200,5.16520863821833,0.128667069843467
"types_mixed",300,0.3,0.5,"BM","mcar",0.3,"freq","c1","width",200,6.32816124511554,0.233626334413362
"types_mixed",1000,0.3,0.5,"BM","mcar",0.3,"freq","c1","width",200,7.32243019346208,0.144796774516093
"types_mixed",100,0.7,0.5,"BM","mcar",0.3,"freq","c1","width",200,4.01268899301071,0.114789719357766
"types_mixed",300,0.7,0.5,"BM","mcar",0.3,"freq","c1","width",200,5.01929336787246,0.175358656037267
"types_mixed",1000,0.7,0.5,"BM","mcar",0.3,"freq","c1","width",200,5.81610069466025,0.135995472549345
"types_mixed",100,1,0.5,"BM","mcar",0.3,"freq","c1","width",200,0.696499194983988,0.021565864837254
"types_mixed",300,1,0.5,"BM","mcar",0.3,"freq","c1","width",200,0.422755260556983,0.0116934883869587
"types_mixed",1000,1,0.5,"BM","mcar",0.3,"freq","c1","width",200,0.239770457021515,0.00611106330995172
"types_mixed",100,0.3,0,"BM","mcar",0.3,"freq_lambda","c1","width",200,3.32966542727589,0.0210400534247781
"types_mixed",300,0.3,0,"BM","mcar",0.3,"freq_lambda","c1","width",200,3.364305367818,0.016559830216465
"types_mixed",1000,0.3,0,"BM","mcar",0.3,"freq_lambda","c1","width",200,3.33970256276099,0.01637260852881
"types_mixed",100,0.7,0,"BM","mcar",0.3,"freq_lambda","c1","width",200,2.71248772387195,0.0357050931105826
"types_mixed",300,0.7,0,"BM","mcar",0.3,"freq_lambda","c1","width",200,2.73681273314751,0.0323176013524204
"types_mixed",1000,0.7,0,"BM","mcar",0.3,"freq_lambda","c1","width",200,2.67931416745394,0.0329195916422714
"types_mixed",100,1,0,"BM","mcar",0.3,"freq_lambda","c1","width",200,0.756411723252575,0.0220108760260558
"types_mixed",300,1,0,"BM","mcar",0.3,"freq_lambda","c1","width",200,0.458932325480208,0.0125200296550505
"types_mixed",1000,1,0,"BM","mcar",0.3,"freq_lambda","c1","width",200,0.261547988059749,0.00673860301418627
"types_mixed",100,0.3,0.5,"BM","mcar",0.3,"freq_lambda","c1","width",200,3.04997791433256,0.0209212152295618
"types_mixed",300,0.3,0.5,"BM","mcar",0.3,"freq_lambda","c1","width",200,3.06799764193791,0.0161290730824016
"types_mixed",1000,0.3,0.5,"BM","mcar",0.3,"freq_lambda","c1","width",200,3.03919380607341,0.0155462318293395
"types_mixed",100,0.7,0.5,"BM","mcar",0.3,"freq_lambda","c1","width",200,2.49521385664671,0.032945667277738
"types_mixed",300,0.7,0.5,"BM","mcar",0.3,"freq_lambda","c1","width",200,2.50490609408896,0.0300415292087035
"types_mixed",1000,0.7,0.5,"BM","mcar",0.3,"freq_lambda","c1","width",200,2.45225355239855,0.0305250432266518
"types_mixed",100,1,0.5,"BM","mcar",0.3,"freq_lambda","c1","width",200,0.711325883357277,0.0215845703374329
"types_mixed",300,1,0.5,"BM","mcar",0.3,"freq_lambda","c1","width",200,0.435933677253972,0.011991847148792
"types_mixed",1000,1,0.5,"BM","mcar",0.3,"freq_lambda","c1","width",200,0.247216984449895,0.0062776572555847
"types_mixed",100,0.3,0,"BM","mcar",0.3,"gnn_off","c1","width",200,3.43441833036598,0.0758114276665066
"types_mixed",300,0.3,0,"BM","mcar",0.3,"gnn_off","c1","width",200,4.30805109146813,0.0657841595955151
"types_mixed",1000,0.3,0,"BM","mcar",0.3,"gnn_off","c1","width",200,4.00652311496308,0.0310414772452561
"types_mixed",100,0.7,0,"BM","mcar",0.3,"gnn_off","c1","width",200,2.88499553862492,0.0760092963275988
"types_mixed",300,0.7,0,"BM","mcar",0.3,"gnn_off","c1","width",200,3.61771420382077,0.0664547080962154
"types_mixed",1000,0.7,0,"BM","mcar",0.3,"gnn_off","c1","width",200,3.38374725385269,0.0414331024515234
"types_mixed",100,1,0,"BM","mcar",0.3,"gnn_off","c1","width",200,1.15384897465698,0.0669919154249004
"types_mixed",300,1,0,"BM","mcar",0.3,"gnn_off","c1","width",200,1.03138239445616,0.0565102542041809
"types_mixed",1000,1,0,"BM","mcar",0.3,"gnn_off","c1","width",200,0.439074915691037,0.013183608511079
"types_mixed",100,0.3,0.5,"BM","mcar",0.3,"gnn_off","c1","width",200,3.43441833036598,0.0758114276665066
"types_mixed",300,0.3,0.5,"BM","mcar",0.3,"gnn_off","c1","width",200,4.30805109146813,0.0657841595955151
"types_mixed",1000,0.3,0.5,"BM","mcar",0.3,"gnn_off","c1","width",200,4.00652311496308,0.0310414772452561
"types_mixed",100,0.7,0.5,"BM","mcar",0.3,"gnn_off","c1","width",200,2.88499553862492,0.0760092963275988
"types_mixed",300,0.7,0.5,"BM","mcar",0.3,"gnn_off","c1","width",200,3.61771420382077,0.0664547080962154
"types_mixed",1000,0.7,0.5,"BM","mcar",0.3,"gnn_off","c1","width",200,3.38374725385269,0.0414331024515234
"types_mixed",100,1,0.5,"BM","mcar",0.3,"gnn_off","c1","width",200,1.15384897465698,0.0669919154249004
"types_mixed",300,1,0.5,"BM","mcar",0.3,"gnn_off","c1","width",200,1.03138239445616,0.0565102542041809
"types_mixed",1000,1,0.5,"BM","mcar",0.3,"gnn_off","c1","width",200,0.439074915691037,0.013183608511079
"types_mixed",100,0.3,0,"BM","mcar",0.3,"gnn_off_rphylopars","c1","width",200,3.4567055950682,0.0739630238823124
"types_mixed",300,0.3,0,"BM","mcar",0.3,"gnn_off_rphylopars","c1","width",200,4.31236429141106,0.0659183829424819
"types_mixed",1000,0.3,0,"BM","mcar",0.3,"gnn_off_rphylopars","c1","width",200,3.98410413207957,0.030198396525652
"types_mixed",100,0.7,0,"BM","mcar",0.3,"gnn_off_rphylopars","c1","width",200,3.08903636812812,0.0726836703668816
"types_mixed",300,0.7,0,"BM","mcar",0.3,"gnn_off_rphylopars","c1","width",200,3.88889549020081,0.0663924183635859
"types_mixed",1000,0.7,0,"BM","mcar",0.3,"gnn_off_rphylopars","c1","width",200,3.50873138216906,0.0383194237518064
"types_mixed",100,1,0,"BM","mcar",0.3,"gnn_off_rphylopars","c1","width",200,1.19041614632571,0.0696271783519047
"types_mixed",300,1,0,"BM","mcar",0.3,"gnn_off_rphylopars","c1","width",200,1.0047008251681,0.0563337960828028
"types_mixed",1000,1,0,"BM","mcar",0.3,"gnn_off_rphylopars","c1","width",200,0.424841361175722,0.0124063623842016
"types_mixed",100,0.3,0.5,"BM","mcar",0.3,"gnn_off_rphylopars","c1","width",200,3.3961005714005,0.0734813319907561
"types_mixed",300,0.3,0.5,"BM","mcar",0.3,"gnn_off_rphylopars","c1","width",200,4.19837072999788,0.0636550087932126
"types_mixed",1000,0.3,0.5,"BM","mcar",0.3,"gnn_off_rphylopars","c1","width",200,3.84532826935821,0.0315997604366101
"types_mixed",100,0.7,0.5,"BM","mcar",0.3,"gnn_off_rphylopars","c1","width",200,2.79793531816685,0.0704325570411594
"types_mixed",300,0.7,0.5,"BM","mcar",0.3,"gnn_off_rphylopars","c1","width",200,3.70686987368802,0.0664246714196529
"types_mixed",1000,0.7,0.5,"BM","mcar",0.3,"gnn_off_rphylopars","c1","width",200,3.26437980816005,0.0367836707726554
"types_mixed",100,1,0.5,"BM","mcar",0.3,"gnn_off_rphylopars","c1","width",200,1.11162425657468,0.0625622330632931
"types_mixed",300,1,0.5,"BM","mcar",0.3,"gnn_off_rphylopars","c1","width",200,0.911221106386473,0.0491525128913612
"types_mixed",1000,1,0.5,"BM","mcar",0.3,"gnn_off_rphylopars","c1","width",200,0.39161816742758,0.0117706277455663
"types_mixed",100,0.3,0,"BM","mcar",0.3,"gnn_on","c1","width",200,3.39048804559244,0.0752739235130093
"types_mixed",300,0.3,0,"BM","mcar",0.3,"gnn_on","c1","width",200,4.30687862547935,0.0660389873283717
"types_mixed",1000,0.3,0,"BM","mcar",0.3,"gnn_on","c1","width",200,4.01058614501119,0.0319444994849287
"types_mixed",100,0.7,0,"BM","mcar",0.3,"gnn_on","c1","width",200,2.82149230900764,0.0761322111142462
"types_mixed",300,0.7,0,"BM","mcar",0.3,"gnn_on","c1","width",200,3.61156126942867,0.0679479441809177
"types_mixed",1000,0.7,0,"BM","mcar",0.3,"gnn_on","c1","width",200,3.38104117657271,0.0434609429749134
"types_mixed",100,1,0,"BM","mcar",0.3,"gnn_on","c1","width",200,1.10163088835051,0.0630797411909118
"types_mixed",300,1,0,"BM","mcar",0.3,"gnn_on","c1","width",200,1.02422188367571,0.0600905769499049
"types_mixed",1000,1,0,"BM","mcar",0.3,"gnn_on","c1","width",200,0.440963118972282,0.013619481792372
"types_mixed",100,0.3,0.5,"BM","mcar",0.3,"gnn_on","c1","width",200,3.31995832540412,0.0753124143347234
"types_mixed",300,0.3,0.5,"BM","mcar",0.3,"gnn_on","c1","width",200,4.29315076204807,0.0647303449187158
"types_mixed",1000,0.3,0.5,"BM","mcar",0.3,"gnn_on","c1","width",200,3.99869660795639,0.0311078316259662
"types_mixed",100,0.7,0.5,"BM","mcar",0.3,"gnn_on","c1","width",200,2.74920471733306,0.0767956423026803
"types_mixed",300,0.7,0.5,"BM","mcar",0.3,"gnn_on","c1","width",200,3.56526177935889,0.0699994157059707
"types_mixed",1000,0.7,0.5,"BM","mcar",0.3,"gnn_on","c1","width",200,3.37509568049528,0.0423055235001632
"types_mixed",100,1,0.5,"BM","mcar",0.3,"gnn_on","c1","width",200,1.08852374913501,0.0675764182507839
"types_mixed",300,1,0.5,"BM","mcar",0.3,"gnn_on","c1","width",200,0.983056813482262,0.0502813547664426
"types_mixed",1000,1,0.5,"BM","mcar",0.3,"gnn_on","c1","width",200,0.441171222444794,0.0134219767428397
"types_mixed",100,0.3,0,"BM","mcar",0.3,"gnn_on_full","c1","width",200,3.39048804559244,0.0752739235130093
"types_mixed",300,0.3,0,"BM","mcar",0.3,"gnn_on_full","c1","width",200,4.30687862547935,0.0660389873283717
"types_mixed",1000,0.3,0,"BM","mcar",0.3,"gnn_on_full","c1","width",200,4.01058614501119,0.0319444994849287
"types_mixed",100,0.7,0,"BM","mcar",0.3,"gnn_on_full","c1","width",200,2.82149230900764,0.0761322111142462
"types_mixed",300,0.7,0,"BM","mcar",0.3,"gnn_on_full","c1","width",200,3.61156126942867,0.0679479441809177
"types_mixed",1000,0.7,0,"BM","mcar",0.3,"gnn_on_full","c1","width",200,3.38104117657271,0.0434609429749134
"types_mixed",100,1,0,"BM","mcar",0.3,"gnn_on_full","c1","width",185,1.09978376028523,0.062635863233301
"types_mixed",300,1,0,"BM","mcar",0.3,"gnn_on_full","c1","width",186,1.02382582471137,0.0600267845965435
"types_mixed",1000,1,0,"BM","mcar",0.3,"gnn_on_full","c1","width",191,0.440984226694255,0.013620822586374
"types_mixed",100,0.3,0.5,"BM","mcar",0.3,"gnn_on_full","c1","width",200,3.31995832540412,0.0753124143347234
"types_mixed",300,0.3,0.5,"BM","mcar",0.3,"gnn_on_full","c1","width",200,4.29315076204807,0.0647303449187158
"types_mixed",1000,0.3,0.5,"BM","mcar",0.3,"gnn_on_full","c1","width",200,3.99869660795639,0.0311078316259662
"types_mixed",100,0.7,0.5,"BM","mcar",0.3,"gnn_on_full","c1","width",200,2.74920471733306,0.0767956423026803
"types_mixed",300,0.7,0.5,"BM","mcar",0.3,"gnn_on_full","c1","width",200,3.56526177935889,0.0699994157059707
"types_mixed",1000,0.7,0.5,"BM","mcar",0.3,"gnn_on_full","c1","width",200,3.37509568049528,0.0423055235001632
"types_mixed",100,1,0.5,"BM","mcar",0.3,"gnn_on_full","c1","width",183,1.08656441982003,0.0671148374081619
"types_mixed",300,1,0.5,"BM","mcar",0.3,"gnn_on_full","c1","width",185,0.982532736925596,0.0501166231443635
"types_mixed",1000,1,0.5,"BM","mcar",0.3,"gnn_on_full","c1","width",193,0.441192111433897,0.0134233074563821
"types_mixed",100,0.3,0,"BM","mcar",0.3,"bace","c2","width",100,2.6468612440608,0.0361265285634151
"types_mixed",300,0.3,0,"BM","mcar",0.3,"bace","c2","width",100,2.49453704944365,0.0207255438832698
"types_mixed",1000,0.3,0,"BM","mcar",0.3,"bace","c2","width",100,2.42528199686983,0.0176070601017204
"types_mixed",100,0.7,0,"BM","mcar",0.3,"bace","c2","width",100,2.22011706905928,0.0549680845441692
"types_mixed",300,0.7,0,"BM","mcar",0.3,"bace","c2","width",100,2.05406998996234,0.0366589583547985
"types_mixed",1000,0.7,0,"BM","mcar",0.3,"bace","c2","width",100,1.90955889382745,0.0348495218125681
"types_mixed",100,1,0,"BM","mcar",0.3,"bace","c2","width",100,0.756010132626105,0.0475049201449141
"types_mixed",300,1,0,"BM","mcar",0.3,"bace","c2","width",100,0.406459216311743,0.0264725081117943
"types_mixed",1000,1,0,"BM","mcar",0.3,"bace","c2","width",93,0.214404012963215,0.0117975023383273
"types_mixed",100,0.3,0.5,"BM","mcar",0.3,"bace","c2","width",100,2.39472655105603,0.0371520679237119
"types_mixed",300,0.3,0.5,"BM","mcar",0.3,"bace","c2","width",100,2.31766861841258,0.0218887947594438
"types_mixed",1000,0.3,0.5,"BM","mcar",0.3,"bace","c2","width",97,2.28235436848218,0.0135047587620895
"types_mixed",100,0.7,0.5,"BM","mcar",0.3,"bace","c2","width",97,1.99292427574118,0.0486284503578313
"types_mixed",300,0.7,0.5,"BM","mcar",0.3,"bace","c2","width",99,1.8984878145269,0.0349584395179846
"types_mixed",1000,0.7,0.5,"BM","mcar",0.3,"bace","c2","width",90,1.81984720446792,0.0331130028183923
"types_mixed",100,1,0.5,"BM","mcar",0.3,"bace","c2","width",100,0.7287741944223,0.0460435345465266
"types_mixed",300,1,0.5,"BM","mcar",0.3,"bace","c2","width",100,0.383855190882475,0.0210705419210328
"types_mixed",1000,1,0.5,"BM","mcar",0.3,"bace","c2","width",100,0.198389896073989,0.0108289515868451
"types_mixed",100,0.3,0,"BM","mcar",0.3,"floor","c2","width",200,NA,NA
"types_mixed",300,0.3,0,"BM","mcar",0.3,"floor","c2","width",200,NA,NA
"types_mixed",1000,0.3,0,"BM","mcar",0.3,"floor","c2","width",200,NA,NA
"types_mixed",100,0.7,0,"BM","mcar",0.3,"floor","c2","width",200,NA,NA
"types_mixed",300,0.7,0,"BM","mcar",0.3,"floor","c2","width",200,NA,NA
"types_mixed",1000,0.7,0,"BM","mcar",0.3,"floor","c2","width",200,NA,NA
"types_mixed",100,1,0,"BM","mcar",0.3,"floor","c2","width",200,NA,NA
"types_mixed",300,1,0,"BM","mcar",0.3,"floor","c2","width",200,NA,NA
"types_mixed",1000,1,0,"BM","mcar",0.3,"floor","c2","width",200,NA,NA
"types_mixed",100,0.3,0.5,"BM","mcar",0.3,"floor","c2","width",200,NA,NA
"types_mixed",300,0.3,0.5,"BM","mcar",0.3,"floor","c2","width",200,NA,NA
"types_mixed",1000,0.3,0.5,"BM","mcar",0.3,"floor","c2","width",200,NA,NA
"types_mixed",100,0.7,0.5,"BM","mcar",0.3,"floor","c2","width",200,NA,NA
"types_mixed",300,0.7,0.5,"BM","mcar",0.3,"floor","c2","width",200,NA,NA
"types_mixed",1000,0.7,0.5,"BM","mcar",0.3,"floor","c2","width",200,NA,NA
"types_mixed",100,1,0.5,"BM","mcar",0.3,"floor","c2","width",200,NA,NA
"types_mixed",300,1,0.5,"BM","mcar",0.3,"floor","c2","width",200,NA,NA
"types_mixed",1000,1,0.5,"BM","mcar",0.3,"floor","c2","width",200,NA,NA
"types_mixed",100,0.3,0,"BM","mcar",0.3,"freq","c2","width",200,5.44125187466198,0.126392067623017
"types_mixed",300,0.3,0,"BM","mcar",0.3,"freq","c2","width",200,6.98889375545911,0.167202642446188
"types_mixed",1000,0.3,0,"BM","mcar",0.3,"freq","c2","width",200,7.60001478761127,0.129847153116318
"types_mixed",100,0.7,0,"BM","mcar",0.3,"freq","c2","width",200,4.21267131573548,0.116889621300296
"types_mixed",300,0.7,0,"BM","mcar",0.3,"freq","c2","width",200,5.49803888501334,0.144580922790452
"types_mixed",1000,0.7,0,"BM","mcar",0.3,"freq","c2","width",200,5.83247558979263,0.119336744579583
"types_mixed",100,1,0,"BM","mcar",0.3,"freq","c2","width",200,0.742179140063699,0.024127746539196
"types_mixed",300,1,0,"BM","mcar",0.3,"freq","c2","width",200,0.463312195193321,0.0132016146381941
"types_mixed",1000,1,0,"BM","mcar",0.3,"freq","c2","width",200,0.246262136501326,0.0068891920527305
"types_mixed",100,0.3,0.5,"BM","mcar",0.3,"freq","c2","width",200,5.09045887466197,0.118889406150751
"types_mixed",300,0.3,0.5,"BM","mcar",0.3,"freq","c2","width",200,6.27891023266998,0.13435200827384
"types_mixed",1000,0.3,0.5,"BM","mcar",0.3,"freq","c2","width",200,6.86588903769464,0.128131740858384
"types_mixed",100,0.7,0.5,"BM","mcar",0.3,"freq","c2","width",200,3.94327251602051,0.107830271307211
"types_mixed",300,0.7,0.5,"BM","mcar",0.3,"freq","c2","width",200,4.95129806992422,0.116504956064859
"types_mixed",1000,0.7,0.5,"BM","mcar",0.3,"freq","c2","width",200,5.34230172504881,0.114342531649087
"types_mixed",100,1,0.5,"BM","mcar",0.3,"freq","c2","width",200,0.679097172059905,0.0225461282238933
"types_mixed",300,1,0.5,"BM","mcar",0.3,"freq","c2","width",200,0.438381115313493,0.0122407970268117
"types_mixed",1000,1,0.5,"BM","mcar",0.3,"freq","c2","width",200,0.241207226354415,0.00668405964575873
"types_mixed",100,0.3,0,"BM","mcar",0.3,"freq_lambda","c2","width",200,3.33135786094,0.0201615811667441
"types_mixed",300,0.3,0,"BM","mcar",0.3,"freq_lambda","c2","width",200,3.34290381484279,0.0165092937610541
"types_mixed",1000,0.3,0,"BM","mcar",0.3,"freq_lambda","c2","width",200,3.32459973072571,0.0155137431486709
"types_mixed",100,0.7,0,"BM","mcar",0.3,"freq_lambda","c2","width",200,2.6898736053945,0.0369078586292327
"types_mixed",300,0.7,0,"BM","mcar",0.3,"freq_lambda","c2","width",200,2.69554062771645,0.032034550529983
"types_mixed",1000,0.7,0,"BM","mcar",0.3,"freq_lambda","c2","width",200,2.60605786866853,0.0333387856268346
"types_mixed",100,1,0,"BM","mcar",0.3,"freq_lambda","c2","width",200,0.758969418230928,0.0238324718181884
"types_mixed",300,1,0,"BM","mcar",0.3,"freq_lambda","c2","width",200,0.472101279582618,0.0131759976576164
"types_mixed",1000,1,0,"BM","mcar",0.3,"freq_lambda","c2","width",200,0.25381985244291,0.00707772838540183
"types_mixed",100,0.3,0.5,"BM","mcar",0.3,"freq_lambda","c2","width",200,3.0432404792842,0.0200693224994142
"types_mixed",300,0.3,0.5,"BM","mcar",0.3,"freq_lambda","c2","width",200,3.04248282351765,0.016104878227206
"types_mixed",1000,0.3,0.5,"BM","mcar",0.3,"freq_lambda","c2","width",200,3.02588769016862,0.0150859025984515
"types_mixed",100,0.7,0.5,"BM","mcar",0.3,"freq_lambda","c2","width",200,2.47920692550331,0.0349764429991754
"types_mixed",300,0.7,0.5,"BM","mcar",0.3,"freq_lambda","c2","width",200,2.48181096708989,0.0305780144907797
"types_mixed",1000,0.7,0.5,"BM","mcar",0.3,"freq_lambda","c2","width",200,2.40256280917984,0.0301927926147142
"types_mixed",100,1,0.5,"BM","mcar",0.3,"freq_lambda","c2","width",200,0.695167908304242,0.022399142250327
"types_mixed",300,1,0.5,"BM","mcar",0.3,"freq_lambda","c2","width",200,0.449095154656973,0.0123241826128926
"types_mixed",1000,1,0.5,"BM","mcar",0.3,"freq_lambda","c2","width",200,0.249445627834458,0.00692360434081981
"types_mixed",100,0.3,0,"BM","mcar",0.3,"gnn_off","c2","width",200,3.43391232511091,0.0722144277739049
"types_mixed",300,0.3,0,"BM","mcar",0.3,"gnn_off","c2","width",200,4.35231777428706,0.0612543754655002
"types_mixed",1000,0.3,0,"BM","mcar",0.3,"gnn_off","c2","width",200,3.97117949686143,0.029880377189001
"types_mixed",100,0.7,0,"BM","mcar",0.3,"gnn_off","c2","width",200,2.89571296882272,0.0764370952187276
"types_mixed",300,0.7,0,"BM","mcar",0.3,"gnn_off","c2","width",200,3.66135326504131,0.0659251405195607
"types_mixed",1000,0.7,0,"BM","mcar",0.3,"gnn_off","c2","width",200,3.30279117152824,0.0430856045224622
"types_mixed",100,1,0,"BM","mcar",0.3,"gnn_off","c2","width",200,1.2065101731512,0.0641765489394645
"types_mixed",300,1,0,"BM","mcar",0.3,"gnn_off","c2","width",200,1.02279190646792,0.0480693669243711
"types_mixed",1000,1,0,"BM","mcar",0.3,"gnn_off","c2","width",200,0.450805107008749,0.0138345753643711
"types_mixed",100,0.3,0.5,"BM","mcar",0.3,"gnn_off","c2","width",200,3.41661500681014,0.0755173378030696
"types_mixed",300,0.3,0.5,"BM","mcar",0.3,"gnn_off","c2","width",200,4.39090577220544,0.0652140220763019
"types_mixed",1000,0.3,0.5,"BM","mcar",0.3,"gnn_off","c2","width",200,3.97323846213807,0.0320644944116886
"types_mixed",100,0.7,0.5,"BM","mcar",0.3,"gnn_off","c2","width",200,2.82235192010365,0.0796108674816386
"types_mixed",300,0.7,0.5,"BM","mcar",0.3,"gnn_off","c2","width",200,3.68786456969869,0.0679476395344784
"types_mixed",1000,0.7,0.5,"BM","mcar",0.3,"gnn_off","c2","width",200,3.29574601294893,0.0404525172738558
"types_mixed",100,1,0.5,"BM","mcar",0.3,"gnn_off","c2","width",200,1.15534446498222,0.0641977803994028
"types_mixed",300,1,0.5,"BM","mcar",0.3,"gnn_off","c2","width",200,1.02177299435782,0.0466726010291467
"types_mixed",1000,1,0.5,"BM","mcar",0.3,"gnn_off","c2","width",200,0.463321725650947,0.0140792324042557
"types_mixed",100,0.3,0,"BM","mcar",0.3,"gnn_off_rphylopars","c2","width",200,3.46112073287295,0.0728016388582531
"types_mixed",300,0.3,0,"BM","mcar",0.3,"gnn_off_rphylopars","c2","width",200,4.31084071189344,0.0637614027831087
"types_mixed",1000,0.3,0,"BM","mcar",0.3,"gnn_off_rphylopars","c2","width",200,3.94521486312366,0.0282693865751838
"types_mixed",100,0.7,0,"BM","mcar",0.3,"gnn_off_rphylopars","c2","width",200,3.04360704069428,0.0763106193544273
"types_mixed",300,0.7,0,"BM","mcar",0.3,"gnn_off_rphylopars","c2","width",200,3.83765345005818,0.0669241691510506
"types_mixed",1000,0.7,0,"BM","mcar",0.3,"gnn_off_rphylopars","c2","width",200,3.4037762984603,0.038321018280824
"types_mixed",100,1,0,"BM","mcar",0.3,"gnn_off_rphylopars","c2","width",200,1.26209836225367,0.0770033453551536
"types_mixed",300,1,0,"BM","mcar",0.3,"gnn_off_rphylopars","c2","width",200,0.950443231650741,0.0397427936138031
"types_mixed",1000,1,0,"BM","mcar",0.3,"gnn_off_rphylopars","c2","width",200,0.438862152448451,0.0139464617996579
"types_mixed",100,0.3,0.5,"BM","mcar",0.3,"gnn_off_rphylopars","c2","width",200,3.4545690930452,0.0744667102014589
"types_mixed",300,0.3,0.5,"BM","mcar",0.3,"gnn_off_rphylopars","c2","width",200,4.2965817321371,0.0658960717266169
"types_mixed",1000,0.3,0.5,"BM","mcar",0.3,"gnn_off_rphylopars","c2","width",200,3.79814720333835,0.0332330470148682
"types_mixed",100,0.7,0.5,"BM","mcar",0.3,"gnn_off_rphylopars","c2","width",200,3.02323093720134,0.076139788988864
"types_mixed",300,0.7,0.5,"BM","mcar",0.3,"gnn_off_rphylopars","c2","width",200,3.57799908163711,0.0620151226077051
"types_mixed",1000,0.7,0.5,"BM","mcar",0.3,"gnn_off_rphylopars","c2","width",200,3.19674757967097,0.0353253946182838
"types_mixed",100,1,0.5,"BM","mcar",0.3,"gnn_off_rphylopars","c2","width",200,1.11330542247093,0.0608008450178002
"types_mixed",300,1,0.5,"BM","mcar",0.3,"gnn_off_rphylopars","c2","width",200,0.951697217867975,0.0456200981276749
"types_mixed",1000,1,0.5,"BM","mcar",0.3,"gnn_off_rphylopars","c2","width",200,0.417560937526463,0.012677829760814
"types_mixed",100,0.3,0,"BM","mcar",0.3,"gnn_on","c2","width",200,3.40561124513198,0.0734563539168381
"types_mixed",300,0.3,0,"BM","mcar",0.3,"gnn_on","c2","width",200,4.3430991524266,0.0626105042826624
"types_mixed",1000,0.3,0,"BM","mcar",0.3,"gnn_on","c2","width",200,3.9767145083734,0.0293356028352779
"types_mixed",100,0.7,0,"BM","mcar",0.3,"gnn_on","c2","width",200,2.85610006270616,0.0767367871428046
"types_mixed",300,0.7,0,"BM","mcar",0.3,"gnn_on","c2","width",200,3.68219724696724,0.0673047916454599
"types_mixed",1000,0.7,0,"BM","mcar",0.3,"gnn_on","c2","width",200,3.29965507237971,0.043361512991963
"types_mixed",100,1,0,"BM","mcar",0.3,"gnn_on","c2","width",200,1.19302938807496,0.0659668067898973
"types_mixed",300,1,0,"BM","mcar",0.3,"gnn_on","c2","width",200,1.01165392355913,0.0507514933623982
"types_mixed",1000,1,0,"BM","mcar",0.3,"gnn_on","c2","width",200,0.449323533873652,0.0142048953031296
"types_mixed",100,0.3,0.5,"BM","mcar",0.3,"gnn_on","c2","width",200,3.37944139443444,0.0769625682255576
"types_mixed",300,0.3,0.5,"BM","mcar",0.3,"gnn_on","c2","width",200,4.34100358319854,0.06581285390415
"types_mixed",1000,0.3,0.5,"BM","mcar",0.3,"gnn_on","c2","width",200,3.97627861333243,0.0325859749533283
"types_mixed",100,0.7,0.5,"BM","mcar",0.3,"gnn_on","c2","width",200,2.72655988012,0.0772207703979068
"types_mixed",300,0.7,0.5,"BM","mcar",0.3,"gnn_on","c2","width",200,3.61974431273949,0.0682068525424159
"types_mixed",1000,0.7,0.5,"BM","mcar",0.3,"gnn_on","c2","width",200,3.28967816315444,0.0407818600006215
"types_mixed",100,1,0.5,"BM","mcar",0.3,"gnn_on","c2","width",200,1.07695764755646,0.0608146016106551
"types_mixed",300,1,0.5,"BM","mcar",0.3,"gnn_on","c2","width",200,1.02768761112581,0.0499623489947623
"types_mixed",1000,1,0.5,"BM","mcar",0.3,"gnn_on","c2","width",200,0.462825494778623,0.0143947790715296
"types_mixed",100,0.3,0,"BM","mcar",0.3,"gnn_on_full","c2","width",200,3.40561124513198,0.0734563539168381
"types_mixed",300,0.3,0,"BM","mcar",0.3,"gnn_on_full","c2","width",200,4.3430991524266,0.0626105042826624
"types_mixed",1000,0.3,0,"BM","mcar",0.3,"gnn_on_full","c2","width",200,3.9767145083734,0.0293356028352779
"types_mixed",100,0.7,0,"BM","mcar",0.3,"gnn_on_full","c2","width",200,2.85610006270616,0.0767367871428046
"types_mixed",300,0.7,0,"BM","mcar",0.3,"gnn_on_full","c2","width",200,3.68219724696724,0.0673047916454599
"types_mixed",1000,0.7,0,"BM","mcar",0.3,"gnn_on_full","c2","width",200,3.29965507237971,0.043361512991963
"types_mixed",100,1,0,"BM","mcar",0.3,"gnn_on_full","c2","width",185,1.19334343148317,0.0659731201090848
"types_mixed",300,1,0,"BM","mcar",0.3,"gnn_on_full","c2","width",186,1.01166094745411,0.0507424249034834
"types_mixed",1000,1,0,"BM","mcar",0.3,"gnn_on_full","c2","width",191,0.449289285662872,0.0141982264896677
"types_mixed",100,0.3,0.5,"BM","mcar",0.3,"gnn_on_full","c2","width",200,3.37944139443444,0.0769625682255576
"types_mixed",300,0.3,0.5,"BM","mcar",0.3,"gnn_on_full","c2","width",200,4.34100358319854,0.06581285390415
"types_mixed",1000,0.3,0.5,"BM","mcar",0.3,"gnn_on_full","c2","width",200,3.97627861333243,0.0325859749533283
"types_mixed",100,0.7,0.5,"BM","mcar",0.3,"gnn_on_full","c2","width",200,2.72619533606075,0.0772232640997175
"types_mixed",300,0.7,0.5,"BM","mcar",0.3,"gnn_on_full","c2","width",200,3.61974431273949,0.0682068525424159
"types_mixed",1000,0.7,0.5,"BM","mcar",0.3,"gnn_on_full","c2","width",200,3.28967816315444,0.0407818600006215
"types_mixed",100,1,0.5,"BM","mcar",0.3,"gnn_on_full","c2","width",183,1.07693564416902,0.0608119796473326
"types_mixed",300,1,0.5,"BM","mcar",0.3,"gnn_on_full","c2","width",185,1.02756364636889,0.0499269999122298
"types_mixed",1000,1,0.5,"BM","mcar",0.3,"gnn_on_full","c2","width",193,0.462817715709082,0.014391771013366
"types_mixed",100,0.3,0,"BM","mcar",0.3,"bace","cnt","width",100,2.96154844937407,0.0698755181603587
"types_mixed",300,0.3,0,"BM","mcar",0.3,"bace","cnt","width",100,2.5131488093314,0.038309948914816
"types_mixed",1000,0.3,0,"BM","mcar",0.3,"bace","cnt","width",100,2.41639847266766,0.0247270665621219
"types_mixed",100,0.7,0,"BM","mcar",0.3,"bace","cnt","width",100,2.80754913172207,0.0753627866966674
"types_mixed",300,0.7,0,"BM","mcar",0.3,"bace","cnt","width",100,2.31508846253314,0.0460181698188727
"types_mixed",1000,0.7,0,"BM","mcar",0.3,"bace","cnt","width",100,2.26548564224497,0.0345579802968986
"types_mixed",100,1,0,"BM","mcar",0.3,"bace","cnt","width",100,2.72464024711162,0.0997893394319066
"types_mixed",300,1,0,"BM","mcar",0.3,"bace","cnt","width",100,2.32015998179683,0.0929110997114516
"types_mixed",1000,1,0,"BM","mcar",0.3,"bace","cnt","width",93,2.16212265286345,0.0781879753785087
"types_mixed",100,0.3,0.5,"BM","mcar",0.3,"bace","cnt","width",100,2.68715837500718,0.063135639640066
"types_mixed",300,0.3,0.5,"BM","mcar",0.3,"bace","cnt","width",100,2.40710592340141,0.0348535947511801
"types_mixed",1000,0.3,0.5,"BM","mcar",0.3,"bace","cnt","width",97,2.36056739647477,0.021560706703148
"types_mixed",100,0.7,0.5,"BM","mcar",0.3,"bace","cnt","width",97,2.62109709403853,0.0796668300308813
"types_mixed",300,0.7,0.5,"BM","mcar",0.3,"bace","cnt","width",99,2.26153209027226,0.0427803957479468
"types_mixed",1000,0.7,0.5,"BM","mcar",0.3,"bace","cnt","width",90,2.25524140798863,0.0376802269657248
"types_mixed",100,1,0.5,"BM","mcar",0.3,"bace","cnt","width",100,2.59753399757969,0.120995140802759
"types_mixed",300,1,0.5,"BM","mcar",0.3,"bace","cnt","width",100,2.15550618413106,0.0931786201951289
"types_mixed",1000,1,0.5,"BM","mcar",0.3,"bace","cnt","width",100,2.11902548950585,0.0750237542877557
"types_mixed",100,0.3,0,"BM","mcar",0.3,"floor","cnt","width",200,NA,NA
"types_mixed",300,0.3,0,"BM","mcar",0.3,"floor","cnt","width",200,NA,NA
"types_mixed",1000,0.3,0,"BM","mcar",0.3,"floor","cnt","width",200,NA,NA
"types_mixed",100,0.7,0,"BM","mcar",0.3,"floor","cnt","width",200,NA,NA
"types_mixed",300,0.7,0,"BM","mcar",0.3,"floor","cnt","width",200,NA,NA
"types_mixed",1000,0.7,0,"BM","mcar",0.3,"floor","cnt","width",200,NA,NA
"types_mixed",100,1,0,"BM","mcar",0.3,"floor","cnt","width",200,NA,NA
"types_mixed",300,1,0,"BM","mcar",0.3,"floor","cnt","width",200,NA,NA
"types_mixed",1000,1,0,"BM","mcar",0.3,"floor","cnt","width",200,NA,NA
"types_mixed",100,0.3,0.5,"BM","mcar",0.3,"floor","cnt","width",200,NA,NA
"types_mixed",300,0.3,0.5,"BM","mcar",0.3,"floor","cnt","width",200,NA,NA
"types_mixed",1000,0.3,0.5,"BM","mcar",0.3,"floor","cnt","width",200,NA,NA
"types_mixed",100,0.7,0.5,"BM","mcar",0.3,"floor","cnt","width",200,NA,NA
"types_mixed",300,0.7,0.5,"BM","mcar",0.3,"floor","cnt","width",200,NA,NA
"types_mixed",1000,0.7,0.5,"BM","mcar",0.3,"floor","cnt","width",200,NA,NA
"types_mixed",100,1,0.5,"BM","mcar",0.3,"floor","cnt","width",200,NA,NA
"types_mixed",300,1,0.5,"BM","mcar",0.3,"floor","cnt","width",200,NA,NA
"types_mixed",1000,1,0.5,"BM","mcar",0.3,"floor","cnt","width",200,NA,NA
"types_mixed",100,0.3,0,"BM","mcar",0.3,"freq","cnt","width",200,1.83028431633209,0.0334141039649349
"types_mixed",300,0.3,0,"BM","mcar",0.3,"freq","cnt","width",200,1.76658179261389,0.0261181800857366
"types_mixed",1000,0.3,0,"BM","mcar",0.3,"freq","cnt","width",200,1.73349723536366,0.024295698807152
"types_mixed",100,0.7,0,"BM","mcar",0.3,"freq","cnt","width",200,2.16303317934539,0.0433484747952413
"types_mixed",300,0.7,0,"BM","mcar",0.3,"freq","cnt","width",200,2.1167619592047,0.0390612070812467
"types_mixed",1000,0.7,0,"BM","mcar",0.3,"freq","cnt","width",200,2.13194721475469,0.0392130099331593
"types_mixed",100,1,0,"BM","mcar",0.3,"freq","cnt","width",200,2.54136457482651,0.0562389812350292
"types_mixed",300,1,0,"BM","mcar",0.3,"freq","cnt","width",200,2.56756195153462,0.0537429831742546
"types_mixed",1000,1,0,"BM","mcar",0.3,"freq","cnt","width",200,2.53846479552329,0.0516578126620295
"types_mixed",100,0.3,0.5,"BM","mcar",0.3,"freq","cnt","width",200,1.79361388926395,0.0288573872697709
"types_mixed",300,0.3,0.5,"BM","mcar",0.3,"freq","cnt","width",200,1.76352602713324,0.0237281532411798
"types_mixed",1000,0.3,0.5,"BM","mcar",0.3,"freq","cnt","width",200,1.72220892282725,0.0234573647140785
"types_mixed",100,0.7,0.5,"BM","mcar",0.3,"freq","cnt","width",200,2.09749909971066,0.0422817671366794
"types_mixed",300,0.7,0.5,"BM","mcar",0.3,"freq","cnt","width",200,2.13784260429339,0.0366596419228177
"types_mixed",1000,0.7,0.5,"BM","mcar",0.3,"freq","cnt","width",200,2.10241006311814,0.0387581188025819
"types_mixed",100,1,0.5,"BM","mcar",0.3,"freq","cnt","width",200,2.45266133203869,0.0602282041954709
"types_mixed",300,1,0.5,"BM","mcar",0.3,"freq","cnt","width",200,2.55112390899524,0.051316192530082
"types_mixed",1000,1,0.5,"BM","mcar",0.3,"freq","cnt","width",200,2.46546558368883,0.0518254148112779
"types_mixed",100,0.3,0,"BM","mcar",0.3,"freq_lambda","cnt","width",200,1.83028431633209,0.0334141039649349
"types_mixed",300,0.3,0,"BM","mcar",0.3,"freq_lambda","cnt","width",200,1.76658179261389,0.0261181800857366
"types_mixed",1000,0.3,0,"BM","mcar",0.3,"freq_lambda","cnt","width",200,1.73349723536366,0.024295698807152
"types_mixed",100,0.7,0,"BM","mcar",0.3,"freq_lambda","cnt","width",200,2.16303317934539,0.0433484747952413
"types_mixed",300,0.7,0,"BM","mcar",0.3,"freq_lambda","cnt","width",200,2.1167619592047,0.0390612070812467
"types_mixed",1000,0.7,0,"BM","mcar",0.3,"freq_lambda","cnt","width",200,2.13194721475469,0.0392130099331593
"types_mixed",100,1,0,"BM","mcar",0.3,"freq_lambda","cnt","width",200,2.54136457482651,0.0562389812350292
"types_mixed",300,1,0,"BM","mcar",0.3,"freq_lambda","cnt","width",200,2.56756195153462,0.0537429831742546
"types_mixed",1000,1,0,"BM","mcar",0.3,"freq_lambda","cnt","width",200,2.53846479552329,0.0516578126620295
"types_mixed",100,0.3,0.5,"BM","mcar",0.3,"freq_lambda","cnt","width",200,1.79361388926395,0.0288573872697709
"types_mixed",300,0.3,0.5,"BM","mcar",0.3,"freq_lambda","cnt","width",200,1.76352602713324,0.0237281532411798
"types_mixed",1000,0.3,0.5,"BM","mcar",0.3,"freq_lambda","cnt","width",200,1.72220892282725,0.0234573647140785
"types_mixed",100,0.7,0.5,"BM","mcar",0.3,"freq_lambda","cnt","width",200,2.09749909971066,0.0422817671366794
"types_mixed",300,0.7,0.5,"BM","mcar",0.3,"freq_lambda","cnt","width",200,2.13784260429339,0.0366596419228177
"types_mixed",1000,0.7,0.5,"BM","mcar",0.3,"freq_lambda","cnt","width",200,2.10241006311814,0.0387581188025819
"types_mixed",100,1,0.5,"BM","mcar",0.3,"freq_lambda","cnt","width",200,2.45266133203869,0.0602282041954709
"types_mixed",300,1,0.5,"BM","mcar",0.3,"freq_lambda","cnt","width",200,2.55112390899524,0.051316192530082
"types_mixed",1000,1,0.5,"BM","mcar",0.3,"freq_lambda","cnt","width",200,2.46546558368883,0.0518254148112779
"types_mixed",100,0.3,0,"BM","mcar",0.3,"gnn_off","cnt","width",200,3.86800470131756,0.127632852672227
"types_mixed",300,0.3,0,"BM","mcar",0.3,"gnn_off","cnt","width",200,4.95228709218035,0.116122712288244
"types_mixed",1000,0.3,0,"BM","mcar",0.3,"gnn_off","cnt","width",200,4.34200577822928,0.0709879890177541
"types_mixed",100,0.7,0,"BM","mcar",0.3,"gnn_off","cnt","width",200,3.55115505091319,0.11547149028245
"types_mixed",300,0.7,0,"BM","mcar",0.3,"gnn_off","cnt","width",200,4.92767784623814,0.128101249109923
"types_mixed",1000,0.7,0,"BM","mcar",0.3,"gnn_off","cnt","width",200,4.32167891604535,0.0791698335805906
"types_mixed",100,1,0,"BM","mcar",0.3,"gnn_off","cnt","width",200,3.28868304349116,0.134058403126355
"types_mixed",300,1,0,"BM","mcar",0.3,"gnn_off","cnt","width",200,4.96041723768966,0.169930309040847
"types_mixed",1000,1,0,"BM","mcar",0.3,"gnn_off","cnt","width",200,3.94659960166804,0.0754869783955804
"types_mixed",100,0.3,0.5,"BM","mcar",0.3,"gnn_off","cnt","width",200,3.83261272086447,0.122750563386048
"types_mixed",300,0.3,0.5,"BM","mcar",0.3,"gnn_off","cnt","width",200,5.08401160876216,0.144063724445754
"types_mixed",1000,0.3,0.5,"BM","mcar",0.3,"gnn_off","cnt","width",200,4.32679051853549,0.0688434878393265
"types_mixed",100,0.7,0.5,"BM","mcar",0.3,"gnn_off","cnt","width",200,3.66003133346434,0.158572156416153
"types_mixed",300,0.7,0.5,"BM","mcar",0.3,"gnn_off","cnt","width",200,5.14116609054507,0.141796163724729
"types_mixed",1000,0.7,0.5,"BM","mcar",0.3,"gnn_off","cnt","width",200,4.2124918283423,0.0712468759457758
"types_mixed",100,1,0.5,"BM","mcar",0.3,"gnn_off","cnt","width",200,3.28539903478168,0.137782715247082
"types_mixed",300,1,0.5,"BM","mcar",0.3,"gnn_off","cnt","width",200,4.80247472852004,0.181857496827173
"types_mixed",1000,1,0.5,"BM","mcar",0.3,"gnn_off","cnt","width",200,3.82091438949261,0.0705911409815831
"types_mixed",100,0.3,0,"BM","mcar",0.3,"gnn_off_rphylopars","cnt","width",200,3.79879630276349,0.120234393612622
"types_mixed",300,0.3,0,"BM","mcar",0.3,"gnn_off_rphylopars","cnt","width",200,4.87787656337544,0.105610594425838
"types_mixed",1000,0.3,0,"BM","mcar",0.3,"gnn_off_rphylopars","cnt","width",200,4.33237322781996,0.0700353191750039
"types_mixed",100,0.7,0,"BM","mcar",0.3,"gnn_off_rphylopars","cnt","width",200,6.60829004580916e+20,6.60829004580918e+20
"types_mixed",300,0.7,0,"BM","mcar",0.3,"gnn_off_rphylopars","cnt","width",200,5.12469733979847,0.159108681127022
"types_mixed",1000,0.7,0,"BM","mcar",0.3,"gnn_off_rphylopars","cnt","width",200,4.44146234325966,0.0813366562875397
"types_mixed",100,1,0,"BM","mcar",0.3,"gnn_off_rphylopars","cnt","width",200,4.09048183884235,0.307121597898784
"types_mixed",300,1,0,"BM","mcar",0.3,"gnn_off_rphylopars","cnt","width",200,724934.521013874,724929.21922287
"types_mixed",1000,1,0,"BM","mcar",0.3,"gnn_off_rphylopars","cnt","width",200,4.30648216175878,0.0907620063188292
"types_mixed",100,0.3,0.5,"BM","mcar",0.3,"gnn_off_rphylopars","cnt","width",200,4.00256258658384,0.160671705897655
"types_mixed",300,0.3,0.5,"BM","mcar",0.3,"gnn_off_rphylopars","cnt","width",200,4.92149657417496,0.105984056470012
"types_mixed",1000,0.3,0.5,"BM","mcar",0.3,"gnn_off_rphylopars","cnt","width",200,4.26365875900297,0.0680907228601244
"types_mixed",100,0.7,0.5,"BM","mcar",0.3,"gnn_off_rphylopars","cnt","width",200,3.91196554938987,0.220849053588325
"types_mixed",300,0.7,0.5,"BM","mcar",0.3,"gnn_off_rphylopars","cnt","width",200,5.09183612406689,0.134682006066619
"types_mixed",1000,0.7,0.5,"BM","mcar",0.3,"gnn_off_rphylopars","cnt","width",200,4.19479079889069,0.070410162706154
"types_mixed",100,1,0.5,"BM","mcar",0.3,"gnn_off_rphylopars","cnt","width",200,8.29098207414873,4.01526701945437
"types_mixed",300,1,0.5,"BM","mcar",0.3,"gnn_off_rphylopars","cnt","width",200,5.35409202649195,0.20378554543712
"types_mixed",1000,1,0.5,"BM","mcar",0.3,"gnn_off_rphylopars","cnt","width",200,4.40239600830841,0.272242010300858
"types_mixed",100,0.3,0,"BM","mcar",0.3,"gnn_on","cnt","width",200,3.8123506349392,0.126248655989497
"types_mixed",300,0.3,0,"BM","mcar",0.3,"gnn_on","cnt","width",200,4.96830124556691,0.116139838616032
"types_mixed",1000,0.3,0,"BM","mcar",0.3,"gnn_on","cnt","width",200,4.3602908838785,0.0722032341077916
"types_mixed",100,0.7,0,"BM","mcar",0.3,"gnn_on","cnt","width",200,3.57355217762164,0.138514214112911
"types_mixed",300,0.7,0,"BM","mcar",0.3,"gnn_on","cnt","width",200,4.96394835811527,0.130149129918718
"types_mixed",1000,0.7,0,"BM","mcar",0.3,"gnn_on","cnt","width",200,4.39078503004909,0.0789141995715364
"types_mixed",100,1,0,"BM","mcar",0.3,"gnn_on","cnt","width",200,3.24317169870057,0.141275533522169
"types_mixed",300,1,0,"BM","mcar",0.3,"gnn_on","cnt","width",200,4.88271110329196,0.164474072873487
"types_mixed",1000,1,0,"BM","mcar",0.3,"gnn_on","cnt","width",200,4.04829916033994,0.0831194762269591
"types_mixed",100,0.3,0.5,"BM","mcar",0.3,"gnn_on","cnt","width",200,3.72340931905975,0.120377035868416
"types_mixed",300,0.3,0.5,"BM","mcar",0.3,"gnn_on","cnt","width",200,5.06491659049813,0.133064315636821
"types_mixed",1000,0.3,0.5,"BM","mcar",0.3,"gnn_on","cnt","width",200,4.3515537774682,0.0680926570738725
"types_mixed",100,0.7,0.5,"BM","mcar",0.3,"gnn_on","cnt","width",200,3.59951132842576,0.174416826533564
"types_mixed",300,0.7,0.5,"BM","mcar",0.3,"gnn_on","cnt","width",200,5.19235012450283,0.148251575008331
"types_mixed",1000,0.7,0.5,"BM","mcar",0.3,"gnn_on","cnt","width",200,4.27869408679348,0.0723120535643368
"types_mixed",100,1,0.5,"BM","mcar",0.3,"gnn_on","cnt","width",200,3.12915185546615,0.128549080576006
"types_mixed",300,1,0.5,"BM","mcar",0.3,"gnn_on","cnt","width",200,4.79482884619351,0.189723594513795
"types_mixed",1000,1,0.5,"BM","mcar",0.3,"gnn_on","cnt","width",200,3.86907501468769,0.0732991101893902
"types_mixed",100,0.3,0,"BM","mcar",0.3,"gnn_on_full","cnt","width",200,3.84341100632916,0.128625166650643
"types_mixed",300,0.3,0,"BM","mcar",0.3,"gnn_on_full","cnt","width",200,4.97465698904171,0.115414924581672
"types_mixed",1000,0.3,0,"BM","mcar",0.3,"gnn_on_full","cnt","width",200,4.36083519695254,0.0724729401953046
"types_mixed",100,0.7,0,"BM","mcar",0.3,"gnn_on_full","cnt","width",200,3.57804859842158,0.137542324103801
"types_mixed",300,0.7,0,"BM","mcar",0.3,"gnn_on_full","cnt","width",200,4.96516837388988,0.129300740292284
"types_mixed",1000,0.7,0,"BM","mcar",0.3,"gnn_on_full","cnt","width",200,4.38806869469109,0.0790485549020097
"types_mixed",100,1,0,"BM","mcar",0.3,"gnn_on_full","cnt","width",185,3.24758524613878,0.140723210987314
"types_mixed",300,1,0,"BM","mcar",0.3,"gnn_on_full","cnt","width",186,4.87569955249318,0.164629791127417
"types_mixed",1000,1,0,"BM","mcar",0.3,"gnn_on_full","cnt","width",191,4.04782173904773,0.0823959704609002
"types_mixed",100,0.3,0.5,"BM","mcar",0.3,"gnn_on_full","cnt","width",200,3.74202989408571,0.120400773282901
"types_mixed",300,0.3,0.5,"BM","mcar",0.3,"gnn_on_full","cnt","width",200,5.09000149624555,0.143939087677074
"types_mixed",1000,0.3,0.5,"BM","mcar",0.3,"gnn_on_full","cnt","width",200,4.35735034866852,0.0680249011443088
"types_mixed",100,0.7,0.5,"BM","mcar",0.3,"gnn_on_full","cnt","width",200,3.61168253561064,0.173897725124089
"types_mixed",300,0.7,0.5,"BM","mcar",0.3,"gnn_on_full","cnt","width",200,5.20299370196955,0.148336805588679
"types_mixed",1000,0.7,0.5,"BM","mcar",0.3,"gnn_on_full","cnt","width",200,4.28095415783317,0.072232772475941
"types_mixed",100,1,0.5,"BM","mcar",0.3,"gnn_on_full","cnt","width",183,3.13605942035766,0.127899639577036
"types_mixed",300,1,0.5,"BM","mcar",0.3,"gnn_on_full","cnt","width",185,4.79167221376914,0.188316566933827
"types_mixed",1000,1,0.5,"BM","mcar",0.3,"gnn_on_full","cnt","width",193,3.87296031423501,0.073385059250229
"types_mixed",100,0.3,0,"BM","mcar",0.3,"bace","prp","width",100,2.8943901425347,0.0339627730289819
"types_mixed",300,0.3,0,"BM","mcar",0.3,"bace","prp","width",100,2.60653684961415,0.022943866553864
"types_mixed",1000,0.3,0,"BM","mcar",0.3,"bace","prp","width",100,2.59036958577688,0.0149891819822712
"types_mixed",100,0.7,0,"BM","mcar",0.3,"bace","prp","width",100,2.45847576824991,0.0584877409660729
"types_mixed",300,0.7,0,"BM","mcar",0.3,"bace","prp","width",100,2.27229034736597,0.0426280896460477
"types_mixed",1000,0.7,0,"BM","mcar",0.3,"bace","prp","width",100,2.27795386423461,0.0293297665468431
"types_mixed",100,1,0,"BM","mcar",0.3,"bace","prp","width",100,1.89550465219968,0.0895914807139712
"types_mixed",300,1,0,"BM","mcar",0.3,"bace","prp","width",100,1.5029629940266,0.0719990189676469
"types_mixed",1000,1,0,"BM","mcar",0.3,"bace","prp","width",93,1.58246401784183,0.0502745813947797
"types_mixed",100,0.3,0.5,"BM","mcar",0.3,"bace","prp","width",100,2.56522278909011,0.039251804304521
"types_mixed",300,0.3,0.5,"BM","mcar",0.3,"bace","prp","width",100,2.4367206916946,0.0228897514831074
"types_mixed",1000,0.3,0.5,"BM","mcar",0.3,"bace","prp","width",97,2.44733715694045,0.0149101215600443
"types_mixed",100,0.7,0.5,"BM","mcar",0.3,"bace","prp","width",97,2.2574644838606,0.0521761431386563
"types_mixed",300,0.7,0.5,"BM","mcar",0.3,"bace","prp","width",99,2.15678126064191,0.0373089270032311
"types_mixed",1000,0.7,0.5,"BM","mcar",0.3,"bace","prp","width",90,2.14999165200234,0.0310016393656012
"types_mixed",100,1,0.5,"BM","mcar",0.3,"bace","prp","width",100,1.78758106749606,0.0678569687473768
"types_mixed",300,1,0.5,"BM","mcar",0.3,"bace","prp","width",100,1.55408894997095,0.0684001069082682
"types_mixed",1000,1,0.5,"BM","mcar",0.3,"bace","prp","width",100,1.54156149251211,0.0532112613836527
"types_mixed",100,0.3,0,"BM","mcar",0.3,"floor","prp","width",200,NA,NA
"types_mixed",300,0.3,0,"BM","mcar",0.3,"floor","prp","width",200,NA,NA
"types_mixed",1000,0.3,0,"BM","mcar",0.3,"floor","prp","width",200,NA,NA
"types_mixed",100,0.7,0,"BM","mcar",0.3,"floor","prp","width",200,NA,NA
"types_mixed",300,0.7,0,"BM","mcar",0.3,"floor","prp","width",200,NA,NA
"types_mixed",1000,0.7,0,"BM","mcar",0.3,"floor","prp","width",200,NA,NA
"types_mixed",100,1,0,"BM","mcar",0.3,"floor","prp","width",200,NA,NA
"types_mixed",300,1,0,"BM","mcar",0.3,"floor","prp","width",200,NA,NA
"types_mixed",1000,1,0,"BM","mcar",0.3,"floor","prp","width",200,NA,NA
"types_mixed",100,0.3,0.5,"BM","mcar",0.3,"floor","prp","width",200,NA,NA
"types_mixed",300,0.3,0.5,"BM","mcar",0.3,"floor","prp","width",200,NA,NA
"types_mixed",1000,0.3,0.5,"BM","mcar",0.3,"floor","prp","width",200,NA,NA
"types_mixed",100,0.7,0.5,"BM","mcar",0.3,"floor","prp","width",200,NA,NA
"types_mixed",300,0.7,0.5,"BM","mcar",0.3,"floor","prp","width",200,NA,NA
"types_mixed",1000,0.7,0.5,"BM","mcar",0.3,"floor","prp","width",200,NA,NA
"types_mixed",100,1,0.5,"BM","mcar",0.3,"floor","prp","width",200,NA,NA
"types_mixed",300,1,0.5,"BM","mcar",0.3,"floor","prp","width",200,NA,NA
"types_mixed",1000,1,0.5,"BM","mcar",0.3,"floor","prp","width",200,NA,NA
"types_mixed",100,0.3,0,"BM","mcar",0.3,"freq","prp","width",200,3.41872813260188,0.0391220085289269
"types_mixed",300,0.3,0,"BM","mcar",0.3,"freq","prp","width",200,3.75608957165735,0.0291912483881929
"types_mixed",1000,0.3,0,"BM","mcar",0.3,"freq","prp","width",200,3.98457862615815,0.0229769372155708
"types_mixed",100,0.7,0,"BM","mcar",0.3,"freq","prp","width",200,3.268670413046,0.0576782761333063
"types_mixed",300,0.7,0,"BM","mcar",0.3,"freq","prp","width",200,3.75072710063495,0.0554308533249962
"types_mixed",1000,0.7,0,"BM","mcar",0.3,"freq","prp","width",200,4.03625510556502,0.0488245879434337
"types_mixed",100,1,0,"BM","mcar",0.3,"freq","prp","width",200,2.94599274047934,0.0913896167696751
"types_mixed",300,1,0,"BM","mcar",0.3,"freq","prp","width",200,3.53131979304753,0.109078093311845
"types_mixed",1000,1,0,"BM","mcar",0.3,"freq","prp","width",200,3.70227958709399,0.095143955810736
"types_mixed",100,0.3,0.5,"BM","mcar",0.3,"freq","prp","width",200,3.28932112064,0.0426481992171723
"types_mixed",300,0.3,0.5,"BM","mcar",0.3,"freq","prp","width",200,3.6098147807135,0.032069229297305
"types_mixed",1000,0.3,0.5,"BM","mcar",0.3,"freq","prp","width",200,3.8346464134571,0.0226127549700845
"types_mixed",100,0.7,0.5,"BM","mcar",0.3,"freq","prp","width",200,3.11917324540446,0.0590400483849348
"types_mixed",300,0.7,0.5,"BM","mcar",0.3,"freq","prp","width",200,3.58083867634332,0.0509712835143885
"types_mixed",1000,0.7,0.5,"BM","mcar",0.3,"freq","prp","width",200,3.85828636167217,0.0454713852920898
"types_mixed",100,1,0.5,"BM","mcar",0.3,"freq","prp","width",200,2.84258011950215,0.0958032288819537
"types_mixed",300,1,0.5,"BM","mcar",0.3,"freq","prp","width",200,3.47806276272531,0.103071347393475
"types_mixed",1000,1,0.5,"BM","mcar",0.3,"freq","prp","width",200,3.67923486568955,0.098928893679707
"types_mixed",100,0.3,0,"BM","mcar",0.3,"freq_lambda","prp","width",200,3.1811970582656,0.018490801364177
"types_mixed",300,0.3,0,"BM","mcar",0.3,"freq_lambda","prp","width",200,3.20395174569421,0.0150225909740327
"types_mixed",1000,0.3,0,"BM","mcar",0.3,"freq_lambda","prp","width",200,3.21553632251763,0.0137565241791944
"types_mixed",100,0.7,0,"BM","mcar",0.3,"freq_lambda","prp","width",200,2.75046179822145,0.034086465823891
"types_mixed",300,0.7,0,"BM","mcar",0.3,"freq_lambda","prp","width",200,2.7568532071079,0.0336648911284567
"types_mixed",1000,0.7,0,"BM","mcar",0.3,"freq_lambda","prp","width",200,2.76885842514095,0.0299643562839722
"types_mixed",100,1,0,"BM","mcar",0.3,"freq_lambda","prp","width",200,2.10569604177134,0.053396940233031
"types_mixed",300,1,0,"BM","mcar",0.3,"freq_lambda","prp","width",200,2.18480143845161,0.0545368255534041
"types_mixed",1000,1,0,"BM","mcar",0.3,"freq_lambda","prp","width",200,2.1518821414928,0.0460919685176244
"types_mixed",100,0.3,0.5,"BM","mcar",0.3,"freq_lambda","prp","width",200,2.94830938755296,0.0205878625384714
"types_mixed",300,0.3,0.5,"BM","mcar",0.3,"freq_lambda","prp","width",200,2.9656447428802,0.0153990407757163
"types_mixed",1000,0.3,0.5,"BM","mcar",0.3,"freq_lambda","prp","width",200,2.97834484778095,0.0128966117710342
"types_mixed",100,0.7,0.5,"BM","mcar",0.3,"freq_lambda","prp","width",200,2.520303585418,0.033992695042953
"types_mixed",300,0.7,0.5,"BM","mcar",0.3,"freq_lambda","prp","width",200,2.59564029371701,0.0282164799340126
"types_mixed",1000,0.7,0.5,"BM","mcar",0.3,"freq_lambda","prp","width",200,2.56190093432638,0.0277588462207416
"types_mixed",100,1,0.5,"BM","mcar",0.3,"freq_lambda","prp","width",200,2.03737398045768,0.0556722484448204
"types_mixed",300,1,0.5,"BM","mcar",0.3,"freq_lambda","prp","width",200,2.14668494308708,0.0503574127429147
"types_mixed",1000,1,0.5,"BM","mcar",0.3,"freq_lambda","prp","width",200,2.10147022371384,0.0431324157165628
"types_mixed",100,0.3,0,"BM","mcar",0.3,"gnn_off","prp","width",200,3.24473006190212,0.0485342667356579
"types_mixed",300,0.3,0,"BM","mcar",0.3,"gnn_off","prp","width",200,3.78348501727057,0.0322352487767643
"types_mixed",1000,0.3,0,"BM","mcar",0.3,"gnn_off","prp","width",200,3.6544672457177,0.017327606243181
"types_mixed",100,0.7,0,"BM","mcar",0.3,"gnn_off","prp","width",200,2.86808690580396,0.0632367856862846
"types_mixed",300,0.7,0,"BM","mcar",0.3,"gnn_off","prp","width",200,3.50721778282016,0.0488630642333121
"types_mixed",1000,0.7,0,"BM","mcar",0.3,"gnn_off","prp","width",200,3.32869880172007,0.0331765286935015
"types_mixed",100,1,0,"BM","mcar",0.3,"gnn_off","prp","width",200,2.03606783573977,0.0649803833383228
"types_mixed",300,1,0,"BM","mcar",0.3,"gnn_off","prp","width",200,2.49581855519833,0.0656107779973936
"types_mixed",1000,1,0,"BM","mcar",0.3,"gnn_off","prp","width",200,2.14453945639063,0.0429584116701008
"types_mixed",100,0.3,0.5,"BM","mcar",0.3,"gnn_off","prp","width",200,3.20005183619787,0.0516230060247257
"types_mixed",300,0.3,0.5,"BM","mcar",0.3,"gnn_off","prp","width",200,3.77212022436195,0.0307565980405556
"types_mixed",1000,0.3,0.5,"BM","mcar",0.3,"gnn_off","prp","width",200,3.68084115973316,0.0173190881614277
"types_mixed",100,0.7,0.5,"BM","mcar",0.3,"gnn_off","prp","width",200,2.7519386495689,0.060418949784734
"types_mixed",300,0.7,0.5,"BM","mcar",0.3,"gnn_off","prp","width",200,3.51669979493437,0.0469372908995038
"types_mixed",1000,0.7,0.5,"BM","mcar",0.3,"gnn_off","prp","width",200,3.32427393902582,0.0336953699054973
"types_mixed",100,1,0.5,"BM","mcar",0.3,"gnn_off","prp","width",200,1.92238003584655,0.0581745661873088
"types_mixed",300,1,0.5,"BM","mcar",0.3,"gnn_off","prp","width",200,2.50156629652256,0.0645419255463566
"types_mixed",1000,1,0.5,"BM","mcar",0.3,"gnn_off","prp","width",200,2.12958122945866,0.0428584300862031
"types_mixed",100,0.3,0,"BM","mcar",0.3,"gnn_off_rphylopars","prp","width",200,3.23889860666734,0.0480341559346368
"types_mixed",300,0.3,0,"BM","mcar",0.3,"gnn_off_rphylopars","prp","width",200,3.79217813218986,0.0315152078108879
"types_mixed",1000,0.3,0,"BM","mcar",0.3,"gnn_off_rphylopars","prp","width",200,3.64040039996227,0.0176602335393836
"types_mixed",100,0.7,0,"BM","mcar",0.3,"gnn_off_rphylopars","prp","width",200,3.03762892853866,0.0613662270320124
"types_mixed",300,0.7,0,"BM","mcar",0.3,"gnn_off_rphylopars","prp","width",200,3.67306758553751,0.0461429558045134
"types_mixed",1000,0.7,0,"BM","mcar",0.3,"gnn_off_rphylopars","prp","width",200,3.41650062098185,0.0308127727323084
"types_mixed",100,1,0,"BM","mcar",0.3,"gnn_off_rphylopars","prp","width",200,2.46149671631076,0.0747313002423519
"types_mixed",300,1,0,"BM","mcar",0.3,"gnn_off_rphylopars","prp","width",200,2.92659239223203,0.0747375108875786
"types_mixed",1000,1,0,"BM","mcar",0.3,"gnn_off_rphylopars","prp","width",200,2.51520482449956,0.0526225766976115
"types_mixed",100,0.3,0.5,"BM","mcar",0.3,"gnn_off_rphylopars","prp","width",200,3.24996895329839,0.051756690956571
"types_mixed",300,0.3,0.5,"BM","mcar",0.3,"gnn_off_rphylopars","prp","width",200,3.7334772958985,0.0339274457377397
"types_mixed",1000,0.3,0.5,"BM","mcar",0.3,"gnn_off_rphylopars","prp","width",200,3.58049334713649,0.0207041338911363
"types_mixed",100,0.7,0.5,"BM","mcar",0.3,"gnn_off_rphylopars","prp","width",200,2.88999525291296,0.0608088032594846
"types_mixed",300,0.7,0.5,"BM","mcar",0.3,"gnn_off_rphylopars","prp","width",200,3.44696954175338,0.0485523639707143
"types_mixed",1000,0.7,0.5,"BM","mcar",0.3,"gnn_off_rphylopars","prp","width",200,3.29015425256873,0.032816717236744
"types_mixed",100,1,0.5,"BM","mcar",0.3,"gnn_off_rphylopars","prp","width",200,2.21368623564978,0.0634534320359987
"types_mixed",300,1,0.5,"BM","mcar",0.3,"gnn_off_rphylopars","prp","width",200,2.99646655571884,0.0756226210390858
"types_mixed",1000,1,0.5,"BM","mcar",0.3,"gnn_off_rphylopars","prp","width",200,2.49017408459098,0.0477294354966828
"types_mixed",100,0.3,0,"BM","mcar",0.3,"gnn_on","prp","width",200,3.23302222533573,0.049406319209883
"types_mixed",300,0.3,0,"BM","mcar",0.3,"gnn_on","prp","width",200,3.77001158781625,0.0328987083638043
"types_mixed",1000,0.3,0,"BM","mcar",0.3,"gnn_on","prp","width",200,3.64979891080641,0.0175548431035148
"types_mixed",100,0.7,0,"BM","mcar",0.3,"gnn_on","prp","width",200,2.8497520889832,0.0651329007852229
"types_mixed",300,0.7,0,"BM","mcar",0.3,"gnn_on","prp","width",200,3.50278064709699,0.0512319178965764
"types_mixed",1000,0.7,0,"BM","mcar",0.3,"gnn_on","prp","width",200,3.30666047209685,0.0333294221531514
"types_mixed",100,1,0,"BM","mcar",0.3,"gnn_on","prp","width",200,1.9833080330118,0.0667244842879845
"types_mixed",300,1,0,"BM","mcar",0.3,"gnn_on","prp","width",200,2.45945031455976,0.0703585730707858
"types_mixed",1000,1,0,"BM","mcar",0.3,"gnn_on","prp","width",200,2.13709091113009,0.0445592963768193
"types_mixed",100,0.3,0.5,"BM","mcar",0.3,"gnn_on","prp","width",200,3.15740200751727,0.0533793456653933
"types_mixed",300,0.3,0.5,"BM","mcar",0.3,"gnn_on","prp","width",200,3.77014993116816,0.0308233057326798
"types_mixed",1000,0.3,0.5,"BM","mcar",0.3,"gnn_on","prp","width",200,3.66973617491161,0.0181429640541327
"types_mixed",100,0.7,0.5,"BM","mcar",0.3,"gnn_on","prp","width",200,2.6795138275734,0.0618241719933076
"types_mixed",300,0.7,0.5,"BM","mcar",0.3,"gnn_on","prp","width",200,3.4706387986285,0.0482186546150266
"types_mixed",1000,0.7,0.5,"BM","mcar",0.3,"gnn_on","prp","width",200,3.30882394597344,0.0340889978516568
"types_mixed",100,1,0.5,"BM","mcar",0.3,"gnn_on","prp","width",200,1.81637860380301,0.0575824580667091
"types_mixed",300,1,0.5,"BM","mcar",0.3,"gnn_on","prp","width",200,2.44677395259081,0.0660943882385151
"types_mixed",1000,1,0.5,"BM","mcar",0.3,"gnn_on","prp","width",200,2.11056128941796,0.0429800833282162
"types_mixed",100,0.3,0,"BM","mcar",0.3,"gnn_on_full","prp","width",200,3.23102744110239,0.0492618589209612
"types_mixed",300,0.3,0,"BM","mcar",0.3,"gnn_on_full","prp","width",200,3.77049549527249,0.0329531929008804
"types_mixed",1000,0.3,0,"BM","mcar",0.3,"gnn_on_full","prp","width",200,3.64896177751605,0.0175710908327067
"types_mixed",100,0.7,0,"BM","mcar",0.3,"gnn_on_full","prp","width",200,2.84428199374078,0.0648655336982921
"types_mixed",300,0.7,0,"BM","mcar",0.3,"gnn_on_full","prp","width",200,3.50330283070745,0.0511787971996026
"types_mixed",1000,0.7,0,"BM","mcar",0.3,"gnn_on_full","prp","width",200,3.30491563208414,0.0333724634123453
"types_mixed",100,1,0,"BM","mcar",0.3,"gnn_on_full","prp","width",185,1.98093142263202,0.0666269010179011
"types_mixed",300,1,0,"BM","mcar",0.3,"gnn_on_full","prp","width",186,2.45957230057115,0.0703623394105602
"types_mixed",1000,1,0,"BM","mcar",0.3,"gnn_on_full","prp","width",191,2.13643465138013,0.0445877882641974
"types_mixed",100,0.3,0.5,"BM","mcar",0.3,"gnn_on_full","prp","width",200,3.15408037579054,0.0533975262051107
"types_mixed",300,0.3,0.5,"BM","mcar",0.3,"gnn_on_full","prp","width",200,3.76816473767207,0.0308910587987662
"types_mixed",1000,0.3,0.5,"BM","mcar",0.3,"gnn_on_full","prp","width",200,3.66862208583738,0.018217406637109
"types_mixed",100,0.7,0.5,"BM","mcar",0.3,"gnn_on_full","prp","width",200,2.67818794452568,0.0615908254206342
"types_mixed",300,0.7,0.5,"BM","mcar",0.3,"gnn_on_full","prp","width",200,3.46913373784621,0.0480907099370246
"types_mixed",1000,0.7,0.5,"BM","mcar",0.3,"gnn_on_full","prp","width",200,3.30780005761769,0.034068641673828
"types_mixed",100,1,0.5,"BM","mcar",0.3,"gnn_on_full","prp","width",183,1.81506032720006,0.0573885751249809
"types_mixed",300,1,0.5,"BM","mcar",0.3,"gnn_on_full","prp","width",185,2.44511099205345,0.0660113815290596
"types_mixed",1000,1,0.5,"BM","mcar",0.3,"gnn_on_full","prp","width",193,2.10996013607467,0.0430239998885551
"types_mixed",100,0.3,0,"BM","mcar",0.3,"bace","c1","zRMSE",100,1.09610930373357,0.0217146831139959
"types_mixed",300,0.3,0,"BM","mcar",0.3,"bace","c1","zRMSE",100,1.07116888732582,0.0149851699751578
"types_mixed",1000,0.3,0,"BM","mcar",0.3,"bace","c1","zRMSE",100,1.00773695449967,0.00931563991293599
"types_mixed",100,0.7,0,"BM","mcar",0.3,"bace","c1","zRMSE",100,0.899431436608245,0.0242827439405148
"types_mixed",300,0.7,0,"BM","mcar",0.3,"bace","c1","zRMSE",100,0.83439730843552,0.0169612045043747
"types_mixed",1000,0.7,0,"BM","mcar",0.3,"bace","c1","zRMSE",100,0.774724982005539,0.0136159090554018
"types_mixed",100,1,0,"BM","mcar",0.3,"bace","c1","zRMSE",100,0.665605799597194,0.040544383411306
"types_mixed",300,1,0,"BM","mcar",0.3,"bace","c1","zRMSE",100,0.683381749832724,0.0427493244928617
"types_mixed",1000,1,0,"BM","mcar",0.3,"bace","c1","zRMSE",93,0.556935492781806,0.0481642322607301
"types_mixed",100,0.3,0.5,"BM","mcar",0.3,"bace","c1","zRMSE",100,0.936102774921143,0.0178579093460154
"types_mixed",300,0.3,0.5,"BM","mcar",0.3,"bace","c1","zRMSE",100,0.835670137201414,0.00845145630918258
"types_mixed",1000,0.3,0.5,"BM","mcar",0.3,"bace","c1","zRMSE",97,0.778281072840787,0.0066687370992535
"types_mixed",100,0.7,0.5,"BM","mcar",0.3,"bace","c1","zRMSE",97,0.773443847485735,0.0215805019594872
"types_mixed",300,0.7,0.5,"BM","mcar",0.3,"bace","c1","zRMSE",99,0.694070758653911,0.0132506129059378
"types_mixed",1000,0.7,0.5,"BM","mcar",0.3,"bace","c1","zRMSE",90,0.63344633377703,0.012029701985917
"types_mixed",100,1,0.5,"BM","mcar",0.3,"bace","c1","zRMSE",100,0.719577613958587,0.0406136614449164
"types_mixed",300,1,0.5,"BM","mcar",0.3,"bace","c1","zRMSE",100,0.592128832224552,0.0441066264241241
"types_mixed",1000,1,0.5,"BM","mcar",0.3,"bace","c1","zRMSE",100,0.502406893334912,0.0458279107566725
"types_mixed",100,0.3,0,"BM","mcar",0.3,"floor","c1","zRMSE",200,1.0064818251752,0.0114925968155618
"types_mixed",300,0.3,0,"BM","mcar",0.3,"floor","c1","zRMSE",200,1.01401088073366,0.00599459036267323
"types_mixed",1000,0.3,0,"BM","mcar",0.3,"floor","c1","zRMSE",200,1.00403373321193,0.00329782527791112
"types_mixed",100,0.7,0,"BM","mcar",0.3,"floor","c1","zRMSE",200,1.01281832407334,0.0108336151606507
"types_mixed",300,0.7,0,"BM","mcar",0.3,"floor","c1","zRMSE",200,1.01843277833332,0.0061382224324233
"types_mixed",1000,0.7,0,"BM","mcar",0.3,"floor","c1","zRMSE",200,1.00229201383954,0.00324537217560064
"types_mixed",100,1,0,"BM","mcar",0.3,"floor","c1","zRMSE",200,1.02136709824913,0.0107648286904763
"types_mixed",300,1,0,"BM","mcar",0.3,"floor","c1","zRMSE",200,1.01321722642618,0.00627596659665073
"types_mixed",1000,1,0,"BM","mcar",0.3,"floor","c1","zRMSE",200,1.00313482605471,0.00302284099479294
"types_mixed",100,0.3,0.5,"BM","mcar",0.3,"floor","c1","zRMSE",200,1.0064818251752,0.0114925968155618
"types_mixed",300,0.3,0.5,"BM","mcar",0.3,"floor","c1","zRMSE",200,1.01401088073366,0.00599459036267323
"types_mixed",1000,0.3,0.5,"BM","mcar",0.3,"floor","c1","zRMSE",200,1.00403373321193,0.00329782527791112
"types_mixed",100,0.7,0.5,"BM","mcar",0.3,"floor","c1","zRMSE",200,1.01281832407334,0.0108336151606507
"types_mixed",300,0.7,0.5,"BM","mcar",0.3,"floor","c1","zRMSE",200,1.01843277833332,0.0061382224324233
"types_mixed",1000,0.7,0.5,"BM","mcar",0.3,"floor","c1","zRMSE",200,1.00229201383954,0.00324537217560064
"types_mixed",100,1,0.5,"BM","mcar",0.3,"floor","c1","zRMSE",200,1.02136709824913,0.0107648286904763
"types_mixed",300,1,0.5,"BM","mcar",0.3,"floor","c1","zRMSE",200,1.01321722642618,0.00627596659665073
"types_mixed",1000,1,0.5,"BM","mcar",0.3,"floor","c1","zRMSE",200,1.00313482605471,0.00302284099479294
"types_mixed",100,0.3,0,"BM","mcar",0.3,"freq","c1","zRMSE",200,1.25400189562257,0.0225609886498582
"types_mixed",300,0.3,0,"BM","mcar",0.3,"freq","c1","zRMSE",200,1.26758503935542,0.0559719566945012
"types_mixed",1000,0.3,0,"BM","mcar",0.3,"freq","c1","zRMSE",200,1.1980758085056,0.0167942175711579
"types_mixed",100,0.7,0,"BM","mcar",0.3,"freq","c1","zRMSE",200,1.00122803719276,0.0231027823865492
"types_mixed",300,0.7,0,"BM","mcar",0.3,"freq","c1","zRMSE",200,1.00532260466915,0.0413507181740071
"types_mixed",1000,0.7,0,"BM","mcar",0.3,"freq","c1","zRMSE",200,0.951492821557372,0.0191009975739019
"types_mixed",100,1,0,"BM","mcar",0.3,"freq","c1","zRMSE",200,0.298070396196997,0.0189696534653375
"types_mixed",300,1,0,"BM","mcar",0.3,"freq","c1","zRMSE",200,0.203133625350998,0.0171975103430674
"types_mixed",1000,1,0,"BM","mcar",0.3,"freq","c1","zRMSE",200,0.121475578416771,0.0136580931796865
"types_mixed",100,0.3,0.5,"BM","mcar",0.3,"freq","c1","zRMSE",200,1.14552511000648,0.0197744169611172
"types_mixed",300,0.3,0.5,"BM","mcar",0.3,"freq","c1","zRMSE",200,1.14408253488452,0.0342607965904982
"types_mixed",1000,0.3,0.5,"BM","mcar",0.3,"freq","c1","zRMSE",200,1.0897078995345,0.0135991355026855
"types_mixed",100,0.7,0.5,"BM","mcar",0.3,"freq","c1","zRMSE",200,0.90371967196332,0.0200302715006597
"types_mixed",300,0.7,0.5,"BM","mcar",0.3,"freq","c1","zRMSE",200,0.905441759930831,0.0258994989293026
"types_mixed",1000,0.7,0.5,"BM","mcar",0.3,"freq","c1","zRMSE",200,0.86550529378445,0.0155613072079463
"types_mixed",100,1,0.5,"BM","mcar",0.3,"freq","c1","zRMSE",200,0.290702680041468,0.018845738953106
"types_mixed",300,1,0.5,"BM","mcar",0.3,"freq","c1","zRMSE",200,0.20223565285177,0.0177735168739662
"types_mixed",1000,1,0.5,"BM","mcar",0.3,"freq","c1","zRMSE",200,0.107673731315766,0.0121782279015614
"types_mixed",100,0.3,0,"BM","mcar",0.3,"freq_lambda","c1","zRMSE",200,0.89093277916712,0.0107861609075045
"types_mixed",300,0.3,0,"BM","mcar",0.3,"freq_lambda","c1","zRMSE",200,0.879892899143756,0.00676190683937315
"types_mixed",1000,0.3,0,"BM","mcar",0.3,"freq_lambda","c1","zRMSE",200,0.856167589552949,0.00522575994450281
"types_mixed",100,0.7,0,"BM","mcar",0.3,"freq_lambda","c1","zRMSE",200,0.727019014281524,0.0120770135554172
"types_mixed",300,0.7,0,"BM","mcar",0.3,"freq_lambda","c1","zRMSE",200,0.713286067884894,0.00920438100778789
"types_mixed",1000,0.7,0,"BM","mcar",0.3,"freq_lambda","c1","zRMSE",200,0.686836392162893,0.00880681342779084
"types_mixed",100,1,0,"BM","mcar",0.3,"freq_lambda","c1","zRMSE",200,0.298701254472125,0.018976672619362
"types_mixed",300,1,0,"BM","mcar",0.3,"freq_lambda","c1","zRMSE",200,0.203427696887067,0.0171902840976161
"types_mixed",1000,1,0,"BM","mcar",0.3,"freq_lambda","c1","zRMSE",200,0.121601997573946,0.0136566946790669
"types_mixed",100,0.3,0.5,"BM","mcar",0.3,"freq_lambda","c1","zRMSE",200,0.808857032226914,0.00931305797997014
"types_mixed",300,0.3,0.5,"BM","mcar",0.3,"freq_lambda","c1","zRMSE",200,0.804933739616283,0.00644574279235374
"types_mixed",1000,0.3,0.5,"BM","mcar",0.3,"freq_lambda","c1","zRMSE",200,0.778152485503622,0.00476316876423686
"types_mixed",100,0.7,0.5,"BM","mcar",0.3,"freq_lambda","c1","zRMSE",200,0.665166829233634,0.0107498839930389
"types_mixed",300,0.7,0.5,"BM","mcar",0.3,"freq_lambda","c1","zRMSE",200,0.65682308602777,0.00863160412227262
"types_mixed",1000,0.7,0.5,"BM","mcar",0.3,"freq_lambda","c1","zRMSE",200,0.62800088729962,0.00802877531539835
"types_mixed",100,1,0.5,"BM","mcar",0.3,"freq_lambda","c1","zRMSE",200,0.290904557232553,0.0188818002203938
"types_mixed",300,1,0.5,"BM","mcar",0.3,"freq_lambda","c1","zRMSE",200,0.202334508739213,0.0177708388257081
"types_mixed",1000,1,0.5,"BM","mcar",0.3,"freq_lambda","c1","zRMSE",200,0.107808944294243,0.0121771813506846
"types_mixed",100,0.3,0,"BM","mcar",0.3,"gnn_off","c1","zRMSE",200,1.0090144799484,0.0121758186600618
"types_mixed",300,0.3,0,"BM","mcar",0.3,"gnn_off","c1","zRMSE",200,1.00547328656694,0.00680273397687113
"types_mixed",1000,0.3,0,"BM","mcar",0.3,"gnn_off","c1","zRMSE",200,0.98352354937273,0.00446521695171797
"types_mixed",100,0.7,0,"BM","mcar",0.3,"gnn_off","c1","zRMSE",200,0.866717968333009,0.0140276437128288
"types_mixed",300,0.7,0,"BM","mcar",0.3,"gnn_off","c1","zRMSE",200,0.866440263780326,0.0106444734537887
"types_mixed",1000,0.7,0,"BM","mcar",0.3,"gnn_off","c1","zRMSE",200,0.830516181126903,0.00885699873604067
"types_mixed",100,1,0,"BM","mcar",0.3,"gnn_off","c1","zRMSE",200,0.26383650939056,0.0129677669654738
"types_mixed",300,1,0,"BM","mcar",0.3,"gnn_off","c1","zRMSE",200,0.153296105863937,0.00487331219672692
"types_mixed",1000,1,0,"BM","mcar",0.3,"gnn_off","c1","zRMSE",200,0.0862218239872897,0.0022868857346607
"types_mixed",100,0.3,0.5,"BM","mcar",0.3,"gnn_off","c1","zRMSE",200,1.0090144799484,0.0121758186600618
"types_mixed",300,0.3,0.5,"BM","mcar",0.3,"gnn_off","c1","zRMSE",200,1.00547328656694,0.00680273397687113
"types_mixed",1000,0.3,0.5,"BM","mcar",0.3,"gnn_off","c1","zRMSE",200,0.98352354937273,0.00446521695171797
"types_mixed",100,0.7,0.5,"BM","mcar",0.3,"gnn_off","c1","zRMSE",200,0.866717968333009,0.0140276437128288
"types_mixed",300,0.7,0.5,"BM","mcar",0.3,"gnn_off","c1","zRMSE",200,0.866440263780326,0.0106444734537887
"types_mixed",1000,0.7,0.5,"BM","mcar",0.3,"gnn_off","c1","zRMSE",200,0.830516181126903,0.00885699873604067
"types_mixed",100,1,0.5,"BM","mcar",0.3,"gnn_off","c1","zRMSE",200,0.26383650939056,0.0129677669654738
"types_mixed",300,1,0.5,"BM","mcar",0.3,"gnn_off","c1","zRMSE",200,0.153296105863937,0.00487331219672692
"types_mixed",1000,1,0.5,"BM","mcar",0.3,"gnn_off","c1","zRMSE",200,0.0862218239872897,0.0022868857346607
"types_mixed",100,0.3,0,"BM","mcar",0.3,"gnn_off_rphylopars","c1","zRMSE",200,1.01244633451187,0.0127405072181911
"types_mixed",300,0.3,0,"BM","mcar",0.3,"gnn_off_rphylopars","c1","zRMSE",200,0.995733635165129,0.00697111631753537
"types_mixed",1000,0.3,0,"BM","mcar",0.3,"gnn_off_rphylopars","c1","zRMSE",200,0.962750660562633,0.0047212758997992
"types_mixed",100,0.7,0,"BM","mcar",0.3,"gnn_off_rphylopars","c1","zRMSE",200,0.968589913352933,0.0287722564715214
"types_mixed",300,0.7,0,"BM","mcar",0.3,"gnn_off_rphylopars","c1","zRMSE",200,0.937271760281481,0.0496557225362129
"types_mixed",1000,0.7,0,"BM","mcar",0.3,"gnn_off_rphylopars","c1","zRMSE",200,0.838244045408828,0.00827329098710639
"types_mixed",100,1,0,"BM","mcar",0.3,"gnn_off_rphylopars","c1","zRMSE",200,0.25819810138278,0.0132398915276206
"types_mixed",300,1,0,"BM","mcar",0.3,"gnn_off_rphylopars","c1","zRMSE",200,0.145020758677902,0.00454037426445597
"types_mixed",1000,1,0,"BM","mcar",0.3,"gnn_off_rphylopars","c1","zRMSE",200,0.0803455085343094,0.00207898352657493
"types_mixed",100,0.3,0.5,"BM","mcar",0.3,"gnn_off_rphylopars","c1","zRMSE",200,1.00579944570898,0.0129004014445269
"types_mixed",300,0.3,0.5,"BM","mcar",0.3,"gnn_off_rphylopars","c1","zRMSE",200,0.985874398385758,0.0116894638910152
"types_mixed",1000,0.3,0.5,"BM","mcar",0.3,"gnn_off_rphylopars","c1","zRMSE",200,0.926609902576759,0.00612095771435887
"types_mixed",100,0.7,0.5,"BM","mcar",0.3,"gnn_off_rphylopars","c1","zRMSE",200,0.883614415438034,0.0145610173656988
"types_mixed",300,0.7,0.5,"BM","mcar",0.3,"gnn_off_rphylopars","c1","zRMSE",200,0.847400847773403,0.01587304405597
"types_mixed",1000,0.7,0.5,"BM","mcar",0.3,"gnn_off_rphylopars","c1","zRMSE",200,0.779618781554916,0.00843249097737132
"types_mixed",100,1,0.5,"BM","mcar",0.3,"gnn_off_rphylopars","c1","zRMSE",200,0.238175197266978,0.0106830797949741
"types_mixed",300,1,0.5,"BM","mcar",0.3,"gnn_off_rphylopars","c1","zRMSE",200,0.137850086057125,0.00433729821302374
"types_mixed",1000,1,0.5,"BM","mcar",0.3,"gnn_off_rphylopars","c1","zRMSE",200,0.0756241088172435,0.00203989479681751
"types_mixed",100,0.3,0,"BM","mcar",0.3,"gnn_on","c1","zRMSE",200,1.00159250980615,0.0120733291642551
"types_mixed",300,0.3,0,"BM","mcar",0.3,"gnn_on","c1","zRMSE",200,1.00539241702913,0.00674411564609465
"types_mixed",1000,0.3,0,"BM","mcar",0.3,"gnn_on","c1","zRMSE",200,0.986801659980336,0.0045964595363178
"types_mixed",100,0.7,0,"BM","mcar",0.3,"gnn_on","c1","zRMSE",200,0.860215736940333,0.014180742454981
"types_mixed",300,0.7,0,"BM","mcar",0.3,"gnn_on","c1","zRMSE",200,0.862610389474016,0.0108289089358624
"types_mixed",1000,0.7,0,"BM","mcar",0.3,"gnn_on","c1","zRMSE",200,0.834151642113149,0.00937058228271792
"types_mixed",100,1,0,"BM","mcar",0.3,"gnn_on","c1","zRMSE",200,0.347899816321014,0.0192048710575554
"types_mixed",300,1,0,"BM","mcar",0.3,"gnn_on","c1","zRMSE",200,0.234481559566522,0.0168740464041904
"types_mixed",1000,1,0,"BM","mcar",0.3,"gnn_on","c1","zRMSE",200,0.140870110103403,0.0134724604384469
"types_mixed",100,0.3,0.5,"BM","mcar",0.3,"gnn_on","c1","zRMSE",200,0.98521828073632,0.0121930850693665
"types_mixed",300,0.3,0.5,"BM","mcar",0.3,"gnn_on","c1","zRMSE",200,1.00365501395865,0.00706110893201622
"types_mixed",1000,0.3,0.5,"BM","mcar",0.3,"gnn_on","c1","zRMSE",200,0.98567887878669,0.00450478116554528
"types_mixed",100,0.7,0.5,"BM","mcar",0.3,"gnn_on","c1","zRMSE",200,0.838522578396111,0.014530927407764
"types_mixed",300,0.7,0.5,"BM","mcar",0.3,"gnn_on","c1","zRMSE",200,0.850680125477983,0.0109042179033
"types_mixed",1000,0.7,0.5,"BM","mcar",0.3,"gnn_on","c1","zRMSE",200,0.831977104852845,0.0092912525647491
"types_mixed",100,1,0.5,"BM","mcar",0.3,"gnn_on","c1","zRMSE",200,0.351482759789853,0.019610128421502
"types_mixed",300,1,0.5,"BM","mcar",0.3,"gnn_on","c1","zRMSE",200,0.239871935538726,0.0173485371982119
"types_mixed",1000,1,0.5,"BM","mcar",0.3,"gnn_on","c1","zRMSE",200,0.131979729375402,0.0119895312058025
"types_mixed",100,0.3,0,"BM","mcar",0.3,"gnn_on_full","c1","zRMSE",200,1.00460107593997,0.0122351487481165
"types_mixed",300,0.3,0,"BM","mcar",0.3,"gnn_on_full","c1","zRMSE",200,1.00639785212898,0.0067742755946924
"types_mixed",1000,0.3,0,"BM","mcar",0.3,"gnn_on_full","c1","zRMSE",200,0.987026350768386,0.00456230082808693
"types_mixed",100,0.7,0,"BM","mcar",0.3,"gnn_on_full","c1","zRMSE",200,0.860880447009713,0.0139706253103379
"types_mixed",300,0.7,0,"BM","mcar",0.3,"gnn_on_full","c1","zRMSE",200,0.864188468022086,0.010947065226457
"types_mixed",1000,0.7,0,"BM","mcar",0.3,"gnn_on_full","c1","zRMSE",200,0.836362743945966,0.00920416422084436
"types_mixed",100,1,0,"BM","mcar",0.3,"gnn_on_full","c1","zRMSE",185,0.269826682361566,0.0135430780573858
"types_mixed",300,1,0,"BM","mcar",0.3,"gnn_on_full","c1","zRMSE",186,0.150053584239523,0.00476867920158818
"types_mixed",1000,1,0,"BM","mcar",0.3,"gnn_on_full","c1","zRMSE",191,0.0869463611052418,0.0023680082212643
"types_mixed",100,0.3,0.5,"BM","mcar",0.3,"gnn_on_full","c1","zRMSE",200,0.98561661201228,0.0124497326490241
"types_mixed",300,0.3,0.5,"BM","mcar",0.3,"gnn_on_full","c1","zRMSE",200,1.00463117349873,0.00704081317880251
"types_mixed",1000,0.3,0.5,"BM","mcar",0.3,"gnn_on_full","c1","zRMSE",200,0.986529446415615,0.00446299124352121
"types_mixed",100,0.7,0.5,"BM","mcar",0.3,"gnn_on_full","c1","zRMSE",200,0.838492464814671,0.0144324345267331
"types_mixed",300,0.7,0.5,"BM","mcar",0.3,"gnn_on_full","c1","zRMSE",200,0.852788828165072,0.0111397827323451
"types_mixed",1000,0.7,0.5,"BM","mcar",0.3,"gnn_on_full","c1","zRMSE",200,0.834921994859988,0.00906094122615455
"types_mixed",100,1,0.5,"BM","mcar",0.3,"gnn_on_full","c1","zRMSE",183,0.264757696586161,0.0134328002104228
"types_mixed",300,1,0.5,"BM","mcar",0.3,"gnn_on_full","c1","zRMSE",185,0.151725017780406,0.00488390578931816
"types_mixed",1000,1,0.5,"BM","mcar",0.3,"gnn_on_full","c1","zRMSE",193,0.086807124826282,0.00233147561844084
"types_mixed",100,0.3,0,"BM","mcar",0.3,"bace","c2","zRMSE",100,1.05327388807395,0.0215772385662649
"types_mixed",300,0.3,0,"BM","mcar",0.3,"bace","c2","zRMSE",100,0.954185387702059,0.011882373952691
"types_mixed",1000,0.3,0,"BM","mcar",0.3,"bace","c2","zRMSE",100,0.924030719301756,0.00821784920877088
"types_mixed",100,0.7,0,"BM","mcar",0.3,"bace","c2","zRMSE",100,0.850580277978471,0.0247521444650311
"types_mixed",300,0.7,0,"BM","mcar",0.3,"bace","c2","zRMSE",100,0.76460477877098,0.014128425536584
"types_mixed",1000,0.7,0,"BM","mcar",0.3,"bace","c2","zRMSE",100,0.708719396609723,0.0140458472016804
"types_mixed",100,1,0,"BM","mcar",0.3,"bace","c2","zRMSE",100,0.677808681478466,0.0404617269082978
"types_mixed",300,1,0,"BM","mcar",0.3,"bace","c2","zRMSE",100,0.690844512806739,0.0431730329860524
"types_mixed",1000,1,0,"BM","mcar",0.3,"bace","c2","zRMSE",93,0.54829536857364,0.0471988167087402
"types_mixed",100,0.3,0.5,"BM","mcar",0.3,"bace","c2","zRMSE",100,0.90298421084229,0.0154713087432767
"types_mixed",300,0.3,0.5,"BM","mcar",0.3,"bace","c2","zRMSE",100,0.815936573737204,0.00898290040456342
"types_mixed",1000,0.3,0.5,"BM","mcar",0.3,"bace","c2","zRMSE",97,0.770539230541194,0.00590034450021306
"types_mixed",100,0.7,0.5,"BM","mcar",0.3,"bace","c2","zRMSE",97,0.73723225876339,0.0200808650079291
"types_mixed",300,0.7,0.5,"BM","mcar",0.3,"bace","c2","zRMSE",99,0.679137636814561,0.0155543365845748
"types_mixed",1000,0.7,0.5,"BM","mcar",0.3,"bace","c2","zRMSE",90,0.613506991393405,0.0124712891766637
"types_mixed",100,1,0.5,"BM","mcar",0.3,"bace","c2","zRMSE",100,0.72814931050886,0.0390959099641102
"types_mixed",300,1,0.5,"BM","mcar",0.3,"bace","c2","zRMSE",100,0.594709263774703,0.0437018397786518
"types_mixed",1000,1,0.5,"BM","mcar",0.3,"bace","c2","zRMSE",100,0.498535518989746,0.0460393530505742
"types_mixed",100,0.3,0,"BM","mcar",0.3,"floor","c2","zRMSE",200,1.01146160992184,0.0113714798109718
"types_mixed",300,0.3,0,"BM","mcar",0.3,"floor","c2","zRMSE",200,0.996112911845584,0.00579710232492886
"types_mixed",1000,0.3,0,"BM","mcar",0.3,"floor","c2","zRMSE",200,0.99447734327742,0.00338011254380576
"types_mixed",100,0.7,0,"BM","mcar",0.3,"floor","c2","zRMSE",200,1.01263165472987,0.011449797375087
"types_mixed",300,0.7,0,"BM","mcar",0.3,"floor","c2","zRMSE",200,0.99907908363689,0.0058563723986294
"types_mixed",1000,0.7,0,"BM","mcar",0.3,"floor","c2","zRMSE",200,0.995121509026525,0.00323662450014235
"types_mixed",100,1,0,"BM","mcar",0.3,"floor","c2","zRMSE",200,1.00968927774106,0.011397815464757
"types_mixed",300,1,0,"BM","mcar",0.3,"floor","c2","zRMSE",200,1.01130883760403,0.0063136261333749
"types_mixed",1000,1,0,"BM","mcar",0.3,"floor","c2","zRMSE",200,0.998850336467902,0.00299040870880211
"types_mixed",100,0.3,0.5,"BM","mcar",0.3,"floor","c2","zRMSE",200,1.0053425878794,0.0119902826163693
"types_mixed",300,0.3,0.5,"BM","mcar",0.3,"floor","c2","zRMSE",200,1.00034592711494,0.00572840347243346
"types_mixed",1000,0.3,0.5,"BM","mcar",0.3,"floor","c2","zRMSE",200,0.993053812878293,0.00352346383467102
"types_mixed",100,0.7,0.5,"BM","mcar",0.3,"floor","c2","zRMSE",200,1.00995950914973,0.0119231755359655
"types_mixed",300,0.7,0.5,"BM","mcar",0.3,"floor","c2","zRMSE",200,1.00206495018204,0.00570284129403922
"types_mixed",1000,0.7,0.5,"BM","mcar",0.3,"floor","c2","zRMSE",200,0.992776325050144,0.00356490663844239
"types_mixed",100,1,0.5,"BM","mcar",0.3,"floor","c2","zRMSE",200,1.01107760406801,0.0106943204276399
"types_mixed",300,1,0.5,"BM","mcar",0.3,"floor","c2","zRMSE",200,1.0089724043328,0.00648825081407363
"types_mixed",1000,1,0.5,"BM","mcar",0.3,"floor","c2","zRMSE",200,1.00068217698697,0.00309469906022935
"types_mixed",100,0.3,0,"BM","mcar",0.3,"freq","c2","zRMSE",200,1.25121960509739,0.0211939640047772
"types_mixed",300,0.3,0,"BM","mcar",0.3,"freq","c2","zRMSE",200,1.21058910461994,0.0179059997011313
"types_mixed",1000,0.3,0,"BM","mcar",0.3,"freq","c2","zRMSE",200,1.14794081966952,0.0129268408414896
"types_mixed",100,0.7,0,"BM","mcar",0.3,"freq","c2","zRMSE",200,0.972608149600543,0.0211118329797934
"types_mixed",300,0.7,0,"BM","mcar",0.3,"freq","c2","zRMSE",200,0.958241067775067,0.0197045048999491
"types_mixed",1000,0.7,0,"BM","mcar",0.3,"freq","c2","zRMSE",200,0.885469144782903,0.0143635273439546
"types_mixed",100,1,0,"BM","mcar",0.3,"freq","c2","zRMSE",200,0.289114262863308,0.0168374014216608
"types_mixed",300,1,0,"BM","mcar",0.3,"freq","c2","zRMSE",200,0.209471472113115,0.0162380885081513
"types_mixed",1000,1,0,"BM","mcar",0.3,"freq","c2","zRMSE",200,0.118933235495308,0.0134024781348885
"types_mixed",100,0.3,0.5,"BM","mcar",0.3,"freq","c2","zRMSE",200,1.11949192228593,0.0194927753564237
"types_mixed",300,0.3,0.5,"BM","mcar",0.3,"freq","c2","zRMSE",200,1.09634214640433,0.0169756052751621
"types_mixed",1000,0.3,0.5,"BM","mcar",0.3,"freq","c2","zRMSE",200,1.05494380167179,0.0121597965416621
"types_mixed",100,0.7,0.5,"BM","mcar",0.3,"freq","c2","zRMSE",200,0.879065098759681,0.0203853830201698
"types_mixed",300,0.7,0.5,"BM","mcar",0.3,"freq","c2","zRMSE",200,0.874271895408215,0.0167606231716829
"types_mixed",1000,0.7,0.5,"BM","mcar",0.3,"freq","c2","zRMSE",200,0.824671947375577,0.0133565539191782
"types_mixed",100,1,0.5,"BM","mcar",0.3,"freq","c2","zRMSE",200,0.271392430753986,0.0164124186148334
"types_mixed",300,1,0.5,"BM","mcar",0.3,"freq","c2","zRMSE",200,0.200710100172733,0.0159387156912399
"types_mixed",1000,1,0.5,"BM","mcar",0.3,"freq","c2","zRMSE",200,0.108633304369568,0.012163833984431
"types_mixed",100,0.3,0,"BM","mcar",0.3,"freq_lambda","c2","zRMSE",200,0.898770000206422,0.0108937707751756
"types_mixed",300,0.3,0,"BM","mcar",0.3,"freq_lambda","c2","zRMSE",200,0.863484531519764,0.00646976806685594
"types_mixed",1000,0.3,0,"BM","mcar",0.3,"freq_lambda","c2","zRMSE",200,0.844277286779225,0.00500389167665329
"types_mixed",100,0.7,0,"BM","mcar",0.3,"freq_lambda","c2","zRMSE",200,0.726213419894042,0.0128269901496297
"types_mixed",300,0.7,0,"BM","mcar",0.3,"freq_lambda","c2","zRMSE",200,0.696967189309324,0.00929411732235308
"types_mixed",1000,0.7,0,"BM","mcar",0.3,"freq_lambda","c2","zRMSE",200,0.661750138458399,0.00885356940897151
"types_mixed",100,1,0,"BM","mcar",0.3,"freq_lambda","c2","zRMSE",200,0.290001136799317,0.0168402309692841
"types_mixed",300,1,0,"BM","mcar",0.3,"freq_lambda","c2","zRMSE",200,0.209537560608792,0.0162262865654821
"types_mixed",1000,1,0,"BM","mcar",0.3,"freq_lambda","c2","zRMSE",200,0.119065487987399,0.013400817564595
"types_mixed",100,0.3,0.5,"BM","mcar",0.3,"freq_lambda","c2","zRMSE",200,0.814334166189397,0.0101098620986413
"types_mixed",300,0.3,0.5,"BM","mcar",0.3,"freq_lambda","c2","zRMSE",200,0.786896294164606,0.0062470377652044
"types_mixed",1000,0.3,0.5,"BM","mcar",0.3,"freq_lambda","c2","zRMSE",200,0.771322665838314,0.00475812831082178
"types_mixed",100,0.7,0.5,"BM","mcar",0.3,"freq_lambda","c2","zRMSE",200,0.663698596980437,0.011657333041403
"types_mixed",300,0.7,0.5,"BM","mcar",0.3,"freq_lambda","c2","zRMSE",200,0.642600231938928,0.00892095508689751
"types_mixed",1000,0.7,0.5,"BM","mcar",0.3,"freq_lambda","c2","zRMSE",200,0.61241799118196,0.00809056935843535
"types_mixed",100,1,0.5,"BM","mcar",0.3,"freq_lambda","c2","zRMSE",200,0.272017666156671,0.0164020216877829
"types_mixed",300,1,0.5,"BM","mcar",0.3,"freq_lambda","c2","zRMSE",200,0.200692269924234,0.0159352622586132
"types_mixed",1000,1,0.5,"BM","mcar",0.3,"freq_lambda","c2","zRMSE",200,0.108757232280005,0.0121629299372788
"types_mixed",100,0.3,0,"BM","mcar",0.3,"gnn_off","c2","zRMSE",200,1.01197083520484,0.0115718562551979
"types_mixed",300,0.3,0,"BM","mcar",0.3,"gnn_off","c2","zRMSE",200,0.984947517492199,0.00632747153174768
"types_mixed",1000,0.3,0,"BM","mcar",0.3,"gnn_off","c2","zRMSE",200,0.972328053715489,0.00418989438699271
"types_mixed",100,0.7,0,"BM","mcar",0.3,"gnn_off","c2","zRMSE",200,0.869076229407418,0.0150592673065554
"types_mixed",300,0.7,0,"BM","mcar",0.3,"gnn_off","c2","zRMSE",200,0.836372365094932,0.0104445254136904
"types_mixed",1000,0.7,0,"BM","mcar",0.3,"gnn_off","c2","zRMSE",200,0.808792485673196,0.00938293007277104
"types_mixed",100,1,0,"BM","mcar",0.3,"gnn_off","c2","zRMSE",200,0.258296065167427,0.0113528970089682
"types_mixed",300,1,0,"BM","mcar",0.3,"gnn_off","c2","zRMSE",200,0.163697990339538,0.00644014631249367
"types_mixed",1000,1,0,"BM","mcar",0.3,"gnn_off","c2","zRMSE",200,0.0839621672487484,0.00238172370182701
"types_mixed",100,0.3,0.5,"BM","mcar",0.3,"gnn_off","c2","zRMSE",200,1.01421560148235,0.0121121805575535
"types_mixed",300,0.3,0.5,"BM","mcar",0.3,"gnn_off","c2","zRMSE",200,0.997094510201179,0.0065849966771656
"types_mixed",1000,0.3,0.5,"BM","mcar",0.3,"gnn_off","c2","zRMSE",200,0.972013766088244,0.00447340035754929
"types_mixed",100,0.7,0.5,"BM","mcar",0.3,"gnn_off","c2","zRMSE",200,0.875224604378799,0.0149762010136373
"types_mixed",300,0.7,0.5,"BM","mcar",0.3,"gnn_off","c2","zRMSE",200,0.844179391452057,0.0107244744886399
"types_mixed",1000,0.7,0.5,"BM","mcar",0.3,"gnn_off","c2","zRMSE",200,0.813517587583661,0.00911469029292464
"types_mixed",100,1,0.5,"BM","mcar",0.3,"gnn_off","c2","zRMSE",200,0.254602917514849,0.0109008411995365
"types_mixed",300,1,0.5,"BM","mcar",0.3,"gnn_off","c2","zRMSE",200,0.160106038760896,0.00575792688567095
"types_mixed",1000,1,0.5,"BM","mcar",0.3,"gnn_off","c2","zRMSE",200,0.0864803389791691,0.00241019326795262
"types_mixed",100,0.3,0,"BM","mcar",0.3,"gnn_off_rphylopars","c2","zRMSE",200,1.01184286118822,0.0122008851848011
"types_mixed",300,0.3,0,"BM","mcar",0.3,"gnn_off_rphylopars","c2","zRMSE",200,0.975225706527625,0.00670926192904212
"types_mixed",1000,0.3,0,"BM","mcar",0.3,"gnn_off_rphylopars","c2","zRMSE",200,0.955392480772843,0.00443246887005589
"types_mixed",100,0.7,0,"BM","mcar",0.3,"gnn_off_rphylopars","c2","zRMSE",200,0.917624687461355,0.0151103371281906
"types_mixed",300,0.7,0,"BM","mcar",0.3,"gnn_off_rphylopars","c2","zRMSE",200,0.861637247773917,0.00976136111238846
"types_mixed",1000,0.7,0,"BM","mcar",0.3,"gnn_off_rphylopars","c2","zRMSE",200,0.80684677568489,0.0086021647297102
"types_mixed",100,1,0,"BM","mcar",0.3,"gnn_off_rphylopars","c2","zRMSE",200,0.259223512373179,0.0131096569378757
"types_mixed",300,1,0,"BM","mcar",0.3,"gnn_off_rphylopars","c2","zRMSE",200,0.153016946546194,0.00581024261099241
"types_mixed",1000,1,0,"BM","mcar",0.3,"gnn_off_rphylopars","c2","zRMSE",200,0.0787281070817622,0.00228053576662175
"types_mixed",100,0.3,0.5,"BM","mcar",0.3,"gnn_off_rphylopars","c2","zRMSE",200,1.00104005080251,0.0141773451444794
"types_mixed",300,0.3,0.5,"BM","mcar",0.3,"gnn_off_rphylopars","c2","zRMSE",200,0.960055151702391,0.00801515465730843
"types_mixed",1000,0.3,0.5,"BM","mcar",0.3,"gnn_off_rphylopars","c2","zRMSE",200,0.915152856053727,0.00608979994397304
"types_mixed",100,0.7,0.5,"BM","mcar",0.3,"gnn_off_rphylopars","c2","zRMSE",200,0.875747343882579,0.0153723441872159
"types_mixed",300,0.7,0.5,"BM","mcar",0.3,"gnn_off_rphylopars","c2","zRMSE",200,0.809191158279837,0.0102440385088447
"types_mixed",1000,0.7,0.5,"BM","mcar",0.3,"gnn_off_rphylopars","c2","zRMSE",200,0.754374375814669,0.00839036968090639
"types_mixed",100,1,0.5,"BM","mcar",0.3,"gnn_off_rphylopars","c2","zRMSE",200,0.227505059493237,0.0101554338667677
"types_mixed",300,1,0.5,"BM","mcar",0.3,"gnn_off_rphylopars","c2","zRMSE",200,0.14689198861842,0.00707409095399169
"types_mixed",1000,1,0.5,"BM","mcar",0.3,"gnn_off_rphylopars","c2","zRMSE",200,0.0764361837998831,0.00217004165437723
"types_mixed",100,0.3,0,"BM","mcar",0.3,"gnn_on","c2","zRMSE",200,1.01457021986564,0.0113439426093028
"types_mixed",300,0.3,0,"BM","mcar",0.3,"gnn_on","c2","zRMSE",200,0.985978914012476,0.00625313829430923
"types_mixed",1000,0.3,0,"BM","mcar",0.3,"gnn_on","c2","zRMSE",200,0.976015077789389,0.00421773106024951
"types_mixed",100,0.7,0,"BM","mcar",0.3,"gnn_on","c2","zRMSE",200,0.867803624591198,0.0150273788190242
"types_mixed",300,0.7,0,"BM","mcar",0.3,"gnn_on","c2","zRMSE",200,0.838788774547289,0.0104205895781139
"types_mixed",1000,0.7,0,"BM","mcar",0.3,"gnn_on","c2","zRMSE",200,0.809985693957618,0.00954443241709969
"types_mixed",100,1,0,"BM","mcar",0.3,"gnn_on","c2","zRMSE",200,0.345346423111287,0.0174376369433829
"types_mixed",300,1,0,"BM","mcar",0.3,"gnn_on","c2","zRMSE",200,0.245294727902924,0.0161392841296304
"types_mixed",1000,1,0,"BM","mcar",0.3,"gnn_on","c2","zRMSE",200,0.138067705772577,0.0131983518544273
"types_mixed",100,0.3,0.5,"BM","mcar",0.3,"gnn_on","c2","zRMSE",200,1.00312411172365,0.0118808716609514
"types_mixed",300,0.3,0.5,"BM","mcar",0.3,"gnn_on","c2","zRMSE",200,0.990682461098378,0.00694398364751639
"types_mixed",1000,0.3,0.5,"BM","mcar",0.3,"gnn_on","c2","zRMSE",200,0.974255994205883,0.00464150385556078
"types_mixed",100,0.7,0.5,"BM","mcar",0.3,"gnn_on","c2","zRMSE",200,0.85314509821155,0.0148629550255289
"types_mixed",300,0.7,0.5,"BM","mcar",0.3,"gnn_on","c2","zRMSE",200,0.830186488257155,0.0107266421712374
"types_mixed",1000,0.7,0.5,"BM","mcar",0.3,"gnn_on","c2","zRMSE",200,0.812180021003599,0.00938526562477701
"types_mixed",100,1,0.5,"BM","mcar",0.3,"gnn_on","c2","zRMSE",200,0.331259837907268,0.0167780217208209
"types_mixed",300,1,0.5,"BM","mcar",0.3,"gnn_on","c2","zRMSE",200,0.240574683447134,0.0158239128431428
"types_mixed",1000,1,0.5,"BM","mcar",0.3,"gnn_on","c2","zRMSE",200,0.133074227131256,0.0119788101075536
"types_mixed",100,0.3,0,"BM","mcar",0.3,"gnn_on_full","c2","zRMSE",200,1.01271617540985,0.0116661476164746
"types_mixed",300,0.3,0,"BM","mcar",0.3,"gnn_on_full","c2","zRMSE",200,0.985273133002897,0.00639554253290568
"types_mixed",1000,0.3,0,"BM","mcar",0.3,"gnn_on_full","c2","zRMSE",200,0.976522620170556,0.00426009772324245
"types_mixed",100,0.7,0,"BM","mcar",0.3,"gnn_on_full","c2","zRMSE",200,0.864059307482095,0.015362025634256
"types_mixed",300,0.7,0,"BM","mcar",0.3,"gnn_on_full","c2","zRMSE",200,0.834758250967341,0.010514152473943
"types_mixed",1000,0.7,0,"BM","mcar",0.3,"gnn_on_full","c2","zRMSE",200,0.812286126601928,0.00963638009894669
"types_mixed",100,1,0,"BM","mcar",0.3,"gnn_on_full","c2","zRMSE",185,0.256506728174015,0.0109014991523167
"types_mixed",300,1,0,"BM","mcar",0.3,"gnn_on_full","c2","zRMSE",186,0.165347551098813,0.00689391542655109
"types_mixed",1000,1,0,"BM","mcar",0.3,"gnn_on_full","c2","zRMSE",191,0.0843997886350294,0.00247034941385758
"types_mixed",100,0.3,0.5,"BM","mcar",0.3,"gnn_on_full","c2","zRMSE",200,1.00058237153103,0.0120418642536518
"types_mixed",300,0.3,0.5,"BM","mcar",0.3,"gnn_on_full","c2","zRMSE",200,0.987762379800613,0.00715518611939584
"types_mixed",1000,0.3,0.5,"BM","mcar",0.3,"gnn_on_full","c2","zRMSE",200,0.975102751423481,0.0045310332271945
"types_mixed",100,0.7,0.5,"BM","mcar",0.3,"gnn_on_full","c2","zRMSE",200,0.847365134351495,0.0148909171136693
"types_mixed",300,0.7,0.5,"BM","mcar",0.3,"gnn_on_full","c2","zRMSE",200,0.826948203434855,0.0109536061757264
"types_mixed",1000,0.7,0.5,"BM","mcar",0.3,"gnn_on_full","c2","zRMSE",200,0.814276631724813,0.00942304114356418
"types_mixed",100,1,0.5,"BM","mcar",0.3,"gnn_on_full","c2","zRMSE",183,0.246401994153764,0.00961230435280731
"types_mixed",300,1,0.5,"BM","mcar",0.3,"gnn_on_full","c2","zRMSE",185,0.15935198800627,0.0061021341450685
"types_mixed",1000,1,0.5,"BM","mcar",0.3,"gnn_on_full","c2","zRMSE",193,0.086864604963705,0.00246142251305009
"types_mixed",100,0.3,0,"BM","mcar",0.3,"bace","cnt","zRMSE",100,1.16707430199583,0.0595980120972665
"types_mixed",300,0.3,0,"BM","mcar",0.3,"bace","cnt","zRMSE",100,1.04691638009635,0.0302847359668898
"types_mixed",1000,0.3,0,"BM","mcar",0.3,"bace","cnt","zRMSE",100,1.01908199696775,0.019887064598584
"types_mixed",100,0.7,0,"BM","mcar",0.3,"bace","cnt","zRMSE",100,1.09528210773479,0.0500446319073976
"types_mixed",300,0.7,0,"BM","mcar",0.3,"bace","cnt","zRMSE",100,0.906852219584532,0.0243394595002736
"types_mixed",1000,0.7,0,"BM","mcar",0.3,"bace","cnt","zRMSE",100,0.895226776711732,0.0133515590177967
"types_mixed",100,1,0,"BM","mcar",0.3,"bace","cnt","zRMSE",100,0.975655022926642,0.0444871401995619
"types_mixed",300,1,0,"BM","mcar",0.3,"bace","cnt","zRMSE",100,0.912588722642112,0.0214070533059156
"types_mixed",1000,1,0,"BM","mcar",0.3,"bace","cnt","zRMSE",93,0.854227545041963,0.0205509278358621
"types_mixed",100,0.3,0.5,"BM","mcar",0.3,"bace","cnt","zRMSE",100,1.03739516341186,0.0362178727625928
"types_mixed",300,0.3,0.5,"BM","mcar",0.3,"bace","cnt","zRMSE",100,0.911004145393759,0.0213176724292656
"types_mixed",1000,0.3,0.5,"BM","mcar",0.3,"bace","cnt","zRMSE",97,0.89222686762079,0.0109143983375163
"types_mixed",100,0.7,0.5,"BM","mcar",0.3,"bace","cnt","zRMSE",97,0.984358556741011,0.0425772411363503
"types_mixed",300,0.7,0.5,"BM","mcar",0.3,"bace","cnt","zRMSE",99,0.837397842310066,0.016667987187141
"types_mixed",1000,0.7,0.5,"BM","mcar",0.3,"bace","cnt","zRMSE",90,0.81822945497815,0.0122538679349944
"types_mixed",100,1,0.5,"BM","mcar",0.3,"bace","cnt","zRMSE",100,0.964967748269631,0.034488393321885
"types_mixed",300,1,0.5,"BM","mcar",0.3,"bace","cnt","zRMSE",100,0.852368973999522,0.0257326731666408
"types_mixed",1000,1,0.5,"BM","mcar",0.3,"bace","cnt","zRMSE",100,0.829737628772296,0.0210924176284905
"types_mixed",100,0.3,0,"BM","mcar",0.3,"floor","cnt","zRMSE",200,1.0262306812019,0.0260212380111882
"types_mixed",300,0.3,0,"BM","mcar",0.3,"floor","cnt","zRMSE",200,1.01337262593682,0.0168342323226054
"types_mixed",1000,0.3,0,"BM","mcar",0.3,"floor","cnt","zRMSE",200,1.02273858831379,0.0104115373065969
"types_mixed",100,0.7,0,"BM","mcar",0.3,"floor","cnt","zRMSE",200,1.00906933913852,0.0209131018549312
"types_mixed",300,0.7,0,"BM","mcar",0.3,"floor","cnt","zRMSE",200,0.987580802250197,0.0114312118314365
"types_mixed",1000,0.7,0,"BM","mcar",0.3,"floor","cnt","zRMSE",200,1.01982239132827,0.00723614483300522
"types_mixed",100,1,0,"BM","mcar",0.3,"floor","cnt","zRMSE",200,1.04090820224305,0.015215479128007
"types_mixed",300,1,0,"BM","mcar",0.3,"floor","cnt","zRMSE",200,1.00334354318967,0.00850050533456875
"types_mixed",1000,1,0,"BM","mcar",0.3,"floor","cnt","zRMSE",200,1.00614319563111,0.00441946046006922
"types_mixed",100,0.3,0.5,"BM","mcar",0.3,"floor","cnt","zRMSE",200,1.0425892334109,0.0260429334267663
"types_mixed",300,0.3,0.5,"BM","mcar",0.3,"floor","cnt","zRMSE",200,1.00273010684504,0.0165326859413798
"types_mixed",1000,0.3,0.5,"BM","mcar",0.3,"floor","cnt","zRMSE",200,1.02677586874072,0.00977901006681552
"types_mixed",100,0.7,0.5,"BM","mcar",0.3,"floor","cnt","zRMSE",200,1.04338717885487,0.0217444577945258
"types_mixed",300,0.7,0.5,"BM","mcar",0.3,"floor","cnt","zRMSE",200,0.989025294364053,0.0109699034115389
"types_mixed",1000,0.7,0.5,"BM","mcar",0.3,"floor","cnt","zRMSE",200,1.01617863526739,0.00696345118447155
"types_mixed",100,1,0.5,"BM","mcar",0.3,"floor","cnt","zRMSE",200,1.03608994215823,0.0167262128635235
"types_mixed",300,1,0.5,"BM","mcar",0.3,"floor","cnt","zRMSE",200,0.999011132300332,0.00820571045645724
"types_mixed",1000,1,0.5,"BM","mcar",0.3,"floor","cnt","zRMSE",200,1.00117670804047,0.00440174946926721
"types_mixed",100,0.3,0,"BM","mcar",0.3,"freq","cnt","zRMSE",200,1.05154201629935,0.0259887061983054
"types_mixed",300,0.3,0,"BM","mcar",0.3,"freq","cnt","zRMSE",200,1.03459351416696,0.0167708804260973
"types_mixed",1000,0.3,0,"BM","mcar",0.3,"freq","cnt","zRMSE",200,1.04171465168098,0.0107530558055768
"types_mixed",100,0.7,0,"BM","mcar",0.3,"freq","cnt","zRMSE",200,1.04588636908402,0.0203376553840225
"types_mixed",300,0.7,0,"BM","mcar",0.3,"freq","cnt","zRMSE",200,1.03204918030496,0.0128560228362665
"types_mixed",1000,0.7,0,"BM","mcar",0.3,"freq","cnt","zRMSE",200,1.06215913875256,0.0101735882710163
"types_mixed",100,1,0,"BM","mcar",0.3,"freq","cnt","zRMSE",200,1.08581396305878,0.0156607954097226
"types_mixed",300,1,0,"BM","mcar",0.3,"freq","cnt","zRMSE",200,1.05420137958908,0.0130343887496044
"types_mixed",1000,1,0,"BM","mcar",0.3,"freq","cnt","zRMSE",200,1.07165051579705,0.0126746773225493
"types_mixed",100,0.3,0.5,"BM","mcar",0.3,"freq","cnt","zRMSE",200,1.06901000534364,0.0261376601376304
"types_mixed",300,0.3,0.5,"BM","mcar",0.3,"freq","cnt","zRMSE",200,1.02219083552868,0.0167980283431514
"types_mixed",1000,0.3,0.5,"BM","mcar",0.3,"freq","cnt","zRMSE",200,1.04688159994701,0.010204136270728
"types_mixed",100,0.7,0.5,"BM","mcar",0.3,"freq","cnt","zRMSE",200,1.08147195956108,0.0227104247035397
"types_mixed",300,0.7,0.5,"BM","mcar",0.3,"freq","cnt","zRMSE",200,1.024291644695,0.0120987877244196
"types_mixed",1000,0.7,0.5,"BM","mcar",0.3,"freq","cnt","zRMSE",200,1.05372323338052,0.00839272116834119
"types_mixed",100,1,0.5,"BM","mcar",0.3,"freq","cnt","zRMSE",200,1.0912234346701,0.0182094638689483
"types_mixed",300,1,0.5,"BM","mcar",0.3,"freq","cnt","zRMSE",200,1.05325977603768,0.0114462726914085
"types_mixed",1000,1,0.5,"BM","mcar",0.3,"freq","cnt","zRMSE",200,1.06495681975894,0.00992905638857062
"types_mixed",100,0.3,0,"BM","mcar",0.3,"freq_lambda","cnt","zRMSE",200,1.05154201629935,0.0259887061983054
"types_mixed",300,0.3,0,"BM","mcar",0.3,"freq_lambda","cnt","zRMSE",200,1.03459351416696,0.0167708804260973
"types_mixed",1000,0.3,0,"BM","mcar",0.3,"freq_lambda","cnt","zRMSE",200,1.04171465168098,0.0107530558055768
"types_mixed",100,0.7,0,"BM","mcar",0.3,"freq_lambda","cnt","zRMSE",200,1.04588636908402,0.0203376553840225
"types_mixed",300,0.7,0,"BM","mcar",0.3,"freq_lambda","cnt","zRMSE",200,1.03204918030496,0.0128560228362665
"types_mixed",1000,0.7,0,"BM","mcar",0.3,"freq_lambda","cnt","zRMSE",200,1.06215913875256,0.0101735882710163
"types_mixed",100,1,0,"BM","mcar",0.3,"freq_lambda","cnt","zRMSE",200,1.08581396305878,0.0156607954097226
"types_mixed",300,1,0,"BM","mcar",0.3,"freq_lambda","cnt","zRMSE",200,1.05420137958908,0.0130343887496044
"types_mixed",1000,1,0,"BM","mcar",0.3,"freq_lambda","cnt","zRMSE",200,1.07165051579705,0.0126746773225493
"types_mixed",100,0.3,0.5,"BM","mcar",0.3,"freq_lambda","cnt","zRMSE",200,1.06901000534364,0.0261376601376304
"types_mixed",300,0.3,0.5,"BM","mcar",0.3,"freq_lambda","cnt","zRMSE",200,1.02219083552868,0.0167980283431514
"types_mixed",1000,0.3,0.5,"BM","mcar",0.3,"freq_lambda","cnt","zRMSE",200,1.04688159994701,0.010204136270728
"types_mixed",100,0.7,0.5,"BM","mcar",0.3,"freq_lambda","cnt","zRMSE",200,1.08147195956108,0.0227104247035397
"types_mixed",300,0.7,0.5,"BM","mcar",0.3,"freq_lambda","cnt","zRMSE",200,1.024291644695,0.0120987877244196
"types_mixed",1000,0.7,0.5,"BM","mcar",0.3,"freq_lambda","cnt","zRMSE",200,1.05372323338052,0.00839272116834119
"types_mixed",100,1,0.5,"BM","mcar",0.3,"freq_lambda","cnt","zRMSE",200,1.0912234346701,0.0182094638689483
"types_mixed",300,1,0.5,"BM","mcar",0.3,"freq_lambda","cnt","zRMSE",200,1.05325977603768,0.0114462726914085
"types_mixed",1000,1,0.5,"BM","mcar",0.3,"freq_lambda","cnt","zRMSE",200,1.06495681975894,0.00992905638857062
"types_mixed",100,0.3,0,"BM","mcar",0.3,"gnn_off","cnt","zRMSE",200,1.07280693929061,0.0282146317412734
"types_mixed",300,0.3,0,"BM","mcar",0.3,"gnn_off","cnt","zRMSE",200,1.04662315005188,0.0175960437657526
"types_mixed",1000,0.3,0,"BM","mcar",0.3,"gnn_off","cnt","zRMSE",200,1.05603665887024,0.011037659798309
"types_mixed",100,0.7,0,"BM","mcar",0.3,"gnn_off","cnt","zRMSE",200,0.997675230524105,0.0237744963161722
"types_mixed",300,0.7,0,"BM","mcar",0.3,"gnn_off","cnt","zRMSE",200,0.954683153132424,0.0129031496081035
"types_mixed",1000,0.7,0,"BM","mcar",0.3,"gnn_off","cnt","zRMSE",200,0.977162726900636,0.00857144895457273
"types_mixed",100,1,0,"BM","mcar",0.3,"gnn_off","cnt","zRMSE",200,0.852096769445807,0.0196171920715541
"types_mixed",300,1,0,"BM","mcar",0.3,"gnn_off","cnt","zRMSE",200,0.804624614160919,0.0147878310484352
"types_mixed",1000,1,0,"BM","mcar",0.3,"gnn_off","cnt","zRMSE",200,0.800095849549492,0.0127516317130924
"types_mixed",100,0.3,0.5,"BM","mcar",0.3,"gnn_off","cnt","zRMSE",200,1.08755499284656,0.0278551681277025
"types_mixed",300,0.3,0.5,"BM","mcar",0.3,"gnn_off","cnt","zRMSE",200,1.03709938242477,0.017590721766904
"types_mixed",1000,0.3,0.5,"BM","mcar",0.3,"gnn_off","cnt","zRMSE",200,1.06129321217722,0.0103760520443322
"types_mixed",100,0.7,0.5,"BM","mcar",0.3,"gnn_off","cnt","zRMSE",200,1.0261238889426,0.0242415818876515
"types_mixed",300,0.7,0.5,"BM","mcar",0.3,"gnn_off","cnt","zRMSE",200,0.960830217555671,0.0124520693108934
"types_mixed",1000,0.7,0.5,"BM","mcar",0.3,"gnn_off","cnt","zRMSE",200,0.973563050368406,0.00854020716527389
"types_mixed",100,1,0.5,"BM","mcar",0.3,"gnn_off","cnt","zRMSE",200,0.844493011687158,0.0219435726365183
"types_mixed",300,1,0.5,"BM","mcar",0.3,"gnn_off","cnt","zRMSE",200,0.81275747282735,0.0149699995497603
"types_mixed",1000,1,0.5,"BM","mcar",0.3,"gnn_off","cnt","zRMSE",200,0.791149466466985,0.0123741157972759
"types_mixed",100,0.3,0,"BM","mcar",0.3,"gnn_off_rphylopars","cnt","zRMSE",200,1.0940372411995,0.0291781121355028
"types_mixed",300,0.3,0,"BM","mcar",0.3,"gnn_off_rphylopars","cnt","zRMSE",200,1.03918698703277,0.0176779386670695
"types_mixed",1000,0.3,0,"BM","mcar",0.3,"gnn_off_rphylopars","cnt","zRMSE",200,1.05417704455192,0.0109088463109673
"types_mixed",100,0.7,0,"BM","mcar",0.3,"gnn_off_rphylopars","cnt","zRMSE",200,1.13639925983288,0.0409011651989254
"types_mixed",300,0.7,0,"BM","mcar",0.3,"gnn_off_rphylopars","cnt","zRMSE",200,0.975931624657734,0.0133898182929374
"types_mixed",1000,0.7,0,"BM","mcar",0.3,"gnn_off_rphylopars","cnt","zRMSE",200,0.998469083564518,0.00862317789475553
"types_mixed",100,1,0,"BM","mcar",0.3,"gnn_off_rphylopars","cnt","zRMSE",200,1.95639259555868,0.542946483030584
"types_mixed",300,1,0,"BM","mcar",0.3,"gnn_off_rphylopars","cnt","zRMSE",200,0.986502343825966,0.0446092254663288
"types_mixed",1000,1,0,"BM","mcar",0.3,"gnn_off_rphylopars","cnt","zRMSE",200,0.997052005129012,0.0509084747038159
"types_mixed",100,0.3,0.5,"BM","mcar",0.3,"gnn_off_rphylopars","cnt","zRMSE",200,1.15886996885805,0.0444156968428268
"types_mixed",300,0.3,0.5,"BM","mcar",0.3,"gnn_off_rphylopars","cnt","zRMSE",200,1.02812858259407,0.017359904880922
"types_mixed",1000,0.3,0.5,"BM","mcar",0.3,"gnn_off_rphylopars","cnt","zRMSE",200,1.0475624277442,0.0105009190367919
"types_mixed",100,0.7,0.5,"BM","mcar",0.3,"gnn_off_rphylopars","cnt","zRMSE",200,1.30392615895408,0.173618672532018
"types_mixed",300,0.7,0.5,"BM","mcar",0.3,"gnn_off_rphylopars","cnt","zRMSE",200,0.986087936070295,0.0131864258732591
"types_mixed",1000,0.7,0.5,"BM","mcar",0.3,"gnn_off_rphylopars","cnt","zRMSE",200,0.977741421610396,0.00879915767211256
"types_mixed",100,1,0.5,"BM","mcar",0.3,"gnn_off_rphylopars","cnt","zRMSE",200,8.84967371991291,5.6460009147545
"types_mixed",300,1,0.5,"BM","mcar",0.3,"gnn_off_rphylopars","cnt","zRMSE",200,1.38986578183951,0.291450469520627
"types_mixed",1000,1,0.5,"BM","mcar",0.3,"gnn_off_rphylopars","cnt","zRMSE",200,2.18208685891628,1.04764212366207
"types_mixed",100,0.3,0,"BM","mcar",0.3,"gnn_on","cnt","zRMSE",200,1.07281338012448,0.0281943061155465
"types_mixed",300,0.3,0,"BM","mcar",0.3,"gnn_on","cnt","zRMSE",200,1.04511358281809,0.0175574677218375
"types_mixed",1000,0.3,0,"BM","mcar",0.3,"gnn_on","cnt","zRMSE",200,1.05576891755814,0.0110588800680579
"types_mixed",100,0.7,0,"BM","mcar",0.3,"gnn_on","cnt","zRMSE",200,0.990813169633879,0.0238716070692431
"types_mixed",300,0.7,0,"BM","mcar",0.3,"gnn_on","cnt","zRMSE",200,0.952133842061688,0.0129610944162308
"types_mixed",1000,0.7,0,"BM","mcar",0.3,"gnn_on","cnt","zRMSE",200,0.977187816117058,0.0086705797662768
"types_mixed",100,1,0,"BM","mcar",0.3,"gnn_on","cnt","zRMSE",200,0.873889151519228,0.0192477785507063
"types_mixed",300,1,0,"BM","mcar",0.3,"gnn_on","cnt","zRMSE",200,0.811773149263071,0.0151484026849671
"types_mixed",1000,1,0,"BM","mcar",0.3,"gnn_on","cnt","zRMSE",200,0.802347366470892,0.012917091728103
"types_mixed",100,0.3,0.5,"BM","mcar",0.3,"gnn_on","cnt","zRMSE",200,1.07908851899904,0.0279477148160265
"types_mixed",300,0.3,0.5,"BM","mcar",0.3,"gnn_on","cnt","zRMSE",200,1.03592838769813,0.0176984465886147
"types_mixed",1000,0.3,0.5,"BM","mcar",0.3,"gnn_on","cnt","zRMSE",200,1.06074180398766,0.0103905427207451
"types_mixed",100,0.7,0.5,"BM","mcar",0.3,"gnn_on","cnt","zRMSE",200,1.01498559399337,0.0242177778620739
"types_mixed",300,0.7,0.5,"BM","mcar",0.3,"gnn_on","cnt","zRMSE",200,0.954521402190092,0.0124076858647699
"types_mixed",1000,0.7,0.5,"BM","mcar",0.3,"gnn_on","cnt","zRMSE",200,0.969219625682993,0.00866828347625291
"types_mixed",100,1,0.5,"BM","mcar",0.3,"gnn_on","cnt","zRMSE",200,0.84723106076235,0.0218234751169127
"types_mixed",300,1,0.5,"BM","mcar",0.3,"gnn_on","cnt","zRMSE",200,0.817596241308765,0.0151706200280245
"types_mixed",1000,1,0.5,"BM","mcar",0.3,"gnn_on","cnt","zRMSE",200,0.78766592382428,0.0125581533121071
"types_mixed",100,0.3,0,"BM","mcar",0.3,"gnn_on_full","cnt","zRMSE",200,1.07401076592091,0.028182693144753
"types_mixed",300,0.3,0,"BM","mcar",0.3,"gnn_on_full","cnt","zRMSE",200,1.0446714314795,0.0176222612446177
"types_mixed",1000,0.3,0,"BM","mcar",0.3,"gnn_on_full","cnt","zRMSE",200,1.05591873636928,0.0110234451771415
"types_mixed",100,0.7,0,"BM","mcar",0.3,"gnn_on_full","cnt","zRMSE",200,0.991907211938426,0.0236711587669372
"types_mixed",300,0.7,0,"BM","mcar",0.3,"gnn_on_full","cnt","zRMSE",200,0.952546655668641,0.0127754435634178
"types_mixed",1000,0.7,0,"BM","mcar",0.3,"gnn_on_full","cnt","zRMSE",200,0.977818400679576,0.00867945897302048
"types_mixed",100,1,0,"BM","mcar",0.3,"gnn_on_full","cnt","zRMSE",185,0.855476867101675,0.0204554384220687
"types_mixed",300,1,0,"BM","mcar",0.3,"gnn_on_full","cnt","zRMSE",186,0.795702026085493,0.0156572378686867
"types_mixed",1000,1,0,"BM","mcar",0.3,"gnn_on_full","cnt","zRMSE",191,0.791175993787555,0.013138732679424
"types_mixed",100,0.3,0.5,"BM","mcar",0.3,"gnn_on_full","cnt","zRMSE",200,1.07774082324906,0.0278626607262129
"types_mixed",300,0.3,0.5,"BM","mcar",0.3,"gnn_on_full","cnt","zRMSE",200,1.03516388736693,0.0176978727916083
"types_mixed",1000,0.3,0.5,"BM","mcar",0.3,"gnn_on_full","cnt","zRMSE",200,1.06016967901243,0.010371130337147
"types_mixed",100,0.7,0.5,"BM","mcar",0.3,"gnn_on_full","cnt","zRMSE",200,1.01457075197015,0.0242867474295417
"types_mixed",300,0.7,0.5,"BM","mcar",0.3,"gnn_on_full","cnt","zRMSE",200,0.952490886254691,0.0123915312906471
"types_mixed",1000,0.7,0.5,"BM","mcar",0.3,"gnn_on_full","cnt","zRMSE",200,0.969240016399582,0.00864480885798854
"types_mixed",100,1,0.5,"BM","mcar",0.3,"gnn_on_full","cnt","zRMSE",183,0.829578774770295,0.0226324343465008
"types_mixed",300,1,0.5,"BM","mcar",0.3,"gnn_on_full","cnt","zRMSE",185,0.803017764928191,0.015740381010496
"types_mixed",1000,1,0.5,"BM","mcar",0.3,"gnn_on_full","cnt","zRMSE",193,0.780551583800706,0.0128198339892136
"types_mixed",100,0.3,0,"BM","mcar",0.3,"bace","prp","zRMSE",100,1.00825523469796,0.0153496611832191
"types_mixed",300,0.3,0,"BM","mcar",0.3,"bace","prp","zRMSE",100,0.924690261187675,0.00963627654199693
"types_mixed",1000,0.3,0,"BM","mcar",0.3,"bace","prp","zRMSE",100,0.920867814551444,0.00612493801807871
"types_mixed",100,0.7,0,"BM","mcar",0.3,"bace","prp","zRMSE",100,0.897904393721775,0.0238764897014982
"types_mixed",300,0.7,0,"BM","mcar",0.3,"bace","prp","zRMSE",100,0.777261534728792,0.0143114608126463
"types_mixed",1000,0.7,0,"BM","mcar",0.3,"bace","prp","zRMSE",100,0.790417762236929,0.0107857895363397
"types_mixed",100,1,0,"BM","mcar",0.3,"bace","prp","zRMSE",100,0.835798046595713,0.0290491205591153
"types_mixed",300,1,0,"BM","mcar",0.3,"bace","prp","zRMSE",100,0.801795700293725,0.0272763246740982
"types_mixed",1000,1,0,"BM","mcar",0.3,"bace","prp","zRMSE",93,0.760566660761615,0.0275270453400724
"types_mixed",100,0.3,0.5,"BM","mcar",0.3,"bace","prp","zRMSE",100,0.916061767780219,0.016285212894642
"types_mixed",300,0.3,0.5,"BM","mcar",0.3,"bace","prp","zRMSE",100,0.827071668183042,0.00837311881021278
"types_mixed",1000,0.3,0.5,"BM","mcar",0.3,"bace","prp","zRMSE",97,0.82098688936966,0.0050396463925891
"types_mixed",100,0.7,0.5,"BM","mcar",0.3,"bace","prp","zRMSE",97,0.796436645736951,0.0269354857158697
"types_mixed",300,0.7,0.5,"BM","mcar",0.3,"bace","prp","zRMSE",99,0.719551847189353,0.0128409842479283
"types_mixed",1000,0.7,0.5,"BM","mcar",0.3,"bace","prp","zRMSE",90,0.708169054229139,0.0103595060849803
"types_mixed",100,1,0.5,"BM","mcar",0.3,"bace","prp","zRMSE",100,0.836860967057748,0.0293935965333537
"types_mixed",300,1,0.5,"BM","mcar",0.3,"bace","prp","zRMSE",100,0.765518845767589,0.0293981271286441
"types_mixed",1000,1,0.5,"BM","mcar",0.3,"bace","prp","zRMSE",100,0.721785023030378,0.0275149867768498
"types_mixed",100,0.3,0,"BM","mcar",0.3,"floor","prp","zRMSE",200,1.00117125849854,0.00952882032921929
"types_mixed",300,0.3,0,"BM","mcar",0.3,"floor","prp","zRMSE",200,1.00863303934881,0.00490659685136256
"types_mixed",1000,0.3,0,"BM","mcar",0.3,"floor","prp","zRMSE",200,0.999961963644309,0.00268697753199213
"types_mixed",100,0.7,0,"BM","mcar",0.3,"floor","prp","zRMSE",200,1.00686433326434,0.00975533450832799
"types_mixed",300,0.7,0,"BM","mcar",0.3,"floor","prp","zRMSE",200,1.00605742161868,0.0049295411467435
"types_mixed",1000,0.7,0,"BM","mcar",0.3,"floor","prp","zRMSE",200,1.00380594186535,0.00302909283989932
"types_mixed",100,1,0,"BM","mcar",0.3,"floor","prp","zRMSE",200,1.00592302449017,0.0118554087600261
"types_mixed",300,1,0,"BM","mcar",0.3,"floor","prp","zRMSE",200,1.00493938630994,0.00587533298723882
"types_mixed",1000,1,0,"BM","mcar",0.3,"floor","prp","zRMSE",200,1.00357058072343,0.00298666449010197
"types_mixed",100,0.3,0.5,"BM","mcar",0.3,"floor","prp","zRMSE",200,1.01423605495983,0.00941842776006216
"types_mixed",300,0.3,0.5,"BM","mcar",0.3,"floor","prp","zRMSE",200,1.00791788995802,0.00451125856919809
"types_mixed",1000,0.3,0.5,"BM","mcar",0.3,"floor","prp","zRMSE",200,1.00242685746953,0.00282714747763416
"types_mixed",100,0.7,0.5,"BM","mcar",0.3,"floor","prp","zRMSE",200,1.00913407929447,0.00936570983348891
"types_mixed",300,0.7,0.5,"BM","mcar",0.3,"floor","prp","zRMSE",200,1.01274948124138,0.00434339650862768
"types_mixed",1000,0.7,0.5,"BM","mcar",0.3,"floor","prp","zRMSE",200,0.999391324205906,0.00283232272455661
"types_mixed",100,1,0.5,"BM","mcar",0.3,"floor","prp","zRMSE",200,1.00104520061017,0.0121825157992458
"types_mixed",300,1,0.5,"BM","mcar",0.3,"floor","prp","zRMSE",200,1.01157326220354,0.00547996625595198
"types_mixed",1000,1,0.5,"BM","mcar",0.3,"floor","prp","zRMSE",200,0.998897462278254,0.00336286266722603
"types_mixed",100,0.3,0,"BM","mcar",0.3,"freq","prp","zRMSE",200,1.25522294989442,0.0179533739939555
"types_mixed",300,0.3,0,"BM","mcar",0.3,"freq","prp","zRMSE",200,1.22395492875236,0.01357192124583
"types_mixed",1000,0.3,0,"BM","mcar",0.3,"freq","prp","zRMSE",200,1.18539572236629,0.0100929610771157
"types_mixed",100,0.7,0,"BM","mcar",0.3,"freq","prp","zRMSE",200,1.04455308812286,0.019173655052524
"types_mixed",300,0.7,0,"BM","mcar",0.3,"freq","prp","zRMSE",200,1.02805957662263,0.0178312087389541
"types_mixed",1000,0.7,0,"BM","mcar",0.3,"freq","prp","zRMSE",200,0.99013884018158,0.0136679077168315
"types_mixed",100,1,0,"BM","mcar",0.3,"freq","prp","zRMSE",200,0.683423010481028,0.0203733812618912
"types_mixed",300,1,0,"BM","mcar",0.3,"freq","prp","zRMSE",200,0.667615636722935,0.019828687415937
"types_mixed",1000,1,0,"BM","mcar",0.3,"freq","prp","zRMSE",200,0.604542411418715,0.0150068596217251
"types_mixed",100,0.3,0.5,"BM","mcar",0.3,"freq","prp","zRMSE",200,1.14364567022134,0.0166875096671741
"types_mixed",300,0.3,0.5,"BM","mcar",0.3,"freq","prp","zRMSE",200,1.12308019929101,0.0137575845628088
"types_mixed",1000,0.3,0.5,"BM","mcar",0.3,"freq","prp","zRMSE",200,1.08004471653326,0.00878168337160398
"types_mixed",100,0.7,0.5,"BM","mcar",0.3,"freq","prp","zRMSE",200,0.95397099180005,0.0183588138834864
"types_mixed",300,0.7,0.5,"BM","mcar",0.3,"freq","prp","zRMSE",200,0.950195709453456,0.015080695453442
"types_mixed",1000,0.7,0.5,"BM","mcar",0.3,"freq","prp","zRMSE",200,0.910336154858576,0.011924864068495
"types_mixed",100,1,0.5,"BM","mcar",0.3,"freq","prp","zRMSE",200,0.670318062274162,0.0222209437068004
"types_mixed",300,1,0.5,"BM","mcar",0.3,"freq","prp","zRMSE",200,0.653561198607944,0.0190610774943968
"types_mixed",1000,1,0.5,"BM","mcar",0.3,"freq","prp","zRMSE",200,0.601217907661862,0.0189165328848042
"types_mixed",100,0.3,0,"BM","mcar",0.3,"freq_lambda","prp","zRMSE",200,0.922733287104882,0.0105958939575948
"types_mixed",300,0.3,0,"BM","mcar",0.3,"freq_lambda","prp","zRMSE",200,0.88941363372836,0.00637446431666756
"types_mixed",1000,0.3,0,"BM","mcar",0.3,"freq_lambda","prp","zRMSE",200,0.878760959612093,0.00446132920231805
"types_mixed",100,0.7,0,"BM","mcar",0.3,"freq_lambda","prp","zRMSE",200,0.785118177445442,0.0121223859060059
"types_mixed",300,0.7,0,"BM","mcar",0.3,"freq_lambda","prp","zRMSE",200,0.75221208683271,0.00961460820404026
"types_mixed",1000,0.7,0,"BM","mcar",0.3,"freq_lambda","prp","zRMSE",200,0.743241322253234,0.00820478202887144
"types_mixed",100,1,0,"BM","mcar",0.3,"freq_lambda","prp","zRMSE",200,0.612161520071075,0.0172717844686638
"types_mixed",300,1,0,"BM","mcar",0.3,"freq_lambda","prp","zRMSE",200,0.60092858011057,0.0152290357732799
"types_mixed",1000,1,0,"BM","mcar",0.3,"freq_lambda","prp","zRMSE",200,0.569940369022476,0.0126753378074332
"types_mixed",100,0.3,0.5,"BM","mcar",0.3,"freq_lambda","prp","zRMSE",200,0.846509149158708,0.00990804360011359
"types_mixed",300,0.3,0.5,"BM","mcar",0.3,"freq_lambda","prp","zRMSE",200,0.821656854992311,0.00791149343265026
"types_mixed",1000,0.3,0.5,"BM","mcar",0.3,"freq_lambda","prp","zRMSE",200,0.806615955767432,0.00389479161346034
"types_mixed",100,0.7,0.5,"BM","mcar",0.3,"freq_lambda","prp","zRMSE",200,0.710544667791795,0.0122432835199978
"types_mixed",300,0.7,0.5,"BM","mcar",0.3,"freq_lambda","prp","zRMSE",200,0.702887857718316,0.00838377234680756
"types_mixed",1000,0.7,0.5,"BM","mcar",0.3,"freq_lambda","prp","zRMSE",200,0.683412307764677,0.00725298759384361
"types_mixed",100,1,0.5,"BM","mcar",0.3,"freq_lambda","prp","zRMSE",200,0.590994781879237,0.0176344203650084
"types_mixed",300,1,0.5,"BM","mcar",0.3,"freq_lambda","prp","zRMSE",200,0.595673586832112,0.0151975957072781
"types_mixed",1000,1,0.5,"BM","mcar",0.3,"freq_lambda","prp","zRMSE",200,0.550913953044456,0.012109214803735
"types_mixed",100,0.3,0,"BM","mcar",0.3,"gnn_off","prp","zRMSE",200,1.01535843992599,0.0102676323330887
"types_mixed",300,0.3,0,"BM","mcar",0.3,"gnn_off","prp","zRMSE",200,1.01246482011316,0.00637426618138057
"types_mixed",1000,0.3,0,"BM","mcar",0.3,"gnn_off","prp","zRMSE",200,0.988228025405252,0.00357174598612397
"types_mixed",100,0.7,0,"BM","mcar",0.3,"gnn_off","prp","zRMSE",200,0.912910043682922,0.0131808706216987
"types_mixed",300,0.7,0,"BM","mcar",0.3,"gnn_off","prp","zRMSE",200,0.881402987469706,0.00993361480680167
"types_mixed",1000,0.7,0,"BM","mcar",0.3,"gnn_off","prp","zRMSE",200,0.87777463440637,0.00812107815333106
"types_mixed",100,1,0,"BM","mcar",0.3,"gnn_off","prp","zRMSE",200,0.592801968710677,0.0163896834394742
"types_mixed",300,1,0,"BM","mcar",0.3,"gnn_off","prp","zRMSE",200,0.583109008355697,0.0130201524213152
"types_mixed",1000,1,0,"BM","mcar",0.3,"gnn_off","prp","zRMSE",200,0.552947438730465,0.0108110461632586
"types_mixed",100,0.3,0.5,"BM","mcar",0.3,"gnn_off","prp","zRMSE",200,1.0298801441028,0.0112506229275107
"types_mixed",300,0.3,0.5,"BM","mcar",0.3,"gnn_off","prp","zRMSE",200,1.00451204356069,0.00552653173283269
"types_mixed",1000,0.3,0.5,"BM","mcar",0.3,"gnn_off","prp","zRMSE",200,0.98995344404655,0.00383876901388397
"types_mixed",100,0.7,0.5,"BM","mcar",0.3,"gnn_off","prp","zRMSE",200,0.909870530682787,0.0143097277311691
"types_mixed",300,0.7,0.5,"BM","mcar",0.3,"gnn_off","prp","zRMSE",200,0.894212516809646,0.00957969577425654
"types_mixed",1000,0.7,0.5,"BM","mcar",0.3,"gnn_off","prp","zRMSE",200,0.870378816116392,0.00770857343295108
"types_mixed",100,1,0.5,"BM","mcar",0.3,"gnn_off","prp","zRMSE",200,0.562400452324451,0.0152911069790224
"types_mixed",300,1,0.5,"BM","mcar",0.3,"gnn_off","prp","zRMSE",200,0.576856996207117,0.0130286325793203
"types_mixed",1000,1,0.5,"BM","mcar",0.3,"gnn_off","prp","zRMSE",200,0.541983659212976,0.0105034378171866
"types_mixed",100,0.3,0,"BM","mcar",0.3,"gnn_off_rphylopars","prp","zRMSE",200,1.01260149514268,0.0107385766969015
"types_mixed",300,0.3,0,"BM","mcar",0.3,"gnn_off_rphylopars","prp","zRMSE",200,0.999561634561401,0.00628948662179957
"types_mixed",1000,0.3,0,"BM","mcar",0.3,"gnn_off_rphylopars","prp","zRMSE",200,0.971448262097694,0.00418752448940291
"types_mixed",100,0.7,0,"BM","mcar",0.3,"gnn_off_rphylopars","prp","zRMSE",200,0.962862063537018,0.0131187314165853
"types_mixed",300,0.7,0,"BM","mcar",0.3,"gnn_off_rphylopars","prp","zRMSE",200,0.907743913899532,0.00922390137031325
"types_mixed",1000,0.7,0,"BM","mcar",0.3,"gnn_off_rphylopars","prp","zRMSE",200,0.877420864477285,0.00772075721821628
"types_mixed",100,1,0,"BM","mcar",0.3,"gnn_off_rphylopars","prp","zRMSE",200,0.735919394309716,0.0201474403355214
"types_mixed",300,1,0,"BM","mcar",0.3,"gnn_off_rphylopars","prp","zRMSE",200,0.691589692040529,0.0161922306548288
"types_mixed",1000,1,0,"BM","mcar",0.3,"gnn_off_rphylopars","prp","zRMSE",200,0.623893213708522,0.0135746578838988
"types_mixed",100,0.3,0.5,"BM","mcar",0.3,"gnn_off_rphylopars","prp","zRMSE",200,1.00599172564004,0.0107253999042846
"types_mixed",300,0.3,0.5,"BM","mcar",0.3,"gnn_off_rphylopars","prp","zRMSE",200,0.972751301877504,0.00619774677485015
"types_mixed",1000,0.3,0.5,"BM","mcar",0.3,"gnn_off_rphylopars","prp","zRMSE",200,0.943759124930941,0.00518147661694996
"types_mixed",100,0.7,0.5,"BM","mcar",0.3,"gnn_off_rphylopars","prp","zRMSE",200,0.923716095337846,0.0139941545711637
"types_mixed",300,0.7,0.5,"BM","mcar",0.3,"gnn_off_rphylopars","prp","zRMSE",200,0.869660405047634,0.00933190754444539
"types_mixed",1000,0.7,0.5,"BM","mcar",0.3,"gnn_off_rphylopars","prp","zRMSE",200,0.831907146766575,0.0073549538238736
"types_mixed",100,1,0.5,"BM","mcar",0.3,"gnn_off_rphylopars","prp","zRMSE",200,0.706332968516373,0.0198837327200609
"types_mixed",300,1,0.5,"BM","mcar",0.3,"gnn_off_rphylopars","prp","zRMSE",200,0.672473756122518,0.0165201307595993
"types_mixed",1000,1,0.5,"BM","mcar",0.3,"gnn_off_rphylopars","prp","zRMSE",200,0.609042899489058,0.0132744440448747
"types_mixed",100,0.3,0,"BM","mcar",0.3,"gnn_on","prp","zRMSE",200,1.01108249123722,0.0103103936363214
"types_mixed",300,0.3,0,"BM","mcar",0.3,"gnn_on","prp","zRMSE",200,1.01650804512122,0.00671337902073561
"types_mixed",1000,0.3,0,"BM","mcar",0.3,"gnn_on","prp","zRMSE",200,0.991145226497853,0.00368424065861204
"types_mixed",100,0.7,0,"BM","mcar",0.3,"gnn_on","prp","zRMSE",200,0.901925338149599,0.0133426418117028
"types_mixed",300,0.7,0,"BM","mcar",0.3,"gnn_on","prp","zRMSE",200,0.883277184497699,0.0106171317391384
"types_mixed",1000,0.7,0,"BM","mcar",0.3,"gnn_on","prp","zRMSE",200,0.882606899852101,0.00862711462152903
"types_mixed",100,1,0,"BM","mcar",0.3,"gnn_on","prp","zRMSE",200,0.631113768089194,0.017950188618073
"types_mixed",300,1,0,"BM","mcar",0.3,"gnn_on","prp","zRMSE",200,0.610516163253796,0.0148919890825012
"types_mixed",1000,1,0,"BM","mcar",0.3,"gnn_on","prp","zRMSE",200,0.570199367682377,0.0122551343447525
"types_mixed",100,0.3,0.5,"BM","mcar",0.3,"gnn_on","prp","zRMSE",200,1.01220387173048,0.0109973349458554
"types_mixed",300,0.3,0.5,"BM","mcar",0.3,"gnn_on","prp","zRMSE",200,1.00180281151895,0.00561341502462677
"types_mixed",1000,0.3,0.5,"BM","mcar",0.3,"gnn_on","prp","zRMSE",200,0.993112052560659,0.00401919880600246
"types_mixed",100,0.7,0.5,"BM","mcar",0.3,"gnn_on","prp","zRMSE",200,0.885683320427461,0.0148967392469898
"types_mixed",300,0.7,0.5,"BM","mcar",0.3,"gnn_on","prp","zRMSE",200,0.889779065829348,0.0101698868779734
"types_mixed",1000,0.7,0.5,"BM","mcar",0.3,"gnn_on","prp","zRMSE",200,0.874068836856356,0.00829765033534322
"types_mixed",100,1,0.5,"BM","mcar",0.3,"gnn_on","prp","zRMSE",200,0.601969890466209,0.0173197047280866
"types_mixed",300,1,0.5,"BM","mcar",0.3,"gnn_on","prp","zRMSE",200,0.604727119487362,0.0148046690354454
"types_mixed",1000,1,0.5,"BM","mcar",0.3,"gnn_on","prp","zRMSE",200,0.554894824546884,0.0118733706080605
"types_mixed",100,0.3,0,"BM","mcar",0.3,"gnn_on_full","prp","zRMSE",200,1.01391257950832,0.0104915638230309
"types_mixed",300,0.3,0,"BM","mcar",0.3,"gnn_on_full","prp","zRMSE",200,1.01594145222067,0.00653443431517306
"types_mixed",1000,0.3,0,"BM","mcar",0.3,"gnn_on_full","prp","zRMSE",200,0.99245430679118,0.00359313131364424
"types_mixed",100,0.7,0,"BM","mcar",0.3,"gnn_on_full","prp","zRMSE",200,0.902847337454981,0.013112237392501
"types_mixed",300,0.7,0,"BM","mcar",0.3,"gnn_on_full","prp","zRMSE",200,0.88441282466446,0.0105836837573045
"types_mixed",1000,0.7,0,"BM","mcar",0.3,"gnn_on_full","prp","zRMSE",200,0.884479458100193,0.00849419874518972
"types_mixed",100,1,0,"BM","mcar",0.3,"gnn_on_full","prp","zRMSE",185,0.585224986914652,0.0165462527036859
"types_mixed",300,1,0,"BM","mcar",0.3,"gnn_on_full","prp","zRMSE",186,0.57446560544524,0.0136095700958353
"types_mixed",1000,1,0,"BM","mcar",0.3,"gnn_on_full","prp","zRMSE",191,0.549610556503048,0.0109305613772555
"types_mixed",100,0.3,0.5,"BM","mcar",0.3,"gnn_on_full","prp","zRMSE",200,1.00837459722308,0.0111933882056289
"types_mixed",300,0.3,0.5,"BM","mcar",0.3,"gnn_on_full","prp","zRMSE",200,1.00114768500437,0.00576927133795969
"types_mixed",1000,0.3,0.5,"BM","mcar",0.3,"gnn_on_full","prp","zRMSE",200,0.994271464956231,0.00389093237922323
"types_mixed",100,0.7,0.5,"BM","mcar",0.3,"gnn_on_full","prp","zRMSE",200,0.881714490274699,0.0149857763131026
"types_mixed",300,0.7,0.5,"BM","mcar",0.3,"gnn_on_full","prp","zRMSE",200,0.890479896059244,0.0103310886290768
"types_mixed",1000,0.7,0.5,"BM","mcar",0.3,"gnn_on_full","prp","zRMSE",200,0.87632290904322,0.00803396666773241
"types_mixed",100,1,0.5,"BM","mcar",0.3,"gnn_on_full","prp","zRMSE",183,0.549496247646008,0.0149544210772739
"types_mixed",300,1,0.5,"BM","mcar",0.3,"gnn_on_full","prp","zRMSE",185,0.565554893318636,0.0131132341493329
"types_mixed",1000,1,0.5,"BM","mcar",0.3,"gnn_on_full","prp","zRMSE",193,0.536516854754244,0.0105586769659494
"types_mixed",100,0.3,0,"BM","mcar",0.3,"bace","c1","coverage",100,0.778,0.00906665676371018
"types_mixed",300,0.3,0,"BM","mcar",0.3,"bace","c1","coverage",100,0.769222222222222,0.00641860798731507
"types_mixed",1000,0.3,0,"BM","mcar",0.3,"bace","c1","coverage",100,0.786533333333333,0.00349696677928792
"types_mixed",100,0.7,0,"BM","mcar",0.3,"bace","c1","coverage",99,0.78989898989899,0.00991794532608346
"types_mixed",300,0.7,0,"BM","mcar",0.3,"bace","c1","coverage",100,0.781666666666667,0.0067768209661156
"types_mixed",1000,0.7,0,"BM","mcar",0.3,"bace","c1","coverage",99,0.787811447811448,0.00358947233360426
"types_mixed",100,1,0,"BM","mcar",0.3,"bace","c1","coverage",48,0.85625,0.0114955472415618
"types_mixed",300,1,0,"BM","mcar",0.3,"bace","c1","coverage",39,0.877492877492878,0.00661305956823048
"types_mixed",1000,1,0,"BM","mcar",0.3,"bace","c1","coverage",45,0.882666666666667,0.00298443398991828
"types_mixed",100,0.3,0.5,"BM","mcar",0.3,"bace","c1","coverage",100,0.769666666666667,0.0101514347451462
"types_mixed",300,0.3,0.5,"BM","mcar",0.3,"bace","c1","coverage",100,0.813555555555556,0.00489465021205208
"types_mixed",1000,0.3,0.5,"BM","mcar",0.3,"bace","c1","coverage",97,0.84319587628866,0.00242485259221266
"types_mixed",100,0.7,0.5,"BM","mcar",0.3,"bace","c1","coverage",97,0.771477663230241,0.0125404052076655
"types_mixed",300,0.7,0.5,"BM","mcar",0.3,"bace","c1","coverage",98,0.813605442176871,0.00555153467940618
"types_mixed",1000,0.7,0.5,"BM","mcar",0.3,"bace","c1","coverage",89,0.839063670411985,0.0023756013784103
"types_mixed",100,1,0.5,"BM","mcar",0.3,"bace","c1","coverage",41,0.848780487804878,0.011110284852615
"types_mixed",300,1,0.5,"BM","mcar",0.3,"bace","c1","coverage",49,0.850340136054422,0.00607114361831158
"types_mixed",1000,1,0.5,"BM","mcar",0.3,"bace","c1","coverage",54,0.853703703703704,0.00337691825223281
"types_mixed",100,0.3,0,"BM","mcar",0.3,"freq","c1","coverage",200,0.824333333333333,0.0054384018245584
"types_mixed",300,0.3,0,"BM","mcar",0.3,"freq","c1","coverage",200,0.876388888888889,0.00312878593794767
"types_mixed",1000,0.3,0,"BM","mcar",0.3,"freq","c1","coverage",200,0.913966666666667,0.00177053083927382
"types_mixed",100,0.7,0,"BM","mcar",0.3,"freq","c1","coverage",200,0.822,0.00554379548159098
"types_mixed",300,0.7,0,"BM","mcar",0.3,"freq","c1","coverage",200,0.874777777777778,0.00325299615647549
"types_mixed",1000,0.7,0,"BM","mcar",0.3,"freq","c1","coverage",200,0.91445,0.00170856506578803
"types_mixed",100,1,0,"BM","mcar",0.3,"freq","c1","coverage",185,0.938738738738739,0.00352714620966528
"types_mixed",300,1,0,"BM","mcar",0.3,"freq","c1","coverage",186,0.942652329749104,0.00208456837713429
"types_mixed",1000,1,0,"BM","mcar",0.3,"freq","c1","coverage",191,0.949633507853403,0.00103706324215848
"types_mixed",100,0.3,0.5,"BM","mcar",0.3,"freq","c1","coverage",200,0.822,0.0060310012428341
"types_mixed",300,0.3,0.5,"BM","mcar",0.3,"freq","c1","coverage",200,0.871666666666667,0.00295524655924756
"types_mixed",1000,0.3,0.5,"BM","mcar",0.3,"freq","c1","coverage",200,0.909533333333333,0.00188443920334701
"types_mixed",100,0.7,0.5,"BM","mcar",0.3,"freq","c1","coverage",200,0.8245,0.00598004078348921
"types_mixed",300,0.7,0.5,"BM","mcar",0.3,"freq","c1","coverage",200,0.870555555555556,0.00305028477941987
"types_mixed",1000,0.7,0.5,"BM","mcar",0.3,"freq","c1","coverage",200,0.909916666666667,0.00190160493794939
"types_mixed",100,1,0.5,"BM","mcar",0.3,"freq","c1","coverage",183,0.932604735883424,0.00366170455334587
"types_mixed",300,1,0.5,"BM","mcar",0.3,"freq","c1","coverage",185,0.941201201201201,0.00211916489153413
"types_mixed",1000,1,0.5,"BM","mcar",0.3,"freq","c1","coverage",193,0.949326424870466,0.0010859705029813
"types_mixed",100,0.3,0,"BM","mcar",0.3,"freq_lambda","c1","coverage",200,0.935666666666667,0.00356412110353277
"types_mixed",300,0.3,0,"BM","mcar",0.3,"freq_lambda","c1","coverage",200,0.941888888888889,0.00184166002417465
"types_mixed",1000,0.3,0,"BM","mcar",0.3,"freq_lambda","c1","coverage",200,0.9489,0.000984556914119881
"types_mixed",100,0.7,0,"BM","mcar",0.3,"freq_lambda","c1","coverage",200,0.932,0.00374240343535009
"types_mixed",300,0.7,0,"BM","mcar",0.3,"freq_lambda","c1","coverage",200,0.943944444444444,0.00183590331349104
"types_mixed",1000,0.7,0,"BM","mcar",0.3,"freq_lambda","c1","coverage",200,0.9488,0.00100835150252883
"types_mixed",100,1,0,"BM","mcar",0.3,"freq_lambda","c1","coverage",185,0.951171171171171,0.00328212537314793
"types_mixed",300,1,0,"BM","mcar",0.3,"freq_lambda","c1","coverage",186,0.954301075268817,0.00196356118672999
"types_mixed",1000,1,0,"BM","mcar",0.3,"freq_lambda","c1","coverage",191,0.957923211169284,0.000986864316099832
"types_mixed",100,0.3,0.5,"BM","mcar",0.3,"freq_lambda","c1","coverage",200,0.9355,0.00350541974888273
"types_mixed",300,0.3,0.5,"BM","mcar",0.3,"freq_lambda","c1","coverage",200,0.940833333333333,0.0020867968603932
"types_mixed",1000,0.3,0.5,"BM","mcar",0.3,"freq_lambda","c1","coverage",200,0.949316666666667,0.00107722410905431
"types_mixed",100,0.7,0.5,"BM","mcar",0.3,"freq_lambda","c1","coverage",200,0.934166666666667,0.00351623418554157
"types_mixed",300,0.7,0.5,"BM","mcar",0.3,"freq_lambda","c1","coverage",200,0.941888888888889,0.00205801759989233
"types_mixed",1000,0.7,0.5,"BM","mcar",0.3,"freq_lambda","c1","coverage",200,0.949266666666667,0.00104909096275277
"types_mixed",100,1,0.5,"BM","mcar",0.3,"freq_lambda","c1","coverage",183,0.946448087431694,0.00364233665801349
"types_mixed",300,1,0.5,"BM","mcar",0.3,"freq_lambda","c1","coverage",185,0.951471471471471,0.00208879829454435
"types_mixed",1000,1,0.5,"BM","mcar",0.3,"freq_lambda","c1","coverage",193,0.958117443868739,0.00097146740804969
"types_mixed",100,0.3,0,"BM","mcar",0.3,"gnn_off","c1","coverage",200,0.8685,0.00911860401268447
"types_mixed",300,0.3,0,"BM","mcar",0.3,"gnn_off","c1","coverage",200,0.949388888888889,0.00377223745545153
"types_mixed",1000,0.3,0,"BM","mcar",0.3,"gnn_off","c1","coverage",200,0.954133333333333,0.00182072564546307
"types_mixed",100,0.7,0,"BM","mcar",0.3,"gnn_off","c1","coverage",200,0.849,0.0105697808873552
"types_mixed",300,0.7,0,"BM","mcar",0.3,"gnn_off","c1","coverage",200,0.946444444444444,0.00362553277070502
"types_mixed",1000,0.7,0,"BM","mcar",0.3,"gnn_off","c1","coverage",200,0.95385,0.00176036414117868
"types_mixed",100,1,0,"BM","mcar",0.3,"gnn_off","c1","coverage",200,0.891333333333333,0.00905421353861855
"types_mixed",300,1,0,"BM","mcar",0.3,"gnn_off","c1","coverage",200,0.968777777777778,0.00288904994611822
"types_mixed",1000,1,0,"BM","mcar",0.3,"gnn_off","c1","coverage",200,0.965716666666667,0.00160634168610137
"types_mixed",100,0.3,0.5,"BM","mcar",0.3,"gnn_off","c1","coverage",200,0.8685,0.00911860401268447
"types_mixed",300,0.3,0.5,"BM","mcar",0.3,"gnn_off","c1","coverage",200,0.949388888888889,0.00377223745545153
"types_mixed",1000,0.3,0.5,"BM","mcar",0.3,"gnn_off","c1","coverage",200,0.954133333333333,0.00182072564546307
"types_mixed",100,0.7,0.5,"BM","mcar",0.3,"gnn_off","c1","coverage",200,0.849,0.0105697808873552
"types_mixed",300,0.7,0.5,"BM","mcar",0.3,"gnn_off","c1","coverage",200,0.946444444444444,0.00362553277070502
"types_mixed",1000,0.7,0.5,"BM","mcar",0.3,"gnn_off","c1","coverage",200,0.95385,0.00176036414117868
"types_mixed",100,1,0.5,"BM","mcar",0.3,"gnn_off","c1","coverage",200,0.891333333333333,0.00905421353861855
"types_mixed",300,1,0.5,"BM","mcar",0.3,"gnn_off","c1","coverage",200,0.968777777777778,0.00288904994611822
"types_mixed",1000,1,0.5,"BM","mcar",0.3,"gnn_off","c1","coverage",200,0.965716666666667,0.00160634168610137
"types_mixed",100,0.3,0,"BM","mcar",0.3,"gnn_off_rphylopars","c1","coverage",200,0.872333333333333,0.00933617448979251
"types_mixed",300,0.3,0,"BM","mcar",0.3,"gnn_off_rphylopars","c1","coverage",200,0.949944444444444,0.00363513462401642
"types_mixed",1000,0.3,0,"BM","mcar",0.3,"gnn_off_rphylopars","c1","coverage",200,0.957866666666667,0.00162339814962488
"types_mixed",100,0.7,0,"BM","mcar",0.3,"gnn_off_rphylopars","c1","coverage",200,0.841333333333333,0.0110459170574663
"types_mixed",300,0.7,0,"BM","mcar",0.3,"gnn_off_rphylopars","c1","coverage",200,0.951166666666667,0.00504210050153553
"types_mixed",1000,0.7,0,"BM","mcar",0.3,"gnn_off_rphylopars","c1","coverage",200,0.959216666666667,0.00176414717154807
"types_mixed",100,1,0,"BM","mcar",0.3,"gnn_off_rphylopars","c1","coverage",200,0.907333333333333,0.00843790337042713
"types_mixed",300,1,0,"BM","mcar",0.3,"gnn_off_rphylopars","c1","coverage",200,0.967777777777778,0.00298786760306577
"types_mixed",1000,1,0,"BM","mcar",0.3,"gnn_off_rphylopars","c1","coverage",200,0.96955,0.00138744419558706
"types_mixed",100,0.3,0.5,"BM","mcar",0.3,"gnn_off_rphylopars","c1","coverage",200,0.868333333333333,0.00952750287323188
"types_mixed",300,0.3,0.5,"BM","mcar",0.3,"gnn_off_rphylopars","c1","coverage",200,0.9475,0.00479361087852033
"types_mixed",1000,0.3,0.5,"BM","mcar",0.3,"gnn_off_rphylopars","c1","coverage",200,0.957333333333333,0.00161908632753581
"types_mixed",100,0.7,0.5,"BM","mcar",0.3,"gnn_off_rphylopars","c1","coverage",200,0.832833333333333,0.0114632359695887
"types_mixed",300,0.7,0.5,"BM","mcar",0.3,"gnn_off_rphylopars","c1","coverage",200,0.951666666666667,0.00505491280174203
"types_mixed",1000,0.7,0.5,"BM","mcar",0.3,"gnn_off_rphylopars","c1","coverage",200,0.958833333333333,0.00190267817946345
"types_mixed",100,1,0.5,"BM","mcar",0.3,"gnn_off_rphylopars","c1","coverage",200,0.903333333333333,0.00983674670337248
"types_mixed",300,1,0.5,"BM","mcar",0.3,"gnn_off_rphylopars","c1","coverage",200,0.967833333333333,0.00276619303998966
"types_mixed",1000,1,0.5,"BM","mcar",0.3,"gnn_off_rphylopars","c1","coverage",200,0.9688,0.00153773310934567
"types_mixed",100,0.3,0,"BM","mcar",0.3,"gnn_on","c1","coverage",200,0.8685,0.00912166508206407
"types_mixed",300,0.3,0,"BM","mcar",0.3,"gnn_on","c1","coverage",200,0.949833333333333,0.00361629572407224
"types_mixed",1000,0.3,0,"BM","mcar",0.3,"gnn_on","c1","coverage",200,0.9539,0.00186823187548865
"types_mixed",100,0.7,0,"BM","mcar",0.3,"gnn_on","c1","coverage",200,0.844833333333333,0.0107080371824862
"types_mixed",300,0.7,0,"BM","mcar",0.3,"gnn_on","c1","coverage",200,0.947333333333333,0.00348371019736886
"types_mixed",1000,0.7,0,"BM","mcar",0.3,"gnn_on","c1","coverage",200,0.953383333333333,0.00181307945742264
"types_mixed",100,1,0,"BM","mcar",0.3,"gnn_on","c1","coverage",185,0.868288288288288,0.0102720567985946
"types_mixed",300,1,0,"BM","mcar",0.3,"gnn_on","c1","coverage",186,0.956391875746714,0.0035933774137702
"types_mixed",1000,1,0,"BM","mcar",0.3,"gnn_on","c1","coverage",191,0.9521815008726,0.00195265551838002
"types_mixed",100,0.3,0.5,"BM","mcar",0.3,"gnn_on","c1","coverage",200,0.866833333333333,0.00949447369310702
"types_mixed",300,0.3,0.5,"BM","mcar",0.3,"gnn_on","c1","coverage",200,0.951055555555556,0.00349336444365238
"types_mixed",1000,0.3,0.5,"BM","mcar",0.3,"gnn_on","c1","coverage",200,0.953666666666667,0.00185772565572763
"types_mixed",100,0.7,0.5,"BM","mcar",0.3,"gnn_on","c1","coverage",200,0.8445,0.0108625170628293
"types_mixed",300,0.7,0.5,"BM","mcar",0.3,"gnn_on","c1","coverage",200,0.947611111111111,0.00353948200648736
"types_mixed",1000,0.7,0.5,"BM","mcar",0.3,"gnn_on","c1","coverage",200,0.953883333333333,0.00176711973900213
"types_mixed",100,1,0.5,"BM","mcar",0.3,"gnn_on","c1","coverage",183,0.857194899817851,0.0112758618476251
"types_mixed",300,1,0.5,"BM","mcar",0.3,"gnn_on","c1","coverage",185,0.954414414414414,0.00370606606547361
"types_mixed",1000,1,0.5,"BM","mcar",0.3,"gnn_on","c1","coverage",193,0.952642487046632,0.00184752951541484
"types_mixed",100,0.3,0,"BM","mcar",0.3,"gnn_on_full","c1","coverage",200,0.8655,0.00914971784720256
"types_mixed",300,0.3,0,"BM","mcar",0.3,"gnn_on_full","c1","coverage",200,0.949722222222222,0.00364105184181662
"types_mixed",1000,0.3,0,"BM","mcar",0.3,"gnn_on_full","c1","coverage",200,0.953616666666667,0.00184396604526839
"types_mixed",100,0.7,0,"BM","mcar",0.3,"gnn_on_full","c1","coverage",200,0.8445,0.0108676559753546
"types_mixed",300,0.7,0,"BM","mcar",0.3,"gnn_on_full","c1","coverage",200,0.945611111111111,0.0036166559671386
"types_mixed",1000,0.7,0,"BM","mcar",0.3,"gnn_on_full","c1","coverage",200,0.9519,0.00185253534752971
"types_mixed",100,1,0,"BM","mcar",0.3,"gnn_on_full","c1","coverage",185,0.883783783783784,0.0095809444837084
"types_mixed",300,1,0,"BM","mcar",0.3,"gnn_on_full","c1","coverage",186,0.967801672640382,0.0030536779637089
"types_mixed",1000,1,0,"BM","mcar",0.3,"gnn_on_full","c1","coverage",191,0.96542757417103,0.00165617228137385
"types_mixed",100,0.3,0.5,"BM","mcar",0.3,"gnn_on_full","c1","coverage",200,0.866,0.00936856237187379
"types_mixed",300,0.3,0.5,"BM","mcar",0.3,"gnn_on_full","c1","coverage",200,0.950055555555556,0.00359653028469318
"types_mixed",1000,0.3,0.5,"BM","mcar",0.3,"gnn_on_full","c1","coverage",200,0.953366666666667,0.0018163888804569
"types_mixed",100,0.7,0.5,"BM","mcar",0.3,"gnn_on_full","c1","coverage",200,0.841833333333333,0.0109870171087041
"types_mixed",300,0.7,0.5,"BM","mcar",0.3,"gnn_on_full","c1","coverage",200,0.946333333333333,0.00368102024499287
"types_mixed",1000,0.7,0.5,"BM","mcar",0.3,"gnn_on_full","c1","coverage",200,0.952433333333333,0.00191437449420847
"types_mixed",100,1,0.5,"BM","mcar",0.3,"gnn_on_full","c1","coverage",183,0.875045537340619,0.0107939849100967
"types_mixed",300,1,0.5,"BM","mcar",0.3,"gnn_on_full","c1","coverage",185,0.966186186186186,0.00317281962480124
"types_mixed",1000,1,0.5,"BM","mcar",0.3,"gnn_on_full","c1","coverage",193,0.965751295336788,0.00160250393232082
"types_mixed",100,0.3,0,"BM","mcar",0.3,"bace","c2","coverage",100,0.774333333333333,0.00934264806956463
"types_mixed",300,0.3,0,"BM","mcar",0.3,"bace","c2","coverage",100,0.802666666666667,0.00552769670402846
"types_mixed",1000,0.3,0,"BM","mcar",0.3,"bace","c2","coverage",100,0.809566666666667,0.00286534892585373
"types_mixed",100,0.7,0,"BM","mcar",0.3,"bace","c2","coverage",99,0.804377104377104,0.00918899773834309
"types_mixed",300,0.7,0,"BM","mcar",0.3,"bace","c2","coverage",100,0.807111111111111,0.00500783772780911
"types_mixed",1000,0.7,0,"BM","mcar",0.3,"bace","c2","coverage",99,0.813299663299663,0.00296010369088972
"types_mixed",100,1,0,"BM","mcar",0.3,"bace","c2","coverage",48,0.864583333333333,0.0123326564410762
"types_mixed",300,1,0,"BM","mcar",0.3,"bace","c2","coverage",39,0.875783475783476,0.0076457944072798
"types_mixed",1000,1,0,"BM","mcar",0.3,"bace","c2","coverage",45,0.886444444444444,0.00336750164663172
"types_mixed",100,0.3,0.5,"BM","mcar",0.3,"bace","c2","coverage",100,0.789666666666667,0.0100692885742029
"types_mixed",300,0.3,0.5,"BM","mcar",0.3,"bace","c2","coverage",100,0.825666666666667,0.00584049317427629
"types_mixed",1000,0.3,0.5,"BM","mcar",0.3,"bace","c2","coverage",97,0.8446735395189,0.00290186466308277
"types_mixed",100,0.7,0.5,"BM","mcar",0.3,"bace","c2","coverage",97,0.798281786941581,0.0104359344598352
"types_mixed",300,0.7,0.5,"BM","mcar",0.3,"bace","c2","coverage",98,0.832426303854875,0.00476374117589071
"types_mixed",1000,0.7,0.5,"BM","mcar",0.3,"bace","c2","coverage",89,0.848501872659176,0.00267769427582028
"types_mixed",100,1,0.5,"BM","mcar",0.3,"bace","c2","coverage",41,0.856910569105691,0.00925723202519661
"types_mixed",300,1,0.5,"BM","mcar",0.3,"bace","c2","coverage",49,0.866666666666667,0.00624921259842207
"types_mixed",1000,1,0.5,"BM","mcar",0.3,"bace","c2","coverage",54,0.882716049382716,0.00273598763544078
"types_mixed",100,0.3,0,"BM","mcar",0.3,"freq","c2","coverage",200,0.820166666666667,0.00595862104118488
"types_mixed",300,0.3,0,"BM","mcar",0.3,"freq","c2","coverage",200,0.884722222222222,0.00340827491000216
"types_mixed",1000,0.3,0,"BM","mcar",0.3,"freq","c2","coverage",200,0.906316666666667,0.00184148446842745
"types_mixed",100,0.7,0,"BM","mcar",0.3,"freq","c2","coverage",200,0.821166666666667,0.00582730006254902
"types_mixed",300,0.7,0,"BM","mcar",0.3,"freq","c2","coverage",200,0.8835,0.00344947265417631
"types_mixed",1000,0.7,0,"BM","mcar",0.3,"freq","c2","coverage",200,0.905416666666667,0.00186558916915641
"types_mixed",100,1,0,"BM","mcar",0.3,"freq","c2","coverage",185,0.925945945945946,0.00407973759326783
"types_mixed",300,1,0,"BM","mcar",0.3,"freq","c2","coverage",186,0.943130227001195,0.0021839497431103
"types_mixed",1000,1,0,"BM","mcar",0.3,"freq","c2","coverage",191,0.94783595113438,0.0011684986577101
"types_mixed",100,0.3,0.5,"BM","mcar",0.3,"freq","c2","coverage",200,0.8265,0.00581348621731258
"types_mixed",300,0.3,0.5,"BM","mcar",0.3,"freq","c2","coverage",200,0.885166666666667,0.00305488546532899
"types_mixed",1000,0.3,0.5,"BM","mcar",0.3,"freq","c2","coverage",200,0.903616666666667,0.00197157034232623
"types_mixed",100,0.7,0.5,"BM","mcar",0.3,"freq","c2","coverage",200,0.827166666666667,0.00569599024381376
"types_mixed",300,0.7,0.5,"BM","mcar",0.3,"freq","c2","coverage",200,0.882111111111111,0.00300214990070522
"types_mixed",1000,0.7,0.5,"BM","mcar",0.3,"freq","c2","coverage",200,0.903616666666667,0.00194620240385259
"types_mixed",100,1,0.5,"BM","mcar",0.3,"freq","c2","coverage",183,0.926775956284153,0.0045366078396745
"types_mixed",300,1,0.5,"BM","mcar",0.3,"freq","c2","coverage",185,0.943783783783784,0.00213460408498184
"types_mixed",1000,1,0.5,"BM","mcar",0.3,"freq","c2","coverage",193,0.947944732297064,0.00109044911587525
"types_mixed",100,0.3,0,"BM","mcar",0.3,"freq_lambda","c2","coverage",200,0.931166666666667,0.00359195624097431
"types_mixed",300,0.3,0,"BM","mcar",0.3,"freq_lambda","c2","coverage",200,0.947888888888889,0.00177244804093659
"types_mixed",1000,0.3,0,"BM","mcar",0.3,"freq_lambda","c2","coverage",200,0.94935,0.00106795815345551
"types_mixed",100,0.7,0,"BM","mcar",0.3,"freq_lambda","c2","coverage",200,0.930833333333333,0.00354391371223632
"types_mixed",300,0.7,0,"BM","mcar",0.3,"freq_lambda","c2","coverage",200,0.947666666666667,0.00184145789568672
"types_mixed",1000,0.7,0,"BM","mcar",0.3,"freq_lambda","c2","coverage",200,0.94965,0.00105048378953293
"types_mixed",100,1,0,"BM","mcar",0.3,"freq_lambda","c2","coverage",185,0.940720720720721,0.00387455700441542
"types_mixed",300,1,0,"BM","mcar",0.3,"freq_lambda","c2","coverage",186,0.953285543608124,0.00220262970015801
"types_mixed",1000,1,0,"BM","mcar",0.3,"freq_lambda","c2","coverage",191,0.958464223385689,0.000998369126845737
"types_mixed",100,0.3,0.5,"BM","mcar",0.3,"freq_lambda","c2","coverage",200,0.931,0.00359531614151717
"types_mixed",300,0.3,0.5,"BM","mcar",0.3,"freq_lambda","c2","coverage",200,0.9465,0.00196450527430319
"types_mixed",1000,0.3,0.5,"BM","mcar",0.3,"freq_lambda","c2","coverage",200,0.95015,0.00103492812040516
"types_mixed",100,0.7,0.5,"BM","mcar",0.3,"freq_lambda","c2","coverage",200,0.928166666666667,0.00374432382623212
"types_mixed",300,0.7,0.5,"BM","mcar",0.3,"freq_lambda","c2","coverage",200,0.945888888888889,0.00205439703571296
"types_mixed",1000,0.7,0.5,"BM","mcar",0.3,"freq_lambda","c2","coverage",200,0.95075,0.00101645795150079
"types_mixed",100,1,0.5,"BM","mcar",0.3,"freq_lambda","c2","coverage",183,0.9408014571949,0.00424365101679163
"types_mixed",300,1,0.5,"BM","mcar",0.3,"freq_lambda","c2","coverage",185,0.956936936936937,0.00216814719080857
"types_mixed",1000,1,0.5,"BM","mcar",0.3,"freq_lambda","c2","coverage",193,0.959274611398964,0.000940002992020813
"types_mixed",100,0.3,0,"BM","mcar",0.3,"gnn_off","c2","coverage",200,0.875166666666667,0.00867554467321127
"types_mixed",300,0.3,0,"BM","mcar",0.3,"gnn_off","c2","coverage",200,0.9575,0.00329348741775777
"types_mixed",1000,0.3,0,"BM","mcar",0.3,"gnn_off","c2","coverage",200,0.954633333333333,0.00182708544026549
"types_mixed",100,0.7,0,"BM","mcar",0.3,"gnn_off","c2","coverage",200,0.858833333333333,0.00966489760281031
"types_mixed",300,0.7,0,"BM","mcar",0.3,"gnn_off","c2","coverage",200,0.953944444444444,0.00357004089744499
"types_mixed",1000,0.7,0,"BM","mcar",0.3,"gnn_off","c2","coverage",200,0.954933333333333,0.00167434746074965
"types_mixed",100,1,0,"BM","mcar",0.3,"gnn_off","c2","coverage",200,0.912666666666667,0.0077205520208351
"types_mixed",300,1,0,"BM","mcar",0.3,"gnn_off","c2","coverage",200,0.966777777777778,0.00290895193580935
"types_mixed",1000,1,0,"BM","mcar",0.3,"gnn_off","c2","coverage",200,0.969616666666667,0.00155472973013962
"types_mixed",100,0.3,0.5,"BM","mcar",0.3,"gnn_off","c2","coverage",200,0.867333333333333,0.00889155459749563
"types_mixed",300,0.3,0.5,"BM","mcar",0.3,"gnn_off","c2","coverage",200,0.957388888888889,0.00329380762688424
"types_mixed",1000,0.3,0.5,"BM","mcar",0.3,"gnn_off","c2","coverage",200,0.954616666666667,0.00173022487347343
"types_mixed",100,0.7,0.5,"BM","mcar",0.3,"gnn_off","c2","coverage",200,0.845666666666667,0.0101724658749268
"types_mixed",300,0.7,0.5,"BM","mcar",0.3,"gnn_off","c2","coverage",200,0.952944444444444,0.00353299084617077
"types_mixed",1000,0.7,0.5,"BM","mcar",0.3,"gnn_off","c2","coverage",200,0.953466666666667,0.00179596296465367
"types_mixed",100,1,0.5,"BM","mcar",0.3,"gnn_off","c2","coverage",200,0.904666666666667,0.00839438274333146
"types_mixed",300,1,0.5,"BM","mcar",0.3,"gnn_off","c2","coverage",200,0.968833333333333,0.0027417513013626
"types_mixed",1000,1,0.5,"BM","mcar",0.3,"gnn_off","c2","coverage",200,0.968916666666667,0.00156845250865786
"types_mixed",100,0.3,0,"BM","mcar",0.3,"gnn_off_rphylopars","c2","coverage",200,0.878666666666667,0.00826366185190803
"types_mixed",300,0.3,0,"BM","mcar",0.3,"gnn_off_rphylopars","c2","coverage",200,0.957277777777778,0.00335937851897475
"types_mixed",1000,0.3,0,"BM","mcar",0.3,"gnn_off_rphylopars","c2","coverage",200,0.95645,0.00175655071307193
"types_mixed",100,0.7,0,"BM","mcar",0.3,"gnn_off_rphylopars","c2","coverage",200,0.854333333333333,0.0101422324936541
"types_mixed",300,0.7,0,"BM","mcar",0.3,"gnn_off_rphylopars","c2","coverage",200,0.957944444444444,0.00324456289986676
"types_mixed",1000,0.7,0,"BM","mcar",0.3,"gnn_off_rphylopars","c2","coverage",200,0.960216666666667,0.00176004376309735
"types_mixed",100,1,0,"BM","mcar",0.3,"gnn_off_rphylopars","c2","coverage",200,0.917666666666667,0.00689277371055385
"types_mixed",300,1,0,"BM","mcar",0.3,"gnn_off_rphylopars","c2","coverage",200,0.965611111111111,0.00306433437638518
"types_mixed",1000,1,0,"BM","mcar",0.3,"gnn_off_rphylopars","c2","coverage",200,0.9725,0.00140723781144356
"types_mixed",100,0.3,0.5,"BM","mcar",0.3,"gnn_off_rphylopars","c2","coverage",200,0.875166666666667,0.0085882208686341
"types_mixed",300,0.3,0.5,"BM","mcar",0.3,"gnn_off_rphylopars","c2","coverage",200,0.959722222222222,0.00324031530535517
"types_mixed",1000,0.3,0.5,"BM","mcar",0.3,"gnn_off_rphylopars","c2","coverage",200,0.957133333333333,0.00185412151997434
"types_mixed",100,0.7,0.5,"BM","mcar",0.3,"gnn_off_rphylopars","c2","coverage",200,0.8665,0.00986083370297359
"types_mixed",300,0.7,0.5,"BM","mcar",0.3,"gnn_off_rphylopars","c2","coverage",200,0.953944444444444,0.00373729209362395
"types_mixed",1000,0.7,0.5,"BM","mcar",0.3,"gnn_off_rphylopars","c2","coverage",200,0.96135,0.00193098359779191
"types_mixed",100,1,0.5,"BM","mcar",0.3,"gnn_off_rphylopars","c2","coverage",200,0.923,0.0069832294919581
"types_mixed",300,1,0.5,"BM","mcar",0.3,"gnn_off_rphylopars","c2","coverage",200,0.972722222222222,0.00239526890113691
"types_mixed",1000,1,0.5,"BM","mcar",0.3,"gnn_off_rphylopars","c2","coverage",200,0.971933333333333,0.00131740061811497
"types_mixed",100,0.3,0,"BM","mcar",0.3,"gnn_on","c2","coverage",200,0.868333333333333,0.00900632571294039
"types_mixed",300,0.3,0,"BM","mcar",0.3,"gnn_on","c2","coverage",200,0.956166666666667,0.0033120458361593
"types_mixed",1000,0.3,0,"BM","mcar",0.3,"gnn_on","c2","coverage",200,0.9533,0.00182130054587154
"types_mixed",100,0.7,0,"BM","mcar",0.3,"gnn_on","c2","coverage",200,0.854,0.00939118229285437
"types_mixed",300,0.7,0,"BM","mcar",0.3,"gnn_on","c2","coverage",200,0.953888888888889,0.00340127118848585
"types_mixed",1000,0.7,0,"BM","mcar",0.3,"gnn_on","c2","coverage",200,0.952916666666667,0.00175875214315743
"types_mixed",100,1,0,"BM","mcar",0.3,"gnn_on","c2","coverage",185,0.890990990990991,0.0082960121710676
"types_mixed",300,1,0,"BM","mcar",0.3,"gnn_on","c2","coverage",186,0.956451612903226,0.00321325156812394
"types_mixed",1000,1,0,"BM","mcar",0.3,"gnn_on","c2","coverage",191,0.956020942408377,0.00183984393542619
"types_mixed",100,0.3,0.5,"BM","mcar",0.3,"gnn_on","c2","coverage",200,0.865166666666667,0.00912808998644679
"types_mixed",300,0.3,0.5,"BM","mcar",0.3,"gnn_on","c2","coverage",200,0.956333333333333,0.00347324998747942
"types_mixed",1000,0.3,0.5,"BM","mcar",0.3,"gnn_on","c2","coverage",200,0.954366666666667,0.00178294388270884
"types_mixed",100,0.7,0.5,"BM","mcar",0.3,"gnn_on","c2","coverage",200,0.8425,0.0102643384751661
"types_mixed",300,0.7,0.5,"BM","mcar",0.3,"gnn_on","c2","coverage",200,0.953277777777778,0.00335309376455652
"types_mixed",1000,0.7,0.5,"BM","mcar",0.3,"gnn_on","c2","coverage",200,0.953433333333333,0.00171160684444464
"types_mixed",100,1,0.5,"BM","mcar",0.3,"gnn_on","c2","coverage",183,0.886885245901639,0.00885739255247112
"types_mixed",300,1,0.5,"BM","mcar",0.3,"gnn_on","c2","coverage",185,0.959039039039039,0.00335297787575937
"types_mixed",1000,1,0.5,"BM","mcar",0.3,"gnn_on","c2","coverage",193,0.954438687392055,0.00185150694967467
"types_mixed",100,0.3,0,"BM","mcar",0.3,"gnn_on_full","c2","coverage",200,0.868666666666667,0.00898425945322974
"types_mixed",300,0.3,0,"BM","mcar",0.3,"gnn_on_full","c2","coverage",200,0.956888888888889,0.0032614242509103
"types_mixed",1000,0.3,0,"BM","mcar",0.3,"gnn_on_full","c2","coverage",200,0.954016666666667,0.0017879329839535
"types_mixed",100,0.7,0,"BM","mcar",0.3,"gnn_on_full","c2","coverage",200,0.8545,0.00987690146653112
"types_mixed",300,0.7,0,"BM","mcar",0.3,"gnn_on_full","c2","coverage",200,0.954666666666667,0.0034829265486811
"types_mixed",1000,0.7,0,"BM","mcar",0.3,"gnn_on_full","c2","coverage",200,0.9531,0.00173808619087878
"types_mixed",100,1,0,"BM","mcar",0.3,"gnn_on_full","c2","coverage",185,0.91027027027027,0.00807863381109384
"types_mixed",300,1,0,"BM","mcar",0.3,"gnn_on_full","c2","coverage",186,0.966188769414576,0.00294152691432172
"types_mixed",1000,1,0,"BM","mcar",0.3,"gnn_on_full","c2","coverage",191,0.96933682373473,0.00160451200387385
"types_mixed",100,0.3,0.5,"BM","mcar",0.3,"gnn_on_full","c2","coverage",200,0.866666666666667,0.00902877093708122
"types_mixed",300,0.3,0.5,"BM","mcar",0.3,"gnn_on_full","c2","coverage",200,0.957222222222222,0.00355729124301825
"types_mixed",1000,0.3,0.5,"BM","mcar",0.3,"gnn_on_full","c2","coverage",200,0.954633333333333,0.00173780990030016
"types_mixed",100,0.7,0.5,"BM","mcar",0.3,"gnn_on_full","c2","coverage",200,0.844333333333333,0.0106361319652672
"types_mixed",300,0.7,0.5,"BM","mcar",0.3,"gnn_on_full","c2","coverage",200,0.952944444444444,0.00367837959655551
"types_mixed",1000,0.7,0.5,"BM","mcar",0.3,"gnn_on_full","c2","coverage",200,0.952966666666667,0.00179362199018153
"types_mixed",100,1,0.5,"BM","mcar",0.3,"gnn_on_full","c2","coverage",183,0.900364298724954,0.00860968768198019
"types_mixed",300,1,0.5,"BM","mcar",0.3,"gnn_on_full","c2","coverage",185,0.968108108108108,0.00313326939645436
"types_mixed",1000,1,0.5,"BM","mcar",0.3,"gnn_on_full","c2","coverage",193,0.968411053540587,0.00160210154418652
"types_mixed",100,0.3,0,"BM","mcar",0.3,"bace","cnt","coverage",100,0.839,0.00863338598322544
"types_mixed",300,0.3,0,"BM","mcar",0.3,"bace","cnt","coverage",100,0.856666666666667,0.00511618349775895
"types_mixed",1000,0.3,0,"BM","mcar",0.3,"bace","cnt","coverage",100,0.859933333333333,0.00214197534098591
"types_mixed",100,0.7,0,"BM","mcar",0.3,"bace","cnt","coverage",99,0.847474747474747,0.00776275766598139
"types_mixed",300,0.7,0,"BM","mcar",0.3,"bace","cnt","coverage",100,0.866555555555556,0.00424494740851521
"types_mixed",1000,0.7,0,"BM","mcar",0.3,"bace","cnt","coverage",99,0.869057239057239,0.00281109290203627
"types_mixed",100,1,0,"BM","mcar",0.3,"bace","cnt","coverage",48,0.901388888888889,0.00793729943706039
"types_mixed",300,1,0,"BM","mcar",0.3,"bace","cnt","coverage",39,0.911680911680912,0.00401901309961991
"types_mixed",1000,1,0,"BM","mcar",0.3,"bace","cnt","coverage",45,0.911925925925926,0.0027206012260713
"types_mixed",100,0.3,0.5,"BM","mcar",0.3,"bace","cnt","coverage",100,0.835666666666667,0.0080018937152591
"types_mixed",300,0.3,0.5,"BM","mcar",0.3,"bace","cnt","coverage",100,0.864444444444444,0.0050140095539357
"types_mixed",1000,0.3,0.5,"BM","mcar",0.3,"bace","cnt","coverage",97,0.885292096219931,0.00220411756784041
"types_mixed",100,0.7,0.5,"BM","mcar",0.3,"bace","cnt","coverage",97,0.859106529209622,0.00681299102849033
"types_mixed",300,0.7,0.5,"BM","mcar",0.3,"bace","cnt","coverage",98,0.87562358276644,0.00385000772155382
"types_mixed",1000,0.7,0.5,"BM","mcar",0.3,"bace","cnt","coverage",89,0.887977528089888,0.00247253554267345
"types_mixed",100,1,0.5,"BM","mcar",0.3,"bace","cnt","coverage",41,0.908943089430894,0.00886700823383163
"types_mixed",300,1,0.5,"BM","mcar",0.3,"bace","cnt","coverage",49,0.920181405895692,0.00387012899537049
"types_mixed",1000,1,0.5,"BM","mcar",0.3,"bace","cnt","coverage",54,0.911666666666667,0.00244633368324715
"types_mixed",100,0.3,0,"BM","mcar",0.3,"freq","cnt","coverage",200,0.733,0.0088822246095512
"types_mixed",300,0.3,0,"BM","mcar",0.3,"freq","cnt","coverage",200,0.742,0.00663081744087704
"types_mixed",1000,0.3,0,"BM","mcar",0.3,"freq","cnt","coverage",200,0.746116666666667,0.00576303792161612
"types_mixed",100,0.7,0,"BM","mcar",0.3,"freq","cnt","coverage",200,0.768,0.0107814179327667
"types_mixed",300,0.7,0,"BM","mcar",0.3,"freq","cnt","coverage",200,0.770277777777778,0.00985437030245687
"types_mixed",1000,0.7,0,"BM","mcar",0.3,"freq","cnt","coverage",200,0.775616666666667,0.00972745794251769
"types_mixed",100,1,0,"BM","mcar",0.3,"freq","cnt","coverage",185,0.785405405405405,0.0136516248262766
"types_mixed",300,1,0,"BM","mcar",0.3,"freq","cnt","coverage",186,0.807467144563919,0.011622293696619
"types_mixed",1000,1,0,"BM","mcar",0.3,"freq","cnt","coverage",191,0.80434554973822,0.0119210016605092
"types_mixed",100,0.3,0.5,"BM","mcar",0.3,"freq","cnt","coverage",200,0.7235,0.00971336120083973
"types_mixed",300,0.3,0.5,"BM","mcar",0.3,"freq","cnt","coverage",200,0.7485,0.00634198058862238
"types_mixed",1000,0.3,0.5,"BM","mcar",0.3,"freq","cnt","coverage",200,0.73995,0.00660133302528937
"types_mixed",100,0.7,0.5,"BM","mcar",0.3,"freq","cnt","coverage",200,0.752666666666667,0.0114532038922297
"types_mixed",300,0.7,0.5,"BM","mcar",0.3,"freq","cnt","coverage",200,0.783111111111111,0.00844507623485099
"types_mixed",1000,0.7,0.5,"BM","mcar",0.3,"freq","cnt","coverage",200,0.775916666666667,0.00947830805377498
"types_mixed",100,1,0.5,"BM","mcar",0.3,"freq","cnt","coverage",183,0.763934426229508,0.0153943716599085
"types_mixed",300,1,0.5,"BM","mcar",0.3,"freq","cnt","coverage",185,0.798738738738739,0.0111934888898701
"types_mixed",1000,1,0.5,"BM","mcar",0.3,"freq","cnt","coverage",193,0.797616580310881,0.0109388999559805
"types_mixed",100,0.3,0,"BM","mcar",0.3,"freq_lambda","cnt","coverage",200,0.733,0.0088822246095512
"types_mixed",300,0.3,0,"BM","mcar",0.3,"freq_lambda","cnt","coverage",200,0.742,0.00663081744087704
"types_mixed",1000,0.3,0,"BM","mcar",0.3,"freq_lambda","cnt","coverage",200,0.746116666666667,0.00576303792161612
"types_mixed",100,0.7,0,"BM","mcar",0.3,"freq_lambda","cnt","coverage",200,0.768,0.0107814179327667
"types_mixed",300,0.7,0,"BM","mcar",0.3,"freq_lambda","cnt","coverage",200,0.770277777777778,0.00985437030245687
"types_mixed",1000,0.7,0,"BM","mcar",0.3,"freq_lambda","cnt","coverage",200,0.775616666666667,0.00972745794251769
"types_mixed",100,1,0,"BM","mcar",0.3,"freq_lambda","cnt","coverage",185,0.785405405405405,0.0136516248262766
"types_mixed",300,1,0,"BM","mcar",0.3,"freq_lambda","cnt","coverage",186,0.807467144563919,0.011622293696619
"types_mixed",1000,1,0,"BM","mcar",0.3,"freq_lambda","cnt","coverage",191,0.80434554973822,0.0119210016605092
"types_mixed",100,0.3,0.5,"BM","mcar",0.3,"freq_lambda","cnt","coverage",200,0.7235,0.00971336120083973
"types_mixed",300,0.3,0.5,"BM","mcar",0.3,"freq_lambda","cnt","coverage",200,0.7485,0.00634198058862238
"types_mixed",1000,0.3,0.5,"BM","mcar",0.3,"freq_lambda","cnt","coverage",200,0.73995,0.00660133302528937
"types_mixed",100,0.7,0.5,"BM","mcar",0.3,"freq_lambda","cnt","coverage",200,0.752666666666667,0.0114532038922297
"types_mixed",300,0.7,0.5,"BM","mcar",0.3,"freq_lambda","cnt","coverage",200,0.783111111111111,0.00844507623485099
"types_mixed",1000,0.7,0.5,"BM","mcar",0.3,"freq_lambda","cnt","coverage",200,0.775916666666667,0.00947830805377498
"types_mixed",100,1,0.5,"BM","mcar",0.3,"freq_lambda","cnt","coverage",183,0.763934426229508,0.0153943716599085
"types_mixed",300,1,0.5,"BM","mcar",0.3,"freq_lambda","cnt","coverage",185,0.798738738738739,0.0111934888898701
"types_mixed",1000,1,0.5,"BM","mcar",0.3,"freq_lambda","cnt","coverage",193,0.797616580310881,0.0109388999559805
"types_mixed",100,0.3,0,"BM","mcar",0.3,"gnn_off","cnt","coverage",200,0.8835,0.00929688233856905
"types_mixed",300,0.3,0,"BM","mcar",0.3,"gnn_off","cnt","coverage",200,0.965777777777778,0.00325933116682939
"types_mixed",1000,0.3,0,"BM","mcar",0.3,"gnn_off","cnt","coverage",200,0.964133333333333,0.00207632691188136
"types_mixed",100,0.7,0,"BM","mcar",0.3,"gnn_off","cnt","coverage",200,0.869833333333333,0.00948594275728125
"types_mixed",300,0.7,0,"BM","mcar",0.3,"gnn_off","cnt","coverage",200,0.957666666666667,0.00307927195154918
"types_mixed",1000,0.7,0,"BM","mcar",0.3,"gnn_off","cnt","coverage",200,0.9536,0.00182273623778048
"types_mixed",100,1,0,"BM","mcar",0.3,"gnn_off","cnt","coverage",200,0.8515,0.0109610688670905
"types_mixed",300,1,0,"BM","mcar",0.3,"gnn_off","cnt","coverage",200,0.959,0.00295906476305896
"types_mixed",1000,1,0,"BM","mcar",0.3,"gnn_off","cnt","coverage",200,0.954083333333333,0.00187022237023467
"types_mixed",100,0.3,0.5,"BM","mcar",0.3,"gnn_off","cnt","coverage",200,0.882,0.00860719188201369
"types_mixed",300,0.3,0.5,"BM","mcar",0.3,"gnn_off","cnt","coverage",200,0.963388888888889,0.0033415100716451
"types_mixed",1000,0.3,0.5,"BM","mcar",0.3,"gnn_off","cnt","coverage",200,0.962566666666667,0.00199604718258584
"types_mixed",100,0.7,0.5,"BM","mcar",0.3,"gnn_off","cnt","coverage",200,0.855833333333333,0.0109792390754369
"types_mixed",300,0.7,0.5,"BM","mcar",0.3,"gnn_off","cnt","coverage",200,0.961333333333333,0.00305456305895119
"types_mixed",1000,0.7,0.5,"BM","mcar",0.3,"gnn_off","cnt","coverage",200,0.952816666666667,0.0020645768733831
"types_mixed",100,1,0.5,"BM","mcar",0.3,"gnn_off","cnt","coverage",200,0.857166666666667,0.0106394583368629
"types_mixed",300,1,0.5,"BM","mcar",0.3,"gnn_off","cnt","coverage",200,0.955222222222222,0.00339776733750727
"types_mixed",1000,1,0.5,"BM","mcar",0.3,"gnn_off","cnt","coverage",200,0.952,0.00181054051361017
"types_mixed",100,0.3,0,"BM","mcar",0.3,"gnn_off_rphylopars","cnt","coverage",200,0.883166666666667,0.00895736380168984
"types_mixed",300,0.3,0,"BM","mcar",0.3,"gnn_off_rphylopars","cnt","coverage",200,0.968388888888889,0.00312000950859217
"types_mixed",1000,0.3,0,"BM","mcar",0.3,"gnn_off_rphylopars","cnt","coverage",200,0.965966666666667,0.00194904234240425
"types_mixed",100,0.7,0,"BM","mcar",0.3,"gnn_off_rphylopars","cnt","coverage",200,0.864166666666667,0.00998026388554
"types_mixed",300,0.7,0,"BM","mcar",0.3,"gnn_off_rphylopars","cnt","coverage",200,0.962611111111111,0.00280934326467201
"types_mixed",1000,0.7,0,"BM","mcar",0.3,"gnn_off_rphylopars","cnt","coverage",200,0.959383333333333,0.00168268309248248
"types_mixed",100,1,0,"BM","mcar",0.3,"gnn_off_rphylopars","cnt","coverage",200,0.833166666666667,0.0118818337473359
"types_mixed",300,1,0,"BM","mcar",0.3,"gnn_off_rphylopars","cnt","coverage",200,0.957277777777778,0.0039852833531228
"types_mixed",1000,1,0,"BM","mcar",0.3,"gnn_off_rphylopars","cnt","coverage",200,0.954833333333333,0.00224351537786081
"types_mixed",100,0.3,0.5,"BM","mcar",0.3,"gnn_off_rphylopars","cnt","coverage",200,0.8775,0.0090038068132371
"types_mixed",300,0.3,0.5,"BM","mcar",0.3,"gnn_off_rphylopars","cnt","coverage",200,0.961666666666667,0.00369921093592717
"types_mixed",1000,0.3,0.5,"BM","mcar",0.3,"gnn_off_rphylopars","cnt","coverage",200,0.964366666666667,0.00188300904398868
"types_mixed",100,0.7,0.5,"BM","mcar",0.3,"gnn_off_rphylopars","cnt","coverage",200,0.8455,0.0118009205273628
"types_mixed",300,0.7,0.5,"BM","mcar",0.3,"gnn_off_rphylopars","cnt","coverage",200,0.963111111111111,0.00288944718223431
"types_mixed",1000,0.7,0.5,"BM","mcar",0.3,"gnn_off_rphylopars","cnt","coverage",200,0.9551,0.00196577500156654
"types_mixed",100,1,0.5,"BM","mcar",0.3,"gnn_off_rphylopars","cnt","coverage",200,0.835166666666667,0.0120444864491882
"types_mixed",300,1,0.5,"BM","mcar",0.3,"gnn_off_rphylopars","cnt","coverage",200,0.954388888888889,0.00409454423738985
"types_mixed",1000,1,0.5,"BM","mcar",0.3,"gnn_off_rphylopars","cnt","coverage",200,0.954733333333333,0.00178997144295959
"types_mixed",100,0.3,0,"BM","mcar",0.3,"gnn_on","cnt","coverage",200,0.8725,0.00953830181758642
"types_mixed",300,0.3,0,"BM","mcar",0.3,"gnn_on","cnt","coverage",200,0.955055555555556,0.00366174610195306
"types_mixed",1000,0.3,0,"BM","mcar",0.3,"gnn_on","cnt","coverage",200,0.954716666666667,0.00240744674551605
"types_mixed",100,0.7,0,"BM","mcar",0.3,"gnn_on","cnt","coverage",200,0.856166666666667,0.00989779569276191
"types_mixed",300,0.7,0,"BM","mcar",0.3,"gnn_on","cnt","coverage",200,0.953111111111111,0.00324960925271081
"types_mixed",1000,0.7,0,"BM","mcar",0.3,"gnn_on","cnt","coverage",200,0.951166666666667,0.00183971783091206
"types_mixed",100,1,0,"BM","mcar",0.3,"gnn_on","cnt","coverage",185,0.834054054054054,0.0118746685325795
"types_mixed",300,1,0,"BM","mcar",0.3,"gnn_on","cnt","coverage",186,0.956511350059737,0.00317440203552921
"types_mixed",1000,1,0,"BM","mcar",0.3,"gnn_on","cnt","coverage",191,0.953647469458988,0.00202494347787368
"types_mixed",100,0.3,0.5,"BM","mcar",0.3,"gnn_on","cnt","coverage",200,0.871833333333333,0.00894520043553734
"types_mixed",300,0.3,0.5,"BM","mcar",0.3,"gnn_on","cnt","coverage",200,0.954888888888889,0.00350005539115812
"types_mixed",1000,0.3,0.5,"BM","mcar",0.3,"gnn_on","cnt","coverage",200,0.953283333333333,0.00240816560595535
"types_mixed",100,0.7,0.5,"BM","mcar",0.3,"gnn_on","cnt","coverage",200,0.841,0.0115342085821203
"types_mixed",300,0.7,0.5,"BM","mcar",0.3,"gnn_on","cnt","coverage",200,0.956555555555556,0.00316648299446764
"types_mixed",1000,0.7,0.5,"BM","mcar",0.3,"gnn_on","cnt","coverage",200,0.95105,0.00237043693126699
"types_mixed",100,1,0.5,"BM","mcar",0.3,"gnn_on","cnt","coverage",183,0.840072859744991,0.0116201560734663
"types_mixed",300,1,0.5,"BM","mcar",0.3,"gnn_on","cnt","coverage",185,0.952732732732733,0.00361491782614776
"types_mixed",1000,1,0.5,"BM","mcar",0.3,"gnn_on","cnt","coverage",193,0.951588946459413,0.00184983553724661
"types_mixed",100,0.3,0,"BM","mcar",0.3,"gnn_on_full","cnt","coverage",200,0.871833333333333,0.00960439568776088
"types_mixed",300,0.3,0,"BM","mcar",0.3,"gnn_on_full","cnt","coverage",200,0.954666666666667,0.00376042917693764
"types_mixed",1000,0.3,0,"BM","mcar",0.3,"gnn_on_full","cnt","coverage",200,0.954516666666667,0.00240647478320233
"types_mixed",100,0.7,0,"BM","mcar",0.3,"gnn_on_full","cnt","coverage",200,0.854833333333333,0.00985346999902956
"types_mixed",300,0.7,0,"BM","mcar",0.3,"gnn_on_full","cnt","coverage",200,0.953166666666667,0.00331174612342252
"types_mixed",1000,0.7,0,"BM","mcar",0.3,"gnn_on_full","cnt","coverage",200,0.95125,0.00187156534477275
"types_mixed",100,1,0,"BM","mcar",0.3,"gnn_on_full","cnt","coverage",185,0.837297297297297,0.011824355100402
"types_mixed",300,1,0,"BM","mcar",0.3,"gnn_on_full","cnt","coverage",186,0.956332138590203,0.00318425805302759
"types_mixed",1000,1,0,"BM","mcar",0.3,"gnn_on_full","cnt","coverage",191,0.953403141361257,0.00204702053740175
"types_mixed",100,0.3,0.5,"BM","mcar",0.3,"gnn_on_full","cnt","coverage",200,0.871666666666667,0.00896593839862571
"types_mixed",300,0.3,0.5,"BM","mcar",0.3,"gnn_on_full","cnt","coverage",200,0.955166666666667,0.00343722113228518
"types_mixed",1000,0.3,0.5,"BM","mcar",0.3,"gnn_on_full","cnt","coverage",200,0.953116666666667,0.00240719161440326
"types_mixed",100,0.7,0.5,"BM","mcar",0.3,"gnn_on_full","cnt","coverage",200,0.837333333333333,0.0115628547148572
"types_mixed",300,0.7,0.5,"BM","mcar",0.3,"gnn_on_full","cnt","coverage",200,0.957777777777778,0.00308994153560668
"types_mixed",1000,0.7,0.5,"BM","mcar",0.3,"gnn_on_full","cnt","coverage",200,0.950266666666667,0.00236663953555119
"types_mixed",100,1,0.5,"BM","mcar",0.3,"gnn_on_full","cnt","coverage",183,0.840437158469945,0.0116361783252094
"types_mixed",300,1,0.5,"BM","mcar",0.3,"gnn_on_full","cnt","coverage",185,0.951831831831832,0.00368751054836017
"types_mixed",1000,1,0.5,"BM","mcar",0.3,"gnn_on_full","cnt","coverage",193,0.951571675302245,0.00183322319894182
"types_mixed",100,0.3,0,"BM","mcar",0.3,"bace","prp","coverage",100,0.825,0.00919150293207769
"types_mixed",300,0.3,0,"BM","mcar",0.3,"bace","prp","coverage",100,0.819555555555556,0.00576187053082303
"types_mixed",1000,0.3,0,"BM","mcar",0.3,"bace","prp","coverage",100,0.8222,0.00289402030665881
"types_mixed",100,0.7,0,"BM","mcar",0.3,"bace","prp","coverage",99,0.805387205387205,0.00948412934735335
"types_mixed",300,0.7,0,"BM","mcar",0.3,"bace","prp","coverage",100,0.840333333333333,0.00447981158191419
"types_mixed",1000,0.7,0,"BM","mcar",0.3,"bace","prp","coverage",99,0.833804713804714,0.00261084030447428
"types_mixed",100,1,0,"BM","mcar",0.3,"bace","prp","coverage",48,0.853472222222222,0.0121448597981483
"types_mixed",300,1,0,"BM","mcar",0.3,"bace","prp","coverage",39,0.857264957264957,0.00746571512586645
"types_mixed",1000,1,0,"BM","mcar",0.3,"bace","prp","coverage",45,0.871851851851852,0.00301056045424426
"types_mixed",100,0.3,0.5,"BM","mcar",0.3,"bace","prp","coverage",100,0.810666666666667,0.0090871821765723
"types_mixed",300,0.3,0.5,"BM","mcar",0.3,"bace","prp","coverage",100,0.839444444444444,0.004832588278037
"types_mixed",1000,0.3,0.5,"BM","mcar",0.3,"bace","prp","coverage",97,0.848213058419244,0.00247412239661345
"types_mixed",100,0.7,0.5,"BM","mcar",0.3,"bace","prp","coverage",97,0.83127147766323,0.00938158490886665
"types_mixed",300,0.7,0.5,"BM","mcar",0.3,"bace","prp","coverage",98,0.848185941043084,0.00441354913032251
"types_mixed",1000,0.7,0.5,"BM","mcar",0.3,"bace","prp","coverage",89,0.857415730337079,0.00237127621385359
"types_mixed",100,1,0.5,"BM","mcar",0.3,"bace","prp","coverage",41,0.876422764227642,0.0109966675439357
"types_mixed",300,1,0.5,"BM","mcar",0.3,"bace","prp","coverage",49,0.869614512471655,0.00694747107290261
"types_mixed",1000,1,0.5,"BM","mcar",0.3,"bace","prp","coverage",54,0.875432098765432,0.00292953226648603
"types_mixed",100,0.3,0,"BM","mcar",0.3,"freq","prp","coverage",200,0.826833333333333,0.00616041604532353
"types_mixed",300,0.3,0,"BM","mcar",0.3,"freq","prp","coverage",200,0.877055555555556,0.00329973529140776
"types_mixed",1000,0.3,0,"BM","mcar",0.3,"freq","prp","coverage",200,0.909166666666667,0.00180772429129679
"types_mixed",100,0.7,0,"BM","mcar",0.3,"freq","prp","coverage",200,0.820833333333333,0.00576594238342319
"types_mixed",300,0.7,0,"BM","mcar",0.3,"freq","prp","coverage",200,0.879888888888889,0.00337989993284592
"types_mixed",1000,0.7,0,"BM","mcar",0.3,"freq","prp","coverage",200,0.908666666666667,0.00186357724721495
"types_mixed",100,1,0,"BM","mcar",0.3,"freq","prp","coverage",185,0.896936936936937,0.0051969873294486
"types_mixed",300,1,0,"BM","mcar",0.3,"freq","prp","coverage",186,0.91726403823178,0.00357486641276586
"types_mixed",1000,1,0,"BM","mcar",0.3,"freq","prp","coverage",191,0.934066317626527,0.00214324049212414
"types_mixed",100,0.3,0.5,"BM","mcar",0.3,"freq","prp","coverage",200,0.815666666666667,0.00669554048775954
"types_mixed",300,0.3,0.5,"BM","mcar",0.3,"freq","prp","coverage",200,0.879166666666667,0.00354522639446015
"types_mixed",1000,0.3,0.5,"BM","mcar",0.3,"freq","prp","coverage",200,0.906633333333333,0.00183062690442507
"types_mixed",100,0.7,0.5,"BM","mcar",0.3,"freq","prp","coverage",200,0.819166666666667,0.0059611505153133
"types_mixed",300,0.7,0.5,"BM","mcar",0.3,"freq","prp","coverage",200,0.879388888888889,0.00334021019646749
"types_mixed",1000,0.7,0.5,"BM","mcar",0.3,"freq","prp","coverage",200,0.907766666666667,0.00174539515395208
"types_mixed",100,1,0.5,"BM","mcar",0.3,"freq","prp","coverage",183,0.891074681238616,0.00585583280315476
"types_mixed",300,1,0.5,"BM","mcar",0.3,"freq","prp","coverage",185,0.92048048048048,0.00360053945542514
"types_mixed",1000,1,0.5,"BM","mcar",0.3,"freq","prp","coverage",193,0.936735751295337,0.00217769305638907
"types_mixed",100,0.3,0,"BM","mcar",0.3,"freq_lambda","prp","coverage",200,0.931333333333333,0.0039016381904931
"types_mixed",300,0.3,0,"BM","mcar",0.3,"freq_lambda","prp","coverage",200,0.943722222222222,0.00197238441150956
"types_mixed",1000,0.3,0,"BM","mcar",0.3,"freq_lambda","prp","coverage",200,0.947783333333333,0.000995040044479243
"types_mixed",100,0.7,0,"BM","mcar",0.3,"freq_lambda","prp","coverage",200,0.925,0.00425820717065383
"types_mixed",300,0.7,0,"BM","mcar",0.3,"freq_lambda","prp","coverage",200,0.941444444444444,0.00199837082351094
"types_mixed",1000,0.7,0,"BM","mcar",0.3,"freq_lambda","prp","coverage",200,0.94615,0.00108156923755889
"types_mixed",100,1,0,"BM","mcar",0.3,"freq_lambda","prp","coverage",185,0.875495495495496,0.00549193054732344
"types_mixed",300,1,0,"BM","mcar",0.3,"freq_lambda","prp","coverage",186,0.881541218637993,0.00310182374147031
"types_mixed",1000,1,0,"BM","mcar",0.3,"freq_lambda","prp","coverage",191,0.889842931937173,0.00170607186688462
"types_mixed",100,0.3,0.5,"BM","mcar",0.3,"freq_lambda","prp","coverage",200,0.926833333333333,0.00399397578185743
"types_mixed",300,0.3,0.5,"BM","mcar",0.3,"freq_lambda","prp","coverage",200,0.941055555555556,0.00194725010951833
"types_mixed",1000,0.3,0.5,"BM","mcar",0.3,"freq_lambda","prp","coverage",200,0.947216666666667,0.00106797906595376
"types_mixed",100,0.7,0.5,"BM","mcar",0.3,"freq_lambda","prp","coverage",200,0.924833333333333,0.00386105336792881
"types_mixed",300,0.7,0.5,"BM","mcar",0.3,"freq_lambda","prp","coverage",200,0.941722222222222,0.0019026129664896
"types_mixed",1000,0.7,0.5,"BM","mcar",0.3,"freq_lambda","prp","coverage",200,0.948033333333333,0.00109289109412005
"types_mixed",100,1,0.5,"BM","mcar",0.3,"freq_lambda","prp","coverage",183,0.877595628415301,0.00579987176944741
"types_mixed",300,1,0.5,"BM","mcar",0.3,"freq_lambda","prp","coverage",185,0.884744744744745,0.00298773373560112
"types_mixed",1000,1,0.5,"BM","mcar",0.3,"freq_lambda","prp","coverage",193,0.890639032815199,0.0016630562088147
"types_mixed",100,0.3,0,"BM","mcar",0.3,"gnn_off","prp","coverage",200,0.8835,0.0088159970202895
"types_mixed",300,0.3,0,"BM","mcar",0.3,"gnn_off","prp","coverage",200,0.954611111111111,0.00338575703560341
"types_mixed",1000,0.3,0,"BM","mcar",0.3,"gnn_off","prp","coverage",200,0.954366666666667,0.00175278194768029
"types_mixed",100,0.7,0,"BM","mcar",0.3,"gnn_off","prp","coverage",200,0.857333333333333,0.00942560277734849
"types_mixed",300,0.7,0,"BM","mcar",0.3,"gnn_off","prp","coverage",200,0.958888888888889,0.00317216944280752
"types_mixed",1000,0.7,0,"BM","mcar",0.3,"gnn_off","prp","coverage",200,0.952666666666667,0.00170966314626649
"types_mixed",100,1,0,"BM","mcar",0.3,"gnn_off","prp","coverage",200,0.875833333333333,0.00939230442798225
"types_mixed",300,1,0,"BM","mcar",0.3,"gnn_off","prp","coverage",200,0.955277777777778,0.00364828607905105
"types_mixed",1000,1,0,"BM","mcar",0.3,"gnn_off","prp","coverage",200,0.950716666666667,0.00183137210462392
"types_mixed",100,0.3,0.5,"BM","mcar",0.3,"gnn_off","prp","coverage",200,0.869333333333333,0.00976370745411706
"types_mixed",300,0.3,0.5,"BM","mcar",0.3,"gnn_off","prp","coverage",200,0.956055555555556,0.00321036681939643
"types_mixed",1000,0.3,0.5,"BM","mcar",0.3,"gnn_off","prp","coverage",200,0.955916666666667,0.00177966011284541
"types_mixed",100,0.7,0.5,"BM","mcar",0.3,"gnn_off","prp","coverage",200,0.847333333333333,0.00980934956644966
"types_mixed",300,0.7,0.5,"BM","mcar",0.3,"gnn_off","prp","coverage",200,0.954055555555556,0.00345908121920721
"types_mixed",1000,0.7,0.5,"BM","mcar",0.3,"gnn_off","prp","coverage",200,0.9545,0.00158224197598695
"types_mixed",100,1,0.5,"BM","mcar",0.3,"gnn_off","prp","coverage",200,0.886,0.00854704196188116
"types_mixed",300,1,0.5,"BM","mcar",0.3,"gnn_off","prp","coverage",200,0.960833333333333,0.00306164055791784
"types_mixed",1000,1,0.5,"BM","mcar",0.3,"gnn_off","prp","coverage",200,0.952916666666667,0.0018969748022404
"types_mixed",100,0.3,0,"BM","mcar",0.3,"gnn_off_rphylopars","prp","coverage",200,0.879166666666667,0.00877931398186573
"types_mixed",300,0.3,0,"BM","mcar",0.3,"gnn_off_rphylopars","prp","coverage",200,0.957277777777778,0.00321307110405638
"types_mixed",1000,0.3,0,"BM","mcar",0.3,"gnn_off_rphylopars","prp","coverage",200,0.956216666666667,0.00164265407049381
"types_mixed",100,0.7,0,"BM","mcar",0.3,"gnn_off_rphylopars","prp","coverage",200,0.8595,0.0104661788126871
"types_mixed",300,0.7,0,"BM","mcar",0.3,"gnn_off_rphylopars","prp","coverage",200,0.959944444444444,0.0032417126510484
"types_mixed",1000,0.7,0,"BM","mcar",0.3,"gnn_off_rphylopars","prp","coverage",200,0.956433333333333,0.00176328173558906
"types_mixed",100,1,0,"BM","mcar",0.3,"gnn_off_rphylopars","prp","coverage",200,0.873833333333333,0.00994647175589631
"types_mixed",300,1,0,"BM","mcar",0.3,"gnn_off_rphylopars","prp","coverage",200,0.949611111111111,0.00441635280463904
"types_mixed",1000,1,0,"BM","mcar",0.3,"gnn_off_rphylopars","prp","coverage",200,0.9579,0.00215783019623391
"types_mixed",100,0.3,0.5,"BM","mcar",0.3,"gnn_off_rphylopars","prp","coverage",200,0.8825,0.00915447643838638
"types_mixed",300,0.3,0.5,"BM","mcar",0.3,"gnn_off_rphylopars","prp","coverage",200,0.9585,0.00302755046042732
"types_mixed",1000,0.3,0.5,"BM","mcar",0.3,"gnn_off_rphylopars","prp","coverage",200,0.956733333333333,0.00182374682580819
"types_mixed",100,0.7,0.5,"BM","mcar",0.3,"gnn_off_rphylopars","prp","coverage",200,0.8615,0.00956069535070836
"types_mixed",300,0.7,0.5,"BM","mcar",0.3,"gnn_off_rphylopars","prp","coverage",200,0.954277777777778,0.00333349850698154
"types_mixed",1000,0.7,0.5,"BM","mcar",0.3,"gnn_off_rphylopars","prp","coverage",200,0.959133333333333,0.00166921747849347
"types_mixed",100,1,0.5,"BM","mcar",0.3,"gnn_off_rphylopars","prp","coverage",200,0.866833333333333,0.00972686018431571
"types_mixed",300,1,0.5,"BM","mcar",0.3,"gnn_off_rphylopars","prp","coverage",200,0.955666666666667,0.00434491430184079
"types_mixed",1000,1,0.5,"BM","mcar",0.3,"gnn_off_rphylopars","prp","coverage",200,0.960033333333333,0.00234228839126882
"types_mixed",100,0.3,0,"BM","mcar",0.3,"gnn_on","prp","coverage",200,0.883166666666667,0.00884129409619235
"types_mixed",300,0.3,0,"BM","mcar",0.3,"gnn_on","prp","coverage",200,0.953,0.00364596630397488
"types_mixed",1000,0.3,0,"BM","mcar",0.3,"gnn_on","prp","coverage",200,0.954666666666667,0.00174793489063796
"types_mixed",100,0.7,0,"BM","mcar",0.3,"gnn_on","prp","coverage",200,0.857833333333333,0.00943246440233326
"types_mixed",300,0.7,0,"BM","mcar",0.3,"gnn_on","prp","coverage",200,0.956611111111111,0.00332550495226554
"types_mixed",1000,0.7,0,"BM","mcar",0.3,"gnn_on","prp","coverage",200,0.951516666666667,0.00171988688226063
"types_mixed",100,1,0,"BM","mcar",0.3,"gnn_on","prp","coverage",185,0.869189189189189,0.0103043839403185
"types_mixed",300,1,0,"BM","mcar",0.3,"gnn_on","prp","coverage",186,0.951075268817204,0.00411461315116445
"types_mixed",1000,1,0,"BM","mcar",0.3,"gnn_on","prp","coverage",191,0.949389179755672,0.0018627294477486
"types_mixed",100,0.3,0.5,"BM","mcar",0.3,"gnn_on","prp","coverage",200,0.869833333333333,0.00977867156845828
"types_mixed",300,0.3,0.5,"BM","mcar",0.3,"gnn_on","prp","coverage",200,0.956611111111111,0.00310056189860841
"types_mixed",1000,0.3,0.5,"BM","mcar",0.3,"gnn_on","prp","coverage",200,0.95495,0.00175287551901096
"types_mixed",100,0.7,0.5,"BM","mcar",0.3,"gnn_on","prp","coverage",200,0.848166666666667,0.00994596652616461
"types_mixed",300,0.7,0.5,"BM","mcar",0.3,"gnn_on","prp","coverage",200,0.953,0.00371924804299677
"types_mixed",1000,0.7,0.5,"BM","mcar",0.3,"gnn_on","prp","coverage",200,0.9539,0.00165525574462765
"types_mixed",100,1,0.5,"BM","mcar",0.3,"gnn_on","prp","coverage",183,0.868852459016393,0.00975628800583356
"types_mixed",300,1,0.5,"BM","mcar",0.3,"gnn_on","prp","coverage",185,0.9603003003003,0.003132330727873
"types_mixed",1000,1,0.5,"BM","mcar",0.3,"gnn_on","prp","coverage",193,0.951882556131261,0.00201205351925782
"types_mixed",100,0.3,0,"BM","mcar",0.3,"gnn_on_full","prp","coverage",200,0.8815,0.00887187004912837
"types_mixed",300,0.3,0,"BM","mcar",0.3,"gnn_on_full","prp","coverage",200,0.953,0.00351956061247634
"types_mixed",1000,0.3,0,"BM","mcar",0.3,"gnn_on_full","prp","coverage",200,0.9538,0.00173945575089578
"types_mixed",100,0.7,0,"BM","mcar",0.3,"gnn_on_full","prp","coverage",200,0.8545,0.00952289403951195
"types_mixed",300,0.7,0,"BM","mcar",0.3,"gnn_on_full","prp","coverage",200,0.956777777777778,0.00336278631232623
"types_mixed",1000,0.7,0,"BM","mcar",0.3,"gnn_on_full","prp","coverage",200,0.950233333333333,0.00174913394857929
"types_mixed",100,1,0,"BM","mcar",0.3,"gnn_on_full","prp","coverage",185,0.871711711711712,0.0104472421024282
"types_mixed",300,1,0,"BM","mcar",0.3,"gnn_on_full","prp","coverage",186,0.953285543608124,0.00408023535786318
"types_mixed",1000,1,0,"BM","mcar",0.3,"gnn_on_full","prp","coverage",191,0.950890052356021,0.0018580221933567
"types_mixed",100,0.3,0.5,"BM","mcar",0.3,"gnn_on_full","prp","coverage",200,0.8705,0.00977461673562233
"types_mixed",300,0.3,0.5,"BM","mcar",0.3,"gnn_on_full","prp","coverage",200,0.9565,0.00313951449668464
"types_mixed",1000,0.3,0.5,"BM","mcar",0.3,"gnn_on_full","prp","coverage",200,0.955,0.00174473764104212
"types_mixed",100,0.7,0.5,"BM","mcar",0.3,"gnn_on_full","prp","coverage",200,0.8475,0.00985783224166175
"types_mixed",300,0.7,0.5,"BM","mcar",0.3,"gnn_on_full","prp","coverage",200,0.951833333333333,0.0037504492358664
"types_mixed",1000,0.7,0.5,"BM","mcar",0.3,"gnn_on_full","prp","coverage",200,0.9522,0.00176675041677535
"types_mixed",100,1,0.5,"BM","mcar",0.3,"gnn_on_full","prp","coverage",183,0.875591985428051,0.00943056660872891
"types_mixed",300,1,0.5,"BM","mcar",0.3,"gnn_on_full","prp","coverage",185,0.960780780780781,0.00315012382537753
"types_mixed",1000,1,0.5,"BM","mcar",0.3,"gnn_on_full","prp","coverage",193,0.95286701208981,0.00197230199819656
