"job_id","cell_id","rep","family","n_species","phylo_lambda","miss_frac","seed","lambda_mode","fit_ok","blend_loss","baseline_loss","paired_delta","r_cal_gnn_mean","floor_fired"
0,0,1,"F1",100,0.2,0.1,10001,"bayes",TRUE,0.828078140202876,0.850401098328272,-0.0223229581253961,0.394736842105263,TRUE
1,1,1,"F2",100,0.2,0.1,10101,"bayes",TRUE,1.00384475168365,1.01630498895734,-0.0124602372736908,0.25,TRUE
2,2,1,"F3",100,0.2,0.1,10201,"bayes",TRUE,0.855976514622333,0.76922826954523,0.086748245077103,0,TRUE
3,3,1,"F1",300,0.2,0.1,10301,"bayes",TRUE,1.01068361271612,1.02170715063108,-0.0110235379149601,0.475,TRUE
4,4,1,"F2",300,0.2,0.1,10401,"bayes",TRUE,1.06868363067517,1.14884257785862,-0.0801589471834525,0.683333333333333,FALSE
5,5,1,"F3",300,0.2,0.1,10501,"bayes",TRUE,0.759851340977611,0.732743790896856,0.0271075500807552,0.166666666666667,TRUE
6,6,1,"F1",1000,0.2,0.1,10601,"bayes",TRUE,0.937964972302909,0.94004335612661,-0.00207838382370118,0.25,TRUE
7,7,1,"F2",1000,0.2,0.1,10701,"bayes",TRUE,0.866199167789736,0.919292067684318,-0.0530928998945825,0.75,FALSE
8,8,1,"F3",1000,0.2,0.1,10801,"bayes",TRUE,0.693697291957635,0.685152278139917,0.00854501381771866,0,TRUE
9,9,1,"F1",100,0.5,0.1,10901,"bayes",TRUE,0.816158572315411,0.812443442233859,0.00371513008155167,0,TRUE
10,10,1,"F2",100,0.5,0.1,11001,"bayes",TRUE,0.780427605324788,0.842378984986766,-0.0619513796619775,0.25,FALSE
11,11,1,"F3",100,0.5,0.1,11101,"bayes",TRUE,0.864922498169019,0.881832504036003,-0.0169100058669837,0.166666666666667,TRUE
12,12,1,"F1",300,0.5,0.1,11201,"bayes",TRUE,0.7265503177818,0.726768587515449,-0.000218269733648802,0.220588235294118,FALSE
13,13,1,"F2",300,0.5,0.1,11301,"bayes",TRUE,0.783377806166305,0.907591072423589,-0.124213266257285,0.75,FALSE
14,14,1,"F3",300,0.5,0.1,11401,"bayes",TRUE,0.71628966221319,0.646845216907341,0.0694444453058489,0,FALSE
15,15,1,"F1",1000,0.5,0.1,11501,"bayes",TRUE,0.850219071016908,0.847687514073072,0.00253155694383556,0.15,FALSE
16,16,1,"F2",1000,0.5,0.1,11601,"bayes",TRUE,0.883886125433094,0.931282793131994,-0.0473966676989006,0.5,FALSE
17,17,1,"F3",1000,0.5,0.1,11701,"bayes",TRUE,0.61746902733624,0.617469027402279,-6.60390631068708e-11,0,FALSE
27,27,1,"F1",100,0.2,0.3,12701,"bayes",TRUE,1.16241200727176,1.15508688885694,0.00732511841482308,0,TRUE
28,28,1,"F2",100,0.2,0.3,12801,"bayes",TRUE,0.770584040063094,0.889176607536972,-0.118592567473878,0.5,TRUE
29,29,1,"F3",100,0.2,0.3,12901,"bayes",TRUE,0.772521822509562,0.715303991795153,0.0572178307144086,0.166666666666667,TRUE
30,30,1,"F1",300,0.2,0.3,13001,"bayes",TRUE,0.898848867547716,0.896282526728767,0.00256634081894946,0.1125,FALSE
31,31,1,"F2",300,0.2,0.3,13101,"bayes",TRUE,0.980307036278297,1.09595181522565,-0.11564477894735,0.475,TRUE
32,32,1,"F3",300,0.2,0.3,13201,"bayes",TRUE,0.729316220287526,0.717889750985265,0.0114264693022612,0,TRUE
33,33,1,"F1",1000,0.2,0.3,13301,"bayes",TRUE,0.928167969166983,0.928167969640126,-4.73142747203781e-10,0,FALSE
34,34,1,"F2",1000,0.2,0.3,13401,"bayes",TRUE,0.956126383002302,0.985141823922422,-0.0290154409201197,0.7375,FALSE
35,35,1,"F3",1000,0.2,0.3,13501,"bayes",TRUE,0.821786077794931,0.822712074805343,-0.000925997010411628,0.0833333333333333,FALSE
36,36,1,"F1",100,0.5,0.3,13601,"bayes",TRUE,0.822267999309822,0.832328867718202,-0.0100608684083801,0.5,FALSE
37,37,1,"F2",100,0.5,0.3,13701,"bayes",TRUE,1.02051920891336,1.00551239916225,0.0150068097511113,0.0882352941176471,TRUE
38,38,1,"F3",100,0.5,0.3,13801,"bayes",TRUE,0.743663862122195,0.858666750960031,-0.115002888837835,0.111111111111111,TRUE
39,39,1,"F1",300,0.5,0.3,13901,"bayes",TRUE,0.948004346984775,0.948068007974501,-6.36609897255447e-05,0.4875,FALSE
40,40,1,"F2",300,0.5,0.3,14001,"bayes",TRUE,0.811149213394714,0.772523897526513,0.0386253158682017,0.125,TRUE
41,41,1,"F3",300,0.5,0.3,14101,"bayes",TRUE,0.747533206140052,0.733867795285777,0.013665410854275,0.166666666666667,TRUE
42,42,1,"F1",1000,0.5,0.3,14201,"bayes",TRUE,0.812490422827614,0.812490422869051,-4.14366319034798e-11,0,FALSE
43,43,1,"F2",1000,0.5,0.3,14301,"bayes",TRUE,0.846603443281635,0.846941331209774,-0.000337887928139491,0.225,FALSE
44,44,1,"F3",1000,0.5,0.3,14401,"bayes",TRUE,0.5944826746704,0.593265113496212,0.00121756117418748,0.166666666666667,TRUE
54,54,1,"F1",100,0.2,0.5,15401,"bayes",TRUE,0.819545293053964,0.809623830986781,0.00992146206718236,0,TRUE
55,55,1,"F2",100,0.2,0.5,15501,"bayes",TRUE,1.05046298339796,1.05239594780146,-0.00193296440349267,0,TRUE
56,56,1,"F3",100,0.2,0.5,15601,"bayes",TRUE,0.537494776370289,0.711071328065214,-0.173576551694924,0,TRUE
57,57,1,"F1",300,0.2,0.5,15701,"bayes",TRUE,0.95501280745321,0.955346945958794,-0.00033413850558428,0,TRUE
58,58,1,"F2",300,0.2,0.5,15801,"bayes",TRUE,0.902346772299858,0.896742814543054,0.00560395775680411,0,TRUE
59,59,1,"F3",300,0.2,0.5,15901,"bayes",TRUE,0.752888430261538,0.743835016714063,0.00905341354747535,0,TRUE
60,60,1,"F1",1000,0.2,0.5,16001,"bayes",TRUE,0.926342870172999,0.933393100164899,-0.0070502299919003,0.25,TRUE
61,61,1,"F2",1000,0.2,0.5,16101,"bayes",TRUE,0.931353350328343,0.970170026251483,-0.0388166759231403,1,FALSE
62,62,1,"F3",1000,0.2,0.5,16201,"bayes",TRUE,0.718430517211516,0.727960850513496,-0.00953033330198072,0.116666666666667,TRUE
63,63,1,"F1",100,0.5,0.5,16301,"bayes",TRUE,0.739473660958557,0.747651544733628,-0.00817788377507134,0.475,FALSE
64,64,1,"F2",100,0.5,0.5,16401,"bayes",TRUE,1.03435113048278,0.955164869012021,0.0791862614707604,0.25,TRUE
65,65,1,"F3",100,0.5,0.5,16501,"bayes",TRUE,0.79880304303955,0.801119531581484,-0.00231648854193345,0,TRUE
66,66,1,"F1",300,0.5,0.5,16601,"bayes",TRUE,0.728438466658099,0.735681548951974,-0.00724308229387571,0.197368421052632,FALSE
67,67,1,"F2",300,0.5,0.5,16701,"bayes",TRUE,0.724052210305335,0.731623197985584,-0.00757098768024878,0.425,FALSE
68,68,1,"F3",300,0.5,0.5,16801,"bayes",TRUE,0.57120405076959,0.566465531861047,0.00473851890854293,0.0925925925925926,FALSE
69,69,1,"F1",1000,0.5,0.5,16901,"bayes",TRUE,0.879117857728437,0.879918823473812,-0.000800965745374471,0.1125,FALSE
70,70,1,"F2",1000,0.5,0.5,17001,"bayes",TRUE,0.829497122142252,0.8336870408527,-0.00418991871044783,0.25,FALSE
71,71,1,"F3",1000,0.5,0.5,17101,"bayes",TRUE,0.619819418577676,0.620590883344154,-0.000771464766478047,0.075,FALSE
81,0,2,"F1",100,0.2,0.1,10002,"bayes",TRUE,0.78742623482773,0.764370556805176,0.0230556780225537,0,TRUE
82,1,2,"F2",100,0.2,0.1,10102,"bayes",TRUE,0.604726394102765,0.642303299066614,-0.0375769049638486,0.5,FALSE
83,2,2,"F3",100,0.2,0.1,10202,"bayes",TRUE,0.776043175668579,0.667400570656395,0.108642605012184,0.166666666666667,TRUE
84,3,2,"F1",300,0.2,0.1,10302,"bayes",TRUE,1.06572444226017,1.06953264784723,-0.00380820558706318,0,TRUE
85,4,2,"F2",300,0.2,0.1,10402,"bayes",TRUE,0.889301861786575,1.00387958036894,-0.114577718582366,0.8,FALSE
86,5,2,"F3",300,0.2,0.1,10502,"bayes",TRUE,0.764366304416949,0.75008165641044,0.0142846480065089,0.0583333333333333,TRUE
87,6,2,"F1",1000,0.2,0.1,10602,"bayes",TRUE,0.911421377340175,0.911421378034529,-6.94353796681924e-10,0,FALSE
88,7,2,"F2",1000,0.2,0.1,10702,"bayes",TRUE,0.960864184071108,1.00014889781266,-0.0392847137415548,0.75,FALSE
89,8,2,"F3",1000,0.2,0.1,10802,"bayes",TRUE,0.764128429226113,0.77040771564719,-0.00627928642107678,0.166666666666667,FALSE
90,9,2,"F1",100,0.5,0.1,10902,"bayes",TRUE,0.794151136209889,0.786098402676465,0.00805273353342395,0.175,FALSE
91,10,2,"F2",100,0.5,0.1,11002,"bayes",TRUE,0.753311227824072,0.822067267130062,-0.0687560393059903,0.5,TRUE
92,11,2,"F3",100,0.5,0.1,11102,"bayes",TRUE,0.676527101941655,0.573685173661694,0.102841928279961,0.15,TRUE
93,12,2,"F1",300,0.5,0.1,11202,"bayes",TRUE,0.88856534204662,0.913546817595195,-0.024981475548574,0.25,FALSE
94,13,2,"F2",300,0.5,0.1,11302,"bayes",TRUE,0.826781611628316,0.870556955908759,-0.0437753442804426,0.475,FALSE
95,14,2,"F3",300,0.5,0.1,11402,"bayes",TRUE,0.614607664441632,0.535247039808377,0.0793606246332552,0.0166666666666667,TRUE
96,15,2,"F1",1000,0.5,0.1,11502,"bayes",TRUE,0.843294104188223,0.848182827030318,-0.00488872284209563,0.2375,FALSE
97,16,2,"F2",1000,0.5,0.1,11602,"bayes",TRUE,0.87965153645487,0.884077280215079,-0.00442574376020888,0.25,FALSE
98,17,2,"F3",1000,0.5,0.1,11702,"bayes",TRUE,0.690456550392101,0.707904042048413,-0.0174474916563119,0.166666666666667,FALSE
108,27,2,"F1",100,0.2,0.3,12702,"bayes",TRUE,0.880052088450573,0.907843604569263,-0.0277915161186894,0.25,TRUE
109,28,2,"F2",100,0.2,0.3,12802,"bayes",TRUE,0.978881085088573,1.01274715972797,-0.0338660746393936,0,TRUE
110,29,2,"F3",100,0.2,0.3,12902,"bayes",TRUE,0.596760866061251,0.569663983420319,0.0270968826409327,0,TRUE
111,30,2,"F1",300,0.2,0.3,13002,"bayes",TRUE,1.08445471066928,1.10125975080469,-0.016805040135417,0.4875,TRUE
112,31,2,"F2",300,0.2,0.3,13102,"bayes",TRUE,0.921165537533289,0.92135901808271,-0.000193480549421143,0,TRUE
113,32,2,"F3",300,0.2,0.3,13202,"bayes",TRUE,0.80160995983753,0.793721819992866,0.00788813984466419,0,TRUE
114,33,2,"F1",1000,0.2,0.3,13302,"bayes",TRUE,0.958917987591194,0.948983475247237,0.00993451234395759,0.3375,TRUE
115,34,2,"F2",1000,0.2,0.3,13402,"bayes",TRUE,0.916940375222989,0.924581877253065,-0.00764150203007641,0.4625,FALSE
116,35,2,"F3",1000,0.2,0.3,13502,"bayes",TRUE,0.699369350342841,0.699369350202792,1.4004908344134e-10,0,FALSE
117,36,2,"F1",100,0.5,0.3,13602,"bayes",TRUE,0.846398311916466,0.809434764853948,0.0369635470625183,0,TRUE
118,37,2,"F2",100,0.5,0.3,13702,"bayes",TRUE,0.63336270104253,0.659005259765474,-0.0256425587229437,0.25,TRUE
119,38,2,"F3",100,0.5,0.3,13802,"bayes",TRUE,0.804864334268938,0.631674374332235,0.173189959936703,0.0882352941176471,TRUE
120,39,2,"F1",300,0.5,0.3,13902,"bayes",TRUE,0.9545432763734,0.961116526405714,-0.00657325003231357,0.25,FALSE
121,40,2,"F2",300,0.5,0.3,14002,"bayes",TRUE,0.79702571153482,0.810947086537784,-0.0139213750029635,0.5,TRUE
122,41,2,"F3",300,0.5,0.3,14102,"bayes",TRUE,0.69047346161414,0.690473462561715,-9.47575240495269e-10,0,FALSE
123,42,2,"F1",1000,0.5,0.3,14202,"bayes",TRUE,0.840107808718837,0.840107807959574,7.59262874794331e-10,0,FALSE
124,43,2,"F2",1000,0.5,0.3,14302,"bayes",TRUE,0.925650070630467,0.936669689504147,-0.0110196188736795,0.25,FALSE
125,44,2,"F3",1000,0.5,0.3,14402,"bayes",TRUE,0.576637830857457,0.576169984652474,0.00046784620498308,0.316666666666667,FALSE
135,54,2,"F1",100,0.2,0.5,15402,"bayes",TRUE,0.896641356173327,0.89408133942274,0.00256001675058737,0.25,TRUE
136,55,2,"F2",100,0.2,0.5,15502,"bayes",TRUE,1.08657374758614,1.08492926821743,0.0016444793687107,0.2125,TRUE
137,56,2,"F3",100,0.2,0.5,15602,"bayes",TRUE,0.486983511680017,0.518345987787643,-0.031362476107626,0,TRUE
138,57,2,"F1",300,0.2,0.5,15702,"bayes",TRUE,0.928926873008848,0.955596744674508,-0.0266698716656593,0.453947368421053,FALSE
139,58,2,"F2",300,0.2,0.5,15802,"bayes",TRUE,0.881294657198073,0.929838805011087,-0.0485441478130147,0.75,TRUE
140,59,2,"F3",300,0.2,0.5,15902,"bayes",TRUE,0.715328016304599,0.780289691623242,-0.0649616753186434,0.166666666666667,TRUE
141,60,2,"F1",1000,0.2,0.5,16002,"bayes",TRUE,0.998779717038935,1.00815400815088,-0.00937429111194077,0.5,TRUE
142,61,2,"F2",1000,0.2,0.5,16102,"bayes",TRUE,1.0618780585637,1.09586379564373,-0.0339857370800347,0.5,FALSE
143,62,2,"F3",1000,0.2,0.5,16202,"bayes",TRUE,0.753232663888515,0.777329563484451,-0.024096899595936,0.157894736842105,TRUE
144,63,2,"F1",100,0.5,0.5,16302,"bayes",TRUE,0.913465725285763,0.859102890140464,0.0543628351452994,0.25,TRUE
145,64,2,"F2",100,0.5,0.5,16402,"bayes",TRUE,1.00199020823139,1.03777166355825,-0.035781455326851,0.5,TRUE
146,65,2,"F3",100,0.5,0.5,16502,"bayes",TRUE,0.635207763307846,0.597878210223511,0.0373295530843354,0,TRUE
147,66,2,"F1",300,0.5,0.5,16602,"bayes",TRUE,0.879479535931297,0.879479536680808,-7.49511785969048e-10,0,FALSE
148,67,2,"F2",300,0.5,0.5,16702,"bayes",TRUE,0.857382432584465,0.851166780764533,0.00621565181993211,0.25,TRUE
149,68,2,"F3",300,0.5,0.5,16802,"bayes",TRUE,0.63094136852479,0.653165050630777,-0.0222236821059871,0.0916666666666667,TRUE
150,69,2,"F1",1000,0.5,0.5,16902,"bayes",TRUE,0.847944650264008,0.843688955756439,0.00425569450756913,0.25,FALSE
151,70,2,"F2",1000,0.5,0.5,17002,"bayes",TRUE,0.940933104981941,0.94093310606003,-1.07808961757883e-09,0,FALSE
152,71,2,"F3",1000,0.5,0.5,17102,"bayes",TRUE,0.659488072467003,0.642749539886254,0.0167385325807485,0.0833333333333333,TRUE
162,0,3,"F1",100,0.2,0.1,10003,"bayes",TRUE,0.754801716973661,0.759370971457585,-0.00456925448392442,0,TRUE
163,1,3,"F2",100,0.2,0.1,10103,"bayes",TRUE,0.79171781177812,0.81667185728466,-0.0249540455065395,0.25,TRUE
164,2,3,"F3",100,0.2,0.1,10203,"bayes",TRUE,0.759065659049707,0.759077839312467,-1.21802627599532e-05,0.166666666666667,TRUE
165,3,3,"F1",300,0.2,0.1,10303,"bayes",TRUE,0.878971580270137,0.881217592397981,-0.00224601212784403,0.25,FALSE
166,4,3,"F2",300,0.2,0.1,10403,"bayes",TRUE,0.946927881832019,1.01290397203601,-0.065976090203995,0.910714285714286,FALSE
167,5,3,"F3",300,0.2,0.1,10503,"bayes",TRUE,0.702719387207588,0.704747784557742,-0.00202839735015425,0,TRUE
168,6,3,"F1",1000,0.2,0.1,10603,"bayes",TRUE,0.967506073515681,0.971540728661476,-0.00403465514579482,0.25,FALSE
169,7,3,"F2",1000,0.2,0.1,10703,"bayes",TRUE,0.903634650573629,0.941777483650614,-0.0381428330769855,0.75,FALSE
170,8,3,"F3",1000,0.2,0.1,10803,"bayes",TRUE,0.671205833491301,0.670579917621813,0.00062591586948757,0.166666666666667,TRUE
171,9,3,"F1",100,0.5,0.1,10903,"bayes",TRUE,0.844838252200191,0.845703343788237,-0.000865091588046374,0.75,FALSE
172,10,3,"F2",100,0.5,0.1,11003,"bayes",TRUE,0.842287546645058,0.84698876438959,-0.00470121774453203,0.25,TRUE
173,11,3,"F3",100,0.5,0.1,11103,"bayes",TRUE,0.816786031420139,0.816786031133506,2.86632606538717e-10,0,FALSE
174,12,3,"F1",300,0.5,0.1,11203,"bayes",TRUE,0.964874416145195,0.973469709349192,-0.0085952932039961,0.25,FALSE
175,13,3,"F2",300,0.5,0.1,11303,"bayes",TRUE,0.885495469819702,0.933079195298188,-0.0475837254784859,0.725,FALSE
176,14,3,"F3",300,0.5,0.1,11403,"bayes",TRUE,0.643519470393217,0.635454953459604,0.00806451693361299,0,TRUE
177,15,3,"F1",1000,0.5,0.1,11503,"bayes",TRUE,0.834854871175926,0.828235288280957,0.00661958289496944,0.1375,FALSE
178,16,3,"F2",1000,0.5,0.1,11603,"bayes",TRUE,0.825700781511983,0.87757130662094,-0.0518705251089577,0.5,FALSE
179,17,3,"F3",1000,0.5,0.1,11703,"bayes",TRUE,0.736053532466519,0.677542894823152,0.0585106376433666,0,TRUE
189,27,3,"F1",100,0.2,0.3,12703,"bayes",TRUE,0.982195372053936,0.977120863342114,0.0050745087118218,0.25,TRUE
190,28,3,"F2",100,0.2,0.3,12803,"bayes",TRUE,0.913328156771539,0.897724086110462,0.0156040706610772,0,TRUE
191,29,3,"F3",100,0.2,0.3,12903,"bayes",TRUE,0.902873917564858,0.97662944575587,-0.0737555281910128,0,TRUE
192,30,3,"F1",300,0.2,0.3,13003,"bayes",TRUE,0.934479520708944,0.934716698071761,-0.000237177362817032,0.225,TRUE
193,31,3,"F2",300,0.2,0.3,13103,"bayes",TRUE,0.882531263928403,0.946802375434185,-0.0642711115057822,0.75,TRUE
194,32,3,"F3",300,0.2,0.3,13203,"bayes",TRUE,0.651479789519729,0.74793794828088,-0.0964581587611516,0.166666666666667,TRUE
195,33,3,"F1",1000,0.2,0.3,13303,"bayes",TRUE,0.985280741253213,0.987219457011248,-0.0019387157580355,0.1625,FALSE
196,34,3,"F2",1000,0.2,0.3,13403,"bayes",TRUE,0.926545708860294,0.957060888925688,-0.0305151800653947,0.5,FALSE
197,35,3,"F3",1000,0.2,0.3,13503,"bayes",TRUE,0.709262218966766,0.724722504784903,-0.0154602858181366,0.175,TRUE
198,36,3,"F1",100,0.5,0.3,13603,"bayes",TRUE,0.884260874088706,0.865567317363748,0.0186935567249583,0.25,TRUE
199,37,3,"F2",100,0.5,0.3,13703,"bayes",TRUE,0.889680352944426,0.922473571129254,-0.0327932181848274,0.25,TRUE
200,38,3,"F3",100,0.5,0.3,13803,"bayes",TRUE,0.919693159792444,0.897007969062616,0.0226851907298278,0,TRUE
201,39,3,"F1",300,0.5,0.3,13903,"bayes",TRUE,0.834799466219356,0.840215981648178,-0.00541651542882227,0.275,FALSE
202,40,3,"F2",300,0.5,0.3,14003,"bayes",TRUE,0.856213750805554,0.953191159975626,-0.0969774091700722,0.8125,FALSE
203,41,3,"F3",300,0.5,0.3,14103,"bayes",TRUE,0.515691777064116,0.536512866572727,-0.0208210895086108,0.233333333333333,FALSE
204,42,3,"F1",1000,0.5,0.3,14203,"bayes",TRUE,0.893136206467293,0.900120583377739,-0.0069843769104454,0.25,FALSE
205,43,3,"F2",1000,0.5,0.3,14303,"bayes",TRUE,0.818431452527075,0.880906408101291,-0.0624749555742156,0.5,FALSE
206,44,3,"F3",1000,0.5,0.3,14403,"bayes",TRUE,0.640984165649572,0.637728598802149,0.00325556684742301,0.166666666666667,FALSE
216,54,3,"F1",100,0.2,0.5,15403,"bayes",TRUE,1.08188623436076,1.05963633798844,0.0222498963723186,0,TRUE
217,55,3,"F2",100,0.2,0.5,15503,"bayes",TRUE,0.713369016024102,0.728546121373555,-0.0151771053494532,0,TRUE
218,56,3,"F3",100,0.2,0.5,15603,"bayes",TRUE,0.856337936726516,0.945529432842951,-0.0891914961164351,0.166666666666667,TRUE
219,57,3,"F1",300,0.2,0.5,15703,"bayes",TRUE,0.7445201676597,0.742526554576879,0.00199361308282053,0,TRUE
220,58,3,"F2",300,0.2,0.5,15803,"bayes",TRUE,0.745240658127392,0.771394776801002,-0.0261541186736094,0.5,TRUE
221,59,3,"F3",300,0.2,0.5,15903,"bayes",TRUE,0.738575695905271,0.69988521890969,0.0386904769955807,0,TRUE
222,60,3,"F1",1000,0.2,0.5,16003,"bayes",TRUE,0.947095839199066,0.957381563024705,-0.0102857238256391,0.25,FALSE
223,61,3,"F2",1000,0.2,0.5,16103,"bayes",TRUE,1.03151398654756,1.05736875282395,-0.0258547662763977,0.5,FALSE
224,62,3,"F3",1000,0.2,0.5,16203,"bayes",TRUE,0.850352559382087,0.853730937823728,-0.00337837844164113,0,TRUE
225,63,3,"F1",100,0.5,0.5,16303,"bayes",TRUE,0.984156204375059,0.991072436483933,-0.00691623210887371,0,TRUE
226,64,3,"F2",100,0.5,0.5,16403,"bayes",TRUE,0.980794285030504,1.0368214706958,-0.0560271856652924,0.5625,FALSE
227,65,3,"F3",100,0.5,0.5,16503,"bayes",TRUE,0.87048914797665,0.853491445020256,0.0169977029563936,0,TRUE
228,66,3,"F1",300,0.5,0.5,16603,"bayes",TRUE,0.885445438762334,0.897391155916956,-0.0119457171546217,0.675,FALSE
229,67,3,"F2",300,0.5,0.5,16703,"bayes",TRUE,0.799915862092837,0.857601390647321,-0.057685528554484,0.63421052631579,FALSE
230,68,3,"F3",300,0.5,0.5,16803,"bayes",TRUE,0.749236447759557,0.766320991711833,-0.0170845439522764,0.00833333333333333,TRUE
231,69,3,"F1",1000,0.5,0.5,16903,"bayes",TRUE,0.903260005491057,0.901967888467659,0.0012921170233986,0,FALSE
232,70,3,"F2",1000,0.5,0.5,17003,"bayes",TRUE,0.861404145921018,0.863609159412084,-0.00220501349106605,0.1,TRUE
233,71,3,"F3",1000,0.5,0.5,17103,"bayes",TRUE,0.70533843182069,0.708115250154506,-0.00277681833381593,0.333333333333333,FALSE
243,0,4,"F1",100,0.2,0.1,10004,"bayes",TRUE,0.847238156390596,0.902767703320753,-0.0555295469301568,0.25,TRUE
244,1,4,"F2",100,0.2,0.1,10104,"bayes",TRUE,0.815254655086957,0.870349795670709,-0.055095140583752,0.75,TRUE
245,2,4,"F3",100,0.2,0.1,10204,"bayes",TRUE,0.716299328608544,0.68480687289137,0.0314924557171733,0.333333333333333,TRUE
246,3,4,"F1",300,0.2,0.1,10304,"bayes",TRUE,0.898023698987362,0.929246844116367,-0.031223145129005,0.410714285714286,FALSE
247,4,4,"F2",300,0.2,0.1,10404,"bayes",TRUE,1.20406638506943,1.24354960377716,-0.0394832187077379,0.25,TRUE
248,5,4,"F3",300,0.2,0.1,10504,"bayes",TRUE,0.696091267352964,0.705723720523273,-0.00963245317030892,0.166666666666667,TRUE
249,6,4,"F1",1000,0.2,0.1,10604,"bayes",TRUE,0.987522351277231,0.992571479971182,-0.00504912869395102,0.25,FALSE
250,7,4,"F2",1000,0.2,0.1,10704,"bayes",TRUE,0.992612414405342,1.04183818047392,-0.049225766068574,0.75,FALSE
251,8,4,"F3",1000,0.2,0.1,10804,"bayes",TRUE,0.755545764056393,0.736677839300136,0.0188679247562571,0,TRUE
252,9,4,"F1",100,0.5,0.1,10904,"bayes",TRUE,0.863471264719976,0.837238330684266,0.0262329340357093,0.7375,FALSE
253,10,4,"F2",100,0.5,0.1,11004,"bayes",TRUE,0.777452889739401,0.855637256440146,-0.0781843667007455,0.75,TRUE
254,11,4,"F3",100,0.5,0.1,11104,"bayes",TRUE,0.623208607977594,0.563780121549326,0.0594284864282684,0.333333333333333,TRUE
255,12,4,"F1",300,0.5,0.1,11204,"bayes",TRUE,0.874671628656722,0.876104890158616,-0.0014332615018946,0.3,FALSE
256,13,4,"F2",300,0.5,0.1,11304,"bayes",TRUE,0.964464962932684,1.01064100282534,-0.0461760398926542,0.75,TRUE
257,14,4,"F3",300,0.5,0.1,11404,"bayes",TRUE,0.652419002892507,0.62016093898004,0.0322580639124669,0,TRUE
258,15,4,"F1",1000,0.5,0.1,11504,"bayes",TRUE,0.813027227456018,0.813027227231962,2.24056773134862e-10,0,FALSE
259,16,4,"F2",1000,0.5,0.1,11604,"bayes",TRUE,0.83963269490042,0.866202697176928,-0.0265700022765083,0.25,FALSE
260,17,4,"F3",1000,0.5,0.1,11704,"bayes",TRUE,0.701910754516459,0.695153997756219,0.00675675676024001,0.0277777777777778,FALSE
270,27,4,"F1",100,0.2,0.3,12704,"bayes",TRUE,1.04006962812859,1.09614163597719,-0.0560720078486003,0.3125,FALSE
271,28,4,"F2",100,0.2,0.3,12804,"bayes",TRUE,0.942849270104349,0.931405696093127,0.0114435740112218,0.234375,TRUE
272,29,4,"F3",100,0.2,0.3,12904,"bayes",TRUE,0.721839734746465,0.79510004359313,-0.0732603088466647,0,TRUE
273,30,4,"F1",300,0.2,0.3,13004,"bayes",TRUE,0.860259645281062,0.858062327539131,0.00219731774193155,0,TRUE
274,31,4,"F2",300,0.2,0.3,13104,"bayes",TRUE,0.884802292701213,0.921794944532122,-0.0369926518309095,0.9375,FALSE
275,32,4,"F3",300,0.2,0.3,13204,"bayes",TRUE,0.684023791917782,0.682057506861143,0.00196628505663854,0,TRUE
276,33,4,"F1",1000,0.2,0.3,13304,"bayes",TRUE,0.999262450136354,0.997488203118706,0.00177424701764783,0,TRUE
277,34,4,"F2",1000,0.2,0.3,13404,"bayes",TRUE,0.96271942257466,0.980041054124277,-0.0173216315496165,0.25,FALSE
278,35,4,"F3",1000,0.2,0.3,13504,"bayes",TRUE,0.676075348868636,0.669198242030664,0.00687710683797227,0.166666666666667,TRUE
279,36,4,"F1",100,0.5,0.3,13604,"bayes",TRUE,1.06002190983955,1.02558416322788,0.034437746611665,0,TRUE
280,37,4,"F2",100,0.5,0.3,13704,"bayes",TRUE,0.688473570220701,0.9042971063146,-0.2158235360939,0.25,TRUE
281,38,4,"F3",100,0.5,0.3,13804,"bayes",TRUE,0.821627805592919,0.703572250627141,0.118055554965778,0,TRUE
282,39,4,"F1",300,0.5,0.3,13904,"bayes",TRUE,0.920869365865215,0.912413457368353,0.00845590849686129,0.586111111111111,FALSE
283,40,4,"F2",300,0.5,0.3,14004,"bayes",TRUE,0.912708980156631,0.943365527702892,-0.0306565475462617,0.4375,FALSE
284,41,4,"F3",300,0.5,0.3,14104,"bayes",TRUE,0.673337419997531,0.673337420571452,-5.73920910795778e-10,0,FALSE
285,42,4,"F1",1000,0.5,0.3,14204,"bayes",TRUE,0.8403950046303,0.843810063546392,-0.00341505891609162,0.125,FALSE
286,43,4,"F2",1000,0.5,0.3,14304,"bayes",TRUE,0.950627300888389,0.962052209206424,-0.0114249083180358,0.692307692307692,FALSE
287,44,4,"F3",1000,0.5,0.3,14404,"bayes",TRUE,0.637989187362441,0.637989187081868,2.8057334233722e-10,0,FALSE
297,54,4,"F1",100,0.2,0.5,15404,"bayes",TRUE,0.805079958021642,0.820633253538568,-0.0155532955169259,0.25,TRUE
298,55,4,"F2",100,0.2,0.5,15504,"bayes",TRUE,0.888893379340606,0.892791187443613,-0.00389780810300711,0.15,TRUE
299,56,4,"F3",100,0.2,0.5,15604,"bayes",TRUE,0.726597679661675,0.726597678468675,1.19300025414049e-09,0,TRUE
300,57,4,"F1",300,0.2,0.5,15704,"bayes",TRUE,0.848819145651708,0.844519098247655,0.00430004740405276,0,TRUE
301,58,4,"F2",300,0.2,0.5,15804,"bayes",TRUE,1.1035099165655,1.13829608049697,-0.0347861639314637,0.5,TRUE
302,59,4,"F3",300,0.2,0.5,15904,"bayes",TRUE,0.785064317156548,0.8512536762217,-0.0661893590651516,0.166666666666667,TRUE
303,60,4,"F1",1000,0.2,0.5,16004,"bayes",TRUE,0.966424963748772,0.962844597499556,0.00358036624921554,0,TRUE
304,61,4,"F2",1000,0.2,0.5,16104,"bayes",TRUE,1.01948209628779,1.03836181514053,-0.0188797188527392,0.5,FALSE
305,62,4,"F3",1000,0.2,0.5,16204,"bayes",TRUE,0.782976118965522,0.782792478031732,0.000183640933790419,0.025,FALSE
306,63,4,"F1",100,0.5,0.5,16304,"bayes",TRUE,0.962275535892503,0.953974116830778,0.00830141906172499,0.25,FALSE
307,64,4,"F2",100,0.5,0.5,16404,"bayes",TRUE,0.849719865767532,0.836188079318592,0.0135317864489402,0.25,FALSE
308,65,4,"F3",100,0.5,0.5,16504,"bayes",TRUE,0.859375036089261,0.94170344805256,-0.0823284119632994,0,TRUE
309,66,4,"F1",300,0.5,0.5,16604,"bayes",TRUE,0.769634863436652,0.72741619932401,0.0422186641126425,0,TRUE
310,67,4,"F2",300,0.5,0.5,16704,"bayes",TRUE,0.931180454053173,0.919197266096906,0.0119831879562668,0.421052631578947,FALSE
311,68,4,"F3",300,0.5,0.5,16804,"bayes",TRUE,0.663673586735159,0.678379467833063,-0.0147058810979039,0,TRUE
312,69,4,"F1",1000,0.5,0.5,16904,"bayes",TRUE,0.90638081225156,0.89839295979903,0.00798785245252986,0,FALSE
313,70,4,"F2",1000,0.5,0.5,17004,"bayes",TRUE,0.848082229784839,0.840709582274601,0.00737264751023725,0.225,FALSE
314,71,4,"F3",1000,0.5,0.5,17104,"bayes",TRUE,0.602771271508741,0.60642879475787,-0.00365752324912927,0.131578947368421,FALSE
324,0,5,"F1",100,0.2,0.1,10005,"bayes",TRUE,0.774905833681282,0.808348425601726,-0.0334425919204432,0.25,TRUE
325,1,5,"F2",100,0.2,0.1,10105,"bayes",TRUE,0.972732461870969,0.968716145808865,0.00401631606210306,0,TRUE
326,2,5,"F3",100,0.2,0.1,10205,"bayes",TRUE,0.740240026847157,0.746627715396295,-0.00638768854913796,0,TRUE
327,3,5,"F1",300,0.2,0.1,10305,"bayes",TRUE,0.947467851463071,0.946879674784078,0.000588176678993468,0.5,FALSE
328,4,5,"F2",300,0.2,0.1,10405,"bayes",TRUE,0.899964959950943,0.960284653003066,-0.0603196930521228,0.75,TRUE
329,5,5,"F3",300,0.2,0.1,10505,"bayes",TRUE,0.749675169034434,0.713822803757707,0.0358523652767265,0.166666666666667,TRUE
330,6,5,"F1",1000,0.2,0.1,10605,"bayes",TRUE,0.90125407576297,0.901254076480753,-7.17783499304403e-10,0,FALSE
331,7,5,"F2",1000,0.2,0.1,10705,"bayes",TRUE,0.87860994556146,0.935229471672542,-0.0566195261110823,0.5,FALSE
332,8,5,"F3",1000,0.2,0.1,10805,"bayes",TRUE,0.691530183538867,0.691530183430818,1.08048903157965e-10,0,FALSE
333,9,5,"F1",100,0.5,0.1,10905,"bayes",TRUE,0.892339642438414,0.92534958690835,-0.0330099444699354,0.25,FALSE
334,10,5,"F2",100,0.5,0.1,11005,"bayes",TRUE,1.00085436238524,1.10357822683881,-0.102723864453568,0.532692307692308,TRUE
335,11,5,"F3",100,0.5,0.1,11105,"bayes",TRUE,0.743292249831373,0.763628827313093,-0.0203365774817199,0.166666666666667,TRUE
336,12,5,"F1",300,0.5,0.1,11205,"bayes",TRUE,0.834823910928049,0.848001007342305,-0.0131770964142561,0.277777777777778,FALSE
337,13,5,"F2",300,0.5,0.1,11305,"bayes",TRUE,0.772009100007507,0.835256974940215,-0.0632478749327088,0.5,FALSE
338,14,5,"F3",300,0.5,0.1,11405,"bayes",TRUE,0.653321144864862,0.653321145595016,-7.30153493222474e-10,0,FALSE
339,15,5,"F1",1000,0.5,0.1,11505,"bayes",TRUE,0.876384858534177,0.876384858974832,-4.406554010572e-10,0,FALSE
340,16,5,"F2",1000,0.5,0.1,11605,"bayes",TRUE,0.929164703621934,0.939239850584214,-0.0100751469622797,0.4,FALSE
341,17,5,"F3",1000,0.5,0.1,11705,"bayes",TRUE,0.647001155922927,0.644935039828845,0.00206611609408203,0.114035087719298,FALSE
351,27,5,"F1",100,0.2,0.3,12705,"bayes",TRUE,1.13348433650308,1.11547744433574,0.0180068921673358,0,TRUE
352,28,5,"F2",100,0.2,0.3,12805,"bayes",TRUE,0.802372338119496,0.845795072646337,-0.0434227345268402,0.25,TRUE
353,29,5,"F3",100,0.2,0.3,12905,"bayes",TRUE,0.839654017551808,0.827992965040334,0.0116610525114743,0,TRUE
354,30,5,"F1",300,0.2,0.3,13005,"bayes",TRUE,0.986036680762463,0.9744920629753,0.011544617787163,0,TRUE
355,31,5,"F2",300,0.2,0.3,13105,"bayes",TRUE,0.931068821459172,0.965637529470351,-0.034568708011179,0.4875,TRUE
356,32,5,"F3",300,0.2,0.3,13205,"bayes",TRUE,0.80353084836703,0.760005412899061,0.0435254354679689,0,TRUE
357,33,5,"F1",1000,0.2,0.3,13305,"bayes",TRUE,0.97592689860823,0.976738587018669,-0.000811688410438882,0.125,FALSE
358,34,5,"F2",1000,0.2,0.3,13405,"bayes",TRUE,0.978703571413243,1.02216781795123,-0.043464246537982,0.6875,TRUE
359,35,5,"F3",1000,0.2,0.3,13505,"bayes",TRUE,0.724236183418977,0.752533921457881,-0.0282977380389038,0,TRUE
360,36,5,"F1",100,0.5,0.3,13605,"bayes",TRUE,0.89718378031765,0.957286341596643,-0.0601025612789923,0.25,TRUE
361,37,5,"F2",100,0.5,0.3,13705,"bayes",TRUE,0.964714814084593,1.05477448651671,-0.0900596724321167,0.5,FALSE
362,38,5,"F3",100,0.5,0.3,13805,"bayes",TRUE,0.675906713109149,0.666377083424802,0.00952962968434701,0,TRUE
363,39,5,"F1",300,0.5,0.3,13905,"bayes",TRUE,0.866931083818971,0.889036692975509,-0.0221056091565378,0.5,FALSE
364,40,5,"F2",300,0.5,0.3,14005,"bayes",TRUE,0.642708273877353,0.672074421309699,-0.029366147432346,0.4375,FALSE
365,41,5,"F3",300,0.5,0.3,14105,"bayes",TRUE,0.635351992786244,0.635351992977323,-1.91079152500606e-10,0,FALSE
366,42,5,"F1",1000,0.5,0.3,14205,"bayes",TRUE,0.794511743692025,0.794511743419409,2.72615929830522e-10,0,FALSE
367,43,5,"F2",1000,0.5,0.3,14305,"bayes",TRUE,0.835729128007693,0.873021315078038,-0.0372921870703453,0.5,FALSE
368,44,5,"F3",1000,0.5,0.3,14405,"bayes",TRUE,0.658623241220785,0.666039916795415,-0.00741667557463033,0.0916666666666667,FALSE
378,54,5,"F1",100,0.2,0.5,15405,"bayes",TRUE,0.987176045521984,0.969076194023662,0.0180998514983215,0,TRUE
379,55,5,"F2",100,0.2,0.5,15505,"bayes",TRUE,0.797127591406375,0.830187204635425,-0.0330596132290498,0.5,TRUE
380,56,5,"F3",100,0.2,0.5,15605,"bayes",TRUE,0.675318687447428,0.820749485577827,-0.145430798130398,0.147058823529412,TRUE
381,57,5,"F1",300,0.2,0.5,15705,"bayes",TRUE,1.0073881846962,0.992007516674684,0.0153806680215108,0,TRUE
382,58,5,"F2",300,0.2,0.5,15805,"bayes",TRUE,1.2522522249087,1.21003347088477,0.0422187540239294,0,TRUE
383,59,5,"F3",300,0.2,0.5,15905,"bayes",TRUE,0.797613357820495,0.772592018651285,0.0250213391692105,0,TRUE
384,60,5,"F1",1000,0.2,0.5,16005,"bayes",TRUE,0.993335883218901,0.985389882260376,0.00794600095852538,0,TRUE
385,61,5,"F2",1000,0.2,0.5,16105,"bayes",TRUE,0.887023748664943,0.907252607100971,-0.0202288584360281,0.2375,TRUE
386,62,5,"F3",1000,0.2,0.5,16205,"bayes",TRUE,0.735013680681772,0.728626828083176,0.00638685259859584,0.333333333333333,FALSE
387,63,5,"F1",100,0.5,0.5,16305,"bayes",TRUE,0.962394109929131,0.975200569345757,-0.0128064594166254,0.367361111111111,FALSE
388,64,5,"F2",100,0.5,0.5,16405,"bayes",TRUE,1.14132783215784,1.08516601134448,0.0561618208133536,0,TRUE
389,65,5,"F3",100,0.5,0.5,16505,"bayes",TRUE,0.487079753175972,0.482540720763608,0.00453903241236442,0.266666666666667,TRUE
390,66,5,"F1",300,0.5,0.5,16605,"bayes",TRUE,0.819484675518406,0.818925118507816,0.000559557010590517,0.25,FALSE
391,67,5,"F2",300,0.5,0.5,16705,"bayes",TRUE,0.876707779838179,0.896420450346511,-0.0197126705083316,0.25,TRUE
392,68,5,"F3",300,0.5,0.5,16805,"bayes",TRUE,0.824518061792451,0.851683600305797,-0.0271655385133459,0.166666666666667,TRUE
393,69,5,"F1",1000,0.5,0.5,16905,"bayes",TRUE,0.788566863390045,0.779585202088568,0.00898166130147704,0,FALSE
394,70,5,"F2",1000,0.5,0.5,17005,"bayes",TRUE,0.840304341858983,0.862183910894722,-0.021879569035739,0.3375,FALSE
395,71,5,"F3",1000,0.5,0.5,17105,"bayes",TRUE,0.723880363203893,0.730637121198412,-0.00675675799451914,0,FALSE
405,0,6,"F1",100,0.2,0.1,10006,"bayes",TRUE,0.929043596680649,0.949598099309137,-0.0205545026284879,0.25,TRUE
406,1,6,"F2",100,0.2,0.1,10106,"bayes",TRUE,0.699055332211545,0.735085940852641,-0.0360306086410959,0.5,TRUE
407,2,6,"F3",100,0.2,0.1,10206,"bayes",TRUE,0.699425731208834,0.770233878900101,-0.0708081476912674,0.325,TRUE
408,3,6,"F1",300,0.2,0.1,10306,"bayes",TRUE,0.953797022352475,0.970050498520716,-0.0162534761682405,0.772368421052632,FALSE
409,4,6,"F2",300,0.2,0.1,10406,"bayes",TRUE,0.884630569334261,0.983382774648492,-0.0987522053142305,0.75,TRUE
410,5,6,"F3",300,0.2,0.1,10506,"bayes",TRUE,0.841265926882253,0.842328326607367,-0.00106239972511446,0.166666666666667,TRUE
411,6,6,"F1",1000,0.2,0.1,10606,"bayes",TRUE,0.964721207231622,0.964428258954117,0.000292948277504923,0.125,FALSE
412,7,6,"F2",1000,0.2,0.1,10706,"bayes",TRUE,0.90803640033216,0.947176788940219,-0.0391403886080597,0.5,FALSE
413,8,6,"F3",1000,0.2,0.1,10806,"bayes",TRUE,0.734793925244174,0.734793925295495,-5.13212805586249e-11,0,FALSE
414,9,6,"F1",100,0.5,0.1,10906,"bayes",TRUE,1.01750769158005,1.03230780705973,-0.0148001154796826,0,TRUE
415,10,6,"F2",100,0.5,0.1,11006,"bayes",TRUE,1.14569356373002,1.2081767572855,-0.0624831935554773,0.4375,TRUE
416,11,6,"F3",100,0.5,0.1,11106,"bayes",TRUE,0.678842021472676,0.678842021433066,3.96105370725763e-11,0,FALSE
417,12,6,"F1",300,0.5,0.1,11206,"bayes",TRUE,0.742216605806216,0.747268141043814,-0.00505153523759749,0.075,FALSE
418,13,6,"F2",300,0.5,0.1,11306,"bayes",TRUE,0.875014855612455,0.982274635139208,-0.107259779526753,0.75,FALSE
419,14,6,"F3",300,0.5,0.1,11406,"bayes",TRUE,0.648095789871073,0.659793123370185,-0.011697333499112,0.0916666666666667,FALSE
420,15,6,"F1",1000,0.5,0.1,11506,"bayes",TRUE,0.895051982829939,0.903121536006789,-0.0080695531768501,0.486842105263158,FALSE
421,16,6,"F2",1000,0.5,0.1,11606,"bayes",TRUE,0.994614466575013,1.03470081524362,-0.0400863486686072,0.5,FALSE
422,17,6,"F3",1000,0.5,0.1,11706,"bayes",TRUE,0.642339392610281,0.606922726154698,0.0354166664555829,0,TRUE
432,27,6,"F1",100,0.2,0.3,12706,"bayes",TRUE,1.02657016006791,1.00945793104153,0.0171122290263828,0,TRUE
433,28,6,"F2",100,0.2,0.3,12806,"bayes",TRUE,1.00383902754801,1.0174020240648,-0.0135629965167954,0,TRUE
434,29,6,"F3",100,0.2,0.3,12906,"bayes",TRUE,0.557003215460024,0.5664310407868,-0.00942782532677655,0,TRUE
435,30,6,"F1",300,0.2,0.3,13006,"bayes",TRUE,0.966746890163624,0.981055111039105,-0.0143082208754808,0.5,FALSE
436,31,6,"F2",300,0.2,0.3,13106,"bayes",TRUE,0.89106530789103,0.948099036140959,-0.057033728249929,0.725,TRUE
437,32,6,"F3",300,0.2,0.3,13206,"bayes",TRUE,0.654128608447715,0.585427290575907,0.0687013178718077,0.333333333333333,FALSE
438,33,6,"F1",1000,0.2,0.3,13306,"bayes",TRUE,0.933121543649976,0.928473755032352,0.00464778861762405,0.3625,FALSE
439,34,6,"F2",1000,0.2,0.3,13406,"bayes",TRUE,0.85771695166988,0.894960578794618,-0.0372436271247387,0.4375,FALSE
440,35,6,"F3",1000,0.2,0.3,13506,"bayes",TRUE,0.771277127171513,0.782771380037596,-0.0114942528660827,0,TRUE
441,36,6,"F1",100,0.5,0.3,13606,"bayes",TRUE,0.819621569314036,0.904285245846907,-0.0846636765328715,0.484375,TRUE
442,37,6,"F2",100,0.5,0.3,13706,"bayes",TRUE,0.719649110045724,0.683077036870534,0.0365720731751905,1,FALSE
443,38,6,"F3",100,0.5,0.3,13806,"bayes",TRUE,0.744088274442692,0.74194251259115,0.00214576185154292,0,TRUE
444,39,6,"F1",300,0.5,0.3,13906,"bayes",TRUE,0.991675826860594,0.985271544240608,0.00640428261998571,0.5,TRUE
445,40,6,"F2",300,0.5,0.3,14006,"bayes",TRUE,0.856422155235353,0.874072859167755,-0.0176507039324013,0.25,FALSE
446,41,6,"F3",300,0.5,0.3,14106,"bayes",TRUE,0.736566406310036,0.736566406835945,-5.25909094051258e-10,0,FALSE
447,42,6,"F1",1000,0.5,0.3,14206,"bayes",TRUE,0.88000192383827,0.880001924636253,-7.9798267993425e-10,0,FALSE
448,43,6,"F2",1000,0.5,0.3,14306,"bayes",TRUE,0.897782113813572,0.92599254081994,-0.028210427006368,0.471052631578947,FALSE
449,44,6,"F3",1000,0.5,0.3,14406,"bayes",TRUE,0.694141542257451,0.704943256684592,-0.0108017144271405,0.0175438596491228,FALSE
459,54,6,"F1",100,0.2,0.5,15406,"bayes",TRUE,0.951736167046548,0.938461927472205,0.0132742395743435,0.486842105263158,FALSE
460,55,6,"F2",100,0.2,0.5,15506,"bayes",TRUE,0.87034916236353,0.846003442182558,0.024345720180972,0,TRUE
461,56,6,"F3",100,0.2,0.5,15606,"bayes",TRUE,0.852718944150429,0.879325489460659,-0.0266065453102305,0,TRUE
462,57,6,"F1",300,0.2,0.5,15706,"bayes",TRUE,1.0246547079506,1.04770296727993,-0.0230482593293291,0.4125,FALSE
463,58,6,"F2",300,0.2,0.5,15806,"bayes",TRUE,0.921676464869953,0.912436842957863,0.00923962191208982,0,TRUE
464,59,6,"F3",300,0.2,0.5,15906,"bayes",TRUE,0.752663513281809,0.710716087501365,0.0419474257804437,0,TRUE
465,60,6,"F1",1000,0.2,0.5,16006,"bayes",TRUE,0.879399964811651,0.879399964907628,-9.59770041220054e-11,0,FALSE
466,61,6,"F2",1000,0.2,0.5,16106,"bayes",TRUE,0.991213579557902,0.987363400460849,0.0038501790970531,0,TRUE
467,62,6,"F3",1000,0.2,0.5,16206,"bayes",TRUE,0.697907328342748,0.697907328102808,2.39940178836662e-10,0,FALSE
468,63,6,"F1",100,0.5,0.5,16306,"bayes",TRUE,0.787906386567152,0.863025175170031,-0.075118788602879,0.71875,TRUE
469,64,6,"F2",100,0.5,0.5,16406,"bayes",TRUE,0.841426555844716,0.874347127265631,-0.0329205714209149,0.0978260869565217,TRUE
470,65,6,"F3",100,0.5,0.5,16506,"bayes",TRUE,0.75077415641823,0.682566439827575,0.068207716590655,0,TRUE
471,66,6,"F1",300,0.5,0.5,16606,"bayes",TRUE,0.921382626600676,0.915400727643248,0.00598189895742729,0.25,FALSE
472,67,6,"F2",300,0.5,0.5,16706,"bayes",TRUE,0.918666026417791,0.935983075517839,-0.0173170491000482,0.5,TRUE
473,68,6,"F3",300,0.5,0.5,16806,"bayes",TRUE,0.696947435080943,0.645796540191697,0.0511508948892461,0,TRUE
474,69,6,"F1",1000,0.5,0.5,16906,"bayes",TRUE,0.854168979265676,0.85416897915221,1.13465792317413e-10,0,FALSE
475,70,6,"F2",1000,0.5,0.5,17006,"bayes",TRUE,0.755582490716938,0.764371150972428,-0.00878866025548986,0.5,FALSE
476,71,6,"F3",1000,0.5,0.5,17106,"bayes",TRUE,0.563923538500868,0.548625096924718,0.0152984415761499,0.0666666666666667,TRUE
486,0,7,"F1",100,0.2,0.1,10007,"bayes",TRUE,1.04369854160342,1.01040769879269,0.0332908428107328,0.25,TRUE
487,1,7,"F2",100,0.2,0.1,10107,"bayes",TRUE,0.766628159160095,0.790740153519136,-0.024111994359041,0.5,TRUE
488,2,7,"F3",100,0.2,0.1,10207,"bayes",TRUE,0.775974409373329,0.907336971889615,-0.131362562516286,0.166666666666667,TRUE
489,3,7,"F1",300,0.2,0.1,10307,"bayes",TRUE,0.988600924953582,1.00370003718424,-0.0150991122306571,0.5,FALSE
490,4,7,"F2",300,0.2,0.1,10407,"bayes",TRUE,0.86723359645863,0.913170947976274,-0.0459373515176433,0.75,FALSE
491,5,7,"F3",300,0.2,0.1,10507,"bayes",TRUE,0.84423770637338,0.762583134132672,0.0816545722407075,0,TRUE
492,6,7,"F1",1000,0.2,0.1,10607,"bayes",TRUE,0.978370780492639,0.981834229257057,-0.00346344876441829,0.25,FALSE
493,7,7,"F2",1000,0.2,0.1,10707,"bayes",TRUE,0.873801699049599,0.908802876170806,-0.0350011771212069,0.5,FALSE
494,8,7,"F3",1000,0.2,0.1,10807,"bayes",TRUE,0.695636323529583,0.701944607048897,-0.00630828351931423,0.175,TRUE
495,9,7,"F1",100,0.5,0.1,10907,"bayes",TRUE,0.863883168597569,0.81004937425048,0.0538337943470892,0.45,TRUE
496,10,7,"F2",100,0.5,0.1,11007,"bayes",TRUE,1.1094723424063,1.15118293109032,-0.0417105886840248,0.25,TRUE
497,11,7,"F3",100,0.5,0.1,11107,"bayes",TRUE,1.06811548409037,1.09641805512129,-0.0283025710309148,0.166666666666667,TRUE
498,12,7,"F1",300,0.5,0.1,11207,"bayes",TRUE,0.817542364941792,0.825788776062005,-0.00824641112021351,0.25,FALSE
499,13,7,"F2",300,0.5,0.1,11307,"bayes",TRUE,0.78949117868199,0.885817288696155,-0.0963261100141655,0.5,FALSE
500,14,7,"F3",300,0.5,0.1,11407,"bayes",TRUE,0.726665903683716,0.748012527241397,-0.0213466235576816,0.258333333333333,FALSE
501,15,7,"F1",1000,0.5,0.1,11507,"bayes",TRUE,0.839076765366672,0.842659677578427,-0.00358291221175522,0.25,FALSE
502,16,7,"F2",1000,0.5,0.1,11607,"bayes",TRUE,0.813383627641138,0.845841054447244,-0.0324574268061055,0.4875,FALSE
503,17,7,"F3",1000,0.5,0.1,11707,"bayes",TRUE,0.60467579022931,0.6131572967536,-0.00848150652429047,0.166666666666667,TRUE
513,27,7,"F1",100,0.2,0.3,12707,"bayes",TRUE,0.992571127060329,1.00556388639074,-0.0129927593304103,0,TRUE
514,28,7,"F2",100,0.2,0.3,12807,"bayes",TRUE,0.995244866040016,1.0522618518104,-0.0570169857703862,0.4625,TRUE
515,29,7,"F3",100,0.2,0.3,12907,"bayes",TRUE,0.74448128532297,0.787689864967117,-0.043208579644147,0,TRUE
516,30,7,"F1",300,0.2,0.3,13007,"bayes",TRUE,0.943795841830692,0.964625893593884,-0.0208300517631925,0.583333333333333,FALSE
517,31,7,"F2",300,0.2,0.3,13107,"bayes",TRUE,0.888194042144763,0.925595542784998,-0.0374015006402352,0.75,TRUE
518,32,7,"F3",300,0.2,0.3,13207,"bayes",TRUE,0.753511371737127,0.750932108326668,0.00257926341045933,0,TRUE
519,33,7,"F1",1000,0.2,0.3,13307,"bayes",TRUE,0.97986057270667,0.977751509293301,0.00210906341336914,0.3125,FALSE
520,34,7,"F2",1000,0.2,0.3,13407,"bayes",TRUE,0.988768199874533,1.02763613326086,-0.0388679333863258,0.5,FALSE
521,35,7,"F3",1000,0.2,0.3,13507,"bayes",TRUE,0.734101048964715,0.728545493249336,0.00555555571537925,0,FALSE
522,36,7,"F1",100,0.5,0.3,13607,"bayes",TRUE,0.719712126254331,0.719228552792653,0.000483573461677933,0,TRUE
523,37,7,"F2",100,0.5,0.3,13707,"bayes",TRUE,0.998034148136642,0.975989184855094,0.0220449632815481,0.390625,TRUE
524,38,7,"F3",100,0.5,0.3,13807,"bayes",TRUE,0.759804181449765,0.778002250686241,-0.0181980692364757,0.166666666666667,TRUE
525,39,7,"F1",300,0.5,0.3,13907,"bayes",TRUE,0.885382498243383,0.889794142157103,-0.00441164391372006,0.15,FALSE
526,40,7,"F2",300,0.5,0.3,14007,"bayes",TRUE,0.826084061472518,0.835183144076116,-0.00909908260359815,0.5,FALSE
527,41,7,"F3",300,0.5,0.3,14107,"bayes",TRUE,0.807376578457901,0.75658948457238,0.0507870938855206,0,TRUE
528,42,7,"F1",1000,0.5,0.3,14207,"bayes",TRUE,0.888690092999054,0.888690092554234,4.44819514555661e-10,0,FALSE
529,43,7,"F2",1000,0.5,0.3,14307,"bayes",TRUE,0.832194527577124,0.854921200222114,-0.0227266726449905,0.4875,FALSE
530,44,7,"F3",1000,0.5,0.3,14407,"bayes",TRUE,0.690238734445081,0.69544706801678,-0.00520833357169947,0.05,FALSE
540,54,7,"F1",100,0.2,0.5,15407,"bayes",TRUE,0.735738525710368,0.746567571391535,-0.010829045681167,0,TRUE
541,55,7,"F2",100,0.2,0.5,15507,"bayes",TRUE,1.03064256700697,1.01682604543545,0.0138165215715209,0.5,TRUE
542,56,7,"F3",100,0.2,0.5,15607,"bayes",TRUE,0.65238853931431,0.783032216072748,-0.130643676758437,0.166666666666667,TRUE
543,57,7,"F1",300,0.2,0.5,15707,"bayes",TRUE,0.993733413959008,0.992961845752888,0.00077156820612001,0.25,TRUE
544,58,7,"F2",300,0.2,0.5,15807,"bayes",TRUE,0.966745607998424,1.03994141973236,-0.0731958117339335,0.5,TRUE
545,59,7,"F3",300,0.2,0.5,15907,"bayes",TRUE,0.607866973784543,0.607960041003448,-9.30672189057846e-05,0.166666666666667,TRUE
546,60,7,"F1",1000,0.2,0.5,16007,"bayes",TRUE,0.930186807906526,0.917281297529105,0.012905510377421,0,TRUE
547,61,7,"F2",1000,0.2,0.5,16107,"bayes",TRUE,0.994879901315899,1.01592999015691,-0.0210500888410086,0.416666666666667,TRUE
548,62,7,"F3",1000,0.2,0.5,16207,"bayes",TRUE,0.695418438472405,0.695418438694465,-2.22060370091981e-10,0,FALSE
549,63,7,"F1",100,0.5,0.5,16307,"bayes",TRUE,0.986700933621232,0.872047639657352,0.114653293963881,0,TRUE
550,64,7,"F2",100,0.5,0.5,16407,"bayes",TRUE,0.715460687708886,0.721171299983521,-0.00571061227463521,0.75,TRUE
551,65,7,"F3",100,0.5,0.5,16507,"bayes",TRUE,0.770866010072244,0.766860146767057,0.00400586330518771,0,TRUE
552,66,7,"F1",300,0.5,0.5,16607,"bayes",TRUE,0.936001108941296,0.929159933144601,0.00684117579669519,0.5,FALSE
553,67,7,"F2",300,0.5,0.5,16707,"bayes",TRUE,0.741950757646859,0.738763699571482,0.00318705807537667,0.25,FALSE
554,68,7,"F3",300,0.5,0.5,16807,"bayes",TRUE,0.7957061844528,0.748086175610395,0.0476200088424044,0.108333333333333,TRUE
555,69,7,"F1",1000,0.5,0.5,16907,"bayes",TRUE,0.846014169423769,0.846014168059511,1.36425859498246e-09,0,FALSE
556,70,7,"F2",1000,0.5,0.5,17007,"bayes",TRUE,0.870967343991176,0.899085221020453,-0.0281178770292766,0.7,FALSE
557,71,7,"F3",1000,0.5,0.5,17107,"bayes",TRUE,0.656424720898646,0.658600892184731,-0.00217617128608505,0.166666666666667,TRUE
567,0,8,"F1",100,0.2,0.1,10008,"bayes",TRUE,0.872872048839759,0.888517055488544,-0.0156450066487848,0,TRUE
568,1,8,"F2",100,0.2,0.1,10108,"bayes",TRUE,0.860331579782815,0.869928422863734,-0.00959684308091946,0.25,TRUE
569,2,8,"F3",100,0.2,0.1,10208,"bayes",TRUE,0.979885223360974,0.91414649872478,0.0657387246361936,0.141666666666667,TRUE
570,3,8,"F1",300,0.2,0.1,10308,"bayes",TRUE,0.960006006901671,0.960057239511947,-5.1232610275953e-05,0.15,FALSE
571,4,8,"F2",300,0.2,0.1,10408,"bayes",TRUE,0.812236151617165,0.908448628576219,-0.0962124769590544,0.6,TRUE
572,5,8,"F3",300,0.2,0.1,10508,"bayes",TRUE,0.830126460012767,0.809773467239328,0.0203529927734385,0.15,TRUE
573,6,8,"F1",1000,0.2,0.1,10608,"bayes",TRUE,0.98812013362265,0.992568759125415,-0.00444862550276526,0.25,FALSE
574,7,8,"F2",1000,0.2,0.1,10708,"bayes",TRUE,0.876911077271758,0.947267461427347,-0.0703563841555885,0.75,FALSE
575,8,8,"F3",1000,0.2,0.1,10808,"bayes",TRUE,0.687859238969695,0.685329945512579,0.00252929345711672,0.166666666666667,FALSE
576,9,8,"F1",100,0.5,0.1,10908,"bayes",TRUE,0.772909363528303,0.775827505344002,-0.00291814181569949,0.25,FALSE
577,10,8,"F2",100,0.5,0.1,11008,"bayes",TRUE,0.836858197512642,0.870939815216428,-0.0340816177037861,0.5,FALSE
578,11,8,"F3",100,0.5,0.1,11108,"bayes",TRUE,0.688539877205235,0.719705052919896,-0.0311651757146613,0.166666666666667,TRUE
579,12,8,"F1",300,0.5,0.1,11208,"bayes",TRUE,0.851501338953522,0.852806476835582,-0.00130513788206077,0.175,FALSE
580,13,8,"F2",300,0.5,0.1,11308,"bayes",TRUE,0.769395928104723,0.810165292267212,-0.0407693641624897,0.75,FALSE
581,14,8,"F3",300,0.5,0.1,11408,"bayes",TRUE,0.753822633212538,0.702588075111553,0.0512345581009852,0,TRUE
582,15,8,"F1",1000,0.5,0.1,11508,"bayes",TRUE,0.816939884041304,0.818167903235012,-0.00122801919370796,0.225,FALSE
583,16,8,"F2",1000,0.5,0.1,11608,"bayes",TRUE,0.931885624415058,0.961527204393249,-0.0296415799781914,0.8875,FALSE
584,17,8,"F3",1000,0.5,0.1,11708,"bayes",TRUE,0.69485242178886,0.685328612825306,0.00952380896355354,0.0119047619047619,FALSE
594,27,8,"F1",100,0.2,0.3,12708,"bayes",TRUE,0.983884178618975,0.997663330222773,-0.0137791516037975,0.25,TRUE
595,28,8,"F2",100,0.2,0.3,12808,"bayes",TRUE,0.955743399171045,0.951426780480522,0.00431661869052258,0.33125,TRUE
596,29,8,"F3",100,0.2,0.3,12908,"bayes",TRUE,0.897512476902995,0.894456979542456,0.00305549736053978,0,TRUE
597,30,8,"F1",300,0.2,0.3,13008,"bayes",TRUE,0.945500147525784,0.945500148932708,-1.4069243547965e-09,0,FALSE
598,31,8,"F2",300,0.2,0.3,13108,"bayes",TRUE,0.990055465618363,1.00222059038273,-0.0121651247643697,0.3,TRUE
599,32,8,"F3",300,0.2,0.3,13208,"bayes",TRUE,0.700167419576548,0.711254589550372,-0.0110871699738236,0.333333333333333,FALSE
600,33,8,"F1",1000,0.2,0.3,13308,"bayes",TRUE,0.911565575161878,0.916636076097566,-0.00507050093568784,0.2,FALSE
601,34,8,"F2",1000,0.2,0.3,13408,"bayes",TRUE,0.912275152516873,0.936389374170501,-0.0241142216536281,0.75,FALSE
602,35,8,"F3",1000,0.2,0.3,13508,"bayes",TRUE,0.788244383454543,0.786402930367782,0.0018414530867602,0,TRUE
603,36,8,"F1",100,0.5,0.3,13608,"bayes",TRUE,0.67279832917686,0.765928312879035,-0.0931299837021754,0.75,FALSE
604,37,8,"F2",100,0.5,0.3,13708,"bayes",TRUE,0.886103423265307,0.941229357565833,-0.055125934300526,0.25,TRUE
605,38,8,"F3",100,0.5,0.3,13808,"bayes",TRUE,0.881298146990134,0.750398861930382,0.130899285059751,0,TRUE
606,39,8,"F1",300,0.5,0.3,13908,"bayes",TRUE,0.83760697523297,0.844415165639765,-0.00680819040679503,0.6125,FALSE
607,40,8,"F2",300,0.5,0.3,14008,"bayes",TRUE,0.884686326680113,0.909686963888738,-0.0250006372086253,0.5,FALSE
608,41,8,"F3",300,0.5,0.3,14108,"bayes",TRUE,0.701451896277706,0.694886365991086,0.00656553028662021,0.166666666666667,FALSE
609,42,8,"F1",1000,0.5,0.3,14208,"bayes",TRUE,0.803652136520005,0.803491379263769,0.000160757256235433,0,FALSE
610,43,8,"F2",1000,0.5,0.3,14308,"bayes",TRUE,0.806058382159443,0.814971571392536,-0.00891318923309292,0.25,FALSE
611,44,8,"F3",1000,0.5,0.3,14408,"bayes",TRUE,0.689553265840839,0.692184844622635,-0.00263157878179543,0,FALSE
621,54,8,"F1",100,0.2,0.5,15408,"bayes",TRUE,0.947892915352303,0.888402828451001,0.0594900869013016,0.175,TRUE
622,55,8,"F2",100,0.2,0.5,15508,"bayes",TRUE,1.08304488594592,1.08421128771659,-0.00116640177066873,0.25,TRUE
623,56,8,"F3",100,0.2,0.5,15608,"bayes",TRUE,0.868986404831099,0.908738083293902,-0.0397516784628029,0,TRUE
624,57,8,"F1",300,0.2,0.5,15708,"bayes",TRUE,1.11255093577802,1.12137337515503,-0.00882243937701266,0.25,TRUE
625,58,8,"F2",300,0.2,0.5,15808,"bayes",TRUE,0.823654944792547,0.850967644067271,-0.0273126992747242,0.25,TRUE
626,59,8,"F3",300,0.2,0.5,15908,"bayes",TRUE,0.820115457268849,0.78164854093389,0.0384669163349588,0.166666666666667,TRUE
627,60,8,"F1",1000,0.2,0.5,16008,"bayes",TRUE,0.896138877917956,0.900162625938351,-0.00402374802039474,0,TRUE
628,61,8,"F2",1000,0.2,0.5,16108,"bayes",TRUE,1.02096853759954,1.01671116080731,0.00425737679222937,0,TRUE
629,62,8,"F3",1000,0.2,0.5,16208,"bayes",TRUE,0.791723982223378,0.820349856978462,-0.028625874755084,0.141666666666667,TRUE
630,63,8,"F1",100,0.5,0.5,16308,"bayes",TRUE,1.03896489384952,1.03896489409693,-2.47413201037716e-10,0,FALSE
631,64,8,"F2",100,0.5,0.5,16408,"bayes",TRUE,0.984169248256882,0.935484626829901,0.0486846214269805,0,TRUE
632,65,8,"F3",100,0.5,0.5,16508,"bayes",TRUE,0.725316632810791,0.755268664561229,-0.029952031750438,0.166666666666667,TRUE
633,66,8,"F1",300,0.5,0.5,16608,"bayes",TRUE,0.826687209152762,0.83533866201707,-0.00865145286430802,0.25,FALSE
634,67,8,"F2",300,0.5,0.5,16708,"bayes",TRUE,0.912365075272695,0.871374585582099,0.0409904896905954,0.210526315789474,TRUE
635,68,8,"F3",300,0.5,0.5,16808,"bayes",TRUE,0.765458421631463,0.754549950699252,0.0109084709322114,0.0583333333333333,TRUE
636,69,8,"F1",1000,0.5,0.5,16908,"bayes",TRUE,0.919306525361501,0.925977998853401,-0.0066714734919,0.4625,FALSE
637,70,8,"F2",1000,0.5,0.5,17008,"bayes",TRUE,0.789069663207586,0.82304005487869,-0.0339703916711045,0.736842105263158,FALSE
638,71,8,"F3",1000,0.5,0.5,17108,"bayes",TRUE,0.667089498797839,0.672006913282212,-0.00491741448437344,0.266666666666667,FALSE
648,0,9,"F1",100,0.2,0.1,10009,"bayes",TRUE,0.860060742933032,0.88262029083007,-0.0225595478970381,0.472222222222222,TRUE
649,1,9,"F2",100,0.2,0.1,10109,"bayes",TRUE,0.947556111938483,1.00205611623459,-0.0545000042961028,0.5,TRUE
650,2,9,"F3",100,0.2,0.1,10209,"bayes",TRUE,0.721861447973279,0.725891289414823,-0.00402984144154417,0.166666666666667,TRUE
651,3,9,"F1",300,0.2,0.1,10309,"bayes",TRUE,0.838439946712954,0.858497101261033,-0.0200571545480784,0.4375,FALSE
652,4,9,"F2",300,0.2,0.1,10409,"bayes",TRUE,0.91159085974677,0.991872867286824,-0.0802820075400549,0.7375,FALSE
653,5,9,"F3",300,0.2,0.1,10509,"bayes",TRUE,0.827527297204975,0.763083299729004,0.0644439974759706,0,TRUE
654,6,9,"F1",1000,0.2,0.1,10609,"bayes",TRUE,0.950374458621743,0.948943704180146,0.00143075444159679,0,FALSE
655,7,9,"F2",1000,0.2,0.1,10709,"bayes",TRUE,0.993062977161922,1.06955114991644,-0.0764881727545144,0.75,FALSE
656,8,9,"F3",1000,0.2,0.1,10809,"bayes",TRUE,0.764355355018216,0.73520862427744,0.0291467307407759,0.05,TRUE
657,9,9,"F1",100,0.5,0.1,10909,"bayes",TRUE,0.734741119952718,0.74973813804678,-0.0149970180940626,0.25,TRUE
658,10,9,"F2",100,0.5,0.1,11009,"bayes",TRUE,0.745467347840595,0.806070402557782,-0.060603054717187,0.447368421052632,TRUE
659,11,9,"F3",100,0.5,0.1,11109,"bayes",TRUE,0.672774580906996,0.693851839075343,-0.0210772581683465,0,TRUE
660,12,9,"F1",300,0.5,0.1,11209,"bayes",TRUE,0.886186154922036,0.886186153262428,1.65960845066593e-09,0,FALSE
661,13,9,"F2",300,0.5,0.1,11309,"bayes",TRUE,0.835457573834188,0.882521609833983,-0.0470640359997945,1,FALSE
662,14,9,"F3",300,0.5,0.1,11409,"bayes",TRUE,0.793178570893727,0.791853688063923,0.00132488282980403,0.133333333333333,FALSE
663,15,9,"F1",1000,0.5,0.1,11509,"bayes",TRUE,0.823478102877475,0.82242715434823,0.00105094852924492,0.25,FALSE
664,16,9,"F2",1000,0.5,0.1,11609,"bayes",TRUE,0.894194774526854,0.907424647886262,-0.0132298733594083,0.2375,FALSE
665,17,9,"F3",1000,0.5,0.1,11709,"bayes",TRUE,0.74226973696422,0.713091121748116,0.0291786152161039,0.166666666666667,TRUE
675,27,9,"F1",100,0.2,0.3,12709,"bayes",TRUE,1.03138972120699,1.0662313599528,-0.0348416387458101,0,TRUE
676,28,9,"F2",100,0.2,0.3,12809,"bayes",TRUE,0.722403047889143,0.748559773138706,-0.0261567252495637,0.25,TRUE
677,29,9,"F3",100,0.2,0.3,12909,"bayes",TRUE,0.776676494175999,0.700122793548133,0.0765537006278656,0,TRUE
678,30,9,"F1",300,0.2,0.3,13009,"bayes",TRUE,1.06267433538678,1.07521761933878,-0.0125432839519994,0.0666666666666667,FALSE
679,31,9,"F2",300,0.2,0.3,13109,"bayes",TRUE,0.953975310301447,0.999051148527051,-0.0450758382256038,0.25,TRUE
680,32,9,"F3",300,0.2,0.3,13209,"bayes",TRUE,0.669387569075023,0.678518003919042,-0.00913043484401921,0,TRUE
681,33,9,"F1",1000,0.2,0.3,13309,"bayes",TRUE,1.01934709957736,1.01934709901842,5.58938229033856e-10,0,FALSE
682,34,9,"F2",1000,0.2,0.3,13409,"bayes",TRUE,0.875522427403467,0.937320704037024,-0.0617982766335572,0.75,FALSE
683,35,9,"F3",1000,0.2,0.3,13509,"bayes",TRUE,0.747140955234082,0.747140955380268,-1.46185175076141e-10,0,FALSE
684,36,9,"F1",100,0.5,0.3,13609,"bayes",TRUE,0.799932371798435,0.812016780651274,-0.0120844088528393,0.2,FALSE
685,37,9,"F2",100,0.5,0.3,13709,"bayes",TRUE,0.694884592713312,0.760125586688147,-0.0652409939748348,0.75,FALSE
686,38,9,"F3",100,0.5,0.3,13809,"bayes",TRUE,0.66233927534254,0.725627417427677,-0.0632881420851363,0.166666666666667,TRUE
687,39,9,"F1",300,0.5,0.3,13909,"bayes",TRUE,0.849300610161049,0.836487723257857,0.0128128869031924,0.5,FALSE
688,40,9,"F2",300,0.5,0.3,14009,"bayes",TRUE,0.982641408394095,0.966104078636381,0.016537329757714,0.560576923076923,FALSE
689,41,9,"F3",300,0.5,0.3,14109,"bayes",TRUE,0.691776089353946,0.685905094485428,0.00587099486851783,0.166666666666667,TRUE
690,42,9,"F1",1000,0.5,0.3,14209,"bayes",TRUE,0.892737955369253,0.892737955073132,2.96121571707886e-10,0,FALSE
691,43,9,"F2",1000,0.5,0.3,14309,"bayes",TRUE,0.866319733302775,0.868414331194407,-0.00209459789163202,0.125,FALSE
692,44,9,"F3",1000,0.5,0.3,14409,"bayes",TRUE,0.643168578823945,0.644257048741543,-0.00108846991759837,0.125,FALSE
702,54,9,"F1",100,0.2,0.5,15409,"bayes",TRUE,1.11878972512409,1.12599124278108,-0.00720151765699395,0,TRUE
703,55,9,"F2",100,0.2,0.5,15509,"bayes",TRUE,0.931869529760405,0.912772240232635,0.0190972895277699,0,TRUE
704,56,9,"F3",100,0.2,0.5,15609,"bayes",TRUE,0.66010409639828,0.745287751112188,-0.0851836547139072,0,TRUE
705,57,9,"F1",300,0.2,0.5,15709,"bayes",TRUE,1.00554056661806,1.01228902383026,-0.00674845721219963,0.5,TRUE
706,58,9,"F2",300,0.2,0.5,15809,"bayes",TRUE,0.927319197767789,0.943586475232589,-0.0162672774647996,0.15,TRUE
707,59,9,"F3",300,0.2,0.5,15909,"bayes",TRUE,0.759823517049633,0.727656776223763,0.03216674082587,0.166666666666667,TRUE
708,60,9,"F1",1000,0.2,0.5,16009,"bayes",TRUE,0.897285606190218,0.897285606822389,-6.32171204273391e-10,0,FALSE
709,61,9,"F2",1000,0.2,0.5,16109,"bayes",TRUE,1.00496108484081,1.01874874012506,-0.0137876552842584,0.4,FALSE
710,62,9,"F3",1000,0.2,0.5,16209,"bayes",TRUE,0.700010853842846,0.685725140079292,0.0142857137635544,0,TRUE
711,63,9,"F1",100,0.5,0.5,16309,"bayes",TRUE,0.952922060406409,1.01557204537387,-0.0626499849674577,0,TRUE
712,64,9,"F2",100,0.5,0.5,16409,"bayes",TRUE,1.19912081650786,1.24863771128638,-0.0495168947785181,0.25,TRUE
713,65,9,"F3",100,0.5,0.5,16509,"bayes",TRUE,0.783561098649163,0.779697041478818,0.00386405717034477,0,TRUE
714,66,9,"F1",300,0.5,0.5,16609,"bayes",TRUE,0.751916100821797,0.769143494642291,-0.0172273938204942,0.588888888888889,FALSE
715,67,9,"F2",300,0.5,0.5,16709,"bayes",TRUE,0.840292255560341,0.879972492030168,-0.0396802364698265,0.5,FALSE
716,68,9,"F3",300,0.5,0.5,16809,"bayes",TRUE,0.811326482765353,0.762082686578134,0.0492437961872197,0.316666666666667,TRUE
717,69,9,"F1",1000,0.5,0.5,16909,"bayes",TRUE,0.851296757776654,0.851296757632587,1.44067091589761e-10,0,FALSE
718,70,9,"F2",1000,0.5,0.5,17009,"bayes",TRUE,0.956442687853921,0.967273442919679,-0.0108307550657584,0.4625,FALSE
719,71,9,"F3",1000,0.5,0.5,17109,"bayes",TRUE,0.712490560647306,0.694848598684465,0.0176419619628404,0.231481481481481,TRUE
729,0,10,"F1",100,0.2,0.1,10010,"bayes",TRUE,0.937928920141594,0.958764402925281,-0.0208354827836874,0,TRUE
730,1,10,"F2",100,0.2,0.1,10110,"bayes",TRUE,0.94025528189997,0.954753670626592,-0.0144983887266222,0.125,TRUE
731,2,10,"F3",100,0.2,0.1,10210,"bayes",TRUE,0.713779955176242,0.807167602876289,-0.0933876477000464,0.166666666666667,TRUE
732,3,10,"F1",300,0.2,0.1,10310,"bayes",TRUE,0.940466667133111,0.93894802967954,0.00151863745357161,0.473684210526316,TRUE
733,4,10,"F2",300,0.2,0.1,10410,"bayes",TRUE,1.02011129901523,1.1023803522424,-0.0822690532271662,0.75,TRUE
734,5,10,"F3",300,0.2,0.1,10510,"bayes",TRUE,0.807048985508913,0.8038783666242,0.00317061888471315,0.147058823529412,FALSE
735,6,10,"F1",1000,0.2,0.1,10610,"bayes",TRUE,0.961160583103769,0.964102099214847,-0.00294151611107807,0.25,FALSE
736,7,10,"F2",1000,0.2,0.1,10710,"bayes",TRUE,0.994837840527201,1.01527534140445,-0.0204375008772442,0.25,FALSE
737,8,10,"F3",1000,0.2,0.1,10810,"bayes",TRUE,0.715637454567644,0.71604336736549,-0.000405912797846186,0.133333333333333,FALSE
738,9,10,"F1",100,0.5,0.1,10910,"bayes",TRUE,0.868111990024669,0.845221317476013,0.0228906725486562,0.208333333333333,TRUE
739,10,10,"F2",100,0.5,0.1,11010,"bayes",TRUE,0.886440653767056,0.911308086014646,-0.0248674322475898,0.7,TRUE
740,11,10,"F3",100,0.5,0.1,11110,"bayes",TRUE,0.857477105217524,0.852071822035698,0.00540528318182509,0.0166666666666667,TRUE
741,12,10,"F1",300,0.5,0.1,11210,"bayes",TRUE,0.82020034403361,0.800217966280344,0.0199823777532665,0.5,FALSE
742,13,10,"F2",300,0.5,0.1,11310,"bayes",TRUE,0.943623392408847,0.992900128358766,-0.0492767359499188,0.5,FALSE
743,14,10,"F3",300,0.5,0.1,11410,"bayes",TRUE,0.664644770608476,0.590570695966401,0.074074074642075,0,TRUE
744,15,10,"F1",1000,0.5,0.1,11510,"bayes",TRUE,0.88703093165383,0.887196407535633,-0.000165475881802934,0.075,FALSE
745,16,10,"F2",1000,0.5,0.1,11610,"bayes",TRUE,0.772440117636042,0.802213979031151,-0.0297738613951095,0.5,FALSE
746,17,10,"F3",1000,0.5,0.1,11710,"bayes",TRUE,0.610733429074085,0.610733428876253,1.97831973025586e-10,0,FALSE
756,27,10,"F1",100,0.2,0.3,12710,"bayes",TRUE,1.07657856317516,1.0617703472114,0.014808215963759,0,TRUE
757,28,10,"F2",100,0.2,0.3,12810,"bayes",TRUE,0.918821028844232,0.936574925962197,-0.0177538971179649,0.5,TRUE
758,29,10,"F3",100,0.2,0.3,12910,"bayes",TRUE,0.59755358047338,0.597553579877314,5.96065974356463e-10,0,TRUE
759,30,10,"F1",300,0.2,0.3,13010,"bayes",TRUE,0.977774267608146,0.955353924101382,0.0224203435067639,0.25,TRUE
760,31,10,"F2",300,0.2,0.3,13110,"bayes",TRUE,0.942517072978857,1.0073767720239,-0.0648596990450472,0.578947368421053,FALSE
761,32,10,"F3",300,0.2,0.3,13210,"bayes",TRUE,0.758620206056508,0.774501082879815,-0.0158808768233074,0,TRUE
762,33,10,"F1",1000,0.2,0.3,13310,"bayes",TRUE,1.0020859492971,1.00771573036296,-0.00562978106585454,0.5,FALSE
763,34,10,"F2",1000,0.2,0.3,13410,"bayes",TRUE,0.97305035437592,1.01490182046877,-0.0418514660928468,0.95,FALSE
764,35,10,"F3",1000,0.2,0.3,13510,"bayes",TRUE,0.730354780303863,0.725842696046786,0.00451208425707683,0.1,FALSE
765,36,10,"F1",100,0.5,0.3,13610,"bayes",TRUE,0.829586595938925,0.799170964888149,0.030415631050776,0.25,TRUE
766,37,10,"F2",100,0.5,0.3,13710,"bayes",TRUE,0.839123267102906,0.863663549661534,-0.0245402825586277,0.15,TRUE
767,38,10,"F3",100,0.5,0.3,13810,"bayes",TRUE,0.809725895824876,0.760258420444729,0.049467475380147,0.166666666666667,TRUE
768,39,10,"F1",300,0.5,0.3,13910,"bayes",TRUE,0.875225443640864,0.875225440275717,3.36514638377139e-09,0,FALSE
769,40,10,"F2",300,0.5,0.3,14010,"bayes",TRUE,1.11622967240232,1.15453073890217,-0.0383010664998478,0.375,FALSE
770,41,10,"F3",300,0.5,0.3,14110,"bayes",TRUE,0.881494993927866,0.834082797994979,0.0474121959328864,0.075,TRUE
771,42,10,"F1",1000,0.5,0.3,14210,"bayes",TRUE,0.866079579617105,0.866079579743426,-1.26321397786455e-10,0,FALSE
772,43,10,"F2",1000,0.5,0.3,14310,"bayes",TRUE,0.977350368611037,0.980421677556193,-0.00307130894515573,0.55,FALSE
773,44,10,"F3",1000,0.5,0.3,14410,"bayes",TRUE,0.739120314957894,0.750748221892986,-0.0116279069350922,0.075,TRUE
783,54,10,"F1",100,0.2,0.5,15410,"bayes",TRUE,1.04407753329164,1.03384087634057,0.0102366569510641,0,TRUE
784,55,10,"F2",100,0.2,0.5,15510,"bayes",TRUE,0.871697964769787,0.929500125073658,-0.057802160303871,0.25,TRUE
785,56,10,"F3",100,0.2,0.5,15610,"bayes",TRUE,0.781069943753773,0.788717772366158,-0.00764782861238411,0,TRUE
786,57,10,"F1",300,0.2,0.5,15710,"bayes",TRUE,0.847691285538932,0.856071479739436,-0.00838019420050384,0.5,FALSE
787,58,10,"F2",300,0.2,0.5,15810,"bayes",TRUE,0.848366962026095,0.851078765843997,-0.00271180381790193,0.3125,TRUE
788,59,10,"F3",300,0.2,0.5,15910,"bayes",TRUE,0.737477537271694,0.748023028843809,-0.010545491572115,0,TRUE
789,60,10,"F1",1000,0.2,0.5,16010,"bayes",TRUE,1.01177661738922,1.02181659519165,-0.0100399778024369,0.5,TRUE
790,61,10,"F2",1000,0.2,0.5,16110,"bayes",TRUE,0.919167844123602,0.908650848599162,0.0105169955244399,0.5,TRUE
791,62,10,"F3",1000,0.2,0.5,16210,"bayes",TRUE,0.721144818925665,0.719565827708947,0.00157899121671767,0.166666666666667,TRUE
792,63,10,"F1",100,0.5,0.5,16310,"bayes",TRUE,1.15961348729186,1.11330045880954,0.0463130284823239,0.25,TRUE
793,64,10,"F2",100,0.5,0.5,16410,"bayes",TRUE,0.885794622358607,0.922077198943507,-0.0362825765849004,0.25,TRUE
794,65,10,"F3",100,0.5,0.5,16510,"bayes",TRUE,0.549867316088396,0.724426275744149,-0.174558959655753,0.166666666666667,TRUE
795,66,10,"F1",300,0.5,0.5,16610,"bayes",TRUE,0.93206612440048,0.930122820480769,0.00194330391971087,0.25,FALSE
796,67,10,"F2",300,0.5,0.5,16710,"bayes",TRUE,0.907377423063862,0.917108139512179,-0.00973071644831625,0,TRUE
797,68,10,"F3",300,0.5,0.5,16810,"bayes",TRUE,0.733525260136377,0.727013215703504,0.00651204443287301,0.166666666666667,FALSE
798,69,10,"F1",1000,0.5,0.5,16910,"bayes",TRUE,0.845411015286766,0.839598676331737,0.00581233895502886,0.2375,FALSE
799,70,10,"F2",1000,0.5,0.5,17010,"bayes",TRUE,0.823819123139915,0.827280514453753,-0.00346139131383794,0.5,FALSE
800,71,10,"F3",1000,0.5,0.5,17110,"bayes",TRUE,0.710470375497649,0.663341556917877,0.0471288185797714,0.075,TRUE
810,0,11,"F1",100,0.2,0.1,10011,"bayes",TRUE,0.992796030605251,0.988653811990015,0.004142218615236,0.25,TRUE
811,1,11,"F2",100,0.2,0.1,10111,"bayes",TRUE,0.951859810439624,1.18313055803864,-0.231270747599011,0.5,TRUE
812,2,11,"F3",100,0.2,0.1,10211,"bayes",TRUE,1.04949133592872,0.966158002789029,0.0833333331396949,0,TRUE
813,3,11,"F1",300,0.2,0.1,10311,"bayes",TRUE,0.8799486506018,0.87720972419949,0.00273892640230911,0,TRUE
814,4,11,"F2",300,0.2,0.1,10411,"bayes",TRUE,0.942616412938512,0.993344237488216,-0.0507278245497035,0.4875,FALSE
815,5,11,"F3",300,0.2,0.1,10511,"bayes",TRUE,0.79320998507685,0.774808290299945,0.0184016947769051,0.166666666666667,TRUE
816,6,11,"F1",1000,0.2,0.1,10611,"bayes",TRUE,0.952744237389075,0.952744237036028,3.53046369916399e-10,0,FALSE
817,7,11,"F2",1000,0.2,0.1,10711,"bayes",TRUE,0.876407557402661,0.917241979592535,-0.0408344221898739,0.9625,FALSE
818,8,11,"F3",1000,0.2,0.1,10811,"bayes",TRUE,0.790596315639,0.799657360670046,-0.00906104503104599,0.166666666666667,FALSE
819,9,11,"F1",100,0.5,0.1,10911,"bayes",TRUE,0.864990938645096,0.870969146409397,-0.00597820776430114,0.25,FALSE
820,10,11,"F2",100,0.5,0.1,11011,"bayes",TRUE,0.913679041693194,0.970019782107067,-0.0563407404138729,0.25,TRUE
821,11,11,"F3",100,0.5,0.1,11111,"bayes",TRUE,0.649621306770069,0.638858828408766,0.0107624783613028,0,TRUE
822,12,11,"F1",300,0.5,0.1,11211,"bayes",TRUE,0.909027585844134,0.932120143003277,-0.0230925571591424,0.5,FALSE
823,13,11,"F2",300,0.5,0.1,11311,"bayes",TRUE,0.82328458227098,0.857530418194867,-0.0342458359238869,0.5,FALSE
824,14,11,"F3",300,0.5,0.1,11411,"bayes",TRUE,0.688259568684221,0.688259568203657,4.80563810967283e-10,0,FALSE
825,15,11,"F1",1000,0.5,0.1,11511,"bayes",TRUE,0.858842499687357,0.857978338680191,0.000864161007166686,0.0875,FALSE
826,16,11,"F2",1000,0.5,0.1,11611,"bayes",TRUE,0.89923240561335,0.911156722800455,-0.0119243171871054,0.25,FALSE
827,17,11,"F3",1000,0.5,0.1,11711,"bayes",TRUE,0.604970280209838,0.605029408033429,-5.91278235910764e-05,0.0416666666666667,FALSE
837,27,11,"F1",100,0.2,0.3,12711,"bayes",TRUE,1.0108347255914,1.01382217997601,-0.00298745438460912,0,TRUE
838,28,11,"F2",100,0.2,0.3,12811,"bayes",TRUE,0.911439666638613,0.922926004190487,-0.0114863375518736,0.25,TRUE
839,29,11,"F3",100,0.2,0.3,12911,"bayes",TRUE,0.724218093307674,0.62893391578599,0.0952841775216842,0,TRUE
840,30,11,"F1",300,0.2,0.3,13011,"bayes",TRUE,0.942135704297748,0.864683521660368,0.0774521826373799,0.25,TRUE
841,31,11,"F2",300,0.2,0.3,13111,"bayes",TRUE,0.924183264991424,0.95529434490222,-0.0311110799107964,0.4,TRUE
842,32,11,"F3",300,0.2,0.3,13211,"bayes",TRUE,0.705838068869261,0.687127224503317,0.0187108443659441,0.166666666666667,TRUE
843,33,11,"F1",1000,0.2,0.3,13311,"bayes",TRUE,1.01050302160058,1.01050302116015,4.40435243831416e-10,0,FALSE
844,34,11,"F2",1000,0.2,0.3,13411,"bayes",TRUE,0.931713540678596,0.964104334306828,-0.0323907936282316,0.638888888888889,FALSE
845,35,11,"F3",1000,0.2,0.3,13511,"bayes",TRUE,0.85942670324478,0.842099970824465,0.0173267324203145,0,TRUE
846,36,11,"F1",100,0.5,0.3,13611,"bayes",TRUE,0.803487594829187,0.828159149145343,-0.0246715543161564,0.75,FALSE
847,37,11,"F2",100,0.5,0.3,13711,"bayes",TRUE,0.784766001604247,0.819071005689562,-0.0343050040853141,0.75,FALSE
848,38,11,"F3",100,0.5,0.3,13811,"bayes",TRUE,0.744155239937012,0.674109553225755,0.0700456867112569,0,TRUE
849,39,11,"F1",300,0.5,0.3,13911,"bayes",TRUE,0.872685611019828,0.838790258249895,0.033895352769933,0,TRUE
850,40,11,"F2",300,0.5,0.3,14011,"bayes",TRUE,0.839632568695858,0.86189198840468,-0.0222594197088217,0.5,FALSE
851,41,11,"F3",300,0.5,0.3,14111,"bayes",TRUE,0.656222828140903,0.732797835112132,-0.0765750069712291,0.108333333333333,TRUE
852,42,11,"F1",1000,0.5,0.3,14211,"bayes",TRUE,0.800741232432836,0.800741233704329,-1.27149302198148e-09,0,FALSE
853,43,11,"F2",1000,0.5,0.3,14311,"bayes",TRUE,0.964183209871947,0.964940853956795,-0.000757644084847464,0.25,FALSE
854,44,11,"F3",1000,0.5,0.3,14411,"bayes",TRUE,0.69852313543915,0.707955091967078,-0.00943195652792783,0.291666666666667,FALSE
864,54,11,"F1",100,0.2,0.5,15411,"bayes",TRUE,0.855140516345312,0.846322532796483,0.00881798354882879,0.25,FALSE
865,55,11,"F2",100,0.2,0.5,15511,"bayes",TRUE,1.10478515360327,1.09658646627559,0.00819868732768136,0,TRUE
866,56,11,"F3",100,0.2,0.5,15611,"bayes",TRUE,0.702284365139582,0.639033515142849,0.063250849996733,0,TRUE
867,57,11,"F1",300,0.2,0.5,15711,"bayes",TRUE,0.993821587080999,0.984065012311903,0.00975657476909608,0,TRUE
868,58,11,"F2",300,0.2,0.5,15811,"bayes",TRUE,1.23578685424961,1.19666117718203,0.0391256770675861,0,TRUE
869,59,11,"F3",300,0.2,0.5,15911,"bayes",TRUE,0.687778245884161,0.66003537522407,0.0277428706600904,0.108333333333333,TRUE
870,60,11,"F1",1000,0.2,0.5,16011,"bayes",TRUE,0.915882328083692,0.926860724507375,-0.0109783964236826,0.25,TRUE
871,61,11,"F2",1000,0.2,0.5,16111,"bayes",TRUE,0.87678306236035,0.90069165364123,-0.0239085912808801,0.7375,TRUE
872,62,11,"F3",1000,0.2,0.5,16211,"bayes",TRUE,0.712104361670361,0.695354982447426,0.0167493792229344,0,TRUE
873,63,11,"F1",100,0.5,0.5,16311,"bayes",TRUE,0.879169271948771,0.85375503547304,0.0254142364757313,0.5,TRUE
874,64,11,"F2",100,0.5,0.5,16411,"bayes",TRUE,0.547704646464478,0.560849318875125,-0.0131446724106465,0.5,TRUE
875,65,11,"F3",100,0.5,0.5,16511,"bayes",TRUE,0.629613321687182,0.462067858124074,0.167545463563108,0,TRUE
876,66,11,"F1",300,0.5,0.5,16611,"bayes",TRUE,0.879671033933795,0.864815950623799,0.0148550833099963,0.9125,FALSE
877,67,11,"F2",300,0.5,0.5,16711,"bayes",TRUE,0.737035653763959,0.747844100085675,-0.0108084463217162,0.236111111111111,FALSE
878,68,11,"F3",300,0.5,0.5,16811,"bayes",TRUE,0.74055803276222,0.740558033170873,-4.08652445216262e-10,0,FALSE
879,69,11,"F1",1000,0.5,0.5,16911,"bayes",TRUE,0.826585812244536,0.818607621393463,0.00797819085107276,0,FALSE
880,70,11,"F2",1000,0.5,0.5,17011,"bayes",TRUE,0.936508211162291,0.93961002294596,-0.00310181178366853,0.25,FALSE
881,71,11,"F3",1000,0.5,0.5,17111,"bayes",TRUE,0.682473354897568,0.656897792029294,0.0255755628682744,0,TRUE
891,0,12,"F1",100,0.2,0.1,10012,"bayes",TRUE,1.11207903703578,1.09280678742021,0.0192722496155719,0.25,TRUE
892,1,12,"F2",100,0.2,0.1,10112,"bayes",TRUE,0.887540705005281,0.880653989048708,0.00688671595657309,0,TRUE
893,2,12,"F3",100,0.2,0.1,10212,"bayes",TRUE,0.812860108066147,0.794903798872326,0.0179563091938211,0,TRUE
894,3,12,"F1",300,0.2,0.1,10312,"bayes",TRUE,1.05547325979138,1.05604145144209,-0.00056819165070765,0.2875,TRUE
895,4,12,"F2",300,0.2,0.1,10412,"bayes",TRUE,0.834082840883231,0.855661307553669,-0.0215784666704377,0.675,FALSE
896,5,12,"F3",300,0.2,0.1,10512,"bayes",TRUE,0.794846580575512,0.793352067110967,0.00149451346454466,0.166666666666667,TRUE
897,6,12,"F1",1000,0.2,0.1,10612,"bayes",TRUE,0.931898798033102,0.931898798169403,-1.36301636644021e-10,0,FALSE
898,7,12,"F2",1000,0.2,0.1,10712,"bayes",TRUE,0.921765869554023,0.939184707657548,-0.0174188381035254,0.25,FALSE
899,8,12,"F3",1000,0.2,0.1,10812,"bayes",TRUE,0.739969617285103,0.73600136344249,0.00396825384261268,0,TRUE
900,9,12,"F1",100,0.5,0.1,10912,"bayes",TRUE,0.980172264882433,0.972756247979874,0.00741601690255844,0,TRUE
901,10,12,"F2",100,0.5,0.1,11012,"bayes",TRUE,0.904142644242737,1.00194990633132,-0.0978072620885858,0.5,TRUE
902,11,12,"F3",100,0.5,0.1,11112,"bayes",TRUE,0.738861725600067,0.680382626738694,0.0584790988613725,0.166666666666667,TRUE
903,12,12,"F1",300,0.5,0.1,11212,"bayes",TRUE,0.909936387147808,0.939744139578752,-0.0298077524309442,0.5,FALSE
904,13,12,"F2",300,0.5,0.1,11312,"bayes",TRUE,1.00931147835677,1.07186279318862,-0.0625513148318504,0.675,FALSE
905,14,12,"F3",300,0.5,0.1,11412,"bayes",TRUE,0.691308932907526,0.704129021030758,-0.0128200881232315,0.333333333333333,FALSE
906,15,12,"F1",1000,0.5,0.1,11512,"bayes",TRUE,0.792623085851669,0.792623085942792,-9.11236641698565e-11,0,FALSE
907,16,12,"F2",1000,0.5,0.1,11612,"bayes",TRUE,0.797561478089821,0.816140183067738,-0.0185787049779168,0.4875,FALSE
908,17,12,"F3",1000,0.5,0.1,11712,"bayes",TRUE,0.745229340559687,0.744849519447542,0.00037982111214474,0.166666666666667,FALSE
918,27,12,"F1",100,0.2,0.3,12712,"bayes",TRUE,0.824223992148762,0.819847727151777,0.00437626499698474,0.25,TRUE
919,28,12,"F2",100,0.2,0.3,12812,"bayes",TRUE,0.922013992028955,0.965019375668082,-0.0430053836391269,0.25,TRUE
920,29,12,"F3",100,0.2,0.3,12912,"bayes",TRUE,0.752076233024398,0.709375709339956,0.0427005236844424,0,TRUE
921,30,12,"F1",300,0.2,0.3,13012,"bayes",TRUE,1.05887478927852,1.04828161663742,0.0105931726411044,0,TRUE
922,31,12,"F2",300,0.2,0.3,13112,"bayes",TRUE,1.0503975111977,1.06471394730378,-0.0143164361060792,0.25,TRUE
923,32,12,"F3",300,0.2,0.3,13212,"bayes",TRUE,0.736689340771809,0.749692370541385,-0.0130030297695757,0,TRUE
924,33,12,"F1",1000,0.2,0.3,13312,"bayes",TRUE,0.9271921577357,0.929624187101464,-0.00243202936576459,0.175,FALSE
925,34,12,"F2",1000,0.2,0.3,13412,"bayes",TRUE,0.868975544160645,0.902600791701127,-0.0336252475404819,0.75,TRUE
926,35,12,"F3",1000,0.2,0.3,13512,"bayes",TRUE,0.764560186789186,0.764560187056428,-2.67241562212917e-10,0.05,FALSE
927,36,12,"F1",100,0.5,0.3,13612,"bayes",TRUE,0.99326166059289,0.927728420689097,0.0655332399037923,0.25,TRUE
928,37,12,"F2",100,0.5,0.3,13712,"bayes",TRUE,0.84987605091353,0.922015963842028,-0.0721399129284981,0.5,FALSE
929,38,12,"F3",100,0.5,0.3,13812,"bayes",TRUE,0.706910156474507,0.766526835487732,-0.0596166790132253,0.166666666666667,TRUE
930,39,12,"F1",300,0.5,0.3,13912,"bayes",TRUE,0.853289366337145,0.85222299348424,0.00106637285290467,0.25,FALSE
931,40,12,"F2",300,0.5,0.3,14012,"bayes",TRUE,0.854623888748677,0.865235244241306,-0.0106113554926284,0.25,FALSE
932,41,12,"F3",300,0.5,0.3,14112,"bayes",TRUE,0.811965113184965,0.70779844602982,0.104166667155145,0,TRUE
933,42,12,"F1",1000,0.5,0.3,14212,"bayes",TRUE,0.847759663127979,0.848936737704503,-0.00117707457652361,0,FALSE
934,43,12,"F2",1000,0.5,0.3,14312,"bayes",TRUE,0.860985648560713,0.875017029085655,-0.0140313805249426,0.25,FALSE
935,44,12,"F3",1000,0.5,0.3,14412,"bayes",TRUE,0.653172179841794,0.647462451941975,0.00570972789981883,0.116666666666667,FALSE
945,54,12,"F1",100,0.2,0.5,15412,"bayes",TRUE,0.961003958834276,1.06072405177559,-0.0997200929413148,0.5,TRUE
946,55,12,"F2",100,0.2,0.5,15512,"bayes",TRUE,1.04104734007164,1.04567112150517,-0.00462378143353126,0.25,TRUE
947,56,12,"F3",100,0.2,0.5,15612,"bayes",TRUE,0.568822755041008,0.501224508584886,0.0675982464561221,0.166666666666667,TRUE
948,57,12,"F1",300,0.2,0.5,15712,"bayes",TRUE,0.919099798458824,0.915177796407015,0.00392200205180915,0,TRUE
949,58,12,"F2",300,0.2,0.5,15812,"bayes",TRUE,0.95600985787139,0.986523372682678,-0.0305135148112883,0.25,FALSE
950,59,12,"F3",300,0.2,0.5,15912,"bayes",TRUE,0.842100179712938,0.730084638168195,0.112015541544743,0,TRUE
951,60,12,"F1",1000,0.2,0.5,16012,"bayes",TRUE,0.935702979834458,0.940708140574754,-0.00500516074029544,0.75,FALSE
952,61,12,"F2",1000,0.2,0.5,16112,"bayes",TRUE,0.897972045593019,0.93762327338236,-0.0396512277893412,0.671052631578947,TRUE
953,62,12,"F3",1000,0.2,0.5,16212,"bayes",TRUE,0.786858054290822,0.736795787535546,0.0500622667552757,0,TRUE
954,63,12,"F1",100,0.5,0.5,16312,"bayes",TRUE,1.21757802351402,1.19962790067998,0.0179501228340453,0.333333333333333,TRUE
955,64,12,"F2",100,0.5,0.5,16412,"bayes",TRUE,0.844613430864726,0.7657970571391,0.0788163737256263,0,TRUE
956,65,12,"F3",100,0.5,0.5,16512,"bayes",TRUE,0.518474189758958,0.470246002792843,0.0482281869661143,0,TRUE
957,66,12,"F1",300,0.5,0.5,16612,"bayes",TRUE,0.904873226177812,0.828221867571897,0.076651358605915,0.1,TRUE
958,67,12,"F2",300,0.5,0.5,16712,"bayes",TRUE,0.721367759525713,0.765908502676353,-0.0445407431506403,0.75,TRUE
959,68,12,"F3",300,0.5,0.5,16812,"bayes",TRUE,0.755863006053301,0.713772534451052,0.0420904716022489,0.333333333333333,TRUE
960,69,12,"F1",1000,0.5,0.5,16912,"bayes",TRUE,0.835617301730985,0.837166799550418,-0.0015494978194337,0.504166666666667,FALSE
961,70,12,"F2",1000,0.5,0.5,17012,"bayes",TRUE,0.90732095738316,0.908899543810029,-0.00157858642686837,0.0921052631578947,FALSE
962,71,12,"F3",1000,0.5,0.5,17112,"bayes",TRUE,0.771557910448364,0.703678740931998,0.0678791695163661,0.166666666666667,TRUE
972,0,13,"F1",100,0.2,0.1,10013,"bayes",TRUE,0.967064026412032,0.940839345844352,0.02622468056768,0,TRUE
973,1,13,"F2",100,0.2,0.1,10113,"bayes",TRUE,1.17352224994568,1.28335820312286,-0.109835953177182,0.390625,TRUE
974,2,13,"F3",100,0.2,0.1,10213,"bayes",TRUE,0.827722436923914,0.888227474000275,-0.060505037076361,0.333333333333333,TRUE
975,3,13,"F1",300,0.2,0.1,10313,"bayes",TRUE,0.924927667414874,0.93597717848606,-0.0110495110711859,0.25,FALSE
976,4,13,"F2",300,0.2,0.1,10413,"bayes",TRUE,0.867646911783215,0.926387146725876,-0.0587402349426618,0.975,FALSE
977,5,13,"F3",300,0.2,0.1,10513,"bayes",TRUE,0.697167038710761,0.673891109681206,0.0232759290295556,0,TRUE
978,6,13,"F1",1000,0.2,0.1,10613,"bayes",TRUE,0.925457895792427,0.925457896139556,-3.47129103239752e-10,0,FALSE
979,7,13,"F2",1000,0.2,0.1,10713,"bayes",TRUE,0.953073840964062,1.01503054914923,-0.0619567081851634,0.75,FALSE
980,8,13,"F3",1000,0.2,0.1,10813,"bayes",TRUE,0.768169072528466,0.739335931889742,0.0288331406387236,0,TRUE
981,9,13,"F1",100,0.5,0.1,10913,"bayes",TRUE,1.02090941691679,1.03646105510423,-0.0155516381874437,0.473684210526316,FALSE
982,10,13,"F2",100,0.5,0.1,11013,"bayes",TRUE,0.770764215482133,0.804651833610174,-0.0338876181280414,0.5,FALSE
983,11,13,"F3",100,0.5,0.1,11113,"bayes",TRUE,0.739715291889537,0.714832737649195,0.0248825542403414,0.158333333333333,TRUE
984,12,13,"F1",300,0.5,0.1,11213,"bayes",TRUE,0.879626988686438,0.903115600747522,-0.0234886120610839,0.75,FALSE
985,13,13,"F2",300,0.5,0.1,11313,"bayes",TRUE,0.768010609645377,0.793227272702287,-0.02521666305691,0.25,FALSE
986,14,13,"F3",300,0.5,0.1,11413,"bayes",TRUE,0.627253115457827,0.627253114892481,5.65345992242783e-10,0,FALSE
987,15,13,"F1",1000,0.5,0.1,11513,"bayes",TRUE,0.806580636655615,0.805527769494982,0.00105286716063369,0.1125,FALSE
988,16,13,"F2",1000,0.5,0.1,11613,"bayes",TRUE,0.845198197237975,0.868085116456645,-0.0228869192186694,0.75,FALSE
989,17,13,"F3",1000,0.5,0.1,11713,"bayes",TRUE,0.663783426214558,0.663783425653116,5.61442226043596e-10,0,FALSE
999,27,13,"F1",100,0.2,0.3,12713,"bayes",TRUE,0.998125551065397,1.03627913103623,-0.0381535799708298,0.25,TRUE
1000,28,13,"F2",100,0.2,0.3,12813,"bayes",TRUE,0.935507240035933,0.97234739023795,-0.036840150202017,0.25,TRUE
1001,29,13,"F3",100,0.2,0.3,12913,"bayes",TRUE,0.694944132477559,0.821580295031452,-0.126636162553893,0,TRUE
1002,30,13,"F1",300,0.2,0.3,13013,"bayes",TRUE,0.908366804069098,0.90316555326663,0.00520125080246736,0.5,FALSE
1003,31,13,"F2",300,0.2,0.3,13113,"bayes",TRUE,0.948245008661844,0.994727089483105,-0.0464820808212607,0.5,TRUE
1004,32,13,"F3",300,0.2,0.3,13213,"bayes",TRUE,0.776929422678658,0.791695618087219,-0.0147661954085611,0,TRUE
1005,33,13,"F1",1000,0.2,0.3,13313,"bayes",TRUE,0.97477381040838,0.981584696532901,-0.00681088612452119,0.21875,FALSE
1006,34,13,"F2",1000,0.2,0.3,13413,"bayes",TRUE,0.907887022968362,0.90891185818107,-0.00102483521270769,0.2875,FALSE
1007,35,13,"F3",1000,0.2,0.3,13513,"bayes",TRUE,0.685169780736751,0.682262804298198,0.00290697643855342,0.0666666666666667,FALSE
1008,36,13,"F1",100,0.5,0.3,13613,"bayes",TRUE,0.990128029328751,0.979160912142057,0.0109671171866939,0.25,TRUE
1009,37,13,"F2",100,0.5,0.3,13713,"bayes",TRUE,0.763173228961212,0.792385858796921,-0.029212629835709,0.5,TRUE
1010,38,13,"F3",100,0.5,0.3,13813,"bayes",TRUE,0.68324423476121,0.621606344493074,0.0616378902681366,0,TRUE
1011,39,13,"F1",300,0.5,0.3,13913,"bayes",TRUE,0.897449366188897,0.911395039227857,-0.0139456730389594,0.35,FALSE
1012,40,13,"F2",300,0.5,0.3,14013,"bayes",TRUE,0.85748955577356,0.920854152932258,-0.0633645971586978,0.75,TRUE
1013,41,13,"F3",300,0.5,0.3,14113,"bayes",TRUE,0.671952031406801,0.613853118841814,0.0580989125649871,0.158333333333333,TRUE
1014,42,13,"F1",1000,0.5,0.3,14213,"bayes",TRUE,0.878436794910446,0.878651276153872,-0.000214481243426601,0.25,FALSE
1015,43,13,"F2",1000,0.5,0.3,14313,"bayes",TRUE,0.8920679995113,0.892067999451001,6.0298543935744e-11,0,FALSE
1016,44,13,"F3",1000,0.5,0.3,14413,"bayes",TRUE,0.728888781246465,0.727674751634713,0.00121402961175165,0.133333333333333,TRUE
1026,54,13,"F1",100,0.2,0.5,15413,"bayes",TRUE,0.878778397929023,0.893165643303111,-0.0143872453740875,0,TRUE
1027,55,13,"F2",100,0.2,0.5,15513,"bayes",TRUE,1.03787428680298,1.04483919656774,-0.0069649097647646,0,TRUE
1028,56,13,"F3",100,0.2,0.5,15613,"bayes",TRUE,0.691174532007362,0.788793941783025,-0.0976194097756629,0,TRUE
1029,57,13,"F1",300,0.2,0.5,15713,"bayes",TRUE,0.965261387724941,0.957568283798628,0.0076931039263125,0.0454545454545455,TRUE
1030,58,13,"F2",300,0.2,0.5,15813,"bayes",TRUE,0.831476405484387,0.856554132288737,-0.0250777268043497,0.75,TRUE
1031,59,13,"F3",300,0.2,0.5,15913,"bayes",TRUE,0.626597965618476,0.612004486077916,0.0145934795405605,0.0666666666666667,TRUE
1032,60,13,"F1",1000,0.2,0.5,16013,"bayes",TRUE,1.03853808831068,1.03853808802356,2.87124324316324e-10,0,FALSE
1033,61,13,"F2",1000,0.2,0.5,16113,"bayes",TRUE,0.908355164748036,0.933595090076535,-0.0252399253284989,0.5,TRUE
1034,62,13,"F3",1000,0.2,0.5,16213,"bayes",TRUE,0.639470607526277,0.608220607426415,0.0312500000998622,0,TRUE
1035,63,13,"F1",100,0.5,0.5,16313,"bayes",TRUE,0.921385012448977,0.861480032772412,0.0599049796765647,0.25,TRUE
1036,64,13,"F2",100,0.5,0.5,16413,"bayes",TRUE,0.766007973096628,0.767203547548419,-0.00119557445179164,0.46875,TRUE
1037,65,13,"F3",100,0.5,0.5,16513,"bayes",TRUE,0.650059598490104,0.650059598612235,-1.22131305069217e-10,0,TRUE
1038,66,13,"F1",300,0.5,0.5,16613,"bayes",TRUE,0.859088225329354,0.842387124157157,0.0167011011721966,0,TRUE
1039,67,13,"F2",300,0.5,0.5,16713,"bayes",TRUE,0.856127740194538,0.837646844116891,0.0184808960776467,0.125,TRUE
1040,68,13,"F3",300,0.5,0.5,16813,"bayes",TRUE,0.713966146482068,0.734590384508443,-0.0206242380263751,0.166666666666667,FALSE
1041,69,13,"F1",1000,0.5,0.5,16913,"bayes",TRUE,0.884871004237405,0.890812520391932,-0.0059415161545272,0.2625,FALSE
1042,70,13,"F2",1000,0.5,0.5,17013,"bayes",TRUE,0.982881943561019,0.986720580140925,-0.00383863657990569,0.25,FALSE
1043,71,13,"F3",1000,0.5,0.5,17113,"bayes",TRUE,0.703365653799722,0.680288730098514,0.0230769237012074,0,TRUE
1053,0,14,"F1",100,0.2,0.1,10014,"bayes",TRUE,0.801423311855673,0.796147087263194,0.00527622459247923,0,TRUE
1054,1,14,"F2",100,0.2,0.1,10114,"bayes",TRUE,0.699061107161648,0.718794398306996,-0.0197332911453478,0,TRUE
1055,2,14,"F3",100,0.2,0.1,10214,"bayes",TRUE,0.745340090551317,0.757130016545243,-0.011789925993926,0.166666666666667,TRUE
1056,3,14,"F1",300,0.2,0.1,10314,"bayes",TRUE,0.947930395028607,0.977036708580698,-0.0291063135520906,0.65,FALSE
1057,4,14,"F2",300,0.2,0.1,10414,"bayes",TRUE,0.829014190590947,0.860670370538918,-0.0316561799479712,0.357142857142857,TRUE
1058,5,14,"F3",300,0.2,0.1,10514,"bayes",TRUE,0.721799132841737,0.729929925921136,-0.00813079307939879,0.166666666666667,TRUE
1059,6,14,"F1",1000,0.2,0.1,10614,"bayes",TRUE,0.885681094506878,0.885681095958108,-1.45122991401792e-09,0,FALSE
1060,7,14,"F2",1000,0.2,0.1,10714,"bayes",TRUE,0.950411925034297,0.982925906166353,-0.0325139811320563,0.5,FALSE
1061,8,14,"F3",1000,0.2,0.1,10814,"bayes",TRUE,0.714214678596991,0.71379629909411,0.000418379502881594,0.108333333333333,FALSE
1062,9,14,"F1",100,0.5,0.1,10914,"bayes",TRUE,0.75680838880883,0.744770785075426,0.0120376037334031,0.75,FALSE
1063,10,14,"F2",100,0.5,0.1,11014,"bayes",TRUE,0.86623517751479,0.899347720755137,-0.0331125432403474,0.5,FALSE
1064,11,14,"F3",100,0.5,0.1,11114,"bayes",TRUE,0.621984872256894,0.69657867410044,-0.0745938018435454,0.166666666666667,TRUE
1065,12,14,"F1",300,0.5,0.1,11214,"bayes",TRUE,0.805347441482453,0.808411481009187,-0.00306403952673429,0.619736842105263,FALSE
1066,13,14,"F2",300,0.5,0.1,11314,"bayes",TRUE,0.701784182167949,0.757238786172704,-0.0554546040047554,0.5,FALSE
1067,14,14,"F3",300,0.5,0.1,11414,"bayes",TRUE,0.783304993641162,0.772960957384644,0.010344036256518,0,TRUE
1068,15,14,"F1",1000,0.5,0.1,11514,"bayes",TRUE,0.93333221844505,0.931880630489195,0.00145158795585587,0,FALSE
1069,16,14,"F2",1000,0.5,0.1,11614,"bayes",TRUE,0.798304386087234,0.827633886170577,-0.0293295000833426,0.75,FALSE
1070,17,14,"F3",1000,0.5,0.1,11714,"bayes",TRUE,0.622982784043026,0.607311076613297,0.0156717074297297,0.09375,TRUE
1080,27,14,"F1",100,0.2,0.3,12714,"bayes",TRUE,0.925129379124044,0.908623768877772,0.0165056102462717,0,TRUE
1081,28,14,"F2",100,0.2,0.3,12814,"bayes",TRUE,0.913734774207866,0.924972074797822,-0.0112373005899558,0.25,TRUE
1082,29,14,"F3",100,0.2,0.3,12914,"bayes",TRUE,0.645941915035908,0.551404100163716,0.0945378148721923,0.0416666666666667,TRUE
1083,30,14,"F1",300,0.2,0.3,13014,"bayes",TRUE,0.870566365652729,0.880274052739059,-0.00970768708632985,0.25,FALSE
1084,31,14,"F2",300,0.2,0.3,13114,"bayes",TRUE,0.77783481147595,0.764488692801332,0.0133461186746181,0.25,TRUE
1085,32,14,"F3",300,0.2,0.3,13214,"bayes",TRUE,0.768358835628989,0.730438398321201,0.037920437307788,0.166666666666667,TRUE
1086,33,14,"F1",1000,0.2,0.3,13314,"bayes",TRUE,0.878795833685773,0.878795834057452,-3.71678687827171e-10,0,FALSE
1087,34,14,"F2",1000,0.2,0.3,13414,"bayes",TRUE,0.922630211996361,0.956035050952734,-0.0334048389563737,0.5,FALSE
1088,35,14,"F3",1000,0.2,0.3,13514,"bayes",TRUE,0.735739959102651,0.732694150371271,0.00304580873137927,0.0583333333333333,TRUE
1089,36,14,"F1",100,0.5,0.3,13614,"bayes",TRUE,0.976658701224945,0.976658701759597,-5.34651989347878e-10,0,FALSE
1090,37,14,"F2",100,0.5,0.3,13714,"bayes",TRUE,1.01580897486632,1.06594943390167,-0.0501404590353491,0.4,TRUE
1091,38,14,"F3",100,0.5,0.3,13814,"bayes",TRUE,0.763542612195383,0.637471925988254,0.126070686207129,0.166666666666667,TRUE
1092,39,14,"F1",300,0.5,0.3,13914,"bayes",TRUE,0.858038262190512,0.858994249151912,-0.000955986961400868,0,FALSE
1093,40,14,"F2",300,0.5,0.3,14014,"bayes",TRUE,0.776951945549792,0.795279134440217,-0.0183271888904256,0.5,FALSE
1094,41,14,"F3",300,0.5,0.3,14114,"bayes",TRUE,0.556603739357404,0.556603738543282,8.14121769998621e-10,0,FALSE
1095,42,14,"F1",1000,0.5,0.3,14214,"bayes",TRUE,0.883628878840438,0.883628878187963,6.52474629880828e-10,0,FALSE
1096,43,14,"F2",1000,0.5,0.3,14314,"bayes",TRUE,0.871715366396814,0.906828787977887,-0.0351134215810727,0.8875,FALSE
1097,44,14,"F3",1000,0.5,0.3,14414,"bayes",TRUE,0.648521515582169,0.641854849012444,0.00666666656972525,0.0916666666666667,FALSE
1107,54,14,"F1",100,0.2,0.5,15414,"bayes",TRUE,0.865528982305846,0.877768260484437,-0.0122392781785913,0.25,TRUE
1108,55,14,"F2",100,0.2,0.5,15514,"bayes",TRUE,0.954008869596331,0.964044974903661,-0.0100361053073301,0,TRUE
1109,56,14,"F3",100,0.2,0.5,15614,"bayes",TRUE,0.889843433307223,0.885673760959385,0.00416967234783816,0,TRUE
1110,57,14,"F1",300,0.2,0.5,15714,"bayes",TRUE,1.07629763082923,1.08871793271282,-0.0124203018835842,0.5,TRUE
1111,58,14,"F2",300,0.2,0.5,15814,"bayes",TRUE,1.08708873129038,1.11870960876895,-0.0316208774785658,0.25,TRUE
1112,59,14,"F3",300,0.2,0.5,15914,"bayes",TRUE,0.799309949332525,0.787513466678599,0.0117964826539266,0,TRUE
1113,60,14,"F1",1000,0.2,0.5,16014,"bayes",TRUE,1.01639720817044,1.00984829647563,0.00654891169480343,0,FALSE
1114,61,14,"F2",1000,0.2,0.5,16114,"bayes",TRUE,0.936514311614595,0.97765706119596,-0.0411427495813649,1,FALSE
1115,62,14,"F3",1000,0.2,0.5,16214,"bayes",TRUE,0.774907104642242,0.793156177619256,-0.0182490729770136,0.025,TRUE
1116,63,14,"F1",100,0.5,0.5,16314,"bayes",TRUE,0.789692665487582,0.790350762771248,-0.000658097283666725,0.375,FALSE
1117,64,14,"F2",100,0.5,0.5,16414,"bayes",TRUE,0.681820390307417,0.7633385157053,-0.0815181253978824,0.398611111111111,TRUE
1118,65,14,"F3",100,0.5,0.5,16514,"bayes",TRUE,0.800148328394704,0.689969845980773,0.110178482413931,0.166666666666667,TRUE
1119,66,14,"F1",300,0.5,0.5,16614,"bayes",TRUE,0.790602452055241,0.79324913758246,-0.00264668552721892,0.0875,FALSE
1120,67,14,"F2",300,0.5,0.5,16714,"bayes",TRUE,0.877313339446976,0.905955520671569,-0.0286421812245935,0.25,FALSE
1121,68,14,"F3",300,0.5,0.5,16814,"bayes",TRUE,0.618423740029576,0.618423738912814,1.1167622382402e-09,0,FALSE
1122,69,14,"F1",1000,0.5,0.5,16914,"bayes",TRUE,0.851990937100452,0.834092991349842,0.0178979457506092,0,FALSE
1123,70,14,"F2",1000,0.5,0.5,17014,"bayes",TRUE,0.87929571260821,0.90599755070681,-0.0267018380986002,0.65,FALSE
1124,71,14,"F3",1000,0.5,0.5,17114,"bayes",TRUE,0.639720610275865,0.633154126292523,0.00656648398334159,0,FALSE
1134,0,15,"F1",100,0.2,0.1,10015,"bayes",TRUE,0.873254733264398,0.878598942814988,-0.00534420955058978,0.1375,TRUE
1135,1,15,"F2",100,0.2,0.1,10115,"bayes",TRUE,0.917517243844778,1.09361154628172,-0.176094302436945,0.75,TRUE
1136,2,15,"F3",100,0.2,0.1,10215,"bayes",TRUE,0.720905968779136,0.738023773998049,-0.0171178052189132,0,TRUE
1137,3,15,"F1",300,0.2,0.1,10315,"bayes",TRUE,0.998778203620825,0.991105733917535,0.0076724697032905,0.25,TRUE
1138,4,15,"F2",300,0.2,0.1,10415,"bayes",TRUE,1.08203718581025,1.09955232757664,-0.0175151417663906,0.1375,TRUE
1139,5,15,"F3",300,0.2,0.1,10515,"bayes",TRUE,0.72562732449764,0.696675118739053,0.0289522057585869,0,TRUE
1140,6,15,"F1",1000,0.2,0.1,10615,"bayes",TRUE,0.916921528565528,0.901522290307691,0.0153992382578374,0,TRUE
1141,7,15,"F2",1000,0.2,0.1,10715,"bayes",TRUE,0.933534513936764,0.96709875966523,-0.0335642457284665,0.5,FALSE
1142,8,15,"F3",1000,0.2,0.1,10815,"bayes",TRUE,0.760832259771412,0.773989381359852,-0.0131571215884395,0.333333333333333,TRUE
1143,9,15,"F1",100,0.5,0.1,10915,"bayes",TRUE,0.867902655324898,0.867902656639541,-1.31464295005657e-09,0,FALSE
1144,10,15,"F2",100,0.5,0.1,11015,"bayes",TRUE,0.778489525127327,0.912556064916889,-0.134066539789562,0.5,TRUE
1145,11,15,"F3",100,0.5,0.1,11115,"bayes",TRUE,0.694015073865263,0.707245075400891,-0.0132300015356276,0.277777777777778,TRUE
1146,12,15,"F1",300,0.5,0.1,11215,"bayes",TRUE,0.840745920928106,0.869913589742326,-0.0291676688142201,0.25,FALSE
1147,13,15,"F2",300,0.5,0.1,11315,"bayes",TRUE,0.906608292489639,0.96903094939131,-0.0624226569016714,0.75,FALSE
1148,14,15,"F3",300,0.5,0.1,11415,"bayes",TRUE,0.754493976040339,0.686097457085607,0.0683965189547322,0.166666666666667,TRUE
1149,15,15,"F1",1000,0.5,0.1,11515,"bayes",TRUE,0.80187344919003,0.801873448605553,5.84477244380821e-10,0,FALSE
1150,16,15,"F2",1000,0.5,0.1,11615,"bayes",TRUE,0.924823302838775,0.956953928130027,-0.032130625291252,0.85,FALSE
1151,17,15,"F3",1000,0.5,0.1,11715,"bayes",TRUE,0.678238811436364,0.658683288174448,0.0195555232619156,0.116666666666667,TRUE
1161,27,15,"F1",100,0.2,0.3,12715,"bayes",TRUE,0.864782107421697,0.933169579511453,-0.0683874720897558,0.25,TRUE
1162,28,15,"F2",100,0.2,0.3,12815,"bayes",TRUE,0.997862668718871,1.01926498571628,-0.0214023169974115,0.35,FALSE
1163,29,15,"F3",100,0.2,0.3,12915,"bayes",TRUE,0.600865924148232,0.658138713766986,-0.0572727896187544,0,TRUE
1164,30,15,"F1",300,0.2,0.3,13015,"bayes",TRUE,1.07691013518435,1.06440783910523,0.012502296079119,0,TRUE
1165,31,15,"F2",300,0.2,0.3,13115,"bayes",TRUE,0.911509419519326,0.906021171115165,0.00548824840416129,0.294117647058824,TRUE
1166,32,15,"F3",300,0.2,0.3,13215,"bayes",TRUE,0.76337508678415,0.74854585432314,0.0148292324610109,0,TRUE
1167,33,15,"F1",1000,0.2,0.3,13315,"bayes",TRUE,0.997587224104758,0.997587224087325,1.74330549995716e-11,0,FALSE
1168,34,15,"F2",1000,0.2,0.3,13415,"bayes",TRUE,0.914779593216569,0.93293009986913,-0.0181505066525616,0.5,TRUE
1169,35,15,"F3",1000,0.2,0.3,13515,"bayes",TRUE,0.677210360256889,0.704988138204328,-0.0277777779474384,0.0526315789473684,FALSE
1170,36,15,"F1",100,0.5,0.3,13615,"bayes",TRUE,0.913044097216093,0.879900328041984,0.0331437691741084,0.1625,TRUE
1171,37,15,"F2",100,0.5,0.3,13715,"bayes",TRUE,0.797852888283996,0.803357405012544,-0.00550451672854835,0.347222222222222,TRUE
1172,38,15,"F3",100,0.5,0.3,13815,"bayes",TRUE,0.68890251162465,0.610919369156334,0.077983142468317,0,TRUE
1173,39,15,"F1",300,0.5,0.3,13915,"bayes",TRUE,0.835324223276256,0.837140127735462,-0.00181590445920643,0.602777777777778,FALSE
1174,40,15,"F2",300,0.5,0.3,14015,"bayes",TRUE,1.041308153703,1.07302100737465,-0.0317128536716416,0.75,FALSE
1175,41,15,"F3",300,0.5,0.3,14115,"bayes",TRUE,0.668618144971142,0.707900044748467,-0.0392818997773255,0,TRUE
1176,42,15,"F1",1000,0.5,0.3,14215,"bayes",TRUE,0.807909863605088,0.80790986368596,-8.08721978273752e-11,0,FALSE
1177,43,15,"F2",1000,0.5,0.3,14315,"bayes",TRUE,0.857895461696774,0.861969856578562,-0.00407439488178774,0.4875,FALSE
1178,44,15,"F3",1000,0.5,0.3,14415,"bayes",TRUE,0.668979941314747,0.67602791565929,-0.00704797434454363,0.3,FALSE
1188,54,15,"F1",100,0.2,0.5,15415,"bayes",TRUE,0.867921966111724,0.8637205789864,0.00420138712532347,0.025,TRUE
1189,55,15,"F2",100,0.2,0.5,15515,"bayes",TRUE,0.770667620359726,0.787599094326848,-0.0169314739671221,0,TRUE
1190,56,15,"F3",100,0.2,0.5,15615,"bayes",TRUE,0.828796872909431,0.719935062803406,0.108861810106025,0,TRUE
1191,57,15,"F1",300,0.2,0.5,15715,"bayes",TRUE,0.928506688570424,0.92748614659576,0.00102054197466361,0,TRUE
1192,58,15,"F2",300,0.2,0.5,15815,"bayes",TRUE,0.99276970611006,1.02457421679186,-0.0318045106817981,0.25,TRUE
1193,59,15,"F3",300,0.2,0.5,15915,"bayes",TRUE,0.691346724360017,0.648676041693439,0.0426706826665781,0,TRUE
1194,60,15,"F1",1000,0.2,0.5,16015,"bayes",TRUE,0.894839388436549,0.894839387467012,9.69536451123076e-10,0,FALSE
1195,61,15,"F2",1000,0.2,0.5,16115,"bayes",TRUE,0.972505609095533,0.994506709270553,-0.02200110017502,0.75,TRUE
1196,62,15,"F3",1000,0.2,0.5,16215,"bayes",TRUE,0.8121391361314,0.825297030910085,-0.0131578947786845,0,TRUE
1197,63,15,"F1",100,0.5,0.5,16315,"bayes",TRUE,0.892110989786803,0.810251066628629,0.0818599231581743,0.25,TRUE
1198,64,15,"F2",100,0.5,0.5,16415,"bayes",TRUE,0.620497525957034,0.625611352658621,-0.00511382670158644,0,TRUE
1199,65,15,"F3",100,0.5,0.5,16515,"bayes",TRUE,0.850439477387697,0.808462134679337,0.0419773427083591,0.166666666666667,TRUE
1200,66,15,"F1",300,0.5,0.5,16615,"bayes",TRUE,0.804292569601375,0.804292567676173,1.92520210884339e-09,0,FALSE
1201,67,15,"F2",300,0.5,0.5,16715,"bayes",TRUE,0.908440477260835,0.910674466340912,-0.00223398908007677,0.45,FALSE
1202,68,15,"F3",300,0.5,0.5,16815,"bayes",TRUE,0.695734078141582,0.72862198085032,-0.0328879027087388,0.0416666666666667,TRUE
1203,69,15,"F1",1000,0.5,0.5,16915,"bayes",TRUE,0.895162246819245,0.895162246789638,2.96077606876111e-11,0,FALSE
1204,70,15,"F2",1000,0.5,0.5,17015,"bayes",TRUE,0.848518777515179,0.852785804282777,-0.00426702676759827,0.725,FALSE
1205,71,15,"F3",1000,0.5,0.5,17115,"bayes",TRUE,0.74421661535868,0.695322404414049,0.048894210944631,0.120833333333333,TRUE
1215,0,16,"F1",100,0.2,0.1,10016,"bayes",TRUE,0.882836662833049,0.869483900869046,0.013352761964003,0.75,TRUE
1216,1,16,"F2",100,0.2,0.1,10116,"bayes",TRUE,0.853845764138839,0.963963393096072,-0.110117628957233,0.45,TRUE
1217,2,16,"F3",100,0.2,0.1,10216,"bayes",TRUE,0.767500317020177,0.725817622309371,0.0416826947108057,0.166666666666667,TRUE
1218,3,16,"F1",300,0.2,0.1,10316,"bayes",TRUE,0.972865578621138,0.950353483004941,0.0225120956161967,0,TRUE
1219,4,16,"F2",300,0.2,0.1,10416,"bayes",TRUE,0.938038166585688,0.989274528206306,-0.0512363616206174,0.5,TRUE
1220,5,16,"F3",300,0.2,0.1,10516,"bayes",TRUE,0.712427347385546,0.712620034129484,-0.000192686743937465,0.158333333333333,FALSE
1221,6,16,"F1",1000,0.2,0.1,10616,"bayes",TRUE,0.953912274758472,0.96035226524516,-0.00643999048668797,0.15,FALSE
1222,7,16,"F2",1000,0.2,0.1,10716,"bayes",TRUE,0.910329090529878,0.944949129599208,-0.03462003906933,0.5,FALSE
1223,8,16,"F3",1000,0.2,0.1,10816,"bayes",TRUE,0.689293503877284,0.695054858747239,-0.00576135486995522,0.0588235294117647,FALSE
1224,9,16,"F1",100,0.5,0.1,10916,"bayes",TRUE,0.845312316894182,0.846504221229756,-0.00119190433557359,0.25,FALSE
1225,10,16,"F2",100,0.5,0.1,11016,"bayes",TRUE,0.791287028313205,0.85134880012044,-0.060061771807235,0.5,TRUE
1226,11,16,"F3",100,0.5,0.1,11116,"bayes",TRUE,0.878638221156264,0.851124446971882,0.0275137741843823,0.158333333333333,FALSE
1227,12,16,"F1",300,0.5,0.1,11216,"bayes",TRUE,0.911778982768875,0.909538521838447,0.00224046093042762,0.0375,FALSE
1228,13,16,"F2",300,0.5,0.1,11316,"bayes",TRUE,0.887026892530565,0.933388752446638,-0.046361859916073,0.675,FALSE
1229,14,16,"F3",300,0.5,0.1,11416,"bayes",TRUE,0.651886307833804,0.667487504189055,-0.0156011963552515,0.1,TRUE
1230,15,16,"F1",1000,0.5,0.1,11516,"bayes",TRUE,0.90990159867789,0.920307355849201,-0.0104057571713101,0.2125,FALSE
1231,16,16,"F2",1000,0.5,0.1,11616,"bayes",TRUE,0.893328938370321,0.910779205749993,-0.0174502673796718,0.5,FALSE
1232,17,16,"F3",1000,0.5,0.1,11716,"bayes",TRUE,0.627851817430825,0.626917781304505,0.000934036126319482,0.158333333333333,FALSE
1242,27,16,"F1",100,0.2,0.3,12716,"bayes",TRUE,0.923808402736501,0.989949343727783,-0.0661409409912821,0.5,FALSE
1243,28,16,"F2",100,0.2,0.3,12816,"bayes",TRUE,1.08239702323717,1.18959212320713,-0.107195099969965,0.5,TRUE
1244,29,16,"F3",100,0.2,0.3,12916,"bayes",TRUE,0.805857882571725,0.81608792307855,-0.0102300405068247,0,TRUE
1245,30,16,"F1",300,0.2,0.3,13016,"bayes",TRUE,0.871053503151215,0.877212018186731,-0.00615851503551579,0.25,FALSE
1246,31,16,"F2",300,0.2,0.3,13116,"bayes",TRUE,0.916670111765288,0.947281902910876,-0.030611791145588,0.180555555555556,TRUE
1247,32,16,"F3",300,0.2,0.3,13216,"bayes",TRUE,0.811187310606272,0.831179351786255,-0.0199920411799831,0.166666666666667,TRUE
1248,33,16,"F1",1000,0.2,0.3,13316,"bayes",TRUE,0.903792763011659,0.915923724447021,-0.0121309614353617,0.725,FALSE
1249,34,16,"F2",1000,0.2,0.3,13416,"bayes",TRUE,0.851259624573641,0.892734614816028,-0.0414749902423868,1,FALSE
1250,35,16,"F3",1000,0.2,0.3,13516,"bayes",TRUE,0.820235900972173,0.823697846177891,-0.00346194520571763,0.0526315789473684,TRUE
1251,36,16,"F1",100,0.5,0.3,13616,"bayes",TRUE,1.015156546042,1.01144433768789,0.00371220835410457,0,TRUE
1252,37,16,"F2",100,0.5,0.3,13716,"bayes",TRUE,0.800578994212936,0.806939703438536,-0.00636070922559961,0,TRUE
1253,38,16,"F3",100,0.5,0.3,13816,"bayes",TRUE,0.79436439075178,0.735330589518899,0.0590338012328803,0,TRUE
1254,39,16,"F1",300,0.5,0.3,13916,"bayes",TRUE,0.823865970654991,0.82156357400742,0.00230239664757115,0.1125,FALSE
1255,40,16,"F2",300,0.5,0.3,14016,"bayes",TRUE,0.787986125125033,0.833092414108973,-0.0451062889839405,0.6625,FALSE
1256,41,16,"F3",300,0.5,0.3,14116,"bayes",TRUE,0.500250681936783,0.500250680975703,9.61080215411414e-10,0,FALSE
1257,42,16,"F1",1000,0.5,0.3,14216,"bayes",TRUE,0.835038026077642,0.832194783233229,0.00284324284441251,0,FALSE
1258,43,16,"F2",1000,0.5,0.3,14316,"bayes",TRUE,0.901028238048108,0.927269225745231,-0.0262409876971238,0.25,TRUE
1259,44,16,"F3",1000,0.5,0.3,14416,"bayes",TRUE,0.629860358152679,0.636340895939002,-0.00648053778632296,0,FALSE
1269,54,16,"F1",100,0.2,0.5,15416,"bayes",TRUE,0.870998882058497,0.972613663939477,-0.101614781880981,0.5,TRUE
1270,55,16,"F2",100,0.2,0.5,15516,"bayes",TRUE,0.991335901070028,1.01087993890772,-0.0195440378376961,0,TRUE
1271,56,16,"F3",100,0.2,0.5,15616,"bayes",TRUE,0.600726996412064,0.62662490094684,-0.0258979045347751,0,TRUE
1272,57,16,"F1",300,0.2,0.5,15716,"bayes",TRUE,0.871506139245565,0.879223303515334,-0.00771716426976876,0.25,TRUE
1273,58,16,"F2",300,0.2,0.5,15816,"bayes",TRUE,0.816678854905968,0.865020033571463,-0.0483411786654943,0.75,TRUE
1274,59,16,"F3",300,0.2,0.5,15916,"bayes",TRUE,0.659946368683452,0.635064683436554,0.0248816852468982,0.166666666666667,TRUE
1275,60,16,"F1",1000,0.2,0.5,16016,"bayes",TRUE,0.916492690530182,0.913894759730062,0.00259793080011972,0.175,FALSE
1276,61,16,"F2",1000,0.2,0.5,16116,"bayes",TRUE,0.881334355583323,0.908988079912617,-0.0276537243292947,0.5,TRUE
1277,62,16,"F3",1000,0.2,0.5,16216,"bayes",TRUE,0.750350713060603,0.708410456846425,0.041940256214178,0.166666666666667,TRUE
1278,63,16,"F1",100,0.5,0.5,16316,"bayes",TRUE,0.812131737053954,0.795061472761001,0.0170702642929524,0,TRUE
1279,64,16,"F2",100,0.5,0.5,16416,"bayes",TRUE,0.892629153574214,0.86953237447426,0.0230967790999542,0,TRUE
1280,65,16,"F3",100,0.5,0.5,16516,"bayes",TRUE,0.51504224930518,0.618101699726122,-0.103059450420942,0.333333333333333,TRUE
1281,66,16,"F1",300,0.5,0.5,16616,"bayes",TRUE,0.934048116631494,0.925928434861568,0.00811968176992639,0.361111111111111,FALSE
1282,67,16,"F2",300,0.5,0.5,16716,"bayes",TRUE,0.954540877692218,0.960897391385731,-0.00635651369351342,0,TRUE
1283,68,16,"F3",300,0.5,0.5,16816,"bayes",TRUE,0.685220707451375,0.715640216015266,-0.0304195085638911,0.15,TRUE
1284,69,16,"F1",1000,0.5,0.5,16916,"bayes",TRUE,0.829704559850073,0.827804446888823,0.00190011296125003,0.1375,FALSE
1285,70,16,"F2",1000,0.5,0.5,17016,"bayes",TRUE,0.790486696171622,0.793035166725835,-0.00254847055421259,0.5,FALSE
1286,71,16,"F3",1000,0.5,0.5,17116,"bayes",TRUE,0.677244278789214,0.669891337140673,0.00735294164854117,0,FALSE
1296,0,17,"F1",100,0.2,0.1,10017,"bayes",TRUE,0.96300833500258,1.04218455364604,-0.0791762186434607,0.8375,FALSE
1297,1,17,"F2",100,0.2,0.1,10117,"bayes",TRUE,1.02428996082849,1.11149828013654,-0.0872083193080551,0.5,FALSE
1298,2,17,"F3",100,0.2,0.1,10217,"bayes",TRUE,0.569828161753181,0.614951360413315,-0.0451231986601343,0.333333333333333,FALSE
1299,3,17,"F1",300,0.2,0.1,10317,"bayes",TRUE,0.95884305029086,0.969413070615505,-0.0105700203246447,0.5,FALSE
1300,4,17,"F2",300,0.2,0.1,10417,"bayes",TRUE,0.82722359285612,0.912080422149422,-0.084856829293302,0.75,FALSE
1301,5,17,"F3",300,0.2,0.1,10517,"bayes",TRUE,0.717139295071851,0.734336951639875,-0.0171976565680242,0,TRUE
1302,6,17,"F1",1000,0.2,0.1,10617,"bayes",TRUE,0.911412329464596,0.92020586717615,-0.008793537711554,0.25,FALSE
1303,7,17,"F2",1000,0.2,0.1,10717,"bayes",TRUE,0.892875367072069,0.900751030872758,-0.00787566380068938,0.475,FALSE
1304,8,17,"F3",1000,0.2,0.1,10817,"bayes",TRUE,0.745623238838858,0.753650147199048,-0.0080269083601896,0.166666666666667,FALSE
1305,9,17,"F1",100,0.5,0.1,10917,"bayes",TRUE,0.839573667962056,0.852124656133769,-0.0125509881717132,0,TRUE
1306,10,17,"F2",100,0.5,0.1,11017,"bayes",TRUE,0.581545310447732,0.623105744214135,-0.0415604337664025,0.4625,TRUE
1307,11,17,"F3",100,0.5,0.1,11117,"bayes",TRUE,0.622679611436667,0.494016085576239,0.128663525860428,0,TRUE
1308,12,17,"F1",300,0.5,0.1,11217,"bayes",TRUE,0.730652769393294,0.746760433751806,-0.0161076643585115,0.283333333333333,FALSE
1309,13,17,"F2",300,0.5,0.1,11317,"bayes",TRUE,0.861106715134763,0.931450353807065,-0.0703436386723021,0.75,FALSE
1310,14,17,"F3",300,0.5,0.1,11417,"bayes",TRUE,0.674575441627986,0.627695892411179,0.0468795492168073,0,TRUE
1311,15,17,"F1",1000,0.5,0.1,11517,"bayes",TRUE,0.904381868774533,0.906028015784646,-0.00164614701011245,0.25,FALSE
1312,16,17,"F2",1000,0.5,0.1,11617,"bayes",TRUE,0.917639087907598,0.939344683650777,-0.0217055957431784,0.3125,FALSE
1313,17,17,"F3",1000,0.5,0.1,11717,"bayes",TRUE,0.602065811803939,0.615645792078322,-0.0135799802743823,0.0916666666666667,FALSE
1323,27,17,"F1",100,0.2,0.3,12717,"bayes",TRUE,0.892790336977423,0.943333767047049,-0.0505434300696258,0.5,TRUE
1324,28,17,"F2",100,0.2,0.3,12817,"bayes",TRUE,1.18174222366254,1.1500317943324,0.0317104293301398,0.5,TRUE
1325,29,17,"F3",100,0.2,0.3,12917,"bayes",TRUE,0.83318418256689,0.874967463975861,-0.041783281408971,0,TRUE
1326,30,17,"F1",300,0.2,0.3,13017,"bayes",TRUE,0.962680400360552,0.961010439914015,0.00166996044653711,0,TRUE
1327,31,17,"F2",300,0.2,0.3,13117,"bayes",TRUE,0.86105791515262,0.869538844068684,-0.00848092891606367,0.25,TRUE
1328,32,17,"F3",300,0.2,0.3,13217,"bayes",TRUE,0.851470931201942,0.808722696161947,0.0427482350399949,0.166666666666667,TRUE
1329,33,17,"F1",1000,0.2,0.3,13317,"bayes",TRUE,0.975779105441867,0.978807771339355,-0.00302866589748796,0.25,FALSE
1330,34,17,"F2",1000,0.2,0.3,13417,"bayes",TRUE,0.903627677665762,0.946748719096522,-0.0431210414307599,0.75,TRUE
1331,35,17,"F3",1000,0.2,0.3,13517,"bayes",TRUE,0.715464726736929,0.68311178551012,0.0323529412268089,0.116666666666667,TRUE
1332,36,17,"F1",100,0.5,0.3,13617,"bayes",TRUE,0.802358448989457,0.819213776216246,-0.0168553272267883,0.5,TRUE
1333,37,17,"F2",100,0.5,0.3,13717,"bayes",TRUE,0.782284458359553,1.02741545779387,-0.245130999434316,0.625,TRUE
1334,38,17,"F3",100,0.5,0.3,13817,"bayes",TRUE,0.644959588170925,0.5872672812693,0.0576923069016256,0,TRUE
1335,39,17,"F1",300,0.5,0.3,13917,"bayes",TRUE,0.848806545295213,0.850362715522241,-0.00155617022702814,0.05,FALSE
1336,40,17,"F2",300,0.5,0.3,14017,"bayes",TRUE,1.00106672983969,1.01388419208907,-0.0128174622493762,0.5,FALSE
1337,41,17,"F3",300,0.5,0.3,14117,"bayes",TRUE,0.662559518440612,0.64589285133971,0.0166666671009016,0,TRUE
1338,42,17,"F1",1000,0.5,0.3,14217,"bayes",TRUE,0.881320442782181,0.879013269380966,0.00230717340121456,0.425,FALSE
1339,43,17,"F2",1000,0.5,0.3,14317,"bayes",TRUE,0.861217637942395,0.859816544666403,0.00140109327599247,0.4,FALSE
1340,44,17,"F3",1000,0.5,0.3,14417,"bayes",TRUE,0.63265979593252,0.632659795524578,4.07943012703527e-10,0,FALSE
1350,54,17,"F1",100,0.2,0.5,15417,"bayes",TRUE,0.887505455713254,0.889152374590565,-0.0016469188773105,0.25,TRUE
1351,55,17,"F2",100,0.2,0.5,15517,"bayes",TRUE,0.938697916475971,0.961158449008887,-0.0224605325329155,0,TRUE
1352,56,17,"F3",100,0.2,0.5,15617,"bayes",TRUE,0.780494585988184,0.86872280244511,-0.0882282164569264,0,TRUE
1353,57,17,"F1",300,0.2,0.5,15717,"bayes",TRUE,0.939669252444561,0.955592063912273,-0.0159228114677124,0.25,TRUE
1354,58,17,"F2",300,0.2,0.5,15817,"bayes",TRUE,0.871249543122936,0.855675249836734,0.0155742932862023,0,TRUE
1355,59,17,"F3",300,0.2,0.5,15917,"bayes",TRUE,0.840741025909966,0.799519016814892,0.0412220090950743,0.1875,TRUE
1356,60,17,"F1",1000,0.2,0.5,16017,"bayes",TRUE,1.00247377797678,0.97363245863646,0.0288413193403195,0,TRUE
1357,61,17,"F2",1000,0.2,0.5,16117,"bayes",TRUE,1.01648366351653,1.03530648836101,-0.0188228248444795,0.25,TRUE
1358,62,17,"F3",1000,0.2,0.5,16217,"bayes",TRUE,0.772847348933585,0.772847348670253,2.63332911032421e-10,0,FALSE
1359,63,17,"F1",100,0.5,0.5,16317,"bayes",TRUE,1.00254155030545,0.936622208354952,0.0659193419505003,0.4625,TRUE
1360,64,17,"F2",100,0.5,0.5,16417,"bayes",TRUE,0.837818606234452,0.821167591114241,0.0166510151202108,0.25,TRUE
1361,65,17,"F3",100,0.5,0.5,16517,"bayes",TRUE,0.88001741184263,0.811920238219156,0.0680971736234746,0,TRUE
1362,66,17,"F1",300,0.5,0.5,16617,"bayes",TRUE,0.863086909279956,0.85526808364794,0.00781882563201552,0.367647058823529,FALSE
1363,67,17,"F2",300,0.5,0.5,16717,"bayes",TRUE,0.950891770700211,0.961973464386199,-0.0110816936859878,0.25,TRUE
1364,68,17,"F3",300,0.5,0.5,16817,"bayes",TRUE,0.705903723070244,0.637450628894082,0.068453094176162,0.166666666666667,TRUE
1365,69,17,"F1",1000,0.5,0.5,16917,"bayes",TRUE,0.900520908465035,0.893018862058893,0.00750204640614149,0.1375,FALSE
1366,70,17,"F2",1000,0.5,0.5,17017,"bayes",TRUE,0.918055489913531,0.921607211513515,-0.00355172159998474,0.220588235294118,FALSE
1367,71,17,"F3",1000,0.5,0.5,17117,"bayes",TRUE,0.680244965549759,0.657517693814556,0.0227272717352031,0,TRUE
1377,0,18,"F1",100,0.2,0.1,10018,"bayes",TRUE,0.919372958937035,0.92153796885734,-0.00216500992030566,0,TRUE
1378,1,18,"F2",100,0.2,0.1,10118,"bayes",TRUE,0.782419269593513,0.794893408100046,-0.0124741385065328,0.25,TRUE
1379,2,18,"F3",100,0.2,0.1,10218,"bayes",TRUE,0.616341165503732,0.616453863518815,-0.000112698015083512,0,TRUE
1380,3,18,"F1",300,0.2,0.1,10318,"bayes",TRUE,0.869752271705449,0.885108720036499,-0.0153564483310501,0.425,FALSE
1381,4,18,"F2",300,0.2,0.1,10418,"bayes",TRUE,1.01422637570987,1.00474637111311,0.00948000459676046,0,TRUE
1382,5,18,"F3",300,0.2,0.1,10518,"bayes",TRUE,0.698993490430681,0.680456182088447,0.0185373083422335,0.0583333333333333,TRUE
1383,6,18,"F1",1000,0.2,0.1,10618,"bayes",TRUE,0.881772934973164,0.880345872823171,0.001427062149993,0.25,FALSE
1384,7,18,"F2",1000,0.2,0.1,10718,"bayes",TRUE,0.94064462220564,1.0267004141895,-0.0860557919838643,0.85,FALSE
1385,8,18,"F3",1000,0.2,0.1,10818,"bayes",TRUE,0.716841176942024,0.716914939981047,-7.3763039022956e-05,0.1,TRUE
1386,9,18,"F1",100,0.5,0.1,10918,"bayes",TRUE,0.827007071232355,0.841093191516598,-0.0140861202842425,0.2625,TRUE
1387,10,18,"F2",100,0.5,0.1,11018,"bayes",TRUE,1.04541869249339,1.12281951992664,-0.0774008274332514,0.75,FALSE
1388,11,18,"F3",100,0.5,0.1,11118,"bayes",TRUE,0.877065119120324,0.668116622063875,0.20894849705645,0.166666666666667,TRUE
1389,12,18,"F1",300,0.5,0.1,11218,"bayes",TRUE,0.917218870854807,0.935341000478145,-0.0181221296233387,0.3625,FALSE
1390,13,18,"F2",300,0.5,0.1,11318,"bayes",TRUE,0.977747725771197,1.00800078806252,-0.0302530622913189,0.5,FALSE
1391,14,18,"F3",300,0.5,0.1,11418,"bayes",TRUE,0.675848128126155,0.700123531400318,-0.0242754032741626,0.175,TRUE
1392,15,18,"F1",1000,0.5,0.1,11518,"bayes",TRUE,0.839496780568466,0.837215147577927,0.0022816329905393,0.1875,FALSE
1393,16,18,"F2",1000,0.5,0.1,11618,"bayes",TRUE,0.918118964897123,0.949740963303453,-0.0316219984063302,0.5,FALSE
1394,17,18,"F3",1000,0.5,0.1,11718,"bayes",TRUE,0.655428912460931,0.655428912348926,1.12005293928519e-10,0,FALSE
1404,27,18,"F1",100,0.2,0.3,12718,"bayes",TRUE,0.858946898633007,0.889293128713243,-0.0303462300802357,0,TRUE
1405,28,18,"F2",100,0.2,0.3,12818,"bayes",TRUE,1.15699130186542,1.15729377600405,-0.000302474138627495,0.25,TRUE
1406,29,18,"F3",100,0.2,0.3,12918,"bayes",TRUE,0.659073865982289,0.629572179565022,0.0295016864172668,0,TRUE
1407,30,18,"F1",300,0.2,0.3,13018,"bayes",TRUE,1.01169993770878,1.02575547939732,-0.0140555416885342,0.475,FALSE
1408,31,18,"F2",300,0.2,0.3,13118,"bayes",TRUE,0.918385963473729,0.926318363104192,-0.00793239963046288,0.75,TRUE
1409,32,18,"F3",300,0.2,0.3,13218,"bayes",TRUE,0.704433354612343,0.628883903517468,0.0755494510948747,0,TRUE
1410,33,18,"F1",1000,0.2,0.3,13318,"bayes",TRUE,0.986867279530682,0.991986219300688,-0.00511893977000633,0.25,FALSE
1411,34,18,"F2",1000,0.2,0.3,13418,"bayes",TRUE,0.999760964033952,1.04006285064407,-0.0403018866101201,0.75,TRUE
1412,35,18,"F3",1000,0.2,0.3,13518,"bayes",TRUE,0.694425828812902,0.704842495315536,-0.0104166665026341,0,TRUE
1413,36,18,"F1",100,0.5,0.3,13618,"bayes",TRUE,0.949223291389762,0.949005661843929,0.000217629545832265,0.25,TRUE
1414,37,18,"F2",100,0.5,0.3,13718,"bayes",TRUE,1.20506958670726,1.25670596771892,-0.051636381011664,0.725,FALSE
1415,38,18,"F3",100,0.5,0.3,13818,"bayes",TRUE,0.650099406652479,0.629655778717692,0.0204436279347868,0,TRUE
1416,39,18,"F1",300,0.5,0.3,13918,"bayes",TRUE,0.937256780531204,0.957439434567894,-0.0201826540366898,0.25,FALSE
1417,40,18,"F2",300,0.5,0.3,14018,"bayes",TRUE,0.814168369499067,0.798153191828602,0.0160151776704649,0.723684210526316,TRUE
1418,41,18,"F3",300,0.5,0.3,14118,"bayes",TRUE,0.693214320085916,0.662379798225968,0.0308345218599474,0,TRUE
1419,42,18,"F1",1000,0.5,0.3,14218,"bayes",TRUE,0.922247372701642,0.92552337961383,-0.00327600691218755,0.25,FALSE
1420,43,18,"F2",1000,0.5,0.3,14318,"bayes",TRUE,0.818922361091687,0.820956813492986,-0.00203445240129974,0.275,FALSE
1421,44,18,"F3",1000,0.5,0.3,14418,"bayes",TRUE,0.766176486863806,0.766779895855235,-0.0006034089914283,0.166666666666667,FALSE
1431,54,18,"F1",100,0.2,0.5,15418,"bayes",TRUE,0.853299808436314,0.856469734676735,-0.00316992624042078,0,TRUE
1432,55,18,"F2",100,0.2,0.5,15518,"bayes",TRUE,0.949156944781048,1.06890275336131,-0.119745808580262,0.5,TRUE
1433,56,18,"F3",100,0.2,0.5,15618,"bayes",TRUE,0.530690590839622,0.54300000242942,-0.0123094115897986,0,TRUE
1434,57,18,"F1",300,0.2,0.5,15718,"bayes",TRUE,1.08399586211039,1.090703538192,-0.00670767608161493,0.25,TRUE
1435,58,18,"F2",300,0.2,0.5,15818,"bayes",TRUE,0.970748654837768,0.971941053336797,-0.00119239849902908,0.25,FALSE
1436,59,18,"F3",300,0.2,0.5,15918,"bayes",TRUE,0.619987493110509,0.685451614496059,-0.0654641213855499,0.166666666666667,TRUE
1437,60,18,"F1",1000,0.2,0.5,16018,"bayes",TRUE,0.978479972897847,0.978821759362287,-0.000341786464440053,0.2125,FALSE
1438,61,18,"F2",1000,0.2,0.5,16118,"bayes",TRUE,0.977224904785234,0.999847849847959,-0.0226229450627242,0.7375,TRUE
1439,62,18,"F3",1000,0.2,0.5,16218,"bayes",TRUE,0.798815171326483,0.797612350751003,0.00120282057547982,0,TRUE
1440,63,18,"F1",100,0.5,0.5,16318,"bayes",TRUE,1.03821519172367,1.02201330266505,0.0162018890586118,0,TRUE
1441,64,18,"F2",100,0.5,0.5,16418,"bayes",TRUE,1.03208836038824,1.02666704148813,0.00542131890011444,0,TRUE
1442,65,18,"F3",100,0.5,0.5,16518,"bayes",TRUE,0.655018117190584,0.669485538568821,-0.0144674213782374,0,TRUE
1443,66,18,"F1",300,0.5,0.5,16618,"bayes",TRUE,0.938113615038302,0.950772711518994,-0.0126590964806916,0.5,TRUE
1444,67,18,"F2",300,0.5,0.5,16718,"bayes",TRUE,0.803230965364732,0.812774412427192,-0.00954344706245991,0.375,FALSE
1445,68,18,"F3",300,0.5,0.5,16818,"bayes",TRUE,0.744246399376096,0.745793463351028,-0.00154706397493165,0.075,FALSE
1446,69,18,"F1",1000,0.5,0.5,16918,"bayes",TRUE,0.81090714535684,0.811688175283022,-0.000781029926182231,0.1,FALSE
1447,70,18,"F2",1000,0.5,0.5,17018,"bayes",TRUE,0.893493410195845,0.907848635711647,-0.0143552255158017,0.35,FALSE
1448,71,18,"F3",1000,0.5,0.5,17118,"bayes",TRUE,0.619639937556992,0.619412319099961,0.000227618457031231,0.0416666666666667,FALSE
1458,0,19,"F1",100,0.2,0.1,10019,"bayes",TRUE,1.18235322132741,1.18524539031745,-0.00289216899003408,0,TRUE
1459,1,19,"F2",100,0.2,0.1,10119,"bayes",TRUE,1.07654253695389,1.08069410040875,-0.00415156345485546,0,TRUE
1460,2,19,"F3",100,0.2,0.1,10219,"bayes",TRUE,0.724967145329412,0.793599921195155,-0.0686327758657423,0.333333333333333,TRUE
1461,3,19,"F1",300,0.2,0.1,10319,"bayes",TRUE,0.940966391466589,0.978429865026858,-0.0374634735602698,0.75,FALSE
1462,4,19,"F2",300,0.2,0.1,10419,"bayes",TRUE,0.723980187245844,0.802457737927475,-0.0784775506816311,0.75,FALSE
1463,5,19,"F3",300,0.2,0.1,10519,"bayes",TRUE,0.816377575938535,0.841235514915437,-0.0248579389769013,0.233333333333333,TRUE
1464,6,19,"F1",1000,0.2,0.1,10619,"bayes",TRUE,0.929773494939914,0.958856482823295,-0.0290829878833805,0.5875,FALSE
1465,7,19,"F2",1000,0.2,0.1,10719,"bayes",TRUE,0.999635611620769,1.04494686310594,-0.0453112514851703,0.5,FALSE
1466,8,19,"F3",1000,0.2,0.1,10819,"bayes",TRUE,0.708045363526167,0.715120835626912,-0.00707547210074466,0,TRUE
1467,9,19,"F1",100,0.5,0.1,10919,"bayes",TRUE,0.838921222883021,0.885328668160745,-0.0464074452777232,0.125,FALSE
1468,10,19,"F2",100,0.5,0.1,11019,"bayes",TRUE,0.788843119877564,0.999170967840475,-0.210327847962911,0.6625,TRUE
1469,11,19,"F3",100,0.5,0.1,11119,"bayes",TRUE,0.803225555992596,0.754080883094817,0.049144672897779,0,TRUE
1470,12,19,"F1",300,0.5,0.1,11219,"bayes",TRUE,0.903611140056363,0.919581256574526,-0.0159701165181626,0.421052631578947,FALSE
1471,13,19,"F2",300,0.5,0.1,11319,"bayes",TRUE,0.793927181264162,0.822471700242448,-0.0285445189782856,0.725,FALSE
1472,14,19,"F3",300,0.5,0.1,11419,"bayes",TRUE,0.854267408620895,0.796016645441377,0.0582507631795178,0,TRUE
1473,15,19,"F1",1000,0.5,0.1,11519,"bayes",TRUE,0.873965597383828,0.873435067504553,0.000530529879274155,0.075,FALSE
1474,16,19,"F2",1000,0.5,0.1,11619,"bayes",TRUE,0.931472527637937,0.961604420836711,-0.0301318931987747,0.5,FALSE
1475,17,19,"F3",1000,0.5,0.1,11719,"bayes",TRUE,0.67701001152797,0.674651521372074,0.0023584901558964,0,FALSE
1485,27,19,"F1",100,0.2,0.3,12719,"bayes",TRUE,1.0190170298118,1.03199864304974,-0.0129816132379383,0,TRUE
1486,28,19,"F2",100,0.2,0.3,12819,"bayes",TRUE,0.742820835942951,0.787370324192566,-0.0445494882496155,0.25,TRUE
1487,29,19,"F3",100,0.2,0.3,12919,"bayes",TRUE,0.688505138083161,0.726317756697478,-0.0378126186143172,0,TRUE
1488,30,19,"F1",300,0.2,0.3,13019,"bayes",TRUE,0.91957365238762,0.939370069706239,-0.0197964173186187,0.75,TRUE
1489,31,19,"F2",300,0.2,0.3,13119,"bayes",TRUE,0.783269209267203,0.813798131206161,-0.0305289219389585,0.5,FALSE
1490,32,19,"F3",300,0.2,0.3,13219,"bayes",TRUE,0.676670980095643,0.674626299853427,0.00204468024221582,0.166666666666667,FALSE
1491,33,19,"F1",1000,0.2,0.3,13319,"bayes",TRUE,0.929590453108917,0.923983637205639,0.00560681590327805,0,FALSE
1492,34,19,"F2",1000,0.2,0.3,13419,"bayes",TRUE,0.975323815880905,1.02461754694055,-0.0492937310596442,0.5,FALSE
1493,35,19,"F3",1000,0.2,0.3,13519,"bayes",TRUE,0.739521655362086,0.715453079287518,0.024068576074568,0.166666666666667,TRUE
1494,36,19,"F1",100,0.5,0.3,13619,"bayes",TRUE,1.06865717647977,1.03357365790836,0.0350835185714067,0.25,TRUE
1495,37,19,"F2",100,0.5,0.3,13719,"bayes",TRUE,1.06078951500264,1.09665658836579,-0.0358670733631483,0.575,TRUE
1496,38,19,"F3",100,0.5,0.3,13819,"bayes",TRUE,0.659391342169805,0.669727218921184,-0.0103358767513789,0.333333333333333,TRUE
1497,39,19,"F1",300,0.5,0.3,13919,"bayes",TRUE,0.868977722681931,0.86925011396486,-0.00027239128292933,0.1125,FALSE
1498,40,19,"F2",300,0.5,0.3,14019,"bayes",TRUE,0.890539903023505,0.961152583018713,-0.070612679995207,0.907894736842105,FALSE
1499,41,19,"F3",300,0.5,0.3,14119,"bayes",TRUE,0.566273275087372,0.55456562663072,0.0117076484566521,0.0666666666666667,TRUE
1500,42,19,"F1",1000,0.5,0.3,14219,"bayes",TRUE,0.877741762018247,0.877741762338139,-3.1989277893274e-10,0,FALSE
1501,43,19,"F2",1000,0.5,0.3,14319,"bayes",TRUE,0.88511124843808,0.882473122184544,0.0026381262535361,0,FALSE
1502,44,19,"F3",1000,0.5,0.3,14419,"bayes",TRUE,0.617389633407994,0.617389633147003,2.60991006584277e-10,0,FALSE
1512,54,19,"F1",100,0.2,0.5,15419,"bayes",TRUE,0.977170957256136,0.979780289741901,-0.00260933248576478,0,TRUE
1513,55,19,"F2",100,0.2,0.5,15519,"bayes",TRUE,1.02891100786484,1.04026170932494,-0.0113507014600964,0.1625,TRUE
1514,56,19,"F3",100,0.2,0.5,15619,"bayes",TRUE,0.642700858211864,0.592582744036616,0.050118114175248,0,TRUE
1515,57,19,"F1",300,0.2,0.5,15719,"bayes",TRUE,0.789699148803402,0.778618185856098,0.0110809629473043,0.25,TRUE
1516,58,19,"F2",300,0.2,0.5,15819,"bayes",TRUE,0.918175799071381,0.951844003704931,-0.0336682046335505,0.25,TRUE
1517,59,19,"F3",300,0.2,0.5,15919,"bayes",TRUE,0.731457057544561,0.805596998367857,-0.0741399408232954,0.166666666666667,TRUE
1518,60,19,"F1",1000,0.2,0.5,16019,"bayes",TRUE,1.00965424056895,1.00965424009332,4.7562420668612e-10,0,FALSE
1519,61,19,"F2",1000,0.2,0.5,16119,"bayes",TRUE,0.884789628285604,0.923634277750839,-0.0388446494652348,0.3625,TRUE
1520,62,19,"F3",1000,0.2,0.5,16219,"bayes",TRUE,0.686469271647608,0.686469271600911,4.66967575718513e-11,0,FALSE
1521,63,19,"F1",100,0.5,0.5,16319,"bayes",TRUE,0.899164904306159,0.85014270288682,0.049022201419339,0.0921052631578947,TRUE
1522,64,19,"F2",100,0.5,0.5,16419,"bayes",TRUE,0.894719756552215,0.894719752356209,4.19600576506696e-09,0,FALSE
1523,65,19,"F3",100,0.5,0.5,16519,"bayes",TRUE,0.872296461756466,0.968133222817954,-0.0958367610614873,0,TRUE
1524,66,19,"F1",300,0.5,0.5,16619,"bayes",TRUE,0.921900944424252,0.929812242655602,-0.00791129823135062,0.25,FALSE
1525,67,19,"F2",300,0.5,0.5,16719,"bayes",TRUE,0.910477139036205,0.917410916732237,-0.0069337776960321,0.25,FALSE
1526,68,19,"F3",300,0.5,0.5,16819,"bayes",TRUE,0.791285166293759,0.770547698289279,0.0207374680044794,0,TRUE
1527,69,19,"F1",1000,0.5,0.5,16919,"bayes",TRUE,0.861690873934981,0.861690873882164,5.28170840397024e-11,0,FALSE
1528,70,19,"F2",1000,0.5,0.5,17019,"bayes",TRUE,0.791218144693804,0.791218144946579,-2.52774468023631e-10,0,FALSE
1529,71,19,"F3",1000,0.5,0.5,17119,"bayes",TRUE,0.639645734312704,0.651725228267998,-0.0120794939552943,0.0166666666666667,TRUE
1539,0,20,"F1",100,0.2,0.1,10020,"bayes",TRUE,0.926135371683834,0.927999890328869,-0.00186451864503479,0.25,FALSE
1540,1,20,"F2",100,0.2,0.1,10120,"bayes",TRUE,1.26019886967857,1.25951946810637,0.000679401572204918,0,TRUE
1541,2,20,"F3",100,0.2,0.1,10220,"bayes",TRUE,0.661097172936817,0.664003420064238,-0.00290624712742116,0,TRUE
1542,3,20,"F1",300,0.2,0.1,10320,"bayes",TRUE,0.971181868078628,0.952495491389982,0.0186863766886464,0.5,TRUE
1543,4,20,"F2",300,0.2,0.1,10420,"bayes",TRUE,0.898204284787077,0.974740698490889,-0.0765364137038125,0.5,TRUE
1544,5,20,"F3",300,0.2,0.1,10520,"bayes",TRUE,0.639337601379796,0.674913686490157,-0.0355760851103608,0.333333333333333,FALSE
1545,6,20,"F1",1000,0.2,0.1,10620,"bayes",TRUE,0.964323194656995,0.964890144406186,-0.000566949749191359,0.25,FALSE
1546,7,20,"F2",1000,0.2,0.1,10720,"bayes",TRUE,0.966739375468978,1.02947532455956,-0.0627359490905814,0.5,TRUE
1547,8,20,"F3",1000,0.2,0.1,10820,"bayes",TRUE,0.751455399692227,0.757028764020037,-0.00557336432781053,0.269444444444444,FALSE
1548,9,20,"F1",100,0.5,0.1,10920,"bayes",TRUE,1.11709170312827,1.09175470983482,0.0253369932934588,0.5,FALSE
1549,10,20,"F2",100,0.5,0.1,11020,"bayes",TRUE,0.898249588803049,0.998350832836536,-0.100101244033487,0.425,TRUE
1550,11,20,"F3",100,0.5,0.1,11120,"bayes",TRUE,0.610816898805417,0.610816897895755,9.09662123405042e-10,0,TRUE
1551,12,20,"F1",300,0.5,0.1,11220,"bayes",TRUE,0.824539414513444,0.824077553861769,0.000461860651675083,0,FALSE
1552,13,20,"F2",300,0.5,0.1,11320,"bayes",TRUE,1.05276181439924,1.11120386502243,-0.0584420506231913,0.5,FALSE
1553,14,20,"F3",300,0.5,0.1,11420,"bayes",TRUE,0.684831665252445,0.693874429217556,-0.00904276396511028,0.075,FALSE
1554,15,20,"F1",1000,0.5,0.1,11520,"bayes",TRUE,0.816919104988382,0.816629125521306,0.000289979467076207,0,FALSE
1555,16,20,"F2",1000,0.5,0.1,11620,"bayes",TRUE,0.823150640785811,0.824055851779812,-0.000905210994001537,0.125,FALSE
1556,17,20,"F3",1000,0.5,0.1,11720,"bayes",TRUE,0.647581463638488,0.642600174656778,0.00498128898170913,0.3,FALSE
1566,27,20,"F1",100,0.2,0.3,12720,"bayes",TRUE,0.946370719124631,0.940836660525782,0.00553405859884937,0.25,TRUE
1567,28,20,"F2",100,0.2,0.3,12820,"bayes",TRUE,0.781352476029014,0.762452641776384,0.0188998342526305,0,TRUE
1568,29,20,"F3",100,0.2,0.3,12920,"bayes",TRUE,0.694248419062189,0.694977010477752,-0.000728591415563695,0.116666666666667,FALSE
1569,30,20,"F1",300,0.2,0.3,13020,"bayes",TRUE,0.885381024276382,0.89569717050752,-0.010316146231138,0.5,FALSE
1570,31,20,"F2",300,0.2,0.3,13120,"bayes",TRUE,0.894514056623436,0.952125617713213,-0.0576115610897768,0.5,FALSE
1571,32,20,"F3",300,0.2,0.3,13220,"bayes",TRUE,0.751886886060168,0.686781266849101,0.0651056192110673,0.166666666666667,TRUE
1572,33,20,"F1",1000,0.2,0.3,13320,"bayes",TRUE,0.88005923149592,0.890507749080942,-0.0104485175850227,0.4875,FALSE
1573,34,20,"F2",1000,0.2,0.3,13420,"bayes",TRUE,0.939225121370344,0.986408922899984,-0.0471838015296397,0.75,FALSE
1574,35,20,"F3",1000,0.2,0.3,13520,"bayes",TRUE,0.74482099405994,0.759881235139837,-0.0150602410798966,0,TRUE
1575,36,20,"F1",100,0.5,0.3,13620,"bayes",TRUE,1.0125997629582,1.01787886335987,-0.00527910040166635,0.25,TRUE
1576,37,20,"F2",100,0.5,0.3,13720,"bayes",TRUE,1.15066275818692,1.15103492554761,-0.000372167360697784,0,TRUE
1577,38,20,"F3",100,0.5,0.3,13820,"bayes",TRUE,0.707961136502262,0.716169294146311,-0.00820815764404892,0.308333333333333,FALSE
1578,39,20,"F1",300,0.5,0.3,13920,"bayes",TRUE,0.911908346354062,0.90484551382535,0.00706283252871165,0.111111111111111,FALSE
1579,40,20,"F2",300,0.5,0.3,14020,"bayes",TRUE,0.768283199125173,0.793503434265957,-0.0252202351407841,0.5,FALSE
1580,41,20,"F3",300,0.5,0.3,14120,"bayes",TRUE,0.752073766723952,0.752073764524418,2.19953355529157e-09,0,FALSE
1581,42,20,"F1",1000,0.5,0.3,14220,"bayes",TRUE,0.845224957922715,0.843661135246799,0.00156382267591615,0.2,FALSE
1582,43,20,"F2",1000,0.5,0.3,14320,"bayes",TRUE,0.863793863086502,0.866224075422789,-0.00243021233628615,0.25,FALSE
1583,44,20,"F3",1000,0.5,0.3,14420,"bayes",TRUE,0.660023926226486,0.660023926534625,-3.08138514704126e-10,0,FALSE
1593,54,20,"F1",100,0.2,0.5,15420,"bayes",TRUE,0.664621094165844,0.660533015084482,0.00408807908136244,0.25,TRUE
1594,55,20,"F2",100,0.2,0.5,15520,"bayes",TRUE,0.760650151640599,0.757645397341637,0.00300475429896196,0.25,TRUE
1595,56,20,"F3",100,0.2,0.5,15620,"bayes",TRUE,0.723256774977383,0.755009610973972,-0.0317528359965896,0,TRUE
1596,57,20,"F1",300,0.2,0.5,15720,"bayes",TRUE,0.839726458211525,0.845170107479729,-0.00544364926820318,0.25,TRUE
1597,58,20,"F2",300,0.2,0.5,15820,"bayes",TRUE,0.879084158472089,0.879479913106142,-0.000395754634052503,0.15625,TRUE
1598,59,20,"F3",300,0.2,0.5,15920,"bayes",TRUE,0.815406283985223,0.767539969528674,0.0478663144565488,0.166666666666667,TRUE
1599,60,20,"F1",1000,0.2,0.5,16020,"bayes",TRUE,0.992237663493279,0.988634898227003,0.0036027652662759,0,TRUE
1600,61,20,"F2",1000,0.2,0.5,16120,"bayes",TRUE,0.86850788141001,0.902435700330813,-0.0339278189208032,0.5,FALSE
1601,62,20,"F3",1000,0.2,0.5,16220,"bayes",TRUE,0.733515654364154,0.740437258669858,-0.00692160430570421,0,TRUE
1602,63,20,"F1",100,0.5,0.5,16320,"bayes",TRUE,0.795938906030977,0.798122667749021,-0.00218376171804402,0.5,TRUE
1603,64,20,"F2",100,0.5,0.5,16420,"bayes",TRUE,0.690105566637777,0.733836927662242,-0.0437313610244656,0.5,TRUE
1604,65,20,"F3",100,0.5,0.5,16520,"bayes",TRUE,0.538095309835384,0.652255034160377,-0.114159724324993,0,TRUE
1605,66,20,"F1",300,0.5,0.5,16620,"bayes",TRUE,0.934807110016087,0.905549664135374,0.0292574458807131,0,TRUE
1606,67,20,"F2",300,0.5,0.5,16720,"bayes",TRUE,0.887605668342572,0.933304698138337,-0.0456990297957649,0.5,TRUE
1607,68,20,"F3",300,0.5,0.5,16820,"bayes",TRUE,0.5976066470468,0.61529256423872,-0.0176859171919201,0.166666666666667,TRUE
1608,69,20,"F1",1000,0.5,0.5,16920,"bayes",TRUE,0.858264798345034,0.858264799510739,-1.16570486596856e-09,0,FALSE
1609,70,20,"F2",1000,0.5,0.5,17020,"bayes",TRUE,0.788117115479884,0.802375979477757,-0.0142588639978734,0.4,FALSE
1610,71,20,"F3",1000,0.5,0.5,17120,"bayes",TRUE,0.782940520082586,0.744133330622128,0.0388071894604576,0,TRUE
1620,0,21,"F1",100,0.2,0.1,10021,"bayes",TRUE,1.10417468377664,1.10712378360864,-0.0029490998320012,0,TRUE
1621,1,21,"F2",100,0.2,0.1,10121,"bayes",TRUE,0.904310353531331,0.963425514172012,-0.0591151606406807,0.5,TRUE
1622,2,21,"F3",100,0.2,0.1,10221,"bayes",TRUE,0.624081796030955,0.717010846682404,-0.0929290506514491,0.233333333333333,TRUE
1623,3,21,"F1",300,0.2,0.1,10321,"bayes",TRUE,0.931852205728344,0.954875229672724,-0.02302302394438,0.390625,TRUE
1624,4,21,"F2",300,0.2,0.1,10421,"bayes",TRUE,0.865748543228044,1.00410179984543,-0.138353256617386,0.75,TRUE
1625,5,21,"F3",300,0.2,0.1,10521,"bayes",TRUE,0.741294479099588,0.740579427112622,0.000715051986965309,0.108333333333333,TRUE
1626,6,21,"F1",1000,0.2,0.1,10621,"bayes",TRUE,1.02351488396326,1.02826520127157,-0.00475031730830344,0.25,FALSE
1627,7,21,"F2",1000,0.2,0.1,10721,"bayes",TRUE,0.82128377380384,0.86591329369232,-0.0446295198884799,0.75,FALSE
1628,8,21,"F3",1000,0.2,0.1,10821,"bayes",TRUE,0.759445787244275,0.764211780272816,-0.00476599302854097,0.166666666666667,TRUE
1629,9,21,"F1",100,0.5,0.1,10921,"bayes",TRUE,0.91716660055824,0.944430210449676,-0.0272636098914363,0.1875,FALSE
1630,10,21,"F2",100,0.5,0.1,11021,"bayes",TRUE,0.751511187236611,0.756603615630297,-0.00509242839368595,0.25,TRUE
1631,11,21,"F3",100,0.5,0.1,11121,"bayes",TRUE,0.851392947271743,0.8473708179935,0.00402212927824341,0.166666666666667,TRUE
1632,12,21,"F1",300,0.5,0.1,11221,"bayes",TRUE,0.761730522706244,0.763257476064877,-0.00152695335863284,0.0694444444444444,FALSE
1633,13,21,"F2",300,0.5,0.1,11321,"bayes",TRUE,0.788073019387056,0.843966135574357,-0.0558931161873006,0.5,FALSE
1634,14,21,"F3",300,0.5,0.1,11421,"bayes",TRUE,0.734051419046328,0.734051419585025,-5.38696975915798e-10,0,FALSE
1635,15,21,"F1",1000,0.5,0.1,11521,"bayes",TRUE,0.818528664400749,0.818528665111543,-7.10794423319783e-10,0,FALSE
1636,16,21,"F2",1000,0.5,0.1,11621,"bayes",TRUE,0.754520755224579,0.790033319680798,-0.0355125644562191,0.5,FALSE
1637,17,21,"F3",1000,0.5,0.1,11721,"bayes",TRUE,0.707597152026231,0.705119567879716,0.002477584146515,0.0916666666666667,FALSE
1647,27,21,"F1",100,0.2,0.3,12721,"bayes",TRUE,1.11163859745417,1.08208683288691,0.0295517645672656,0,TRUE
1648,28,21,"F2",100,0.2,0.3,12821,"bayes",TRUE,1.03264220892469,1.03834126192331,-0.00569905299862183,0,TRUE
1649,29,21,"F3",100,0.2,0.3,12921,"bayes",TRUE,0.715451049147559,0.746701049250174,-0.0312500001026154,0,TRUE
1650,30,21,"F1",300,0.2,0.3,13021,"bayes",TRUE,0.982542163108118,0.988422269153154,-0.00588010604503642,0.75,TRUE
1651,31,21,"F2",300,0.2,0.3,13121,"bayes",TRUE,1.11489808130181,1.12434662887931,-0.00944854757750058,0,TRUE
1652,32,21,"F3",300,0.2,0.3,13221,"bayes",TRUE,0.709451820698893,0.664808964127813,0.0446428565710806,0,TRUE
1653,33,21,"F1",1000,0.2,0.3,13321,"bayes",TRUE,0.969284022852931,0.964840418365636,0.00444360448729553,0,FALSE
1654,34,21,"F2",1000,0.2,0.3,13421,"bayes",TRUE,0.971219488343328,0.99782249806086,-0.0266030097175318,0.75,TRUE
1655,35,21,"F3",1000,0.2,0.3,13521,"bayes",TRUE,0.673430225808887,0.699773663369997,-0.0263434375611099,0.191666666666667,FALSE
1656,36,21,"F1",100,0.5,0.3,13621,"bayes",TRUE,0.68344620458222,0.799415730788837,-0.115969526206616,0.5,FALSE
1657,37,21,"F2",100,0.5,0.3,13721,"bayes",TRUE,1.0629855160714,1.12783647203768,-0.0648509559662747,0.5,TRUE
1658,38,21,"F3",100,0.5,0.3,13821,"bayes",TRUE,0.79647146849793,0.664023950328287,0.132447518169644,0,TRUE
1659,39,21,"F1",300,0.5,0.3,13921,"bayes",TRUE,0.888743406083242,0.902659426342894,-0.0139160202596524,0.25,FALSE
1660,40,21,"F2",300,0.5,0.3,14021,"bayes",TRUE,0.893351978123016,0.873322229144151,0.0200297489788658,0.486111111111111,TRUE
1661,41,21,"F3",300,0.5,0.3,14121,"bayes",TRUE,0.632218812826665,0.632218812156295,6.70369648680946e-10,0,FALSE
1662,42,21,"F1",1000,0.5,0.3,14221,"bayes",TRUE,0.890364569863115,0.890737205767438,-0.000372635904323015,0.118421052631579,FALSE
1663,43,21,"F2",1000,0.5,0.3,14321,"bayes",TRUE,0.752985033505796,0.776803288011216,-0.0238182545054203,0.705882352941176,FALSE
1664,44,21,"F3",1000,0.5,0.3,14421,"bayes",TRUE,0.631706286834377,0.655851020178843,-0.0241447333444662,0.166666666666667,TRUE
1674,54,21,"F1",100,0.2,0.5,15421,"bayes",TRUE,0.938235990472652,1.01248619470606,-0.0742502042334106,0.5,TRUE
1675,55,21,"F2",100,0.2,0.5,15521,"bayes",TRUE,1.00208651682185,0.99405506071354,0.00803145610830969,0.25,TRUE
1676,56,21,"F3",100,0.2,0.5,15621,"bayes",TRUE,0.92133203147611,0.795445845937201,0.125886185538909,0,TRUE
1677,57,21,"F1",300,0.2,0.5,15721,"bayes",TRUE,0.864222191290569,0.91175287766505,-0.0475306863744813,0.5,TRUE
1678,58,21,"F2",300,0.2,0.5,15821,"bayes",TRUE,0.844744464016785,0.912002255518896,-0.0672577915021105,0.5,FALSE
1679,59,21,"F3",300,0.2,0.5,15921,"bayes",TRUE,0.689007013262192,0.687783575095093,0.00122343816709913,0,TRUE
1680,60,21,"F1",1000,0.2,0.5,16021,"bayes",TRUE,0.99795138446607,1.00274545015525,-0.00479406568918461,0.25,TRUE
1681,61,21,"F2",1000,0.2,0.5,16121,"bayes",TRUE,0.922400025618475,0.922400025967281,-3.48805762051541e-10,0,FALSE
1682,62,21,"F3",1000,0.2,0.5,16221,"bayes",TRUE,0.683919668745938,0.683919668757428,-1.14899201264507e-11,0,FALSE
1683,63,21,"F1",100,0.5,0.5,16321,"bayes",TRUE,1.20715581919255,1.22609446552853,-0.0189386463359791,0.46875,TRUE
1684,64,21,"F2",100,0.5,0.5,16421,"bayes",TRUE,0.528801204492456,0.539000369953391,-0.0101991654609354,0.351293103448276,TRUE
1685,65,21,"F3",100,0.5,0.5,16521,"bayes",TRUE,0.809214079602499,0.896578154612996,-0.0873640750104974,0,TRUE
1686,66,21,"F1",300,0.5,0.5,16621,"bayes",TRUE,0.877634373689413,0.827500459604537,0.0501339140848764,0,TRUE
1687,67,21,"F2",300,0.5,0.5,16721,"bayes",TRUE,0.875115102865452,0.875115103515963,-6.50511755573291e-10,0,FALSE
1688,68,21,"F3",300,0.5,0.5,16821,"bayes",TRUE,0.647434883568186,0.644351654653088,0.00308322891509805,0.05,FALSE
1689,69,21,"F1",1000,0.5,0.5,16921,"bayes",TRUE,0.89020179889963,0.874705178773473,0.0154966201261565,0,FALSE
1690,70,21,"F2",1000,0.5,0.5,17021,"bayes",TRUE,0.874295558905212,0.897889130917537,-0.0235935720123253,0.425,FALSE
1691,71,21,"F3",1000,0.5,0.5,17121,"bayes",TRUE,0.682121440041045,0.65645761800372,0.0256638220373244,0,TRUE
1701,0,22,"F1",100,0.2,0.1,10022,"bayes",TRUE,0.969292121972495,0.956596600097871,0.0126955218746242,0.25,TRUE
1702,1,22,"F2",100,0.2,0.1,10122,"bayes",TRUE,0.881304683905026,0.936543945878172,-0.0552392619731457,0.25,TRUE
1703,2,22,"F3",100,0.2,0.1,10222,"bayes",TRUE,0.805449018821484,0.835150078034837,-0.0297010592133528,0.0416666666666667,TRUE
1704,3,22,"F1",300,0.2,0.1,10322,"bayes",TRUE,1.00822566100073,1.01639001014451,-0.00816434914378661,0.625,FALSE
1705,4,22,"F2",300,0.2,0.1,10422,"bayes",TRUE,0.858173061945632,0.94449256543873,-0.0863195034930982,0.95,FALSE
1706,5,22,"F3",300,0.2,0.1,10522,"bayes",TRUE,0.631232348091004,0.66132525965209,-0.030092911561086,0.333333333333333,TRUE
1707,6,22,"F1",1000,0.2,0.1,10622,"bayes",TRUE,0.995296875618401,0.99529687596278,-3.4437930285236e-10,0,FALSE
1708,7,22,"F2",1000,0.2,0.1,10722,"bayes",TRUE,0.996412360732417,1.02354141010518,-0.0271290493727682,0.473684210526316,FALSE
1709,8,22,"F3",1000,0.2,0.1,10822,"bayes",TRUE,0.714371653674601,0.710779535042859,0.00359211863174136,0,TRUE
1710,9,22,"F1",100,0.5,0.1,10922,"bayes",TRUE,0.732443936090683,0.801479914513199,-0.069035978422516,0.6625,FALSE
1711,10,22,"F2",100,0.5,0.1,11022,"bayes",TRUE,0.888191878486358,0.983503906392633,-0.0953120279062747,0.25,TRUE
1712,11,22,"F3",100,0.5,0.1,11122,"bayes",TRUE,0.626435518835265,0.608128821671406,0.018306697163859,0,TRUE
1713,12,22,"F1",300,0.5,0.1,11222,"bayes",TRUE,0.8069639900001,0.806192561383424,0.000771428616676673,0.25,FALSE
1714,13,22,"F2",300,0.5,0.1,11322,"bayes",TRUE,0.827048174780068,0.87876789334565,-0.051719718565582,0.5,FALSE
1715,14,22,"F3",300,0.5,0.1,11422,"bayes",TRUE,0.599867684380308,0.617033179855316,-0.017165495475008,0.166666666666667,FALSE
1716,15,22,"F1",1000,0.5,0.1,11522,"bayes",TRUE,0.758943288641794,0.758943288847105,-2.05311323497881e-10,0,FALSE
1717,16,22,"F2",1000,0.5,0.1,11622,"bayes",TRUE,0.838079935524316,0.86659966691989,-0.028519731395574,0.5,FALSE
1718,17,22,"F3",1000,0.5,0.1,11722,"bayes",TRUE,0.643778827490079,0.649076111916925,-0.00529728442684563,0.025,FALSE
1728,27,22,"F1",100,0.2,0.3,12722,"bayes",TRUE,1.04557999414263,1.06164603139851,-0.0160660372558796,0,TRUE
1729,28,22,"F2",100,0.2,0.3,12822,"bayes",TRUE,0.9797897438568,0.979198614679474,0.000591129177326177,0.0555555555555556,TRUE
1730,29,22,"F3",100,0.2,0.3,12922,"bayes",TRUE,0.628231093252406,0.613524590087052,0.0147065031653539,0.333333333333333,TRUE
1731,30,22,"F1",300,0.2,0.3,13022,"bayes",TRUE,0.961467783159576,0.963437431171004,-0.00196964801142818,0,TRUE
1732,31,22,"F2",300,0.2,0.3,13122,"bayes",TRUE,0.812838831146496,0.907036523454738,-0.0941976923082426,0.75,TRUE
1733,32,22,"F3",300,0.2,0.3,13222,"bayes",TRUE,0.863135602886968,0.830268200505514,0.0328674023814539,0.0583333333333333,TRUE
1734,33,22,"F1",1000,0.2,0.3,13322,"bayes",TRUE,0.963885260520034,0.960994988064483,0.00289027245555151,0,TRUE
1735,34,22,"F2",1000,0.2,0.3,13422,"bayes",TRUE,0.927793808002898,0.937547097559067,-0.00975328955616872,0.25,FALSE
1736,35,22,"F3",1000,0.2,0.3,13522,"bayes",TRUE,0.715603964523731,0.728024180926752,-0.0124202164030213,0.333333333333333,TRUE
1737,36,22,"F1",100,0.5,0.3,13622,"bayes",TRUE,0.736050128663238,0.649165591879684,0.0868845367835541,0.4125,TRUE
1738,37,22,"F2",100,0.5,0.3,13722,"bayes",TRUE,0.864902974137126,0.875223066500906,-0.0103200923637792,0.25,TRUE
1739,38,22,"F3",100,0.5,0.3,13822,"bayes",TRUE,0.795447541092703,0.782094620288006,0.0133529208046963,0.166666666666667,TRUE
1740,39,22,"F1",300,0.5,0.3,13922,"bayes",TRUE,0.864231919114326,0.810820542763715,0.0534113763506109,0.225,TRUE
1741,40,22,"F2",300,0.5,0.3,14022,"bayes",TRUE,0.975194657919197,0.993456525241977,-0.0182618673227807,0.375,FALSE
1742,41,22,"F3",300,0.5,0.3,14122,"bayes",TRUE,0.611898356084495,0.611898357945679,-1.86118465084206e-09,0,FALSE
1743,42,22,"F1",1000,0.5,0.3,14222,"bayes",TRUE,0.86275648146635,0.860987900510586,0.00176858095576338,0.1,FALSE
1744,43,22,"F2",1000,0.5,0.3,14322,"bayes",TRUE,0.803023070153472,0.822728522845268,-0.0197054526917955,0.675,FALSE
1745,44,22,"F3",1000,0.5,0.3,14422,"bayes",TRUE,0.679398384578485,0.641530748891084,0.0378676356874011,0.166666666666667,TRUE
1755,54,22,"F1",100,0.2,0.5,15422,"bayes",TRUE,1.15858949361612,1.16664579839296,-0.0080563047768385,0.25,TRUE
1756,55,22,"F2",100,0.2,0.5,15522,"bayes",TRUE,0.814185927574368,0.866752711072411,-0.0525667834980431,0.5,TRUE
1757,56,22,"F3",100,0.2,0.5,15622,"bayes",TRUE,0.71813405679202,0.671353561690751,0.0467804951012691,0,TRUE
1758,57,22,"F1",300,0.2,0.5,15722,"bayes",TRUE,0.947751511413847,0.96477772670301,-0.0170262152891634,0.25,TRUE
1759,58,22,"F2",300,0.2,0.5,15822,"bayes",TRUE,0.937731231584641,0.97187651970342,-0.0341452881187793,0.5,TRUE
1760,59,22,"F3",300,0.2,0.5,15922,"bayes",TRUE,0.666090498082177,0.58960936789258,0.0764811301895973,0.166666666666667,TRUE
1761,60,22,"F1",1000,0.2,0.5,16022,"bayes",TRUE,0.994147872468503,0.994147872400581,6.79215572674252e-11,0,FALSE
1762,61,22,"F2",1000,0.2,0.5,16122,"bayes",TRUE,1.00624594039216,1.00571927464319,0.000526665748969757,0.25,TRUE
1763,62,22,"F3",1000,0.2,0.5,16222,"bayes",TRUE,0.79252462783716,0.771390269981135,0.0211343578560254,0,TRUE
1764,63,22,"F1",100,0.5,0.5,16322,"bayes",TRUE,0.887661130860356,0.882684015635892,0.00497711522446487,0.75,FALSE
1765,64,22,"F2",100,0.5,0.5,16422,"bayes",TRUE,0.76531305787842,0.773783123107983,-0.00847006522956284,0.25,TRUE
1766,65,22,"F3",100,0.5,0.5,16522,"bayes",TRUE,0.996314902775424,0.86191675941001,0.134398143365415,0.141666666666667,TRUE
1767,66,22,"F1",300,0.5,0.5,16622,"bayes",TRUE,0.7619287715322,0.780127253749408,-0.0181984822172082,0.486111111111111,FALSE
1768,67,22,"F2",300,0.5,0.5,16722,"bayes",TRUE,0.917943121492399,0.909300998347322,0.00864212314507706,0,TRUE
1769,68,22,"F3",300,0.5,0.5,16822,"bayes",TRUE,0.602341337682958,0.595899695983888,0.00644164169906991,0.0416666666666667,FALSE
1770,69,22,"F1",1000,0.5,0.5,16922,"bayes",TRUE,0.955334623813113,0.957932487368474,-0.00259786355536062,0.1125,FALSE
1771,70,22,"F2",1000,0.5,0.5,17022,"bayes",TRUE,0.819248618901404,0.821682106302745,-0.00243348740134131,0.425,FALSE
1772,71,22,"F3",1000,0.5,0.5,17122,"bayes",TRUE,0.698011867178091,0.706632557143627,-0.00862068996553644,0,FALSE
1782,0,23,"F1",100,0.2,0.1,10023,"bayes",TRUE,0.868251261693014,0.871710989415831,-0.00345972772281655,0.5,TRUE
1783,1,23,"F2",100,0.2,0.1,10123,"bayes",TRUE,0.887380145725799,0.92102286927512,-0.0336427235493216,0.5,TRUE
1784,2,23,"F3",100,0.2,0.1,10223,"bayes",TRUE,0.555273697714545,0.541933402345723,0.0133402953688218,0,TRUE
1785,3,23,"F1",300,0.2,0.1,10323,"bayes",TRUE,1.01395612500449,1.00787525700859,0.00608086799590057,0.25,TRUE
1786,4,23,"F2",300,0.2,0.1,10423,"bayes",TRUE,0.910688959893886,0.988648813866977,-0.0779598539730907,0.25,TRUE
1787,5,23,"F3",300,0.2,0.1,10523,"bayes",TRUE,0.733844342180904,0.685281930325073,0.0485624118558314,0,TRUE
1788,6,23,"F1",1000,0.2,0.1,10623,"bayes",TRUE,0.895717864216903,0.907561649829354,-0.0118437856124505,0.5875,FALSE
1789,7,23,"F2",1000,0.2,0.1,10723,"bayes",TRUE,0.91474891542179,0.952883430339329,-0.0381345149175389,0.5,FALSE
1790,8,23,"F3",1000,0.2,0.1,10823,"bayes",TRUE,0.670508302501203,0.678911663922387,-0.00840336142118381,0.075,FALSE
1791,9,23,"F1",100,0.5,0.1,10923,"bayes",TRUE,0.857180730468261,0.837639388034341,0.0195413424339197,0.5,TRUE
1792,10,23,"F2",100,0.5,0.1,11023,"bayes",TRUE,0.789709835369898,0.939895925047644,-0.150186089677746,0.75,TRUE
1793,11,23,"F3",100,0.5,0.1,11123,"bayes",TRUE,0.708590718810076,0.735850097644574,-0.0272593788344975,0.15,TRUE
1794,12,23,"F1",300,0.5,0.1,11223,"bayes",TRUE,0.92052790687672,0.926700971771039,-0.0061730648943189,0.305555555555556,FALSE
1795,13,23,"F2",300,0.5,0.1,11323,"bayes",TRUE,0.855834895679489,0.91624754077854,-0.060412645099051,0.694444444444444,FALSE
1796,14,23,"F3",300,0.5,0.1,11423,"bayes",TRUE,0.597705296197607,0.599575465977595,-0.00187016977998744,0.166666666666667,FALSE
1797,15,23,"F1",1000,0.5,0.1,11523,"bayes",TRUE,0.870218023627594,0.872949733454316,-0.00273170982672188,0.075,FALSE
1798,16,23,"F2",1000,0.5,0.1,11623,"bayes",TRUE,0.852475816156383,0.877208432094112,-0.0247326159377294,0.7375,FALSE
1799,17,23,"F3",1000,0.5,0.1,11723,"bayes",TRUE,0.655075373120172,0.649259591571684,0.00581578154848839,0.116666666666667,FALSE
1809,27,23,"F1",100,0.2,0.3,12723,"bayes",TRUE,0.780067319942654,0.798074893748695,-0.0180075738060407,0.578125,FALSE
1810,28,23,"F2",100,0.2,0.3,12823,"bayes",TRUE,0.919544488307584,0.956332660782872,-0.0367881724752882,0.25,TRUE
1811,29,23,"F3",100,0.2,0.3,12923,"bayes",TRUE,0.757511962063985,0.798041080854986,-0.0405291187910003,0,TRUE
1812,30,23,"F1",300,0.2,0.3,13023,"bayes",TRUE,1.00338838937159,0.999334464492668,0.0040539248789182,0.25,FALSE
1813,31,23,"F2",300,0.2,0.3,13123,"bayes",TRUE,0.867876551161454,0.945216170324948,-0.0773396191634945,0.75,FALSE
1814,32,23,"F3",300,0.2,0.3,13223,"bayes",TRUE,0.768583143789384,0.731546106599101,0.0370370371902831,0,FALSE
1815,33,23,"F1",1000,0.2,0.3,13323,"bayes",TRUE,1.00545142847616,1.00774450249208,-0.00229307401591594,0.25,TRUE
1816,34,23,"F2",1000,0.2,0.3,13423,"bayes",TRUE,1.01984024467094,1.04968311761746,-0.0298428729465121,0.5,FALSE
1817,35,23,"F3",1000,0.2,0.3,13523,"bayes",TRUE,0.727444337474361,0.730315485333461,-0.00287114785910003,0,TRUE
1818,36,23,"F1",100,0.5,0.3,13623,"bayes",TRUE,0.887612811992197,0.919494262632784,-0.0318814506405871,0.5,TRUE
1819,37,23,"F2",100,0.5,0.3,13723,"bayes",TRUE,0.919493496526499,0.987782261981106,-0.0682887654546069,0.397058823529412,FALSE
1820,38,23,"F3",100,0.5,0.3,13823,"bayes",TRUE,0.76979630232096,0.769796300130445,2.19051532468484e-09,0,TRUE
1821,39,23,"F1",300,0.5,0.3,13923,"bayes",TRUE,0.84313813889143,0.835109895374996,0.00802824351643361,0.21875,FALSE
1822,40,23,"F2",300,0.5,0.3,14023,"bayes",TRUE,0.826907696665524,0.845676115775435,-0.0187684191099114,0.65625,FALSE
1823,41,23,"F3",300,0.5,0.3,14123,"bayes",TRUE,0.69457716369977,0.652910496446819,0.0416666672529509,0,TRUE
1824,42,23,"F1",1000,0.5,0.3,14223,"bayes",TRUE,0.771861849209173,0.7718618496227,-4.13526768383576e-10,0,FALSE
1825,43,23,"F2",1000,0.5,0.3,14323,"bayes",TRUE,0.91311354799733,0.918683885132594,-0.00557033713526367,0.25,FALSE
1826,44,23,"F3",1000,0.5,0.3,14423,"bayes",TRUE,0.687311840538327,0.654488489915404,0.0328233506229225,0.0666666666666667,TRUE
1836,54,23,"F1",100,0.2,0.5,15423,"bayes",TRUE,0.918269980386401,0.882389665812598,0.0358803145738026,0.125,TRUE
1837,55,23,"F2",100,0.2,0.5,15523,"bayes",TRUE,0.832945686176069,0.873553210976892,-0.0406075248008227,0.25,TRUE
1838,56,23,"F3",100,0.2,0.5,15623,"bayes",TRUE,0.64121082539288,0.772929657686069,-0.131718832293189,0.166666666666667,TRUE
1839,57,23,"F1",300,0.2,0.5,15723,"bayes",TRUE,0.774184662423286,0.774184661348329,1.07495745638175e-09,0,FALSE
1840,58,23,"F2",300,0.2,0.5,15823,"bayes",TRUE,1.10209393949942,1.10398916373422,-0.00189522423480537,0.0625,TRUE
1841,59,23,"F3",300,0.2,0.5,15923,"bayes",TRUE,0.774778720274916,0.752898882659276,0.0218798376156404,0,TRUE
1842,60,23,"F1",1000,0.2,0.5,16023,"bayes",TRUE,0.849620628789165,0.85090546349796,-0.0012848347087947,0.2375,FALSE
1843,61,23,"F2",1000,0.2,0.5,16123,"bayes",TRUE,0.953779634359721,0.954739350178522,-0.00095971581880161,0.1625,FALSE
1844,62,23,"F3",1000,0.2,0.5,16223,"bayes",TRUE,0.743526023827988,0.718015819733195,0.0255102040947934,0.175,FALSE
1845,63,23,"F1",100,0.5,0.5,16323,"bayes",TRUE,0.876422307008331,0.887095597854423,-0.010673290846092,0,TRUE
1846,64,23,"F2",100,0.5,0.5,16423,"bayes",TRUE,0.878892839152972,0.862860898912644,0.0160319402403277,0,TRUE
1847,65,23,"F3",100,0.5,0.5,16523,"bayes",TRUE,0.709982118713978,0.699181911193125,0.0108002075208526,0,TRUE
1848,66,23,"F1",300,0.5,0.5,16623,"bayes",TRUE,0.95322311797304,0.952968609384026,0.000254508589013325,0,TRUE
1849,67,23,"F2",300,0.5,0.5,16723,"bayes",TRUE,0.795211222653538,0.827752733434874,-0.0325415107813358,0.75,FALSE
1850,68,23,"F3",300,0.5,0.5,16823,"bayes",TRUE,0.823698101255965,0.808740405019136,0.0149576962368292,0.0555555555555556,TRUE
1851,69,23,"F1",1000,0.5,0.5,16923,"bayes",TRUE,0.807955878231608,0.807955878122821,1.08786868402433e-10,0,FALSE
1852,70,23,"F2",1000,0.5,0.5,17023,"bayes",TRUE,1.06468087577221,1.06240729533044,0.00227358044176573,0.6875,FALSE
1853,71,23,"F3",1000,0.5,0.5,17123,"bayes",TRUE,0.660327300500544,0.66968610564373,-0.00935880514318688,0.075,FALSE
1863,0,24,"F1",100,0.2,0.1,10024,"bayes",TRUE,1.03294132396005,1.05024199506276,-0.0173006711027148,0.25,TRUE
1864,1,24,"F2",100,0.2,0.1,10124,"bayes",TRUE,1.14843240839855,1.14824376119225,0.000188647206292636,0.1875,TRUE
1865,2,24,"F3",100,0.2,0.1,10224,"bayes",TRUE,0.681854965951392,0.698423383961235,-0.016568418009843,0,TRUE
1866,3,24,"F1",300,0.2,0.1,10324,"bayes",TRUE,0.978363141211366,1.00549581322998,-0.0271326720186178,0.3375,FALSE
1867,4,24,"F2",300,0.2,0.1,10424,"bayes",TRUE,0.805057480436597,0.908493370817597,-0.103435890381,0.75,TRUE
1868,5,24,"F3",300,0.2,0.1,10524,"bayes",TRUE,0.779461774550487,0.828048329804761,-0.0485865552542739,0.333333333333333,TRUE
1869,6,24,"F1",1000,0.2,0.1,10624,"bayes",TRUE,0.925783870105924,0.931291906188024,-0.00550803608210071,0.55,FALSE
1870,7,24,"F2",1000,0.2,0.1,10724,"bayes",TRUE,0.866690257077915,0.92008753358974,-0.0533972765118251,0.725,FALSE
1871,8,24,"F3",1000,0.2,0.1,10824,"bayes",TRUE,0.68241110514986,0.687882868150458,-0.00547176300059737,0.108333333333333,FALSE
1872,9,24,"F1",100,0.5,0.1,10924,"bayes",TRUE,0.769515645125498,0.800271580719447,-0.0307559355939487,0.5,FALSE
1873,10,24,"F2",100,0.5,0.1,11024,"bayes",TRUE,0.715064826642822,0.817571077586597,-0.102506250943775,0.4125,TRUE
1874,11,24,"F3",100,0.5,0.1,11124,"bayes",TRUE,0.661095786997462,0.596947957872934,0.0641478291245279,0.333333333333333,TRUE
1875,12,24,"F1",300,0.5,0.1,11224,"bayes",TRUE,0.870092868312029,0.882380339503524,-0.012287471191495,0.25,FALSE
1876,13,24,"F2",300,0.5,0.1,11324,"bayes",TRUE,0.793956593090588,0.864505797704465,-0.0705492046138768,0.75,FALSE
1877,14,24,"F3",300,0.5,0.1,11424,"bayes",TRUE,0.723071224147417,0.688586688435959,0.034484535711458,0,TRUE
1878,15,24,"F1",1000,0.5,0.1,11524,"bayes",TRUE,0.866621692983475,0.872994132787119,-0.00637243980364444,0.385526315789474,FALSE
1879,16,24,"F2",1000,0.5,0.1,11624,"bayes",TRUE,0.878150724226561,0.930236327774082,-0.0520856035475213,0.5,FALSE
1880,17,24,"F3",1000,0.5,0.1,11724,"bayes",TRUE,0.677713832084404,0.675399017221829,0.00231481486257523,0.0416666666666667,FALSE
1890,27,24,"F1",100,0.2,0.3,12724,"bayes",TRUE,0.968286022419021,1.00277601909497,-0.034489996675951,0.25,TRUE
1891,28,24,"F2",100,0.2,0.3,12824,"bayes",TRUE,1.15900430459046,1.11193161350796,0.047072691082503,0.25,TRUE
1892,29,24,"F3",100,0.2,0.3,12924,"bayes",TRUE,0.646744771004618,0.618966992912369,0.0277777780922485,0,TRUE
1893,30,24,"F1",300,0.2,0.3,13024,"bayes",TRUE,1.0224674426563,1.03746851352038,-0.0150010708640806,0.5,FALSE
1894,31,24,"F2",300,0.2,0.3,13124,"bayes",TRUE,0.924368004082472,0.978869819791465,-0.054501815708993,0.5,FALSE
1895,32,24,"F3",300,0.2,0.3,13224,"bayes",TRUE,0.741438481148553,0.698324337279475,0.0431141438690787,0,TRUE
1896,33,24,"F1",1000,0.2,0.3,13324,"bayes",TRUE,0.979246465610841,0.983684975805156,-0.00443851019431551,0.6375,FALSE
1897,34,24,"F2",1000,0.2,0.3,13424,"bayes",TRUE,0.944363530061729,0.967410276036319,-0.0230467459745898,0.390625,FALSE
1898,35,24,"F3",1000,0.2,0.3,13524,"bayes",TRUE,0.785328949506405,0.743930666821439,0.0413982826849658,0,TRUE
1899,36,24,"F1",100,0.5,0.3,13624,"bayes",TRUE,0.670401663574815,0.714139707549973,-0.0437380439751575,0.75,FALSE
1900,37,24,"F2",100,0.5,0.3,13724,"bayes",TRUE,0.865446488176615,0.875632768159251,-0.0101862799826359,0.4,TRUE
1901,38,24,"F3",100,0.5,0.3,13824,"bayes",TRUE,0.72579888634294,0.710305478491286,0.0154934078516538,0,TRUE
1902,39,24,"F1",300,0.5,0.3,13924,"bayes",TRUE,0.801039025490922,0.797513518027535,0.00352550746338642,0,TRUE
1903,40,24,"F2",300,0.5,0.3,14024,"bayes",TRUE,0.866146304594104,0.887017490541012,-0.0208711859469082,0.25,FALSE
1904,41,24,"F3",300,0.5,0.3,14124,"bayes",TRUE,0.570765745147462,0.64424400555254,-0.0734782604050784,0,TRUE
1905,42,24,"F1",1000,0.5,0.3,14224,"bayes",TRUE,0.830231975213894,0.830231975638961,-4.25067203657647e-10,0,FALSE
1906,43,24,"F2",1000,0.5,0.3,14324,"bayes",TRUE,1.02370353229471,1.0237035333103,-1.01558961240755e-09,0,FALSE
1907,44,24,"F3",1000,0.5,0.3,14424,"bayes",TRUE,0.744788181511091,0.730082299094695,0.0147058824163961,0.05,FALSE
1917,54,24,"F1",100,0.2,0.5,15424,"bayes",TRUE,0.851064153698371,0.860332583181181,-0.00926842948281026,0.12037037037037,TRUE
1918,55,24,"F2",100,0.2,0.5,15524,"bayes",TRUE,0.770452905459119,0.95969407306226,-0.189241167603141,0.5,TRUE
1919,56,24,"F3",100,0.2,0.5,15624,"bayes",TRUE,0.862184304766215,0.772709651023279,0.089474653742936,0.166666666666667,TRUE
1920,57,24,"F1",300,0.2,0.5,15724,"bayes",TRUE,0.914061013427199,0.917719322168541,-0.00365830874134154,0.5,TRUE
1921,58,24,"F2",300,0.2,0.5,15824,"bayes",TRUE,1.0283719207705,1.08333835305645,-0.0549664322859451,0.675,FALSE
1922,59,24,"F3",300,0.2,0.5,15924,"bayes",TRUE,0.839232438919727,0.906434836028439,-0.0672023971087121,0,TRUE
1923,60,24,"F1",1000,0.2,0.5,16024,"bayes",TRUE,0.826268851831301,0.828302179039814,-0.00203332720851268,0.4625,FALSE
1924,61,24,"F2",1000,0.2,0.5,16124,"bayes",TRUE,0.87574806357547,0.921154174681008,-0.0454061111055378,0.75,FALSE
1925,62,24,"F3",1000,0.2,0.5,16224,"bayes",TRUE,0.679105173482523,0.694339660383787,-0.0152344869012641,0.291666666666667,FALSE
1926,63,24,"F1",100,0.5,0.5,16324,"bayes",TRUE,0.865451856334416,0.826372258511909,0.039079597822507,0.25,TRUE
1927,64,24,"F2",100,0.5,0.5,16424,"bayes",TRUE,0.858159675158031,0.84861897317757,0.00954070198046142,0,TRUE
1928,65,24,"F3",100,0.5,0.5,16524,"bayes",TRUE,0.81134883412786,0.698808635171313,0.112540198956548,0,TRUE
1929,66,24,"F1",300,0.5,0.5,16624,"bayes",TRUE,1.03186581512541,0.96972439831795,0.062141416807463,0.5,TRUE
1930,67,24,"F2",300,0.5,0.5,16724,"bayes",TRUE,0.829820213593509,0.850666388339968,-0.0208461747464591,0,TRUE
1931,68,24,"F3",300,0.5,0.5,16824,"bayes",TRUE,0.676874153349202,0.693118597940813,-0.0162444445916112,0.1,TRUE
1932,69,24,"F1",1000,0.5,0.5,16924,"bayes",TRUE,0.829079715624468,0.829079715978509,-3.54040685657253e-10,0,FALSE
1933,70,24,"F2",1000,0.5,0.5,17024,"bayes",TRUE,0.798566823697305,0.806890762824313,-0.00832393912700802,0.0875,FALSE
1934,71,24,"F3",1000,0.5,0.5,17124,"bayes",TRUE,0.700768209079255,0.632971598810726,0.0677966102685292,0,TRUE
1944,0,25,"F1",100,0.2,0.1,10025,"bayes",TRUE,0.968984791688527,0.964746129238898,0.00423866244962889,0,TRUE
1945,1,25,"F2",100,0.2,0.1,10125,"bayes",TRUE,1.1527330780063,1.22166917025594,-0.0689360922496449,0.5,TRUE
1946,2,25,"F3",100,0.2,0.1,10225,"bayes",TRUE,0.735405061159994,0.6975143305297,0.0378907306302938,0.166666666666667,TRUE
1947,3,25,"F1",300,0.2,0.1,10325,"bayes",TRUE,0.883788425278259,0.889523741251709,-0.0057353159734499,0.25,FALSE
1948,4,25,"F2",300,0.2,0.1,10425,"bayes",TRUE,0.922144635232776,0.963018374889487,-0.0408737396567102,0.75,TRUE
1949,5,25,"F3",300,0.2,0.1,10525,"bayes",TRUE,0.773457329125929,0.762998708337735,0.0104586207881936,0.166666666666667,TRUE
1950,6,25,"F1",1000,0.2,0.1,10625,"bayes",TRUE,0.965245226759732,0.980696038607026,-0.015450811847294,0.475,FALSE
1951,7,25,"F2",1000,0.2,0.1,10725,"bayes",TRUE,0.940194025972438,0.978665576786559,-0.0384715508141205,0.5,FALSE
1952,8,25,"F3",1000,0.2,0.1,10825,"bayes",TRUE,0.756352967839648,0.751635987036505,0.0047169808031432,0,TRUE
1953,9,25,"F1",100,0.5,0.1,10925,"bayes",TRUE,0.811455665123057,0.828715442928566,-0.0172597778055092,0.5,TRUE
1954,10,25,"F2",100,0.5,0.1,11025,"bayes",TRUE,0.637105329783868,0.773938051939527,-0.136832722155659,0.666666666666667,TRUE
1955,11,25,"F3",100,0.5,0.1,11125,"bayes",TRUE,0.845318580901377,0.84602204173531,-0.000703460833933134,0,FALSE
1956,12,25,"F1",300,0.5,0.1,11225,"bayes",TRUE,0.826698972644568,0.853497495235815,-0.0267985225912463,0.6375,FALSE
1957,13,25,"F2",300,0.5,0.1,11325,"bayes",TRUE,0.905016716930651,0.959889143651339,-0.0548724267206875,0.75,FALSE
1958,14,25,"F3",300,0.5,0.1,11425,"bayes",TRUE,0.598216053582898,0.591954710058304,0.00626134352459395,0.075,TRUE
1959,15,25,"F1",1000,0.5,0.1,11525,"bayes",TRUE,0.888315454883666,0.888315454559408,3.24257842798659e-10,0,FALSE
1960,16,25,"F2",1000,0.5,0.1,11625,"bayes",TRUE,0.930187364034429,0.970012901457333,-0.0398255374229046,0.629545454545455,FALSE
1961,17,25,"F3",1000,0.5,0.1,11725,"bayes",TRUE,0.584541260263625,0.585343642202104,-0.000802381938478591,0.0333333333333333,FALSE
1971,27,25,"F1",100,0.2,0.3,12725,"bayes",TRUE,1.21328706933957,1.19302840803257,0.0202586613069964,0,TRUE
1972,28,25,"F2",100,0.2,0.3,12825,"bayes",TRUE,0.912458170819201,0.925719974676507,-0.0132618038573058,0,TRUE
1973,29,25,"F3",100,0.2,0.3,12925,"bayes",TRUE,0.852960425745811,0.86141503931242,-0.00845461356660859,0,TRUE
1974,30,25,"F1",300,0.2,0.3,13025,"bayes",TRUE,0.797441631863672,0.797771265459223,-0.000329633595551382,0.180555555555556,TRUE
1975,31,25,"F2",300,0.2,0.3,13125,"bayes",TRUE,0.872377982306387,0.905219700034436,-0.0328417177280496,0.625,FALSE
1976,32,25,"F3",300,0.2,0.3,13225,"bayes",TRUE,0.726581035434062,0.725140873529746,0.00144016190431606,0,TRUE
1977,33,25,"F1",1000,0.2,0.3,13325,"bayes",TRUE,0.97933603027489,0.976376203282988,0.00295982699190211,0.25,TRUE
1978,34,25,"F2",1000,0.2,0.3,13425,"bayes",TRUE,0.878405145432184,0.90375036550526,-0.025345220073076,0.5,TRUE
1979,35,25,"F3",1000,0.2,0.3,13525,"bayes",TRUE,0.726099798048012,0.734761814199649,-0.00866201615163742,0.00925925925925926,TRUE
1980,36,25,"F1",100,0.5,0.3,13625,"bayes",TRUE,0.779954839824374,0.790748974291593,-0.0107941344672196,0.5,TRUE
1981,37,25,"F2",100,0.5,0.3,13725,"bayes",TRUE,0.95724369182821,0.980926151128769,-0.023682459300559,0.4125,TRUE
1982,38,25,"F3",100,0.5,0.3,13825,"bayes",TRUE,0.690925505703939,0.59569464563801,0.0952308600659297,0.166666666666667,TRUE
1983,39,25,"F1",300,0.5,0.3,13925,"bayes",TRUE,0.779002748421857,0.779002748235745,1.86112014688433e-10,0,FALSE
1984,40,25,"F2",300,0.5,0.3,14025,"bayes",TRUE,0.80345565844923,0.806844029216442,-0.00338837076721199,0.1625,TRUE
1985,41,25,"F3",300,0.5,0.3,14125,"bayes",TRUE,0.671912073980709,0.66657753036738,0.00533454361332919,0.25,TRUE
1986,42,25,"F1",1000,0.5,0.3,14225,"bayes",TRUE,0.867279445233167,0.867160941047251,0.000118504185915191,0.2375,FALSE
1987,43,25,"F2",1000,0.5,0.3,14325,"bayes",TRUE,0.860871126346421,0.897939865054539,-0.0370687387081172,0.725,FALSE
1988,44,25,"F3",1000,0.5,0.3,14425,"bayes",TRUE,0.66433471208262,0.664334711806197,2.76422662537357e-10,0,FALSE
1998,54,25,"F1",100,0.2,0.5,15425,"bayes",TRUE,1.07925349942384,1.0761699108425,0.00308358858134428,0,TRUE
1999,55,25,"F2",100,0.2,0.5,15525,"bayes",TRUE,0.921693610847258,0.934997908263298,-0.0133042974160393,0,TRUE
2000,56,25,"F3",100,0.2,0.5,15625,"bayes",TRUE,1.00808793601103,1.00015142822567,0.00793650778536059,0,TRUE
2001,57,25,"F1",300,0.2,0.5,15725,"bayes",TRUE,1.0606832886386,1.07240409388584,-0.0117208052472468,0,TRUE
2002,58,25,"F2",300,0.2,0.5,15825,"bayes",TRUE,0.953670544596577,0.968080881668181,-0.014410337071604,0.5,FALSE
2003,59,25,"F3",300,0.2,0.5,15925,"bayes",TRUE,0.674377559861761,0.681411036819077,-0.00703347695731549,0.166666666666667,TRUE
2004,60,25,"F1",1000,0.2,0.5,16025,"bayes",TRUE,0.915600214879067,0.919294917262814,-0.00369470238374781,0.25,FALSE
2005,61,25,"F2",1000,0.2,0.5,16125,"bayes",TRUE,1.00647085728728,1.02022264876362,-0.0137517914763399,0.125,TRUE
2006,62,25,"F3",1000,0.2,0.5,16225,"bayes",TRUE,0.67868130521837,0.687563635599943,-0.00888233038157282,0.266666666666667,FALSE
2007,63,25,"F1",100,0.5,0.5,16325,"bayes",TRUE,0.606490435643268,0.614282318784236,-0.00779188314096768,0.225,FALSE
2008,64,25,"F2",100,0.5,0.5,16425,"bayes",TRUE,1.2293810243491,1.19457989902433,0.0348011253247711,0.25,TRUE
2009,65,25,"F3",100,0.5,0.5,16525,"bayes",TRUE,0.754737517891287,0.650995418329546,0.103742099561741,0.127450980392157,TRUE
2010,66,25,"F1",300,0.5,0.5,16625,"bayes",TRUE,0.927342008640272,0.886473893560342,0.0408681150799304,0,TRUE
2011,67,25,"F2",300,0.5,0.5,16725,"bayes",TRUE,1.04204978779893,1.03696639798617,0.00508338981275869,0,TRUE
2012,68,25,"F3",300,0.5,0.5,16825,"bayes",TRUE,0.680051547797133,0.67615184041439,0.00389970738274259,0.087719298245614,FALSE
2013,69,25,"F1",1000,0.5,0.5,16925,"bayes",TRUE,0.816237758360012,0.816764701626901,-0.000526943266888846,0.1,FALSE
2014,70,25,"F2",1000,0.5,0.5,17025,"bayes",TRUE,0.764476230968409,0.770250019269128,-0.00577378830071851,0.1375,FALSE
2015,71,25,"F3",1000,0.5,0.5,17125,"bayes",TRUE,0.72659076361634,0.726590763762129,-1.45789380567862e-10,0,FALSE
2025,0,26,"F1",100,0.2,0.1,10026,"bayes",TRUE,0.912819226000925,0.920325626307412,-0.00750640030648675,0.2,TRUE
2026,1,26,"F2",100,0.2,0.1,10126,"bayes",TRUE,0.832749606617596,0.953246230375639,-0.120496623758043,0.3375,TRUE
2027,2,26,"F3",100,0.2,0.1,10226,"bayes",TRUE,0.76831514629598,0.74331514558229,0.0250000007136908,0,TRUE
2028,3,26,"F1",300,0.2,0.1,10326,"bayes",TRUE,0.9447717876895,0.930038253097646,0.0147335345918546,0,TRUE
2029,4,26,"F2",300,0.2,0.1,10426,"bayes",TRUE,0.84033114514951,0.862789796799269,-0.0224586516497591,0.75,FALSE
2030,5,26,"F3",300,0.2,0.1,10526,"bayes",TRUE,0.810443895263446,0.817644355704807,-0.00720046044136036,0,TRUE
2031,6,26,"F1",1000,0.2,0.1,10626,"bayes",TRUE,0.910547268143182,0.918147941245976,-0.00760067310279333,0.3625,FALSE
2032,7,26,"F2",1000,0.2,0.1,10726,"bayes",TRUE,0.96561421108547,1.0158080996524,-0.0501938885669302,0.625,FALSE
2033,8,26,"F3",1000,0.2,0.1,10826,"bayes",TRUE,0.729867158484154,0.731625869353926,-0.00175871086977253,0.166666666666667,FALSE
2034,9,26,"F1",100,0.5,0.1,10926,"bayes",TRUE,0.778789621941498,0.774683904807704,0.00410571713379448,0.25,FALSE
2035,10,26,"F2",100,0.5,0.1,11026,"bayes",TRUE,1.0193611390907,1.10661745117784,-0.0872563120871388,0.800607287449393,FALSE
2036,11,26,"F3",100,0.5,0.1,11126,"bayes",TRUE,0.699769623355455,0.59602940698442,0.103740216371035,0.108333333333333,TRUE
2037,12,26,"F1",300,0.5,0.1,11226,"bayes",TRUE,0.823270065760271,0.832223731428471,-0.00895366566819988,0.736111111111111,FALSE
2038,13,26,"F2",300,0.5,0.1,11326,"bayes",TRUE,0.943161558733354,0.992479528327937,-0.0493179695945837,0.5,FALSE
2039,14,26,"F3",300,0.5,0.1,11426,"bayes",TRUE,0.771189614404315,0.753948234998993,0.0172413794053226,0.0416666666666667,TRUE
2040,15,26,"F1",1000,0.5,0.1,11526,"bayes",TRUE,0.830182631542587,0.830182631133215,4.09371758713917e-10,0,FALSE
2041,16,26,"F2",1000,0.5,0.1,11626,"bayes",TRUE,0.883182889909727,0.916812216578681,-0.0336293266689545,0.9625,FALSE
2042,17,26,"F3",1000,0.5,0.1,11726,"bayes",TRUE,0.656132394875886,0.648592880675259,0.00753951420062704,0.3,FALSE
2052,27,26,"F1",100,0.2,0.3,12726,"bayes",TRUE,1.00360510919027,0.989240162951109,0.0143649462391603,0.0625,TRUE
2053,28,26,"F2",100,0.2,0.3,12826,"bayes",TRUE,1.04905224800698,1.0477297250521,0.00132252295487589,0,TRUE
2054,29,26,"F3",100,0.2,0.3,12926,"bayes",TRUE,0.669056883916692,0.80016009609876,-0.131103212182068,0.175,TRUE
2055,30,26,"F1",300,0.2,0.3,13026,"bayes",TRUE,0.917132075647552,0.925020709884959,-0.00788863423740616,0,TRUE
2056,31,26,"F2",300,0.2,0.3,13126,"bayes",TRUE,1.15178838184486,1.18866572522728,-0.0368773433824197,0.7,TRUE
2057,32,26,"F3",300,0.2,0.3,13226,"bayes",TRUE,0.78032027024664,0.839842339818162,-0.0595220695715217,0.0595238095238095,TRUE
2058,33,26,"F1",1000,0.2,0.3,13326,"bayes",TRUE,0.971056200573908,0.980264712779095,-0.00920851220518693,0.25,FALSE
2059,34,26,"F2",1000,0.2,0.3,13426,"bayes",TRUE,0.975321563685881,1.04734785970351,-0.0720262960176329,0.75,FALSE
2060,35,26,"F3",1000,0.2,0.3,13526,"bayes",TRUE,0.758753251964396,0.773288135879605,-0.0145348839152086,0,TRUE
2061,36,26,"F1",100,0.5,0.3,13626,"bayes",TRUE,1.04021726286027,0.968124327098682,0.0720929357615905,0.1,TRUE
2062,37,26,"F2",100,0.5,0.3,13726,"bayes",TRUE,0.916436835256686,0.882248317484491,0.034188517772195,0.279411764705882,TRUE
2063,38,26,"F3",100,0.5,0.3,13826,"bayes",TRUE,0.85768692017539,0.864401354703452,-0.00671443452806197,0.195614035087719,TRUE
2064,39,26,"F1",300,0.5,0.3,13926,"bayes",TRUE,0.790695302170671,0.80291194223491,-0.0122166400642393,0.25,FALSE
2065,40,26,"F2",300,0.5,0.3,14026,"bayes",TRUE,0.824919301179166,0.822622238515602,0.00229706266356389,0.5,FALSE
2066,41,26,"F3",300,0.5,0.3,14126,"bayes",TRUE,0.707155450596109,0.670118414512712,0.0370370360833973,0,TRUE
2067,42,26,"F1",1000,0.5,0.3,14226,"bayes",TRUE,0.848567322238324,0.856244187819459,-0.00767686558113534,0.35,FALSE
2068,43,26,"F2",1000,0.5,0.3,14326,"bayes",TRUE,0.83404685615166,0.862500918721658,-0.0284540625699987,0.5875,FALSE
2069,44,26,"F3",1000,0.5,0.3,14426,"bayes",TRUE,0.696141846094143,0.696109926544398,3.19195497450186e-05,0,TRUE
2079,54,26,"F1",100,0.2,0.5,15426,"bayes",TRUE,0.765628466934423,0.845970986360129,-0.0803425194257059,0.430555555555556,TRUE
2080,55,26,"F2",100,0.2,0.5,15526,"bayes",TRUE,0.619832582600376,0.626204638367042,-0.00637205576666644,0,TRUE
2081,56,26,"F3",100,0.2,0.5,15626,"bayes",TRUE,0.91594054807183,0.911364857306205,0.00457569076562536,0,TRUE
2082,57,26,"F1",300,0.2,0.5,15726,"bayes",TRUE,1.00678999428615,1.02306750282842,-0.0162775085422755,0.25,FALSE
2083,58,26,"F2",300,0.2,0.5,15826,"bayes",TRUE,0.783270390431015,0.823247000569245,-0.0399766101382293,0.5,TRUE
2084,59,26,"F3",300,0.2,0.5,15926,"bayes",TRUE,0.741091710561287,0.742019064343886,-0.000927353782599227,0,TRUE
2085,60,26,"F1",1000,0.2,0.5,16026,"bayes",TRUE,0.893050903488562,0.877851403106707,0.0151995003818549,0.308823529411765,FALSE
2086,61,26,"F2",1000,0.2,0.5,16126,"bayes",TRUE,0.984291545965744,0.980967289581513,0.00332425638423106,0.673076923076923,TRUE
2087,62,26,"F3",1000,0.2,0.5,16226,"bayes",TRUE,0.819876889526136,0.788058707715761,0.0318181818103754,0,TRUE
2088,63,26,"F1",100,0.5,0.5,16326,"bayes",TRUE,0.912240549836897,0.906132685160681,0.00610786467621593,0.25,TRUE
2089,64,26,"F2",100,0.5,0.5,16426,"bayes",TRUE,0.763446342476216,0.734837110915565,0.0286092315606504,0.5,TRUE
2090,65,26,"F3",100,0.5,0.5,16526,"bayes",TRUE,0.879446545432329,0.86073488366511,0.0187116617672192,0,TRUE
2091,66,26,"F1",300,0.5,0.5,16626,"bayes",TRUE,1.01483724939586,1.01997274666333,-0.00513549726746465,0.25,TRUE
2092,67,26,"F2",300,0.5,0.5,16726,"bayes",TRUE,0.878494887468293,0.892252313460572,-0.0137574259922796,0.75,FALSE
2093,68,26,"F3",300,0.5,0.5,16826,"bayes",TRUE,0.868862747952827,0.880767509516548,-0.0119047615637216,0,TRUE
2094,69,26,"F1",1000,0.5,0.5,16926,"bayes",TRUE,0.918904084489683,0.918904083936551,5.53131540570462e-10,0,FALSE
2095,70,26,"F2",1000,0.5,0.5,17026,"bayes",TRUE,0.88462696361326,0.890853418583994,-0.00622645497073471,0.45,FALSE
2096,71,26,"F3",1000,0.5,0.5,17126,"bayes",TRUE,0.601432525735538,0.601432526294257,-5.58718515897283e-10,0,FALSE
2106,0,27,"F1",100,0.2,0.1,10027,"bayes",TRUE,0.949568577136653,0.95369135483588,-0.00412277769922709,0.131578947368421,TRUE
2107,1,27,"F2",100,0.2,0.1,10127,"bayes",TRUE,0.846980441562285,0.833353351620877,0.0136270899414077,0.25,TRUE
2108,2,27,"F3",100,0.2,0.1,10227,"bayes",TRUE,0.956430154729924,0.861676176000502,0.0947539787294219,0,TRUE
2109,3,27,"F1",300,0.2,0.1,10327,"bayes",TRUE,1.02526174963172,1.02116337918159,0.00409837045012407,0.25,FALSE
2110,4,27,"F2",300,0.2,0.1,10427,"bayes",TRUE,0.883856447878625,0.968258121356335,-0.0844016734777108,0.710526315789474,TRUE
2111,5,27,"F3",300,0.2,0.1,10527,"bayes",TRUE,0.828656010875474,0.841053773001635,-0.0123977621261607,0.15,TRUE
2112,6,27,"F1",1000,0.2,0.1,10627,"bayes",TRUE,0.954727725170257,0.954727725499936,-3.29679061827903e-10,0,FALSE
2113,7,27,"F2",1000,0.2,0.1,10727,"bayes",TRUE,0.969273575996499,1.03373512055564,-0.064461544559137,0.75,FALSE
2114,8,27,"F3",1000,0.2,0.1,10827,"bayes",TRUE,0.721943511116871,0.70594351112506,0.015999999991811,0,TRUE
2115,9,27,"F1",100,0.5,0.1,10927,"bayes",TRUE,0.941935824557972,1.00096109142245,-0.0590252668644824,0.470588235294118,TRUE
2116,10,27,"F2",100,0.5,0.1,11027,"bayes",TRUE,0.771612927485168,0.905850641849847,-0.134237714364679,0.6,TRUE
2117,11,27,"F3",100,0.5,0.1,11127,"bayes",TRUE,0.876128591012127,0.852052111612949,0.0240764793991775,0.1,TRUE
2118,12,27,"F1",300,0.5,0.1,11227,"bayes",TRUE,0.91236110962219,0.917588429112009,-0.00522731948981958,0.5,FALSE
2119,13,27,"F2",300,0.5,0.1,11327,"bayes",TRUE,0.94623778553366,0.977660873008006,-0.0314230874743463,0.5,FALSE
2120,14,27,"F3",300,0.5,0.1,11427,"bayes",TRUE,0.64980865725046,0.649808657647955,-3.97494814841082e-10,0,FALSE
2121,15,27,"F1",1000,0.5,0.1,11527,"bayes",TRUE,0.682651132720216,0.682651132721723,-1.50623957750895e-12,0,FALSE
2122,16,27,"F2",1000,0.5,0.1,11627,"bayes",TRUE,0.799545516100686,0.823643348088003,-0.0240978319873167,0.5,FALSE
2123,17,27,"F3",1000,0.5,0.1,11727,"bayes",TRUE,0.684507150281202,0.687085120782518,-0.00257797050131636,0.108333333333333,FALSE
2133,27,27,"F1",100,0.2,0.3,12727,"bayes",TRUE,0.971537030318447,0.976716350606351,-0.00517932028790358,0,TRUE
2134,28,27,"F2",100,0.2,0.3,12827,"bayes",TRUE,1.08762559283127,1.0923106139028,-0.00468502107153035,0,TRUE
2135,29,27,"F3",100,0.2,0.3,12927,"bayes",TRUE,0.726229511157587,0.672692547410859,0.0535369637467272,0.15,TRUE
2136,30,27,"F1",300,0.2,0.3,13027,"bayes",TRUE,0.987121714105205,0.976574599683605,0.0105471144215993,0.35,TRUE
2137,31,27,"F2",300,0.2,0.3,13127,"bayes",TRUE,1.05827513014057,1.15461241507231,-0.096337284931749,0.8875,FALSE
2138,32,27,"F3",300,0.2,0.3,13227,"bayes",TRUE,0.839173828670025,0.822828095438517,0.0163457332315089,0.0648148148148148,TRUE
2139,33,27,"F1",1000,0.2,0.3,13327,"bayes",TRUE,0.932456030264192,0.949055092819871,-0.0165990625556784,0.6875,FALSE
2140,34,27,"F2",1000,0.2,0.3,13427,"bayes",TRUE,0.951408948859467,0.971382057770215,-0.019973108910748,0.5,FALSE
2141,35,27,"F3",1000,0.2,0.3,13527,"bayes",TRUE,0.72153474576779,0.722376612224914,-0.000841866457124141,0.293421052631579,FALSE
2142,36,27,"F1",100,0.5,0.3,13627,"bayes",TRUE,0.951736126760298,0.97394903056225,-0.0222129038019514,0.421052631578947,TRUE
2143,37,27,"F2",100,0.5,0.3,13727,"bayes",TRUE,0.818015140296045,0.804114466905724,0.0139006733903216,0.25,TRUE
2144,38,27,"F3",100,0.5,0.3,13827,"bayes",TRUE,0.518951118498408,0.581284655627844,-0.0623335371294359,0.208333333333333,TRUE
2145,39,27,"F1",300,0.5,0.3,13927,"bayes",TRUE,0.866427942420295,0.872612783685193,-0.00618484126489782,0.275,FALSE
2146,40,27,"F2",300,0.5,0.3,14027,"bayes",TRUE,0.792030552818816,0.875915401069347,-0.0838848482505312,0.545394736842105,FALSE
2147,41,27,"F3",300,0.5,0.3,14127,"bayes",TRUE,0.717417830439419,0.717853778063628,-0.00043594762420951,0.156862745098039,FALSE
2148,42,27,"F1",1000,0.5,0.3,14227,"bayes",TRUE,0.857609909126566,0.857609909646216,-5.19649656638421e-10,0,FALSE
2149,43,27,"F2",1000,0.5,0.3,14327,"bayes",TRUE,0.774271777261557,0.764771377525747,0.00950039973580941,0.325,FALSE
2150,44,27,"F3",1000,0.5,0.3,14427,"bayes",TRUE,0.754245207295771,0.714959492731507,0.0392857145642642,0,TRUE
2160,54,27,"F1",100,0.2,0.5,15427,"bayes",TRUE,0.948411146327319,0.94624771517672,0.00216343115059892,0,TRUE
2161,55,27,"F2",100,0.2,0.5,15527,"bayes",TRUE,0.770236398779163,0.742376999915136,0.0278593988640271,0,TRUE
2162,56,27,"F3",100,0.2,0.5,15627,"bayes",TRUE,0.694102399848299,0.617777953695133,0.0763244461531664,0.166666666666667,TRUE
2163,57,27,"F1",300,0.2,0.5,15727,"bayes",TRUE,0.990812960778418,1.00421116816605,-0.0133982073876322,0.333333333333333,TRUE
2164,58,27,"F2",300,0.2,0.5,15827,"bayes",TRUE,0.806502867983866,0.820799934622106,-0.0142970666382406,0.5,TRUE
2165,59,27,"F3",300,0.2,0.5,15927,"bayes",TRUE,0.822974849982236,0.837888428763037,-0.0149135787808005,0,TRUE
2166,60,27,"F1",1000,0.2,0.5,16027,"bayes",TRUE,0.935047478790406,0.937736966876367,-0.00268948808596159,0.25,FALSE
2167,61,27,"F2",1000,0.2,0.5,16127,"bayes",TRUE,0.976498065464267,0.987454402231572,-0.0109563367673045,0.28125,FALSE
2168,62,27,"F3",1000,0.2,0.5,16227,"bayes",TRUE,0.765445022172675,0.769682310460919,-0.00423728828824377,0,TRUE
2169,63,27,"F1",100,0.5,0.5,16327,"bayes",TRUE,1.07143194747116,1.05876190682167,0.0126700406494837,0.25,TRUE
2170,64,27,"F2",100,0.5,0.5,16427,"bayes",TRUE,0.697264614902138,0.683582993212822,0.0136816216893161,0,TRUE
2171,65,27,"F3",100,0.5,0.5,16527,"bayes",TRUE,0.566675630218036,0.534320644584326,0.0323549856337109,0.166666666666667,TRUE
2172,66,27,"F1",300,0.5,0.5,16627,"bayes",TRUE,0.90013436233876,0.900134363086322,-7.47561679226294e-10,0,FALSE
2173,67,27,"F2",300,0.5,0.5,16727,"bayes",TRUE,0.775528120224732,0.766573898170776,0.00895422205395613,0.25,FALSE
2174,68,27,"F3",300,0.5,0.5,16827,"bayes",TRUE,0.618728373608274,0.627296019174557,-0.00856764556628276,0.108333333333333,FALSE
2175,69,27,"F1",1000,0.5,0.5,16927,"bayes",TRUE,0.891550000507754,0.896313242118741,-0.00476324161098696,0.428819444444444,FALSE
2176,70,27,"F2",1000,0.5,0.5,17027,"bayes",TRUE,0.82688612495953,0.837113945629024,-0.0102278206694935,0.381578947368421,TRUE
2177,71,27,"F3",1000,0.5,0.5,17127,"bayes",TRUE,0.706342013846141,0.723947647962983,-0.0176056341168424,0.3,FALSE
2187,0,28,"F1",100,0.2,0.1,10028,"bayes",TRUE,1.06873564586616,1.07196439221251,-0.00322874634635029,0,TRUE
2188,1,28,"F2",100,0.2,0.1,10128,"bayes",TRUE,0.974804691165575,1.03143486296496,-0.0566301717993876,0.730769230769231,FALSE
2189,2,28,"F3",100,0.2,0.1,10228,"bayes",TRUE,0.800379540476068,0.836093826258136,-0.0357142857820685,0,TRUE
2190,3,28,"F1",300,0.2,0.1,10328,"bayes",TRUE,1.01647054256787,1.01704960205177,-0.000579059483907018,0.175,TRUE
2191,4,28,"F2",300,0.2,0.1,10428,"bayes",TRUE,0.85462083340848,0.901562107550576,-0.0469412741420954,0.6125,TRUE
2192,5,28,"F3",300,0.2,0.1,10528,"bayes",TRUE,0.693851422963935,0.693738040910222,0.000113382053713806,0.133333333333333,TRUE
2193,6,28,"F1",1000,0.2,0.1,10628,"bayes",TRUE,0.949855603169791,0.949855603527443,-3.57651908089451e-10,0,FALSE
2194,7,28,"F2",1000,0.2,0.1,10728,"bayes",TRUE,0.871675855632532,0.900928317884867,-0.0292524622523347,0.75,TRUE
2195,8,28,"F3",1000,0.2,0.1,10828,"bayes",TRUE,0.733179817119291,0.733179816953645,1.65645497318678e-10,0,FALSE
2196,9,28,"F1",100,0.5,0.1,10928,"bayes",TRUE,0.854664226228093,0.842393859360408,0.012270366867685,0.227554179566563,FALSE
2197,10,28,"F2",100,0.5,0.1,11028,"bayes",TRUE,0.915426401265053,0.875016740023518,0.040409661241535,0,TRUE
2198,11,28,"F3",100,0.5,0.1,11128,"bayes",TRUE,0.564672153754429,0.606133067136511,-0.0414609133820821,0.166666666666667,TRUE
2199,12,28,"F1",300,0.5,0.1,11228,"bayes",TRUE,0.845671840286076,0.845889462774486,-0.000217622488409286,0.275,FALSE
2200,13,28,"F2",300,0.5,0.1,11328,"bayes",TRUE,0.755035181771191,0.795260668800297,-0.0402254870291062,0.5,TRUE
2201,14,28,"F3",300,0.5,0.1,11428,"bayes",TRUE,0.739758187655203,0.716346262164987,0.0234119254902154,0.0666666666666667,TRUE
2202,15,28,"F1",1000,0.5,0.1,11528,"bayes",TRUE,0.830235493714256,0.840801825405757,-0.0105663316915007,0.3875,FALSE
2203,16,28,"F2",1000,0.5,0.1,11628,"bayes",TRUE,0.886221096560383,0.917267176902902,-0.0310460803425189,0.75,FALSE
2204,17,28,"F3",1000,0.5,0.1,11728,"bayes",TRUE,0.670384837071503,0.684226403905545,-0.0138415668340417,0.333333333333333,FALSE
2214,27,28,"F1",100,0.2,0.3,12728,"bayes",TRUE,0.881767204135477,0.922414709909112,-0.040647505773635,0.5,TRUE
2215,28,28,"F2",100,0.2,0.3,12828,"bayes",TRUE,0.782820896393967,0.793511828891124,-0.0106909324971569,0.25,TRUE
2216,29,28,"F3",100,0.2,0.3,12928,"bayes",TRUE,0.784641975886823,0.894143321965077,-0.109501346078254,0.333333333333333,TRUE
2217,30,28,"F1",300,0.2,0.3,13028,"bayes",TRUE,0.97281952740325,0.978042121978877,-0.00522259457562657,0.389285714285714,FALSE
2218,31,28,"F2",300,0.2,0.3,13128,"bayes",TRUE,1.15757265731776,1.20681466456928,-0.049242007251521,0.421052631578947,TRUE
2219,32,28,"F3",300,0.2,0.3,13228,"bayes",TRUE,0.718100686983871,0.756631876591065,-0.0385311896071939,0.166666666666667,TRUE
2220,33,28,"F1",1000,0.2,0.3,13328,"bayes",TRUE,0.921542838663151,0.919476238313293,0.00206660034985817,0.25,FALSE
2221,34,28,"F2",1000,0.2,0.3,13428,"bayes",TRUE,0.894501318618057,0.909209675903113,-0.0147083572850563,0.675,FALSE
2222,35,28,"F3",1000,0.2,0.3,13528,"bayes",TRUE,0.706698348779108,0.679771779620301,0.026926569158807,0.075,TRUE
2223,36,28,"F1",100,0.5,0.3,13628,"bayes",TRUE,0.78648590851623,0.78419070204324,0.00229520647298986,0,TRUE
2224,37,28,"F2",100,0.5,0.3,13728,"bayes",TRUE,1.11053111058958,1.10375064373583,0.00678046685375167,0.725,FALSE
2225,38,28,"F3",100,0.5,0.3,13828,"bayes",TRUE,0.665168377859592,0.597041405843338,0.0681269720162543,0,FALSE
2226,39,28,"F1",300,0.5,0.3,13928,"bayes",TRUE,0.980832316767349,1.02012486859429,-0.0392925518269397,0.722222222222222,FALSE
2227,40,28,"F2",300,0.5,0.3,14028,"bayes",TRUE,0.862956463025236,0.895753701139265,-0.0327972381140296,0.5,FALSE
2228,41,28,"F3",300,0.5,0.3,14128,"bayes",TRUE,0.723176992668652,0.738842840730755,-0.0156658480621029,0.333333333333333,FALSE
2229,42,28,"F1",1000,0.5,0.3,14228,"bayes",TRUE,0.754983103888843,0.754983103594992,2.93851054600225e-10,0,FALSE
2230,43,28,"F2",1000,0.5,0.3,14328,"bayes",TRUE,0.904695884420538,0.909030983356192,-0.00433509893565365,0.1625,FALSE
2231,44,28,"F3",1000,0.5,0.3,14428,"bayes",TRUE,0.638605282186247,0.636691444984929,0.00191383720131788,0.108333333333333,FALSE
2241,54,28,"F1",100,0.2,0.5,15428,"bayes",TRUE,0.871183341977909,0.883506546258673,-0.0123232042807643,0.25,TRUE
2242,55,28,"F2",100,0.2,0.5,15528,"bayes",TRUE,0.851217510063635,0.862614863691855,-0.0113973536282194,0.21875,TRUE
2243,56,28,"F3",100,0.2,0.5,15628,"bayes",TRUE,0.539328776518767,0.663490099304479,-0.124161322785712,0,TRUE
2244,57,28,"F1",300,0.2,0.5,15728,"bayes",TRUE,0.955665137438789,0.976558070500189,-0.0208929330613997,0.5,TRUE
2245,58,28,"F2",300,0.2,0.5,15828,"bayes",TRUE,0.994241575150817,1.02200632158828,-0.0277647464374589,0.525,FALSE
2246,59,28,"F3",300,0.2,0.5,15928,"bayes",TRUE,0.777137010796627,0.780134825457341,-0.00299781466071425,0.0833333333333333,TRUE
2247,60,28,"F1",1000,0.2,0.5,16028,"bayes",TRUE,0.9858303432507,0.986369958880415,-0.000539615629714718,0,FALSE
2248,61,28,"F2",1000,0.2,0.5,16128,"bayes",TRUE,1.00907295774366,1.00848312445605,0.000589833287609975,0.25,FALSE
2249,62,28,"F3",1000,0.2,0.5,16228,"bayes",TRUE,0.762804005530946,0.773105232646708,-0.010301227115763,0.166666666666667,FALSE
2250,63,28,"F1",100,0.5,0.5,16328,"bayes",TRUE,0.721695280566148,0.65316775411583,0.0685275264503185,0.4125,TRUE
2251,64,28,"F2",100,0.5,0.5,16428,"bayes",TRUE,0.924461035085495,0.827879758964692,0.0965812761208028,0,TRUE
2252,65,28,"F3",100,0.5,0.5,16528,"bayes",TRUE,0.593762094860194,0.626601312221927,-0.0328392173617322,0,TRUE
2253,66,28,"F1",300,0.5,0.5,16628,"bayes",TRUE,0.962680757403228,0.974748049994063,-0.0120672925908354,0.5,FALSE
2254,67,28,"F2",300,0.5,0.5,16728,"bayes",TRUE,0.788846902169756,0.824162805387633,-0.0353159032178767,0.455882352941176,FALSE
2255,68,28,"F3",300,0.5,0.5,16828,"bayes",TRUE,0.627816696411553,0.580397474515485,0.0474192218960681,0.166666666666667,TRUE
2256,69,28,"F1",1000,0.5,0.5,16928,"bayes",TRUE,0.857147990076988,0.855886011446532,0.00126197863045652,0,FALSE
2257,70,28,"F2",1000,0.5,0.5,17028,"bayes",TRUE,0.823005091080849,0.844580043020174,-0.0215749519393251,0.325,FALSE
2258,71,28,"F3",1000,0.5,0.5,17128,"bayes",TRUE,0.682814863377068,0.682814863199335,1.7773282845468e-10,0,FALSE
2268,0,29,"F1",100,0.2,0.1,10029,"bayes",TRUE,0.922052588773036,0.941565484933867,-0.0195128961608306,0,TRUE
2269,1,29,"F2",100,0.2,0.1,10129,"bayes",TRUE,0.975455769320408,1.03065485216739,-0.0551990828469779,0.5,TRUE
2270,2,29,"F3",100,0.2,0.1,10229,"bayes",TRUE,0.935073841814654,0.904298574113706,0.030775267700948,0.166666666666667,TRUE
2271,3,29,"F1",300,0.2,0.1,10329,"bayes",TRUE,1.07176451766968,1.08488240421354,-0.013117886543867,0.5,FALSE
2272,4,29,"F2",300,0.2,0.1,10429,"bayes",TRUE,0.819271714981039,0.85463528755466,-0.0353635725736209,0.75,FALSE
2273,5,29,"F3",300,0.2,0.1,10529,"bayes",TRUE,0.793236645760197,0.765098117417582,0.0281385283426147,0,TRUE
2274,6,29,"F1",1000,0.2,0.1,10629,"bayes",TRUE,0.94712064689331,0.946289063627962,0.000831583265348157,0.35,FALSE
2275,7,29,"F2",1000,0.2,0.1,10729,"bayes",TRUE,0.855474341342733,0.889172932651892,-0.0336985913091592,0.5,FALSE
2276,8,29,"F3",1000,0.2,0.1,10829,"bayes",TRUE,0.683748188319012,0.671646795225731,0.0121013930932813,0.15,FALSE
2277,9,29,"F1",100,0.5,0.1,10929,"bayes",TRUE,0.894813272384142,0.899364119000785,-0.00455084661664318,0,FALSE
2278,10,29,"F2",100,0.5,0.1,11029,"bayes",TRUE,0.799661845315826,0.8202640776762,-0.0206022323603743,0.75,FALSE
2279,11,29,"F3",100,0.5,0.1,11129,"bayes",TRUE,0.727440909008301,0.742875341234315,-0.0154344322260138,0.166666666666667,TRUE
2280,12,29,"F1",300,0.5,0.1,11229,"bayes",TRUE,0.879557077310749,0.886316798945383,-0.00675972163463445,0.75,FALSE
2281,13,29,"F2",300,0.5,0.1,11329,"bayes",TRUE,0.790707713932923,0.846076722180968,-0.0553690082480445,0.5,FALSE
2282,14,29,"F3",300,0.5,0.1,11429,"bayes",TRUE,0.653612759152481,0.659710319888732,-0.00609756073625134,0.0333333333333333,FALSE
2283,15,29,"F1",1000,0.5,0.1,11529,"bayes",TRUE,0.856460707438667,0.85646070757887,-1.40203737508671e-10,0,FALSE
2284,16,29,"F2",1000,0.5,0.1,11629,"bayes",TRUE,0.810493611493802,0.838065887478069,-0.0275722759842669,0.5,FALSE
2285,17,29,"F3",1000,0.5,0.1,11729,"bayes",TRUE,0.693167959040751,0.699291673599559,-0.00612371455880811,0.05,FALSE
2295,27,29,"F1",100,0.2,0.3,12729,"bayes",TRUE,1.01211763641704,1.03358741239867,-0.021469775981636,0.5,TRUE
2296,28,29,"F2",100,0.2,0.3,12829,"bayes",TRUE,0.849574485278245,0.857413145088012,-0.00783865980976683,0,TRUE
2297,29,29,"F3",100,0.2,0.3,12929,"bayes",TRUE,0.975077222111201,0.92056657050748,0.0545106516037204,0,TRUE
2298,30,29,"F1",300,0.2,0.3,13029,"bayes",TRUE,0.916422691506722,0.913056949462887,0.00336574204383433,0,TRUE
2299,31,29,"F2",300,0.2,0.3,13129,"bayes",TRUE,0.984831461477434,0.974813872861439,0.010017588615995,0,TRUE
2300,32,29,"F3",300,0.2,0.3,13229,"bayes",TRUE,0.723076496897258,0.753548594034406,-0.0304720971371483,0.308333333333333,TRUE
2301,33,29,"F1",1000,0.2,0.3,13329,"bayes",TRUE,0.918175021820247,0.929519306370395,-0.0113442845501478,0.25,FALSE
2302,34,29,"F2",1000,0.2,0.3,13429,"bayes",TRUE,1.06480577606035,1.09622412176003,-0.0314183456996768,0.5,TRUE
2303,35,29,"F3",1000,0.2,0.3,13529,"bayes",TRUE,0.74752358064536,0.751586445175734,-0.00406286453037397,0.166666666666667,TRUE
2304,36,29,"F1",100,0.5,0.3,13629,"bayes",TRUE,0.760767468123053,0.674021303163456,0.0867461649595964,0.25,TRUE
2305,37,29,"F2",100,0.5,0.3,13729,"bayes",TRUE,0.935530920438377,0.974080610630308,-0.0385496901919304,0,TRUE
2306,38,29,"F3",100,0.5,0.3,13829,"bayes",TRUE,0.769461161838049,0.719587497609942,0.0498736642281068,0.166666666666667,TRUE
2307,39,29,"F1",300,0.5,0.3,13929,"bayes",TRUE,0.850468050919775,0.853629748092873,-0.00316169717309844,0.1875,FALSE
2308,40,29,"F2",300,0.5,0.3,14029,"bayes",TRUE,0.878888279457464,0.946754969413773,-0.0678666899563094,0.675,FALSE
2309,41,29,"F3",300,0.5,0.3,14129,"bayes",TRUE,0.654752088972945,0.654752088778553,1.94392835162205e-10,0,FALSE
2310,42,29,"F1",1000,0.5,0.3,14229,"bayes",TRUE,0.853791279107537,0.866795557023797,-0.0130042779162598,0.25,FALSE
2311,43,29,"F2",1000,0.5,0.3,14329,"bayes",TRUE,0.837789961987775,0.841033973878802,-0.00324401189102719,0.25,FALSE
2312,44,29,"F3",1000,0.5,0.3,14429,"bayes",TRUE,0.747827282695404,0.689502278152518,0.058325004542886,0,TRUE
2322,54,29,"F1",100,0.2,0.5,15429,"bayes",TRUE,0.715664322023003,0.721708286487525,-0.00604396446452182,0,TRUE
2323,55,29,"F2",100,0.2,0.5,15529,"bayes",TRUE,0.855645915302662,0.849639995346682,0.00600591995597977,0,TRUE
2324,56,29,"F3",100,0.2,0.5,15629,"bayes",TRUE,0.838480389737205,0.630147056550906,0.2083333331863,0,TRUE
2325,57,29,"F1",300,0.2,0.5,15729,"bayes",TRUE,0.98496158765953,0.982250837695225,0.00271074996430476,0.25,FALSE
2326,58,29,"F2",300,0.2,0.5,15829,"bayes",TRUE,0.996182619948381,1.06323432998716,-0.0670517100387823,0.75,TRUE
2327,59,29,"F3",300,0.2,0.5,15929,"bayes",TRUE,0.782961296270128,0.759246714579932,0.0237145816901964,0,TRUE
2328,60,29,"F1",1000,0.2,0.5,16029,"bayes",TRUE,0.870802327386741,0.870802327201964,1.84776194345204e-10,0,FALSE
2329,61,29,"F2",1000,0.2,0.5,16129,"bayes",TRUE,0.930748795555613,0.94557205832885,-0.014823262773237,0.25,FALSE
2330,62,29,"F3",1000,0.2,0.5,16229,"bayes",TRUE,0.683627808539324,0.699637212538922,-0.0160094039995976,0.333333333333333,FALSE
2331,63,29,"F1",100,0.5,0.5,16329,"bayes",TRUE,0.928091009195649,0.941700661331641,-0.0136096521359921,0,TRUE
2332,64,29,"F2",100,0.5,0.5,16429,"bayes",TRUE,0.918396811745826,0.796348785913592,0.122048025832235,0.1625,TRUE
2333,65,29,"F3",100,0.5,0.5,16529,"bayes",TRUE,0.797103894320181,0.7792752168523,0.0178286774678806,0,TRUE
2334,66,29,"F1",300,0.5,0.5,16629,"bayes",TRUE,0.788229605275967,0.800600201329419,-0.0123705960534519,0.3125,FALSE
2335,67,29,"F2",300,0.5,0.5,16729,"bayes",TRUE,1.00582006396172,0.934396612259894,0.0714234517018248,0,TRUE
2336,68,29,"F3",300,0.5,0.5,16829,"bayes",TRUE,0.661395943980759,0.610388757664011,0.0510071863167481,0.166666666666667,TRUE
2337,69,29,"F1",1000,0.5,0.5,16929,"bayes",TRUE,0.866207449285024,0.866207449728205,-4.43180714349012e-10,0,FALSE
2338,70,29,"F2",1000,0.5,0.5,17029,"bayes",TRUE,0.823623992297211,0.831660031457548,-0.00803603916033768,0.5,FALSE
2339,71,29,"F3",1000,0.5,0.5,17129,"bayes",TRUE,0.680313573231442,0.697786329866991,-0.0174727566355493,0.25,TRUE
2349,0,30,"F1",100,0.2,0.1,10030,"bayes",TRUE,1.03140696609042,1.03814755690438,-0.00674059081396927,0,TRUE
2350,1,30,"F2",100,0.2,0.1,10130,"bayes",TRUE,0.967180276814396,1.08217410267139,-0.114993825856994,0.75,FALSE
2351,2,30,"F3",100,0.2,0.1,10230,"bayes",TRUE,1.00369622156351,0.980457697222041,0.0232385243414643,0,TRUE
2352,3,30,"F1",300,0.2,0.1,10330,"bayes",TRUE,0.848401739584555,0.847229395926617,0.00117234365793839,0.25,FALSE
2353,4,30,"F2",300,0.2,0.1,10430,"bayes",TRUE,1.02856966835247,1.11468537871371,-0.0861157103612389,0.5,TRUE
2354,5,30,"F3",300,0.2,0.1,10530,"bayes",TRUE,0.687111520440364,0.662336583557481,0.0247749368828827,0.166666666666667,TRUE
2355,6,30,"F1",1000,0.2,0.1,10630,"bayes",TRUE,0.977319626261608,0.978816834901258,-0.00149720863965008,0.25,FALSE
2356,7,30,"F2",1000,0.2,0.1,10730,"bayes",TRUE,0.871373173046451,0.909095511072725,-0.0377223380262741,0.75,FALSE
2357,8,30,"F3",1000,0.2,0.1,10830,"bayes",TRUE,0.81025236936885,0.794867754047291,0.0153846153215585,0,TRUE
2358,9,30,"F1",100,0.5,0.1,10930,"bayes",TRUE,0.781105151309519,0.792600686214265,-0.0114955349047464,0.1625,FALSE
2359,10,30,"F2",100,0.5,0.1,11030,"bayes",TRUE,0.79373713858028,0.83848331641947,-0.0447461778391898,0.567307692307692,FALSE
2360,11,30,"F3",100,0.5,0.1,11130,"bayes",TRUE,0.919744632423643,0.819744630774246,0.100000001649397,0,TRUE
2361,12,30,"F1",300,0.5,0.1,11230,"bayes",TRUE,0.867508146031324,0.86750814411319,1.91813420702402e-09,0,FALSE
2362,13,30,"F2",300,0.5,0.1,11330,"bayes",TRUE,0.848141876260381,0.879530320325383,-0.0313884440650022,0.75,FALSE
2363,14,30,"F3",300,0.5,0.1,11430,"bayes",TRUE,0.644340405215034,0.6379301488122,0.00641025640283421,0,TRUE
2364,15,30,"F1",1000,0.5,0.1,11530,"bayes",TRUE,0.900603520545918,0.900603519698104,8.47814041193828e-10,0,FALSE
2365,16,30,"F2",1000,0.5,0.1,11630,"bayes",TRUE,0.908183706531718,0.922991638207253,-0.0148079316755347,0.25,FALSE
2366,17,30,"F3",1000,0.5,0.1,11730,"bayes",TRUE,0.759873255038586,0.772879909693039,-0.0130066546544535,0,TRUE
2376,27,30,"F1",100,0.2,0.3,12730,"bayes",TRUE,1.04435202007435,1.04072459544725,0.00362742462710886,0.2875,FALSE
2377,28,30,"F2",100,0.2,0.3,12830,"bayes",TRUE,0.979766106805651,0.979090339562686,0.000675767242965364,0,TRUE
2378,29,30,"F3",100,0.2,0.3,12930,"bayes",TRUE,0.670475100305588,0.842498599384677,-0.172023499079089,0.333333333333333,TRUE
2379,30,30,"F1",300,0.2,0.3,13030,"bayes",TRUE,0.929626401211428,0.938635227608984,-0.00900882639755574,0.25,TRUE
2380,31,30,"F2",300,0.2,0.3,13130,"bayes",TRUE,0.971758060874253,0.998738323332874,-0.0269802624586208,0.25,TRUE
2381,32,30,"F3",300,0.2,0.3,13230,"bayes",TRUE,0.801548371662046,0.801109044033792,0.000439327628253938,0.166666666666667,TRUE
2382,33,30,"F1",1000,0.2,0.3,13330,"bayes",TRUE,1.02188229388453,1.01791716694076,0.00396512694376994,0.138888888888889,TRUE
2383,34,30,"F2",1000,0.2,0.3,13430,"bayes",TRUE,0.963649957691992,0.969725810525922,-0.00607585283392942,0.4125,TRUE
2384,35,30,"F3",1000,0.2,0.3,13530,"bayes",TRUE,0.702101946187055,0.698482108169931,0.00361983801712396,0,FALSE
2385,36,30,"F1",100,0.5,0.3,13630,"bayes",TRUE,1.0354707039809,0.964889677758745,0.0705810262221545,0.5,TRUE
2386,37,30,"F2",100,0.5,0.3,13730,"bayes",TRUE,1.22337224239146,1.24734137515792,-0.0239691327664511,0.5,FALSE
2387,38,30,"F3",100,0.5,0.3,13830,"bayes",TRUE,0.603051495114007,0.770030606204653,-0.166979111090646,0,TRUE
2388,39,30,"F1",300,0.5,0.3,13930,"bayes",TRUE,0.748867391470629,0.751616022543229,-0.00274863107260048,0.425,FALSE
2389,40,30,"F2",300,0.5,0.3,14030,"bayes",TRUE,0.962360391606374,1.02587270206926,-0.0635123104628836,0.25,TRUE
2390,41,30,"F3",300,0.5,0.3,14130,"bayes",TRUE,0.714838688379312,0.654060407553757,0.0607782808255549,0,TRUE
2391,42,30,"F1",1000,0.5,0.3,14230,"bayes",TRUE,0.916391713139162,0.916391713928782,-7.89620924201984e-10,0,FALSE
2392,43,30,"F2",1000,0.5,0.3,14330,"bayes",TRUE,0.805504503708881,0.806262478302709,-0.000757974593827648,0.4,FALSE
2393,44,30,"F3",1000,0.5,0.3,14430,"bayes",TRUE,0.65918914553005,0.649573761964699,0.00961538356535174,0,TRUE
2403,54,30,"F1",100,0.2,0.5,15430,"bayes",TRUE,1.04545527577202,0.99632258169533,0.0491326940766854,0,TRUE
2404,55,30,"F2",100,0.2,0.5,15530,"bayes",TRUE,0.981582772214159,0.963610736115672,0.0179720360984875,0.25,TRUE
2405,56,30,"F3",100,0.2,0.5,15630,"bayes",TRUE,0.597614377273012,0.595849663209394,0.00176471406361789,0,TRUE
2406,57,30,"F1",300,0.2,0.5,15730,"bayes",TRUE,1.15238365393657,1.14823058982642,0.00415306411015282,0,TRUE
2407,58,30,"F2",300,0.2,0.5,15830,"bayes",TRUE,0.823600398445797,0.818963505390939,0.00463689305485748,0.5,TRUE
2408,59,30,"F3",300,0.2,0.5,15930,"bayes",TRUE,0.681417694844218,0.687914032077422,-0.0064963372332042,0,TRUE
2409,60,30,"F1",1000,0.2,0.5,16030,"bayes",TRUE,0.942622854180217,0.941425516998218,0.00119733718199877,0.0375,TRUE
2410,61,30,"F2",1000,0.2,0.5,16130,"bayes",TRUE,0.864244371628027,0.91265226890592,-0.0484078972778934,1,FALSE
2411,62,30,"F3",1000,0.2,0.5,16230,"bayes",TRUE,0.809314874751762,0.761718790597249,0.0475960841545126,0.075,TRUE
2412,63,30,"F1",100,0.5,0.5,16330,"bayes",TRUE,0.971369632756354,1.04644542525159,-0.0750757924952409,0.25,TRUE
2413,64,30,"F2",100,0.5,0.5,16430,"bayes",TRUE,1.18983625683266,1.25724774961903,-0.067411492786376,0.2,TRUE
2414,65,30,"F3",100,0.5,0.5,16530,"bayes",TRUE,0.653665213242421,0.642888968477572,0.0107762447648493,0,TRUE
2415,66,30,"F1",300,0.5,0.5,16630,"bayes",TRUE,0.954263065425674,0.975342904327354,-0.0210798389016796,0.4,FALSE
2416,67,30,"F2",300,0.5,0.5,16730,"bayes",TRUE,1.22453670854303,1.22117521670577,0.00336149183726553,0.25,FALSE
2417,68,30,"F3",300,0.5,0.5,16830,"bayes",TRUE,0.741321741733187,0.717079598828911,0.0242421429042768,0,TRUE
2418,69,30,"F1",1000,0.5,0.5,16930,"bayes",TRUE,0.873246015974524,0.873246015203453,7.71070984839639e-10,0,FALSE
2419,70,30,"F2",1000,0.5,0.5,17030,"bayes",TRUE,0.937121701430107,0.937121700719841,7.10265735115456e-10,0,FALSE
2420,71,30,"F3",1000,0.5,0.5,17130,"bayes",TRUE,0.674103449266333,0.674103448611016,6.55317800024591e-10,0,FALSE
