"job_id","cell_id","rep","family","n_species","phylo_lambda","miss_frac","seed","lambda_mode","fit_ok","fit_sec","blend_loss","baseline_loss","paired_delta","r_cal_gnn_mean","r_cal_bm_mean","r_cal_mean_mean","floor_fired","error"
0,0,1,"F1",100,0.2,0.1,10001,"fixed_1",TRUE,65.445,0.808069055674896,0.835576418060525,-0.0275073623856293,0.4,0.25,0.35,TRUE,NA
1,1,1,"F2",100,0.2,0.1,10101,"fixed_1",TRUE,62.391,0.985892191852579,0.98871749449354,-0.00282530264096081,0.25,0.5,0.25,TRUE,NA
2,2,1,"F3",100,0.2,0.1,10201,"fixed_1",TRUE,63.105,0.855976514622333,0.765606315151106,0.0903701994712273,0,0,1,TRUE,NA
3,3,1,"F1",300,0.2,0.1,10301,"fixed_1",TRUE,79.583,1.00856350204793,1.02079201213539,-0.0122285100874648,0.475,0.025,0.5,TRUE,NA
4,4,1,"F2",300,0.2,0.1,10401,"fixed_1",TRUE,75.836,1.06066930585168,1.14816027591495,-0.0874909700632656,0.75,0.25,0,FALSE,NA
5,5,1,"F3",300,0.2,0.1,10501,"fixed_1",TRUE,79.419,0.760719055717474,0.735351444836845,0.0253676108806287,0.1,0.333333333333333,0.566666666666667,TRUE,NA
6,6,1,"F1",1000,0.2,0.1,10601,"fixed_1",TRUE,481.307,0.936337260876654,0.934685501593511,0.00165175928314343,0.25,0.5,0.25,TRUE,NA
7,7,1,"F2",1000,0.2,0.1,10701,"fixed_1",TRUE,509.88,0.86767350401155,0.919194273805916,-0.0515207697943654,0.75,0.25,0,FALSE,NA
8,8,1,"F3",1000,0.2,0.1,10801,"fixed_1",TRUE,515.438,0.693480695885992,0.682064542965091,0.011416152920901,0,0.166666666666667,0.833333333333333,TRUE,NA
9,9,1,"F1",100,0.5,0.1,10901,"fixed_1",TRUE,61.788,0.810529775605208,0.801357004072795,0.00917277153241325,0,0.6875,0.3125,TRUE,NA
10,10,1,"F2",100,0.5,0.1,11001,"fixed_1",TRUE,58.233,0.773505908910145,0.834544324592704,-0.0610384156825584,0.25,0.75,0,FALSE,NA
11,11,1,"F3",100,0.5,0.1,11101,"fixed_1",TRUE,62.8,0.855424664019182,0.881597405737803,-0.0261727417186209,0.166666666666667,0,0.833333333333333,TRUE,NA
12,12,1,"F1",300,0.5,0.1,11201,"fixed_1",TRUE,78.197,0.718602323889841,0.718602322821202,1.06863939919322e-09,0,1,0,FALSE,NA
13,13,1,"F2",300,0.5,0.1,11301,"fixed_1",TRUE,79.867,0.791405351796926,0.912264131323699,-0.120858779526773,0.683333333333333,0.25,0.0666666666666667,FALSE,NA
14,14,1,"F3",300,0.5,0.1,11401,"fixed_1",TRUE,79.706,0.663755879285418,0.649866989488267,0.0138888897971514,0,0.888888888888889,0.111111111111111,FALSE,NA
15,15,1,"F1",1000,0.5,0.1,11501,"fixed_1",TRUE,550.962,0.846919697655165,0.844637662141382,0.0022820355137827,0.15,0.85,0,FALSE,NA
16,16,1,"F2",1000,0.5,0.1,11601,"fixed_1",TRUE,524.234,0.887284491923554,0.931887597792962,-0.0446031058694085,0.5,0.5,0,FALSE,NA
17,17,1,"F3",1000,0.5,0.1,11701,"fixed_1",TRUE,446.913,0.618658688152378,0.618658687620266,5.32111910089839e-10,0,1,0,FALSE,NA
18,18,1,"F1",100,1,0.1,11801,"fixed_1",TRUE,59.708,0.552201653408162,0.572545576581626,-0.020343923173464,0.65,0.35,0,FALSE,NA
19,19,1,"F2",100,1,0.1,11901,"fixed_1",TRUE,60.875,0.638068420198,0.693990878788346,-0.0559224585903462,0.635526315789474,0.25,0.114473684210526,FALSE,NA
20,20,1,"F3",100,1,0.1,12001,"fixed_1",TRUE,65.296,0.567281788147346,0.574165013598119,-0.00688322545077291,0.125,0.875,0,FALSE,NA
21,21,1,"F1",300,1,0.1,12101,"fixed_1",TRUE,74.136,0.588461877277747,0.602111179176506,-0.0136493018987597,0.399342105263158,0.600657894736842,0,FALSE,NA
22,22,1,"F2",300,1,0.1,12201,"fixed_1",TRUE,78.339,0.580821817424753,0.600753142993132,-0.019931325568379,0.385526315789474,0.575,0.0394736842105263,FALSE,NA
23,23,1,"F3",300,1,0.1,12301,"fixed_1",TRUE,80.077,0.550605624069091,0.543029866773788,0.00757575729530302,0,0.5,0.5,TRUE,NA
24,24,1,"F1",1000,1,0.1,12401,"fixed_1",TRUE,501.787,0.474311920246645,0.474573597909363,-0.000261677662718063,0.0625,0.9375,0,FALSE,NA
25,25,1,"F2",1000,1,0.1,12501,"fixed_1",TRUE,497.387,0.542447883067969,0.551843855507565,-0.00939597243959633,0.275,0.7,0.025,FALSE,NA
26,26,1,"F3",1000,1,0.1,12601,"fixed_1",TRUE,484.565,0.389170593264869,0.388500595883117,0.000669997381752441,0.1,0.891666666666667,0.00833333333333333,FALSE,NA
27,27,1,"F1",100,0.2,0.3,12701,"fixed_1",TRUE,61.049,1.16241200727176,1.14965808429909,0.0127539229726747,0,0,1,TRUE,NA
28,28,1,"F2",100,0.2,0.3,12801,"fixed_1",TRUE,61.033,0.793591421573493,0.881631557593132,-0.088040136019639,0.35625,0.39375,0.25,TRUE,NA
29,29,1,"F3",100,0.2,0.3,12901,"fixed_1",TRUE,68.009,0.77031930120176,0.70512331189415,0.0651959893076099,0.166666666666667,0,0.833333333333333,TRUE,NA
30,30,1,"F1",300,0.2,0.3,13001,"fixed_1",TRUE,76.573,0.900702253690303,0.897546290093244,0.00315596359705927,0.2375,0.5125,0.25,TRUE,NA
31,31,1,"F2",300,0.2,0.3,13101,"fixed_1",TRUE,73.764,0.997051306351385,1.09011761092683,-0.0930663045754426,0.25,0.25,0.5,TRUE,NA
32,32,1,"F3",300,0.2,0.3,13201,"fixed_1",TRUE,76.063,0.733917829265687,0.725188941649902,0.00872888761578527,0,0.333333333333333,0.666666666666667,TRUE,NA
33,33,1,"F1",1000,0.2,0.3,13301,"fixed_1",TRUE,319.819,0.924690790959,0.924690791210927,-2.51927589900447e-10,0,1,0,FALSE,NA
34,34,1,"F2",1000,0.2,0.3,13401,"fixed_1",TRUE,336.871,0.956793863635325,0.985489464689382,-0.0286956010540571,0.657894736842105,0.342105263157895,0,FALSE,NA
35,35,1,"F3",1000,0.2,0.3,13501,"fixed_1",TRUE,322.718,0.821354019017105,0.822212931628171,-0.000858912611066076,0.0666666666666667,0.933333333333333,0,FALSE,NA
36,36,1,"F1",100,0.5,0.3,13601,"fixed_1",TRUE,59.758,0.808563705234217,0.811738800963972,-0.00317509572975572,0.5,0.4375,0.0625,FALSE,NA
37,37,1,"F2",100,0.5,0.3,13701,"fixed_1",TRUE,59.8,1.05008600171273,1.00614914491705,0.0439368567956782,0,0.0535714285714286,0.946428571428571,TRUE,NA
38,38,1,"F3",100,0.5,0.3,13801,"fixed_1",TRUE,63.503,0.777051436561088,0.853283166060123,-0.0762317294990346,0,0.166666666666667,0.833333333333333,TRUE,NA
39,39,1,"F1",300,0.5,0.3,13901,"fixed_1",TRUE,74.471,0.945627526745507,0.945627527030573,-2.85065637761761e-10,0,1,0,FALSE,NA
40,40,1,"F2",300,0.5,0.3,14001,"fixed_1",TRUE,73.912,0.800576735790217,0.763937453503388,0.0366392822868282,0.15,0.6,0.25,TRUE,NA
41,41,1,"F3",300,0.5,0.3,14101,"fixed_1",TRUE,77.746,0.749700484355053,0.735432314161421,0.0142681701936321,0.166666666666667,0.333333333333333,0.5,TRUE,NA
42,42,1,"F1",1000,0.5,0.3,14201,"fixed_1",TRUE,317.742,0.812518389744761,0.812518390139093,-3.94332122510832e-10,0,1,0,FALSE,NA
43,43,1,"F2",1000,0.5,0.3,14301,"fixed_1",TRUE,341.629,0.85075319504796,0.849906717223276,0.000846477824683833,0.2,0.7375,0.0625,FALSE,NA
44,44,1,"F3",1000,0.5,0.3,14401,"fixed_1",TRUE,356.837,0.593562442023656,0.593434709313431,0.000127732710224704,0.166666666666667,0.666666666666667,0.166666666666667,TRUE,NA
45,45,1,"F1",100,1,0.3,14501,"fixed_1",TRUE,62.617,0.645194393345855,0.645194391311945,2.03391015141108e-09,0,1,0,FALSE,NA
46,46,1,"F2",100,1,0.3,14601,"fixed_1",TRUE,61.084,0.861206585821659,0.73669428663063,0.124512299191029,0,0.375,0.625,TRUE,NA
47,47,1,"F3",100,1,0.3,14701,"fixed_1",TRUE,63.299,0.445501411104087,0.375459997081021,0.0700414140230653,0.025,0.408333333333333,0.566666666666667,TRUE,NA
48,48,1,"F1",300,1,0.3,14801,"fixed_1",TRUE,75.19,0.543879719622602,0.545997718872577,-0.0021179992499748,0.1875,0.8125,0,FALSE,NA
49,49,1,"F2",300,1,0.3,14901,"fixed_1",TRUE,75.381,0.572753009871307,0.604821694480076,-0.0320686846087693,0.375,0.575,0.05,FALSE,NA
50,50,1,"F3",300,1,0.3,15001,"fixed_1",TRUE,76.58,0.529021785554372,0.570332656715419,-0.0413108711610473,0,0.38640350877193,0.61359649122807,TRUE,NA
51,51,1,"F1",1000,1,0.3,15101,"fixed_1",TRUE,331.241,0.54877673853703,0.548776739945667,-1.40863698483429e-09,0,1,0,FALSE,NA
52,52,1,"F2",1000,1,0.3,15201,"fixed_1",TRUE,351.064,0.495934430859877,0.513350788122152,-0.0174163572622751,0.225,0.75,0.025,FALSE,NA
53,53,1,"F3",1000,1,0.3,15301,"fixed_1",TRUE,321.014,0.386402566503381,0.386402564228679,2.27470253744144e-09,0,1,0,FALSE,NA
54,54,1,"F1",100,0.2,0.5,15401,"fixed_1",TRUE,60.38,0.819545293053964,0.79365162426573,0.0258936687882335,0,0,1,TRUE,NA
55,55,1,"F2",100,0.2,0.5,15501,"fixed_1",TRUE,61.194,1.04407446152661,1.06919606982113,-0.0251216082945234,0,0.25,0.75,TRUE,NA
56,56,1,"F3",100,0.2,0.5,15601,"fixed_1",TRUE,62.208,0.537494776370289,0.717208286017665,-0.179713509647376,0,0,1,TRUE,NA
57,57,1,"F1",300,0.2,0.5,15701,"fixed_1",TRUE,73.891,0.958469950176766,0.970347338540444,-0.0118773883636778,0,0.6875,0.3125,TRUE,NA
58,58,1,"F2",300,0.2,0.5,15801,"fixed_1",TRUE,74.602,0.891758081203207,0.892240106381297,-0.000482025178090373,0.191176470588235,0.25,0.558823529411765,TRUE,NA
59,59,1,"F3",300,0.2,0.5,15901,"fixed_1",TRUE,76.551,0.733657661030769,0.729472796173853,0.00418486485691649,0,0.141666666666667,0.858333333333333,TRUE,NA
60,60,1,"F1",1000,0.2,0.5,16001,"fixed_1",TRUE,252.726,0.941616173756075,0.929842791094357,0.0117733826617186,0.25,0.25,0.5,TRUE,NA
61,61,1,"F2",1000,0.2,0.5,16101,"fixed_1",TRUE,249.07,0.944924164614673,0.958540061904577,-0.0136158972899044,0.75,0.25,0,FALSE,NA
62,62,1,"F3",1000,0.2,0.5,16201,"fixed_1",TRUE,248.219,0.711839246440164,0.728772624322803,-0.0169333778826398,0.239912280701754,0.681140350877193,0.0789473684210526,FALSE,NA
63,63,1,"F1",100,0.5,0.5,16301,"fixed_1",TRUE,60.191,0.715482277104244,0.715482278766209,-1.66196434392418e-09,0,1,0,FALSE,NA
64,64,1,"F2",100,0.5,0.5,16401,"fixed_1",TRUE,62.15,1.01911952374132,0.925933193146872,0.0931863305944454,0.5,0,0.5,TRUE,NA
65,65,1,"F3",100,0.5,0.5,16501,"fixed_1",TRUE,63.381,0.79880304303955,0.783743538104294,0.0150595049352564,0,0,1,TRUE,NA
66,66,1,"F1",300,0.5,0.5,16601,"fixed_1",TRUE,72.59,0.738967104578697,0.740186433899696,-0.00121932932099911,0.166666666666667,0.75,0.0833333333333333,FALSE,NA
67,67,1,"F2",300,0.5,0.5,16701,"fixed_1",TRUE,72.686,0.73595122351956,0.732859142993567,0.00309208052599286,0.375,0.625,0,FALSE,NA
68,68,1,"F3",300,0.5,0.5,16801,"fixed_1",TRUE,76.059,0.543616376419977,0.561504592414115,-0.017888215994138,0.149122807017544,0.833333333333333,0.0175438596491228,FALSE,NA
69,69,1,"F1",1000,0.5,0.5,16901,"fixed_1",TRUE,238.334,0.878895967542795,0.87934618211157,-0.000450214568774809,0.1375,0.8625,0,FALSE,NA
70,70,1,"F2",1000,0.5,0.5,17001,"fixed_1",TRUE,265.69,0.818719058587701,0.822600959116573,-0.00388190052887183,0.25,0.75,0,FALSE,NA
71,71,1,"F3",1000,0.5,0.5,17101,"fixed_1",TRUE,261.364,0.619232221518321,0.619759728937907,-0.00052750741958596,0.0833333333333333,0.916666666666667,0,FALSE,NA
72,72,1,"F1",100,1,0.5,17201,"fixed_1",TRUE,62.61,0.548694880926777,0.540288662720959,0.00840621820581888,0,0.95,0.05,FALSE,NA
73,73,1,"F2",100,1,0.5,17301,"fixed_1",TRUE,61.508,0.788206627766667,0.704421151342023,0.0837854764246441,0.458333333333333,0.3875,0.154166666666667,FALSE,NA
74,74,1,"F3",100,1,0.5,17401,"fixed_1",TRUE,61.872,0.646885776860782,0.540991642160433,0.105894134700349,0.166666666666667,0.166666666666667,0.666666666666667,TRUE,NA
75,75,1,"F1",300,1,0.5,17501,"fixed_1",TRUE,75.763,0.513170331716072,0.51317033732834,-5.61226876083509e-09,0,1,0,FALSE,NA
76,76,1,"F2",300,1,0.5,17601,"fixed_1",TRUE,75.465,0.615524767648403,0.695872005155815,-0.0803472375074116,0.176470588235294,0.613636363636364,0.209893048128342,FALSE,NA
77,77,1,"F3",300,1,0.5,17701,"fixed_1",TRUE,75.619,0.52171065468416,0.483162326982867,0.0385483277012933,0.037037037037037,0.777777777777778,0.185185185185185,TRUE,NA
78,78,1,"F1",1000,1,0.5,17801,"fixed_1",TRUE,230.298,0.519090267972753,0.519090269902724,-1.92997173797949e-09,0,1,0,FALSE,NA
79,79,1,"F2",1000,1,0.5,17901,"fixed_1",TRUE,258.861,0.63968175909341,0.634152440993871,0.00552931809953872,0.2625,0.7,0.0375,FALSE,NA
80,80,1,"F3",1000,1,0.5,18001,"fixed_1",TRUE,237.52,0.386805975670725,0.388967676725144,-0.00216170105441904,0.1,0.9,0,FALSE,NA
81,0,2,"F1",100,0.2,0.1,10002,"fixed_1",TRUE,60.354,0.788975550367135,0.740421271627908,0.0485542787392265,0,0.5,0.5,TRUE,NA
82,1,2,"F2",100,0.2,0.1,10102,"fixed_1",TRUE,63.464,0.633597973841021,0.660780203378531,-0.0271822295375093,0.5,0.5,0,FALSE,NA
83,2,2,"F3",100,0.2,0.1,10202,"fixed_1",TRUE,61.754,0.77176794102249,0.662960024216607,0.108807916805884,0.166666666666667,0.166666666666667,0.666666666666667,TRUE,NA
84,3,2,"F1",300,0.2,0.1,10302,"fixed_1",TRUE,79.786,1.06675451963163,1.06921091188324,-0.00245639225161587,0,0.5,0.5,TRUE,NA
85,4,2,"F2",300,0.2,0.1,10402,"fixed_1",TRUE,80.916,0.890220326027331,1.00051173802388,-0.11029141199655,0.8125,0.1875,0,FALSE,NA
86,5,2,"F3",300,0.2,0.1,10502,"fixed_1",TRUE,80.448,0.760811803878059,0.75459080358467,0.00622100029338857,0.168137254901961,0.25343137254902,0.57843137254902,TRUE,NA
87,6,2,"F1",1000,0.2,0.1,10602,"fixed_1",TRUE,545.06,0.912217334602576,0.912217334456147,1.46428646985441e-10,0,1,0,FALSE,NA
88,7,2,"F2",1000,0.2,0.1,10702,"fixed_1",TRUE,548.507,0.961585903016114,0.999586215482807,-0.0380003124666936,0.75,0.25,0,FALSE,NA
89,8,2,"F3",1000,0.2,0.1,10802,"fixed_1",TRUE,473.271,0.76611724735489,0.771986603079028,-0.00586935572413738,0.166666666666667,0.833333333333333,0,FALSE,NA
90,9,2,"F1",100,0.5,0.1,10902,"fixed_1",TRUE,63.418,0.771013866663072,0.765762794678405,0.00525107198466668,0.1875,0.75,0.0625,FALSE,NA
91,10,2,"F2",100,0.5,0.1,11002,"fixed_1",TRUE,60.403,0.764778906879184,0.858927438248989,-0.0941485313698053,0.5,0,0.5,TRUE,NA
92,11,2,"F3",100,0.5,0.1,11102,"fixed_1",TRUE,63.823,0.682545999025956,0.580132591916163,0.102413407109793,0.166666666666667,0.166666666666667,0.666666666666667,TRUE,NA
93,12,2,"F1",300,0.5,0.1,11202,"fixed_1",TRUE,80.619,0.894008459076121,0.919126047248745,-0.0251175881726241,0.25,0.75,0,FALSE,NA
94,13,2,"F2",300,0.5,0.1,11302,"fixed_1",TRUE,77.916,0.84269375787816,0.873259592744049,-0.0305658348658892,0.314473684210526,0.685526315789474,0,FALSE,NA
95,14,2,"F3",300,0.5,0.1,11402,"fixed_1",TRUE,79.705,0.615079474376435,0.536791270061331,0.078288204315104,0.05,0.45,0.5,TRUE,NA
96,15,2,"F1",1000,0.5,0.1,11502,"fixed_1",TRUE,498.216,0.836235335657168,0.845894777902536,-0.0096594422453683,0.375,0.625,0,FALSE,NA
97,16,2,"F2",1000,0.5,0.1,11602,"fixed_1",TRUE,494.04,0.871438959430581,0.883239680966483,-0.0118007215359019,0.4625,0.5375,0,FALSE,NA
98,17,2,"F3",1000,0.5,0.1,11702,"fixed_1",TRUE,460.995,0.689875797399104,0.710109483017808,-0.0202336856187034,0.166666666666667,0.754385964912281,0.0789473684210526,FALSE,NA
99,18,2,"F1",100,1,0.1,11802,"fixed_1",TRUE,62.971,0.577929292685686,0.582721277234643,-0.00479198454895624,0.4625,0.525,0.0125,FALSE,NA
100,19,2,"F2",100,1,0.1,11902,"fixed_1",TRUE,63.999,0.565686022167823,0.624388437074481,-0.0587024149066575,0.646052631578947,0.075,0.278947368421053,FALSE,NA
101,20,2,"F3",100,1,0.1,12002,"fixed_1",TRUE,65.566,0.645278036489496,0.544110071648934,0.101167964840563,0.141666666666667,0.525,0.333333333333333,TRUE,NA
102,21,2,"F1",300,1,0.1,12102,"fixed_1",TRUE,93.643,0.515360836029944,0.50876886776985,0.00659196826009367,0.475,0.475,0.05,FALSE,NA
103,22,2,"F2",300,1,0.1,12202,"fixed_1",TRUE,82.393,0.673088446964972,0.772845195239776,-0.0997567482748036,0.698026315789474,0.15,0.151973684210526,FALSE,NA
104,23,2,"F3",300,1,0.1,12302,"fixed_1",TRUE,83.457,0.496015724354151,0.485252992896569,0.0107627314575824,0.216666666666667,0.283333333333333,0.5,TRUE,NA
105,24,2,"F1",1000,1,0.1,12402,"fixed_1",TRUE,496.929,0.443321581650637,0.440062162369421,0.00325941928121581,0.1875,0.8125,0,FALSE,NA
106,25,2,"F2",1000,1,0.1,12502,"fixed_1",TRUE,499.25,0.528675779006157,0.548818133730389,-0.0201423547242315,0.425,0.535526315789474,0.0394736842105263,FALSE,NA
107,26,2,"F3",1000,1,0.1,12602,"fixed_1",TRUE,461.894,0.449495175121637,0.44758578605851,0.00190938906312771,0.0666666666666667,0.458333333333333,0.475,FALSE,NA
108,27,2,"F1",100,0.2,0.3,12702,"fixed_1",TRUE,63.598,0.887451979723188,0.905743357768632,-0.0182913780454438,0,0.25,0.75,TRUE,NA
109,28,2,"F2",100,0.2,0.3,12802,"fixed_1",TRUE,70.297,0.981117644415234,1.03412996821826,-0.0530123238030294,0.0375,0.2125,0.75,TRUE,NA
110,29,2,"F3",100,0.2,0.3,12902,"fixed_1",TRUE,66.598,0.607712181164743,0.583722019758699,0.0239901614060448,0,0.666666666666667,0.333333333333333,TRUE,NA
111,30,2,"F1",300,0.2,0.3,13002,"fixed_1",TRUE,76.087,1.0800439708378,1.09485169921434,-0.0148077283765438,0.5,0,0.5,TRUE,NA
112,31,2,"F2",300,0.2,0.3,13102,"fixed_1",TRUE,77.936,0.909938245865364,0.914611118459666,-0.00467287259430238,0.03125,0.75,0.21875,FALSE,NA
113,32,2,"F3",300,0.2,0.3,13202,"fixed_1",TRUE,82.271,0.798992480282841,0.790563681138913,0.00842879914392791,0,0.166666666666667,0.833333333333333,TRUE,NA
114,33,2,"F1",1000,0.2,0.3,13302,"fixed_1",TRUE,375.553,0.967867886331144,0.945250153658089,0.0226177326730544,0.1375,0.3625,0.5,TRUE,NA
115,34,2,"F2",1000,0.2,0.3,13402,"fixed_1",TRUE,397.809,0.931341092957766,0.920031064399451,0.0113100285583152,0.25,0.5,0.25,TRUE,NA
116,35,2,"F3",1000,0.2,0.3,13502,"fixed_1",TRUE,359.652,0.698076576763793,0.698076576497236,2.66557442785142e-10,0,1,0,FALSE,NA
117,36,2,"F1",100,0.5,0.3,13602,"fixed_1",TRUE,67.523,0.825487810407182,0.745276596633614,0.0802112137735673,0,0.5,0.5,TRUE,NA
118,37,2,"F2",100,0.5,0.3,13702,"fixed_1",TRUE,64.589,0.632729016474413,0.664581825999908,-0.0318528095254954,0.25,0.5,0.25,TRUE,NA
119,38,2,"F3",100,0.5,0.3,13802,"fixed_1",TRUE,71.96,0.819130619423306,0.590212740104614,0.228917879318691,0.0583333333333333,0.15,0.791666666666667,TRUE,NA
120,39,2,"F1",300,0.5,0.3,13902,"fixed_1",TRUE,83.263,0.943782568977144,0.941135233240179,0.00264733573696563,0.25,0.555208333333333,0.194791666666667,FALSE,NA
121,40,2,"F2",300,0.5,0.3,14002,"fixed_1",TRUE,84.376,0.802378984101468,0.795831179239038,0.00654780486242912,0.25,0.5,0.25,TRUE,NA
122,41,2,"F3",300,0.5,0.3,14102,"fixed_1",TRUE,77.334,0.687815815513769,0.68781581650739,-9.93621185330085e-10,0,1,0,FALSE,NA
123,42,2,"F1",1000,0.5,0.3,14202,"fixed_1",TRUE,365.359,0.83709619886592,0.837072940476872,2.3258389048153e-05,0.0625,0.9375,0,FALSE,NA
124,43,2,"F2",1000,0.5,0.3,14302,"fixed_1",TRUE,385.957,0.90701009442691,0.926193706626577,-0.0191836121996669,0.5,0.5,0,FALSE,NA
125,44,2,"F3",1000,0.5,0.3,14402,"fixed_1",TRUE,374.761,0.576731755482787,0.576492262414259,0.000239493068528329,0.233333333333333,0.766666666666667,0,FALSE,NA
126,45,2,"F1",100,1,0.3,14502,"fixed_1",TRUE,64.468,0.719763627727593,0.693080372795034,0.0266832549325584,0,0.9125,0.0875,FALSE,NA
127,46,2,"F2",100,1,0.3,14602,"fixed_1",TRUE,66.689,0.803364169580577,0.805041229670645,-0.00167706009006829,0.25,0.75,0,FALSE,NA
128,47,2,"F3",100,1,0.3,14702,"fixed_1",TRUE,65.178,0.610989960234395,0.612899301863051,-0.00190934162865608,0.166666666666667,0.666666666666667,0.166666666666667,TRUE,NA
129,48,2,"F1",300,1,0.3,14802,"fixed_1",TRUE,84.755,0.520352914297483,0.520987762339511,-0.000634848042028069,0.05,0.923684210526316,0.0263157894736842,FALSE,NA
130,49,2,"F2",300,1,0.3,14902,"fixed_1",TRUE,76.976,0.63118205048952,0.665892191205094,-0.0347101407155742,0.236842105263158,0.75,0.0131578947368421,FALSE,NA
131,50,2,"F3",300,1,0.3,15002,"fixed_1",TRUE,87.406,0.446798009631757,0.439674111908076,0.00712389772368166,0,0.972222222222222,0.0277777777777778,FALSE,NA
132,51,2,"F1",1000,1,0.3,15102,"fixed_1",TRUE,390.824,0.459690159666079,0.459690161818144,-2.152064970673e-09,0,1,0,FALSE,NA
133,52,2,"F2",1000,1,0.3,15202,"fixed_1",TRUE,390.207,0.583919650068761,0.604548313117133,-0.0206286630483714,0.4125,0.5875,0,FALSE,NA
134,53,2,"F3",1000,1,0.3,15302,"fixed_1",TRUE,355.663,0.473298843916969,0.477916476666852,-0.00461763274988303,0.254385964912281,0.745614035087719,0,FALSE,NA
135,54,2,"F1",100,0.2,0.5,15402,"fixed_1",TRUE,71.853,0.905477041578716,0.90452764495283,0.000949396625885446,0,0.25,0.75,TRUE,NA
136,55,2,"F2",100,0.2,0.5,15502,"fixed_1",TRUE,65.648,1.06751528839293,1.04593045137338,0.0215848370195513,0.25,0,0.75,TRUE,NA
137,56,2,"F3",100,0.2,0.5,15602,"fixed_1",TRUE,66.054,0.473335070468325,0.525844790861097,-0.0525097203927719,0,0.166666666666667,0.833333333333333,TRUE,NA
138,57,2,"F1",300,0.2,0.5,15702,"fixed_1",TRUE,81.268,0.935670775541324,0.961204586955661,-0.0255338114143373,0.495192307692308,0.504807692307692,0,FALSE,NA
139,58,2,"F2",300,0.2,0.5,15802,"fixed_1",TRUE,80.846,0.884607620705917,0.940868220941011,-0.0562606002350943,0.75,0,0.25,TRUE,NA
140,59,2,"F3",300,0.2,0.5,15902,"fixed_1",TRUE,88.413,0.706256249948173,0.770673420807288,-0.0644171708591154,0.166666666666667,0.333333333333333,0.5,TRUE,NA
141,60,2,"F1",1000,0.2,0.5,16002,"fixed_1",TRUE,280.43,0.994578175101738,1.00402349135534,-0.00944531625360234,0.5,0,0.5,TRUE,NA
142,61,2,"F2",1000,0.2,0.5,16102,"fixed_1",TRUE,274.25,1.05535950970152,1.08752178181146,-0.0321622721099428,0.5,0.5,0,FALSE,NA
143,62,2,"F3",1000,0.2,0.5,16202,"fixed_1",TRUE,267.195,0.755639325444789,0.777204656328578,-0.0215653308837895,0.237962962962963,0.308333333333333,0.453703703703704,TRUE,NA
144,63,2,"F1",100,0.5,0.5,16302,"fixed_1",TRUE,65.728,0.849119306903761,0.770164607470515,0.0789546994332462,0.25,0.25,0.5,TRUE,NA
145,64,2,"F2",100,0.5,0.5,16402,"fixed_1",TRUE,65.601,0.981686843285656,1.04194719163458,-0.0602603483489198,0.5,0,0.5,TRUE,NA
146,65,2,"F3",100,0.5,0.5,16502,"fixed_1",TRUE,70.637,0.637380597932373,0.578220393566538,0.0591602043658357,0,0.833333333333333,0.166666666666667,TRUE,NA
147,66,2,"F1",300,0.5,0.5,16602,"fixed_1",TRUE,79.588,0.922605459846374,0.873205865036934,0.0493995948094392,0.173076923076923,0.726923076923077,0.1,FALSE,NA
148,67,2,"F2",300,0.5,0.5,16702,"fixed_1",TRUE,82.899,0.803925036641119,0.842935117469932,-0.0390100808288133,0.7125,0.25,0.0375,FALSE,NA
149,68,2,"F3",300,0.5,0.5,16802,"fixed_1",TRUE,79.485,0.630515447417762,0.655344364807509,-0.0248289173897477,0.108333333333333,0.391666666666667,0.5,TRUE,NA
150,69,2,"F1",1000,0.5,0.5,16902,"fixed_1",TRUE,281.603,0.849925501107516,0.847625289820654,0.00230021128686175,0.25,0.725,0.025,FALSE,NA
151,70,2,"F2",1000,0.5,0.5,17002,"fixed_1",TRUE,240.804,0.943057937123495,0.946144458609428,-0.00308652148593291,0,0.953125,0.046875,FALSE,NA
152,71,2,"F3",1000,0.5,0.5,17102,"fixed_1",TRUE,270.163,0.658200981959711,0.640657121434379,0.0175438605253313,0,0.5,0.5,TRUE,NA
153,72,2,"F1",100,1,0.5,17202,"fixed_1",TRUE,70.676,0.756475040946192,0.754885065801706,0.00158997514448522,0.25,0.6375,0.1125,FALSE,NA
154,73,2,"F2",100,1,0.5,17302,"fixed_1",TRUE,65.594,0.696642459286378,0.673433606805512,0.0232088524808661,0.407894736842105,0.552631578947368,0.0394736842105263,FALSE,NA
155,74,2,"F3",100,1,0.5,17402,"fixed_1",TRUE,68.548,0.556487664454036,0.532984590062685,0.0235030743913509,0,0.166666666666667,0.833333333333333,TRUE,NA
156,75,2,"F1",300,1,0.5,17502,"fixed_1",TRUE,81.392,0.484454030471438,0.47841942489268,0.00603460557875757,0.223684210526316,0.75,0.0263157894736842,FALSE,NA
157,76,2,"F2",300,1,0.5,17602,"fixed_1",TRUE,80.661,0.486334729868251,0.491485855753166,-0.00515112588491529,0.5,0.4625,0.0375,FALSE,NA
158,77,2,"F3",300,1,0.5,17702,"fixed_1",TRUE,85.268,0.531108914130583,0.540746791368819,-0.00963787723823661,0.0416666666666667,0.458333333333333,0.5,TRUE,NA
159,78,2,"F1",1000,1,0.5,17802,"fixed_1",TRUE,264.581,0.521748677221807,0.517927699917425,0.0038209773043818,0.65,0.3125,0.0375,FALSE,NA
160,79,2,"F2",1000,1,0.5,17902,"fixed_1",TRUE,248.993,0.590655221307462,0.600276826846238,-0.00962160553877611,0.25,0.75,0,FALSE,NA
161,80,2,"F3",1000,1,0.5,18002,"fixed_1",TRUE,266.609,0.591657302266549,0.59532102848997,-0.00366372622342126,0,0.941666666666667,0.0583333333333333,FALSE,NA
162,0,3,"F1",100,0.2,0.1,10003,"fixed_1",TRUE,67.401,0.753721391376907,0.76970853814446,-0.0159871467675531,0,0.15,0.85,TRUE,NA
163,1,3,"F2",100,0.2,0.1,10103,"fixed_1",TRUE,63.149,0.790700290195172,0.824865770233893,-0.0341654800387212,0.25,0,0.75,TRUE,NA
164,2,3,"F3",100,0.2,0.1,10203,"fixed_1",TRUE,68.188,0.754249135957322,0.764792655690523,-0.0105435197332012,0.166666666666667,0.5,0.333333333333333,TRUE,NA
165,3,3,"F1",300,0.2,0.1,10303,"fixed_1",TRUE,88.949,0.879768182911334,0.881938670080721,-0.00217048716938617,0.5,0.5,0,FALSE,NA
166,4,3,"F2",300,0.2,0.1,10403,"fixed_1",TRUE,88.164,0.959096570241578,1.01549557903443,-0.0563990087928479,0.890625,0.046875,0.0625,FALSE,NA
167,5,3,"F3",300,0.2,0.1,10503,"fixed_1",TRUE,92.783,0.703231934752197,0.713788705636621,-0.0105567708844235,0,0.166666666666667,0.833333333333333,TRUE,NA
168,6,3,"F1",1000,0.2,0.1,10603,"fixed_1",TRUE,468.459,0.968879121070904,0.973554960623837,-0.00467583955293305,0.25,0.75,0,FALSE,NA
169,7,3,"F2",1000,0.2,0.1,10703,"fixed_1",TRUE,528.206,0.905802629675184,0.94224033374314,-0.0364377040679554,0.75,0.25,0,FALSE,NA
170,8,3,"F3",1000,0.2,0.1,10803,"fixed_1",TRUE,553.713,0.669459591741175,0.668409238096296,0.00105035364487904,0.166666666666667,0.666666666666667,0.166666666666667,TRUE,NA
171,9,3,"F1",100,0.5,0.1,10903,"fixed_1",TRUE,73.85,0.830891092075296,0.844864347722303,-0.0139732556470071,0.25,0.75,0,FALSE,NA
172,10,3,"F2",100,0.5,0.1,11003,"fixed_1",TRUE,75.215,0.835618427086335,0.837987245801239,-0.00236881871490335,0.2375,0.5,0.2625,TRUE,NA
173,11,3,"F3",100,0.5,0.1,11103,"fixed_1",TRUE,72.04,0.789937400729406,0.808342867022251,-0.0184054662928457,0.166666666666667,0.833333333333333,0,FALSE,NA
174,12,3,"F1",300,0.5,0.1,11203,"fixed_1",TRUE,94.962,0.955283044955178,0.967318727185134,-0.0120356822299554,0.25,0.75,0,FALSE,NA
175,13,3,"F2",300,0.5,0.1,11303,"fixed_1",TRUE,90.275,0.877633728830804,0.928512421342543,-0.0508786925117394,0.7375,0.225,0.0375,FALSE,NA
176,14,3,"F3",300,0.5,0.1,11403,"fixed_1",TRUE,89.147,0.646630662731554,0.63962912632103,0.00700153641052315,0.0416666666666667,0.458333333333333,0.5,TRUE,NA
177,15,3,"F1",1000,0.5,0.1,11503,"fixed_1",TRUE,482.841,0.836411648959105,0.829757769939168,0.0066538790199363,0.15,0.85,0,FALSE,NA
178,16,3,"F2",1000,0.5,0.1,11603,"fixed_1",TRUE,509.488,0.829290684272214,0.87891358067444,-0.0496228964022259,0.5,0.5,0,FALSE,NA
179,17,3,"F3",1000,0.5,0.1,11703,"fixed_1",TRUE,491.763,0.735805146835088,0.677294508623194,0.058510638211894,0,0.5,0.5,TRUE,NA
180,18,3,"F1",100,1,0.1,11803,"fixed_1",TRUE,73.823,0.654900152072052,0.650221883814651,0.00467826825740103,0.609722222222222,0.3625,0.0277777777777778,FALSE,NA
181,19,3,"F2",100,1,0.1,11903,"fixed_1",TRUE,73.392,0.592031120242788,0.639597915029284,-0.0475667947864961,0.694272445820433,0,0.305727554179567,TRUE,NA
182,20,3,"F3",100,1,0.1,12003,"fixed_1",TRUE,71.428,0.54397719286818,0.472243130777303,0.0717340620908778,0,0.333333333333333,0.666666666666667,TRUE,NA
183,21,3,"F1",300,1,0.1,12103,"fixed_1",TRUE,88.6,0.420809540797334,0.420809541174094,-3.76759901055124e-10,0,1,0,FALSE,NA
184,22,3,"F2",300,1,0.1,12203,"fixed_1",TRUE,89.183,0.574416390906287,0.614492161657807,-0.0400757707515207,0.694272445820433,0.25,0.0557275541795666,FALSE,NA
185,23,3,"F3",300,1,0.1,12303,"fixed_1",TRUE,92.158,0.478721047322899,0.459762983712555,0.0189580636103436,0.0526315789473684,0.43546365914787,0.511904761904762,TRUE,NA
186,24,3,"F1",1000,1,0.1,12403,"fixed_1",TRUE,508.693,0.3786392386373,0.37944406934149,-0.00080483070419024,0.1125,0.8875,0,FALSE,NA
187,25,3,"F2",1000,1,0.1,12503,"fixed_1",TRUE,496.204,0.473142782259848,0.481960291602783,-0.00881750934293568,0.4875,0.4875,0.025,FALSE,NA
188,26,3,"F3",1000,1,0.1,12603,"fixed_1",TRUE,548.43,0.42938826598255,0.440379753175179,-0.0109914871926297,0.0916666666666667,0.483333333333333,0.425,FALSE,NA
189,27,3,"F1",100,0.2,0.3,12703,"fixed_1",TRUE,73.471,0.981097190037909,0.959256941420765,0.0218402486171445,0.25,0,0.75,TRUE,NA
190,28,3,"F2",100,0.2,0.3,12803,"fixed_1",TRUE,78.163,0.913328156771539,0.888513352735185,0.0248148040363536,0,0,1,TRUE,NA
191,29,3,"F3",100,0.2,0.3,12903,"fixed_1",TRUE,76.063,0.906253944967058,0.974208813953763,-0.067954868986705,0,0.166666666666667,0.833333333333333,TRUE,NA
192,30,3,"F1",300,0.2,0.3,13003,"fixed_1",TRUE,89.332,0.927272521513418,0.930795306360658,-0.00352278484724011,0.25,0.5,0.25,TRUE,NA
193,31,3,"F2",300,0.2,0.3,13103,"fixed_1",TRUE,87.791,0.883419311110299,0.934283666122224,-0.050864355011925,0.75,0,0.25,TRUE,NA
194,32,3,"F3",300,0.2,0.3,13203,"fixed_1",TRUE,88.291,0.650986600694306,0.743445121148948,-0.0924585204546422,0.158333333333333,0.175,0.666666666666667,TRUE,NA
195,33,3,"F1",1000,0.2,0.3,13303,"fixed_1",TRUE,370.3,0.984978988914995,0.988278573419278,-0.00329958450428325,0.25,0.730769230769231,0.0192307692307692,FALSE,NA
196,34,3,"F2",1000,0.2,0.3,13403,"fixed_1",TRUE,348.088,0.919248372548737,0.950157481887585,-0.0309091093388481,0.5,0.5,0,FALSE,NA
197,35,3,"F3",1000,0.2,0.3,13503,"fixed_1",TRUE,346.777,0.70840213485669,0.727395551363607,-0.0189934165069177,0.25343137254902,0.658333333333333,0.0882352941176471,FALSE,NA
198,36,3,"F1",100,0.5,0.3,13603,"fixed_1",TRUE,71.626,0.835049989285024,0.81827342018559,0.0167765690994339,0.25,0.5,0.25,TRUE,NA
199,37,3,"F2",100,0.5,0.3,13703,"fixed_1",TRUE,73.809,0.901139660241739,0.948383901338895,-0.047244241097156,0.5,0.1875,0.3125,TRUE,NA
200,38,3,"F3",100,0.5,0.3,13803,"fixed_1",TRUE,75.431,0.913893606608386,0.918615977419307,-0.00472237081092064,0.0952380952380952,0,0.904761904761905,TRUE,NA
201,39,3,"F1",300,0.5,0.3,13903,"fixed_1",TRUE,89.285,0.819207765166848,0.823371247139058,-0.00416348197220928,0.25,0.75,0,FALSE,NA
202,40,3,"F2",300,0.5,0.3,14003,"fixed_1",TRUE,85.357,0.864900632452613,0.965020655984531,-0.100120023531918,0.8375,0.1625,0,FALSE,NA
203,41,3,"F3",300,0.5,0.3,14103,"fixed_1",TRUE,86.467,0.518113263536273,0.534439342600533,-0.0163260790642595,0.166666666666667,0.833333333333333,0,FALSE,NA
204,42,3,"F1",1000,0.5,0.3,14203,"fixed_1",TRUE,371.296,0.892284352216068,0.902629983882349,-0.0103456316662818,0.25,0.75,0,FALSE,NA
205,43,3,"F2",1000,0.5,0.3,14303,"fixed_1",TRUE,365.331,0.819791686556665,0.880879153787766,-0.0610874672311017,0.5,0.5,0,FALSE,NA
206,44,3,"F3",1000,0.5,0.3,14403,"fixed_1",TRUE,357.067,0.641917844043028,0.638947362349681,0.00297048169334735,0.166666666666667,0.833333333333333,0,FALSE,NA
207,45,3,"F1",100,1,0.3,14503,"fixed_1",TRUE,76.131,0.468437831281079,0.422508569796563,0.0459292614845156,0.201923076923077,0.635576923076923,0.1625,FALSE,NA
208,46,3,"F2",100,1,0.3,14603,"fixed_1",TRUE,77.088,0.541192074189445,0.548592052849676,-0.00739997866023023,0.475,0.525,0,FALSE,NA
209,47,3,"F3",100,1,0.3,14703,"fixed_1",TRUE,71.69,0.47870944908983,0.45466488181432,0.02404456727551,0.0294117647058824,0.470588235294118,0.5,TRUE,NA
210,48,3,"F1",300,1,0.3,14803,"fixed_1",TRUE,87.794,0.500413892926132,0.500413896484686,-3.55855422906615e-09,0,1,0,FALSE,NA
211,49,3,"F2",300,1,0.3,14903,"fixed_1",TRUE,96.181,0.717678725375405,0.72144961865716,-0.00377089328175506,0.210526315789474,0.684722222222222,0.104751461988304,FALSE,NA
212,50,3,"F3",300,1,0.3,15003,"fixed_1",TRUE,93.606,0.556273611428503,0.556273612285408,-8.56904436297157e-10,0,1,0,FALSE,NA
213,51,3,"F1",1000,1,0.3,15103,"fixed_1",TRUE,381.494,0.471830933361366,0.471830933360537,8.29059043638836e-13,0,1,0,FALSE,NA
214,52,3,"F2",1000,1,0.3,15203,"fixed_1",TRUE,388.625,0.495576158019971,0.504778688326333,-0.00920253030636214,0.1875,0.773026315789474,0.0394736842105263,FALSE,NA
215,53,3,"F3",1000,1,0.3,15303,"fixed_1",TRUE,357.719,0.42204780082602,0.394025676900006,0.0280221239260138,0,0.491666666666667,0.508333333333333,TRUE,NA
216,54,3,"F1",100,0.2,0.5,15403,"fixed_1",TRUE,81.959,1.08188623436076,1.03152674541206,0.0503594889486956,0,0,1,TRUE,NA
217,55,3,"F2",100,0.2,0.5,15503,"fixed_1",TRUE,84.941,0.712304845794353,0.748454286167009,-0.0361494403726557,0,0.25,0.75,TRUE,NA
218,56,3,"F3",100,0.2,0.5,15603,"fixed_1",TRUE,86.046,0.853033929025294,0.928979440454738,-0.0759455114294438,0.166666666666667,0,0.833333333333333,TRUE,NA
219,57,3,"F1",300,0.2,0.5,15703,"fixed_1",TRUE,97.779,0.754910173804821,0.745133253545293,0.0097769202595277,0,0.75,0.25,TRUE,NA
220,58,3,"F2",300,0.2,0.5,15803,"fixed_1",TRUE,92.625,0.759796143268978,0.790488958161324,-0.0306928148923457,0.45,0.25,0.3,TRUE,NA
221,59,3,"F3",300,0.2,0.5,15903,"fixed_1",TRUE,98.403,0.741040416149552,0.69973474643991,0.0413056697096412,0.0916666666666667,0.241666666666667,0.666666666666667,TRUE,NA
222,60,3,"F1",1000,0.2,0.5,16003,"fixed_1",TRUE,283.268,0.943824685177615,0.95729815081986,-0.0134734656422451,0,0.75,0.25,TRUE,NA
223,61,3,"F2",1000,0.2,0.5,16103,"fixed_1",TRUE,290.731,1.02489490881895,1.04006386297105,-0.0151689541521014,0.5,0.25,0.25,TRUE,NA
224,62,3,"F3",1000,0.2,0.5,16203,"fixed_1",TRUE,266.048,0.84878399696068,0.852162375371983,-0.00337837841130351,0,0.5,0.5,TRUE,NA
225,63,3,"F1",100,0.5,0.5,16303,"fixed_1",TRUE,86.744,0.970072136985894,0.996330710135597,-0.0262585731497035,0,0.75,0.25,TRUE,NA
226,64,3,"F2",100,0.5,0.5,16403,"fixed_1",TRUE,86.719,1.02807156853778,1.02899079545778,-0.000919226920004457,0.5,0.5,0,FALSE,NA
227,65,3,"F3",100,0.5,0.5,16503,"fixed_1",TRUE,80.852,0.865200572160776,0.853666488326934,0.0115340838338417,0,0.111111111111111,0.888888888888889,TRUE,NA
228,66,3,"F1",300,0.5,0.5,16603,"fixed_1",TRUE,100.074,0.882913515193466,0.903179176797974,-0.0202656616045089,0.681944444444444,0.25,0.0680555555555556,FALSE,NA
229,67,3,"F2",300,0.5,0.5,16703,"fixed_1",TRUE,91.132,0.806443789677268,0.86680470234599,-0.0603609126687219,0.638888888888889,0.291666666666667,0.0694444444444444,FALSE,NA
230,68,3,"F3",300,0.5,0.5,16803,"fixed_1",TRUE,102.692,0.80941841913614,0.775833039974523,0.0335853791616174,0.0916666666666667,0.3495670995671,0.558766233766234,FALSE,NA
231,69,3,"F1",1000,0.5,0.5,16903,"fixed_1",TRUE,292.553,0.905437221646192,0.903453594501961,0.00198362714423073,0,0.955882352941176,0.0441176470588235,FALSE,NA
232,70,3,"F2",1000,0.5,0.5,17003,"fixed_1",TRUE,284.522,0.862850382895501,0.874966707920992,-0.0121163250254903,0.0875,0.6625,0.25,TRUE,NA
233,71,3,"F3",1000,0.5,0.5,17103,"fixed_1",TRUE,271.567,0.708014178603763,0.713538098293733,-0.0055239196899699,0.298245614035088,0.333333333333333,0.368421052631579,FALSE,NA
234,72,3,"F1",100,1,0.5,17203,"fixed_1",TRUE,91.162,0.975109951911069,0.939529805902181,0.0355801460088879,0.231578947368421,0.65,0.118421052631579,FALSE,NA
235,73,3,"F2",100,1,0.5,17303,"fixed_1",TRUE,77.161,0.685066424702029,0.673875042977632,0.011191381724397,0.25,0.75,0,FALSE,NA
236,74,3,"F3",100,1,0.5,17403,"fixed_1",TRUE,85.19,0.326482288439625,0.343194495117486,-0.0167122066778606,0.108333333333333,0.391666666666667,0.5,TRUE,NA
237,75,3,"F1",300,1,0.5,17503,"fixed_1",TRUE,91.402,0.56461058775225,0.554726011168166,0.00988457658408393,0.136363636363636,0.688636363636364,0.175,FALSE,NA
238,76,3,"F2",300,1,0.5,17603,"fixed_1",TRUE,101.655,0.519073949739543,0.559315711522609,-0.0402417617830663,0.448684210526316,0.476315789473684,0.075,FALSE,NA
239,77,3,"F3",300,1,0.5,17703,"fixed_1",TRUE,95.341,0.524742735231346,0.510853845577519,0.0138888896538272,0,0.5,0.5,TRUE,NA
240,78,3,"F1",1000,1,0.5,17803,"fixed_1",TRUE,270.895,0.501878958974899,0.501878960170344,-1.19544552035222e-09,0,1,0,FALSE,NA
241,79,3,"F2",1000,1,0.5,17903,"fixed_1",TRUE,284.048,0.615339103426122,0.626036711306213,-0.0106976078800906,0.375,0.625,0,FALSE,NA
242,80,3,"F3",1000,1,0.5,18003,"fixed_1",TRUE,281.685,0.501757061022702,0.505380248522391,-0.00362318749968915,0,0.575,0.425,FALSE,NA
243,0,4,"F1",100,0.2,0.1,10004,"fixed_1",TRUE,84.219,0.853232198233014,0.904547580793654,-0.0513153825606399,0.25,0,0.75,TRUE,NA
244,1,4,"F2",100,0.2,0.1,10104,"fixed_1",TRUE,84.405,0.811276824305757,0.865053917701512,-0.0537770933957548,0.75,0,0.25,TRUE,NA
245,2,4,"F3",100,0.2,0.1,10204,"fixed_1",TRUE,85.125,0.697734168535278,0.66992439562622,0.0278097729090572,0.333333333333333,0,0.666666666666667,TRUE,NA
246,3,4,"F1",300,0.2,0.1,10304,"fixed_1",TRUE,99.744,0.898355304107069,0.930110499425429,-0.0317551953183597,0.384615384615385,0.5,0.115384615384615,FALSE,NA
247,4,4,"F2",300,0.2,0.1,10404,"fixed_1",TRUE,103.843,1.19924526077145,1.24376453012828,-0.0445192693568301,0.25,0.5,0.25,TRUE,NA
248,5,4,"F3",300,0.2,0.1,10504,"fixed_1",TRUE,95.084,0.691102561201251,0.70205882835015,-0.0109562671488992,0.166666666666667,0.666666666666667,0.166666666666667,TRUE,NA
249,6,4,"F1",1000,0.2,0.1,10604,"fixed_1",TRUE,507.944,0.987125703388444,0.996943730149045,-0.00981802676060173,0.3375,0.6625,0,FALSE,NA
250,7,4,"F2",1000,0.2,0.1,10704,"fixed_1",TRUE,479.69,0.993188913297991,1.04000278474623,-0.046813871448242,0.75,0.25,0,FALSE,NA
251,8,4,"F3",1000,0.2,0.1,10804,"fixed_1",TRUE,444.12,0.751937987300067,0.733070062827672,0.0188679244723954,0,0.5,0.5,TRUE,NA
252,9,4,"F1",100,0.5,0.1,10904,"fixed_1",TRUE,82,0.830827063808794,0.807738391153918,0.0230886726548758,0.55,0.25,0.2,FALSE,NA
253,10,4,"F2",100,0.5,0.1,11004,"fixed_1",TRUE,79.8,0.797705481288073,0.862361438357662,-0.0646559570695888,0.75,0,0.25,TRUE,NA
254,11,4,"F3",100,0.5,0.1,11104,"fixed_1",TRUE,89.08,0.620970248045913,0.555779125464235,0.0651911225816779,0.333333333333333,0,0.666666666666667,TRUE,NA
255,12,4,"F1",300,0.5,0.1,11204,"fixed_1",TRUE,95.914,0.874557504825568,0.866544785351876,0.00801271947369198,0.3875,0.6125,0,FALSE,NA
256,13,4,"F2",300,0.5,0.1,11304,"fixed_1",TRUE,97.878,0.953167690204331,0.98549528285996,-0.0323275926556289,0.75,0,0.25,TRUE,NA
257,14,4,"F3",300,0.5,0.1,11404,"fixed_1",TRUE,100.698,0.653421031703253,0.621162966557261,0.0322580651459921,0,0.5,0.5,TRUE,NA
258,15,4,"F1",1000,0.5,0.1,11504,"fixed_1",TRUE,476.546,0.810952932647555,0.810952932621031,2.65240052144122e-11,0,1,0,FALSE,NA
259,16,4,"F2",1000,0.5,0.1,11604,"fixed_1",TRUE,470.622,0.843411516296082,0.869681846309618,-0.0262703300135361,0.5,0.5,0,FALSE,NA
260,17,4,"F3",1000,0.5,0.1,11704,"fixed_1",TRUE,484.939,0.703052033573931,0.698547529228047,0.00450450434588345,0.025,0.775,0.2,FALSE,NA
261,18,4,"F1",100,1,0.1,11804,"fixed_1",TRUE,86.918,0.386250282764003,0.412493179944284,-0.0262428971802816,0.3375,0.6625,0,FALSE,NA
262,19,4,"F2",100,1,0.1,11904,"fixed_1",TRUE,87.658,0.759471421260078,0.575192231106923,0.184279190153156,0.35,0.35,0.3,TRUE,NA
263,20,4,"F3",100,1,0.1,12004,"fixed_1",TRUE,88.758,0.551827083295459,0.398613792134836,0.153213291160623,0.157894736842105,0.166666666666667,0.675438596491228,TRUE,NA
264,21,4,"F1",300,1,0.1,12104,"fixed_1",TRUE,101.504,0.433638382135619,0.437809928581929,-0.00417154644630974,0.4125,0.5875,0,FALSE,NA
265,22,4,"F2",300,1,0.1,12204,"fixed_1",TRUE,100.188,0.558755250394399,0.544676338125447,0.014078912268952,0.5,0.472222222222222,0.0277777777777778,FALSE,NA
266,23,4,"F3",300,1,0.1,12304,"fixed_1",TRUE,101.294,0.497199524034066,0.521934769778922,-0.0247352457448561,0.156862745098039,0.833333333333333,0.00980392156862745,FALSE,NA
267,24,4,"F1",1000,1,0.1,12404,"fixed_1",TRUE,494.074,0.431669597015711,0.428620142133473,0.00304945488223807,0.475,0.525,0,FALSE,NA
268,25,4,"F2",1000,1,0.1,12504,"fixed_1",TRUE,466.642,0.493647728539907,0.509890392374138,-0.0162426638342311,0.2375,0.6625,0.1,FALSE,NA
269,26,4,"F3",1000,1,0.1,12604,"fixed_1",TRUE,513.783,0.384648025923699,0.38645037677766,-0.0018023508539608,0.0583333333333333,0.941666666666667,0,FALSE,NA
270,27,4,"F1",100,0.2,0.3,12704,"fixed_1",TRUE,81.154,1.04389115427939,1.09491057798743,-0.0510194237080301,0.2875,0.4625,0.25,TRUE,NA
271,28,4,"F2",100,0.2,0.3,12804,"fixed_1",TRUE,80.725,0.927340748925802,0.944269147622023,-0.016928398696221,0,0.4125,0.5875,TRUE,NA
272,29,4,"F3",100,0.2,0.3,12904,"fixed_1",TRUE,76.849,0.717963795443633,0.791005186636428,-0.0730413911927955,0,0.166666666666667,0.833333333333333,TRUE,NA
273,30,4,"F1",300,0.2,0.3,13004,"fixed_1",TRUE,97.377,0.862064240928242,0.862606036608943,-0.000541795680700341,0,0.5,0.5,TRUE,NA
274,31,4,"F2",300,0.2,0.3,13104,"fixed_1",TRUE,101.389,0.892644227569664,0.918573491187229,-0.0259292636175641,0.86875,0.0375,0.09375,FALSE,NA
275,32,4,"F3",300,0.2,0.3,13204,"fixed_1",TRUE,92.282,0.682238374988875,0.682923549688289,-0.000685174699414426,0,0.166666666666667,0.833333333333333,TRUE,NA
276,33,4,"F1",1000,0.2,0.3,13304,"fixed_1",TRUE,350.735,1.00096215655196,0.997340954383645,0.00362120216831507,0.175,0.575,0.25,TRUE,NA
277,34,4,"F2",1000,0.2,0.3,13404,"fixed_1",TRUE,355.166,0.96106451230103,0.979197186727196,-0.0181326744261663,0.25,0.75,0,FALSE,NA
278,35,4,"F3",1000,0.2,0.3,13504,"fixed_1",TRUE,331.182,0.677294064893503,0.670838383573485,0.0064556813200185,0.166666666666667,0.666666666666667,0.166666666666667,TRUE,NA
279,36,4,"F1",100,0.5,0.3,13604,"fixed_1",TRUE,84.882,1.05200923191168,1.03246511186521,0.0195441200464699,0.232142857142857,0.25,0.517857142857143,TRUE,NA
280,37,4,"F2",100,0.5,0.3,13704,"fixed_1",TRUE,82.149,0.678334547839133,0.8782413934863,-0.199906845647167,0.25,0.25,0.5,TRUE,NA
281,38,4,"F3",100,0.5,0.3,13804,"fixed_1",TRUE,81.103,0.809182875310429,0.691127319693016,0.118055555617413,0,0.333333333333333,0.666666666666667,TRUE,NA
282,39,4,"F1",300,0.5,0.3,13904,"fixed_1",TRUE,99.679,0.915996922093357,0.910972494599938,0.00502442749341958,0.605263157894737,0.25,0.144736842105263,FALSE,NA
283,40,4,"F2",300,0.5,0.3,14004,"fixed_1",TRUE,103.575,0.919958923027147,0.925388091985579,-0.00542916895843237,0.25,0.6125,0.1375,FALSE,NA
284,41,4,"F3",300,0.5,0.3,14104,"fixed_1",TRUE,98.641,0.664160559700266,0.664160560234551,-5.34284949615937e-10,0,1,0,FALSE,NA
285,42,4,"F1",1000,0.5,0.3,14204,"fixed_1",TRUE,355.826,0.83697765267085,0.840306918957171,-0.0033292662863208,0.1375,0.8625,0,FALSE,NA
286,43,4,"F2",1000,0.5,0.3,14304,"fixed_1",TRUE,340.694,0.95025878909593,0.96234670719455,-0.0120879180986206,0.736842105263158,0.25,0.0131578947368421,FALSE,NA
287,44,4,"F3",1000,0.5,0.3,14404,"fixed_1",TRUE,340.277,0.636279968321586,0.636569626354969,-0.000289658033383322,0.0916666666666667,0.869117647058824,0.0392156862745098,FALSE,NA
288,45,4,"F1",100,1,0.3,14504,"fixed_1",TRUE,77.371,0.527553499651885,0.506556543987361,0.0209969556645236,0.25,0.70625,0.04375,FALSE,NA
289,46,4,"F2",100,1,0.3,14604,"fixed_1",TRUE,84.418,0.689640784121828,0.764774358824082,-0.0751335747022532,0.383333333333333,0.333333333333333,0.283333333333333,TRUE,NA
290,47,4,"F3",100,1,0.3,14704,"fixed_1",TRUE,78.419,0.537718343184993,0.569482873891829,-0.0317645307068365,0,0.491666666666667,0.508333333333333,TRUE,NA
291,48,4,"F1",300,1,0.3,14804,"fixed_1",TRUE,101.726,0.484119941833203,0.490602147006616,-0.0064822051734123,0.25,0.75,0,FALSE,NA
292,49,4,"F2",300,1,0.3,14904,"fixed_1",TRUE,102.984,0.646390229262165,0.65616912201813,-0.009778892755965,0.2375,0.7625,0,FALSE,NA
293,50,4,"F3",300,1,0.3,15004,"fixed_1",TRUE,105.749,0.408170556088149,0.408170555830177,2.57972532224926e-10,0,0.833333333333333,0.166666666666667,TRUE,NA
294,51,4,"F1",1000,1,0.3,15104,"fixed_1",TRUE,353.253,0.43976684500474,0.439766844501421,5.03318386968488e-10,0,1,0,FALSE,NA
295,52,4,"F2",1000,1,0.3,15204,"fixed_1",TRUE,332.151,0.584011777587387,0.587287047781009,-0.00327527019362206,0.308823529411765,0.661764705882353,0.0294117647058824,FALSE,NA
296,53,4,"F3",1000,1,0.3,15304,"fixed_1",TRUE,355.835,0.459517052495528,0.459517052674175,-1.78646653026249e-10,0,0.575,0.425,FALSE,NA
297,54,4,"F1",100,0.2,0.5,15404,"fixed_1",TRUE,81.859,0.808726085506504,0.813567807459727,-0.00484172195322308,0.25,0,0.75,TRUE,NA
298,55,4,"F2",100,0.2,0.5,15504,"fixed_1",TRUE,85.439,0.880157765953151,0.856245362270277,0.0239124036828742,0.0875,0.5375,0.375,TRUE,NA
299,56,4,"F3",100,0.2,0.5,15604,"fixed_1",TRUE,88.54,0.708732718126378,0.708732717490391,6.35987373875935e-10,0,0.5,0.5,TRUE,NA
300,57,4,"F1",300,0.2,0.5,15704,"fixed_1",TRUE,95.163,0.843581804386409,0.840642616554778,0.00293918783163061,0,0.4625,0.5375,TRUE,NA
301,58,4,"F2",300,0.2,0.5,15804,"fixed_1",TRUE,104.316,1.10440868842821,1.13589885571951,-0.0314901672912948,0.5,0.25,0.25,TRUE,NA
302,59,4,"F3",300,0.2,0.5,15904,"fixed_1",TRUE,102.524,0.779974986394414,0.840282510358668,-0.0603075239642548,0.166666666666667,0.166666666666667,0.666666666666667,TRUE,NA
303,60,4,"F1",1000,0.2,0.5,16004,"fixed_1",TRUE,268.046,0.967210994655044,0.961780910082427,0.00543008457261651,0,0.5,0.5,TRUE,NA
304,61,4,"F2",1000,0.2,0.5,16104,"fixed_1",TRUE,273.313,1.01877088312366,1.03899602112028,-0.0202251379966203,0.5,0.45,0.05,FALSE,NA
305,62,4,"F3",1000,0.2,0.5,16204,"fixed_1",TRUE,275.594,0.780730259784148,0.780730259655906,1.28242083619057e-10,0,1,0,FALSE,NA
306,63,4,"F1",100,0.5,0.5,16304,"fixed_1",TRUE,75.724,0.923827133067485,0.95425532761558,-0.0304281945480943,0,0.75,0.25,TRUE,NA
307,64,4,"F2",100,0.5,0.5,16404,"fixed_1",TRUE,79.66,0.807389511164943,0.816266688880173,-0.00887717771523033,0.275,0.725,0,FALSE,NA
308,65,4,"F3",100,0.5,0.5,16504,"fixed_1",TRUE,88.493,0.859375036089261,0.973598936977041,-0.11422390088778,0,0,1,TRUE,NA
309,66,4,"F1",300,0.5,0.5,16604,"fixed_1",TRUE,87.937,0.77102685121572,0.720319456139386,0.0507073950763345,0,0.675,0.325,TRUE,NA
310,67,4,"F2",300,0.5,0.5,16704,"fixed_1",TRUE,87.612,0.904223619178031,0.894847252451817,0.00937636672621434,0.366666666666667,0.583333333333333,0.05,FALSE,NA
311,68,4,"F3",300,0.5,0.5,16804,"fixed_1",TRUE,101.471,0.667721576205518,0.682427458898755,-0.0147058826932369,0,0.5,0.5,TRUE,NA
312,69,4,"F1",1000,0.5,0.5,16904,"fixed_1",TRUE,267.731,0.897606616935385,0.889251034161072,0.00835558277431359,0.1375,0.75,0.1125,FALSE,NA
313,70,4,"F2",1000,0.5,0.5,17004,"fixed_1",TRUE,281.34,0.845541399046956,0.845215905499886,0.000325493547069677,0.2125,0.6875,0.1,FALSE,NA
314,71,4,"F3",1000,0.5,0.5,17104,"fixed_1",TRUE,285.904,0.590715773863145,0.613050565369203,-0.0223347915060577,0.142647058823529,0.28921568627451,0.568137254901961,FALSE,NA
315,72,4,"F1",100,1,0.5,17204,"fixed_1",TRUE,82.358,0.949644618991827,0.91701022280793,0.0326343961838965,0.4375,0.25,0.3125,TRUE,NA
316,73,4,"F2",100,1,0.5,17304,"fixed_1",TRUE,87.183,0.658333144366287,0.668878350488923,-0.0105452061226353,0.321637426900585,0.611111111111111,0.0672514619883041,FALSE,NA
317,74,4,"F3",100,1,0.5,17404,"fixed_1",TRUE,87.784,0.713178247517576,0.874390169290166,-0.16121192177259,0.0833333333333333,0.25,0.666666666666667,TRUE,NA
318,75,4,"F1",300,1,0.5,17504,"fixed_1",TRUE,100.351,0.522811868954994,0.522811870887359,-1.93236548984288e-09,0,1,0,FALSE,NA
319,76,4,"F2",300,1,0.5,17604,"fixed_1",TRUE,94.965,0.601373203192809,0.612264173748084,-0.0108909705552747,0.15,0.7625,0.0875,FALSE,NA
320,77,4,"F3",300,1,0.5,17704,"fixed_1",TRUE,92.485,0.558975610486309,0.47724484158053,0.0817307689057795,0,0.333333333333333,0.666666666666667,TRUE,NA
321,78,4,"F1",1000,1,0.5,17804,"fixed_1",TRUE,269.891,0.48574733395849,0.48625693660334,-0.000509602644849616,0.175,0.825,0,FALSE,NA
322,79,4,"F2",1000,1,0.5,17904,"fixed_1",TRUE,254.579,0.535504214019072,0.539934935026823,-0.0044307210077511,0.258928571428571,0.583803258145363,0.157268170426065,FALSE,NA
323,80,4,"F3",1000,1,0.5,18004,"fixed_1",TRUE,266.603,0.55714808477733,0.55710127332912,4.68114482099491e-05,0.0166666666666667,0.983333333333333,0,FALSE,NA
324,0,5,"F1",100,0.2,0.1,10005,"fixed_1",TRUE,79.325,0.768816891475835,0.779295579206781,-0.0104786877309461,0.25,0.25,0.5,TRUE,NA
325,1,5,"F2",100,0.2,0.1,10105,"fixed_1",TRUE,77.009,0.966805477409753,0.97902773279043,-0.0122222553806774,0,0.4375,0.5625,TRUE,NA
326,2,5,"F3",100,0.2,0.1,10205,"fixed_1",TRUE,81.087,0.740240026847157,0.743529054344402,-0.00328902749724524,0,0,1,TRUE,NA
327,3,5,"F1",300,0.2,0.1,10305,"fixed_1",TRUE,94.385,0.934450537192979,0.937836314080946,-0.00338577688796704,0.75,0.25,0,FALSE,NA
328,4,5,"F2",300,0.2,0.1,10405,"fixed_1",TRUE,97.615,0.898984555782459,0.95364903365119,-0.0546644778687316,0.75,0,0.25,TRUE,NA
329,5,5,"F3",300,0.2,0.1,10505,"fixed_1",TRUE,99.219,0.744459797270001,0.704973215080855,0.0394865821891464,0.166666666666667,0.333333333333333,0.5,TRUE,NA
330,6,5,"F1",1000,0.2,0.1,10605,"fixed_1",TRUE,463.344,0.901622000994882,0.901622000625918,3.68963748442752e-10,0,1,0,FALSE,NA
331,7,5,"F2",1000,0.2,0.1,10705,"fixed_1",TRUE,499.349,0.887165328944831,0.934466171004665,-0.0473008420598345,0.602941176470588,0.132352941176471,0.264705882352941,TRUE,NA
332,8,5,"F3",1000,0.2,0.1,10805,"fixed_1",TRUE,496.004,0.684268038908163,0.689865053875192,-0.00559701496702925,0,0.625,0.375,FALSE,NA
333,9,5,"F1",100,0.5,0.1,10905,"fixed_1",TRUE,85.603,0.893183170088349,0.927005295240085,-0.0338221251517361,0.25,0.75,0,FALSE,NA
334,10,5,"F2",100,0.5,0.1,11005,"fixed_1",TRUE,78.336,1.02217670562943,1.09324484366898,-0.0710681380395521,0.447368421052632,0,0.552631578947368,TRUE,NA
335,11,5,"F3",100,0.5,0.1,11105,"fixed_1",TRUE,81.171,0.717117994702918,0.747614852593693,-0.0304968578907747,0.166666666666667,0.333333333333333,0.5,TRUE,NA
336,12,5,"F1",300,0.5,0.1,11205,"fixed_1",TRUE,94.154,0.821267016532519,0.843473820719,-0.022206804186481,0.350657894736842,0.4125,0.236842105263158,FALSE,NA
337,13,5,"F2",300,0.5,0.1,11305,"fixed_1",TRUE,90.61,0.780253529241994,0.837868837062424,-0.0576153078204307,0.573529411764706,0.426470588235294,0,FALSE,NA
338,14,5,"F3",300,0.5,0.1,11405,"fixed_1",TRUE,96.44,0.66164267516153,0.661642674116709,1.04482089646751e-09,0,1,0,FALSE,NA
339,15,5,"F1",1000,0.5,0.1,11505,"fixed_1",TRUE,496.981,0.878207764389894,0.878207764668365,-2.78471357084698e-10,0,1,0,FALSE,NA
340,16,5,"F2",1000,0.5,0.1,11605,"fixed_1",TRUE,480.257,0.919679095474155,0.930693364429884,-0.0110142689557294,0.3875,0.6125,0,FALSE,NA
341,17,5,"F3",1000,0.5,0.1,11705,"fixed_1",TRUE,472.719,0.644723027999495,0.644723027790345,2.09150363694732e-10,0.108333333333333,0.833333333333333,0.0583333333333333,FALSE,NA
342,18,5,"F1",100,1,0.1,11805,"fixed_1",TRUE,75.965,0.657381522183462,0.657381520765397,1.4180645546702e-09,0,1,0,FALSE,NA
343,19,5,"F2",100,1,0.1,11905,"fixed_1",TRUE,76.929,0.498670399296648,0.467538909471838,0.03113148982481,0.4,0.4,0.2,FALSE,NA
344,20,5,"F3",100,1,0.1,12005,"fixed_1",TRUE,80.22,0.42145809203432,0.430008027847573,-0.00854993581325297,0.25,0.75,0,FALSE,NA
345,21,5,"F1",300,1,0.1,12105,"fixed_1",TRUE,95.99,0.504882000053883,0.513276727135213,-0.00839472708133016,0.2125,0.7625,0.025,FALSE,NA
346,22,5,"F2",300,1,0.1,12205,"fixed_1",TRUE,99.928,0.580931685598442,0.581296301737609,-0.000364616139167051,0.711988304093567,0,0.288011695906433,FALSE,NA
347,23,5,"F3",300,1,0.1,12305,"fixed_1",TRUE,97.696,0.453875576401147,0.461718325737014,-0.00784274933586659,0.116666666666667,0.813157894736842,0.0701754385964912,FALSE,NA
348,24,5,"F1",1000,1,0.1,12405,"fixed_1",TRUE,529.481,0.383231693632391,0.383231693756111,-1.23720145239758e-10,0,1,0,FALSE,NA
349,25,5,"F2",1000,1,0.1,12505,"fixed_1",TRUE,484.583,0.606442047789733,0.618287078815852,-0.011845031026119,0.475,0.5,0.025,FALSE,NA
350,26,5,"F3",1000,1,0.1,12605,"fixed_1",TRUE,542.632,0.45713159883167,0.462125188919849,-0.00499359008817946,0,0.966666666666667,0.0333333333333333,FALSE,NA
351,27,5,"F1",100,0.2,0.3,12705,"fixed_1",TRUE,76.275,1.13075534936169,1.0950715256372,0.0356838237244823,0,0.5,0.5,TRUE,NA
352,28,5,"F2",100,0.2,0.3,12805,"fixed_1",TRUE,74.57,0.805430367102031,0.853996443092692,-0.0485660759906607,0.225,0,0.775,TRUE,NA
353,29,5,"F3",100,0.2,0.3,12905,"fixed_1",TRUE,73.733,0.81187623977403,0.847673615973615,-0.0357973761995842,0,0.614583333333333,0.385416666666667,TRUE,NA
354,30,5,"F1",300,0.2,0.3,13005,"fixed_1",TRUE,89.216,0.9792904549337,0.964518354828741,0.0147721001049591,0,0.75,0.25,TRUE,NA
355,31,5,"F2",300,0.2,0.3,13105,"fixed_1",TRUE,87.336,0.935977212369464,0.95620875296384,-0.0202315405943759,0.4,0.35,0.25,TRUE,NA
356,32,5,"F3",300,0.2,0.3,13205,"fixed_1",TRUE,87.616,0.80353084836703,0.757552454031106,0.0459783943359235,0,0.5,0.5,TRUE,NA
357,33,5,"F1",1000,0.2,0.3,13305,"fixed_1",TRUE,358.279,0.976584623931757,0.978482295206703,-0.00189767127494578,0.15,0.75,0.1,FALSE,NA
358,34,5,"F2",1000,0.2,0.3,13405,"fixed_1",TRUE,351.388,0.975564890672344,1.02289560154616,-0.047330710873816,0.5875,0.225,0.1875,FALSE,NA
359,35,5,"F3",1000,0.2,0.3,13505,"fixed_1",TRUE,363.105,0.725677798765392,0.759711637584761,-0.0340338388193689,0,0.166666666666667,0.833333333333333,TRUE,NA
360,36,5,"F1",100,0.5,0.3,13605,"fixed_1",TRUE,75.978,0.877838229742037,0.958199411419509,-0.0803611816774722,0.301587301587302,0.25,0.448412698412698,TRUE,NA
361,37,5,"F2",100,0.5,0.3,13705,"fixed_1",TRUE,80.245,0.927185208010253,1.01707883600659,-0.0898936279963333,0.5,0.5,0,FALSE,NA
362,38,5,"F3",100,0.5,0.3,13805,"fixed_1",TRUE,78.773,0.675906713109149,0.665729145887168,0.0101775672219813,0,0.166666666666667,0.833333333333333,TRUE,NA
363,39,5,"F1",300,0.5,0.3,13905,"fixed_1",TRUE,92.755,0.84271680731488,0.862786753537194,-0.020069946222314,0.5,0.5,0,FALSE,NA
364,40,5,"F2",300,0.5,0.3,14005,"fixed_1",TRUE,93.387,0.633156315794902,0.673740075717012,-0.0405837599221096,0.484375,0.5,0.015625,FALSE,NA
365,41,5,"F3",300,0.5,0.3,14105,"fixed_1",TRUE,98.1,0.641169016262206,0.633529528841961,0.00763948742024501,0,0.966666666666667,0.0333333333333333,FALSE,NA
366,42,5,"F1",1000,0.5,0.3,14205,"fixed_1",TRUE,351.092,0.792403421861685,0.792511176791155,-0.000107754929469572,0.0131578947368421,0.986842105263158,0,FALSE,NA
367,43,5,"F2",1000,0.5,0.3,14305,"fixed_1",TRUE,356.633,0.835084793622117,0.86990855149429,-0.0348237578721727,0.6,0.4,0,FALSE,NA
368,44,5,"F3",1000,0.5,0.3,14405,"fixed_1",TRUE,360.246,0.666317020123758,0.669162328721057,-0.00284530859729859,0.108333333333333,0.530555555555556,0.361111111111111,FALSE,NA
369,45,5,"F1",100,1,0.3,14505,"fixed_1",TRUE,70.94,0.638905405560396,0.642366089275688,-0.00346068371529185,0.425,0.575,0,FALSE,NA
370,46,5,"F2",100,1,0.3,14605,"fixed_1",TRUE,77.945,0.624273783542716,0.753468465484542,-0.129194681941826,0.369078947368421,0.2375,0.393421052631579,TRUE,NA
371,47,5,"F3",100,1,0.3,14705,"fixed_1",TRUE,72.7,0.667564289936805,0.360947335498925,0.30661695443788,0.141666666666667,0.166666666666667,0.691666666666667,TRUE,NA
372,48,5,"F1",300,1,0.3,14805,"fixed_1",TRUE,89.458,0.519853391058988,0.53096694630507,-0.0111135552460823,0.25,0.7375,0.0125,FALSE,NA
373,49,5,"F2",300,1,0.3,14905,"fixed_1",TRUE,100.978,0.60989032800636,0.609395903901093,0.000494424105267122,0,0.9875,0.0125,FALSE,NA
374,50,5,"F3",300,1,0.3,15005,"fixed_1",TRUE,90.833,0.547024765584839,0.571044294791672,-0.0240195292068328,0.141666666666667,0.358333333333333,0.5,TRUE,NA
375,51,5,"F1",1000,1,0.3,15105,"fixed_1",TRUE,353.017,0.498838856554665,0.498838856069785,4.84880080531269e-10,0,1,0,FALSE,NA
376,52,5,"F2",1000,1,0.3,15205,"fixed_1",TRUE,367.363,0.513486701157797,0.514989330910877,-0.00150262975308035,0.25,0.6875,0.0625,FALSE,NA
377,53,5,"F3",1000,1,0.3,15305,"fixed_1",TRUE,344.202,0.457618446355966,0.457618446755048,-3.99082045188237e-10,0,1,0,FALSE,NA
378,54,5,"F1",100,0.2,0.5,15405,"fixed_1",TRUE,73.253,0.96944437955266,0.950972024581938,0.0184723549707226,0.1,0.4,0.5,TRUE,NA
379,55,5,"F2",100,0.2,0.5,15505,"fixed_1",TRUE,79.343,0.756100588427625,0.781202577213974,-0.0251019887863489,0.5,0.25,0.25,TRUE,NA
380,56,5,"F3",100,0.2,0.5,15605,"fixed_1",TRUE,79.69,0.67527010931588,0.803030946483375,-0.127760837167495,0.133333333333333,0.7,0.166666666666667,TRUE,NA
381,57,5,"F1",300,0.2,0.5,15705,"fixed_1",TRUE,93.195,0.996124660455718,0.97208745301241,0.0240372074433086,0,0.5,0.5,TRUE,NA
382,58,5,"F2",300,0.2,0.5,15805,"fixed_1",TRUE,87.78,1.25737381888749,1.19195637747462,0.0654174414128732,0,0,1,TRUE,NA
383,59,5,"F3",300,0.2,0.5,15905,"fixed_1",TRUE,93.34,0.804802543451074,0.778677876477204,0.0261246669738698,0,0.333333333333333,0.666666666666667,TRUE,NA
384,60,5,"F1",1000,0.2,0.5,16005,"fixed_1",TRUE,272.886,0.989323692723126,0.982382011468306,0.00694168125482042,0,0.75,0.25,TRUE,NA
385,61,5,"F2",1000,0.2,0.5,16105,"fixed_1",TRUE,264.534,0.902600710964334,0.912678588976729,-0.0100778780123948,0.0875,0.35,0.5625,TRUE,NA
386,62,5,"F3",1000,0.2,0.5,16205,"fixed_1",TRUE,256.571,0.73241201563005,0.726030776206025,0.00638123942402513,0.333333333333333,0.666666666666667,0,FALSE,NA
387,63,5,"F1",100,0.5,0.5,16305,"fixed_1",TRUE,77.405,0.931707899463002,0.946411276883106,-0.0147033774201037,0.25,0.5,0.25,TRUE,NA
388,64,5,"F2",100,0.5,0.5,16405,"fixed_1",TRUE,87.536,1.14132783215784,1.11186803285643,0.0294597993014099,0,0,1,TRUE,NA
389,65,5,"F3",100,0.5,0.5,16505,"fixed_1",TRUE,87.195,0.501826426018926,0.479669964512872,0.0221564615060545,0.25,0.0833333333333333,0.666666666666667,TRUE,NA
390,66,5,"F1",300,0.5,0.5,16605,"fixed_1",TRUE,95.204,0.834633116317724,0.836788327928266,-0.00215521161054211,0.2,0.8,0,FALSE,NA
391,67,5,"F2",300,0.5,0.5,16705,"fixed_1",TRUE,95.892,0.885440233229823,0.914334428260585,-0.0288941950307617,0.25,0.5,0.25,TRUE,NA
392,68,5,"F3",300,0.5,0.5,16805,"fixed_1",TRUE,91.498,0.830200712662779,0.860465640117603,-0.0302649274548235,0.158333333333333,0.666666666666667,0.175,TRUE,NA
393,69,5,"F1",1000,0.5,0.5,16905,"fixed_1",TRUE,258.494,0.788503534050838,0.777723640460925,0.0107798935899127,0,0.9,0.1,FALSE,NA
394,70,5,"F2",1000,0.5,0.5,17005,"fixed_1",TRUE,273.779,0.843173390263249,0.85916114665302,-0.0159877563897707,0.285714285714286,0.714285714285714,0,FALSE,NA
395,71,5,"F3",1000,0.5,0.5,17105,"fixed_1",TRUE,272.942,0.724415098137498,0.731171855059919,-0.00675675692242061,0,0.675,0.325,FALSE,NA
396,72,5,"F1",100,1,0.5,17205,"fixed_1",TRUE,74.637,0.938166285819224,0.979554109167428,-0.0413878233482037,0.5875,0.2875,0.125,FALSE,NA
397,73,5,"F2",100,1,0.5,17305,"fixed_1",TRUE,79.841,0.510378518422746,0.551616850607621,-0.0412383321848753,0.411764705882353,0.5,0.0882352941176471,FALSE,NA
398,74,5,"F3",100,1,0.5,17405,"fixed_1",TRUE,87.055,0.459973609628478,0.359973608274997,0.100000001353481,0,0.5,0.5,TRUE,NA
399,75,5,"F1",300,1,0.5,17505,"fixed_1",TRUE,92.616,0.57178674917279,0.566705032877632,0.00508171629515797,0.0625,0.890625,0.046875,FALSE,NA
400,76,5,"F2",300,1,0.5,17605,"fixed_1",TRUE,88.402,0.593048357343406,0.640948750855583,-0.0479003935121771,0.381944444444444,0.4375,0.180555555555556,FALSE,NA
401,77,5,"F3",300,1,0.5,17705,"fixed_1",TRUE,100.568,0.380682436290333,0.361393724465597,0.0192887118247357,0.0784313725490196,0.392156862745098,0.529411764705882,TRUE,NA
402,78,5,"F1",1000,1,0.5,17805,"fixed_1",TRUE,270.974,0.548276076537756,0.548276076151308,3.86448539835271e-10,0,1,0,FALSE,NA
403,79,5,"F2",1000,1,0.5,17905,"fixed_1",TRUE,271.971,0.550200674593162,0.555742144451723,-0.00554146985856085,0.25,0.7,0.05,FALSE,NA
404,80,5,"F3",1000,1,0.5,18005,"fixed_1",TRUE,268.264,0.550468920052782,0.551002232416397,-0.000533312363614757,0.0185185185185185,0.981481481481482,0,FALSE,NA
405,0,6,"F1",100,0.2,0.1,10006,"fixed_1",TRUE,74.963,0.921969399383055,0.936927988817115,-0.0149585894340594,0.25,0.5,0.25,TRUE,NA
406,1,6,"F2",100,0.2,0.1,10106,"fixed_1",TRUE,77.629,0.683147515334713,0.73708964304202,-0.0539421277073067,0.5,0.25,0.25,TRUE,NA
407,2,6,"F3",100,0.2,0.1,10206,"fixed_1",TRUE,85.861,0.697588033225121,0.77104559931975,-0.0734575660946289,0.333333333333333,0,0.666666666666667,TRUE,NA
408,3,6,"F1",300,0.2,0.1,10306,"fixed_1",TRUE,91.838,0.956143376926075,0.974680211706895,-0.0185368347808199,0.805555555555556,0.194444444444444,0,FALSE,NA
409,4,6,"F2",300,0.2,0.1,10406,"fixed_1",TRUE,94.932,0.885326039233068,0.985517053300842,-0.100191014067774,0.75,0,0.25,TRUE,NA
410,5,6,"F3",300,0.2,0.1,10506,"fixed_1",TRUE,96.836,0.843242935709115,0.843995852961745,-0.000752917252630159,0.166666666666667,0.666666666666667,0.166666666666667,TRUE,NA
411,6,6,"F1",1000,0.2,0.1,10606,"fixed_1",TRUE,486.531,0.964551429288768,0.964711159616072,-0.000159730327304763,0.1375,0.6125,0.25,TRUE,NA
412,7,6,"F2",1000,0.2,0.1,10706,"fixed_1",TRUE,458.172,0.906993138131607,0.95129511787685,-0.044301979745243,0.675,0.075,0.25,TRUE,NA
413,8,6,"F3",1000,0.2,0.1,10806,"fixed_1",TRUE,471.533,0.72193435629905,0.736085299618575,-0.0141509433195256,0.0648148148148148,0.833333333333333,0.101851851851852,FALSE,NA
414,9,6,"F1",100,0.5,0.1,10906,"fixed_1",TRUE,74.63,1.02735757714258,1.05999109761999,-0.0326335204774151,0,0.5,0.5,TRUE,NA
415,10,6,"F2",100,0.5,0.1,11006,"fixed_1",TRUE,71.069,1.144725037641,1.19043199383954,-0.0457069561985459,0.425,0.25,0.325,TRUE,NA
416,11,6,"F3",100,0.5,0.1,11106,"fixed_1",TRUE,78.57,0.671372743012267,0.670530204999748,0.000842538012518435,0.166666666666667,0.833333333333333,0,FALSE,NA
417,12,6,"F1",300,0.5,0.1,11206,"fixed_1",TRUE,96.561,0.751431472656257,0.751431473635622,-9.79364700448571e-10,0,1,0,FALSE,NA
418,13,6,"F2",300,0.5,0.1,11306,"fixed_1",TRUE,98.937,0.870676233371566,0.972032605594368,-0.101356372222802,0.732142857142857,0.255357142857143,0.0125,FALSE,NA
419,14,6,"F3",300,0.5,0.1,11406,"fixed_1",TRUE,100.746,0.647480640063903,0.66053881846021,-0.0130581783963072,0.166666666666667,0.833333333333333,0,FALSE,NA
420,15,6,"F1",1000,0.5,0.1,11506,"fixed_1",TRUE,486.329,0.892967239902509,0.902276337133172,-0.00930909723066309,0.486111111111111,0.5,0.0138888888888889,FALSE,NA
421,16,6,"F2",1000,0.5,0.1,11606,"fixed_1",TRUE,527.235,1.0064105110862,1.03839707626862,-0.0319865651824165,0.45,0.55,0,FALSE,NA
422,17,6,"F3",1000,0.5,0.1,11706,"fixed_1",TRUE,499.312,0.637756171621316,0.602339504627053,0.0354166669942626,0,0.5,0.5,TRUE,NA
423,18,6,"F1",100,1,0.1,11806,"fixed_1",TRUE,75.185,0.632943396429761,0.61634283807008,0.0166005583596806,0.25,0.75,0,FALSE,NA
424,19,6,"F2",100,1,0.1,11906,"fixed_1",TRUE,77.129,0.693603360517229,0.740537158177268,-0.046933797660039,0.1375,0.8125,0.05,FALSE,NA
425,20,6,"F3",100,1,0.1,12006,"fixed_1",TRUE,75.639,0.722782783595475,0.678062911878569,0.0447198717169058,0,0.466666666666667,0.533333333333333,TRUE,NA
426,21,6,"F1",300,1,0.1,12106,"fixed_1",TRUE,92.142,0.57989471348779,0.582290647843354,-0.00239593435556451,0.2875,0.7125,0,FALSE,NA
427,22,6,"F2",300,1,0.1,12206,"fixed_1",TRUE,100.414,0.538430045449356,0.560822367760576,-0.0223923223112201,0.6875,0.0875,0.225,FALSE,NA
428,23,6,"F3",300,1,0.1,12306,"fixed_1",TRUE,93.974,0.457640649547981,0.431324861550664,0.0263157879973173,0,0.5,0.5,TRUE,NA
429,24,6,"F1",1000,1,0.1,12406,"fixed_1",TRUE,498.835,0.386602479380843,0.389480330566162,-0.0028778511853193,0.1625,0.8375,0,FALSE,NA
430,25,6,"F2",1000,1,0.1,12506,"fixed_1",TRUE,532.679,0.548365255584941,0.577618480981968,-0.0292532253970269,0.45,0.475,0.075,FALSE,NA
431,26,6,"F3",1000,1,0.1,12606,"fixed_1",TRUE,523.352,0.50612328193618,0.509481013065086,-0.00335773112890558,0.0583333333333333,0.941666666666667,0,FALSE,NA
432,27,6,"F1",100,0.2,0.3,12706,"fixed_1",TRUE,77.008,1.02872125738409,1.00561276517778,0.0231084922063052,0,0.25,0.75,TRUE,NA
433,28,6,"F2",100,0.2,0.3,12806,"fixed_1",TRUE,73.971,0.989537819501104,1.01963623352395,-0.0300984140228424,0,0.25,0.75,TRUE,NA
434,29,6,"F3",100,0.2,0.3,12906,"fixed_1",TRUE,84.019,0.557003215460024,0.563605879151238,-0.00660266369121421,0,0,1,TRUE,NA
435,30,6,"F1",300,0.2,0.3,13006,"fixed_1",TRUE,94.063,0.968819873512001,0.974481406199634,-0.00566153268763314,0.35,0.5,0.15,FALSE,NA
436,31,6,"F2",300,0.2,0.3,13106,"fixed_1",TRUE,89.925,0.902017466492524,0.94440214782542,-0.0423846813328961,0.6125,0,0.3875,TRUE,NA
437,32,6,"F3",300,0.2,0.3,13206,"fixed_1",TRUE,90.235,0.653010720848404,0.583767263307174,0.0692434575412298,0.333333333333333,0.359649122807018,0.307017543859649,FALSE,NA
438,33,6,"F1",1000,0.2,0.3,13306,"fixed_1",TRUE,335.069,0.934393985858406,0.929458104057896,0.00493588180051074,0.4625,0.5375,0,FALSE,NA
439,34,6,"F2",1000,0.2,0.3,13406,"fixed_1",TRUE,385.844,0.858304994788337,0.892559621616078,-0.0342546268277409,0.4,0.6,0,FALSE,NA
440,35,6,"F3",1000,0.2,0.3,13506,"fixed_1",TRUE,342.317,0.768813939782769,0.78223802259931,-0.0134240828165401,0.0916666666666667,0.408333333333333,0.5,TRUE,NA
441,36,6,"F1",100,0.5,0.3,13606,"fixed_1",TRUE,81.396,0.832222755897577,0.908594717852889,-0.076371961955312,0.377777777777778,0.25,0.372222222222222,TRUE,NA
442,37,6,"F2",100,0.5,0.3,13706,"fixed_1",TRUE,81.195,0.723310358889051,0.690902708143772,0.0324076507452783,0.5,0.5,0,FALSE,NA
443,38,6,"F3",100,0.5,0.3,13806,"fixed_1",TRUE,74.619,0.735340930911908,0.732373879099537,0.00296705181237089,0,0.833333333333333,0.166666666666667,TRUE,NA
444,39,6,"F1",300,0.5,0.3,13906,"fixed_1",TRUE,84.822,0.993177192938077,0.987573309806019,0.00560388313205784,0.5,0.25,0.25,TRUE,NA
445,40,6,"F2",300,0.5,0.3,14006,"fixed_1",TRUE,86.841,0.868038680607553,0.888634576010179,-0.0205958954026259,0.25,0.75,0,FALSE,NA
446,41,6,"F3",300,0.5,0.3,14106,"fixed_1",TRUE,93.8,0.733760946032655,0.733760946960381,-9.27725896104903e-10,0,1,0,FALSE,NA
447,42,6,"F1",1000,0.5,0.3,14206,"fixed_1",TRUE,380.625,0.880040142377797,0.880040141299029,1.07876807486917e-09,0,1,0,FALSE,NA
448,43,6,"F2",1000,0.5,0.3,14306,"fixed_1",TRUE,389.693,0.897066736906651,0.923450929933474,-0.0263841930268236,0.3,0.7,0,FALSE,NA
449,44,6,"F3",1000,0.5,0.3,14406,"fixed_1",TRUE,357.069,0.696563985469492,0.699470962642942,-0.00290697717344979,0,0.525,0.475,FALSE,NA
450,45,6,"F1",100,1,0.3,14506,"fixed_1",TRUE,76.268,0.553217010028245,0.528786883366841,0.0244301266614035,0.661842105263158,0.325,0.0131578947368421,FALSE,NA
451,46,6,"F2",100,1,0.3,14606,"fixed_1",TRUE,67.045,0.523730861510447,0.529474434287737,-0.00574357277728965,0,0.95,0.05,FALSE,NA
452,47,6,"F3",100,1,0.3,14706,"fixed_1",TRUE,78.157,0.524180469682097,0.560930900895309,-0.0367504312132118,0,0.666228070175439,0.333771929824561,FALSE,NA
453,48,6,"F1",300,1,0.3,14806,"fixed_1",TRUE,87.684,0.465109965182664,0.467419140838569,-0.00230917565590572,0,0.9875,0.0125,FALSE,NA
454,49,6,"F2",300,1,0.3,14906,"fixed_1",TRUE,98.298,0.687812662672598,0.666854627120325,0.0209580355522737,0.475,0.4,0.125,FALSE,NA
455,50,6,"F3",300,1,0.3,15006,"fixed_1",TRUE,92.474,0.435368302775682,0.464673420635453,-0.0293051178597713,0.206481481481481,0.775925925925926,0.0175925925925926,FALSE,NA
456,51,6,"F1",1000,1,0.3,15106,"fixed_1",TRUE,353.599,0.418367942708784,0.422096141092428,-0.00372819838364391,0.4,0.6,0,FALSE,NA
457,52,6,"F2",1000,1,0.3,15206,"fixed_1",TRUE,387.122,0.639856835303253,0.662537160330634,-0.0226803250273813,0.4125,0.4125,0.175,FALSE,NA
458,53,6,"F3",1000,1,0.3,15306,"fixed_1",TRUE,349.034,0.526995377165421,0.534807609894642,-0.00781223272922094,0,0.958333333333333,0.0416666666666667,FALSE,NA
459,54,6,"F1",100,0.2,0.5,15406,"fixed_1",TRUE,75.5,0.892877314685666,0.886004144376135,0.00687317030953072,0.1875,0.8125,0,FALSE,NA
460,55,6,"F2",100,0.2,0.5,15506,"fixed_1",TRUE,74.105,0.868477842958502,0.822926143214676,0.0455516997438258,0,0.25,0.75,TRUE,NA
461,56,6,"F3",100,0.2,0.5,15606,"fixed_1",TRUE,78.064,0.852718944150429,0.869672165062333,-0.0169532209119047,0,0,1,TRUE,NA
462,57,6,"F1",300,0.2,0.5,15706,"fixed_1",TRUE,94.248,1.04113878228432,1.05356932944433,-0.0124305471600095,0.25,0.75,0,FALSE,NA
463,58,6,"F2",300,0.2,0.5,15806,"fixed_1",TRUE,89.973,0.925173101824607,0.909653779655312,0.0155193221692945,0,0.25,0.75,TRUE,NA
464,59,6,"F3",300,0.2,0.5,15906,"fixed_1",TRUE,89.59,0.74849740377975,0.702707010124965,0.0457903936547852,0,0.166666666666667,0.833333333333333,TRUE,NA
465,60,6,"F1",1000,0.2,0.5,16006,"fixed_1",TRUE,267.154,0.881885781936755,0.88069127401426,0.00119450792249443,0,0.9375,0.0625,FALSE,NA
466,61,6,"F2",1000,0.2,0.5,16106,"fixed_1",TRUE,286.328,0.98270261077353,0.981647863947632,0.00105474682589779,0.5,0.388888888888889,0.111111111111111,FALSE,NA
467,62,6,"F3",1000,0.2,0.5,16206,"fixed_1",TRUE,280.93,0.699482821620819,0.699482821536714,8.41047231858738e-11,0,1,0,FALSE,NA
468,63,6,"F1",100,0.5,0.5,16306,"fixed_1",TRUE,78.097,0.795083369959833,0.855606179444068,-0.0605228094842347,0.486842105263158,0.25,0.263157894736842,TRUE,NA
469,64,6,"F2",100,0.5,0.5,16406,"fixed_1",TRUE,73.291,0.850028741634306,0.931322385385858,-0.0812936437515517,0,0.3625,0.6375,TRUE,NA
470,65,6,"F3",100,0.5,0.5,16506,"fixed_1",TRUE,80.28,0.757910291873852,0.689811109476812,0.0680991823970393,0,0.666666666666667,0.333333333333333,TRUE,NA
471,66,6,"F1",300,0.5,0.5,16606,"fixed_1",TRUE,87.173,0.879738938001755,0.879738937469849,5.31905630651863e-10,0,1,0,FALSE,NA
472,67,6,"F2",300,0.5,0.5,16706,"fixed_1",TRUE,86.7,0.913504103405098,0.940508549312006,-0.0270044459069074,0.5,0,0.5,TRUE,NA
473,68,6,"F3",300,0.5,0.5,16806,"fixed_1",TRUE,91.433,0.686004296698305,0.63485340164217,0.0511508950561353,0,0.333333333333333,0.666666666666667,TRUE,NA
474,69,6,"F1",1000,0.5,0.5,16906,"fixed_1",TRUE,270.345,0.856137714743486,0.856137714367514,3.75972697419513e-10,0,1,0,FALSE,NA
475,70,6,"F2",1000,0.5,0.5,17006,"fixed_1",TRUE,257.978,0.7563311147166,0.76309847119129,-0.00676735647469007,0.4875,0.5125,0,FALSE,NA
476,71,6,"F3",1000,0.5,0.5,17106,"fixed_1",TRUE,269.372,0.563983185464382,0.548915861158224,0.0150673243061575,0.0666666666666667,0.766666666666667,0.166666666666667,TRUE,NA
477,72,6,"F1",100,1,0.5,17206,"fixed_1",TRUE,75.449,0.823908128513143,0.752400947023658,0.0715071814894852,0.4875,0.2625,0.25,TRUE,NA
478,73,6,"F2",100,1,0.5,17306,"fixed_1",TRUE,75.058,0.833076863057506,0.758748731123225,0.0743281319342807,0.305555555555556,0.25,0.444444444444444,TRUE,NA
479,74,6,"F3",100,1,0.5,17406,"fixed_1",TRUE,80.985,0.6998169285915,0.700184272411363,-0.000367343819863031,0,0.966666666666667,0.0333333333333333,FALSE,NA
480,75,6,"F1",300,1,0.5,17506,"fixed_1",TRUE,91.989,0.465016496852419,0.468086284350281,-0.00306978749786146,0.459722222222222,0.513888888888889,0.0263888888888889,FALSE,NA
481,76,6,"F2",300,1,0.5,17606,"fixed_1",TRUE,89.388,0.606990439391564,0.627260236084962,-0.0202697966933977,0.232142857142857,0.691176470588235,0.0766806722689076,FALSE,NA
482,77,6,"F3",300,1,0.5,17706,"fixed_1",TRUE,95.003,0.521591782051584,0.508254834341683,0.0133369477099009,0.166666666666667,0.833333333333333,0,FALSE,NA
483,78,6,"F1",1000,1,0.5,17806,"fixed_1",TRUE,277.245,0.535001309901941,0.535001311867906,-1.96596561252704e-09,0,1,0,FALSE,NA
484,79,6,"F2",1000,1,0.5,17906,"fixed_1",TRUE,289.54,0.644742581151177,0.686673475967404,-0.0419308948162272,0.7,0.175,0.125,FALSE,NA
485,80,6,"F3",1000,1,0.5,18006,"fixed_1",TRUE,265.936,0.470529355816394,0.458029355624064,0.0125000001923301,0.0416666666666667,0.633333333333333,0.325,FALSE,NA
486,0,7,"F1",100,0.2,0.1,10007,"fixed_1",TRUE,76.014,1.03011435899638,0.989202474117182,0.0409118848791939,0.225,0.275,0.5,TRUE,NA
487,1,7,"F2",100,0.2,0.1,10107,"fixed_1",TRUE,75.615,0.7484632988819,0.770169201710736,-0.0217059028288364,0.5,0.25,0.25,TRUE,NA
488,2,7,"F3",100,0.2,0.1,10207,"fixed_1",TRUE,73.949,0.794883957116719,0.904989450135912,-0.110105493019193,0,0.166666666666667,0.833333333333333,TRUE,NA
489,3,7,"F1",300,0.2,0.1,10307,"fixed_1",TRUE,100.774,0.988765719154012,1.00296750855173,-0.0142017893977171,0.5,0.5,0,FALSE,NA
490,4,7,"F2",300,0.2,0.1,10407,"fixed_1",TRUE,94.092,0.864372017670713,0.909679710876653,-0.0453076932059403,0.75,0.25,0,FALSE,NA
491,5,7,"F3",300,0.2,0.1,10507,"fixed_1",TRUE,96.871,0.829531824020439,0.749989096091625,0.0795427279288133,0,0.0666666666666667,0.933333333333333,TRUE,NA
492,6,7,"F1",1000,0.2,0.1,10607,"fixed_1",TRUE,518.687,0.977945787592046,0.981671804136909,-0.00372601654486315,0.25,0.75,0,FALSE,NA
493,7,7,"F2",1000,0.2,0.1,10707,"fixed_1",TRUE,508.094,0.874263234680489,0.908984731692413,-0.0347214970119237,0.5,0.5,0,FALSE,NA
494,8,7,"F3",1000,0.2,0.1,10807,"fixed_1",TRUE,483.618,0.702427502523106,0.704733825686007,-0.00230632316290058,0.216666666666667,0.175,0.608333333333333,TRUE,NA
495,9,7,"F1",100,0.5,0.1,10907,"fixed_1",TRUE,77.107,0.86169747033117,0.772924461942982,0.0887730083881881,0.5,0.25,0.25,TRUE,NA
496,10,7,"F2",100,0.5,0.1,11007,"fixed_1",TRUE,77.496,1.10892472188363,1.15022819967056,-0.0413034777869283,0.25,0.4375,0.3125,TRUE,NA
497,11,7,"F3",100,0.5,0.1,11107,"fixed_1",TRUE,77.47,1.07080877721364,1.11914442931776,-0.0483356521041212,0.166666666666667,0.166666666666667,0.666666666666667,TRUE,NA
498,12,7,"F1",300,0.5,0.1,11207,"fixed_1",TRUE,96.479,0.821731041918136,0.832097769014779,-0.0103667270966432,0.25,0.75,0,FALSE,NA
499,13,7,"F2",300,0.5,0.1,11307,"fixed_1",TRUE,94.804,0.792267951646751,0.869460817702801,-0.0771928660560495,0.4875,0.45,0.0625,FALSE,NA
500,14,7,"F3",300,0.5,0.1,11407,"fixed_1",TRUE,100.939,0.722209583131677,0.750901147366336,-0.028691564234659,0.333333333333333,0.666666666666667,0,FALSE,NA
501,15,7,"F1",1000,0.5,0.1,11507,"fixed_1",TRUE,463.503,0.839553961699912,0.843243856995918,-0.00368989529600594,0.275,0.725,0,FALSE,NA
502,16,7,"F2",1000,0.5,0.1,11607,"fixed_1",TRUE,498.479,0.80799703244917,0.837421416437029,-0.0294243839878585,0.475,0.525,0,FALSE,NA
503,17,7,"F3",1000,0.5,0.1,11707,"fixed_1",TRUE,461.36,0.60488732892255,0.614786753788724,-0.00989942486617368,0.15,0.666666666666667,0.183333333333333,TRUE,NA
504,18,7,"F1",100,1,0.1,11807,"fixed_1",TRUE,70.185,0.774648249782348,0.683749626217696,0.0908986235646514,0,0.75,0.25,TRUE,NA
505,19,7,"F2",100,1,0.1,11907,"fixed_1",TRUE,72.992,0.573096614152535,0.597398374571498,-0.0243017604189623,0.475,0.525,0,FALSE,NA
506,20,7,"F3",100,1,0.1,12007,"fixed_1",TRUE,82.963,0.461794635867415,0.470848008569229,-0.00905337270181367,0.0490196078431373,0.450980392156863,0.5,TRUE,NA
507,21,7,"F1",300,1,0.1,12107,"fixed_1",TRUE,94.191,0.477615512540549,0.481601161884858,-0.00398564934430901,0.1375,0.8625,0,FALSE,NA
508,22,7,"F2",300,1,0.1,12207,"fixed_1",TRUE,98.45,0.604391809501728,0.621196396006887,-0.0168045865051586,0.673611111111111,0.275,0.0513888888888889,FALSE,NA
509,23,7,"F3",300,1,0.1,12307,"fixed_1",TRUE,99.786,0.502968217065105,0.504191498707543,-0.00122328164243823,0.116666666666667,0.883333333333333,0,FALSE,NA
510,24,7,"F1",1000,1,0.1,12407,"fixed_1",TRUE,477.719,0.452020396680785,0.451097488874675,0.000922907806109985,0.1125,0.8875,0,FALSE,NA
511,25,7,"F2",1000,1,0.1,12507,"fixed_1",TRUE,554.027,0.58741935992091,0.58400518232679,0.0034141775941201,0.361842105263158,0.625,0.0131578947368421,FALSE,NA
512,26,7,"F3",1000,1,0.1,12607,"fixed_1",TRUE,500.41,0.482056893457243,0.48184946698387,0.00020742647337324,0.0416666666666667,0.958333333333333,0,FALSE,NA
513,27,7,"F1",100,0.2,0.3,12707,"fixed_1",TRUE,78.34,0.99010155960907,1.01905634089311,-0.0289547812840403,0,0.25,0.75,TRUE,NA
514,28,7,"F2",100,0.2,0.3,12807,"fixed_1",TRUE,74.917,1.02937998947239,1.04423066653641,-0.0148506770640131,0.15,0.4875,0.3625,TRUE,NA
515,29,7,"F3",100,0.2,0.3,12907,"fixed_1",TRUE,77.362,0.74448128532297,0.797001002085224,-0.0525197167622542,0,0.166666666666667,0.833333333333333,TRUE,NA
516,30,7,"F1",300,0.2,0.3,13007,"fixed_1",TRUE,95.878,0.933853365134547,0.95482162584915,-0.0209682607146031,0.5,0.5,0,FALSE,NA
517,31,7,"F2",300,0.2,0.3,13107,"fixed_1",TRUE,90.198,0.893972179595833,0.92812278883362,-0.034150609237787,0.681818181818182,0.0681818181818182,0.25,TRUE,NA
518,32,7,"F3",300,0.2,0.3,13207,"fixed_1",TRUE,98.152,0.724499160272617,0.742326504718616,-0.0178273444459988,0.166666666666667,0.166666666666667,0.666666666666667,TRUE,NA
519,33,7,"F1",1000,0.2,0.3,13307,"fixed_1",TRUE,350.538,0.977311862220142,0.974315079980967,0.00299678223917466,0.0875,0.9125,0,FALSE,NA
520,34,7,"F2",1000,0.2,0.3,13407,"fixed_1",TRUE,361.075,0.987682939895294,1.02558145672353,-0.037898516828236,0.5,0.5,0,FALSE,NA
521,35,7,"F3",1000,0.2,0.3,13507,"fixed_1",TRUE,333.384,0.729653421098929,0.729653421506251,-4.07322287010459e-10,0,1,0,FALSE,NA
522,36,7,"F1",100,0.5,0.3,13607,"fixed_1",TRUE,73.488,0.709130755729454,0.70772313337716,0.00140762235229419,0,0.75,0.25,TRUE,NA
523,37,7,"F2",100,0.5,0.3,13707,"fixed_1",TRUE,76.834,0.965236974251286,0.971908240478373,-0.00667126622708691,0.380921052631579,0,0.619078947368421,TRUE,NA
524,38,7,"F3",100,0.5,0.3,13807,"fixed_1",TRUE,79.025,0.780158854916424,0.773405701785249,0.00675315313117486,0.0833333333333333,0.25,0.666666666666667,TRUE,NA
525,39,7,"F1",300,0.5,0.3,13907,"fixed_1",TRUE,91.991,0.881300020649013,0.881300020120252,5.28761368023822e-10,0,1,0,FALSE,NA
526,40,7,"F2",300,0.5,0.3,14007,"fixed_1",TRUE,97.751,0.840943646448104,0.847274401160148,-0.00633075471204392,0.525,0.475,0,FALSE,NA
527,41,7,"F3",300,0.5,0.3,14107,"fixed_1",TRUE,97.172,0.811137749207523,0.768978715771665,0.042159033435858,0.166666666666667,0.166666666666667,0.666666666666667,TRUE,NA
528,42,7,"F1",1000,0.5,0.3,14207,"fixed_1",TRUE,392.593,0.886491477365895,0.886491476844044,5.21850895829346e-10,0,1,0,FALSE,NA
529,43,7,"F2",1000,0.5,0.3,14307,"fixed_1",TRUE,365.325,0.835077555766816,0.859178893885064,-0.0241013381182481,0.561842105263158,0.425,0.0131578947368421,FALSE,NA
530,44,7,"F3",1000,0.5,0.3,14407,"fixed_1",TRUE,344.157,0.679350422824381,0.689767089531687,-0.010416666707306,0.05,0.5,0.45,FALSE,NA
531,45,7,"F1",100,1,0.3,14507,"fixed_1",TRUE,77.66,0.685754213210042,0.65044828775092,0.0353059254591225,0,0.6625,0.3375,TRUE,NA
532,46,7,"F2",100,1,0.3,14607,"fixed_1",TRUE,79.724,0.730833899698368,0.731437277791613,-0.000603378093244511,0.15625,0.7125,0.13125,FALSE,NA
533,47,7,"F3",100,1,0.3,14707,"fixed_1",TRUE,83.269,0.649180746747563,0.468591487233194,0.180589259514368,0.0476190476190476,0.0369047619047619,0.91547619047619,TRUE,NA
534,48,7,"F1",300,1,0.3,14807,"fixed_1",TRUE,91.619,0.596094344928721,0.608766072580553,-0.0126717276518322,0.25,0.75,0,FALSE,NA
535,49,7,"F2",300,1,0.3,14907,"fixed_1",TRUE,87.492,0.715605967176092,0.75663810392644,-0.0410321367503479,0.685526315789474,0.25,0.0644736842105263,FALSE,NA
536,50,7,"F3",300,1,0.3,15007,"fixed_1",TRUE,99.944,0.445812346401306,0.4072384423389,0.038573904062405,0.0583333333333333,0.441666666666667,0.5,TRUE,NA
537,51,7,"F1",1000,1,0.3,15107,"fixed_1",TRUE,357.146,0.553053572618756,0.552278761775485,0.000774810843271467,0.3625,0.625,0.0125,FALSE,NA
538,52,7,"F2",1000,1,0.3,15207,"fixed_1",TRUE,356.824,0.550525122123041,0.546167579155619,0.00435754296742219,0.25,0.75,0,FALSE,NA
539,53,7,"F3",1000,1,0.3,15307,"fixed_1",TRUE,327.978,0.494292675357132,0.509077206525754,-0.0147845311686223,0.166666666666667,0.458333333333333,0.375,FALSE,NA
540,54,7,"F1",100,0.2,0.5,15407,"fixed_1",TRUE,75.551,0.732389377167896,0.747480324298353,-0.015090947130457,0,0.5,0.5,TRUE,NA
541,55,7,"F2",100,0.2,0.5,15507,"fixed_1",TRUE,72.709,1.02937427760354,1.03043311674014,-0.00105883913660554,0.25,0.5,0.25,TRUE,NA
542,56,7,"F3",100,0.2,0.5,15607,"fixed_1",TRUE,73.833,0.655939992402746,0.779992023330021,-0.124052030927275,0.166666666666667,0,0.833333333333333,TRUE,NA
543,57,7,"F1",300,0.2,0.5,15707,"fixed_1",TRUE,87.756,0.992529787801577,0.987479485348804,0.00505030245277305,0,0.75,0.25,TRUE,NA
544,58,7,"F2",300,0.2,0.5,15807,"fixed_1",TRUE,98.716,0.999418762091976,1.03037044690734,-0.0309516848153678,0.175,0.25,0.575,TRUE,NA
545,59,7,"F3",300,0.2,0.5,15907,"fixed_1",TRUE,90.569,0.598179284108674,0.608588457580257,-0.0104091734715823,0,0.571428571428571,0.428571428571429,TRUE,NA
546,60,7,"F1",1000,0.2,0.5,16007,"fixed_1",TRUE,271.17,0.927290323593438,0.909972162552579,0.0173181610408591,0,0.75,0.25,TRUE,NA
547,61,7,"F2",1000,0.2,0.5,16107,"fixed_1",TRUE,262.822,0.993591366398679,1.01955294546697,-0.0259615790682891,0.4375,0.208333333333333,0.354166666666667,TRUE,NA
548,62,7,"F3",1000,0.2,0.5,16207,"fixed_1",TRUE,256.856,0.693450839038982,0.694261766517064,-0.00081092747808198,0,0.975,0.025,FALSE,NA
549,63,7,"F1",100,0.5,0.5,16307,"fixed_1",TRUE,81.715,0.982116069105337,0.8420992911001,0.140016778005237,0,0.25,0.75,TRUE,NA
550,64,7,"F2",100,0.5,0.5,16407,"fixed_1",TRUE,68.677,0.743409901070856,0.71373414400874,0.0296757570621161,0.5,0.25,0.25,TRUE,NA
551,65,7,"F3",100,0.5,0.5,16507,"fixed_1",TRUE,84.202,0.766863776223044,0.804882046787986,-0.0380182705649428,0,0.333333333333333,0.666666666666667,TRUE,NA
552,66,7,"F1",300,0.5,0.5,16607,"fixed_1",TRUE,94.602,0.871167044684506,0.912289524723499,-0.0411224800389924,0.25,0.5,0.25,TRUE,NA
553,67,7,"F2",300,0.5,0.5,16707,"fixed_1",TRUE,109.902,0.74742189906008,0.745251805992308,0.00217009306777116,0.25,0.75,0,FALSE,NA
554,68,7,"F3",300,0.5,0.5,16807,"fixed_1",TRUE,101.464,0.796917008543942,0.740717395090015,0.0561996134539265,0,0.166666666666667,0.833333333333333,TRUE,NA
555,69,7,"F1",1000,0.5,0.5,16907,"fixed_1",TRUE,267.029,0.846340120916971,0.846340121333221,-4.16249923418377e-10,0,1,0,FALSE,NA
556,70,7,"F2",1000,0.5,0.5,17007,"fixed_1",TRUE,280.129,0.864650878569527,0.895667049881581,-0.0310161713120544,0.7125,0.2875,0,FALSE,NA
557,71,7,"F3",1000,0.5,0.5,17107,"fixed_1",TRUE,279.51,0.655178292931268,0.657502279672562,-0.00232398674129419,0.166666666666667,0.316666666666667,0.516666666666667,TRUE,NA
558,72,7,"F1",100,1,0.5,17207,"fixed_1",TRUE,75.739,0.846683115601998,0.839983275706182,0.00669983989581557,0,0.9375,0.0625,FALSE,NA
559,73,7,"F2",100,1,0.5,17307,"fixed_1",TRUE,72.049,0.864502613723204,1.00025471615396,-0.13575210243076,0.5,0.25,0.25,TRUE,NA
560,74,7,"F3",100,1,0.5,17407,"fixed_1",TRUE,83.833,0.682106629882522,0.807106629974112,-0.12500000009159,0,0.5,0.5,TRUE,NA
561,75,7,"F1",300,1,0.5,17507,"fixed_1",TRUE,92.288,0.560311070303512,0.560326418335176,-1.53480316640309e-05,0.2125,0.7375,0.05,FALSE,NA
562,76,7,"F2",300,1,0.5,17607,"fixed_1",TRUE,96.672,0.690707398707675,0.690707396930995,1.77667980327811e-09,0,1,0,FALSE,NA
563,77,7,"F3",300,1,0.5,17707,"fixed_1",TRUE,91.634,0.628802846255139,0.670052848152068,-0.0412500018969287,0.0666666666666667,0.391666666666667,0.541666666666667,TRUE,NA
564,78,7,"F1",1000,1,0.5,17807,"fixed_1",TRUE,263.526,0.492148466835954,0.492804332818204,-0.00065586598224987,0.0375,0.9625,0,FALSE,NA
565,79,7,"F2",1000,1,0.5,17907,"fixed_1",TRUE,270.078,0.684364223679648,0.681569987193964,0.00279423648568367,0.1875,0.8,0.0125,FALSE,NA
566,80,7,"F3",1000,1,0.5,18007,"fixed_1",TRUE,293.521,0.478139327690523,0.480552777470579,-0.00241344978005537,0.116666666666667,0.883333333333333,0,FALSE,NA
567,0,8,"F1",100,0.2,0.1,10008,"fixed_1",TRUE,79.3,0.863712870128291,0.903244126608248,-0.0395312564799574,0,0.25,0.75,TRUE,NA
568,1,8,"F2",100,0.2,0.1,10108,"fixed_1",TRUE,92.641,0.872786450167641,0.8873089722318,-0.0145225220641586,0.25,0.25,0.5,TRUE,NA
569,2,8,"F3",100,0.2,0.1,10208,"fixed_1",TRUE,82.151,0.959602025867666,0.90693771079321,0.0526643150744561,0,0.166666666666667,0.833333333333333,TRUE,NA
570,3,8,"F1",300,0.2,0.1,10308,"fixed_1",TRUE,95.068,0.959334056174613,0.960751722985034,-0.0014176668104211,0.1125,0.8875,0,FALSE,NA
571,4,8,"F2",300,0.2,0.1,10408,"fixed_1",TRUE,95.172,0.819247778160065,0.909114627581985,-0.0898668494219202,0.6,0.15,0.25,TRUE,NA
572,5,8,"F3",300,0.2,0.1,10508,"fixed_1",TRUE,103.51,0.828128900147951,0.809963783586154,0.0181651165617966,0.158333333333333,0.175,0.666666666666667,TRUE,NA
573,6,8,"F1",1000,0.2,0.1,10608,"fixed_1",TRUE,497.53,0.982648349502425,0.986454845937287,-0.00380649643486208,0.25,0.75,0,FALSE,NA
574,7,8,"F2",1000,0.2,0.1,10708,"fixed_1",TRUE,492.692,0.874364279411603,0.948384624204412,-0.0740203447928086,0.9,0.1,0,FALSE,NA
575,8,8,"F3",1000,0.2,0.1,10808,"fixed_1",TRUE,483.382,0.688292649719792,0.686752174812931,0.00154047490686093,0.166666666666667,0.833333333333333,0,FALSE,NA
576,9,8,"F1",100,0.5,0.1,10908,"fixed_1",TRUE,75.947,0.774235784769044,0.780031668598591,-0.00579588382954732,0.25,0.75,0,FALSE,NA
577,10,8,"F2",100,0.5,0.1,11008,"fixed_1",TRUE,77.039,0.896073793727861,0.891174895484444,0.00489889824341772,0.618421052631579,0,0.381578947368421,TRUE,NA
578,11,8,"F3",100,0.5,0.1,11108,"fixed_1",TRUE,81.553,0.690459940365326,0.758136815649954,-0.0676768752846284,0.166666666666667,0,0.833333333333333,TRUE,NA
579,12,8,"F1",300,0.5,0.1,11208,"fixed_1",TRUE,101.22,0.856015346508326,0.856977929797894,-0.000962583289567998,0.125,0.8625,0.0125,FALSE,NA
580,13,8,"F2",300,0.5,0.1,11308,"fixed_1",TRUE,102.369,0.758192911613752,0.807175564523272,-0.04898265290952,0.75,0.1,0.15,FALSE,NA
581,14,8,"F3",300,0.5,0.1,11408,"fixed_1",TRUE,102.628,0.75750120354807,0.715804845671867,0.0416963578762027,0,0.166666666666667,0.833333333333333,TRUE,NA
582,15,8,"F1",1000,0.5,0.1,11508,"fixed_1",TRUE,517.804,0.813684398448646,0.81470519609523,-0.00102079764658358,0.225,0.775,0,FALSE,NA
583,16,8,"F2",1000,0.5,0.1,11608,"fixed_1",TRUE,462.735,0.931530028941161,0.961423298756156,-0.0298932698149958,0.8625,0.1375,0,FALSE,NA
584,17,8,"F3",1000,0.5,0.1,11708,"fixed_1",TRUE,466.191,0.703039083143973,0.685989394325284,0.0170496888186888,0.0166666666666667,0.841666666666667,0.141666666666667,FALSE,NA
585,18,8,"F1",100,1,0.1,11808,"fixed_1",TRUE,79.529,0.619385267022121,0.626607374117005,-0.00722210709488325,0.3625,0.6375,0,FALSE,NA
586,19,8,"F2",100,1,0.1,11908,"fixed_1",TRUE,77.424,0.746806554739524,0.819224699275851,-0.0724181445363268,0.2375,0.617763157894737,0.144736842105263,FALSE,NA
587,20,8,"F3",100,1,0.1,12008,"fixed_1",TRUE,86.12,0.701876705226259,0.668128012789108,0.0337486924371506,0,0.441666666666667,0.558333333333333,TRUE,NA
588,21,8,"F1",300,1,0.1,12108,"fixed_1",TRUE,93.752,0.545997036298214,0.53759348544295,0.0084035508552649,0.5625,0.4375,0,FALSE,NA
589,22,8,"F2",300,1,0.1,12208,"fixed_1",TRUE,98.871,0.52038295044911,0.592353801552862,-0.0719708511037516,0.6375,0.3375,0.025,FALSE,NA
590,23,8,"F3",300,1,0.1,12308,"fixed_1",TRUE,94.867,0.481262296254906,0.483356900163544,-0.00209460390863836,0,0.491666666666667,0.508333333333333,TRUE,NA
591,24,8,"F1",1000,1,0.1,12408,"fixed_1",TRUE,502.664,0.369534705585362,0.370527930445809,-0.000993224860446784,0.0875,0.8875,0.025,FALSE,NA
592,25,8,"F2",1000,1,0.1,12508,"fixed_1",TRUE,553.7,0.563333035223546,0.586386854846082,-0.0230538196225363,0.3625,0.5625,0.075,FALSE,NA
593,26,8,"F3",1000,1,0.1,12608,"fixed_1",TRUE,507.088,0.494453122600147,0.497982252958619,-0.00352913035847208,0.0462962962962963,0.953703703703704,0,FALSE,NA
594,27,8,"F1",100,0.2,0.3,12708,"fixed_1",TRUE,76.613,0.978969442034162,0.976907102591507,0.00206233944265521,0.25,0,0.75,TRUE,NA
595,28,8,"F2",100,0.2,0.3,12808,"fixed_1",TRUE,74.892,0.953703791087732,0.950321268256525,0.00338252283120732,0.3125,0.4375,0.25,TRUE,NA
596,29,8,"F3",100,0.2,0.3,12908,"fixed_1",TRUE,77.068,0.897512476902995,0.886102142646329,0.0114103342566667,0,0.5,0.5,TRUE,NA
597,30,8,"F1",300,0.2,0.3,13008,"fixed_1",TRUE,89.635,0.938592316752774,0.935658634194727,0.00293368255804682,0,0.9,0.1,FALSE,NA
598,31,8,"F2",300,0.2,0.3,13108,"fixed_1",TRUE,86.922,0.977503032933115,1.0033103288838,-0.0258072959506812,0.4375,0.25,0.3125,TRUE,NA
599,32,8,"F3",300,0.2,0.3,13208,"fixed_1",TRUE,89.528,0.699631431754085,0.707005189708508,-0.00737375795442308,0.166666666666667,0.833333333333333,0,FALSE,NA
600,33,8,"F1",1000,0.2,0.3,13308,"fixed_1",TRUE,344.876,0.912668502431085,0.919766804611529,-0.00709830218044438,0.25,0.75,0,FALSE,NA
601,34,8,"F2",1000,0.2,0.3,13408,"fixed_1",TRUE,357.813,0.910208039024023,0.934790665872977,-0.024582626848954,0.8375,0.1625,0,FALSE,NA
602,35,8,"F3",1000,0.2,0.3,13508,"fixed_1",TRUE,364.002,0.784597085342159,0.785461825492209,-0.000864740150049892,0,0.666666666666667,0.333333333333333,TRUE,NA
603,36,8,"F1",100,0.5,0.3,13608,"fixed_1",TRUE,86.725,0.64710266180566,0.726778129007681,-0.0796754672020216,0.75,0.25,0,FALSE,NA
604,37,8,"F2",100,0.5,0.3,13708,"fixed_1",TRUE,74.477,0.894948306957858,0.930167127698751,-0.0352188207408931,0.25,0.441176470588235,0.308823529411765,TRUE,NA
605,38,8,"F3",100,0.5,0.3,13808,"fixed_1",TRUE,75.827,0.889427027979901,0.754180709180909,0.135246318798992,0,0.333333333333333,0.666666666666667,TRUE,NA
606,39,8,"F1",300,0.5,0.3,13908,"fixed_1",TRUE,90.699,0.850553178155833,0.855190054412776,-0.00463687625694287,0.5,0.5,0,FALSE,NA
607,40,8,"F2",300,0.5,0.3,14008,"fixed_1",TRUE,92.207,0.876972490846579,0.902595453335196,-0.0256229624886171,0.5,0.5,0,FALSE,NA
608,41,8,"F3",300,0.5,0.3,14108,"fixed_1",TRUE,96.224,0.700558670691709,0.694268938385297,0.00628973230641172,0.149122807017544,0.833333333333333,0.0175438596491228,FALSE,NA
609,42,8,"F1",1000,0.5,0.3,14208,"fixed_1",TRUE,352.631,0.803290380447077,0.803452525330882,-0.000162144883804505,0,0.95,0.05,FALSE,NA
610,43,8,"F2",1000,0.5,0.3,14308,"fixed_1",TRUE,356.557,0.804693420583555,0.814738569483872,-0.0100451489003167,0.5,0.5,0,FALSE,NA
611,44,8,"F3",1000,0.5,0.3,14408,"fixed_1",TRUE,335.27,0.689727058219303,0.689727057465233,7.54070139663554e-10,0,1,0,FALSE,NA
612,45,8,"F1",100,1,0.3,14508,"fixed_1",TRUE,79.375,0.514828815245743,0.506003902976092,0.00882491226965132,0.25,0.75,0,FALSE,NA
613,46,8,"F2",100,1,0.3,14608,"fixed_1",TRUE,81.947,0.669790367402936,0.690687309793996,-0.0208969423910604,0.2,0.7375,0.0625,FALSE,NA
614,47,8,"F3",100,1,0.3,14708,"fixed_1",TRUE,78.274,0.70500157611511,0.552527420534223,0.152474155580887,0.0916666666666667,0.666666666666667,0.241666666666667,TRUE,NA
615,48,8,"F1",300,1,0.3,14808,"fixed_1",TRUE,87.006,0.510987996172568,0.510987995417159,7.55409401698159e-10,0,1,0,FALSE,NA
616,49,8,"F2",300,1,0.3,14908,"fixed_1",TRUE,103.477,0.782501842327004,0.783189428447298,-0.000687586120294403,0.210526315789474,0.789473684210526,0,FALSE,NA
617,50,8,"F3",300,1,0.3,15008,"fixed_1",TRUE,93.022,0.598105566315834,0.584038892496761,0.0140666738190731,0.0444444444444444,0.833333333333333,0.122222222222222,FALSE,NA
618,51,8,"F1",1000,1,0.3,15108,"fixed_1",TRUE,356.003,0.513828523465361,0.519515535497508,-0.00568701203214739,0.570588235294118,0.429411764705882,0,FALSE,NA
619,52,8,"F2",1000,1,0.3,15208,"fixed_1",TRUE,360.914,0.673097758428646,0.706221877252338,-0.0331241188236923,0.453947368421053,0.453947368421053,0.0921052631578947,FALSE,NA
620,53,8,"F3",1000,1,0.3,15308,"fixed_1",TRUE,338.191,0.438853295902789,0.430741277560046,0.00811201834274228,0,0.944444444444444,0.0555555555555556,FALSE,NA
621,54,8,"F1",100,0.2,0.5,15408,"fixed_1",TRUE,76.997,0.948615933846319,0.870328267922155,0.0782876659241646,0.25,0,0.75,TRUE,NA
622,55,8,"F2",100,0.2,0.5,15508,"fixed_1",TRUE,76.614,1.05504110334345,1.08383934426655,-0.028798240923104,0,0.5,0.5,TRUE,NA
623,56,8,"F3",100,0.2,0.5,15608,"fixed_1",TRUE,82.665,0.86043100067832,0.899534148759963,-0.0391031480816434,0,0.333333333333333,0.666666666666667,TRUE,NA
624,57,8,"F1",300,0.2,0.5,15708,"fixed_1",TRUE,94.388,1.12584535187722,1.12738913006255,-0.00154377818532692,0,0.75,0.25,TRUE,NA
625,58,8,"F2",300,0.2,0.5,15808,"fixed_1",TRUE,94.498,0.823497448389996,0.843498450915622,-0.0200010025256266,0.25,0.25,0.5,TRUE,NA
626,59,8,"F3",300,0.2,0.5,15908,"fixed_1",TRUE,98.553,0.783930272915553,0.776965411452837,0.00696486146271558,0.202380952380952,0.504385964912281,0.293233082706767,TRUE,NA
627,60,8,"F1",1000,0.2,0.5,16008,"fixed_1",TRUE,266.435,0.903653557824961,0.907932952992045,-0.00427939516708353,0,0.875,0.125,FALSE,NA
628,61,8,"F2",1000,0.2,0.5,16108,"fixed_1",TRUE,266.686,1.02070980972049,1.0172544272538,0.00345538246669053,0,0.25,0.75,TRUE,NA
629,62,8,"F3",1000,0.2,0.5,16208,"fixed_1",TRUE,270.554,0.811194668068639,0.822699013614567,-0.0115043455459276,0.125,0.333333333333333,0.541666666666667,TRUE,NA
630,63,8,"F1",100,0.5,0.5,16308,"fixed_1",TRUE,78.54,1.04591297554691,1.04591297411133,1.43557743470524e-09,0,1,0,FALSE,NA
631,64,8,"F2",100,0.5,0.5,16408,"fixed_1",TRUE,72.141,0.959611567105818,0.883658319412045,0.0759532476937735,0.15,0.45,0.4,TRUE,NA
632,65,8,"F3",100,0.5,0.5,16508,"fixed_1",TRUE,81.934,0.671683164392691,0.695564003145207,-0.0238808387525153,0.166666666666667,0.166666666666667,0.666666666666667,TRUE,NA
633,66,8,"F1",300,0.5,0.5,16608,"fixed_1",TRUE,89.57,0.821853300133711,0.833008541096967,-0.0111552409632565,0.25,0.75,0,FALSE,NA
634,67,8,"F2",300,0.5,0.5,16708,"fixed_1",TRUE,98.752,0.91147660234077,0.866347357098665,0.0451292452421053,0.184210526315789,0.441176470588235,0.374613003095975,TRUE,NA
635,68,8,"F3",300,0.5,0.5,16808,"fixed_1",TRUE,105.543,0.754345683785459,0.73351234949016,0.0208333342952991,0,0.833333333333333,0.166666666666667,TRUE,NA
636,69,8,"F1",1000,0.5,0.5,16908,"fixed_1",TRUE,274.626,0.91573454318432,0.922372533664794,-0.00663799048047398,0.4,0.6,0,FALSE,NA
637,70,8,"F2",1000,0.5,0.5,17008,"fixed_1",TRUE,282.964,0.797882910528743,0.829624467241064,-0.031741556712321,0.723684210526316,0.25,0.0263157894736842,FALSE,NA
638,71,8,"F3",1000,0.5,0.5,17108,"fixed_1",TRUE,276.327,0.665210444070365,0.674709830556656,-0.00949938648629078,0.116666666666667,0.883333333333333,0,FALSE,NA
639,72,8,"F1",100,1,0.5,17208,"fixed_1",TRUE,70.139,0.67954016470465,0.655255606822279,0.0242845578823704,0.5,0.25,0.25,TRUE,NA
640,73,8,"F2",100,1,0.5,17308,"fixed_1",TRUE,81.826,0.79029144880395,0.698329095545669,0.0919623532582812,0.5,0.25,0.25,TRUE,NA
641,74,8,"F3",100,1,0.5,17408,"fixed_1",TRUE,83.165,0.467092097102042,0.667519555366974,-0.200427458264932,0.133333333333333,0.0333333333333333,0.833333333333333,TRUE,NA
642,75,8,"F1",300,1,0.5,17508,"fixed_1",TRUE,94.104,0.583577255804772,0.575331685491121,0.00824557031365147,0.2,0.675,0.125,FALSE,NA
643,76,8,"F2",300,1,0.5,17608,"fixed_1",TRUE,100.362,0.63278911454366,0.665592736940492,-0.0328036223968322,0.7125,0.2,0.0875,FALSE,NA
644,77,8,"F3",300,1,0.5,17708,"fixed_1",TRUE,103.014,0.421120344573202,0.415658686612768,0.00546165796043363,0,0.975,0.025,FALSE,NA
645,78,8,"F1",1000,1,0.5,17808,"fixed_1",TRUE,263.773,0.451892635315288,0.451892635180303,1.34984634581059e-10,0,1,0,FALSE,NA
646,79,8,"F2",1000,1,0.5,17908,"fixed_1",TRUE,269.266,0.617888208366834,0.637039646308529,-0.0191514379416953,0.25,0.725,0.025,FALSE,NA
647,80,8,"F3",1000,1,0.5,18008,"fixed_1",TRUE,282.273,0.408053308019564,0.411702064584145,-0.00364875656458097,0,0.966666666666667,0.0333333333333333,FALSE,NA
648,0,9,"F1",100,0.2,0.1,10009,"fixed_1",TRUE,81.816,0.844225297294653,0.860534703455029,-0.0163094061603761,0.5,0,0.5,TRUE,NA
649,1,9,"F2",100,0.2,0.1,10109,"fixed_1",TRUE,78.414,0.916258247849769,1.0026200711662,-0.0863618233164275,0.632352941176471,0,0.367647058823529,TRUE,NA
650,2,9,"F3",100,0.2,0.1,10209,"fixed_1",TRUE,77.459,0.733202926029496,0.728185116466984,0.00501780956251219,0,0.166666666666667,0.833333333333333,TRUE,NA
651,3,9,"F1",300,0.2,0.1,10309,"fixed_1",TRUE,90.17,0.83477815515573,0.855499197563816,-0.0207210424080863,0.4375,0.5625,0,FALSE,NA
652,4,9,"F2",300,0.2,0.1,10409,"fixed_1",TRUE,98.536,0.92186713929772,0.986595803534997,-0.0647286642372766,0.625,0.325,0.05,FALSE,NA
653,5,9,"F3",300,0.2,0.1,10509,"fixed_1",TRUE,98.404,0.820079918989732,0.758723016683937,0.0613569023057942,0,0.333333333333333,0.666666666666667,TRUE,NA
654,6,9,"F1",1000,0.2,0.1,10609,"fixed_1",TRUE,472.033,0.950877263534226,0.949486471087975,0.00139079244625062,0,0.9625,0.0375,FALSE,NA
655,7,9,"F2",1000,0.2,0.1,10709,"fixed_1",TRUE,464.282,0.99653275962402,1.06807427292151,-0.071541513297489,0.75,0.05,0.2,FALSE,NA
656,8,9,"F3",1000,0.2,0.1,10809,"fixed_1",TRUE,453.371,0.754970850229477,0.736789032451948,0.0181818177775293,0,0.5,0.5,TRUE,NA
657,9,9,"F1",100,0.5,0.1,10909,"fixed_1",TRUE,73.919,0.729567109693981,0.754753807157843,-0.0251866974638626,0.25,0.5,0.25,TRUE,NA
658,10,9,"F2",100,0.5,0.1,11009,"fixed_1",TRUE,78.504,0.748575257005242,0.796763405662868,-0.0481881486576257,0.25,0.5,0.25,TRUE,NA
659,11,9,"F3",100,0.5,0.1,11109,"fixed_1",TRUE,81.25,0.667459921886444,0.680126511244304,-0.0126665893578599,0,0.666666666666667,0.333333333333333,TRUE,NA
660,12,9,"F1",300,0.5,0.1,11209,"fixed_1",TRUE,92.704,0.883324737354625,0.883324738152359,-7.97733989976734e-10,0,1,0,FALSE,NA
661,13,9,"F2",300,0.5,0.1,11309,"fixed_1",TRUE,93.76,0.835920025452687,0.874272807987403,-0.0383527825347165,1,0,0,FALSE,NA
662,14,9,"F3",300,0.5,0.1,11409,"fixed_1",TRUE,96.992,0.761478880816457,0.761079502619668,0.000399378196789035,0.05,0.95,0,FALSE,NA
663,15,9,"F1",1000,0.5,0.1,11509,"fixed_1",TRUE,507.615,0.818659820152677,0.817855231121716,0.000804589030961145,0.25,0.75,0,FALSE,NA
664,16,9,"F2",1000,0.5,0.1,11609,"fixed_1",TRUE,460.962,0.888220657707995,0.907141233603613,-0.018920575895618,0.428676470588235,0.571323529411765,0,FALSE,NA
665,17,9,"F3",1000,0.5,0.1,11709,"fixed_1",TRUE,490.42,0.74212069927718,0.713235059166787,0.0288856401103936,0.166666666666667,0.333333333333333,0.5,TRUE,NA
666,18,9,"F1",100,1,0.1,11809,"fixed_1",TRUE,84.868,0.541788223329869,0.56085611220644,-0.0190678888765708,0.1625,0.723684210526316,0.113815789473684,FALSE,NA
667,19,9,"F2",100,1,0.1,11909,"fixed_1",TRUE,72.508,0.541376232741413,0.560867303694428,-0.0194910709530152,0.25,0.725,0.025,FALSE,NA
668,20,9,"F3",100,1,0.1,12009,"fixed_1",TRUE,79.64,0.644029099974806,0.57584727840591,0.0681818215688963,0,0.333333333333333,0.666666666666667,TRUE,NA
669,21,9,"F1",300,1,0.1,12109,"fixed_1",TRUE,102.479,0.549277867582577,0.556053748965098,-0.00677588138252094,0.475,0.4875,0.0375,FALSE,NA
670,22,9,"F2",300,1,0.1,12209,"fixed_1",TRUE,98.734,0.654731331832453,0.682102236776391,-0.027370904943938,0.4875,0.5,0.0125,FALSE,NA
671,23,9,"F3",300,1,0.1,12309,"fixed_1",TRUE,90.451,0.474290032501372,0.474290032156035,3.45336870211099e-10,0,1,0,FALSE,NA
672,24,9,"F1",1000,1,0.1,12409,"fixed_1",TRUE,485.429,0.372942503473374,0.372942505199233,-1.72585928881475e-09,0,1,0,FALSE,NA
673,25,9,"F2",1000,1,0.1,12509,"fixed_1",TRUE,473.684,0.481502210579485,0.515613913425062,-0.0341117028455776,0.675,0.325,0,FALSE,NA
674,26,9,"F3",1000,1,0.1,12609,"fixed_1",TRUE,493.018,0.422654864308475,0.422654864059626,2.4884888594201e-10,0,1,0,FALSE,NA
675,27,9,"F1",100,0.2,0.3,12709,"fixed_1",TRUE,78.529,1.0394560808365,1.09375363383515,-0.0542975529986467,0,0.25,0.75,TRUE,NA
676,28,9,"F2",100,0.2,0.3,12809,"fixed_1",TRUE,78.14,0.736123211899976,0.75820797251793,-0.0220847606179545,0.25,0.25,0.5,TRUE,NA
677,29,9,"F3",100,0.2,0.3,12909,"fixed_1",TRUE,74.896,0.778872879055332,0.708238039671579,0.070634839383753,0,0.166666666666667,0.833333333333333,TRUE,NA
678,30,9,"F1",300,0.2,0.3,13009,"fixed_1",TRUE,84.589,1.06278516969731,1.07888978076259,-0.0161046110652847,0.046875,0.6375,0.315625,FALSE,NA
679,31,9,"F2",300,0.2,0.3,13109,"fixed_1",TRUE,98.118,0.951855068228944,0.990902220041917,-0.039047151812973,0.25,0.5,0.25,TRUE,NA
680,32,9,"F3",300,0.2,0.3,13209,"fixed_1",TRUE,94.899,0.661191407761107,0.670321842507974,-0.00913043474686748,0,0.658333333333333,0.341666666666667,TRUE,NA
681,33,9,"F1",1000,0.2,0.3,13309,"fixed_1",TRUE,374.199,1.01678817982781,1.01678817936911,4.58696414185056e-10,0,1,0,FALSE,NA
682,34,9,"F2",1000,0.2,0.3,13409,"fixed_1",TRUE,373.283,0.874739865695066,0.936126370070428,-0.0613865043753623,0.75,0.25,0,FALSE,NA
683,35,9,"F3",1000,0.2,0.3,13509,"fixed_1",TRUE,367.627,0.748481285525049,0.748481285306486,2.18563389609017e-10,0,1,0,FALSE,NA
684,36,9,"F1",100,0.5,0.3,13609,"fixed_1",TRUE,74.394,0.776687347731461,0.77925188928466,-0.00256454155319852,0.475,0.4875,0.0375,FALSE,NA
685,37,9,"F2",100,0.5,0.3,13709,"fixed_1",TRUE,79.439,0.656660181019618,0.701883263793661,-0.0452230827740426,0.5,0.5,0,FALSE,NA
686,38,9,"F3",100,0.5,0.3,13809,"fixed_1",TRUE,84.573,0.611319309534587,0.735789259134814,-0.124469949600227,0.308333333333333,0.025,0.666666666666667,TRUE,NA
687,39,9,"F1",300,0.5,0.3,13909,"fixed_1",TRUE,89.18,0.846218092058132,0.835945087721357,0.0102730043367751,0.4875,0.475,0.0375,FALSE,NA
688,40,9,"F2",300,0.5,0.3,14009,"fixed_1",TRUE,89.037,0.95988851643707,0.948323178996788,0.0115653374402825,0.504166666666667,0.4125,0.0833333333333333,FALSE,NA
689,41,9,"F3",300,0.5,0.3,14109,"fixed_1",TRUE,95.341,0.688705669065515,0.687102937791097,0.00160273127441835,0.166666666666667,0.166666666666667,0.666666666666667,TRUE,NA
690,42,9,"F1",1000,0.5,0.3,14209,"fixed_1",TRUE,377.059,0.891882213603319,0.89188221423017,-6.26851570650899e-10,0,1,0,FALSE,NA
691,43,9,"F2",1000,0.5,0.3,14309,"fixed_1",TRUE,381.15,0.866627955871175,0.867346464640463,-0.000718508769287696,0.05,0.95,0,FALSE,NA
692,44,9,"F3",1000,0.5,0.3,14409,"fixed_1",TRUE,347.686,0.644549435056938,0.642888862390897,0.00166057266604125,0.125,0.791666666666667,0.0833333333333333,FALSE,NA
693,45,9,"F1",100,1,0.3,14509,"fixed_1",TRUE,71.677,0.519881472527783,0.579872170106349,-0.0599906975785662,0.5625,0.375,0.0625,FALSE,NA
694,46,9,"F2",100,1,0.3,14609,"fixed_1",TRUE,74.716,0.735992620794442,0.856998750836689,-0.121006130042247,0.5,0.25,0.25,TRUE,NA
695,47,9,"F3",100,1,0.3,14709,"fixed_1",TRUE,76.051,0.576823726942879,0.647322953390325,-0.0704992264474453,0,0.166666666666667,0.833333333333333,TRUE,NA
696,48,9,"F1",300,1,0.3,14809,"fixed_1",TRUE,97.005,0.50536963819049,0.507989604552531,-0.00261996636204143,0.175,0.8,0.025,FALSE,NA
697,49,9,"F2",300,1,0.3,14909,"fixed_1",TRUE,103.461,0.512268965197856,0.500153593355333,0.0121153718425229,0.25,0.5,0.25,TRUE,NA
698,50,9,"F3",300,1,0.3,15009,"fixed_1",TRUE,87.347,0.518384614836349,0.493384614857601,0.0249999999787485,0,0.5,0.5,TRUE,NA
699,51,9,"F1",1000,1,0.3,15109,"fixed_1",TRUE,336.66,0.40809942839242,0.41098709379111,-0.0028876653986904,0.35,0.65,0,FALSE,NA
700,52,9,"F2",1000,1,0.3,15209,"fixed_1",TRUE,339.604,0.526946131686612,0.539093939586212,-0.0121478078995998,0.55,0.4,0.05,FALSE,NA
701,53,9,"F3",1000,1,0.3,15309,"fixed_1",TRUE,372.667,0.407872017579003,0.407872018114231,-5.35227751008449e-10,0,1,0,FALSE,NA
702,54,9,"F1",100,0.2,0.5,15409,"fixed_1",TRUE,78.655,1.08589034645126,1.10701734615938,-0.0211269997081207,0.0375,0.2125,0.75,TRUE,NA
703,55,9,"F2",100,0.2,0.5,15509,"fixed_1",TRUE,81.201,0.924193303004506,0.878785795095529,0.0454075079089769,0,0.5,0.5,TRUE,NA
704,56,9,"F3",100,0.2,0.5,15609,"fixed_1",TRUE,84.47,0.66010409639828,0.739433667218814,-0.0793295708205338,0,0,1,TRUE,NA
705,57,9,"F1",300,0.2,0.5,15709,"fixed_1",TRUE,103.468,1.00269436903213,1.01593373330452,-0.0132393642723958,0.5,0.194444444444444,0.305555555555556,TRUE,NA
706,58,9,"F2",300,0.2,0.5,15809,"fixed_1",TRUE,89.003,0.907550193908724,0.919546947370513,-0.0119967534617886,0.175,0.325,0.5,TRUE,NA
707,59,9,"F3",300,0.2,0.5,15909,"fixed_1",TRUE,86.159,0.758415250002344,0.72811946703193,0.0302957829704142,0.166666666666667,0.166666666666667,0.666666666666667,TRUE,NA
708,60,9,"F1",1000,0.2,0.5,16009,"fixed_1",TRUE,285.091,0.896865392130924,0.896865391695712,4.35212088589765e-10,0,1,0,FALSE,NA
709,61,9,"F2",1000,0.2,0.5,16109,"fixed_1",TRUE,284.373,1.00438233600597,1.0183168338812,-0.0139344978752307,0.410714285714286,0.553571428571429,0.0357142857142857,FALSE,NA
710,62,9,"F3",1000,0.2,0.5,16209,"fixed_1",TRUE,279.801,0.700160942166177,0.685875227678043,0.0142857144881348,0,0.833333333333333,0.166666666666667,TRUE,NA
711,63,9,"F1",100,0.5,0.5,16309,"fixed_1",TRUE,75.774,0.94648322831068,1.06891599192612,-0.122432763615439,0,0.25,0.75,TRUE,NA
712,64,9,"F2",100,0.5,0.5,16409,"fixed_1",TRUE,75.092,1.21434706442157,1.24224326773808,-0.0278962033165078,0.09375,0.15625,0.75,TRUE,NA
713,65,9,"F3",100,0.5,0.5,16509,"fixed_1",TRUE,82.734,0.757907193968495,0.759171961941149,-0.00126476797265429,0,0.333333333333333,0.666666666666667,TRUE,NA
714,66,9,"F1",300,0.5,0.5,16609,"fixed_1",TRUE,90.594,0.763987552235379,0.769186627470436,-0.00519907523505725,0.0875,0.8625,0.05,FALSE,NA
715,67,9,"F2",300,0.5,0.5,16709,"fixed_1",TRUE,91.115,0.851802520769465,0.877092004640996,-0.0252894838715304,0.5,0.5,0,FALSE,NA
716,68,9,"F3",300,0.5,0.5,16809,"fixed_1",TRUE,89.082,0.753565656378837,0.735708511914134,0.0178571444647027,0.175,0.358333333333333,0.466666666666667,TRUE,NA
717,69,9,"F1",1000,0.5,0.5,16909,"fixed_1",TRUE,282.481,0.847061632595802,0.847061631506218,1.08958420064198e-09,0,1,0,FALSE,NA
718,70,9,"F2",1000,0.5,0.5,17009,"fixed_1",TRUE,265.832,0.956613486281183,0.97066738030836,-0.0140538940271764,0.5,0.5,0,FALSE,NA
719,71,9,"F3",1000,0.5,0.5,17109,"fixed_1",TRUE,248.457,0.720335399527859,0.696420019735679,0.0239153797921806,0.240740740740741,0.166666666666667,0.592592592592593,TRUE,NA
720,72,9,"F1",100,1,0.5,17209,"fixed_1",TRUE,83.137,0.599398671687116,0.475940599766931,0.123458071920185,0.184210526315789,0.453289473684211,0.3625,TRUE,NA
721,73,9,"F2",100,1,0.5,17309,"fixed_1",TRUE,82.519,0.705656440311111,0.663960540922786,0.0416958993883255,0,0.75,0.25,TRUE,NA
722,74,9,"F3",100,1,0.5,17409,"fixed_1",TRUE,83.287,0.444377556696787,0.453691538184228,-0.00931398148744145,0,0.925,0.075,FALSE,NA
723,75,9,"F1",300,1,0.5,17509,"fixed_1",TRUE,89.95,0.494068184006434,0.494068183852524,1.53910773015298e-10,0,1,0,FALSE,NA
724,76,9,"F2",300,1,0.5,17609,"fixed_1",TRUE,89.273,0.560804424655303,0.56443176517929,-0.00362734052398672,0.25,0.716666666666667,0.0333333333333333,FALSE,NA
725,77,9,"F3",300,1,0.5,17709,"fixed_1",TRUE,93.068,0.568101532158833,0.545080588541786,0.0230209436170471,0,0.516666666666667,0.483333333333333,FALSE,NA
726,78,9,"F1",1000,1,0.5,17809,"fixed_1",TRUE,287.014,0.500980520520989,0.498153360994303,0.002827159526686,0.15,0.85,0,FALSE,NA
727,79,9,"F2",1000,1,0.5,17909,"fixed_1",TRUE,257.155,0.618608841804411,0.622591176854861,-0.00398233505045009,0.302631578947368,0.697368421052632,0,FALSE,NA
728,80,9,"F3",1000,1,0.5,18009,"fixed_1",TRUE,292.635,0.494501434126459,0.498918921791577,-0.00441748766511824,0.3,0.691666666666667,0.00833333333333333,FALSE,NA
729,0,10,"F1",100,0.2,0.1,10010,"fixed_1",TRUE,81.48,0.914822187643128,0.954867652978855,-0.0400454653357276,0.216666666666667,0.45,0.333333333333333,TRUE,NA
730,1,10,"F2",100,0.2,0.1,10110,"fixed_1",TRUE,82.424,0.917840520895111,0.951197080517599,-0.0333565596224885,0.279411764705882,0,0.720588235294118,TRUE,NA
731,2,10,"F3",100,0.2,0.1,10210,"fixed_1",TRUE,82.534,0.696924425885916,0.789474307264962,-0.0925498813790464,0.166666666666667,0.166666666666667,0.666666666666667,TRUE,NA
732,3,10,"F1",300,0.2,0.1,10310,"fixed_1",TRUE,101.312,0.936705226154774,0.932949830186924,0.00375539596785057,0.25,0.5,0.25,TRUE,NA
733,4,10,"F2",300,0.2,0.1,10410,"fixed_1",TRUE,88.181,1.0155000177084,1.09773406396281,-0.0822340462544096,0.75,0,0.25,TRUE,NA
734,5,10,"F3",300,0.2,0.1,10510,"fixed_1",TRUE,108.023,0.804430795810259,0.803397057453489,0.00103373835677023,0,0.833333333333333,0.166666666666667,TRUE,NA
735,6,10,"F1",1000,0.2,0.1,10610,"fixed_1",TRUE,491.799,0.960839455930054,0.963517527108636,-0.00267807117858243,0.25,0.75,0,FALSE,NA
736,7,10,"F2",1000,0.2,0.1,10710,"fixed_1",TRUE,476.681,0.996156485309317,1.01447525399188,-0.0183187686825592,0.25,0.75,0,FALSE,NA
737,8,10,"F3",1000,0.2,0.1,10810,"fixed_1",TRUE,531.786,0.724855189756314,0.716240427373818,0.00861476238249659,0.125,0.858333333333333,0.0166666666666667,FALSE,NA
738,9,10,"F1",100,0.5,0.1,10910,"fixed_1",TRUE,85.786,0.858327870048994,0.8180102995757,0.0403175704732938,0.5,0.2,0.3,TRUE,NA
739,10,10,"F2",100,0.5,0.1,11010,"fixed_1",TRUE,79.62,0.867201127774673,0.906385039848082,-0.0391839120734089,0.5,0.2,0.3,TRUE,NA
740,11,10,"F3",100,0.5,0.1,11110,"fixed_1",TRUE,74.694,0.824929274808624,0.869268609509582,-0.0443393347009577,0.116666666666667,0.166666666666667,0.716666666666667,TRUE,NA
741,12,10,"F1",300,0.5,0.1,11210,"fixed_1",TRUE,94.914,0.814436693638896,0.794101419850945,0.0203352737879507,0.525,0.475,0,FALSE,NA
742,13,10,"F2",300,0.5,0.1,11310,"fixed_1",TRUE,103.224,0.953503552060761,0.995439577619597,-0.0419360255588358,0.5,0.4625,0.0375,FALSE,NA
743,14,10,"F3",300,0.5,0.1,11410,"fixed_1",TRUE,102.775,0.672696082232638,0.59862200913531,0.0740740730973273,0,0.5,0.5,TRUE,NA
744,15,10,"F1",1000,0.5,0.1,11510,"fixed_1",TRUE,472.52,0.886218822143271,0.886504619070979,-0.00028579692770847,0.0875,0.9125,0,FALSE,NA
745,16,10,"F2",1000,0.5,0.1,11610,"fixed_1",TRUE,474.482,0.779904280291497,0.808464442965389,-0.0285601626738918,0.5,0.5,0,FALSE,NA
746,17,10,"F3",1000,0.5,0.1,11710,"fixed_1",TRUE,466.362,0.612642350353224,0.61264235000534,3.47884387963404e-10,0,1,0,FALSE,NA
747,18,10,"F1",100,1,0.1,11810,"fixed_1",TRUE,78.069,0.585799328486952,0.589161600544435,-0.0033622720574833,0.275,0.6875,0.0375,FALSE,NA
748,19,10,"F2",100,1,0.1,11910,"fixed_1",TRUE,84.247,0.563225484470272,0.579701562497541,-0.0164760780272694,0.25,0.75,0,FALSE,NA
749,20,10,"F3",100,1,0.1,12010,"fixed_1",TRUE,83.59,0.577641093089663,0.559829650179584,0.0178114429100796,0.166666666666667,0.666666666666667,0.166666666666667,TRUE,NA
750,21,10,"F1",300,1,0.1,12110,"fixed_1",TRUE,95.133,0.467115315282901,0.471003010000586,-0.00388769471768458,0.2875,0.7125,0,FALSE,NA
751,22,10,"F2",300,1,0.1,12210,"fixed_1",TRUE,104.622,0.500959571464201,0.515987642102472,-0.0150280706382711,0.724342105263158,0.25,0.0256578947368421,FALSE,NA
752,23,10,"F3",300,1,0.1,12310,"fixed_1",TRUE,101.797,0.569434158643336,0.520869583897899,0.0485645747454371,0,0.458333333333333,0.541666666666667,TRUE,NA
753,24,10,"F1",1000,1,0.1,12410,"fixed_1",TRUE,483.82,0.426391749132283,0.426387390769759,4.35836252371535e-06,0.1125,0.8875,0,FALSE,NA
754,25,10,"F2",1000,1,0.1,12510,"fixed_1",TRUE,523.165,0.574997603271873,0.592170368851169,-0.0171727655792968,0.4125,0.475,0.1125,FALSE,NA
755,26,10,"F3",1000,1,0.1,12610,"fixed_1",TRUE,524.465,0.363235806438639,0.36545672395337,-0.00222091751473152,0.0416666666666667,0.958333333333333,0,FALSE,NA
756,27,10,"F1",100,0.2,0.3,12710,"fixed_1",TRUE,85.066,1.07657856317516,1.05569029846631,0.0208882647088517,0,0,1,TRUE,NA
757,28,10,"F2",100,0.2,0.3,12810,"fixed_1",TRUE,77.8,0.906507259503254,0.926779378828664,-0.0202721193254105,0.479166666666667,0.0277777777777778,0.493055555555556,TRUE,NA
758,29,10,"F3",100,0.2,0.3,12910,"fixed_1",TRUE,88.103,0.592631026681917,0.592631026036115,6.45802078480529e-10,0,0.833333333333333,0.166666666666667,TRUE,NA
759,30,10,"F1",300,0.2,0.3,13010,"fixed_1",TRUE,93.921,0.981484850689877,0.952284078001751,0.0292007726881269,0.225,0.525,0.25,TRUE,NA
760,31,10,"F2",300,0.2,0.3,13110,"fixed_1",TRUE,87.366,0.933924209673787,0.997519669303613,-0.0635954596298259,0.565789473684211,0.302631578947368,0.131578947368421,FALSE,NA
761,32,10,"F3",300,0.2,0.3,13210,"fixed_1",TRUE,87.312,0.762798741335866,0.783499751951123,-0.0207010106152569,0,0.666666666666667,0.333333333333333,TRUE,NA
762,33,10,"F1",1000,0.2,0.3,13310,"fixed_1",TRUE,355.161,0.998678628635846,1.00412392707846,-0.0054452984426101,0.5,0.5,0,FALSE,NA
763,34,10,"F2",1000,0.2,0.3,13410,"fixed_1",TRUE,347.827,0.976195481216792,1.01473503131181,-0.0385395500950148,0.75,0.25,0,FALSE,NA
764,35,10,"F3",1000,0.2,0.3,13510,"fixed_1",TRUE,345.458,0.729214094294382,0.725161054613602,0.00405303968077986,0.1,0.856140350877193,0.043859649122807,FALSE,NA
765,36,10,"F1",100,0.5,0.3,13610,"fixed_1",TRUE,74.292,0.812109534413067,0.754878328190324,0.0572312062227436,0.25,0.25,0.5,TRUE,NA
766,37,10,"F2",100,0.5,0.3,13710,"fixed_1",TRUE,74.661,0.815077095925241,0.869219092692901,-0.0541419967676604,0,0.53125,0.46875,TRUE,NA
767,38,10,"F3",100,0.5,0.3,13810,"fixed_1",TRUE,77.76,0.785011035834082,0.720005001588063,0.065006034246019,0.0833333333333333,0.0833333333333333,0.833333333333333,TRUE,NA
768,39,10,"F1",300,0.5,0.3,13910,"fixed_1",TRUE,91.157,0.874567895728906,0.874567893131515,2.5973913020394e-09,0,1,0,FALSE,NA
769,40,10,"F2",300,0.5,0.3,14010,"fixed_1",TRUE,98.676,1.1162228287948,1.13744875659696,-0.0212259278021689,0.25,0.75,0,FALSE,NA
770,41,10,"F3",300,0.5,0.3,14110,"fixed_1",TRUE,92.658,0.880744995988657,0.83586960537166,0.0448753906169969,0.108333333333333,0.225,0.666666666666667,TRUE,NA
771,42,10,"F1",1000,0.5,0.3,14210,"fixed_1",TRUE,382.41,0.860827842259634,0.860827841448671,8.1096307447126e-10,0,1,0,FALSE,NA
772,43,10,"F2",1000,0.5,0.3,14310,"fixed_1",TRUE,336.397,0.975151187634506,0.98097656457952,-0.00582537694501351,0.55,0.45,0,FALSE,NA
773,44,10,"F3",1000,0.5,0.3,14410,"fixed_1",TRUE,344.717,0.747830568989097,0.750733918721103,-0.00290334973200579,0.0666666666666667,0.516666666666667,0.416666666666667,TRUE,NA
774,45,10,"F1",100,1,0.3,14510,"fixed_1",TRUE,83.845,0.790112651919135,0.829312999475385,-0.03920034755625,0.625,0.375,0,FALSE,NA
775,46,10,"F2",100,1,0.3,14610,"fixed_1",TRUE,73.6,0.669264108791862,0.696836695550076,-0.0275725867582143,0.485294117647059,0.5,0.0147058823529412,FALSE,NA
776,47,10,"F3",100,1,0.3,14710,"fixed_1",TRUE,81.533,0.596740562285449,0.514539255851822,0.0822013064336271,0.233333333333333,0.166666666666667,0.6,TRUE,NA
777,48,10,"F1",300,1,0.3,14810,"fixed_1",TRUE,85.56,0.49862063374513,0.515432075477895,-0.0168114417327648,0.683333333333333,0.275,0.0416666666666667,FALSE,NA
778,49,10,"F2",300,1,0.3,14910,"fixed_1",TRUE,89.953,0.691868798416151,0.712205258545028,-0.0203364601288767,0.2625,0.7125,0.025,FALSE,NA
779,50,10,"F3",300,1,0.3,15010,"fixed_1",TRUE,103.399,0.571215849393441,0.520685442355925,0.0505304070375155,0.0980392156862745,0.401960784313726,0.5,TRUE,NA
780,51,10,"F1",1000,1,0.3,15110,"fixed_1",TRUE,348.651,0.396209855984949,0.397036812352591,-0.000826956367641907,0.15,0.85,0,FALSE,NA
781,52,10,"F2",1000,1,0.3,15210,"fixed_1",TRUE,373.292,0.63479378464588,0.635888810987263,-0.00109502634138292,0.175,0.825,0,FALSE,NA
782,53,10,"F3",1000,1,0.3,15310,"fixed_1",TRUE,351.873,0.438923701112486,0.437000833807614,0.00192286730487251,0.0416666666666667,0.441666666666667,0.516666666666667,TRUE,NA
783,54,10,"F1",100,0.2,0.5,15410,"fixed_1",TRUE,78.27,1.04407753329164,1.03070023045375,0.0133773028378918,0,0,1,TRUE,NA
784,55,10,"F2",100,0.2,0.5,15510,"fixed_1",TRUE,81.025,0.853434764254036,0.877304603698876,-0.0238698394448399,0.25,0.25,0.5,TRUE,NA
785,56,10,"F3",100,0.2,0.5,15610,"fixed_1",TRUE,86.686,0.781069943753773,0.77666726355293,0.00440268020084389,0,0,1,TRUE,NA
786,57,10,"F1",300,0.2,0.5,15710,"fixed_1",TRUE,85.699,0.848302067540444,0.855865223951223,-0.0075631564107792,0.5,0.5,0,FALSE,NA
787,58,10,"F2",300,0.2,0.5,15810,"fixed_1",TRUE,90.033,0.858462346193985,0.857218523582767,0.0012438226112178,0.25,0.5,0.25,TRUE,NA
788,59,10,"F3",300,0.2,0.5,15910,"fixed_1",TRUE,97.667,0.737477537271694,0.741144365089347,-0.00366682781765271,0,0.166666666666667,0.833333333333333,TRUE,NA
789,60,10,"F1",1000,0.2,0.5,16010,"fixed_1",TRUE,279.316,1.00877598603402,1.0169699735549,-0.00819398752088096,0.5,0.25,0.25,TRUE,NA
790,61,10,"F2",1000,0.2,0.5,16110,"fixed_1",TRUE,287.941,0.921765079342981,0.908400207920336,0.013364871422645,0.5,0.25,0.25,TRUE,NA
791,62,10,"F3",1000,0.2,0.5,16210,"fixed_1",TRUE,281.03,0.713079240797203,0.721383854842741,-0.00830461404553839,0.166666666666667,0.619047619047619,0.214285714285714,TRUE,NA
792,63,10,"F1",100,0.5,0.5,16310,"fixed_1",TRUE,79.713,1.1211072993564,1.01723482086147,0.103872478494929,0.5,0.25,0.25,TRUE,NA
793,64,10,"F2",100,0.5,0.5,16410,"fixed_1",TRUE,72.708,0.867745252387661,0.905624860878993,-0.0378796084913328,0.25,0,0.75,TRUE,NA
794,65,10,"F3",100,0.5,0.5,16510,"fixed_1",TRUE,85.636,0.559214912080997,0.723948057276353,-0.164733145195356,0.166666666666667,0.0833333333333333,0.75,TRUE,NA
795,66,10,"F1",300,0.5,0.5,16610,"fixed_1",TRUE,86.913,0.905900814819497,0.906383875336839,-0.00048306051734115,0.4,0.6,0,FALSE,NA
796,67,10,"F2",300,0.5,0.5,16710,"fixed_1",TRUE,94.514,0.910655892255394,0.916066470877407,-0.00541057862201233,0,0.4875,0.5125,TRUE,NA
797,68,10,"F3",300,0.5,0.5,16810,"fixed_1",TRUE,88.159,0.724023654275673,0.719374568948952,0.00464908532672059,0.140350877192982,0.833333333333333,0.0263157894736842,FALSE,NA
798,69,10,"F1",1000,0.5,0.5,16910,"fixed_1",TRUE,283.313,0.866315738108641,0.833462259061779,0.0328534790468623,0,0.75,0.25,TRUE,NA
799,70,10,"F2",1000,0.5,0.5,17010,"fixed_1",TRUE,272.694,0.825313665760165,0.827742684918957,-0.00242901915879246,0.5,0.5,0,FALSE,NA
800,71,10,"F3",1000,0.5,0.5,17110,"fixed_1",TRUE,276.812,0.708658295105052,0.662637260355514,0.046021034749538,0.1,0.4,0.5,TRUE,NA
801,72,10,"F1",100,1,0.5,17210,"fixed_1",TRUE,77.615,0.639727211068525,0.661031058826901,-0.021303847758376,0,0.8,0.2,FALSE,NA
802,73,10,"F2",100,1,0.5,17310,"fixed_1",TRUE,74.833,0.650975623666123,0.705521362302432,-0.0545457386363084,0.5,0.475,0.025,FALSE,NA
803,74,10,"F3",100,1,0.5,17410,"fixed_1",TRUE,85.695,0.634673626673235,0.57313258122076,0.0615410454524754,0.1,0.733333333333333,0.166666666666667,TRUE,NA
804,75,10,"F1",300,1,0.5,17510,"fixed_1",TRUE,87.801,0.581306872605854,0.58130687414544,-1.53958590320968e-09,0,1,0,FALSE,NA
805,76,10,"F2",300,1,0.5,17610,"fixed_1",TRUE,88.855,0.516996508383854,0.510848874007122,0.00614763437673183,0.2,0.75,0.05,FALSE,NA
806,77,10,"F3",300,1,0.5,17710,"fixed_1",TRUE,98.722,0.516886294981626,0.524178887353756,-0.00729259237212965,0.166666666666667,0.333333333333333,0.5,TRUE,NA
807,78,10,"F1",1000,1,0.5,17810,"fixed_1",TRUE,264.052,0.521119141186787,0.521943405136583,-0.000824263949796067,0.025,0.925,0.05,FALSE,NA
808,79,10,"F2",1000,1,0.5,17910,"fixed_1",TRUE,288.597,0.571324238595343,0.572907091384133,-0.00158285278879033,0.3875,0.5,0.1125,FALSE,NA
809,80,10,"F3",1000,1,0.5,18010,"fixed_1",TRUE,271.394,0.484189414660362,0.476613657745543,0.00757575691481921,0,0.5,0.5,TRUE,NA
810,0,11,"F1",100,0.2,0.1,10011,"fixed_1",TRUE,76.669,1.03592720741304,0.977498196632196,0.0584290107808407,0,0.5,0.5,TRUE,NA
811,1,11,"F2",100,0.2,0.1,10111,"fixed_1",TRUE,74.434,0.973866561688499,1.1921187847108,-0.218252223022297,0.5,0,0.5,TRUE,NA
812,2,11,"F3",100,0.2,0.1,10211,"fixed_1",TRUE,88.566,1.0422945352968,0.958961201785173,0.0833333335116222,0,0.333333333333333,0.666666666666667,TRUE,NA
813,3,11,"F1",300,0.2,0.1,10311,"fixed_1",TRUE,91.686,0.888645762214022,0.884008411398031,0.00463735081599159,0,0.75,0.25,TRUE,NA
814,4,11,"F2",300,0.2,0.1,10411,"fixed_1",TRUE,92.748,0.937422259728669,0.98724478612156,-0.0498225263928912,0.5,0.5,0,FALSE,NA
815,5,11,"F3",300,0.2,0.1,10511,"fixed_1",TRUE,91.075,0.789542083225515,0.772037366326138,0.0175047168993767,0.166666666666667,0.666666666666667,0.166666666666667,TRUE,NA
816,6,11,"F1",1000,0.2,0.1,10611,"fixed_1",TRUE,509.861,0.944664533438506,0.944664534021061,-5.82554893213683e-10,0,1,0,FALSE,NA
817,7,11,"F2",1000,0.2,0.1,10711,"fixed_1",TRUE,534.622,0.876297667984519,0.916861531762301,-0.0405638637777813,0.75,0.25,0,FALSE,NA
818,8,11,"F3",1000,0.2,0.1,10811,"fixed_1",TRUE,495.615,0.790282829581774,0.800303082494651,-0.010020252912877,0.166666666666667,0.833333333333333,0,FALSE,NA
819,9,11,"F1",100,0.5,0.1,10911,"fixed_1",TRUE,76.669,0.843414476067818,0.846610819305388,-0.0031963432375699,0.1125,0.875,0.0125,FALSE,NA
820,10,11,"F2",100,0.5,0.1,11011,"fixed_1",TRUE,73.616,0.895652890657896,0.977525147777567,-0.0818722571196716,0.25,0.5,0.25,TRUE,NA
821,11,11,"F3",100,0.5,0.1,11111,"fixed_1",TRUE,79.824,0.625595620628938,0.678434504880829,-0.0528388842518903,0.141666666666667,0.166666666666667,0.691666666666667,TRUE,NA
822,12,11,"F1",300,0.5,0.1,11211,"fixed_1",TRUE,89.095,0.904630220734798,0.923817260595267,-0.0191870398604683,0.5,0.5,0,FALSE,NA
823,13,11,"F2",300,0.5,0.1,11311,"fixed_1",TRUE,102.247,0.817320572744967,0.847669064671871,-0.0303484919269037,0.5,0.35,0.15,FALSE,NA
824,14,11,"F3",300,0.5,0.1,11411,"fixed_1",TRUE,104.356,0.691804975238629,0.675138307604956,0.0166666676336733,0.4,0.5,0.1,FALSE,NA
825,15,11,"F1",1000,0.5,0.1,11511,"fixed_1",TRUE,477.487,0.858680865531762,0.858177422303449,0.000503443228312528,0.175,0.825,0,FALSE,NA
826,16,11,"F2",1000,0.5,0.1,11611,"fixed_1",TRUE,530.168,0.896279326424656,0.911453640968391,-0.0151743145437352,0.25,0.75,0,FALSE,NA
827,17,11,"F3",1000,0.5,0.1,11711,"fixed_1",TRUE,493.133,0.603453427544274,0.603543027442465,-8.95998981901291e-05,0.0416666666666667,0.958333333333333,0,FALSE,NA
828,18,11,"F1",100,1,0.1,11811,"fixed_1",TRUE,76.644,0.495663495031373,0.491519248365309,0.00414424666606406,0.0875,0.9125,0,FALSE,NA
829,19,11,"F2",100,1,0.1,11911,"fixed_1",TRUE,71.636,0.713453562483546,0.870286323170351,-0.156832760686805,0.4875,0.325,0.1875,FALSE,NA
830,20,11,"F3",100,1,0.1,12011,"fixed_1",TRUE,70.804,0.45488626233711,0.454886261389865,9.47245337723501e-10,0,0.833333333333333,0.166666666666667,TRUE,NA
831,21,11,"F1",300,1,0.1,12111,"fixed_1",TRUE,101.488,0.474676397883272,0.463975534524894,0.0107008633583775,0.223684210526316,0.7125,0.0638157894736842,FALSE,NA
832,22,11,"F2",300,1,0.1,12211,"fixed_1",TRUE,94.034,0.625893029308357,0.664601749574754,-0.0387087202663962,0.675,0.325,0,FALSE,NA
833,23,11,"F3",300,1,0.1,12311,"fixed_1",TRUE,98.491,0.574668996848432,0.58884301797803,-0.0141740211295985,0.0666666666666667,0.308333333333333,0.625,TRUE,NA
834,24,11,"F1",1000,1,0.1,12411,"fixed_1",TRUE,533.358,0.400198852359319,0.401677127049728,-0.00147827469040818,0.075,0.925,0,FALSE,NA
835,25,11,"F2",1000,1,0.1,12511,"fixed_1",TRUE,535.789,0.565885052835723,0.577990865095666,-0.0121058122599432,0.3,0.634210526315789,0.0657894736842105,FALSE,NA
836,26,11,"F3",1000,1,0.1,12611,"fixed_1",TRUE,488.199,0.450906203289138,0.45365131613705,-0.0027451128479124,0.0333333333333333,0.966666666666667,0,FALSE,NA
837,27,11,"F1",100,0.2,0.3,12711,"fixed_1",TRUE,78.306,0.961458726627756,1.00801571197927,-0.0465569853515181,0.25,0.5,0.25,TRUE,NA
838,28,11,"F2",100,0.2,0.3,12811,"fixed_1",TRUE,82.404,0.920364972752901,0.936205274821402,-0.0158403020685008,0.25,0.5,0.25,TRUE,NA
839,29,11,"F3",100,0.2,0.3,12911,"fixed_1",TRUE,73.259,0.724218093307674,0.622743118204055,0.101474975103618,0,0,1,TRUE,NA
840,30,11,"F1",300,0.2,0.3,13011,"fixed_1",TRUE,93.662,0.942699202670603,0.857266910296162,0.0854322923744403,0.25,0.25,0.5,TRUE,NA
841,31,11,"F2",300,0.2,0.3,13111,"fixed_1",TRUE,92.318,0.916851563718133,0.952456299567478,-0.0356047358493452,0.4,0.190909090909091,0.409090909090909,TRUE,NA
842,32,11,"F3",300,0.2,0.3,13211,"fixed_1",TRUE,82.947,0.700101641533497,0.682775453247962,0.0173261882855354,0.166666666666667,0.166666666666667,0.666666666666667,TRUE,NA
843,33,11,"F1",1000,0.2,0.3,13311,"fixed_1",TRUE,379.641,1.00954527925291,1.00954527893517,3.17740722621807e-10,0,1,0,FALSE,NA
844,34,11,"F2",1000,0.2,0.3,13411,"fixed_1",TRUE,408.245,0.933226978473957,0.964004952598727,-0.0307779741247692,0.6125,0.3875,0,FALSE,NA
845,35,11,"F3",1000,0.2,0.3,13511,"fixed_1",TRUE,325.581,0.863358589204258,0.84603185685166,0.0173267323525974,0,0.5,0.5,TRUE,NA
846,36,11,"F1",100,0.5,0.3,13611,"fixed_1",TRUE,81.235,0.830636238219071,0.830335650642826,0.000300587576244848,0.25,0.75,0,FALSE,NA
847,37,11,"F2",100,0.5,0.3,13711,"fixed_1",TRUE,74.209,0.799948782247224,0.860851899704418,-0.060903117457194,0.5,0.5,0,FALSE,NA
848,38,11,"F3",100,0.5,0.3,13811,"fixed_1",TRUE,88.181,0.744155239937012,0.708873510339143,0.0352817295978687,0,0,1,TRUE,NA
849,39,11,"F1",300,0.5,0.3,13911,"fixed_1",TRUE,101.774,0.878040338620094,0.839574642750105,0.0384656958699894,0,0.75,0.25,TRUE,NA
850,40,11,"F2",300,0.5,0.3,14011,"fixed_1",TRUE,88.796,0.861415613963609,0.848857721176953,0.012557892786656,0.4875,0.25,0.2625,TRUE,NA
851,41,11,"F3",300,0.5,0.3,14111,"fixed_1",TRUE,91.268,0.682901276319052,0.720922590621947,-0.0380213143028958,0.205263157894737,0.678070175438596,0.116666666666667,FALSE,NA
852,42,11,"F1",1000,0.5,0.3,14211,"fixed_1",TRUE,359.013,0.796999888231936,0.796999888040473,1.91463178644824e-10,0,1,0,FALSE,NA
853,43,11,"F2",1000,0.5,0.3,14311,"fixed_1",TRUE,341.605,0.962193269104528,0.963286278408589,-0.00109300930406087,0.25,0.75,0,FALSE,NA
854,44,11,"F3",1000,0.5,0.3,14411,"fixed_1",TRUE,337.937,0.724055433658972,0.707788330676285,0.0162671029826867,0.333333333333333,0.555555555555556,0.111111111111111,FALSE,NA
855,45,11,"F1",100,1,0.3,14511,"fixed_1",TRUE,82.394,0.495752909108562,0.488254515188215,0.0074983939203464,0.25,0.75,0,FALSE,NA
856,46,11,"F2",100,1,0.3,14611,"fixed_1",TRUE,73.159,0.621441428460925,0.63879920012069,-0.0173577716597648,0.473611111111111,0.513888888888889,0.0125,FALSE,NA
857,47,11,"F3",100,1,0.3,14711,"fixed_1",TRUE,76.232,0.58913896423518,0.50634421357027,0.0827947506649105,0,0.441666666666667,0.558333333333333,TRUE,NA
858,48,11,"F1",300,1,0.3,14811,"fixed_1",TRUE,96.869,0.535080242528092,0.530915506844633,0.00416473568345876,0.15,0.85,0,FALSE,NA
859,49,11,"F2",300,1,0.3,14911,"fixed_1",TRUE,87.755,0.683928425880007,0.715732432758153,-0.0318040068781453,0.175,0.7125,0.1125,FALSE,NA
860,50,11,"F3",300,1,0.3,15011,"fixed_1",TRUE,94.853,0.574926427116484,0.599383718150758,-0.0244572910342742,0.15,0.291666666666667,0.558333333333333,TRUE,NA
861,51,11,"F1",1000,1,0.3,15111,"fixed_1",TRUE,357.337,0.434456356292577,0.434927088258293,-0.000470731965715621,0.5,0.4875,0.0125,FALSE,NA
862,52,11,"F2",1000,1,0.3,15211,"fixed_1",TRUE,361.029,0.437461713251506,0.453611133787228,-0.0161494205357217,0.499342105263158,0.475657894736842,0.025,FALSE,NA
863,53,11,"F3",1000,1,0.3,15311,"fixed_1",TRUE,357.495,0.517929040591804,0.519935740264395,-0.00200669967259126,0,0.791666666666667,0.208333333333333,FALSE,NA
864,54,11,"F1",100,0.2,0.5,15411,"fixed_1",TRUE,75.946,0.818506183214466,0.823584947282443,-0.00507876406797692,0.25,0.7375,0.0125,FALSE,NA
865,55,11,"F2",100,0.2,0.5,15511,"fixed_1",TRUE,77.22,1.10478515360327,1.08263929293531,0.0221458606679643,0,0,1,TRUE,NA
866,56,11,"F3",100,0.2,0.5,15611,"fixed_1",TRUE,82.406,0.700712075443019,0.635601528599711,0.0651105468433081,0,0.166666666666667,0.833333333333333,TRUE,NA
867,57,11,"F1",300,0.2,0.5,15711,"fixed_1",TRUE,99.698,0.993821587080999,0.991281053655631,0.00254053342536831,0,0,1,TRUE,NA
868,58,11,"F2",300,0.2,0.5,15811,"fixed_1",TRUE,96.335,1.23628768771835,1.18494789461743,0.0513397931009245,0,0.25,0.75,TRUE,NA
869,59,11,"F3",300,0.2,0.5,15911,"fixed_1",TRUE,93.512,0.682379238271308,0.66022955317363,0.022149685097678,0,0.333333333333333,0.666666666666667,TRUE,NA
870,60,11,"F1",1000,0.2,0.5,16011,"fixed_1",TRUE,271.557,0.918200489811212,0.931243151911342,-0.0130426621001305,0.25,0.5,0.25,TRUE,NA
871,61,11,"F2",1000,0.2,0.5,16111,"fixed_1",TRUE,266.497,0.873218220207826,0.901721092412598,-0.0285028722047713,0.7375,0.1625,0.1,FALSE,NA
872,62,11,"F3",1000,0.2,0.5,16211,"fixed_1",TRUE,276.668,0.717044041527378,0.70029466167096,0.0167493798564183,0,0.333333333333333,0.666666666666667,TRUE,NA
873,63,11,"F1",100,0.5,0.5,16311,"fixed_1",TRUE,81.427,0.884460651068773,0.866668686840279,0.0177919642284945,0.25,0.5,0.25,TRUE,NA
874,64,11,"F2",100,0.5,0.5,16411,"fixed_1",TRUE,73.145,0.578695686289018,0.604530028738914,-0.0258343424498962,0.25,0.5,0.25,TRUE,NA
875,65,11,"F3",100,0.5,0.5,16511,"fixed_1",TRUE,81.304,0.629613321687182,0.45214856120882,0.177464760478362,0,0.166666666666667,0.833333333333333,TRUE,NA
876,66,11,"F1",300,0.5,0.5,16611,"fixed_1",TRUE,90.739,0.884507743187318,0.871574350346879,0.0129333928404396,0.9125,0,0.0875,FALSE,NA
877,67,11,"F2",300,0.5,0.5,16711,"fixed_1",TRUE,87.727,0.738967720967101,0.744408266758985,-0.0054405457918848,0.236111111111111,0.75,0.0138888888888889,FALSE,NA
878,68,11,"F3",300,0.5,0.5,16811,"fixed_1",TRUE,91.93,0.757969314608107,0.757969314977951,-3.69844044278977e-10,0,0.833333333333333,0.166666666666667,TRUE,NA
879,69,11,"F1",1000,0.5,0.5,16911,"fixed_1",TRUE,284.719,0.822040869052968,0.814008919060473,0.00803194999249524,0,0.925,0.075,FALSE,NA
880,70,11,"F2",1000,0.5,0.5,17011,"fixed_1",TRUE,266.863,0.919129001613679,0.917379181790375,0.00174981982330469,0,0.975,0.025,FALSE,NA
881,71,11,"F3",1000,0.5,0.5,17111,"fixed_1",TRUE,282.293,0.679951322916789,0.65519121070445,0.0247601122123391,0,0.283333333333333,0.716666666666667,TRUE,NA
882,72,11,"F1",100,1,0.5,17211,"fixed_1",TRUE,79.06,0.549350299066397,0.551960428901394,-0.00261012983499631,0.157894736842105,0.725,0.117105263157895,FALSE,NA
883,73,11,"F2",100,1,0.5,17311,"fixed_1",TRUE,76.074,0.520805333246346,0.516956070561622,0.00384926268472374,0.225,0.525,0.25,FALSE,NA
884,74,11,"F3",100,1,0.5,17411,"fixed_1",TRUE,82.711,0.689795746248064,0.793745731208899,-0.103949984960835,0,0.333333333333333,0.666666666666667,TRUE,NA
885,75,11,"F1",300,1,0.5,17511,"fixed_1",TRUE,87.365,0.6480772356161,0.647907193877829,0.000170041738271509,0.2125,0.7875,0,FALSE,NA
886,76,11,"F2",300,1,0.5,17611,"fixed_1",TRUE,90.142,0.741772415608276,0.760334593810976,-0.0185621782027009,0.25,0.75,0,FALSE,NA
887,77,11,"F3",300,1,0.5,17711,"fixed_1",TRUE,91.71,0.60797825849476,0.607978260416874,-1.9221141345227e-09,0,1,0,FALSE,NA
888,78,11,"F1",1000,1,0.5,17811,"fixed_1",TRUE,261.023,0.391215060736901,0.393560284330983,-0.00234522359408157,0.25,0.75,0,FALSE,NA
889,79,11,"F2",1000,1,0.5,17911,"fixed_1",TRUE,258.517,0.598995804769287,0.600470702725878,-0.00147489795659095,0.0375,0.945833333333333,0.0166666666666667,FALSE,NA
890,80,11,"F3",1000,1,0.5,18011,"fixed_1",TRUE,256.539,0.477412830436485,0.47792885419397,-0.00051602375748544,0,0.983333333333333,0.0166666666666667,FALSE,NA
891,0,12,"F1",100,0.2,0.1,10012,"fixed_1",TRUE,83.352,1.10530569833413,1.07898238015795,0.0263233181761771,0.25,0,0.75,TRUE,NA
892,1,12,"F2",100,0.2,0.1,10112,"fixed_1",TRUE,81.961,0.887540705005281,0.886363389514822,0.00117731549045874,0,0,1,TRUE,NA
893,2,12,"F3",100,0.2,0.1,10212,"fixed_1",TRUE,75.816,0.820913451194695,0.809965283141133,0.0109481680535624,0,0.666666666666667,0.333333333333333,TRUE,NA
894,3,12,"F1",300,0.2,0.1,10312,"fixed_1",TRUE,101.518,1.05105586226461,1.04864515604649,0.00241070621812067,0.5,0,0.5,TRUE,NA
895,4,12,"F2",300,0.2,0.1,10412,"fixed_1",TRUE,92.521,0.832413089069409,0.853918614898189,-0.0215055258287801,0.758552631578947,0.1625,0.0789473684210526,FALSE,NA
896,5,12,"F3",300,0.2,0.1,10512,"fixed_1",TRUE,93.855,0.792320306397376,0.790111934879585,0.00220837151779119,0.166666666666667,0.166666666666667,0.666666666666667,TRUE,NA
897,6,12,"F1",1000,0.2,0.1,10612,"fixed_1",TRUE,491.941,0.931301391581427,0.931301391858756,-2.77329825770778e-10,0,1,0,FALSE,NA
898,7,12,"F2",1000,0.2,0.1,10712,"fixed_1",TRUE,500.122,0.924331933856142,0.937871798121751,-0.013539864265609,0.25,0.75,0,FALSE,NA
899,8,12,"F3",1000,0.2,0.1,10812,"fixed_1",TRUE,461.316,0.74048919879707,0.736520944833043,0.00396825396402711,0,0.5,0.5,TRUE,NA
900,9,12,"F1",100,0.5,0.1,10912,"fixed_1",TRUE,72.017,0.936256761508567,0.934646209493116,0.00161055201545013,0.25,0.5,0.25,TRUE,NA
901,10,12,"F2",100,0.5,0.1,11012,"fixed_1",TRUE,80.122,0.883873947289164,1.00541318864778,-0.121539241358618,0.5,0.25,0.25,TRUE,NA
902,11,12,"F3",100,0.5,0.1,11112,"fixed_1",TRUE,73.242,0.722736277111487,0.655742810491126,0.0669934666203611,0,0.333333333333333,0.666666666666667,TRUE,NA
903,12,12,"F1",300,0.5,0.1,11212,"fixed_1",TRUE,88.585,0.913054870749173,0.938849574526455,-0.0257947037772819,0.5,0.5,0,FALSE,NA
904,13,12,"F2",300,0.5,0.1,11312,"fixed_1",TRUE,101.846,1.00034068606627,1.05820566624742,-0.0578649801811473,0.720588235294118,0.25,0.0294117647058824,FALSE,NA
905,14,12,"F3",300,0.5,0.1,11412,"fixed_1",TRUE,111.846,0.68865845282216,0.705800047638853,-0.0171415948166925,0.333333333333333,0.666666666666667,0,FALSE,NA
906,15,12,"F1",1000,0.5,0.1,11512,"fixed_1",TRUE,486.367,0.791429526472665,0.791429526556503,-8.38379365930564e-11,0,1,0,FALSE,NA
907,16,12,"F2",1000,0.5,0.1,11612,"fixed_1",TRUE,479.911,0.800819232061487,0.813838812681785,-0.0130195806202981,0.45,0.438888888888889,0.111111111111111,FALSE,NA
908,17,12,"F3",1000,0.5,0.1,11712,"fixed_1",TRUE,529.297,0.742518514339106,0.744359979430684,-0.00184146509157779,0.166666666666667,0.833333333333333,0,FALSE,NA
909,18,12,"F1",100,1,0.1,11812,"fixed_1",TRUE,76.06,0.614165560801999,0.620967741283897,-0.00680218048189773,0.1125,0.786538461538462,0.100961538461538,FALSE,NA
910,19,12,"F2",100,1,0.1,11912,"fixed_1",TRUE,84.729,0.803447755684517,0.796850191022162,0.00659756466235495,0.590686274509804,0.25,0.159313725490196,FALSE,NA
911,20,12,"F3",100,1,0.1,12012,"fixed_1",TRUE,79.677,0.395813637078278,0.395813637732905,-6.54627185792123e-10,0,1,0,FALSE,NA
912,21,12,"F1",300,1,0.1,12112,"fixed_1",TRUE,96.925,0.425473525806464,0.425587975010037,-0.000114449203572786,0.1125,0.875,0.0125,FALSE,NA
913,22,12,"F2",300,1,0.1,12212,"fixed_1",TRUE,97.893,0.534790043775782,0.567586631907787,-0.0327965881320045,0.284868421052632,0.65,0.0651315789473684,FALSE,NA
914,23,12,"F3",300,1,0.1,12312,"fixed_1",TRUE,96.355,0.548369512507461,0.474260591726054,0.0741089207814071,0.108333333333333,0.208333333333333,0.683333333333333,TRUE,NA
915,24,12,"F1",1000,1,0.1,12412,"fixed_1",TRUE,532.042,0.451383676703063,0.451383677110584,-4.07521127954169e-10,0,1,0,FALSE,NA
916,25,12,"F2",1000,1,0.1,12512,"fixed_1",TRUE,485.483,0.455071096500376,0.471836395672969,-0.0167652991725932,0.5,0.475,0.025,FALSE,NA
917,26,12,"F3",1000,1,0.1,12612,"fixed_1",TRUE,535.612,0.351764848964444,0.35176485083442,-1.86997650697407e-09,0,1,0,FALSE,NA
918,27,12,"F1",100,0.2,0.3,12712,"fixed_1",TRUE,76.852,0.832383164380125,0.809855829272721,0.0225273351074037,0.25,0,0.75,TRUE,NA
919,28,12,"F2",100,0.2,0.3,12812,"fixed_1",TRUE,83.656,0.926248213918766,0.973761022142769,-0.0475128082240037,0.25,0,0.75,TRUE,NA
920,29,12,"F3",100,0.2,0.3,12912,"fixed_1",TRUE,80.075,0.75017863489069,0.704974218505118,0.0452044163855729,0,0.166666666666667,0.833333333333333,TRUE,NA
921,30,12,"F1",300,0.2,0.3,13012,"fixed_1",TRUE,88.733,1.04820247526805,1.03514406102506,0.0130584142429864,0,0.516666666666667,0.483333333333333,TRUE,NA
922,31,12,"F2",300,0.2,0.3,13112,"fixed_1",TRUE,91.615,1.04997597731336,1.06608799898591,-0.0161120216725532,0.25,0.25,0.5,TRUE,NA
923,32,12,"F3",300,0.2,0.3,13212,"fixed_1",TRUE,92.347,0.736689340771809,0.745339977195488,-0.00865063642367925,0,0.666666666666667,0.333333333333333,TRUE,NA
924,33,12,"F1",1000,0.2,0.3,13312,"fixed_1",TRUE,382.77,0.927239287969306,0.92966489480045,-0.00242560683114357,0.1625,0.8375,0,FALSE,NA
925,34,12,"F2",1000,0.2,0.3,13412,"fixed_1",TRUE,362.024,0.857921291833359,0.898478340932928,-0.0405570490995687,0.75,0.180555555555556,0.0694444444444444,FALSE,NA
926,35,12,"F3",1000,0.2,0.3,13512,"fixed_1",TRUE,351.975,0.767216176354368,0.764716176310435,0.0025000000439328,0.0526315789473684,0.833333333333333,0.114035087719298,FALSE,NA
927,36,12,"F1",100,0.5,0.3,13612,"fixed_1",TRUE,73.568,0.912235363965282,0.940583492709371,-0.0283481287440884,0,0.75,0.25,TRUE,NA
928,37,12,"F2",100,0.5,0.3,13712,"fixed_1",TRUE,74.797,0.857478036020081,0.927046354919014,-0.0695683188989333,0.5,0.5,0,FALSE,NA
929,38,12,"F3",100,0.5,0.3,13812,"fixed_1",TRUE,69.492,0.71652456368428,0.765948185827394,-0.0494236221431141,0.166666666666667,0.166666666666667,0.666666666666667,TRUE,NA
930,39,12,"F1",300,0.5,0.3,13912,"fixed_1",TRUE,84.493,0.845747133051967,0.843963915671677,0.00178321738028964,0.25,0.75,0,FALSE,NA
931,40,12,"F2",300,0.5,0.3,14012,"fixed_1",TRUE,91.816,0.843026078078778,0.849228346685819,-0.00620226860704076,0.25,0.725,0.025,FALSE,NA
932,41,12,"F3",300,0.5,0.3,14112,"fixed_1",TRUE,102.146,0.836731236759,0.734217628686417,0.102513608072583,0.0666666666666667,0.433333333333333,0.5,TRUE,NA
933,42,12,"F1",1000,0.5,0.3,14212,"fixed_1",TRUE,329.812,0.851880213381818,0.854709664960568,-0.00282945157875081,0,0.9375,0.0625,FALSE,NA
934,43,12,"F2",1000,0.5,0.3,14312,"fixed_1",TRUE,358.884,0.865143138371718,0.878743132026448,-0.0135999936547301,0.25,0.75,0,FALSE,NA
935,44,12,"F3",1000,0.5,0.3,14412,"fixed_1",TRUE,324.567,0.645831908400193,0.645831907806622,5.93570748108618e-10,0,1,0,FALSE,NA
936,45,12,"F1",100,1,0.3,14512,"fixed_1",TRUE,72.486,0.667522476586339,0.600230731600461,0.0672917449858776,0,0.8375,0.1625,FALSE,NA
937,46,12,"F2",100,1,0.3,14612,"fixed_1",TRUE,74.689,0.840006138842938,0.969809945231925,-0.129803806388987,0.5,0.234375,0.265625,TRUE,NA
938,47,12,"F3",100,1,0.3,14712,"fixed_1",TRUE,84.605,0.596822566179447,0.511177874005881,0.0856446921735661,0.166666666666667,0.333333333333333,0.5,TRUE,NA
939,48,12,"F1",300,1,0.3,14812,"fixed_1",TRUE,94.166,0.538977094259066,0.536021181287427,0.00295591297163877,0.393421052631579,0.606578947368421,0,FALSE,NA
940,49,12,"F2",300,1,0.3,14912,"fixed_1",TRUE,90.717,0.556477994660723,0.605078270888083,-0.0486002762273595,0.460526315789474,0.363815789473684,0.175657894736842,FALSE,NA
941,50,12,"F3",300,1,0.3,15012,"fixed_1",TRUE,95.526,0.524388114346207,0.525220642307705,-0.000832527961498242,0,0.975,0.025,FALSE,NA
942,51,12,"F1",1000,1,0.3,15112,"fixed_1",TRUE,362.417,0.489017130277175,0.489017131629486,-1.35231159603677e-09,0,1,0,FALSE,NA
943,52,12,"F2",1000,1,0.3,15212,"fixed_1",TRUE,326.819,0.631151436784427,0.642807632107361,-0.011656195322934,0.25,0.708333333333333,0.0416666666666667,FALSE,NA
944,53,12,"F3",1000,1,0.3,15312,"fixed_1",TRUE,346.64,0.544776458870315,0.547554160864292,-0.00277770199397698,0.00925925925925926,0.972222222222222,0.0185185185185185,FALSE,NA
945,54,12,"F1",100,0.2,0.5,15412,"fixed_1",TRUE,76.957,0.922607962316314,1.01147764760021,-0.0888696852838993,0.5,0.25,0.25,TRUE,NA
946,55,12,"F2",100,0.2,0.5,15512,"fixed_1",TRUE,81.139,1.04406575483582,1.04548541478177,-0.00141965994594972,0.25,0,0.75,TRUE,NA
947,56,12,"F3",100,0.2,0.5,15612,"fixed_1",TRUE,75.954,0.572438396563613,0.496618706202534,0.0758196903610792,0.166666666666667,0.166666666666667,0.666666666666667,TRUE,NA
948,57,12,"F1",300,0.2,0.5,15712,"fixed_1",TRUE,95.949,0.913134990000391,0.922115331474338,-0.00898034147394655,0,0.25,0.75,TRUE,NA
949,58,12,"F2",300,0.2,0.5,15812,"fixed_1",TRUE,87.325,0.961046798754159,0.990767014873852,-0.0297202161196924,0.25,0.75,0,FALSE,NA
950,59,12,"F3",300,0.2,0.5,15912,"fixed_1",TRUE,97.027,0.836699916487938,0.715564779762591,0.121135136725347,0,0.166666666666667,0.833333333333333,TRUE,NA
951,60,12,"F1",1000,0.2,0.5,16012,"fixed_1",TRUE,307.442,0.937558671757897,0.940380803530015,-0.00282213177211843,0.7125,0.2875,0,FALSE,NA
952,61,12,"F2",1000,0.2,0.5,16112,"fixed_1",TRUE,254.515,0.897079105445867,0.93906519440587,-0.0419860889600028,0.725,0.025,0.25,TRUE,NA
953,62,12,"F3",1000,0.2,0.5,16212,"fixed_1",TRUE,298.606,0.782942187878897,0.732879921760037,0.0500622661188598,0,0.333333333333333,0.666666666666667,TRUE,NA
954,63,12,"F1",100,0.5,0.5,16312,"fixed_1",TRUE,82.984,1.15416272148862,1.15641033655228,-0.002247615063665,0.4625,0.2875,0.25,TRUE,NA
955,64,12,"F2",100,0.5,0.5,16412,"fixed_1",TRUE,72.813,0.857863879992533,0.75126184159336,0.106602038399173,0.25,0.25,0.5,TRUE,NA
956,65,12,"F3",100,0.5,0.5,16512,"fixed_1",TRUE,80.15,0.520825121979439,0.469436367141433,0.051388754838006,0,0.666666666666667,0.333333333333333,TRUE,NA
957,66,12,"F1",300,0.5,0.5,16612,"fixed_1",TRUE,105.753,0.87601833515887,0.81546039735547,0.0605579378034005,0.4,0.35,0.25,TRUE,NA
958,67,12,"F2",300,0.5,0.5,16712,"fixed_1",TRUE,94.993,0.734815017753065,0.793326612881162,-0.058511595128097,0.708333333333333,0,0.291666666666667,TRUE,NA
959,68,12,"F3",300,0.5,0.5,16812,"fixed_1",TRUE,98.136,0.744097461059749,0.697852061877834,0.0462453991819155,0.291666666666667,0.541666666666667,0.166666666666667,TRUE,NA
960,69,12,"F1",1000,0.5,0.5,16912,"fixed_1",TRUE,294.811,0.84565486579354,0.838886069069647,0.00676879672389308,0.516666666666667,0.379166666666667,0.104166666666667,FALSE,NA
961,70,12,"F2",1000,0.5,0.5,17012,"fixed_1",TRUE,260.971,0.900988808251768,0.904746288500487,-0.00375748024871914,0.118421052631579,0.881578947368421,0,FALSE,NA
962,71,12,"F3",1000,0.5,0.5,17112,"fixed_1",TRUE,256.488,0.765735813041454,0.69766314827452,0.0680726647669345,0.166666666666667,0.333333333333333,0.5,TRUE,NA
963,72,12,"F1",100,1,0.5,17212,"fixed_1",TRUE,75.733,0.516617856117625,0.547288780980936,-0.0306709248633107,0.599415204678363,0.276315789473684,0.124269005847953,FALSE,NA
964,73,12,"F2",100,1,0.5,17312,"fixed_1",TRUE,81.944,0.659153297209509,0.706261599214665,-0.0471083020051555,0.3875,0.6125,0,FALSE,NA
965,74,12,"F3",100,1,0.5,17412,"fixed_1",TRUE,74.015,0.584477208506944,0.626143878786196,-0.0416666702792521,0,0.5,0.5,TRUE,NA
966,75,12,"F1",300,1,0.5,17512,"fixed_1",TRUE,88.635,0.54836227342893,0.539727554365902,0.00863471906302837,0,0.925,0.075,FALSE,NA
967,76,12,"F2",300,1,0.5,17612,"fixed_1",TRUE,94.306,0.651123924675151,0.648864086603088,0.00225983807206254,0.460526315789474,0.539473684210526,0,FALSE,NA
968,77,12,"F3",300,1,0.5,17712,"fixed_1",TRUE,102.814,0.571651437852834,0.599151047829887,-0.0274996099770525,0,0.483333333333333,0.516666666666667,TRUE,NA
969,78,12,"F1",1000,1,0.5,17812,"fixed_1",TRUE,287.28,0.516092470060423,0.516092470965743,-9.05320263200338e-10,0,1,0,FALSE,NA
970,79,12,"F2",1000,1,0.5,17912,"fixed_1",TRUE,258.322,0.632104290655763,0.636932032709499,-0.00482774205373526,0,0.9625,0.0375,FALSE,NA
971,80,12,"F3",1000,1,0.5,18012,"fixed_1",TRUE,245.023,0.499123512603938,0.462874757752404,0.0362487548515339,0.216666666666667,0.275,0.508333333333333,FALSE,NA
972,0,13,"F1",100,0.2,0.1,10013,"fixed_1",TRUE,69.938,0.967064026412032,0.94367778932292,0.023386237089112,0,0,1,TRUE,NA
973,1,13,"F2",100,0.2,0.1,10113,"fixed_1",TRUE,74.548,1.22402547116538,1.27572908630778,-0.0517036151424006,0.25,0.3125,0.4375,TRUE,NA
974,2,13,"F3",100,0.2,0.1,10213,"fixed_1",TRUE,78.51,0.822214177472554,0.877920133734921,-0.0557059562623664,0.333333333333333,0,0.666666666666667,TRUE,NA
975,3,13,"F1",300,0.2,0.1,10313,"fixed_1",TRUE,92.88,0.922935203065635,0.934086582978308,-0.0111513799126737,0.25,0.75,0,FALSE,NA
976,4,13,"F2",300,0.2,0.1,10413,"fixed_1",TRUE,88.242,0.86336445462683,0.925905342622676,-0.0625408879958466,0.975,0.025,0,FALSE,NA
977,5,13,"F3",300,0.2,0.1,10513,"fixed_1",TRUE,89.627,0.697430614899422,0.672698010044273,0.0247326048551495,0,0.666666666666667,0.333333333333333,TRUE,NA
978,6,13,"F1",1000,0.2,0.1,10613,"fixed_1",TRUE,466.043,0.925176200530265,0.925176200263746,2.66518918046188e-10,0,1,0,FALSE,NA
979,7,13,"F2",1000,0.2,0.1,10713,"fixed_1",TRUE,486.706,0.951981814994076,1.01341779772566,-0.0614359827315871,0.75,0.25,0,FALSE,NA
980,8,13,"F3",1000,0.2,0.1,10813,"fixed_1",TRUE,464.267,0.762960739195133,0.73801801235855,0.0249427268365821,0.108333333333333,0,0.891666666666667,TRUE,NA
981,9,13,"F1",100,0.5,0.1,10913,"fixed_1",TRUE,88.727,1.06030283107328,1.0120960456599,0.0482067854133785,0.25,0.425,0.325,TRUE,NA
982,10,13,"F2",100,0.5,0.1,11013,"fixed_1",TRUE,73.781,0.773525854905146,0.79731209255108,-0.0237862376459343,0.5,0.5,0,FALSE,NA
983,11,13,"F3",100,0.5,0.1,11113,"fixed_1",TRUE,75.806,0.722105678083811,0.686318272977384,0.0357874051064272,0.133333333333333,0.0333333333333333,0.833333333333333,TRUE,NA
984,12,13,"F1",300,0.5,0.1,11213,"fixed_1",TRUE,102.329,0.896120787813754,0.915277835224975,-0.0191570474112208,0.5,0.5,0,FALSE,NA
985,13,13,"F2",300,0.5,0.1,11313,"fixed_1",TRUE,90.11,0.765784687581159,0.789091163895205,-0.0233064763140454,0.25,0.75,0,FALSE,NA
986,14,13,"F3",300,0.5,0.1,11413,"fixed_1",TRUE,94.13,0.626742139983247,0.626742141569528,-1.5862812174916e-09,0,1,0,FALSE,NA
987,15,13,"F1",1000,0.5,0.1,11513,"fixed_1",TRUE,535.36,0.807213098963716,0.806192138950808,0.00102096001290719,0.1125,0.8875,0,FALSE,NA
988,16,13,"F2",1000,0.5,0.1,11613,"fixed_1",TRUE,509.964,0.846601641050502,0.868686187186036,-0.0220845461355345,0.75,0.25,0,FALSE,NA
989,17,13,"F3",1000,0.5,0.1,11713,"fixed_1",TRUE,530.241,0.655984096056051,0.663059567389473,-0.00707547133342157,0.0666666666666667,0.933333333333333,0,FALSE,NA
990,18,13,"F1",100,1,0.1,11813,"fixed_1",TRUE,71.717,0.60364475663138,0.574836982194609,0.0288077744367703,0.166666666666667,0.75,0.0833333333333333,FALSE,NA
991,19,13,"F2",100,1,0.1,11913,"fixed_1",TRUE,87.411,1.09985003587292,1.09070816707034,0.00914186880257728,0.2375,0.602941176470588,0.159558823529412,FALSE,NA
992,20,13,"F3",100,1,0.1,12013,"fixed_1",TRUE,73.56,0.51441692110924,0.506718457013221,0.00769846409601882,0.166666666666667,0.333333333333333,0.5,TRUE,NA
993,21,13,"F1",300,1,0.1,12113,"fixed_1",TRUE,96.914,0.500207753844455,0.512722527397213,-0.0125147735527572,0.25,0.75,0,FALSE,NA
994,22,13,"F2",300,1,0.1,12213,"fixed_1",TRUE,89.442,0.586832086430235,0.621749284516793,-0.0349171980865577,0.35,0.425,0.225,FALSE,NA
995,23,13,"F3",300,1,0.1,12313,"fixed_1",TRUE,91.924,0.512811472174168,0.499643084897238,0.0131683872769294,0.043859649122807,0.456140350877193,0.5,TRUE,NA
996,24,13,"F1",1000,1,0.1,12413,"fixed_1",TRUE,471.48,0.459809745118107,0.461037703037285,-0.00122795791917818,0.1375,0.8625,0,FALSE,NA
997,25,13,"F2",1000,1,0.1,12513,"fixed_1",TRUE,508.827,0.520355707387529,0.545628143876813,-0.0252724364892838,0.474342105263158,0.4375,0.0881578947368421,FALSE,NA
998,26,13,"F3",1000,1,0.1,12613,"fixed_1",TRUE,519.419,0.486021442920621,0.49134027879882,-0.00531883587819892,0,0.966666666666667,0.0333333333333333,FALSE,NA
999,27,13,"F1",100,0.2,0.3,12713,"fixed_1",TRUE,85.555,0.988145938400528,1.01496463619014,-0.0268186977896154,0.25,0.25,0.5,TRUE,NA
1000,28,13,"F2",100,0.2,0.3,12813,"fixed_1",TRUE,76.337,0.924882296398997,0.952440732392047,-0.0275584359930493,0.25,0.25,0.5,TRUE,NA
1001,29,13,"F3",100,0.2,0.3,12913,"fixed_1",TRUE,75.934,0.694944132477559,0.816563904339739,-0.12161977186218,0,0,1,TRUE,NA
1002,30,13,"F1",300,0.2,0.3,13013,"fixed_1",TRUE,92.403,0.906071317785711,0.900880214067995,0.00519110371771614,0.4625,0.5375,0,FALSE,NA
1003,31,13,"F2",300,0.2,0.3,13113,"fixed_1",TRUE,92.818,0.937552391741445,0.982979370217843,-0.0454269784763988,0.5625,0.1875,0.25,TRUE,NA
1004,32,13,"F3",300,0.2,0.3,13213,"fixed_1",TRUE,97.145,0.776929422678658,0.791584815352214,-0.014655392673556,0,0.5,0.5,TRUE,NA
1005,33,13,"F1",1000,0.2,0.3,13313,"fixed_1",TRUE,346.129,0.972959998465568,0.980362758101784,-0.00740275963621562,0.232142857142857,0.767857142857143,0,FALSE,NA
1006,34,13,"F2",1000,0.2,0.3,13413,"fixed_1",TRUE,346.855,0.917748498373033,0.907720243593251,0.0100282547797816,0.25,0.5,0.25,TRUE,NA
1007,35,13,"F3",1000,0.2,0.3,13513,"fixed_1",TRUE,357.747,0.709543767822701,0.683380977260469,0.0261627905622321,0,0.747222222222222,0.252777777777778,FALSE,NA
1008,36,13,"F1",100,0.5,0.3,13613,"fixed_1",TRUE,88.292,0.973806181775388,0.972249251948726,0.00155692982666222,0.0972222222222222,0.75,0.152777777777778,FALSE,NA
1009,37,13,"F2",100,0.5,0.3,13713,"fixed_1",TRUE,69.072,0.779028076502547,0.801843982561129,-0.022815906058582,0,0.5,0.5,TRUE,NA
1010,38,13,"F3",100,0.5,0.3,13813,"fixed_1",TRUE,76.856,0.683244234761211,0.637683110178539,0.0455611245826716,0,0.166666666666667,0.833333333333333,TRUE,NA
1011,39,13,"F1",300,0.5,0.3,13913,"fixed_1",TRUE,97.984,0.90079453578516,0.921518712436352,-0.0207241766511921,0.486842105263158,0.425657894736842,0.0875,FALSE,NA
1012,40,13,"F2",300,0.5,0.3,14013,"fixed_1",TRUE,101.669,0.849286575522872,0.916818852886994,-0.0675322773641225,0.75,0,0.25,TRUE,NA
1013,41,13,"F3",300,0.5,0.3,14113,"fixed_1",TRUE,81.676,0.632189178147598,0.611609183917349,0.0205799942302498,0.208333333333333,0.166666666666667,0.625,TRUE,NA
1014,42,13,"F1",1000,0.5,0.3,14213,"fixed_1",TRUE,353.8,0.874734741222747,0.876842363243408,-0.0021076220206615,0.25,0.75,0,FALSE,NA
1015,43,13,"F2",1000,0.5,0.3,14313,"fixed_1",TRUE,337.323,0.900089980382249,0.897840203204483,0.00224977717776598,0.2375,0.7625,0,FALSE,NA
1016,44,13,"F3",1000,0.5,0.3,14413,"fixed_1",TRUE,355.256,0.727469586279477,0.727796659795524,-0.000327073516046994,0.131578947368421,0.368421052631579,0.5,TRUE,NA
1017,45,13,"F1",100,1,0.3,14513,"fixed_1",TRUE,74.721,0.593687338674979,0.521138511799595,0.0725488268753838,0.510526315789474,0.1125,0.376973684210526,TRUE,NA
1018,46,13,"F2",100,1,0.3,14613,"fixed_1",TRUE,82.624,0.746227399915557,0.728257459942689,0.017969939972868,0.225,0.75,0.025,FALSE,NA
1019,47,13,"F3",100,1,0.3,14713,"fixed_1",TRUE,74.118,0.551243483766774,0.58695777174153,-0.0357142879747561,0.0333333333333333,0.333333333333333,0.633333333333333,TRUE,NA
1020,48,13,"F1",300,1,0.3,14813,"fixed_1",TRUE,81.94,0.454732871114673,0.441399659112015,0.0133332120026585,0.4,0.6,0,FALSE,NA
1021,49,13,"F2",300,1,0.3,14913,"fixed_1",TRUE,88.554,0.765512866317231,0.738841817190576,0.0266710491266554,0.2375,0.5125,0.25,TRUE,NA
1022,50,13,"F3",300,1,0.3,15013,"fixed_1",TRUE,88.596,0.381840643993701,0.354872135186357,0.0269685088073449,0.0333333333333333,0.466666666666667,0.5,TRUE,NA
1023,51,13,"F1",1000,1,0.3,15113,"fixed_1",TRUE,358.677,0.429707211116458,0.429707209455392,1.66106595145266e-09,0,1,0,FALSE,NA
1024,52,13,"F2",1000,1,0.3,15213,"fixed_1",TRUE,360.019,0.530615452156019,0.538431445589896,-0.00781599343387729,0.1,0.85,0.05,FALSE,NA
1025,53,13,"F3",1000,1,0.3,15313,"fixed_1",TRUE,346.414,0.505766270417814,0.505766270482606,-6.47913944717970e-11,0,1,0,FALSE,NA
1026,54,13,"F1",100,0.2,0.5,15413,"fixed_1",TRUE,72.566,0.872689831221974,0.896684836968314,-0.0239950057463405,0,0.25,0.75,TRUE,NA
1027,55,13,"F2",100,0.2,0.5,15513,"fixed_1",TRUE,73.871,1.0413797563365,1.0619524658808,-0.0205727095443,0,0.25,0.75,TRUE,NA
1028,56,13,"F3",100,0.2,0.5,15613,"fixed_1",TRUE,76.393,0.692539036020273,0.796616721453481,-0.104077685433208,0,0.166666666666667,0.833333333333333,TRUE,NA
1029,57,13,"F1",300,0.2,0.5,15713,"fixed_1",TRUE,83.806,0.971154335949338,0.956282613831876,0.0148717221174622,0.2,0.05,0.75,TRUE,NA
1030,58,13,"F2",300,0.2,0.5,15813,"fixed_1",TRUE,89.187,0.838561228786528,0.850122901811927,-0.0115616730253991,0.7125,0,0.2875,TRUE,NA
1031,59,13,"F3",300,0.2,0.5,15913,"fixed_1",TRUE,90.596,0.619046769375611,0.613273606569435,0.00577316280617568,0,0.833333333333333,0.166666666666667,TRUE,NA
1032,60,13,"F1",1000,0.2,0.5,16013,"fixed_1",TRUE,273.073,1.03633235660396,1.03633235666805,-6.40916208993758e-11,0,1,0,FALSE,NA
1033,61,13,"F2",1000,0.2,0.5,16113,"fixed_1",TRUE,274.947,0.906365674057182,0.925627113786285,-0.0192614397291029,0.441176470588235,0.25,0.308823529411765,TRUE,NA
1034,62,13,"F3",1000,0.2,0.5,16213,"fixed_1",TRUE,279.43,0.640984549184947,0.609734549096301,0.0312500000886456,0,0.5,0.5,TRUE,NA
1035,63,13,"F1",100,0.5,0.5,16313,"fixed_1",TRUE,89.041,0.957534694891258,0.889282056752735,0.0682526381385229,0.25,0.25,0.5,TRUE,NA
1036,64,13,"F2",100,0.5,0.5,16413,"fixed_1",TRUE,75.878,0.796731043511819,0.748197286383159,0.0485337571286597,0.5,0.25,0.25,TRUE,NA
1037,65,13,"F3",100,0.5,0.5,16513,"fixed_1",TRUE,69.419,0.654337445312409,0.654337446545394,-1.23298449228315e-09,0,0.833333333333333,0.166666666666667,TRUE,NA
1038,66,13,"F1",300,0.5,0.5,16613,"fixed_1",TRUE,83.906,0.865469587590775,0.85252677916441,0.0129428084263649,0,0.6875,0.3125,TRUE,NA
1039,67,13,"F2",300,0.5,0.5,16713,"fixed_1",TRUE,105.768,0.883262292784255,0.817188642982188,0.0660736498020668,0.2,0.3,0.5,TRUE,NA
1040,68,13,"F3",300,0.5,0.5,16813,"fixed_1",TRUE,105.107,0.715837574540149,0.731337846879095,-0.015500272338946,0.131578947368421,0.833333333333333,0.0350877192982456,FALSE,NA
1041,69,13,"F1",1000,0.5,0.5,16913,"fixed_1",TRUE,257.395,0.886207954445778,0.892527283304119,-0.00631932885834086,0.25,0.6875,0.0625,FALSE,NA
1042,70,13,"F2",1000,0.5,0.5,17013,"fixed_1",TRUE,283.206,0.979269777768226,0.978779058232629,0.000490719535596873,0.3,0.65,0.05,FALSE,NA
1043,71,13,"F3",1000,0.5,0.5,17113,"fixed_1",TRUE,275.392,0.704000601259877,0.682762521389832,0.0212380798700451,0,0.475,0.525,TRUE,NA
1044,72,13,"F1",100,1,0.5,17213,"fixed_1",TRUE,69.931,0.681793644315244,0.65401192711435,0.0277817172008933,0.25,0.375,0.375,TRUE,NA
1045,73,13,"F2",100,1,0.5,17313,"fixed_1",TRUE,75.571,0.516359219262136,0.517767700557033,-0.00140848129489712,0.421052631578947,0.5,0.0789473684210526,FALSE,NA
1046,74,13,"F3",100,1,0.5,17413,"fixed_1",TRUE,79.261,0.440248664253962,0.36112853841041,0.0791201258435523,0.0583333333333333,0.270833333333333,0.670833333333333,TRUE,NA
1047,75,13,"F1",300,1,0.5,17513,"fixed_1",TRUE,89.357,0.573837390065892,0.576750882970257,-0.0029134929043646,0,0.9875,0.0125,FALSE,NA
1048,76,13,"F2",300,1,0.5,17613,"fixed_1",TRUE,89.44,0.631591960239596,0.650435966456727,-0.018844006217131,0.25,0.75,0,FALSE,NA
1049,77,13,"F3",300,1,0.5,17713,"fixed_1",TRUE,95.715,0.642292496717274,0.65268627496023,-0.0103937782429556,0.14047619047619,0.726190476190476,0.133333333333333,FALSE,NA
1050,78,13,"F1",1000,1,0.5,17813,"fixed_1",TRUE,289.886,0.5372253016417,0.537176317433842,4.89842078584823e-05,0.15,0.85,0,FALSE,NA
1051,79,13,"F2",1000,1,0.5,17913,"fixed_1",TRUE,260.807,0.668605160449479,0.673186759202282,-0.00458159875280262,0.1875,0.7,0.1125,FALSE,NA
1052,80,13,"F3",1000,1,0.5,18013,"fixed_1",TRUE,262.863,0.492174356671656,0.492174357781636,-1.10998060742773e-09,0,1,0,FALSE,NA
1053,0,14,"F1",100,0.2,0.1,10014,"fixed_1",TRUE,72.021,0.805577303683887,0.785879340965303,0.0196979627185843,0,0,1,TRUE,NA
1054,1,14,"F2",100,0.2,0.1,10114,"fixed_1",TRUE,64.744,0.699061107161648,0.738582280254326,-0.0395211730926774,0,0,1,TRUE,NA
1055,2,14,"F3",100,0.2,0.1,10214,"fixed_1",TRUE,85.41,0.741532598824876,0.763504478291502,-0.0219718794666266,0.166666666666667,0.4,0.433333333333333,TRUE,NA
1056,3,14,"F1",300,0.2,0.1,10314,"fixed_1",TRUE,96.906,0.944044015885843,0.975187548505659,-0.0311435326198161,0.7375,0.2625,0,FALSE,NA
1057,4,14,"F2",300,0.2,0.1,10414,"fixed_1",TRUE,101.248,0.835946238872655,0.863922872127821,-0.027976633255166,0.291666666666667,0.208333333333333,0.5,TRUE,NA
1058,5,14,"F3",300,0.2,0.1,10514,"fixed_1",TRUE,96.086,0.728424718277886,0.727885137610939,0.000539580666947703,0.666666666666667,0.166666666666667,0.166666666666667,TRUE,NA
1059,6,14,"F1",1000,0.2,0.1,10614,"fixed_1",TRUE,475.578,0.885063253286175,0.885063253652445,-3.66270125340407e-10,0,1,0,FALSE,NA
1060,7,14,"F2",1000,0.2,0.1,10714,"fixed_1",TRUE,497.051,0.952528623173605,0.983540294694725,-0.0310116715211195,0.5,0.5,0,FALSE,NA
1061,8,14,"F3",1000,0.2,0.1,10814,"fixed_1",TRUE,513.789,0.713296620482769,0.712832990058414,0.00046363042435571,0.1,0.758333333333333,0.141666666666667,FALSE,NA
1062,9,14,"F1",100,0.5,0.1,10914,"fixed_1",TRUE,80.423,0.771964791530935,0.754971814980866,0.016992976550069,0.75,0.25,0,FALSE,NA
1063,10,14,"F2",100,0.5,0.1,11014,"fixed_1",TRUE,73.736,0.872964767974574,0.897797030146445,-0.0248322621718713,0.5,0.5,0,FALSE,NA
1064,11,14,"F3",100,0.5,0.1,11114,"fixed_1",TRUE,75.124,0.622168670321115,0.726007219411981,-0.103838549090866,0.166666666666667,0.5,0.333333333333333,TRUE,NA
1065,12,14,"F1",300,0.5,0.1,11214,"fixed_1",TRUE,90.965,0.796148268923052,0.799909997053923,-0.00376172813087128,0.607236842105263,0.25,0.142763157894737,FALSE,NA
1066,13,14,"F2",300,0.5,0.1,11314,"fixed_1",TRUE,92.248,0.721370309202943,0.775584739725784,-0.0542144305228407,0.5,0.5,0,FALSE,NA
1067,14,14,"F3",300,0.5,0.1,11414,"fixed_1",TRUE,101.296,0.781057227910567,0.774514805476212,0.00654242243435432,0,0.833333333333333,0.166666666666667,TRUE,NA
1068,15,14,"F1",1000,0.5,0.1,11514,"fixed_1",TRUE,522.142,0.930379930172549,0.928013574226036,0.00236635594651391,0,0.934210526315789,0.0657894736842105,FALSE,NA
1069,16,14,"F2",1000,0.5,0.1,11614,"fixed_1",TRUE,480.147,0.793834591587997,0.824401465417328,-0.0305668738293314,0.75,0.25,0,FALSE,NA
1070,17,14,"F3",1000,0.5,0.1,11714,"fixed_1",TRUE,511.623,0.626245598816197,0.60850777535485,0.0177378234613472,0.0625,0.552083333333333,0.385416666666667,TRUE,NA
1071,18,14,"F1",100,1,0.1,11814,"fixed_1",TRUE,78.524,0.382736762487788,0.413824918951714,-0.0310881564639264,0.25,0.75,0,FALSE,NA
1072,19,14,"F2",100,1,0.1,11914,"fixed_1",TRUE,80.32,0.563100689772109,0.640425053961001,-0.0773243641888913,0.3875,0.575,0.0375,FALSE,NA
1073,20,14,"F3",100,1,0.1,12014,"fixed_1",TRUE,88.126,0.461880800184764,0.486814286975113,-0.0249334867903491,0.0833333333333333,0.883333333333333,0.0333333333333333,FALSE,NA
1074,21,14,"F1",300,1,0.1,12114,"fixed_1",TRUE,97.094,0.47967265792679,0.47906575302448,0.000606904902309857,0.225,0.75,0.025,FALSE,NA
1075,22,14,"F2",300,1,0.1,12214,"fixed_1",TRUE,90.756,0.522993055282513,0.53767096324864,-0.0146779079661269,0.125,0.825,0.05,FALSE,NA
1076,23,14,"F3",300,1,0.1,12314,"fixed_1",TRUE,107.011,0.456163063369917,0.468782585968615,-0.0126195225986979,0.116666666666667,0.865789473684211,0.0175438596491228,FALSE,NA
1077,24,14,"F1",1000,1,0.1,12414,"fixed_1",TRUE,542.842,0.383259534626437,0.385454923180867,-0.00219538855443052,0.25,0.75,0,FALSE,NA
1078,25,14,"F2",1000,1,0.1,12514,"fixed_1",TRUE,492.224,0.592763437010055,0.604210163505704,-0.0114467264956484,0.25,0.6875,0.0625,FALSE,NA
1079,26,14,"F3",1000,1,0.1,12614,"fixed_1",TRUE,467.675,0.503120647882766,0.503120647608156,2.74610667538866e-10,0,1,0,FALSE,NA
1080,27,14,"F1",100,0.2,0.3,12714,"fixed_1",TRUE,75.997,0.904297967608393,0.876711530081356,0.027586437527037,0,0.5,0.5,TRUE,NA
1081,28,14,"F2",100,0.2,0.3,12814,"fixed_1",TRUE,79.054,0.920325037248543,0.927766522024179,-0.00744148477563567,0.25,0.5,0.25,TRUE,NA
1082,29,14,"F3",100,0.2,0.3,12914,"fixed_1",TRUE,77.121,0.656495584042048,0.562687038512594,0.0938085455294542,0.166666666666667,0.166666666666667,0.666666666666667,TRUE,NA
1083,30,14,"F1",300,0.2,0.3,13014,"fixed_1",TRUE,98.937,0.861706494300261,0.871407366710222,-0.00970087240996143,0.25,0.75,0,FALSE,NA
1084,31,14,"F2",300,0.2,0.3,13114,"fixed_1",TRUE,91.31,0.779051036115741,0.760408092842785,0.0186429432729562,0.25,0.25,0.5,TRUE,NA
1085,32,14,"F3",300,0.2,0.3,13214,"fixed_1",TRUE,94.33,0.767368305076431,0.726411132078519,0.0409571729979114,0.166666666666667,0.166666666666667,0.666666666666667,TRUE,NA
1086,33,14,"F1",1000,0.2,0.3,13314,"fixed_1",TRUE,355.337,0.878363257229646,0.878363257192261,3.73853170643201e-11,0,1,0,FALSE,NA
1087,34,14,"F2",1000,0.2,0.3,13414,"fixed_1",TRUE,343.991,0.924521076954503,0.957491658403056,-0.0329705814485535,0.5,0.5,0,FALSE,NA
1088,35,14,"F3",1000,0.2,0.3,13514,"fixed_1",TRUE,341.049,0.735756791567658,0.733026548070097,0.00273024349756179,0.075,0.425,0.5,TRUE,NA
1089,36,14,"F1",100,0.5,0.3,13614,"fixed_1",TRUE,82.588,0.991208019618396,0.991208015690546,3.92784982317096e-09,0,1,0,FALSE,NA
1090,37,14,"F2",100,0.5,0.3,13714,"fixed_1",TRUE,75.441,1.04193398491471,1.07624417664689,-0.0343101917321853,0.402777777777778,0.347222222222222,0.25,TRUE,NA
1091,38,14,"F3",100,0.5,0.3,13814,"fixed_1",TRUE,72.986,0.754634559925528,0.625867935623915,0.128766624301612,0.166666666666667,0,0.833333333333333,TRUE,NA
1092,39,14,"F1",300,0.5,0.3,13914,"fixed_1",TRUE,91.632,0.856617753439939,0.850419109000122,0.00619864443981732,0.0375,0.7125,0.25,TRUE,NA
1093,40,14,"F2",300,0.5,0.3,14014,"fixed_1",TRUE,102.268,0.757866439679231,0.776381296781397,-0.0185148571021653,0.482142857142857,0.5,0.0178571428571429,FALSE,NA
1094,41,14,"F3",300,0.5,0.3,14114,"fixed_1",TRUE,90.448,0.562310354929134,0.552694970761363,0.00961538416777041,0,0.777777777777778,0.222222222222222,FALSE,NA
1095,42,14,"F1",1000,0.5,0.3,14214,"fixed_1",TRUE,348.594,0.880445905805918,0.880445905931416,-1.25497723324486e-10,0,1,0,FALSE,NA
1096,43,14,"F2",1000,0.5,0.3,14314,"fixed_1",TRUE,357.559,0.874354217527062,0.909275237020463,-0.0349210194934001,0.722222222222222,0.25,0.0277777777777778,FALSE,NA
1097,44,14,"F3",1000,0.5,0.3,14414,"fixed_1",TRUE,353.132,0.646452560116573,0.643119226454786,0.00333333366178712,0.0916666666666667,0.908333333333333,0,FALSE,NA
1098,45,14,"F1",100,1,0.3,14514,"fixed_1",TRUE,79.924,0.749787465567819,0.724152171502861,0.0256352940649577,0.3625,0.6,0.0375,FALSE,NA
1099,46,14,"F2",100,1,0.3,14614,"fixed_1",TRUE,73.782,0.581467235456554,0.658685285286851,-0.0772180498302973,0.655555555555556,0.275,0.0694444444444444,FALSE,NA
1100,47,14,"F3",100,1,0.3,14714,"fixed_1",TRUE,76.106,0.784025343918446,0.68339278877928,0.100632555139166,0,0.625,0.375,TRUE,NA
1101,48,14,"F1",300,1,0.3,14814,"fixed_1",TRUE,92.879,0.402752639185156,0.404995591933638,-0.00224295274848174,0,0.947368421052632,0.0526315789473684,FALSE,NA
1102,49,14,"F2",300,1,0.3,14914,"fixed_1",TRUE,90.868,0.748990117886248,0.796966966408007,-0.0479768485217585,0.560526315789474,0.15,0.289473684210526,TRUE,NA
1103,50,14,"F3",300,1,0.3,15014,"fixed_1",TRUE,93.134,0.598942614944352,0.591928265038108,0.0070143499062445,0.141666666666667,0.858333333333333,0,FALSE,NA
1104,51,14,"F1",1000,1,0.3,15114,"fixed_1",TRUE,339.808,0.429751904616326,0.429751904925723,-3.09397507614051e-10,0,1,0,FALSE,NA
1105,52,14,"F2",1000,1,0.3,15214,"fixed_1",TRUE,344.569,0.515951228817473,0.53014114468313,-0.0141899158656577,0.25,0.7,0.05,FALSE,NA
1106,53,14,"F3",1000,1,0.3,15314,"fixed_1",TRUE,367.675,0.41543597310533,0.418265181662579,-0.00282920855724916,0,0.991228070175439,0.0087719298245614,FALSE,NA
1107,54,14,"F1",100,0.2,0.5,15414,"fixed_1",TRUE,78.212,0.862267012929665,0.872329573310416,-0.0100625603807506,0.25,0,0.75,TRUE,NA
1108,55,14,"F2",100,0.2,0.5,15514,"fixed_1",TRUE,73.571,0.955775597740676,0.983821617576727,-0.0280460198360513,0,0.25,0.75,TRUE,NA
1109,56,14,"F3",100,0.2,0.5,15614,"fixed_1",TRUE,76.45,0.886374147049061,0.886797694394929,-0.000423547345868469,0,0.166666666666667,0.833333333333333,TRUE,NA
1110,57,14,"F1",300,0.2,0.5,15714,"fixed_1",TRUE,86.837,1.07612686407792,1.09137904253369,-0.0152521784557649,0.5,0.25,0.25,TRUE,NA
1111,58,14,"F2",300,0.2,0.5,15814,"fixed_1",TRUE,95.813,1.08364714705508,1.11418184932627,-0.0305347022711948,0.25,0,0.75,TRUE,NA
1112,59,14,"F3",300,0.2,0.5,15914,"fixed_1",TRUE,102.46,0.799309949332525,0.780806741944428,0.018503207388097,0,0.166666666666667,0.833333333333333,TRUE,NA
1113,60,14,"F1",1000,0.2,0.5,16014,"fixed_1",TRUE,280.227,1.01283711116429,1.00359103639206,0.00924607477222517,0,0.8875,0.1125,FALSE,NA
1114,61,14,"F2",1000,0.2,0.5,16114,"fixed_1",TRUE,269.057,0.940002648439315,0.981888368124234,-0.0418857196849184,0.966666666666667,0,0.0333333333333333,FALSE,NA
1115,62,14,"F3",1000,0.2,0.5,16214,"fixed_1",TRUE,254.842,0.782899283242545,0.79228756658552,-0.00938828334297537,0,0.477777777777778,0.522222222222222,TRUE,NA
1116,63,14,"F1",100,0.5,0.5,16314,"fixed_1",TRUE,76.35,0.751310547449761,0.751310546143922,1.3058392145382e-09,0,1,0,FALSE,NA
1117,64,14,"F2",100,0.5,0.5,16414,"fixed_1",TRUE,77.59,0.732581233425613,0.780020627887439,-0.0474393944618251,0.390625,0,0.609375,TRUE,NA
1118,65,14,"F3",100,0.5,0.5,16514,"fixed_1",TRUE,76.518,0.80520741323874,0.689724528545779,0.115482884692961,0,0.333333333333333,0.666666666666667,TRUE,NA
1119,66,14,"F1",300,0.5,0.5,16614,"fixed_1",TRUE,93.753,0.783598353174807,0.783598354360422,-1.18561516160298e-09,0,1,0,FALSE,NA
1120,67,14,"F2",300,0.5,0.5,16714,"fixed_1",TRUE,97.576,0.894488144152934,0.929698301187751,-0.0352101570348174,0.25,0.5,0.25,TRUE,NA
1121,68,14,"F3",300,0.5,0.5,16814,"fixed_1",TRUE,91.891,0.62121259631658,0.621212594438032,1.8785484279249e-09,0,1,0,FALSE,NA
1122,69,14,"F1",1000,0.5,0.5,16914,"fixed_1",TRUE,279.592,0.845089995651596,0.830065113827571,0.0150248818240246,0,0.826388888888889,0.173611111111111,FALSE,NA
1123,70,14,"F2",1000,0.5,0.5,17014,"fixed_1",TRUE,268.659,0.871340509874101,0.893425294210428,-0.0220847843363275,0.625,0.375,0,FALSE,NA
1124,71,14,"F3",1000,0.5,0.5,17114,"fixed_1",TRUE,290.388,0.639835199338013,0.631643921075854,0.00819127826215971,0.0583333333333333,0.850980392156863,0.0906862745098039,FALSE,NA
1125,72,14,"F1",100,1,0.5,17214,"fixed_1",TRUE,76.652,0.891641093215954,0.823306054761986,0.0683350384539687,0.4875,0.5,0.0125,FALSE,NA
1126,73,14,"F2",100,1,0.5,17314,"fixed_1",TRUE,76.855,0.761962492426033,0.752708107705239,0.00925438472079398,0.223684210526316,0.75,0.0263157894736842,FALSE,NA
1127,74,14,"F3",100,1,0.5,17414,"fixed_1",TRUE,80.65,0.446590952492894,0.456318965516693,-0.00972801302379844,0.108333333333333,0.833333333333333,0.0583333333333333,FALSE,NA
1128,75,14,"F1",300,1,0.5,17514,"fixed_1",TRUE,101.058,0.531609022661492,0.527115847514929,0.00449317514656333,0.1875,0.775,0.0375,FALSE,NA
1129,76,14,"F2",300,1,0.5,17614,"fixed_1",TRUE,90.401,0.738004999386648,0.738005001604524,-2.21787599397061e-09,0,1,0,FALSE,NA
1130,77,14,"F3",300,1,0.5,17714,"fixed_1",TRUE,95.878,0.521331130313526,0.504664465666085,0.016666664647441,0,0.5,0.5,TRUE,NA
1131,78,14,"F1",1000,1,0.5,17814,"fixed_1",TRUE,267.352,0.49235270783023,0.490665882995557,0.00168682483467286,0.125,0.8125,0.0625,FALSE,NA
1132,79,14,"F2",1000,1,0.5,17914,"fixed_1",TRUE,254.232,0.603409463134506,0.595126588742623,0.0082828743918838,0.0875,0.8625,0.05,FALSE,NA
1133,80,14,"F3",1000,1,0.5,18014,"fixed_1",TRUE,269.12,0.540445744427792,0.537865342454544,0.00258040197324783,0.125,0.816666666666667,0.0583333333333333,FALSE,NA
1134,0,15,"F1",100,0.2,0.1,10015,"fixed_1",TRUE,78.189,0.876605843353068,0.882102403910837,-0.0054965605577687,0.1,0.4,0.5,TRUE,NA
1135,1,15,"F2",100,0.2,0.1,10115,"fixed_1",TRUE,72.144,0.913725763896777,1.08270066042055,-0.16897489652377,0.6625,0,0.3375,TRUE,NA
1136,2,15,"F3",100,0.2,0.1,10215,"fixed_1",TRUE,86.881,0.72535168469628,0.738261425310583,-0.0129097406143036,0,0.333333333333333,0.666666666666667,TRUE,NA
1137,3,15,"F1",300,0.2,0.1,10315,"fixed_1",TRUE,99.311,1.00236870439453,0.995632039769518,0.00673666462501421,0.25,0.25,0.5,TRUE,NA
1138,4,15,"F2",300,0.2,0.1,10415,"fixed_1",TRUE,94.236,1.08939523296634,1.11187343549842,-0.0224782025320809,0,0.5,0.5,TRUE,NA
1139,5,15,"F3",300,0.2,0.1,10515,"fixed_1",TRUE,97.786,0.729772453196232,0.691834349924323,0.0379381032719095,0,0.283333333333333,0.716666666666667,TRUE,NA
1140,6,15,"F1",1000,0.2,0.1,10615,"fixed_1",TRUE,464.622,0.918023062957788,0.902573829583479,0.0154492333743094,0,0.75,0.25,TRUE,NA
1141,7,15,"F2",1000,0.2,0.1,10715,"fixed_1",TRUE,475.289,0.935589338749772,0.96569189678874,-0.0301025580389673,0.5,0.5,0,FALSE,NA
1142,8,15,"F3",1000,0.2,0.1,10815,"fixed_1",TRUE,488.049,0.757571090376141,0.76886205163602,-0.0112909612598785,0.333333333333333,0.108333333333333,0.558333333333333,TRUE,NA
1143,9,15,"F1",100,0.5,0.1,10915,"fixed_1",TRUE,79.306,0.880512506484593,0.880512505499428,9.85165060640725e-10,0,1,0,FALSE,NA
1144,10,15,"F2",100,0.5,0.1,11015,"fixed_1",TRUE,75.255,0.807094786007872,0.876662900663699,-0.0695681146558276,0.4125,0.25,0.3375,TRUE,NA
1145,11,15,"F3",100,0.5,0.1,11115,"fixed_1",TRUE,79.542,0.731766195751112,0.691750408134768,0.0400157876163446,0.166666666666667,0.166666666666667,0.666666666666667,TRUE,NA
1146,12,15,"F1",300,0.5,0.1,11215,"fixed_1",TRUE,99.666,0.839557653201871,0.868485616693906,-0.0289279634920353,0.25,0.7125,0.0375,FALSE,NA
1147,13,15,"F2",300,0.5,0.1,11315,"fixed_1",TRUE,97.078,0.903573349379904,0.959244306546841,-0.0556709571669373,0.75,0.25,0,FALSE,NA
1148,14,15,"F3",300,0.5,0.1,11415,"fixed_1",TRUE,101.516,0.754733239119541,0.692876997731167,0.0618562413883736,0.166666666666667,0.166666666666667,0.666666666666667,TRUE,NA
1149,15,15,"F1",1000,0.5,0.1,11515,"fixed_1",TRUE,466.799,0.797909804464011,0.797909804901592,-4.37580527368198e-10,0,1,0,FALSE,NA
1150,16,15,"F2",1000,0.5,0.1,11615,"fixed_1",TRUE,495.3,0.923205347875959,0.952881664138766,-0.0296763162628071,0.85,0.1375,0.0125,FALSE,NA
1151,17,15,"F3",1000,0.5,0.1,11715,"fixed_1",TRUE,465.258,0.676148249243328,0.657798478487263,0.0183497707560643,0.12037037037037,0.712962962962963,0.166666666666667,TRUE,NA
1152,18,15,"F1",100,1,0.1,11815,"fixed_1",TRUE,75.388,0.523246277685787,0.56339545459011,-0.0401491769043228,0,0.9125,0.0875,FALSE,NA
1153,19,15,"F2",100,1,0.1,11915,"fixed_1",TRUE,69.884,0.469763661931381,0.480286958107274,-0.0105232961758932,0.3625,0.6375,0,FALSE,NA
1154,20,15,"F3",100,1,0.1,12015,"fixed_1",TRUE,81.688,0.470577163056765,0.376827161876541,0.0937500011802236,0,0.5,0.5,TRUE,NA
1155,21,15,"F1",300,1,0.1,12115,"fixed_1",TRUE,98.537,0.420503747841067,0.425664763694964,-0.00516101585389711,0.15,0.85,0,FALSE,NA
1156,22,15,"F2",300,1,0.1,12215,"fixed_1",TRUE,100.041,0.529789526332718,0.551544933136723,-0.021755406804005,0.411842105263158,0.575,0.0131578947368421,FALSE,NA
1157,23,15,"F3",300,1,0.1,12315,"fixed_1",TRUE,93.406,0.556217237885586,0.574780617322608,-0.0185633794370217,0,0.833333333333333,0.166666666666667,TRUE,NA
1158,24,15,"F1",1000,1,0.1,12415,"fixed_1",TRUE,481.253,0.387240242790213,0.386984818095716,0.00025542469449702,0.1625,0.8375,0,FALSE,NA
1159,25,15,"F2",1000,1,0.1,12515,"fixed_1",TRUE,535.795,0.451767158979082,0.475386102932898,-0.0236189439538158,0.440277777777778,0.519444444444444,0.0402777777777778,FALSE,NA
1160,26,15,"F3",1000,1,0.1,12615,"fixed_1",TRUE,454.093,0.415381905435019,0.41538190601495,-5.79930325983469e-10,0,1,0,FALSE,NA
1161,27,15,"F1",100,0.2,0.3,12715,"fixed_1",TRUE,79.116,0.876903994054989,0.953496689369103,-0.0765926953141145,0.25,0.5,0.25,TRUE,NA
1162,28,15,"F2",100,0.2,0.3,12815,"fixed_1",TRUE,75.914,1.02579994102315,1.02579994023963,7.83518583347131e-10,0,1,0,FALSE,NA
1163,29,15,"F3",100,0.2,0.3,12915,"fixed_1",TRUE,73.611,0.600865924148232,0.677539271088248,-0.0766733469400155,0,0,1,TRUE,NA
1164,30,15,"F1",300,0.2,0.3,13015,"fixed_1",TRUE,92.674,1.07139674897523,1.05497113181862,0.0164256171566057,0,0.5,0.5,TRUE,NA
1165,31,15,"F2",300,0.2,0.3,13115,"fixed_1",TRUE,96.513,0.912773461541763,0.911495847694413,0.00127761384734992,0.291666666666667,0,0.708333333333333,TRUE,NA
1166,32,15,"F3",300,0.2,0.3,13215,"fixed_1",TRUE,98.943,0.765008731074073,0.748923150852958,0.0160855802211154,0,0.383333333333333,0.616666666666667,TRUE,NA
1167,33,15,"F1",1000,0.2,0.3,13315,"fixed_1",TRUE,344.882,0.996188281692936,0.996188281660546,3.23908677657414e-11,0,1,0,FALSE,NA
1168,34,15,"F2",1000,0.2,0.3,13415,"fixed_1",TRUE,376.018,0.918031250411325,0.937566401945494,-0.0195351515341693,0.5,0.25,0.25,TRUE,NA
1169,35,15,"F3",1000,0.2,0.3,13515,"fixed_1",TRUE,360.709,0.672158122328261,0.702713678099594,-0.0305555557713325,0.05,0.675,0.275,FALSE,NA
1170,36,15,"F1",100,0.5,0.3,13615,"fixed_1",TRUE,81.051,0.848198681258108,0.809455426385665,0.0387432548724427,0,0.75,0.25,TRUE,NA
1171,37,15,"F2",100,0.5,0.3,13715,"fixed_1",TRUE,78.997,0.810431466036017,0.819942629664885,-0.00951116362886761,0.270833333333333,0.479166666666667,0.25,TRUE,NA
1172,38,15,"F3",100,0.5,0.3,13815,"fixed_1",TRUE,83.883,0.688902511624651,0.642452656308659,0.046449855315992,0,0,1,TRUE,NA
1173,39,15,"F1",300,0.5,0.3,13915,"fixed_1",TRUE,99.265,0.823734841725814,0.834022085214724,-0.0102872434889107,0.631578947368421,0.2125,0.155921052631579,FALSE,NA
1174,40,15,"F2",300,0.5,0.3,14015,"fixed_1",TRUE,95.161,1.044178179713,1.07713668436368,-0.0329585046506851,0.7,0.125,0.175,FALSE,NA
1175,41,15,"F3",300,0.5,0.3,14115,"fixed_1",TRUE,101.844,0.681551173794776,0.716033931373412,-0.0344827575786356,0,0.5,0.5,TRUE,NA
1176,42,15,"F1",1000,0.5,0.3,14215,"fixed_1",TRUE,361.134,0.802114424725346,0.80642139251442,-0.00430696778907402,0,0.9375,0.0625,FALSE,NA
1177,43,15,"F2",1000,0.5,0.3,14315,"fixed_1",TRUE,366.155,0.854568491795442,0.861071804233357,-0.00650331243791413,0.4875,0.5125,0,FALSE,NA
1178,44,15,"F3",1000,0.5,0.3,14415,"fixed_1",TRUE,338.284,0.659878422419669,0.673759449068516,-0.0138810266488471,0.282456140350877,0.383333333333333,0.334210526315789,FALSE,NA
1179,45,15,"F1",100,1,0.3,14515,"fixed_1",TRUE,79.025,0.603653057453062,0.607019909266716,-0.00336685181365348,0.25,0.75,0,FALSE,NA
1180,46,15,"F2",100,1,0.3,14615,"fixed_1",TRUE,77.969,0.564290045366891,0.564355149961278,-6.5104594386578e-05,0.33125,0.60625,0.0625,FALSE,NA
1181,47,15,"F3",100,1,0.3,14715,"fixed_1",TRUE,82.091,0.521505693835614,0.579729192503617,-0.0582234986680034,0,0.491666666666667,0.508333333333333,TRUE,NA
1182,48,15,"F1",300,1,0.3,14815,"fixed_1",TRUE,85.497,0.529454804860129,0.529454804264609,5.9551985565065e-10,0,1,0,FALSE,NA
1183,49,15,"F2",300,1,0.3,14915,"fixed_1",TRUE,87.697,0.517604582868229,0.527843845046416,-0.0102392621781875,0.375,0.6125,0.0125,FALSE,NA
1184,50,15,"F3",300,1,0.3,15015,"fixed_1",TRUE,99.931,0.453251592309408,0.446723124624302,0.00652846768510584,0.125,0.875,0,FALSE,NA
1185,51,15,"F1",1000,1,0.3,15115,"fixed_1",TRUE,353.085,0.479797350233106,0.478423484975959,0.00137386525714761,0.1375,0.825,0.0375,FALSE,NA
1186,52,15,"F2",1000,1,0.3,15215,"fixed_1",TRUE,374.224,0.57088071349455,0.587676398540855,-0.0167956850463049,0.6625,0.246710526315789,0.0907894736842105,FALSE,NA
1187,53,15,"F3",1000,1,0.3,15315,"fixed_1",TRUE,344.92,0.551972085293875,0.558394023600499,-0.00642193830662441,0.0333333333333333,0.641666666666667,0.325,FALSE,NA
1188,54,15,"F1",100,0.2,0.5,15415,"fixed_1",TRUE,79.182,0.850922300978383,0.85034006298594,0.000582237992443724,0,0.5,0.5,TRUE,NA
1189,55,15,"F2",100,0.2,0.5,15515,"fixed_1",TRUE,81.235,0.775854455834922,0.81657339200177,-0.040718936166848,0,0.30625,0.69375,TRUE,NA
1190,56,15,"F3",100,0.2,0.5,15615,"fixed_1",TRUE,77.391,0.828796872909431,0.710762669800459,0.118034203108972,0,0,1,TRUE,NA
1191,57,15,"F1",300,0.2,0.5,15715,"fixed_1",TRUE,88.673,0.919100051511657,0.914572768731403,0.00452728278025483,0,0.75,0.25,TRUE,NA
1192,58,15,"F2",300,0.2,0.5,15815,"fixed_1",TRUE,89.75,1.00305124682655,1.01959634140719,-0.0165450945806436,0.125,0,0.875,TRUE,NA
1193,59,15,"F3",300,0.2,0.5,15915,"fixed_1",TRUE,94.388,0.691346724360017,0.659574291605164,0.0317724327548523,0,0,1,TRUE,NA
1194,60,15,"F1",1000,0.2,0.5,16015,"fixed_1",TRUE,279.172,0.896537443760114,0.896537443741291,1.88232762710072e-11,0,1,0,FALSE,NA
1195,61,15,"F2",1000,0.2,0.5,16115,"fixed_1",TRUE,259.561,0.973354141235147,1.000406515558,-0.0270523743228578,0.75,0,0.25,TRUE,NA
1196,62,15,"F3",1000,0.2,0.5,16215,"fixed_1",TRUE,262.251,0.808389733700349,0.821547628588437,-0.0131578948880879,0,0.5,0.5,TRUE,NA
1197,63,15,"F1",100,0.5,0.5,16315,"fixed_1",TRUE,81.581,0.829829233567904,0.74205035440959,0.0877788791583136,0.5,0,0.5,TRUE,NA
1198,64,15,"F2",100,0.5,0.5,16415,"fixed_1",TRUE,78.434,0.64586719798154,0.672867700017265,-0.0270005020357249,0,0.5,0.5,TRUE,NA
1199,65,15,"F3",100,0.5,0.5,16515,"fixed_1",TRUE,84.663,0.841066081069703,0.779257731104739,0.0618083499649639,0,0.166666666666667,0.833333333333333,TRUE,NA
1200,66,15,"F1",300,0.5,0.5,16615,"fixed_1",TRUE,90.242,0.799541432884711,0.79954143268699,1.97721727879241e-10,0,1,0,FALSE,NA
1201,67,15,"F2",300,0.5,0.5,16715,"fixed_1",TRUE,93.697,0.911013632939557,0.904493600698246,0.00652003224131104,0.486842105263158,0.4375,0.0756578947368421,FALSE,NA
1202,68,15,"F3",300,0.5,0.5,16815,"fixed_1",TRUE,96.785,0.708722572394025,0.718425512149892,-0.00970293975586634,0.166666666666667,0.166666666666667,0.666666666666667,TRUE,NA
1203,69,15,"F1",1000,0.5,0.5,16915,"fixed_1",TRUE,281.497,0.898867185955513,0.898867186564655,-6.09142403185103e-10,0,1,0,FALSE,NA
1204,70,15,"F2",1000,0.5,0.5,17015,"fixed_1",TRUE,267.139,0.845101630450944,0.864054179046483,-0.0189525485955394,0.875,0.125,0,FALSE,NA
1205,71,15,"F3",1000,0.5,0.5,17115,"fixed_1",TRUE,270.131,0.755351725944155,0.699111223082783,0.0562405028613719,0.0833333333333333,0.75,0.166666666666667,TRUE,NA
1206,72,15,"F1",100,1,0.5,17215,"fixed_1",TRUE,73.564,0.73573823092708,0.811632810824981,-0.0758945798979005,0.5,0.4125,0.0875,FALSE,NA
1207,73,15,"F2",100,1,0.5,17315,"fixed_1",TRUE,76.101,0.770567729344603,0.629042355835348,0.141525373509255,0.3625,0.1375,0.5,TRUE,NA
1208,74,15,"F3",100,1,0.5,17415,"fixed_1",TRUE,78.146,0.878286110733875,0.83948680969577,0.0387993010381048,0,0.782608695652174,0.217391304347826,TRUE,NA
1209,75,15,"F1",300,1,0.5,17515,"fixed_1",TRUE,92.387,0.619337032256447,0.619337031709073,5.47373368853243e-10,0,1,0,FALSE,NA
1210,76,15,"F2",300,1,0.5,17615,"fixed_1",TRUE,93.036,0.718258374552451,0.713326317931699,0.00493205662075225,0.25,0.75,0,FALSE,NA
1211,77,15,"F3",300,1,0.5,17715,"fixed_1",TRUE,93.39,0.540316137692977,0.5194828062254,0.0208333314675775,0,0.5,0.5,TRUE,NA
1212,78,15,"F1",1000,1,0.5,17815,"fixed_1",TRUE,280.347,0.499391682582616,0.499391684005403,-1.42278627768277e-09,0,1,0,FALSE,NA
1213,79,15,"F2",1000,1,0.5,17915,"fixed_1",TRUE,271.505,0.730511998776325,0.708952741417203,0.0215592573591222,0.35,0.525,0.125,FALSE,NA
1214,80,15,"F3",1000,1,0.5,18015,"fixed_1",TRUE,277.641,0.517312482577569,0.531408748221287,-0.0140962656437177,0,0.947368421052632,0.0526315789473684,FALSE,NA
1215,0,16,"F1",100,0.2,0.1,10016,"fixed_1",TRUE,80.779,0.832317951847672,0.843027422524057,-0.0107094706763845,0.926470588235294,0.0735294117647059,0,FALSE,NA
1216,1,16,"F2",100,0.2,0.1,10116,"fixed_1",TRUE,76.897,0.835059200856603,0.961005906113307,-0.125946705256704,0.4875,0.0125,0.5,TRUE,NA
1217,2,16,"F3",100,0.2,0.1,10216,"fixed_1",TRUE,78.618,0.768480704050725,0.713265798941737,0.0552149051089882,0.166666666666667,0,0.833333333333333,TRUE,NA
1218,3,16,"F1",300,0.2,0.1,10316,"fixed_1",TRUE,98.634,0.967743463214543,0.946264800145746,0.0214786630687965,0.075,0.675,0.25,TRUE,NA
1219,4,16,"F2",300,0.2,0.1,10416,"fixed_1",TRUE,92.734,0.929355893715907,0.972916718971657,-0.0435608252557493,0.5,0.25,0.25,TRUE,NA
1220,5,16,"F3",300,0.2,0.1,10516,"fixed_1",TRUE,96.567,0.670343580358324,0.708170111862187,-0.0378265315038627,0.266666666666667,0.733333333333333,0,FALSE,NA
1221,6,16,"F1",1000,0.2,0.1,10616,"fixed_1",TRUE,525.639,0.94581176794448,0.959947785171729,-0.0141360172272494,0.325,0.675,0,FALSE,NA
1222,7,16,"F2",1000,0.2,0.1,10716,"fixed_1",TRUE,475.139,0.913131292218392,0.945263128865833,-0.0321318366474411,0.4375,0.5625,0,FALSE,NA
1223,8,16,"F3",1000,0.2,0.1,10816,"fixed_1",TRUE,489.618,0.700494031455381,0.695727087368406,0.00476694408697553,0.0625,0.539583333333333,0.397916666666667,TRUE,NA
1224,9,16,"F1",100,0.5,0.1,10916,"fixed_1",TRUE,76.903,0.843160927420586,0.836639971287238,0.00652095613334713,0.25,0.75,0,FALSE,NA
1225,10,16,"F2",100,0.5,0.1,11016,"fixed_1",TRUE,85.562,0.803782006730924,0.925479917717813,-0.121697910986889,0.5,0,0.5,TRUE,NA
1226,11,16,"F3",100,0.5,0.1,11116,"fixed_1",TRUE,76.012,0.883401563018793,0.859847971477671,0.0235535915411226,0.15,0.358333333333333,0.491666666666667,FALSE,NA
1227,12,16,"F1",300,0.5,0.1,11216,"fixed_1",TRUE,98.947,0.901541305264479,0.904906714813404,-0.00336540954892528,0.1125,0.8875,0,FALSE,NA
1228,13,16,"F2",300,0.5,0.1,11316,"fixed_1",TRUE,101.301,0.897825631023651,0.939661380193716,-0.0418357491700651,0.65,0.325,0.025,FALSE,NA
1229,14,16,"F3",300,0.5,0.1,11416,"fixed_1",TRUE,94.08,0.654051020823017,0.671665840770553,-0.0176148199475356,0.166666666666667,0.333333333333333,0.5,TRUE,NA
1230,15,16,"F1",1000,0.5,0.1,11516,"fixed_1",TRUE,489.085,0.908550293075212,0.91873789365042,-0.0101876005752083,0.2,0.8,0,FALSE,NA
1231,16,16,"F2",1000,0.5,0.1,11616,"fixed_1",TRUE,474.387,0.893385325058406,0.909976616066716,-0.01659129100831,0.486111111111111,0.513888888888889,0,FALSE,NA
1232,17,16,"F3",1000,0.5,0.1,11716,"fixed_1",TRUE,463.274,0.62582104469229,0.625841064369798,-2.00196775079764e-05,0.166666666666667,0.833333333333333,0,FALSE,NA
1233,18,16,"F1",100,1,0.1,11816,"fixed_1",TRUE,81.462,0.586355362877243,0.580584785898654,0.00577057697858896,0.1125,0.75,0.1375,FALSE,NA
1234,19,16,"F2",100,1,0.1,11916,"fixed_1",TRUE,79.997,0.62496793257467,0.627509548740719,-0.00254161616604909,0.3125,0.6625,0.025,FALSE,NA
1235,20,16,"F3",100,1,0.1,12016,"fixed_1",TRUE,81.351,0.484450938278537,0.442784271061861,0.0416666672166758,0,0.5,0.5,TRUE,NA
1236,21,16,"F1",300,1,0.1,12116,"fixed_1",TRUE,90.735,0.47196750357466,0.466894211301537,0.0050732922731237,0.025,0.95,0.025,FALSE,NA
1237,22,16,"F2",300,1,0.1,12216,"fixed_1",TRUE,100.087,0.64508961814791,0.674859734662905,-0.0297701165149954,0.730555555555556,0.2,0.0694444444444444,FALSE,NA
1238,23,16,"F3",300,1,0.1,12316,"fixed_1",TRUE,100.986,0.51068708669079,0.440533377175317,0.0701537095154728,0.166666666666667,0.333333333333333,0.5,TRUE,NA
1239,24,16,"F1",1000,1,0.1,12416,"fixed_1",TRUE,507.331,0.389426557179659,0.391378202650308,-0.00195164547064902,0.0875,0.9125,0,FALSE,NA
1240,25,16,"F2",1000,1,0.1,12516,"fixed_1",TRUE,480.069,0.541442697718382,0.551548889503731,-0.0101061917853482,0.4375,0.5625,0,FALSE,NA
1241,26,16,"F3",1000,1,0.1,12616,"fixed_1",TRUE,512.955,0.433735954341482,0.433735954334712,6.7701400041642e-12,0,1,0,FALSE,NA
1242,27,16,"F1",100,0.2,0.3,12716,"fixed_1",TRUE,74.919,0.858492223939696,0.968781486457778,-0.110289262518082,0.875,0.05,0.075,FALSE,NA
1243,28,16,"F2",100,0.2,0.3,12816,"fixed_1",TRUE,79.856,1.1704652731833,1.18743519160253,-0.0169699184192347,0.25,0.25,0.5,TRUE,NA
1244,29,16,"F3",100,0.2,0.3,12916,"fixed_1",TRUE,77.066,0.805857882571725,0.827849119848471,-0.0219912372767459,0,0.166666666666667,0.833333333333333,TRUE,NA
1245,30,16,"F1",300,0.2,0.3,13016,"fixed_1",TRUE,80.895,0.876845432812684,0.879024754806575,-0.00217932199389059,0.25,0.7375,0.0125,FALSE,NA
1246,31,16,"F2",300,0.2,0.3,13116,"fixed_1",TRUE,88.28,0.943068953355838,0.953886430659996,-0.0108174773041588,0,0.5,0.5,TRUE,NA
1247,32,16,"F3",300,0.2,0.3,13216,"fixed_1",TRUE,94.516,0.850529140478228,0.8342022969415,0.0163268435367283,0,0.637254901960784,0.362745098039216,TRUE,NA
1248,33,16,"F1",1000,0.2,0.3,13316,"fixed_1",TRUE,362.623,0.902304221829677,0.916614389591687,-0.0143101677620097,0.75,0.25,0,FALSE,NA
1249,34,16,"F2",1000,0.2,0.3,13416,"fixed_1",TRUE,355.34,0.848554131597972,0.888074730326112,-0.0395205987281405,0.75,0.25,0,FALSE,NA
1250,35,16,"F3",1000,0.2,0.3,13516,"fixed_1",TRUE,356.308,0.823898440331704,0.823589643823815,0.000308796507889064,0,0.166666666666667,0.833333333333333,TRUE,NA
1251,36,16,"F1",100,0.5,0.3,13616,"fixed_1",TRUE,74.547,1.0095768296276,1.00719420016182,0.00238262946578427,0,0.75,0.25,TRUE,NA
1252,37,16,"F2",100,0.5,0.3,13716,"fixed_1",TRUE,83.091,0.798532086481567,0.811929639795593,-0.0133975533140265,0,0.25,0.75,TRUE,NA
1253,38,16,"F3",100,0.5,0.3,13816,"fixed_1",TRUE,79.359,0.779209965743706,0.705014068687098,0.0741958970566083,0,0.333333333333333,0.666666666666667,TRUE,NA
1254,39,16,"F1",300,0.5,0.3,13916,"fixed_1",TRUE,93.855,0.81142175224245,0.811421747783324,4.45912573532325e-09,0,1,0,FALSE,NA
1255,40,16,"F2",300,0.5,0.3,14016,"fixed_1",TRUE,92.161,0.789469657436664,0.834336305656872,-0.0448666482202077,0.55,0.3625,0.0875,FALSE,NA
1256,41,16,"F3",300,0.5,0.3,14116,"fixed_1",TRUE,90.433,0.497867702844626,0.497867701585991,1.25863502953294e-09,0,1,0,FALSE,NA
1257,42,16,"F1",1000,0.5,0.3,14216,"fixed_1",TRUE,347.529,0.833287430114871,0.828524932916409,0.00476249719846178,0,0.925,0.075,FALSE,NA
1258,43,16,"F2",1000,0.5,0.3,14316,"fixed_1",TRUE,346.336,0.908252638589151,0.929748900642121,-0.0214962620529698,0.25,0.5,0.25,TRUE,NA
1259,44,16,"F3",1000,0.5,0.3,14416,"fixed_1",TRUE,343.367,0.629100208150029,0.637318573154798,-0.00821836500476913,0,0.516666666666667,0.483333333333333,FALSE,NA
1260,45,16,"F1",100,1,0.3,14516,"fixed_1",TRUE,80.01,0.578574432925282,0.657396263237504,-0.0788218303122218,0.528947368421053,0.457894736842105,0.0131578947368421,FALSE,NA
1261,46,16,"F2",100,1,0.3,14616,"fixed_1",TRUE,83.931,0.871071268303187,0.890551572719873,-0.0194803044166855,0.5,0.5,0,FALSE,NA
1262,47,16,"F3",100,1,0.3,14716,"fixed_1",TRUE,81.756,0.653854593568913,0.571396825659269,0.0824577679096437,0.15625,0.333333333333333,0.510416666666667,TRUE,NA
1263,48,16,"F1",300,1,0.3,14816,"fixed_1",TRUE,96.567,0.514544279621441,0.514200272943755,0.000344006677686415,0.1375,0.8375,0.025,FALSE,NA
1264,49,16,"F2",300,1,0.3,14916,"fixed_1",TRUE,92.481,0.514304252085405,0.559975519409545,-0.0456712673241405,0.5,0.342105263157895,0.157894736842105,FALSE,NA
1265,50,16,"F3",300,1,0.3,15016,"fixed_1",TRUE,94.594,0.514640849060628,0.475254328671799,0.0393865203888287,0.0666666666666667,0.414814814814815,0.518518518518518,TRUE,NA
1266,51,16,"F1",1000,1,0.3,15116,"fixed_1",TRUE,372.96,0.35331356708877,0.353313566734722,3.54048179662669e-10,0,1,0,FALSE,NA
1267,52,16,"F2",1000,1,0.3,15216,"fixed_1",TRUE,353.125,0.562068348532597,0.576262596051239,-0.0141942475186422,0.1375,0.8,0.0625,FALSE,NA
1268,53,16,"F3",1000,1,0.3,15316,"fixed_1",TRUE,349.833,0.460776226574773,0.46499101466532,-0.00421478809054726,0.166666666666667,0.833333333333333,0,FALSE,NA
1269,54,16,"F1",100,0.2,0.5,15416,"fixed_1",TRUE,83.47,0.864589110417073,0.937999689174207,-0.0734105787571342,0.5,0.25,0.25,TRUE,NA
1270,55,16,"F2",100,0.2,0.5,15516,"fixed_1",TRUE,79.11,0.991335901070028,1.02191127507815,-0.030575374008126,0,0,1,TRUE,NA
1271,56,16,"F3",100,0.2,0.5,15616,"fixed_1",TRUE,71.155,0.600726996412064,0.651474432070722,-0.0507474356586576,0,0,1,TRUE,NA
1272,57,16,"F1",300,0.2,0.5,15716,"fixed_1",TRUE,89.398,0.872600041926458,0.882894718093319,-0.0102946761668604,0,0.75,0.25,TRUE,NA
1273,58,16,"F2",300,0.2,0.5,15816,"fixed_1",TRUE,91.436,0.837728816949961,0.866563455950145,-0.0288346390001835,0.5,0,0.5,TRUE,NA
1274,59,16,"F3",300,0.2,0.5,15916,"fixed_1",TRUE,97.805,0.65772327408672,0.642992139236546,0.0147311348501749,0.166666666666667,0.166666666666667,0.666666666666667,TRUE,NA
1275,60,16,"F1",1000,0.2,0.5,16016,"fixed_1",TRUE,273.019,0.918013595737124,0.909899172144279,0.00811442359284453,0.1875,0.5625,0.25,TRUE,NA
1276,61,16,"F2",1000,0.2,0.5,16116,"fixed_1",TRUE,261.637,0.884670961995672,0.91352738627635,-0.0288564242806776,0.475,0.25,0.275,TRUE,NA
1277,62,16,"F3",1000,0.2,0.5,16216,"fixed_1",TRUE,289.453,0.750593774035837,0.709176498518367,0.0414172755174708,0.166666666666667,0.166666666666667,0.666666666666667,TRUE,NA
1278,63,16,"F1",100,0.5,0.5,16316,"fixed_1",TRUE,72.109,0.853810304102244,0.795828091503854,0.0579822125983906,0.25,0.0375,0.7125,TRUE,NA
1279,64,16,"F2",100,0.5,0.5,16416,"fixed_1",TRUE,76.376,0.880282778671319,0.89038234895187,-0.0100995702805511,0.102941176470588,0.225,0.672058823529412,TRUE,NA
1280,65,16,"F3",100,0.5,0.5,16516,"fixed_1",TRUE,79.975,0.488386384548106,0.588595228608975,-0.10020884406087,0.25,0.0833333333333333,0.666666666666667,TRUE,NA
1281,66,16,"F1",300,0.5,0.5,16616,"fixed_1",TRUE,96.233,0.923262107321819,0.911417974761334,0.0118441325604846,0.473039215686274,0.468137254901961,0.0588235294117647,FALSE,NA
1282,67,16,"F2",300,0.5,0.5,16716,"fixed_1",TRUE,90.52,0.948751458171333,0.962967152861739,-0.0142156946904064,0,0.5,0.5,TRUE,NA
1283,68,16,"F3",300,0.5,0.5,16816,"fixed_1",TRUE,87.306,0.687860439758092,0.725177079943242,-0.0373166401851494,0.15,0.25,0.6,TRUE,NA
1284,69,16,"F1",1000,0.5,0.5,16916,"fixed_1",TRUE,280.534,0.824998000686011,0.823755798125635,0.00124220256037544,0.1375,0.8625,0,FALSE,NA
1285,70,16,"F2",1000,0.5,0.5,17016,"fixed_1",TRUE,273.853,0.799875226364799,0.800576021758028,-0.000700795393229203,0.5,0.25,0.25,TRUE,NA
1286,71,16,"F3",1000,0.5,0.5,17116,"fixed_1",TRUE,268.08,0.687360080546607,0.666801289683944,0.0205587908626633,0,0.453703703703704,0.546296296296296,TRUE,NA
1287,72,16,"F1",100,1,0.5,17216,"fixed_1",TRUE,78.473,0.557218644735734,0.557218644280605,4.55128934540028e-10,0,1,0,FALSE,NA
1288,73,16,"F2",100,1,0.5,17316,"fixed_1",TRUE,82.087,0.65972095350713,0.633520326747032,0.0262006267600982,0.361111111111111,0.499415204678363,0.139473684210526,FALSE,NA
1289,74,16,"F3",100,1,0.5,17416,"fixed_1",TRUE,84.322,0.52676486235754,0.520524470319783,0.00624039203775795,0.166666666666667,0.166666666666667,0.666666666666667,TRUE,NA
1290,75,16,"F1",300,1,0.5,17516,"fixed_1",TRUE,91.542,0.540184867225162,0.537171163896024,0.00301370332913786,0.348611111111111,0.5875,0.0638888888888889,FALSE,NA
1291,76,16,"F2",300,1,0.5,17616,"fixed_1",TRUE,95.926,0.799741640739477,0.867915222754736,-0.0681735820152589,0.609133126934985,0.2375,0.153366873065015,FALSE,NA
1292,77,16,"F3",300,1,0.5,17716,"fixed_1",TRUE,96.743,0.503615476243765,0.521606660869739,-0.0179911846259737,0.324561403508772,0.666666666666667,0.0087719298245614,FALSE,NA
1293,78,16,"F1",1000,1,0.5,17816,"fixed_1",TRUE,267.164,0.511550303714786,0.509217561870601,0.00233274184418542,0,0.9875,0.0125,FALSE,NA
1294,79,16,"F2",1000,1,0.5,17916,"fixed_1",TRUE,284.958,0.425995547604385,0.425995544845967,2.75841793850873e-09,0,1,0,FALSE,NA
1295,80,16,"F3",1000,1,0.5,18016,"fixed_1",TRUE,268.13,0.405220073801777,0.406769241094763,-0.00154916729298615,0.0833333333333333,0.916666666666667,0,FALSE,NA
1296,0,17,"F1",100,0.2,0.1,10017,"fixed_1",TRUE,85.191,0.961366104912565,1.04165118516241,-0.0802850802498436,0.85625,0.1125,0.03125,FALSE,NA
1297,1,17,"F2",100,0.2,0.1,10117,"fixed_1",TRUE,81.841,1.00223192046658,1.09506075359323,-0.0928288331266489,0.5,0.5,0,FALSE,NA
1298,2,17,"F3",100,0.2,0.1,10217,"fixed_1",TRUE,77.878,0.560884360208729,0.602591363711814,-0.0417070035030853,0.333333333333333,0.666666666666667,0,FALSE,NA
1299,3,17,"F1",300,0.2,0.1,10317,"fixed_1",TRUE,97.855,0.952000981922762,0.960349892264701,-0.00834891034193896,0.5,0.5,0,FALSE,NA
1300,4,17,"F2",300,0.2,0.1,10417,"fixed_1",TRUE,95.15,0.817702929296879,0.89953522314333,-0.0818322938464506,0.75,0.25,0,FALSE,NA
1301,5,17,"F3",300,0.2,0.1,10517,"fixed_1",TRUE,99.915,0.717139295071851,0.739911389048751,-0.0227720939769005,0,0.5,0.5,TRUE,NA
1302,6,17,"F1",1000,0.2,0.1,10617,"fixed_1",TRUE,507.916,0.908697650040448,0.917237635888996,-0.00853998584854776,0.25,0.75,0,FALSE,NA
1303,7,17,"F2",1000,0.2,0.1,10717,"fixed_1",TRUE,471.816,0.894585174055539,0.90000706805736,-0.00542189400182091,0.425,0.575,0,FALSE,NA
1304,8,17,"F3",1000,0.2,0.1,10817,"fixed_1",TRUE,483.47,0.744658648443627,0.752561014029686,-0.00790236558605872,0.158333333333333,0.841666666666667,0,FALSE,NA
1305,9,17,"F1",100,0.5,0.1,10917,"fixed_1",TRUE,79.046,0.835220525074658,0.845505571202643,-0.0102850461279855,0.138888888888889,0.777777777777778,0.0833333333333333,FALSE,NA
1306,10,17,"F2",100,0.5,0.1,11017,"fixed_1",TRUE,80.652,0.611501144261034,0.662902185584218,-0.0514010413231833,0.45,0.116666666666667,0.433333333333333,TRUE,NA
1307,11,17,"F3",100,0.5,0.1,11117,"fixed_1",TRUE,83.505,0.563840396903239,0.469605891932141,0.0942345049710982,0.0555555555555556,0.422222222222222,0.522222222222222,TRUE,NA
1308,12,17,"F1",300,0.5,0.1,11217,"fixed_1",TRUE,98.536,0.73214439655578,0.751329296468547,-0.0191848999127668,0.25,0.732142857142857,0.0178571428571429,FALSE,NA
1309,13,17,"F2",300,0.5,0.1,11317,"fixed_1",TRUE,98.06,0.844984767314143,0.910494169798298,-0.0655094024841549,1,0,0,FALSE,NA
1310,14,17,"F3",300,0.5,0.1,11417,"fixed_1",TRUE,102.851,0.67878549530764,0.622360692920196,0.0564248023874442,0,0.75,0.25,TRUE,NA
1311,15,17,"F1",1000,0.5,0.1,11517,"fixed_1",TRUE,546.528,0.900529089226748,0.90244031845861,-0.00191122923186127,0.25,0.75,0,FALSE,NA
1312,16,17,"F2",1000,0.5,0.1,11617,"fixed_1",TRUE,485.983,0.918833313089014,0.937070208894491,-0.018236895805477,0.25,0.684210526315789,0.0657894736842105,FALSE,NA
1313,17,17,"F3",1000,0.5,0.1,11717,"fixed_1",TRUE,472.1,0.605080097920728,0.614568226450064,-0.00948812852933556,0.105555555555556,0.783333333333333,0.111111111111111,FALSE,NA
1314,18,17,"F1",100,1,0.1,11817,"fixed_1",TRUE,80.664,0.711599930942881,0.694029733486062,0.0175701974568194,0,0.916666666666667,0.0833333333333333,FALSE,NA
1315,19,17,"F2",100,1,0.1,11917,"fixed_1",TRUE,88.233,0.651642044984305,0.679425790342627,-0.0277837453583225,0.204166666666667,0.65,0.145833333333333,FALSE,NA
1316,20,17,"F3",100,1,0.1,12017,"fixed_1",TRUE,84.445,0.447097384167094,0.44709738463245,-4.6535564290906e-10,0,1,0,FALSE,NA
1317,21,17,"F1",300,1,0.1,12117,"fixed_1",TRUE,92.834,0.447798099816396,0.447798100132542,-3.16145443157723e-10,0,1,0,FALSE,NA
1318,22,17,"F2",300,1,0.1,12217,"fixed_1",TRUE,101.633,0.61834275042182,0.619835094613724,-0.00149234419190458,0,0.975,0.025,FALSE,NA
1319,23,17,"F3",300,1,0.1,12317,"fixed_1",TRUE,98.274,0.497234294385488,0.497234294236827,1.48661305487963e-10,0,1,0,FALSE,NA
1320,24,17,"F1",1000,1,0.1,12417,"fixed_1",TRUE,505.387,0.488319487195437,0.491441752033894,-0.0031222648384569,0.197368421052632,0.802631578947368,0,FALSE,NA
1321,25,17,"F2",1000,1,0.1,12517,"fixed_1",TRUE,500.218,0.491219865315817,0.507749943334279,-0.0165300780184618,0.5,0.5,0,FALSE,NA
1322,26,17,"F3",1000,1,0.1,12617,"fixed_1",TRUE,467.372,0.486668960630245,0.486668960097252,5.32992761037576e-10,0,1,0,FALSE,NA
1323,27,17,"F1",100,0.2,0.3,12717,"fixed_1",TRUE,78.861,0.883236862034075,0.945192055740252,-0.0619551937061773,0.5,0.25,0.25,TRUE,NA
1324,28,17,"F2",100,0.2,0.3,12817,"fixed_1",TRUE,77.439,1.17528545212275,1.12711551553419,0.0481699365885595,0.5,0,0.5,TRUE,NA
1325,29,17,"F3",100,0.2,0.3,12917,"fixed_1",TRUE,81.011,0.83318418256689,0.875408176343189,-0.0422239937762987,0,0,1,TRUE,NA
1326,30,17,"F1",300,0.2,0.3,13017,"fixed_1",TRUE,91.203,0.953388230535132,0.952087612970035,0.00130061756509725,0,0.75,0.25,TRUE,NA
1327,31,17,"F2",300,0.2,0.3,13117,"fixed_1",TRUE,96.769,0.855713707478255,0.86303975903798,-0.00732605155972477,0.25,0.25,0.5,TRUE,NA
1328,32,17,"F3",300,0.2,0.3,13217,"fixed_1",TRUE,98.832,0.844491703188341,0.803616950641224,0.0408747525471171,0.166666666666667,0.166666666666667,0.666666666666667,TRUE,NA
1329,33,17,"F1",1000,0.2,0.3,13317,"fixed_1",TRUE,351.575,0.968449235482515,0.97848275399135,-0.0100335185088354,0.5,0.480769230769231,0.0192307692307692,FALSE,NA
1330,34,17,"F2",1000,0.2,0.3,13417,"fixed_1",TRUE,327.777,0.905962193633388,0.947694497233573,-0.0417323036001852,0.75,0,0.25,TRUE,NA
1331,35,17,"F3",1000,0.2,0.3,13517,"fixed_1",TRUE,336.115,0.712924476751662,0.680571536075289,0.0323529406763722,0,0.5,0.5,TRUE,NA
1332,36,17,"F1",100,0.5,0.3,13617,"fixed_1",TRUE,74.558,0.810400391642005,0.812686549214145,-0.00228615757214046,0.4375,0.25,0.3125,TRUE,NA
1333,37,17,"F2",100,0.5,0.3,13717,"fixed_1",TRUE,76.249,0.951719906627285,1.09456715121802,-0.142847244590731,0.253289473684211,0.3125,0.434210526315789,TRUE,NA
1334,38,17,"F3",100,0.5,0.3,13817,"fixed_1",TRUE,81.887,0.664459634201476,0.590543975971947,0.0739156582295292,0,0.166666666666667,0.833333333333333,TRUE,NA
1335,39,17,"F1",300,0.5,0.3,13917,"fixed_1",TRUE,93.328,0.846946009826118,0.846946013121798,-3.29567972912059e-09,0,1,0,FALSE,NA
1336,40,17,"F2",300,0.5,0.3,14017,"fixed_1",TRUE,92.921,0.994827715378046,1.00681670182539,-0.0119889864473488,0.5,0.5,0,FALSE,NA
1337,41,17,"F3",300,0.5,0.3,14117,"fixed_1",TRUE,93.032,0.672907530872519,0.647088623362959,0.0258189075095596,0.0277777777777778,0.398148148148148,0.574074074074074,TRUE,NA
1338,42,17,"F1",1000,0.5,0.3,14217,"fixed_1",TRUE,366.383,0.881349807224364,0.880193912444862,0.00115589477950173,0.45,0.55,0,FALSE,NA
1339,43,17,"F2",1000,0.5,0.3,14317,"fixed_1",TRUE,366.939,0.860894335735989,0.86007372460373,0.000820611132259286,0.4125,0.5875,0,FALSE,NA
1340,44,17,"F3",1000,0.5,0.3,14417,"fixed_1",TRUE,343.262,0.637780079899057,0.637780080442751,-5.43694422816543e-10,0,1,0,FALSE,NA
1341,45,17,"F1",100,1,0.3,14517,"fixed_1",TRUE,77.4,0.595470018284157,0.591020143458547,0.00444987482560943,0.235294117647059,0.725,0.0397058823529412,FALSE,NA
1342,46,17,"F2",100,1,0.3,14617,"fixed_1",TRUE,80.84,1.0409805872804,1.02184395285153,0.0191366344288721,0,0.8625,0.1375,FALSE,NA
1343,47,17,"F3",100,1,0.3,14717,"fixed_1",TRUE,78.289,0.716846461155842,0.547355998448286,0.169490462707556,0,0.333333333333333,0.666666666666667,TRUE,NA
1344,48,17,"F1",300,1,0.3,14817,"fixed_1",TRUE,99.636,0.508024550630128,0.511115332356004,-0.00309078172587574,0.1875,0.7875,0.025,FALSE,NA
1345,49,17,"F2",300,1,0.3,14917,"fixed_1",TRUE,91.14,0.691496556335989,0.709927622710654,-0.0184310663746651,0.458333333333333,0.402777777777778,0.138888888888889,FALSE,NA
1346,50,17,"F3",300,1,0.3,15017,"fixed_1",TRUE,89.399,0.593156739340983,0.554023012028947,0.0391337273120362,0.00833333333333333,0.491666666666667,0.5,TRUE,NA
1347,51,17,"F1",1000,1,0.3,15117,"fixed_1",TRUE,331.243,0.457201189862517,0.455729228012418,0.00147196185009901,0.1125,0.8875,0,FALSE,NA
1348,52,17,"F2",1000,1,0.3,15217,"fixed_1",TRUE,360.996,0.624468551738803,0.645796908084773,-0.0213283563459707,0.419078947368421,0.580921052631579,0,FALSE,NA
1349,53,17,"F3",1000,1,0.3,15317,"fixed_1",TRUE,346.668,0.458596303871886,0.462724239892619,-0.00412793602073347,0,0.975,0.025,FALSE,NA
1350,54,17,"F1",100,0.2,0.5,15417,"fixed_1",TRUE,77.757,0.867859700213898,0.891299176620008,-0.0234394764061093,0.125,0.125,0.75,TRUE,NA
1351,55,17,"F2",100,0.2,0.5,15517,"fixed_1",TRUE,73.803,0.938697916475971,0.973582079149722,-0.0348841626737506,0,0,1,TRUE,NA
1352,56,17,"F3",100,0.2,0.5,15617,"fixed_1",TRUE,77.226,0.778425909320007,0.864343546712408,-0.0859176373924013,0,0.166666666666667,0.833333333333333,TRUE,NA
1353,57,17,"F1",300,0.2,0.5,15717,"fixed_1",TRUE,94.642,0.954269753535135,0.968221058945542,-0.013951305410407,0.25,0.25,0.5,TRUE,NA
1354,58,17,"F2",300,0.2,0.5,15817,"fixed_1",TRUE,86.683,0.863967669864537,0.843366633918816,0.0206010359457208,0.166666666666667,0,0.833333333333333,TRUE,NA
1355,59,17,"F3",300,0.2,0.5,15917,"fixed_1",TRUE,96.48,0.818258661678525,0.800462163155354,0.0177964985231707,0.166666666666667,0.572916666666667,0.260416666666667,TRUE,NA
1356,60,17,"F1",1000,0.2,0.5,16017,"fixed_1",TRUE,275.679,0.999328056164646,0.971368896185575,0.0279591599790706,0,0.416666666666667,0.583333333333333,TRUE,NA
1357,61,17,"F2",1000,0.2,0.5,16117,"fixed_1",TRUE,266.328,1.01531383251749,1.03786087879349,-0.0225470462759969,0.25,0.5,0.25,TRUE,NA
1358,62,17,"F3",1000,0.2,0.5,16217,"fixed_1",TRUE,275.133,0.770274949536633,0.770274949488312,4.83206807899705e-11,0,1,0,FALSE,NA
1359,63,17,"F1",100,0.5,0.5,16317,"fixed_1",TRUE,77.829,0.98980765860795,0.911265101808343,0.0785425567996065,0.447368421052632,0.25,0.302631578947368,TRUE,NA
1360,64,17,"F2",100,0.5,0.5,16417,"fixed_1",TRUE,72.951,0.881455214394063,0.857199419775703,0.02425579461836,0.25,0.25,0.5,TRUE,NA
1361,65,17,"F3",100,0.5,0.5,16517,"fixed_1",TRUE,88.387,0.88001741184263,0.814330893023013,0.0656865188196174,0,0.166666666666667,0.833333333333333,TRUE,NA
1362,66,17,"F1",300,0.5,0.5,16617,"fixed_1",TRUE,93.774,0.866080449344259,0.852861313240959,0.0132191361032999,0.342105263157895,0.379605263157895,0.278289473684211,FALSE,NA
1363,67,17,"F2",300,0.5,0.5,16717,"fixed_1",TRUE,90.424,0.963388823643115,0.960015359998113,0.00337346364500146,0,0.75,0.25,TRUE,NA
1364,68,17,"F3",300,0.5,0.5,16817,"fixed_1",TRUE,90.595,0.699386244706428,0.6277871978726,0.071599046833828,0.166666666666667,0.166666666666667,0.666666666666667,TRUE,NA
1365,69,17,"F1",1000,0.5,0.5,16917,"fixed_1",TRUE,278.515,0.895248399667743,0.889118348953742,0.00613005071400163,0.183333333333333,0.75,0.0666666666666667,FALSE,NA
1366,70,17,"F2",1000,0.5,0.5,17017,"fixed_1",TRUE,254.193,0.920352607503403,0.921631916993396,-0.00127930948999277,0.125,0.84375,0.03125,FALSE,NA
1367,71,17,"F3",1000,0.5,0.5,17117,"fixed_1",TRUE,273.323,0.673259664808127,0.657778768697435,0.0154808961106925,0,0.583333333333333,0.416666666666667,TRUE,NA
1368,72,17,"F1",100,1,0.5,17217,"fixed_1",TRUE,75.34,0.636583704010796,0.644615324356942,-0.00803162034614602,0.4,0.5625,0.0375,FALSE,NA
1369,73,17,"F2",100,1,0.5,17317,"fixed_1",TRUE,85.161,0.798328042699305,0.542085653666784,0.256242389032521,0.275,0.0625,0.6625,TRUE,NA
1370,74,17,"F3",100,1,0.5,17417,"fixed_1",TRUE,82.281,0.433093718019225,0.378796517610682,0.0542972004085435,0.166666666666667,0.125,0.708333333333333,TRUE,NA
1371,75,17,"F1",300,1,0.5,17517,"fixed_1",TRUE,94.895,0.579021706548813,0.579021705592205,9.56608348090526e-10,0,1,0,FALSE,NA
1372,76,17,"F2",300,1,0.5,17617,"fixed_1",TRUE,86.899,0.503918036793167,0.503918039912515,-3.11934822416760e-09,0,1,0,FALSE,NA
1373,77,17,"F3",300,1,0.5,17717,"fixed_1",TRUE,93.944,0.615661161955153,0.564884037671987,0.0507771242831666,0.166666666666667,0.166666666666667,0.666666666666667,TRUE,NA
1374,78,17,"F1",1000,1,0.5,17817,"fixed_1",TRUE,274.71,0.435150526945513,0.435633249155653,-0.000482722210139452,0.1875,0.8125,0,FALSE,NA
1375,79,17,"F2",1000,1,0.5,17917,"fixed_1",TRUE,269.986,0.640280363212569,0.6402803669285,-3.71593100734202e-09,0,1,0,FALSE,NA
1376,80,17,"F3",1000,1,0.5,18017,"fixed_1",TRUE,264.177,0.48085893493665,0.478004425603679,0.00285450933297182,0.0701754385964912,0.921491228070175,0.00833333333333333,FALSE,NA
1377,0,18,"F1",100,0.2,0.1,10018,"fixed_1",TRUE,81.485,0.911629041520103,0.911593425221402,3.56162987009689e-05,0,0.5,0.5,TRUE,NA
1378,1,18,"F2",100,0.2,0.1,10118,"fixed_1",TRUE,79.589,0.782465484275699,0.801204726987405,-0.0187392427117062,0.25,0,0.75,TRUE,NA
1379,2,18,"F3",100,0.2,0.1,10218,"fixed_1",TRUE,81.195,0.616341165503732,0.614869205727279,0.00147195977645265,0,0.166666666666667,0.833333333333333,TRUE,NA
1380,3,18,"F1",300,0.2,0.1,10318,"fixed_1",TRUE,101.61,0.863604554731791,0.877696055644563,-0.0140915009127716,0.3875,0.6125,0,FALSE,NA
1381,4,18,"F2",300,0.2,0.1,10418,"fixed_1",TRUE,97.985,1.01422637570987,0.999770602768227,0.0144557729416428,0,0,1,TRUE,NA
1382,5,18,"F3",300,0.2,0.1,10518,"fixed_1",TRUE,98.454,0.693530834063868,0.674676046368435,0.0188547876954327,0.0916666666666667,0.408333333333333,0.5,TRUE,NA
1383,6,18,"F1",1000,0.2,0.1,10618,"fixed_1",TRUE,515.712,0.878338976529838,0.877001839855739,0.00133713667409974,0.25,0.725,0.025,FALSE,NA
1384,7,18,"F2",1000,0.2,0.1,10718,"fixed_1",TRUE,501.377,0.94308457830692,1.02367232284456,-0.0805877445376422,0.8375,0.1625,0,FALSE,NA
1385,8,18,"F3",1000,0.2,0.1,10818,"fixed_1",TRUE,481.496,0.718617763712924,0.716462591057685,0.00215517265523979,0,0.833333333333333,0.166666666666667,TRUE,NA
1386,9,18,"F1",100,0.5,0.1,10918,"fixed_1",TRUE,79.216,0.81438069659552,0.838580556121846,-0.0241998595263265,0.3,0.45,0.25,TRUE,NA
1387,10,18,"F2",100,0.5,0.1,11018,"fixed_1",TRUE,82.841,1.01040940968879,1.09185349779454,-0.0814440881057534,0.75,0.1875,0.0625,FALSE,NA
1388,11,18,"F3",100,0.5,0.1,11118,"fixed_1",TRUE,83.369,0.842881781220628,0.660965426292694,0.181916354927934,0.216666666666667,0,0.783333333333333,TRUE,NA
1389,12,18,"F1",300,0.5,0.1,11218,"fixed_1",TRUE,93.376,0.918091171693419,0.943846029197852,-0.0257548575044332,0.4375,0.5625,0,FALSE,NA
1390,13,18,"F2",300,0.5,0.1,11318,"fixed_1",TRUE,95.886,1.00190651771911,1.00301806208472,-0.00111154436560912,0.25,0.75,0,FALSE,NA
1391,14,18,"F3",300,0.5,0.1,11418,"fixed_1",TRUE,105.01,0.678270920159945,0.703654616876125,-0.0253836967161808,0.175,0.166666666666667,0.658333333333333,TRUE,NA
1392,15,18,"F1",1000,0.5,0.1,11518,"fixed_1",TRUE,516.613,0.837973457535647,0.835220549236155,0.00275290829949237,0.2,0.8,0,FALSE,NA
1393,16,18,"F2",1000,0.5,0.1,11618,"fixed_1",TRUE,486.245,0.92116200986286,0.949714390320225,-0.028552380457365,0.633333333333333,0.266666666666667,0.1,FALSE,NA
1394,17,18,"F3",1000,0.5,0.1,11718,"fixed_1",TRUE,499.215,0.656795478671144,0.656795478179035,4.92109686334175e-10,0,1,0,FALSE,NA
1395,18,18,"F1",100,1,0.1,11818,"fixed_1",TRUE,77.025,0.5706212953054,0.57564200415969,-0.00502070885429062,0.486111111111111,0.5,0.0138888888888889,FALSE,NA
1396,19,18,"F2",100,1,0.1,11918,"fixed_1",TRUE,77.954,0.69367200311921,0.750645828600256,-0.0569738254810463,0.5,0.25,0.25,TRUE,NA
1397,20,18,"F3",100,1,0.1,12018,"fixed_1",TRUE,81.225,0.593904801984647,0.536212496349959,0.0576923056346873,0,0.842105263157895,0.157894736842105,FALSE,NA
1398,21,18,"F1",300,1,0.1,12118,"fixed_1",TRUE,89.335,0.529161559398448,0.527797235398869,0.00136432399957853,0.311111111111111,0.6375,0.0513888888888889,FALSE,NA
1399,22,18,"F2",300,1,0.1,12218,"fixed_1",TRUE,94.707,0.693073250557788,0.690907081049974,0.00216616950781445,0.409722222222222,0.3875,0.202777777777778,FALSE,NA
1400,23,18,"F3",300,1,0.1,12318,"fixed_1",TRUE,100.051,0.478622728670139,0.403958720107105,0.0746640085630338,0.0583333333333333,0.441666666666667,0.5,TRUE,NA
1401,24,18,"F1",1000,1,0.1,12418,"fixed_1",TRUE,518.762,0.436703327272967,0.436703326086775,1.18619164490852e-09,0,1,0,FALSE,NA
1402,25,18,"F2",1000,1,0.1,12518,"fixed_1",TRUE,475.769,0.553914367175712,0.583391986657102,-0.0294776194813898,0.6125,0.2875,0.1,FALSE,NA
1403,26,18,"F3",1000,1,0.1,12618,"fixed_1",TRUE,517.363,0.48919702080926,0.487646455997299,0.00155056481196086,0.05,0.95,0,FALSE,NA
1404,27,18,"F1",100,0.2,0.3,12718,"fixed_1",TRUE,75.498,0.858946898633007,0.913059406900915,-0.0541125082679079,0,0,1,TRUE,NA
1405,28,18,"F2",100,0.2,0.3,12818,"fixed_1",TRUE,79.174,1.14808102804897,1.14247201619416,0.00560901185481355,0.25,0,0.75,TRUE,NA
1406,29,18,"F3",100,0.2,0.3,12918,"fixed_1",TRUE,81.534,0.65040942500908,0.622902808702599,0.027506616306481,0,0.166666666666667,0.833333333333333,TRUE,NA
1407,30,18,"F1",300,0.2,0.3,13018,"fixed_1",TRUE,95.151,1.00810800532869,1.02382650861575,-0.0157185032870555,0.45,0.325,0.225,FALSE,NA
1408,31,18,"F2",300,0.2,0.3,13118,"fixed_1",TRUE,104.779,0.931430596328813,0.922365964324217,0.00906463200459595,0.5,0.25,0.25,TRUE,NA
1409,32,18,"F3",300,0.2,0.3,13218,"fixed_1",TRUE,93.767,0.696600904420366,0.62105145422659,0.0755494501937767,0,0.333333333333333,0.666666666666667,TRUE,NA
1410,33,18,"F1",1000,0.2,0.3,13318,"fixed_1",TRUE,359.765,0.982966725152702,0.988021097504137,-0.00505437235143524,0.25,0.75,0,FALSE,NA
1411,34,18,"F2",1000,0.2,0.3,13418,"fixed_1",TRUE,344.076,0.9969289299284,1.03481157176718,-0.0378826418387849,0.75,0,0.25,TRUE,NA
1412,35,18,"F3",1000,0.2,0.3,13518,"fixed_1",TRUE,324.331,0.692999502213898,0.703416169066245,-0.0104166668523475,0,0.5,0.5,TRUE,NA
1413,36,18,"F1",100,0.5,0.3,13618,"fixed_1",TRUE,72.762,0.931481961648064,0.937886243384511,-0.0064042817364468,0.5,0,0.5,TRUE,NA
1414,37,18,"F2",100,0.5,0.3,13718,"fixed_1",TRUE,71.635,1.21833841416416,1.26185852973013,-0.0435201155659741,0.75,0.25,0,FALSE,NA
1415,38,18,"F3",100,0.5,0.3,13818,"fixed_1",TRUE,69.724,0.61167782539949,0.612626733837457,-0.00094890843796791,0,0.333333333333333,0.666666666666667,TRUE,NA
1416,39,18,"F1",300,0.5,0.3,13918,"fixed_1",TRUE,87.001,0.939222213803102,0.952710159037207,-0.0134879452341046,0.15,0.85,0,FALSE,NA
1417,40,18,"F2",300,0.5,0.3,14018,"fixed_1",TRUE,91.688,0.818397778957684,0.80349875757568,0.0148990213820042,0.723684210526316,0,0.276315789473684,TRUE,NA
1418,41,18,"F3",300,0.5,0.3,14118,"fixed_1",TRUE,104.285,0.702644630844472,0.672710977823727,0.0299336530207455,0,0.268518518518519,0.731481481481482,TRUE,NA
1419,42,18,"F1",1000,0.5,0.3,14218,"fixed_1",TRUE,359.1,0.914547297465592,0.917546353970593,-0.00299905650500065,0.25,0.75,0,FALSE,NA
1420,43,18,"F2",1000,0.5,0.3,14318,"fixed_1",TRUE,361.012,0.816467998346268,0.819991750108312,-0.00352375176204311,0.0375,0.9625,0,FALSE,NA
1421,44,18,"F3",1000,0.5,0.3,14418,"fixed_1",TRUE,383.861,0.766290372038389,0.767715844237257,-0.00142547219886757,0.166666666666667,0.833333333333333,0,FALSE,NA
1422,45,18,"F1",100,1,0.3,14518,"fixed_1",TRUE,76.05,0.495022345291591,0.495022345209194,8.23975887520589e-11,0,1,0,FALSE,NA
1423,46,18,"F2",100,1,0.3,14618,"fixed_1",TRUE,78.485,0.623890268898378,0.869236813793683,-0.245346544895305,0.725,0.25,0.025,FALSE,NA
1424,47,18,"F3",100,1,0.3,14718,"fixed_1",TRUE,77.922,0.528275002991983,0.554148061813659,-0.0258730588216752,0.166666666666667,0.833333333333333,0,FALSE,NA
1425,48,18,"F1",300,1,0.3,14818,"fixed_1",TRUE,91.548,0.561898647685677,0.567915294572711,-0.0060166468870344,0.175,0.8125,0.0125,FALSE,NA
1426,49,18,"F2",300,1,0.3,14918,"fixed_1",TRUE,92.041,0.600863611978491,0.599541356722454,0.00132225525603702,0.25,0.4625,0.2875,TRUE,NA
1427,50,18,"F3",300,1,0.3,15018,"fixed_1",TRUE,82.015,0.659653648345283,0.64042288041616,0.0192307679291226,0,0.883333333333333,0.116666666666667,FALSE,NA
1428,51,18,"F1",1000,1,0.3,15118,"fixed_1",TRUE,360.818,0.414035577690849,0.421529170241774,-0.0074935925509243,0.3125,0.6875,0,FALSE,NA
1429,52,18,"F2",1000,1,0.3,15218,"fixed_1",TRUE,357.562,0.558531435499581,0.568966188110607,-0.0104347526110253,0.49078947368421,0.469736842105263,0.0394736842105263,FALSE,NA
1430,53,18,"F3",1000,1,0.3,15318,"fixed_1",TRUE,313.276,0.441316378514015,0.434822871657143,0.00649350685687244,0,0.7,0.3,FALSE,NA
1431,54,18,"F1",100,0.2,0.5,15418,"fixed_1",TRUE,87.81,0.876366343306707,0.883862908322381,-0.00749656501567375,0.0375,0.7125,0.25,TRUE,NA
1432,55,18,"F2",100,0.2,0.5,15518,"fixed_1",TRUE,74.247,0.95434812302643,1.04583659350569,-0.0914884704792611,0.425,0.25,0.325,TRUE,NA
1433,56,18,"F3",100,0.2,0.5,15618,"fixed_1",TRUE,82.781,0.530690590839622,0.566151605996379,-0.0354610151567569,0,0.166666666666667,0.833333333333333,TRUE,NA
1434,57,18,"F1",300,0.2,0.5,15718,"fixed_1",TRUE,88.942,1.11113750918905,1.07770176059004,0.0334357485990093,0,0.5,0.5,TRUE,NA
1435,58,18,"F2",300,0.2,0.5,15818,"fixed_1",TRUE,88.701,0.971737914010846,0.967890748414117,0.00384716559672849,0.25,0.75,0,FALSE,NA
1436,59,18,"F3",300,0.2,0.5,15918,"fixed_1",TRUE,106.115,0.626316182021461,0.683134364296926,-0.0568181822754649,0,0.333333333333333,0.666666666666667,TRUE,NA
1437,60,18,"F1",1000,0.2,0.5,16018,"fixed_1",TRUE,264.708,0.978404767708482,0.979050018669697,-0.000645250961214927,0.25,0.725,0.025,FALSE,NA
1438,61,18,"F2",1000,0.2,0.5,16118,"fixed_1",TRUE,249.187,0.985744490845737,1.00006583096372,-0.0143213401179808,0.5875,0.1625,0.25,TRUE,NA
1439,62,18,"F3",1000,0.2,0.5,16218,"fixed_1",TRUE,294.708,0.798493854502233,0.797791240646696,0.000702613855537271,0,0.833333333333333,0.166666666666667,TRUE,NA
1440,63,18,"F1",100,0.5,0.5,16318,"fixed_1",TRUE,76.682,0.991703154954445,1.00948244672879,-0.0177792917743481,0.138888888888889,0.361111111111111,0.5,TRUE,NA
1441,64,18,"F2",100,0.5,0.5,16418,"fixed_1",TRUE,75.406,1.04617808477878,1.06178944233896,-0.0156113575601777,0.25,0.25,0.5,TRUE,NA
1442,65,18,"F3",100,0.5,0.5,16518,"fixed_1",TRUE,80.127,0.655018117190584,0.694304397384188,-0.0392862801936045,0,0,1,TRUE,NA
1443,66,18,"F1",300,0.5,0.5,16618,"fixed_1",TRUE,83.526,0.920271321432679,0.937378148748413,-0.0171068273157338,0.5,0.307692307692308,0.192307692307692,FALSE,NA
1444,67,18,"F2",300,0.5,0.5,16718,"fixed_1",TRUE,88.395,0.810308860360292,0.821863541990011,-0.011554681629719,0.305555555555556,0.540849673202614,0.15359477124183,FALSE,NA
1445,68,18,"F3",300,0.5,0.5,16818,"fixed_1",TRUE,93.04,0.735693128533935,0.754652975988514,-0.0189598474545796,0.258333333333333,0.741666666666667,0,FALSE,NA
1446,69,18,"F1",1000,0.5,0.5,16918,"fixed_1",TRUE,281.951,0.809290203034996,0.809290201474398,1.56059787315144e-09,0,1,0,FALSE,NA
1447,70,18,"F2",1000,0.5,0.5,17018,"fixed_1",TRUE,278.036,0.879599848799438,0.899342545125928,-0.0197426963264903,0.4,0.6,0,FALSE,NA
1448,71,18,"F3",1000,0.5,0.5,17118,"fixed_1",TRUE,263.667,0.621284666904802,0.621482250057307,-0.000197583152504732,0.0916666666666667,0.908333333333333,0,FALSE,NA
1449,72,18,"F1",100,1,0.5,17218,"fixed_1",TRUE,77.549,0.83356909055631,0.682160940602165,0.151408149954144,0.1875,0.49375,0.31875,TRUE,NA
1450,73,18,"F2",100,1,0.5,17318,"fixed_1",TRUE,74.28,0.821743177640008,0.832913811508152,-0.0111706338681441,0,0.5,0.5,TRUE,NA
1451,74,18,"F3",100,1,0.5,17418,"fixed_1",TRUE,82.064,0.54895745891003,0.548957455496468,3.41356209965227e-09,0,0.833333333333333,0.166666666666667,TRUE,NA
1452,75,18,"F1",300,1,0.5,17518,"fixed_1",TRUE,94.349,0.623034719635255,0.626659783444991,-0.00362506380973593,0.3125,0.6875,0,FALSE,NA
1453,76,18,"F2",300,1,0.5,17618,"fixed_1",TRUE,100.288,0.745601883689988,0.752262734804655,-0.00666085111466641,0.245833333333333,0.666666666666667,0.0875,FALSE,NA
1454,77,18,"F3",300,1,0.5,17718,"fixed_1",TRUE,102.409,0.557861778990479,0.545984016522587,0.0118777624678926,0.05,0.433333333333333,0.516666666666667,TRUE,NA
1455,78,18,"F1",1000,1,0.5,17818,"fixed_1",TRUE,274.901,0.556622253657611,0.552262780103343,0.00435947355426825,0.3,0.6625,0.0375,FALSE,NA
1456,79,18,"F2",1000,1,0.5,17918,"fixed_1",TRUE,278.018,0.643250285996471,0.664170596718276,-0.020920310721805,0.25,0.703125,0.046875,FALSE,NA
1457,80,18,"F3",1000,1,0.5,18018,"fixed_1",TRUE,262.511,0.444477144829484,0.435856453949717,0.00862069087976675,0,0.858333333333333,0.141666666666667,FALSE,NA
1458,0,19,"F1",100,0.2,0.1,10019,"fixed_1",TRUE,77.158,1.18235322132741,1.19385030564361,-0.0114970843161979,0,0,1,TRUE,NA
1459,1,19,"F2",100,0.2,0.1,10119,"fixed_1",TRUE,72.862,1.07654253695389,1.0801479988037,-0.0036054618498067,0,0,1,TRUE,NA
1460,2,19,"F3",100,0.2,0.1,10219,"fixed_1",TRUE,73.329,0.721566608245619,0.793443883492608,-0.0718772752469886,0.333333333333333,0,0.666666666666667,TRUE,NA
1461,3,19,"F1",300,0.2,0.1,10319,"fixed_1",TRUE,96.208,0.951862165453489,0.97841956083511,-0.0265573953816213,0.5,0.25,0.25,TRUE,NA
1462,4,19,"F2",300,0.2,0.1,10419,"fixed_1",TRUE,96.656,0.729083346994133,0.805087179502654,-0.0760038325085209,0.75,0.25,0,FALSE,NA
1463,5,19,"F3",300,0.2,0.1,10519,"fixed_1",TRUE,96.499,0.826115684305762,0.837510211736449,-0.0113945274306871,0.166666666666667,0.0595238095238095,0.773809523809524,TRUE,NA
1464,6,19,"F1",1000,0.2,0.1,10619,"fixed_1",TRUE,557.12,0.927988416201983,0.958353415918498,-0.0303649997165146,0.6,0.4,0,FALSE,NA
1465,7,19,"F2",1000,0.2,0.1,10719,"fixed_1",TRUE,463.563,1.00032760110643,1.04227359600525,-0.0419459948988201,0.5,0.4125,0.0875,FALSE,NA
1466,8,19,"F3",1000,0.2,0.1,10819,"fixed_1",TRUE,465.383,0.704164014876735,0.715495283969661,-0.0113312690929256,0.131578947368421,0.368421052631579,0.5,TRUE,NA
1467,9,19,"F1",100,0.5,0.1,10919,"fixed_1",TRUE,76.541,0.839744092452471,0.877507695270877,-0.0377636028184065,0.1,0.9,0,FALSE,NA
1468,10,19,"F2",100,0.5,0.1,11019,"fixed_1",TRUE,78.425,0.805036985150391,1.02793132504435,-0.222894339893957,0.75,0,0.25,TRUE,NA
1469,11,19,"F3",100,0.5,0.1,11119,"fixed_1",TRUE,85.087,0.793753071989792,0.742001194106446,0.0517518778833458,0,0.166666666666667,0.833333333333333,TRUE,NA
1470,12,19,"F1",300,0.5,0.1,11219,"fixed_1",TRUE,96.204,0.895697538943368,0.929973587558407,-0.034276048615039,0.711538461538462,0.225,0.0634615384615385,FALSE,NA
1471,13,19,"F2",300,0.5,0.1,11319,"fixed_1",TRUE,104.665,0.783654069173726,0.811323037654987,-0.027668968481261,0.45,0.5,0.05,FALSE,NA
1472,14,19,"F3",300,0.5,0.1,11419,"fixed_1",TRUE,94.76,0.856504428039495,0.776442605006815,0.0800618230326802,0,0.791666666666667,0.208333333333333,TRUE,NA
1473,15,19,"F1",1000,0.5,0.1,11519,"fixed_1",TRUE,453.974,0.872982547578495,0.872564752983585,0.000417794594910426,0.075,0.925,0,FALSE,NA
1474,16,19,"F2",1000,0.5,0.1,11619,"fixed_1",TRUE,492.184,0.934489064180328,0.961618498659891,-0.0271294344795622,0.5,0.5,0,FALSE,NA
1475,17,19,"F3",1000,0.5,0.1,11719,"fixed_1",TRUE,462.132,0.672530398198457,0.677247379625805,-0.00471698142734778,0,0.96078431372549,0.0392156862745098,FALSE,NA
1476,18,19,"F1",100,1,0.1,11819,"fixed_1",TRUE,77.669,0.553547006939233,0.558879970244846,-0.00533296330561361,0.473684210526316,0.5,0.0263157894736842,FALSE,NA
1477,19,19,"F2",100,1,0.1,11919,"fixed_1",TRUE,76.873,0.531278012402709,0.566907751297769,-0.0356297388950598,0.5875,0.4125,0,FALSE,NA
1478,20,19,"F3",100,1,0.1,12019,"fixed_1",TRUE,80.151,0.678120239874303,0.522143793056311,0.155976446817992,0,0.333333333333333,0.666666666666667,TRUE,NA
1479,21,19,"F1",300,1,0.1,12119,"fixed_1",TRUE,96.474,0.502907276677352,0.522038287980977,-0.0191310113036249,0.4,0.5625,0.0375,FALSE,NA
1480,22,19,"F2",300,1,0.1,12219,"fixed_1",TRUE,98.348,0.56122309465849,0.577842641716362,-0.0166195470578721,0.25,0.75,0,FALSE,NA
1481,23,19,"F3",300,1,0.1,12319,"fixed_1",TRUE,93.438,0.449424862007543,0.449424863873062,-1.86551846192984e-09,0,1,0,FALSE,NA
1482,24,19,"F1",1000,1,0.1,12419,"fixed_1",TRUE,474.807,0.493984958626668,0.493984957890787,7.35881744429179e-10,0,1,0,FALSE,NA
1483,25,19,"F2",1000,1,0.1,12519,"fixed_1",TRUE,473.802,0.583105658110967,0.597155916770515,-0.0140502586595476,0.1625,0.8375,0,FALSE,NA
1484,26,19,"F3",1000,1,0.1,12619,"fixed_1",TRUE,482.128,0.387994810806142,0.387994811088751,-2.82609102786324e-10,0,1,0,FALSE,NA
1485,27,19,"F1",100,0.2,0.3,12719,"fixed_1",TRUE,81.497,1.0190170298118,1.0496703953351,-0.0306533655232952,0,0,1,TRUE,NA
1486,28,19,"F2",100,0.2,0.3,12819,"fixed_1",TRUE,75.505,0.72667631486391,0.78061886771152,-0.0539425528476095,0.2375,0.25,0.5125,TRUE,NA
1487,29,19,"F3",100,0.2,0.3,12919,"fixed_1",TRUE,78.517,0.688505138083161,0.713256696350178,-0.0247515582670176,0,0.5,0.5,TRUE,NA
1488,30,19,"F1",300,0.2,0.3,13019,"fixed_1",TRUE,96.215,0.919370397791367,0.94540409936032,-0.0260337015689531,0.75,0,0.25,TRUE,NA
1489,31,19,"F2",300,0.2,0.3,13119,"fixed_1",TRUE,100.08,0.771129411871246,0.808566535945568,-0.0374371240743222,0.5,0.5,0,FALSE,NA
1490,32,19,"F3",300,0.2,0.3,13219,"fixed_1",TRUE,90.501,0.649430181253877,0.673842883273618,-0.024412702019741,0.333333333333333,0.666666666666667,0,FALSE,NA
1491,33,19,"F1",1000,0.2,0.3,13319,"fixed_1",TRUE,395.213,0.926178502642005,0.91928456521259,0.00689393742941524,0,0.9125,0.0875,FALSE,NA
1492,34,19,"F2",1000,0.2,0.3,13419,"fixed_1",TRUE,344.127,0.971000458344673,1.01877319676528,-0.0477727384206111,0.65,0.35,0,FALSE,NA
1493,35,19,"F3",1000,0.2,0.3,13519,"fixed_1",TRUE,375.048,0.736420972300257,0.712622161100487,0.0237988111997699,0.166666666666667,0.333333333333333,0.5,TRUE,NA
1494,36,19,"F1",100,0.5,0.3,13619,"fixed_1",TRUE,72.857,1.05892437381125,1.01971187125716,0.0392125025540868,0.25,0.5,0.25,TRUE,NA
1495,37,19,"F2",100,0.5,0.3,13719,"fixed_1",TRUE,74.858,1.0817230272632,1.10573668648441,-0.0240136592212121,0.5375,0,0.4625,TRUE,NA
1496,38,19,"F3",100,0.5,0.3,13819,"fixed_1",TRUE,74.447,0.648670870751971,0.655019203824472,-0.0063483330725016,0.333333333333333,0.25,0.416666666666667,TRUE,NA
1497,39,19,"F1",300,0.5,0.3,13919,"fixed_1",TRUE,94.03,0.866656188847467,0.869279638018906,-0.00262344917143831,0.25,0.75,0,FALSE,NA
1498,40,19,"F2",300,0.5,0.3,14019,"fixed_1",TRUE,87.759,0.927485964755687,0.96403939756517,-0.0365534328094833,0.644736842105263,0.25,0.105263157894737,FALSE,NA
1499,41,19,"F3",300,0.5,0.3,14119,"fixed_1",TRUE,96.546,0.558515733682246,0.546944782597911,0.0115709510843353,0.05,0.783333333333333,0.166666666666667,TRUE,NA
1500,42,19,"F1",1000,0.5,0.3,14219,"fixed_1",TRUE,381.816,0.875282565998551,0.875282565897292,1.01259112206264e-10,0,1,0,FALSE,NA
1501,43,19,"F2",1000,0.5,0.3,14319,"fixed_1",TRUE,327.89,0.882132998444804,0.880324012493466,0.00180898595133772,0,0.9375,0.0625,FALSE,NA
1502,44,19,"F3",1000,0.5,0.3,14419,"fixed_1",TRUE,334.296,0.623233387111217,0.623233386714247,3.96970678551156e-10,0,1,0,FALSE,NA
1503,45,19,"F1",100,1,0.3,14519,"fixed_1",TRUE,74.6,0.5710743627096,0.561261660199966,0.00981270250963384,0.184210526315789,0.75,0.0657894736842105,FALSE,NA
1504,46,19,"F2",100,1,0.3,14619,"fixed_1",TRUE,83.823,0.461154457043307,0.491221546024867,-0.0300670889815599,0,0.825,0.175,FALSE,NA
1505,47,19,"F3",100,1,0.3,14719,"fixed_1",TRUE,72.513,0.473794870694656,0.351171356827203,0.122623513867453,0.025,0.808333333333333,0.166666666666667,TRUE,NA
1506,48,19,"F1",300,1,0.3,14819,"fixed_1",TRUE,86.406,0.562863818724064,0.567601678368981,-0.00473785964491713,0.1875,0.8125,0,FALSE,NA
1507,49,19,"F2",300,1,0.3,14919,"fixed_1",TRUE,89.085,0.522956031705641,0.521782039493173,0.00117399221246839,0.4625,0.45,0.0875,FALSE,NA
1508,50,19,"F3",300,1,0.3,15019,"fixed_1",TRUE,87.219,0.567736694336834,0.513749923979951,0.0539867703568828,0,0.491666666666667,0.508333333333333,TRUE,NA
1509,51,19,"F1",1000,1,0.3,15119,"fixed_1",TRUE,354.229,0.514035998907636,0.514036000912616,-2.0049802929023e-09,0,1,0,FALSE,NA
1510,52,19,"F2",1000,1,0.3,15219,"fixed_1",TRUE,358.026,0.586823251408875,0.599957043736927,-0.0131337923280519,0.1,0.8625,0.0375,FALSE,NA
1511,53,19,"F3",1000,1,0.3,15319,"fixed_1",TRUE,339.755,0.396275435177173,0.396061125015929,0.000214310161243958,0.15,0.375,0.475,FALSE,NA
1512,54,19,"F1",100,0.2,0.5,15419,"fixed_1",TRUE,78.615,0.944076555017501,0.952415218357144,-0.00833866333964373,0,0.25,0.75,TRUE,NA
1513,55,19,"F2",100,0.2,0.5,15519,"fixed_1",TRUE,86.794,0.979956875206766,0.995560212280563,-0.0156033370737971,0.25,0.75,0,FALSE,NA
1514,56,19,"F3",100,0.2,0.5,15619,"fixed_1",TRUE,80.955,0.642700858211864,0.593933870231403,0.0487669879804613,0,0,1,TRUE,NA
1515,57,19,"F1",300,0.2,0.5,15719,"fixed_1",TRUE,86.044,0.773488761773922,0.783451494566612,-0.00996273279268933,0.430555555555556,0.5,0.0694444444444444,FALSE,NA
1516,58,19,"F2",300,0.2,0.5,15819,"fixed_1",TRUE,95.612,0.927395693697666,0.927685975630315,-0.000290281932648351,0.2125,0,0.7875,TRUE,NA
1517,59,19,"F3",300,0.2,0.5,15919,"fixed_1",TRUE,109.166,0.730142159632207,0.803015592011084,-0.0728734323788773,0.166666666666667,0,0.833333333333333,TRUE,NA
1518,60,19,"F1",1000,0.2,0.5,16019,"fixed_1",TRUE,267.587,1.01340289190412,1.01114513715757,0.00225775474654921,0,0.90625,0.09375,FALSE,NA
1519,61,19,"F2",1000,0.2,0.5,16119,"fixed_1",TRUE,268.253,0.886838934863386,0.923325591939402,-0.0364866570760158,0.3625,0.3875,0.25,TRUE,NA
1520,62,19,"F3",1000,0.2,0.5,16219,"fixed_1",TRUE,254.148,0.671061843384517,0.685767725116807,-0.0147058817322894,0,0.725,0.275,FALSE,NA
1521,63,19,"F1",100,0.5,0.5,16319,"fixed_1",TRUE,73.582,0.89804169578161,0.792224400760687,0.105817295020922,0,0.5,0.5,TRUE,NA
1522,64,19,"F2",100,0.5,0.5,16419,"fixed_1",TRUE,70.689,0.864503662433737,0.870169969381063,-0.00566630694732684,0.1125,0.8875,0,FALSE,NA
1523,65,19,"F3",100,0.5,0.5,16519,"fixed_1",TRUE,76.726,0.872296461756466,0.963477501920626,-0.0911810401641591,0,0.5,0.5,TRUE,NA
1524,66,19,"F1",300,0.5,0.5,16619,"fixed_1",TRUE,102.43,0.926227662384541,0.926227662916614,-5.32073274328582e-10,0,1,0,FALSE,NA
1525,67,19,"F2",300,0.5,0.5,16719,"fixed_1",TRUE,103.564,0.891166374991992,0.896992935079842,-0.00582656008784987,0.225,0.75,0.025,FALSE,NA
1526,68,19,"F3",300,0.5,0.5,16819,"fixed_1",TRUE,106.431,0.793269308773805,0.776603083970987,0.0166662248028182,0,0.633333333333333,0.366666666666667,TRUE,NA
1527,69,19,"F1",1000,0.5,0.5,16919,"fixed_1",TRUE,275.416,0.859722098349108,0.859722097728001,6.21106943654581e-10,0,1,0,FALSE,NA
1528,70,19,"F2",1000,0.5,0.5,17019,"fixed_1",TRUE,313.285,0.785831930917791,0.785831932246921,-1.32912980621569e-09,0,1,0,FALSE,NA
1529,71,19,"F3",1000,0.5,0.5,17119,"fixed_1",TRUE,265.703,0.641481313321653,0.653095001873779,-0.0116136885521257,0.025,0.475,0.5,TRUE,NA
1530,72,19,"F1",100,1,0.5,17219,"fixed_1",TRUE,71.338,0.995757732129111,0.8929223139005,0.102835418228611,0.2125,0.5,0.2875,TRUE,NA
1531,73,19,"F2",100,1,0.5,17319,"fixed_1",TRUE,76.667,0.618427487187947,0.694338306632782,-0.075910819444835,0.430555555555556,0.25,0.319444444444444,TRUE,NA
1532,74,19,"F3",100,1,0.5,17419,"fixed_1",TRUE,89.716,0.712834882208697,0.665375638134679,0.0474592440740182,0,0.833333333333333,0.166666666666667,TRUE,NA
1533,75,19,"F1",300,1,0.5,17519,"fixed_1",TRUE,93.107,0.567234011519592,0.581869025485789,-0.0146350139661968,0.45,0.5,0.05,FALSE,NA
1534,76,19,"F2",300,1,0.5,17619,"fixed_1",TRUE,90.043,0.455803666961258,0.46928543303877,-0.0134817660775123,0.25,0.707516339869281,0.042483660130719,FALSE,NA
1535,77,19,"F3",300,1,0.5,17719,"fixed_1",TRUE,95.558,0.612852883419612,0.625134505620006,-0.0122816222003939,0.166666666666667,0.833333333333333,0,FALSE,NA
1536,78,19,"F1",1000,1,0.5,17819,"fixed_1",TRUE,267.724,0.466544909053262,0.467786969167122,-0.00124206011385952,0.4125,0.5875,0,FALSE,NA
1537,79,19,"F2",1000,1,0.5,17919,"fixed_1",TRUE,254.534,0.565819569152384,0.588006487687051,-0.0221869185346669,0.4875,0.4,0.1125,FALSE,NA
1538,80,19,"F3",1000,1,0.5,18019,"fixed_1",TRUE,289.408,0.487178225658102,0.492174870476307,-0.00499664481820433,0.131578947368421,0.842105263157895,0.0263157894736842,FALSE,NA
1539,0,20,"F1",100,0.2,0.1,10020,"fixed_1",TRUE,74.612,0.918686523252838,0.920362276566176,-0.00167575331333769,0.25,0.75,0,FALSE,NA
1540,1,20,"F2",100,0.2,0.1,10120,"fixed_1",TRUE,79.518,1.26019886967857,1.25415505924746,0.00604381043110958,0,0,1,TRUE,NA
1541,2,20,"F3",100,0.2,0.1,10220,"fixed_1",TRUE,77.737,0.661097172936817,0.670042027609872,-0.00894485467305428,0,0,1,TRUE,NA
1542,3,20,"F1",300,0.2,0.1,10320,"fixed_1",TRUE,98.41,0.967639281246128,0.945861509752535,0.0217777714935938,0.723684210526316,0,0.276315789473684,TRUE,NA
1543,4,20,"F2",300,0.2,0.1,10420,"fixed_1",TRUE,90.992,0.898962237002142,0.972230652211223,-0.0732684152090809,0.5,0.25,0.25,TRUE,NA
1544,5,20,"F3",300,0.2,0.1,10520,"fixed_1",TRUE,87.624,0.638708897209281,0.674829632980701,-0.0361207357714206,0.333333333333333,0.666666666666667,0,FALSE,NA
1545,6,20,"F1",1000,0.2,0.1,10620,"fixed_1",TRUE,500.745,0.963592775681755,0.964142540299797,-0.000549764618041904,0.25,0.65,0.1,FALSE,NA
1546,7,20,"F2",1000,0.2,0.1,10720,"fixed_1",TRUE,514.552,0.971056220842393,1.03208014354086,-0.0610239226984685,0.5,0.25,0.25,TRUE,NA
1547,8,20,"F3",1000,0.2,0.1,10820,"fixed_1",TRUE,518.535,0.75079014547855,0.755098513740437,-0.00430836826188696,0.28125,0.677083333333333,0.0416666666666667,FALSE,NA
1548,9,20,"F1",100,0.5,0.1,10920,"fixed_1",TRUE,81.685,1.05258084153055,1.0271737029852,0.0254071385453476,0.5,0.475,0.025,FALSE,NA
1549,10,20,"F2",100,0.5,0.1,11020,"fixed_1",TRUE,76.944,0.921339345568666,0.983741667267941,-0.0624023216992745,0.125,0.45,0.425,TRUE,NA
1550,11,20,"F3",100,0.5,0.1,11120,"fixed_1",TRUE,72.865,0.592234430561233,0.592234430913872,-3.52638473977152e-10,0,0.333333333333333,0.666666666666667,TRUE,NA
1551,12,20,"F1",300,0.5,0.1,11220,"fixed_1",TRUE,103.173,0.825512631837288,0.819567972406025,0.00594465943126332,0,0.9375,0.0625,FALSE,NA
1552,13,20,"F2",300,0.5,0.1,11320,"fixed_1",TRUE,98.214,1.04463840072819,1.10049088431667,-0.0558524835884839,0.5,0.5,0,FALSE,NA
1553,14,20,"F3",300,0.5,0.1,11420,"fixed_1",TRUE,102.088,0.682886624443498,0.692002494169963,-0.00911586972646528,0.125,0.875,0,FALSE,NA
1554,15,20,"F1",1000,0.5,0.1,11520,"fixed_1",TRUE,477.119,0.815813180264467,0.815378320364839,0.000434859899627438,0,0.973684210526316,0.0263157894736842,FALSE,NA
1555,16,20,"F2",1000,0.5,0.1,11620,"fixed_1",TRUE,528.809,0.826292389090013,0.828170290541399,-0.00187790145138556,0.15,0.85,0,FALSE,NA
1556,17,20,"F3",1000,0.5,0.1,11720,"fixed_1",TRUE,507.787,0.630199456530604,0.641842824707237,-0.011643368176633,0.3,0.633333333333333,0.0666666666666667,FALSE,NA
1557,18,20,"F1",100,1,0.1,11820,"fixed_1",TRUE,73.644,0.588034705975466,0.580483191835104,0.00755151414036204,0.355263157894737,0.5,0.144736842105263,FALSE,NA
1558,19,20,"F2",100,1,0.1,11920,"fixed_1",TRUE,76.978,0.660139299688575,0.659869754816838,0.000269544871736138,0.652777777777778,0.2125,0.134722222222222,FALSE,NA
1559,20,20,"F3",100,1,0.1,12020,"fixed_1",TRUE,73.259,0.504371782618398,0.486604201043923,0.0177675815744744,0.289583333333333,0.533333333333333,0.177083333333333,TRUE,NA
1560,21,20,"F1",300,1,0.1,12120,"fixed_1",TRUE,99.123,0.54263776095157,0.541605387171091,0.00103237378047927,0.210526315789474,0.763157894736842,0.0263157894736842,FALSE,NA
1561,22,20,"F2",300,1,0.1,12220,"fixed_1",TRUE,88.791,0.478667415232663,0.510081650716093,-0.0314142354834297,0.5,0.45,0.05,FALSE,NA
1562,23,20,"F3",300,1,0.1,12320,"fixed_1",TRUE,97.459,0.464805133801221,0.486958509260854,-0.0221533754596331,0,0.958333333333333,0.0416666666666667,FALSE,NA
1563,24,20,"F1",1000,1,0.1,12420,"fixed_1",TRUE,494.687,0.51002996238692,0.510767110178482,-0.000737147791562531,0.1125,0.8875,0,FALSE,NA
1564,25,20,"F2",1000,1,0.1,12520,"fixed_1",TRUE,528.091,0.566449819285004,0.590243670940839,-0.0237938516558356,0.5625,0.425,0.0125,FALSE,NA
1565,26,20,"F3",1000,1,0.1,12620,"fixed_1",TRUE,542.922,0.437491428988253,0.436722051827656,0.000769377160596996,0,0.991666666666667,0.00833333333333333,FALSE,NA
1566,27,20,"F1",100,0.2,0.3,12720,"fixed_1",TRUE,77.294,0.913422976000479,0.928373588559798,-0.0149506125593191,0.5,0.25,0.25,TRUE,NA
1567,28,20,"F2",100,0.2,0.3,12820,"fixed_1",TRUE,71.22,0.770510746798456,0.758108399454961,0.0124023473434953,0,0.25,0.75,TRUE,NA
1568,29,20,"F3",100,0.2,0.3,12920,"fixed_1",TRUE,83.632,0.74392735435055,0.693927353752857,0.0500000005976932,0,0.5,0.5,TRUE,NA
1569,30,20,"F1",300,0.2,0.3,13020,"fixed_1",TRUE,94.353,0.872122398420632,0.883997103578522,-0.0118747051578904,0.7,0.3,0,FALSE,NA
1570,31,20,"F2",300,0.2,0.3,13120,"fixed_1",TRUE,99.21,0.893066457923441,0.957930892074127,-0.0648644341506858,0.710526315789474,0.289473684210526,0,FALSE,NA
1571,32,20,"F3",300,0.2,0.3,13220,"fixed_1",TRUE,99.784,0.704029582850233,0.68713599237866,0.0168935904715728,0.184210526315789,0.166666666666667,0.649122807017544,TRUE,NA
1572,33,20,"F1",1000,0.2,0.3,13320,"fixed_1",TRUE,358.523,0.878031866573032,0.888878960576453,-0.0108470940034211,0.5,0.5,0,FALSE,NA
1573,34,20,"F2",1000,0.2,0.3,13420,"fixed_1",TRUE,364.431,0.937423638616835,0.985699066440483,-0.0482754278236482,0.75,0.25,0,FALSE,NA
1574,35,20,"F3",1000,0.2,0.3,13520,"fixed_1",TRUE,346.608,0.747766592008682,0.760929344063209,-0.0131627520545277,0,0.333333333333333,0.666666666666667,TRUE,NA
1575,36,20,"F1",100,0.5,0.3,13620,"fixed_1",TRUE,80.939,1.00191718605349,1.01660977458339,-0.0146925885298999,0.25,0.5,0.25,TRUE,NA
1576,37,20,"F2",100,0.5,0.3,13720,"fixed_1",TRUE,73.977,1.13276456552427,1.15060912687912,-0.0178445613548441,0,0.25,0.75,TRUE,NA
1577,38,20,"F3",100,0.5,0.3,13820,"fixed_1",TRUE,73.072,0.688935306383393,0.700171953936947,-0.0112366475535537,0.316666666666667,0.683333333333333,0,FALSE,NA
1578,39,20,"F1",300,0.5,0.3,13920,"fixed_1",TRUE,92.414,0.904180795172115,0.89552912574175,0.00865166943036522,0.138888888888889,0.75,0.111111111111111,FALSE,NA
1579,40,20,"F2",300,0.5,0.3,14020,"fixed_1",TRUE,91.646,0.802383487320879,0.817541064791441,-0.015157577470561,0.25,0.75,0,FALSE,NA
1580,41,20,"F3",300,0.5,0.3,14120,"fixed_1",TRUE,96.786,0.751434977855796,0.751434977409306,4.46490067140815e-10,0,1,0,FALSE,NA
1581,42,20,"F1",1000,0.5,0.3,14220,"fixed_1",TRUE,355.449,0.850909971814904,0.844922522494788,0.00598744932011674,0.2,0.6875,0.1125,FALSE,NA
1582,43,20,"F2",1000,0.5,0.3,14320,"fixed_1",TRUE,353.162,0.860300365129138,0.862990775383314,-0.0026904102541766,0.25,0.75,0,FALSE,NA
1583,44,20,"F3",1000,0.5,0.3,14420,"fixed_1",TRUE,354.011,0.658652880672921,0.660381272870138,-0.00172839219721688,0.0701754385964912,0.929824561403509,0,FALSE,NA
1584,45,20,"F1",100,1,0.3,14520,"fixed_1",TRUE,77.986,0.636289797480588,0.6194451456987,0.016844651781888,0.25,0.736842105263158,0.0131578947368421,FALSE,NA
1585,46,20,"F2",100,1,0.3,14620,"fixed_1",TRUE,82.01,0.58845556883795,0.647793258188668,-0.0593376893507187,0.25,0.5,0.25,TRUE,NA
1586,47,20,"F3",100,1,0.3,14720,"fixed_1",TRUE,77.501,0.787181819611304,0.641348487401597,0.145833332209707,0,0.333333333333333,0.666666666666667,TRUE,NA
1587,48,20,"F1",300,1,0.3,14820,"fixed_1",TRUE,85.595,0.468471576662007,0.476077879083259,-0.00760630242125154,0.144736842105263,0.842763157894737,0.0125,FALSE,NA
1588,49,20,"F2",300,1,0.3,14920,"fixed_1",TRUE,93.161,0.592872396510112,0.592300650200601,0.00057174630951029,0.527380952380952,0.357142857142857,0.11547619047619,FALSE,NA
1589,50,20,"F3",300,1,0.3,15020,"fixed_1",TRUE,86.084,0.406783884597942,0.406783885261139,-6.63196386696541e-10,0,1,0,FALSE,NA
1590,51,20,"F1",1000,1,0.3,15120,"fixed_1",TRUE,346.479,0.502594189315962,0.498899445803134,0.003694743512828,0.4875,0.5125,0,FALSE,NA
1591,52,20,"F2",1000,1,0.3,15220,"fixed_1",TRUE,357.925,0.590294262946959,0.614679466661557,-0.0243852037145986,0.504166666666667,0.468055555555556,0.0277777777777778,FALSE,NA
1592,53,20,"F3",1000,1,0.3,15320,"fixed_1",TRUE,351.339,0.490345248370056,0.488550725301806,0.00179452306824923,0.043859649122807,0.497368421052632,0.458771929824561,FALSE,NA
1593,54,20,"F1",100,0.2,0.5,15420,"fixed_1",TRUE,78.034,0.638631181093467,0.657603168792108,-0.0189719876986414,0.25,0.40625,0.34375,TRUE,NA
1594,55,20,"F2",100,0.2,0.5,15520,"fixed_1",TRUE,78.071,0.753045944938523,0.715379731738028,0.0376662132004941,0.25,0,0.75,TRUE,NA
1595,56,20,"F3",100,0.2,0.5,15620,"fixed_1",TRUE,83.73,0.714094797706264,0.734113014756641,-0.0200182170503769,0,0.333333333333333,0.666666666666667,TRUE,NA
1596,57,20,"F1",300,0.2,0.5,15720,"fixed_1",TRUE,93.487,0.81445044269304,0.819597631614135,-0.00514718892109511,0.5,0.25,0.25,TRUE,NA
1597,58,20,"F2",300,0.2,0.5,15820,"fixed_1",TRUE,93.036,0.878494107720689,0.895252364019698,-0.0167582562990094,0,0.5,0.5,TRUE,NA
1598,59,20,"F3",300,0.2,0.5,15920,"fixed_1",TRUE,97.871,0.822339811741875,0.767208309846668,0.0551315018952063,0,0.166666666666667,0.833333333333333,TRUE,NA
1599,60,20,"F1",1000,0.2,0.5,16020,"fixed_1",TRUE,259.348,0.988243334664027,0.983589989012413,0.00465334565161379,0,0.75,0.25,TRUE,NA
1600,61,20,"F2",1000,0.2,0.5,16120,"fixed_1",TRUE,276.659,0.865551563783807,0.897012175381268,-0.0314606115974609,0.5,0.5,0,FALSE,NA
1601,62,20,"F3",1000,0.2,0.5,16220,"fixed_1",TRUE,267.364,0.733702998508998,0.739463188286343,-0.00576018977734516,0,0.333333333333333,0.666666666666667,TRUE,NA
1602,63,20,"F1",100,0.5,0.5,16320,"fixed_1",TRUE,80.249,0.774032559375346,0.76884068526097,0.00519187411437616,0.4125,0.3375,0.25,TRUE,NA
1603,64,20,"F2",100,0.5,0.5,16420,"fixed_1",TRUE,81.775,0.689867104578734,0.7485812200844,-0.0587141155056656,0.25,0.25,0.5,TRUE,NA
1604,65,20,"F3",100,0.5,0.5,16520,"fixed_1",TRUE,78.878,0.538095309835384,0.676919738991649,-0.138824429156265,0,0,1,TRUE,NA
1605,66,20,"F1",300,0.5,0.5,16620,"fixed_1",TRUE,91.564,0.916817423496111,0.885042355455155,0.0317750680409558,0.191176470588235,0.5,0.308823529411765,TRUE,NA
1606,67,20,"F2",300,0.5,0.5,16720,"fixed_1",TRUE,95.539,0.907435756637313,0.958278049125671,-0.0508422924883584,0.5,0,0.5,TRUE,NA
1607,68,20,"F3",300,0.5,0.5,16820,"fixed_1",TRUE,90.26,0.591790591752772,0.610564089515707,-0.018773497762935,0.183333333333333,0.316666666666667,0.5,TRUE,NA
1608,69,20,"F1",1000,0.5,0.5,16920,"fixed_1",TRUE,272.092,0.854668760759469,0.853283214005794,0.00138554675367519,0.0638888888888889,0.936111111111111,0,FALSE,NA
1609,70,20,"F2",1000,0.5,0.5,17020,"fixed_1",TRUE,264.325,0.769598165823802,0.78383863342651,-0.0142404676027078,0.4125,0.5875,0,FALSE,NA
1610,71,20,"F3",1000,0.5,0.5,17120,"fixed_1",TRUE,277.877,0.802971906425732,0.74336344856083,0.0596084578649021,0.075,0.310964912280702,0.614035087719298,TRUE,NA
1611,72,20,"F1",100,1,0.5,17220,"fixed_1",TRUE,78.007,0.775702855273394,0.677205443570367,0.0984974117030268,0,0.75,0.25,TRUE,NA
1612,73,20,"F2",100,1,0.5,17320,"fixed_1",TRUE,76.937,0.789086079210718,0.720762953453913,0.0683231257568055,0.157894736842105,0.5,0.342105263157895,TRUE,NA
1613,74,20,"F3",100,1,0.5,17420,"fixed_1",TRUE,85.194,0.315642468469999,0.318093492521846,-0.00245102405184633,0.0166666666666667,0.983333333333333,0,FALSE,NA
1614,75,20,"F1",300,1,0.5,17520,"fixed_1",TRUE,91.9,0.646030056226046,0.625265189472234,0.0207648667538122,0.5,0.4875,0.0125,FALSE,NA
1615,76,20,"F2",300,1,0.5,17620,"fixed_1",TRUE,93.682,0.696041306103397,0.709045184148884,-0.0130038780454872,0.1,0.875,0.025,FALSE,NA
1616,77,20,"F3",300,1,0.5,17720,"fixed_1",TRUE,97.966,0.593407157594763,0.596251804623891,-0.00284464702912823,0.1,0.9,0,FALSE,NA
1617,78,20,"F1",1000,1,0.5,17820,"fixed_1",TRUE,250.236,0.521840494627639,0.523234311672385,-0.00139381704474562,0.1375,0.8625,0,FALSE,NA
1618,79,20,"F2",1000,1,0.5,17920,"fixed_1",TRUE,253.988,0.554517711432887,0.581564689404598,-0.027046977971711,0.347222222222222,0.543055555555556,0.109722222222222,FALSE,NA
1619,80,20,"F3",1000,1,0.5,18020,"fixed_1",TRUE,282.11,0.368103386970375,0.367080058800791,0.00102332816958423,0.0648148148148148,0.935185185185185,0,FALSE,NA
1620,0,21,"F1",100,0.2,0.1,10021,"fixed_1",TRUE,81.132,1.11659626449605,1.10246325296118,0.014133011534865,0,0.25,0.75,TRUE,NA
1621,1,21,"F2",100,0.2,0.1,10121,"fixed_1",TRUE,84.898,0.909414326175995,0.960973411816247,-0.0515590856402518,0.5,0,0.5,TRUE,NA
1622,2,21,"F3",100,0.2,0.1,10221,"fixed_1",TRUE,81.222,0.618797881819251,0.719708932730085,-0.100911050910833,0.266666666666667,0.0666666666666667,0.666666666666667,TRUE,NA
1623,3,21,"F1",300,0.2,0.1,10321,"fixed_1",TRUE,88.242,0.932947791431958,0.964108607982528,-0.0311608165505706,0.475183823529412,0.359375,0.165441176470588,FALSE,NA
1624,4,21,"F2",300,0.2,0.1,10421,"fixed_1",TRUE,100.998,0.855378956538803,0.991586932528239,-0.136207975989435,0.75,0,0.25,TRUE,NA
1625,5,21,"F3",300,0.2,0.1,10521,"fixed_1",TRUE,104.164,0.719984734950748,0.746468710990408,-0.0264839760396595,0,0.166666666666667,0.833333333333333,TRUE,NA
1626,6,21,"F1",1000,0.2,0.1,10621,"fixed_1",TRUE,460.588,1.02840892748975,1.03285353443741,-0.00444460694766868,0.25,0.75,0,FALSE,NA
1627,7,21,"F2",1000,0.2,0.1,10721,"fixed_1",TRUE,464.589,0.82209775881323,0.865648736595565,-0.0435509777823346,0.75,0.15,0.1,FALSE,NA
1628,8,21,"F3",1000,0.2,0.1,10821,"fixed_1",TRUE,501.609,0.760438072538026,0.76499215208991,-0.00455407955188414,0.166666666666667,0.333333333333333,0.5,TRUE,NA
1629,9,21,"F1",100,0.5,0.1,10921,"fixed_1",TRUE,75.829,0.913316331466405,0.924475328984947,-0.0111589975185418,0.216666666666667,0.5,0.283333333333333,TRUE,NA
1630,10,21,"F2",100,0.5,0.1,11021,"fixed_1",TRUE,76.225,0.730430505680939,0.730366023257285,6.44824236533115e-05,0.25,0.5,0.25,TRUE,NA
1631,11,21,"F3",100,0.5,0.1,11121,"fixed_1",TRUE,73.774,0.861714528435673,0.831387450616025,0.0303270778196482,0.166666666666667,0.5,0.333333333333333,TRUE,NA
1632,12,21,"F1",300,0.5,0.1,11221,"fixed_1",TRUE,95.671,0.750451959584565,0.753443185030555,-0.00299122544598995,0.0138888888888889,0.959722222222222,0.0263888888888889,FALSE,NA
1633,13,21,"F2",300,0.5,0.1,11321,"fixed_1",TRUE,98.124,0.793797365547751,0.843730565418564,-0.0499331998708131,0.475,0.5,0.025,FALSE,NA
1634,14,21,"F3",300,0.5,0.1,11421,"fixed_1",TRUE,101.823,0.736646841082713,0.736646840407568,6.75145161999069e-10,0,1,0,FALSE,NA
1635,15,21,"F1",1000,0.5,0.1,11521,"fixed_1",TRUE,501.786,0.817599915441144,0.817599915598895,-1.57751145479779e-10,0,1,0,FALSE,NA
1636,16,21,"F2",1000,0.5,0.1,11621,"fixed_1",TRUE,510.668,0.75693035647195,0.792790785457707,-0.035860428985757,0.5,0.5,0,FALSE,NA
1637,17,21,"F3",1000,0.5,0.1,11721,"fixed_1",TRUE,473.452,0.708931354303061,0.704435006341099,0.00449634796196141,0.0666666666666667,0.738888888888889,0.194444444444444,FALSE,NA
1638,18,21,"F1",100,1,0.1,11821,"fixed_1",TRUE,81.429,0.632914928221151,0.610264077838892,0.0226508503822587,0.375,0.6,0.025,FALSE,NA
1639,19,21,"F2",100,1,0.1,11921,"fixed_1",TRUE,70.999,0.603704267522625,0.645789256076743,-0.0420849885541176,0.486842105263158,0.175,0.338157894736842,TRUE,NA
1640,20,21,"F3",100,1,0.1,12021,"fixed_1",TRUE,80.133,0.684902492454707,0.623225868591891,0.0616766238628166,0.166666666666667,0.166666666666667,0.666666666666667,TRUE,NA
1641,21,21,"F1",300,1,0.1,12121,"fixed_1",TRUE,93.403,0.524524135463018,0.527816493487553,-0.00329235802453498,0.3375,0.6625,0,FALSE,NA
1642,22,21,"F2",300,1,0.1,12221,"fixed_1",TRUE,97.188,0.674618157817031,0.689023833318403,-0.0144056755013721,0.125,0.875,0,FALSE,NA
1643,23,21,"F3",300,1,0.1,12321,"fixed_1",TRUE,96.202,0.559908605783063,0.589548984874065,-0.0296403790910018,0,0.6,0.4,FALSE,NA
1644,24,21,"F1",1000,1,0.1,12421,"fixed_1",TRUE,484.178,0.37448105201815,0.374481053275966,-1.25781646209688e-09,0,1,0,FALSE,NA
1645,25,21,"F2",1000,1,0.1,12521,"fixed_1",TRUE,483.022,0.532448947772062,0.543010530488236,-0.0105615827161745,0.45,0.55,0,FALSE,NA
1646,26,21,"F3",1000,1,0.1,12621,"fixed_1",TRUE,467.716,0.497290927704438,0.515976337291597,-0.0186854095871586,0,0.925,0.075,FALSE,NA
1647,27,21,"F1",100,0.2,0.3,12721,"fixed_1",TRUE,79.402,1.11264507558443,1.07241018847579,0.0402348871086391,0,0.25,0.75,TRUE,NA
1648,28,21,"F2",100,0.2,0.3,12821,"fixed_1",TRUE,76.961,1.03132835630427,1.05151494264346,-0.0201865863391948,0,0.25,0.75,TRUE,NA
1649,29,21,"F3",100,0.2,0.3,12921,"fixed_1",TRUE,75.802,0.717659718581704,0.748909719028219,-0.0312500004465149,0,0.5,0.5,TRUE,NA
1650,30,21,"F1",300,0.2,0.3,13021,"fixed_1",TRUE,90.915,0.989768974997026,0.992696055351072,-0.00292708035404621,0.25,0,0.75,TRUE,NA
1651,31,21,"F2",300,0.2,0.3,13121,"fixed_1",TRUE,87.537,1.11395857185586,1.13203039546753,-0.0180718236116779,0,0.25,0.75,TRUE,NA
1652,32,21,"F3",300,0.2,0.3,13221,"fixed_1",TRUE,87.802,0.713419689975825,0.659517574208814,0.0539021157670103,0,0.649122807017544,0.350877192982456,TRUE,NA
1653,33,21,"F1",1000,0.2,0.3,13321,"fixed_1",TRUE,362.71,0.963957595132717,0.96026171233308,0.00369588279963695,0,0.9,0.1,FALSE,NA
1654,34,21,"F2",1000,0.2,0.3,13421,"fixed_1",TRUE,361.05,0.984567049471415,1.00012320376889,-0.0155561542974711,0.5,0.25,0.25,TRUE,NA
1655,35,21,"F3",1000,0.2,0.3,13521,"fixed_1",TRUE,351.966,0.672194222061902,0.697897103574488,-0.025702881512586,0.166666666666667,0.8,0.0333333333333333,FALSE,NA
1656,36,21,"F1",100,0.5,0.3,13621,"fixed_1",TRUE,74.443,0.717331929231563,0.783174992508859,-0.0658430632772955,0.25,0.725,0.025,FALSE,NA
1657,37,21,"F2",100,0.5,0.3,13721,"fixed_1",TRUE,74.407,1.09983986844317,1.16823014809931,-0.0683902796561393,0.3,0.2,0.5,TRUE,NA
1658,38,21,"F3",100,0.5,0.3,13821,"fixed_1",TRUE,75.022,0.766026578590864,0.647225251460332,0.118801327130532,0,0.715686274509804,0.284313725490196,TRUE,NA
1659,39,21,"F1",300,0.5,0.3,13921,"fixed_1",TRUE,96.647,0.884674258694414,0.902074201690042,-0.0173999429956287,0.2625,0.7375,0,FALSE,NA
1660,40,21,"F2",300,0.5,0.3,14021,"fixed_1",TRUE,87.569,0.904271859951888,0.879317366307729,0.0249544936441592,0.472222222222222,0.25,0.277777777777778,TRUE,NA
1661,41,21,"F3",300,0.5,0.3,14121,"fixed_1",TRUE,90.258,0.627059867601886,0.627059866955072,6.46814268812079e-10,0,1,0,FALSE,NA
1662,42,21,"F1",1000,0.5,0.3,14221,"fixed_1",TRUE,381.62,0.890972108970097,0.890972107960943,1.00915398260071e-09,0,1,0,FALSE,NA
1663,43,21,"F2",1000,0.5,0.3,14321,"fixed_1",TRUE,368.315,0.75460337894815,0.780224490675658,-0.0256211117275085,0.75,0.25,0,FALSE,NA
1664,44,21,"F3",1000,0.5,0.3,14421,"fixed_1",TRUE,346.352,0.632530599416171,0.657681893944079,-0.0251512945279073,0.166666666666667,0.666666666666667,0.166666666666667,TRUE,NA
1665,45,21,"F1",100,1,0.3,14521,"fixed_1",TRUE,71.513,0.643774627438411,0.655088105862946,-0.0113134784245357,0.25,0.7375,0.0125,FALSE,NA
1666,46,21,"F2",100,1,0.3,14621,"fixed_1",TRUE,74.258,0.719420026108442,0.593115472378345,0.126304553730097,0,0.588235294117647,0.411764705882353,TRUE,NA
1667,47,21,"F3",100,1,0.3,14721,"fixed_1",TRUE,82.853,0.462545190533713,0.385910794489926,0.0766343960437861,0.166666666666667,0.333333333333333,0.5,TRUE,NA
1668,48,21,"F1",300,1,0.3,14821,"fixed_1",TRUE,95.591,0.506521155562873,0.509392732121166,-0.00287157655829329,0,0.9375,0.0625,FALSE,NA
1669,49,21,"F2",300,1,0.3,14921,"fixed_1",TRUE,94.051,0.638675453864938,0.650909689224766,-0.0122342353598281,0.458088235294118,0.375,0.166911764705882,FALSE,NA
1670,50,21,"F3",300,1,0.3,15021,"fixed_1",TRUE,98.347,0.541225305742032,0.534734363945104,0.006490941796928,0.157894736842105,0.842105263157895,0,FALSE,NA
1671,51,21,"F1",1000,1,0.3,15121,"fixed_1",TRUE,340.594,0.463680289367274,0.464079781800303,-0.000399492433028781,0.1125,0.8875,0,FALSE,NA
1672,52,21,"F2",1000,1,0.3,15221,"fixed_1",TRUE,386.406,0.520623841196838,0.542969040538358,-0.0223451993415205,0.35453216374269,0.531652046783626,0.113815789473684,FALSE,NA
1673,53,21,"F3",1000,1,0.3,15321,"fixed_1",TRUE,380.684,0.489043086841421,0.487319355279436,0.00172373156198463,0.0087719298245614,0.964912280701754,0.0263157894736842,FALSE,NA
1674,54,21,"F1",100,0.2,0.5,15421,"fixed_1",TRUE,74.492,1.0117239162607,0.990683674539227,0.0210402417214737,0,0.25,0.75,TRUE,NA
1675,55,21,"F2",100,0.2,0.5,15521,"fixed_1",TRUE,76.668,0.971916419665284,1.00250429788554,-0.0305878782202538,0.441176470588235,0.0588235294117647,0.5,TRUE,NA
1676,56,21,"F3",100,0.2,0.5,15621,"fixed_1",TRUE,73.273,0.92133203147611,0.791493365904267,0.129838665571843,0,0,1,TRUE,NA
1677,57,21,"F1",300,0.2,0.5,15721,"fixed_1",TRUE,91.003,0.869609209326648,0.91309100161322,-0.043481792286572,0.5,0.2375,0.2625,TRUE,NA
1678,58,21,"F2",300,0.2,0.5,15821,"fixed_1",TRUE,85.119,0.840807045225451,0.898097739714558,-0.057290694489107,0.5,0.5,0,FALSE,NA
1679,59,21,"F3",300,0.2,0.5,15921,"fixed_1",TRUE,99.927,0.681806368124403,0.679655815796878,0.00215055232752503,0,0.166666666666667,0.833333333333333,TRUE,NA
1680,60,21,"F1",1000,0.2,0.5,16021,"fixed_1",TRUE,279.515,1.00017519167464,1.00345115983378,-0.00327596815913722,0.25,0.5,0.25,TRUE,NA
1681,61,21,"F2",1000,0.2,0.5,16121,"fixed_1",TRUE,273.993,0.921724128662646,0.921724128805491,-1.42845402173464e-10,0,1,0,FALSE,NA
1682,62,21,"F3",1000,0.2,0.5,16221,"fixed_1",TRUE,279.296,0.687725187676044,0.683756934171721,0.00396825350432262,0,0.907407407407407,0.0925925925925926,FALSE,NA
1683,63,21,"F1",100,0.5,0.5,16321,"fixed_1",TRUE,78.085,1.15696666690706,1.1484901182,0.00847654870706593,0.5,0.25,0.25,TRUE,NA
1684,64,21,"F2",100,0.5,0.5,16421,"fixed_1",TRUE,82.661,0.494809692946292,0.517393759070407,-0.0225840661241155,0.118421052631579,0.475,0.406578947368421,TRUE,NA
1685,65,21,"F3",100,0.5,0.5,16521,"fixed_1",TRUE,83.52,0.806827324501845,0.913497911542964,-0.106670587041119,0,0.333333333333333,0.666666666666667,TRUE,NA
1686,66,21,"F1",300,0.5,0.5,16621,"fixed_1",TRUE,99.712,0.872328735424533,0.80481432127096,0.0675144141535734,0,0.6,0.4,TRUE,NA
1687,67,21,"F2",300,0.5,0.5,16721,"fixed_1",TRUE,87.741,0.876425967235657,0.876425967687628,-4.51970350034969e-10,0,1,0,FALSE,NA
1688,68,21,"F3",300,0.5,0.5,16821,"fixed_1",TRUE,87.824,0.645072975506848,0.645072976602981,-1.09613362830885e-09,0,1,0,FALSE,NA
1689,69,21,"F1",1000,0.5,0.5,16921,"fixed_1",TRUE,275.365,0.887575079489707,0.872439311563429,0.0151357679262781,0,0.792763157894737,0.207236842105263,FALSE,NA
1690,70,21,"F2",1000,0.5,0.5,17021,"fixed_1",TRUE,295.729,0.869403561958828,0.886172925521791,-0.0167693635629638,0.425,0.55,0.025,FALSE,NA
1691,71,21,"F3",1000,0.5,0.5,17121,"fixed_1",TRUE,273.546,0.678893490299762,0.653229668132774,0.0256638221669873,0,0.458333333333333,0.541666666666667,TRUE,NA
1692,72,21,"F1",100,1,0.5,17221,"fixed_1",TRUE,79.812,0.643666366335812,0.643666357903827,8.43198511013554e-09,0,1,0,FALSE,NA
1693,73,21,"F2",100,1,0.5,17321,"fixed_1",TRUE,71.882,0.713763005591847,0.693332222149949,0.0204307834418979,0.25,0.75,0,FALSE,NA
1694,74,21,"F3",100,1,0.5,17421,"fixed_1",TRUE,74.528,0.56971915501853,0.500100561682492,0.069618593336038,0.333333333333333,0,0.666666666666667,TRUE,NA
1695,75,21,"F1",300,1,0.5,17521,"fixed_1",TRUE,89.882,0.590725530942569,0.593944371472677,-0.00321884053010824,0.075,0.875,0.05,FALSE,NA
1696,76,21,"F2",300,1,0.5,17621,"fixed_1",TRUE,91.353,0.567420514656724,0.599258997564969,-0.0318384829082451,0.144736842105263,0.5,0.355263157894737,TRUE,NA
1697,77,21,"F3",300,1,0.5,17721,"fixed_1",TRUE,94.368,0.497867842160592,0.464460392074462,0.0334074500861298,0.175,0.333333333333333,0.491666666666667,FALSE,NA
1698,78,21,"F1",1000,1,0.5,17821,"fixed_1",TRUE,293.191,0.521861581073099,0.523327568753455,-0.00146598768035533,0.25,0.75,0,FALSE,NA
1699,79,21,"F2",1000,1,0.5,17921,"fixed_1",TRUE,283.466,0.614413424772555,0.605312159361897,0.00910126541065781,0.123611111111111,0.793055555555556,0.0833333333333333,FALSE,NA
1700,80,21,"F3",1000,1,0.5,18021,"fixed_1",TRUE,297.465,0.449399780639785,0.449399779949906,6.89878987270021e-10,0.025,0.5,0.475,FALSE,NA
1701,0,22,"F1",100,0.2,0.1,10022,"fixed_1",TRUE,69.341,0.95285916251314,0.946649925256147,0.00620923725699241,0.25,0,0.75,TRUE,NA
1702,1,22,"F2",100,0.2,0.1,10122,"fixed_1",TRUE,79.776,0.877848448989075,0.911865379024711,-0.0340169300356358,0.25,0.25,0.5,TRUE,NA
1703,2,22,"F3",100,0.2,0.1,10222,"fixed_1",TRUE,82.114,0.832242727112598,0.827523039471316,0.00471968764128239,0.05,0.166666666666667,0.783333333333333,TRUE,NA
1704,3,22,"F1",300,0.2,0.1,10322,"fixed_1",TRUE,95.48,1.00933122203272,1.00876546867993,0.000565753352789633,0.5,0.25,0.25,TRUE,NA
1705,4,22,"F2",300,0.2,0.1,10422,"fixed_1",TRUE,88.365,0.876347408684444,0.929735392361787,-0.0533879836773423,0.75,0.25,0,FALSE,NA
1706,5,22,"F3",300,0.2,0.1,10522,"fixed_1",TRUE,111.235,0.630380004603941,0.660184276231483,-0.0298042716275423,0.333333333333333,0.5,0.166666666666667,TRUE,NA
1707,6,22,"F1",1000,0.2,0.1,10622,"fixed_1",TRUE,494.949,0.995320288927219,0.995320288791697,1.35522704169944e-10,0,1,0,FALSE,NA
1708,7,22,"F2",1000,0.2,0.1,10722,"fixed_1",TRUE,505.027,1.00011545739277,1.02625974716448,-0.0261442897717044,0.45,0.375,0.175,FALSE,NA
1709,8,22,"F3",1000,0.2,0.1,10822,"fixed_1",TRUE,457.909,0.715058463826193,0.71268526593394,0.00237319789225299,0,0.833333333333333,0.166666666666667,TRUE,NA
1710,9,22,"F1",100,0.5,0.1,10922,"fixed_1",TRUE,77.609,0.74813887085408,0.811232774514862,-0.0630939036607814,0.4125,0.5875,0,FALSE,NA
1711,10,22,"F2",100,0.5,0.1,11022,"fixed_1",TRUE,75.01,0.849974952358331,1.02348520413347,-0.173510251775142,0.397058823529412,0.25,0.352941176470588,TRUE,NA
1712,11,22,"F3",100,0.5,0.1,11122,"fixed_1",TRUE,71.597,0.610242216653877,0.589317206354545,0.0209250102993327,0,0.833333333333333,0.166666666666667,TRUE,NA
1713,12,22,"F1",300,0.5,0.1,11222,"fixed_1",TRUE,104.954,0.784136737289244,0.784730490328811,-0.000593753039566325,0.2,0.625,0.175,FALSE,NA
1714,13,22,"F2",300,0.5,0.1,11322,"fixed_1",TRUE,93.655,0.873678255789083,0.889453728393401,-0.0157754726043178,0.25,0.75,0,FALSE,NA
1715,14,22,"F3",300,0.5,0.1,11422,"fixed_1",TRUE,99.187,0.603126422356736,0.620915652213361,-0.0177892298566252,0.166666666666667,0.833333333333333,0,FALSE,NA
1716,15,22,"F1",1000,0.5,0.1,11522,"fixed_1",TRUE,518.094,0.759245775671355,0.759245775595875,7.5479400507561e-11,0,1,0,FALSE,NA
1717,16,22,"F2",1000,0.5,0.1,11622,"fixed_1",TRUE,470.611,0.838980868020551,0.863786166382197,-0.0248052983616456,0.5,0.5,0,FALSE,NA
1718,17,22,"F3",1000,0.5,0.1,11722,"fixed_1",TRUE,465.859,0.646601957299547,0.648794940322026,-0.00219298302247939,0,0.625,0.375,FALSE,NA
1719,18,22,"F1",100,1,0.1,11822,"fixed_1",TRUE,77.175,0.498625868488235,0.50378716248567,-0.00516129399743542,0.103289473684211,0.89671052631579,0,FALSE,NA
1720,19,22,"F2",100,1,0.1,11922,"fixed_1",TRUE,71.383,0.541101127242874,0.569808669811895,-0.0287075425690215,0.25,0.5375,0.2125,FALSE,NA
1721,20,22,"F3",100,1,0.1,12022,"fixed_1",TRUE,80.595,0.463660855308322,0.389915739848445,0.0737451154598771,0,0.316666666666667,0.683333333333333,TRUE,NA
1722,21,22,"F1",300,1,0.1,12122,"fixed_1",TRUE,104.24,0.420435178551795,0.429884103083775,-0.00944892453197999,0.336842105263158,0.65,0.0131578947368421,FALSE,NA
1723,22,22,"F2",300,1,0.1,12222,"fixed_1",TRUE,98.778,0.528647261466988,0.57443818462613,-0.0457909231591411,0.8625,0.0125,0.125,FALSE,NA
1724,23,22,"F3",300,1,0.1,12322,"fixed_1",TRUE,91.892,0.447275526571431,0.419536653201039,0.027738873370392,0.333333333333333,0.166666666666667,0.5,TRUE,NA
1725,24,22,"F1",1000,1,0.1,12422,"fixed_1",TRUE,474.186,0.461516461813762,0.461516460658937,1.15482556850566e-09,0,1,0,FALSE,NA
1726,25,22,"F2",1000,1,0.1,12522,"fixed_1",TRUE,506.123,0.570673044843873,0.598536823727214,-0.0278637788833417,0.8125,0.05,0.1375,FALSE,NA
1727,26,22,"F3",1000,1,0.1,12622,"fixed_1",TRUE,486.414,0.430891734205417,0.439820305366146,-0.0089285711607282,0,0.525,0.475,FALSE,NA
1728,27,22,"F1",100,0.2,0.3,12722,"fixed_1",TRUE,79.566,1.03837206159091,1.05317412490731,-0.014802063316393,0,0.5,0.5,TRUE,NA
1729,28,22,"F2",100,0.2,0.3,12822,"fixed_1",TRUE,78.235,0.973036180897421,0.964105045264184,0.00893113563323744,0.0208333333333333,0.5,0.479166666666667,TRUE,NA
1730,29,22,"F3",100,0.2,0.3,12922,"fixed_1",TRUE,82.43,0.635841006565069,0.601957557525269,0.0338834490397995,0.333333333333333,0.5,0.166666666666667,TRUE,NA
1731,30,22,"F1",300,0.2,0.3,13022,"fixed_1",TRUE,88.653,0.958530605185807,0.959144996237024,-0.000614391051217633,0,0.25,0.75,TRUE,NA
1732,31,22,"F2",300,0.2,0.3,13122,"fixed_1",TRUE,91.775,0.837296289916515,0.903646666962242,-0.0663503770457278,0.4625,0.25,0.2875,TRUE,NA
1733,32,22,"F3",300,0.2,0.3,13222,"fixed_1",TRUE,99.551,0.856994184699808,0.826557898153696,0.0304362865461125,0.0833333333333333,0.239583333333333,0.677083333333333,TRUE,NA
1734,33,22,"F1",1000,0.2,0.3,13322,"fixed_1",TRUE,356.388,0.965510693175033,0.963247144038545,0.00226354913648796,0,0.75,0.25,TRUE,NA
1735,34,22,"F2",1000,0.2,0.3,13422,"fixed_1",TRUE,360.199,0.925282631882247,0.937609402033774,-0.0123267701515262,0.5,0.5,0,FALSE,NA
1736,35,22,"F3",1000,0.2,0.3,13522,"fixed_1",TRUE,339.628,0.716407482514119,0.728849767080264,-0.0124422845661446,0.316666666666667,0.516666666666667,0.166666666666667,TRUE,NA
1737,36,22,"F1",100,0.5,0.3,13622,"fixed_1",TRUE,78.444,0.759919847433078,0.656751421066275,0.103168426366803,0.175,0.5,0.325,TRUE,NA
1738,37,22,"F2",100,0.5,0.3,13722,"fixed_1",TRUE,71.747,0.828998074970974,0.843059470031043,-0.0140613950600691,0.25,0.5,0.25,TRUE,NA
1739,38,22,"F3",100,0.5,0.3,13822,"fixed_1",TRUE,71.113,0.802747218265006,0.788189799461022,0.0145574188039846,0.166666666666667,0.617117117117117,0.216216216216216,TRUE,NA
1740,39,22,"F1",300,0.5,0.3,13922,"fixed_1",TRUE,94.25,0.854084227407153,0.803541678890963,0.0505425485161899,0.25,0.5,0.25,TRUE,NA
1741,40,22,"F2",300,0.5,0.3,14022,"fixed_1",TRUE,87.909,1.00730667207704,0.985811105092645,0.0214955669843943,0.25,0.613636363636364,0.136363636363636,FALSE,NA
1742,41,22,"F3",300,0.5,0.3,14122,"fixed_1",TRUE,94.629,0.610315680543877,0.610315679028354,1.51552292937396e-09,0,1,0,FALSE,NA
1743,42,22,"F1",1000,0.5,0.3,14222,"fixed_1",TRUE,377.779,0.862246333018507,0.860759657791978,0.0014866752265289,0.1,0.9,0,FALSE,NA
1744,43,22,"F2",1000,0.5,0.3,14322,"fixed_1",TRUE,353.663,0.807376846078687,0.825004754705794,-0.0176279086271066,0.7,0.2875,0.0125,FALSE,NA
1745,44,22,"F3",1000,0.5,0.3,14422,"fixed_1",TRUE,339.341,0.681243135999777,0.645354936607293,0.0358881993924839,0.148148148148148,0.333333333333333,0.518518518518518,TRUE,NA
1746,45,22,"F1",100,1,0.3,14522,"fixed_1",TRUE,69.392,0.687140831739398,0.687140832218802,-4.79403294839642e-10,0,1,0,FALSE,NA
1747,46,22,"F2",100,1,0.3,14622,"fixed_1",TRUE,75.122,0.680586202506856,0.72904685655358,-0.0484606540467234,0.5,0,0.5,TRUE,NA
1748,47,22,"F3",100,1,0.3,14722,"fixed_1",TRUE,76.114,0.52248872118196,0.480792875897124,0.0416958452848359,0.166666666666667,0.333333333333333,0.5,TRUE,NA
1749,48,22,"F1",300,1,0.3,14822,"fixed_1",TRUE,101.38,0.515987839012456,0.515987840706196,-1.69374070324579e-09,0,1,0,FALSE,NA
1750,49,22,"F2",300,1,0.3,14922,"fixed_1",TRUE,91.009,0.627768697398031,0.653001372023747,-0.0252326746257162,0.355263157894737,0.605921052631579,0.0388157894736842,FALSE,NA
1751,50,22,"F3",300,1,0.3,15022,"fixed_1",TRUE,87.06,0.527623529700326,0.504896256919809,0.0227272727805171,0,0.5,0.5,TRUE,NA
1752,51,22,"F1",1000,1,0.3,15122,"fixed_1",TRUE,361.851,0.44818746112794,0.44544521483055,0.00274224629738962,0,0.975,0.025,FALSE,NA
1753,52,22,"F2",1000,1,0.3,15222,"fixed_1",TRUE,354.209,0.525347578314231,0.548627121200668,-0.0232795428864365,0.7375,0.2,0.0625,FALSE,NA
1754,53,22,"F3",1000,1,0.3,15322,"fixed_1",TRUE,370.224,0.431307853497485,0.425901830654553,0.00540602284293201,0.025,0.491228070175439,0.483771929824561,FALSE,NA
1755,54,22,"F1",100,0.2,0.5,15422,"fixed_1",TRUE,69.265,1.14924210063091,1.15511015154648,-0.00586805091557818,0.25,0.25,0.5,TRUE,NA
1756,55,22,"F2",100,0.2,0.5,15522,"fixed_1",TRUE,78.186,0.818563273831401,0.81568385560608,0.00287941822532101,0.5,0.25,0.25,TRUE,NA
1757,56,22,"F3",100,0.2,0.5,15622,"fixed_1",TRUE,78.382,0.71813405679202,0.67903095083787,0.0391031059541502,0,0,1,TRUE,NA
1758,57,22,"F1",300,0.2,0.5,15722,"fixed_1",TRUE,95.778,0.958223895704932,0.980481974361933,-0.0222580786570008,0.125,0.25,0.625,TRUE,NA
1759,58,22,"F2",300,0.2,0.5,15822,"fixed_1",TRUE,96.615,0.928216695710565,0.964078018294266,-0.0358613225837012,0.5,0.25,0.25,TRUE,NA
1760,59,22,"F3",300,0.2,0.5,15922,"fixed_1",TRUE,91.367,0.669983958979106,0.592424939844327,0.0775590191347789,0.148148148148148,0.333333333333333,0.518518518518518,TRUE,NA
1761,60,22,"F1",1000,0.2,0.5,16022,"fixed_1",TRUE,269.881,0.991253942654182,0.991253943139096,-4.84913553755462e-10,0,1,0,FALSE,NA
1762,61,22,"F2",1000,0.2,0.5,16122,"fixed_1",TRUE,250.531,1.0070130682161,1.01048620513559,-0.00347313691948758,0.25,0.5,0.25,TRUE,NA
1763,62,22,"F3",1000,0.2,0.5,16222,"fixed_1",TRUE,264.58,0.792829503229184,0.77067952453637,0.022149978692814,0,0.416666666666667,0.583333333333333,TRUE,NA
1764,63,22,"F1",100,0.5,0.5,16322,"fixed_1",TRUE,80.304,0.921305358168538,0.824831983074198,0.0964733750943404,0.5,0.25,0.25,TRUE,NA
1765,64,22,"F2",100,0.5,0.5,16422,"fixed_1",TRUE,76.666,0.780708308896652,0.817920215068174,-0.0372119061715217,0,0.25,0.75,TRUE,NA
1766,65,22,"F3",100,0.5,0.5,16522,"fixed_1",TRUE,82.27,1.00386426955103,0.817164766618921,0.186699502932108,0.0916666666666667,0.075,0.833333333333333,TRUE,NA
1767,66,22,"F1",300,0.5,0.5,16622,"fixed_1",TRUE,93.746,0.759369800531266,0.782954121875231,-0.0235843213439649,0.5,0.5,0,FALSE,NA
1768,67,22,"F2",300,0.5,0.5,16722,"fixed_1",TRUE,90.58,0.916535185542559,0.928511878053876,-0.0119766925113172,0,0.25,0.75,TRUE,NA
1769,68,22,"F3",300,0.5,0.5,16822,"fixed_1",TRUE,94.88,0.605993768198889,0.600590469420117,0.00540329877877155,0.0333333333333333,0.966666666666667,0,FALSE,NA
1770,69,22,"F1",1000,0.5,0.5,16922,"fixed_1",TRUE,255.943,0.942392654733322,0.947149288433793,-0.00475663370047141,0.2125,0.7875,0,FALSE,NA
1771,70,22,"F2",1000,0.5,0.5,17022,"fixed_1",TRUE,289.525,0.810458370590312,0.82132722705046,-0.0108688564601482,0.25,0.691666666666667,0.0583333333333333,FALSE,NA
1772,71,22,"F3",1000,0.5,0.5,17122,"fixed_1",TRUE,272.389,0.69121261747327,0.696337308762681,-0.00512469128941029,0,0.95,0.05,FALSE,NA
1773,72,22,"F1",100,1,0.5,17222,"fixed_1",TRUE,76.942,0.710976989663307,0.680784921814273,0.0301920678490347,0.6125,0.3875,0,FALSE,NA
1774,73,22,"F2",100,1,0.5,17322,"fixed_1",TRUE,78.166,0.713445447532874,0.67225444115759,0.0411910063752844,0.25,0.15,0.6,TRUE,NA
1775,74,22,"F3",100,1,0.5,17422,"fixed_1",TRUE,87.558,0.814503592099451,0.759023896756134,0.0554796953433171,0,0.166666666666667,0.833333333333333,TRUE,NA
1776,75,22,"F1",300,1,0.5,17522,"fixed_1",TRUE,89.828,0.537101952073902,0.55035281009924,-0.0132508580253382,0.05,0.9,0.05,FALSE,NA
1777,76,22,"F2",300,1,0.5,17622,"fixed_1",TRUE,94.315,0.838868252761897,0.819691768630646,0.0191764841312504,0.330921052631579,0.49078947368421,0.178289473684211,FALSE,NA
1778,77,22,"F3",300,1,0.5,17722,"fixed_1",TRUE,100.751,0.529310122165963,0.536146192446616,-0.00683607028065247,0,0.972222222222222,0.0277777777777778,FALSE,NA
1779,78,22,"F1",1000,1,0.5,17822,"fixed_1",TRUE,269.084,0.457976595172359,0.457976597720726,-2.54836768354139e-09,0,1,0,FALSE,NA
1780,79,22,"F2",1000,1,0.5,17922,"fixed_1",TRUE,273.472,0.633732171386625,0.642639029822973,-0.00890685843634798,0.275,0.573611111111111,0.151388888888889,FALSE,NA
1781,80,22,"F3",1000,1,0.5,18022,"fixed_1",TRUE,271.968,0.429625280495669,0.429625282422425,-1.92675592147751e-09,0,1,0,FALSE,NA
1782,0,23,"F1",100,0.2,0.1,10023,"fixed_1",TRUE,77.162,0.855002465693004,0.864719519727758,-0.0097170540347542,0.35,0.15,0.5,TRUE,NA
1783,1,23,"F2",100,0.2,0.1,10123,"fixed_1",TRUE,77.25,0.90438991030203,0.917020550401911,-0.0126306400998818,0.25,0,0.75,TRUE,NA
1784,2,23,"F3",100,0.2,0.1,10223,"fixed_1",TRUE,79.705,0.555497699545517,0.546108057626791,0.0093896419187256,0,0.166666666666667,0.833333333333333,TRUE,NA
1785,3,23,"F1",300,0.2,0.1,10323,"fixed_1",TRUE,97.742,1.00491973848629,1.00110476450117,0.00381497398512032,0.25,0.5,0.25,TRUE,NA
1786,4,23,"F2",300,0.2,0.1,10423,"fixed_1",TRUE,99.577,0.912205750878049,0.993600540644184,-0.0813947897661355,0.25,0.25,0.5,TRUE,NA
1787,5,23,"F3",300,0.2,0.1,10523,"fixed_1",TRUE,96.182,0.735287176145273,0.686724763315892,0.048562412829381,0,0.333333333333333,0.666666666666667,TRUE,NA
1788,6,23,"F1",1000,0.2,0.1,10623,"fixed_1",TRUE,531.167,0.898065432837259,0.910110921599007,-0.0120454887617479,0.6,0.4,0,FALSE,NA
1789,7,23,"F2",1000,0.2,0.1,10723,"fixed_1",TRUE,489.807,0.920822106466173,0.95458259560187,-0.0337604891356967,0.475,0.4375,0.0875,FALSE,NA
1790,8,23,"F3",1000,0.2,0.1,10823,"fixed_1",TRUE,461.254,0.66960531553676,0.677416145700491,-0.00781083016373096,0.241666666666667,0.666666666666667,0.0916666666666667,FALSE,NA
1791,9,23,"F1",100,0.5,0.1,10923,"fixed_1",TRUE,72.807,0.842374789531245,0.816520043505774,0.0258547460254707,0.5,0.25,0.25,TRUE,NA
1792,10,23,"F2",100,0.5,0.1,11023,"fixed_1",TRUE,76.784,0.781248850422595,0.935232099674634,-0.153983249252039,0.75,0,0.25,TRUE,NA
1793,11,23,"F3",100,0.5,0.1,11123,"fixed_1",TRUE,79.063,0.717544169811674,0.744023420115979,-0.0264792503043048,0.108333333333333,0.225,0.666666666666667,TRUE,NA
1794,12,23,"F1",300,0.5,0.1,11223,"fixed_1",TRUE,95.387,0.921092868286923,0.926118103715547,-0.00502523542862388,0.302631578947368,0.631578947368421,0.0657894736842105,FALSE,NA
1795,13,23,"F2",300,0.5,0.1,11323,"fixed_1",TRUE,95.412,0.847763523177539,0.911442937400059,-0.0636794142225198,0.684210526315789,0.25,0.0657894736842105,FALSE,NA
1796,14,23,"F3",300,0.5,0.1,11423,"fixed_1",TRUE,108.749,0.590784000332538,0.59267776448622,-0.00189376415368181,0.166666666666667,0.833333333333333,0,FALSE,NA
1797,15,23,"F1",1000,0.5,0.1,11523,"fixed_1",TRUE,493.767,0.869145042261739,0.87274820557723,-0.00360316331549149,0.0875,0.9125,0,FALSE,NA
1798,16,23,"F2",1000,0.5,0.1,11623,"fixed_1",TRUE,491.045,0.855655272416667,0.877334207880364,-0.0216789354636968,0.75,0.25,0,FALSE,NA
1799,17,23,"F3",1000,0.5,0.1,11723,"fixed_1",TRUE,498.519,0.643658433226706,0.63812431967376,0.0055341135529462,0.125,0.5,0.375,FALSE,NA
1800,18,23,"F1",100,1,0.1,11823,"fixed_1",TRUE,76.724,0.71942022544172,0.721650303680099,-0.00223007823837829,0.0625,0.9375,0,FALSE,NA
1801,19,23,"F2",100,1,0.1,11923,"fixed_1",TRUE,87.733,0.706845397600905,0.749710517638508,-0.0428651200376026,0.5,0.25,0.25,TRUE,NA
1802,20,23,"F3",100,1,0.1,12023,"fixed_1",TRUE,79.55,0.643353273418326,0.690598795071975,-0.0472455216536487,0.166666666666667,0.166666666666667,0.666666666666667,TRUE,NA
1803,21,23,"F1",300,1,0.1,12123,"fixed_1",TRUE,97.208,0.498686323272518,0.505560674305992,-0.00687435103347434,0.15,0.85,0,FALSE,NA
1804,22,23,"F2",300,1,0.1,12223,"fixed_1",TRUE,100.485,0.615012598841949,0.641814401606375,-0.0268018027644259,0.716812865497076,0.230555555555556,0.0526315789473684,FALSE,NA
1805,23,23,"F3",300,1,0.1,12323,"fixed_1",TRUE,103.471,0.519339256088441,0.574892248152017,-0.055552992063576,0,0.878070175438596,0.121929824561403,FALSE,NA
1806,24,23,"F1",1000,1,0.1,12423,"fixed_1",TRUE,486.624,0.412003491725424,0.415092420830486,-0.00308892910506259,0.1,0.9,0,FALSE,NA
1807,25,23,"F2",1000,1,0.1,12523,"fixed_1",TRUE,471.056,0.492965498787156,0.511023477301277,-0.0180579785141205,0.4125,0.525,0.0625,FALSE,NA
1808,26,23,"F3",1000,1,0.1,12623,"fixed_1",TRUE,512.41,0.484561435896347,0.491611003458035,-0.00704956756168779,0,0.958333333333333,0.0416666666666667,FALSE,NA
1809,27,23,"F1",100,0.2,0.3,12723,"fixed_1",TRUE,80.629,0.765513044483508,0.770406368943093,-0.00489332445958524,0.4375,0.3125,0.25,TRUE,NA
1810,28,23,"F2",100,0.2,0.3,12823,"fixed_1",TRUE,82.231,0.932657350588037,0.953590183300739,-0.020932832712702,0.2125,0,0.7875,TRUE,NA
1811,29,23,"F3",100,0.2,0.3,12923,"fixed_1",TRUE,83.724,0.757511962063985,0.804794982115013,-0.0472830200510279,0,0,1,TRUE,NA
1812,30,23,"F1",300,0.2,0.3,13023,"fixed_1",TRUE,92.873,0.99029343542883,0.990172220858877,0.000121214569953287,0.25,0.75,0,FALSE,NA
1813,31,23,"F2",300,0.2,0.3,13123,"fixed_1",TRUE,94.173,0.866180978996575,0.93785162903153,-0.0716706500349544,0.75,0.25,0,FALSE,NA
1814,32,23,"F3",300,0.2,0.3,13223,"fixed_1",TRUE,94.386,0.765737311785238,0.728700273250827,0.0370370385344105,0,0.5,0.5,TRUE,NA
1815,33,23,"F1",1000,0.2,0.3,13323,"fixed_1",TRUE,339.434,1.00521021306457,1.00293413918962,0.00227607387495499,0.25,0.25,0.5,TRUE,NA
1816,34,23,"F2",1000,0.2,0.3,13423,"fixed_1",TRUE,336.537,1.01772718087875,1.05086628760995,-0.0331391067311995,0.5,0.25,0.25,TRUE,NA
1817,35,23,"F3",1000,0.2,0.3,13523,"fixed_1",TRUE,330.053,0.728355004252653,0.731226152484935,-0.00287114823228252,0,0.758333333333333,0.241666666666667,TRUE,NA
1818,36,23,"F1",100,0.5,0.3,13623,"fixed_1",TRUE,73.88,0.914566720102134,0.960889393439615,-0.0463226733374811,0.4875,0.0125,0.5,TRUE,NA
1819,37,23,"F2",100,0.5,0.3,13723,"fixed_1",TRUE,82.773,0.884136336832223,0.984853867015294,-0.100717530183071,0.472222222222222,0.5,0.0277777777777778,FALSE,NA
1820,38,23,"F3",100,0.5,0.3,13823,"fixed_1",TRUE,74.121,0.742371707926815,0.742371707787985,1.38830391627209e-10,0,0.833333333333333,0.166666666666667,TRUE,NA
1821,39,23,"F1",300,0.5,0.3,13923,"fixed_1",TRUE,90.771,0.825229057127164,0.816379037816666,0.00885001931049811,0.0857142857142857,0.860714285714286,0.0535714285714286,FALSE,NA
1822,40,23,"F2",300,0.5,0.3,14023,"fixed_1",TRUE,98.134,0.829758832268064,0.847824692143511,-0.018065859875447,0.640625,0.203125,0.15625,FALSE,NA
1823,41,23,"F3",300,0.5,0.3,14123,"fixed_1",TRUE,94.77,0.699769467568513,0.658102800103495,0.0416666674650177,0,0.5,0.5,TRUE,NA
1824,42,23,"F1",1000,0.5,0.3,14223,"fixed_1",TRUE,325.774,0.770976268206812,0.770976266910388,1.29642363511095e-09,0,1,0,FALSE,NA
1825,43,23,"F2",1000,0.5,0.3,14323,"fixed_1",TRUE,351.199,0.904604144656589,0.911418579525254,-0.00681443486866495,0.3125,0.6875,0,FALSE,NA
1826,44,23,"F3",1000,0.5,0.3,14423,"fixed_1",TRUE,371.127,0.687383053350363,0.655066254398764,0.0323167989515986,0.075,0.425,0.5,TRUE,NA
1827,45,23,"F1",100,1,0.3,14523,"fixed_1",TRUE,77.551,0.653788797029945,0.644385073342477,0.00940372368746722,0.25,0.6625,0.0875,FALSE,NA
1828,46,23,"F2",100,1,0.3,14623,"fixed_1",TRUE,72.656,0.880329229735679,0.877212545361609,0.00311668437407064,0.516524767801858,0.302631578947368,0.180843653250774,FALSE,NA
1829,47,23,"F3",100,1,0.3,14723,"fixed_1",TRUE,78.429,0.511234257928566,0.422953709170574,0.0882805487579919,0.166666666666667,0.666666666666667,0.166666666666667,TRUE,NA
1830,48,23,"F1",300,1,0.3,14823,"fixed_1",TRUE,99.589,0.61943463727903,0.619434634893876,2.38515451833621e-09,0,1,0,FALSE,NA
1831,49,23,"F2",300,1,0.3,14923,"fixed_1",TRUE,94.314,0.529113632998325,0.550639077357608,-0.0215254443592836,0.175,0.7,0.125,FALSE,NA
1832,50,23,"F3",300,1,0.3,15023,"fixed_1",TRUE,94.477,0.401435312766258,0.401435311403248,1.36301009368012e-09,0,1,0,FALSE,NA
1833,51,23,"F1",1000,1,0.3,15123,"fixed_1",TRUE,347.802,0.443702520241573,0.443702521582465,-1.34089206405008e-09,0,1,0,FALSE,NA
1834,52,23,"F2",1000,1,0.3,15223,"fixed_1",TRUE,348.267,0.636303581302119,0.65060557143719,-0.0143019901350711,0.225,0.6625,0.1125,FALSE,NA
1835,53,23,"F3",1000,1,0.3,15323,"fixed_1",TRUE,341.853,0.431279916844702,0.431279918377101,-1.53239892997092e-09,0,1,0,FALSE,NA
1836,54,23,"F1",100,0.2,0.5,15423,"fixed_1",TRUE,78.128,0.875165178729473,0.856749282941757,0.0184158957877161,0,0.75,0.25,TRUE,NA
1837,55,23,"F2",100,0.2,0.5,15523,"fixed_1",TRUE,76.75,0.819971528662917,0.867615443494042,-0.047643914831125,0.25,0.25,0.5,TRUE,NA
1838,56,23,"F3",100,0.2,0.5,15623,"fixed_1",TRUE,73.406,0.645083015417748,0.780896704349034,-0.135813688931286,0.158333333333333,0.00833333333333333,0.833333333333333,TRUE,NA
1839,57,23,"F1",300,0.2,0.5,15723,"fixed_1",TRUE,89.148,0.785692577250274,0.785692577002631,2.47643350270721e-10,0,1,0,FALSE,NA
1840,58,23,"F2",300,0.2,0.5,15823,"fixed_1",TRUE,87.968,1.08673086390673,1.08940096078604,-0.0026700968793123,0.108333333333333,0.6625,0.229166666666667,FALSE,NA
1841,59,23,"F3",300,0.2,0.5,15923,"fixed_1",TRUE,96.384,0.774778720274916,0.757079957563001,0.0176987627119152,0,0,1,TRUE,NA
1842,60,23,"F1",1000,0.2,0.5,16023,"fixed_1",TRUE,275.275,0.855650710048988,0.847498875319792,0.00815183472919667,0.25,0.5,0.25,TRUE,NA
1843,61,23,"F2",1000,0.2,0.5,16123,"fixed_1",TRUE,276.982,0.951096883919905,0.953428741644466,-0.00233185772456079,0.21875,0.78125,0,FALSE,NA
1844,62,23,"F3",1000,0.2,0.5,16223,"fixed_1",TRUE,267.607,0.746945636676194,0.721435432736164,0.0255102039400301,0.1,0.825,0.075,FALSE,NA
1845,63,23,"F1",100,0.5,0.5,16323,"fixed_1",TRUE,76.267,0.86712108180541,0.92520654835225,-0.0580854665468398,0,0.425,0.575,TRUE,NA
1846,64,23,"F2",100,0.5,0.5,16423,"fixed_1",TRUE,83.751,0.906304516623474,0.894216703843235,0.0120878127802386,0.25,0,0.75,TRUE,NA
1847,65,23,"F3",100,0.5,0.5,16523,"fixed_1",TRUE,75.113,0.709982118713978,0.693037424621042,0.0169446940929364,0,0,1,TRUE,NA
1848,66,23,"F1",300,0.5,0.5,16623,"fixed_1",TRUE,91.876,0.93371857263405,0.935114749891028,-0.00139617725697783,0,0.75,0.25,TRUE,NA
1849,67,23,"F2",300,0.5,0.5,16723,"fixed_1",TRUE,89.393,0.806957615836887,0.84105492092697,-0.0340973050900824,0.75,0.25,0,FALSE,NA
1850,68,23,"F3",300,0.5,0.5,16823,"fixed_1",TRUE,100.376,0.827695098375975,0.804326277154255,0.0233688212217205,0,0.166666666666667,0.833333333333333,TRUE,NA
1851,69,23,"F1",1000,0.5,0.5,16923,"fixed_1",TRUE,266.933,0.80497641252919,0.804976413351919,-8.22729662175448e-10,0,1,0,FALSE,NA
1852,70,23,"F2",1000,0.5,0.5,17023,"fixed_1",TRUE,266.99,1.0621802416373,1.05698404657466,0.00519619506263602,0.7125,0.2875,0,FALSE,NA
1853,71,23,"F3",1000,0.5,0.5,17123,"fixed_1",TRUE,262.213,0.681018095587163,0.671085612559876,0.00993248302728689,0.075,0.316666666666667,0.608333333333333,FALSE,NA
1854,72,23,"F1",100,1,0.5,17223,"fixed_1",TRUE,75.723,0.51760557512575,0.513123481994122,0.00448209313162773,0.2,0.75,0.05,FALSE,NA
1855,73,23,"F2",100,1,0.5,17323,"fixed_1",TRUE,81.016,0.616793566850329,0.563445210819448,0.0533483560308813,0.5,0.275,0.225,FALSE,NA
1856,74,23,"F3",100,1,0.5,17423,"fixed_1",TRUE,81.292,0.701536714373689,0.665996157180172,0.0355405571935163,0.166666666666667,0.166666666666667,0.666666666666667,TRUE,NA
1857,75,23,"F1",300,1,0.5,17523,"fixed_1",TRUE,91.566,0.628279893369482,0.628279891194547,2.17493523191337e-09,0,1,0,FALSE,NA
1858,76,23,"F2",300,1,0.5,17623,"fixed_1",TRUE,104.614,0.740643476342683,0.745183042442842,-0.0045395661001586,0.453125,0.3,0.246875,FALSE,NA
1859,77,23,"F3",300,1,0.5,17723,"fixed_1",TRUE,100.333,0.53865260998925,0.538652610496384,-5.07134001459519e-10,0,0.5,0.5,TRUE,NA
1860,78,23,"F1",1000,1,0.5,17823,"fixed_1",TRUE,263.605,0.479929624701565,0.483176948506093,-0.00324732380452813,0.375,0.625,0,FALSE,NA
1861,79,23,"F2",1000,1,0.5,17923,"fixed_1",TRUE,270.504,0.593401249012644,0.592133091911501,0.00126815710114325,0.0625,0.9125,0.025,FALSE,NA
1862,80,23,"F3",1000,1,0.5,18023,"fixed_1",TRUE,273.258,0.458285136234483,0.456696874570855,0.00158826166362841,0.105263157894737,0.747076023391813,0.14766081871345,FALSE,NA
1863,0,24,"F1",100,0.2,0.1,10024,"fixed_1",TRUE,72.788,1.03276692811885,1.04948287608499,-0.0167159479661458,0,0.5,0.5,TRUE,NA
1864,1,24,"F2",100,0.2,0.1,10124,"fixed_1",TRUE,82.001,1.09748445119554,1.11643132438338,-0.0189468731878417,0.5,0.25,0.25,TRUE,NA
1865,2,24,"F3",100,0.2,0.1,10224,"fixed_1",TRUE,80.617,0.67580269060581,0.695336148328959,-0.0195334577231492,0,0.666666666666667,0.333333333333333,TRUE,NA
1866,3,24,"F1",300,0.2,0.1,10324,"fixed_1",TRUE,95.724,0.974608870124854,0.995265138656672,-0.0206562685318179,0.5,0.5,0,FALSE,NA
1867,4,24,"F2",300,0.2,0.1,10424,"fixed_1",TRUE,100.807,0.819885719833036,0.913614938323887,-0.0937292184908508,0.5,0,0.5,TRUE,NA
1868,5,24,"F3",300,0.2,0.1,10524,"fixed_1",TRUE,98.725,0.7805976410475,0.833982208006034,-0.0533845669585337,0.333333333333333,0,0.666666666666667,TRUE,NA
1869,6,24,"F1",1000,0.2,0.1,10624,"fixed_1",TRUE,504.683,0.926447119241743,0.932195254700084,-0.00574813545834163,0.5125,0.4875,0,FALSE,NA
1870,7,24,"F2",1000,0.2,0.1,10724,"fixed_1",TRUE,501.307,0.868612561330011,0.920721642002663,-0.0521090806726519,0.6875,0.1875,0.125,FALSE,NA
1871,8,24,"F3",1000,0.2,0.1,10824,"fixed_1",TRUE,475.58,0.679383718134042,0.686492161911439,-0.0071084437773975,0.125,0.865740740740741,0.00925925925925926,FALSE,NA
1872,9,24,"F1",100,0.5,0.1,10924,"fixed_1",TRUE,82.176,0.762181812806482,0.79547289055009,-0.0332910777436076,0.5,0.475,0.025,FALSE,NA
1873,10,24,"F2",100,0.5,0.1,11024,"fixed_1",TRUE,75.852,0.72004833572091,0.810630057224417,-0.0905817215035067,0.455263157894737,0.261336032388664,0.283400809716599,FALSE,NA
1874,11,24,"F3",100,0.5,0.1,11124,"fixed_1",TRUE,82.141,0.609205970310338,0.565052913070285,0.0441530572400527,0.257843137254902,0.225490196078431,0.516666666666667,TRUE,NA
1875,12,24,"F1",300,0.5,0.1,11224,"fixed_1",TRUE,99.661,0.869576876878823,0.87998331673822,-0.0104064398593969,0.25,0.75,0,FALSE,NA
1876,13,24,"F2",300,0.5,0.1,11324,"fixed_1",TRUE,100.731,0.790691906551614,0.856388772142389,-0.0656968655907748,0.75,0.25,0,FALSE,NA
1877,14,24,"F3",300,0.5,0.1,11424,"fixed_1",TRUE,106.142,0.692153442254053,0.690136201345708,0.0020172409083451,0.166666666666667,0.666666666666667,0.166666666666667,TRUE,NA
1878,15,24,"F1",1000,0.5,0.1,11524,"fixed_1",TRUE,552.976,0.861532065472032,0.869665779120025,-0.0081337136479922,0.473026315789474,0.526973684210526,0,FALSE,NA
1879,16,24,"F2",1000,0.5,0.1,11624,"fixed_1",TRUE,484.712,0.881622277938511,0.927990244209627,-0.0463679662711166,0.5,0.4,0.1,FALSE,NA
1880,17,24,"F3",1000,0.5,0.1,11724,"fixed_1",TRUE,510.465,0.67475936427132,0.672327766735789,0.0024315975355309,0.131578947368421,0.570857699805068,0.297563352826511,FALSE,NA
1881,18,24,"F1",100,1,0.1,11824,"fixed_1",TRUE,78.924,0.627513413120385,0.627513417246157,-4.12577183528384e-09,0,1,0,FALSE,NA
1882,19,24,"F2",100,1,0.1,11924,"fixed_1",TRUE,87.817,0.658828839379143,0.635201879389573,0.02362695998957,0.4375,0.25,0.3125,TRUE,NA
1883,20,24,"F3",100,1,0.1,12024,"fixed_1",TRUE,77.308,0.490694561811855,0.490694565017066,-3.20521093000181e-09,0,1,0,FALSE,NA
1884,21,24,"F1",300,1,0.1,12124,"fixed_1",TRUE,107.078,0.486725912385295,0.487495921457386,-0.000770009072090794,0.290789473684211,0.696710526315789,0.0125,FALSE,NA
1885,22,24,"F2",300,1,0.1,12224,"fixed_1",TRUE,95.8,0.636406244378979,0.68835445688398,-0.0519482125050016,0.7125,0.175,0.1125,FALSE,NA
1886,23,24,"F3",300,1,0.1,12324,"fixed_1",TRUE,94.576,0.483606336656216,0.51334528008909,-0.0297389434328741,0.241666666666667,0.666666666666667,0.0916666666666667,FALSE,NA
1887,24,24,"F1",1000,1,0.1,12424,"fixed_1",TRUE,499.678,0.481416238419012,0.481416239150879,-7.31867788594798e-10,0,1,0,FALSE,NA
1888,25,24,"F2",1000,1,0.1,12524,"fixed_1",TRUE,480.044,0.524680477752888,0.538065234935037,-0.0133847571821488,0.25,0.7,0.05,FALSE,NA
1889,26,24,"F3",1000,1,0.1,12624,"fixed_1",TRUE,469.363,0.486658806647849,0.486658807135147,-4.87298534856961e-10,0,1,0,FALSE,NA
1890,27,24,"F1",100,0.2,0.3,12724,"fixed_1",TRUE,71.113,0.954179562246275,0.982213730659899,-0.0280341684136245,0.25,0,0.75,TRUE,NA
1891,28,24,"F2",100,0.2,0.3,12824,"fixed_1",TRUE,76.501,1.20439811850987,1.12367211280376,0.0807260057061159,0.5,0,0.5,TRUE,NA
1892,29,24,"F3",100,0.2,0.3,12924,"fixed_1",TRUE,80.72,0.632869425716434,0.60509164777631,0.0277777779401238,0,0.333333333333333,0.666666666666667,TRUE,NA
1893,30,24,"F1",300,0.2,0.3,13024,"fixed_1",TRUE,91.935,1.00893487588085,1.02683199901526,-0.0178971231344078,0.5,0.5,0,FALSE,NA
1894,31,24,"F2",300,0.2,0.3,13124,"fixed_1",TRUE,90.993,0.92474225474013,0.980081780117478,-0.0553395253773482,0.5,0.5,0,FALSE,NA
1895,32,24,"F3",300,0.2,0.3,13224,"fixed_1",TRUE,95.779,0.73902062228303,0.692327160683723,0.0466934615993069,0.155128205128205,0.261538461538462,0.583333333333333,TRUE,NA
1896,33,24,"F1",1000,0.2,0.3,13324,"fixed_1",TRUE,348.947,0.974487640444528,0.975404060309891,-0.000916419865363505,0.625,0.375,0,FALSE,NA
1897,34,24,"F2",1000,0.2,0.3,13424,"fixed_1",TRUE,385.341,0.948865603394969,0.961353579110496,-0.0124879757155268,0.25,0.65,0.1,FALSE,NA
1898,35,24,"F3",1000,0.2,0.3,13524,"fixed_1",TRUE,351.308,0.781601213769605,0.739047964250364,0.0425532495192407,0,0.3,0.7,TRUE,NA
1899,36,24,"F1",100,0.5,0.3,13624,"fixed_1",TRUE,71.978,0.668227566628966,0.700149178439947,-0.0319216118109805,0.75,0.25,0,FALSE,NA
1900,37,24,"F2",100,0.5,0.3,13724,"fixed_1",TRUE,70.624,0.863862280801186,0.849311817973085,0.0145504628281008,0,0.5,0.5,TRUE,NA
1901,38,24,"F3",100,0.5,0.3,13824,"fixed_1",TRUE,82.02,0.706786909944298,0.718203068956372,-0.0114161590120744,0,0.166666666666667,0.833333333333333,TRUE,NA
1902,39,24,"F1",300,0.5,0.3,13924,"fixed_1",TRUE,94.419,0.802790394207753,0.802376688733028,0.000413705474724857,0,0.75,0.25,TRUE,NA
1903,40,24,"F2",300,0.5,0.3,14024,"fixed_1",TRUE,95.159,0.862987939287445,0.880082865704236,-0.0170949264167911,0.25,0.75,0,FALSE,NA
1904,41,24,"F3",300,0.5,0.3,14124,"fixed_1",TRUE,94.179,0.561376804359633,0.634855064739949,-0.0734782603803156,0,0.508333333333333,0.491666666666667,TRUE,NA
1905,42,24,"F1",1000,0.5,0.3,14224,"fixed_1",TRUE,329.497,0.828830052096556,0.828830051586324,5.10232522898946e-10,0,1,0,FALSE,NA
1906,43,24,"F2",1000,0.5,0.3,14324,"fixed_1",TRUE,366.562,1.02241457270939,1.02503210879068,-0.00261753608128279,0.0789473684210526,0.883552631578947,0.0375,FALSE,NA
1907,44,24,"F3",1000,0.5,0.3,14424,"fixed_1",TRUE,362.62,0.743078022293165,0.728372139549276,0.0147058827438885,0.05,0.458333333333333,0.491666666666667,FALSE,NA
1908,45,24,"F1",100,1,0.3,14524,"fixed_1",TRUE,73.263,0.514340039030039,0.528105628112341,-0.0137655890823024,0.409090909090909,0.528409090909091,0.0625,FALSE,NA
1909,46,24,"F2",100,1,0.3,14624,"fixed_1",TRUE,75.116,0.794947061197239,0.724497611570562,0.0704494496266763,0,0.828947368421053,0.171052631578947,FALSE,NA
1910,47,24,"F3",100,1,0.3,14724,"fixed_1",TRUE,78.338,0.572459067103744,0.553888585966726,0.0185704811370184,0,0.283333333333333,0.716666666666667,TRUE,NA
1911,48,24,"F1",300,1,0.3,14824,"fixed_1",TRUE,89.037,0.672629858861159,0.662977198604384,0.00965266025677514,0.223684210526316,0.763157894736842,0.0131578947368421,FALSE,NA
1912,49,24,"F2",300,1,0.3,14924,"fixed_1",TRUE,92.662,0.640303813441886,0.64908586768454,-0.00878205424265399,0.486111111111111,0.5,0.0138888888888889,FALSE,NA
1913,50,24,"F3",300,1,0.3,15024,"fixed_1",TRUE,93.401,0.496346711470979,0.500212321701621,-0.00386561023064214,0,0.983333333333333,0.0166666666666667,FALSE,NA
1914,51,24,"F1",1000,1,0.3,15124,"fixed_1",TRUE,362.953,0.410800451053635,0.410976078572808,-0.000175627519172994,0.175,0.825,0,FALSE,NA
1915,52,24,"F2",1000,1,0.3,15224,"fixed_1",TRUE,340.141,0.488910945108433,0.493479796163644,-0.00456885105521171,0.2375,0.7625,0,FALSE,NA
1916,53,24,"F3",1000,1,0.3,15324,"fixed_1",TRUE,342.751,0.464345764729326,0.469189624794259,-0.00484386006493281,0,0.981481481481482,0.0185185185185185,FALSE,NA
1917,54,24,"F1",100,0.2,0.5,15424,"fixed_1",TRUE,82.637,0.838651531239027,0.844872925997464,-0.00622139475843708,0.13,0.12,0.75,TRUE,NA
1918,55,24,"F2",100,0.2,0.5,15524,"fixed_1",TRUE,75.537,0.812750443873889,0.957109529534479,-0.14435908566059,0.4,0.1,0.5,TRUE,NA
1919,56,24,"F3",100,0.2,0.5,15624,"fixed_1",TRUE,79.562,0.850889606458853,0.755485301029509,0.0954043054293442,0.166666666666667,0,0.833333333333333,TRUE,NA
1920,57,24,"F1",300,0.2,0.5,15724,"fixed_1",TRUE,99.886,0.948899584418121,0.908745229493786,0.0401543549243351,0.25,0,0.75,TRUE,NA
1921,58,24,"F2",300,0.2,0.5,15824,"fixed_1",TRUE,91.523,1.02427633092913,1.07688054918029,-0.0526042182511564,0.736111111111111,0.25,0.0138888888888889,FALSE,NA
1922,59,24,"F3",300,0.2,0.5,15924,"fixed_1",TRUE,99.213,0.849520578814127,0.927515002171644,-0.0779944233575169,0,0.166666666666667,0.833333333333333,TRUE,NA
1923,60,24,"F1",1000,0.2,0.5,16024,"fixed_1",TRUE,289.243,0.823055439252448,0.825449240079034,-0.00239380082658558,0.5,0.5,0,FALSE,NA
1924,61,24,"F2",1000,0.2,0.5,16124,"fixed_1",TRUE,285.459,0.896035063400171,0.919009178675501,-0.0229741152753296,0.5,0.5,0,FALSE,NA
1925,62,24,"F3",1000,0.2,0.5,16224,"fixed_1",TRUE,278.585,0.684143252588302,0.699887119841263,-0.0157438672529607,0.214912280701754,0.75,0.0350877192982456,FALSE,NA
1926,63,24,"F1",100,0.5,0.5,16324,"fixed_1",TRUE,84.96,0.881962258028448,0.825169673949332,0.0567925840791158,0.433333333333333,0.25,0.316666666666667,TRUE,NA
1927,64,24,"F2",100,0.5,0.5,16424,"fixed_1",TRUE,78.025,0.861642806007067,0.86307428511473,-0.00143147910766372,0,0.425,0.575,TRUE,NA
1928,65,24,"F3",100,0.5,0.5,16524,"fixed_1",TRUE,79.298,0.783901633403169,0.647238605690699,0.136663027712471,0,0.666666666666667,0.333333333333333,TRUE,NA
1929,66,24,"F1",300,0.5,0.5,16624,"fixed_1",TRUE,86.139,1.02148372801986,0.968323638258149,0.0531600897617066,0.4625,0.275,0.2625,TRUE,NA
1930,67,24,"F2",300,0.5,0.5,16724,"fixed_1",TRUE,97.133,0.805021363040887,0.860562357833474,-0.0555409947925875,0.63125,0.0875,0.28125,TRUE,NA
1931,68,24,"F3",300,0.5,0.5,16824,"fixed_1",TRUE,97.832,0.681088980193241,0.695338827544964,-0.014249847351723,0.616666666666667,0.166666666666667,0.216666666666667,TRUE,NA
1932,69,24,"F1",1000,0.5,0.5,16924,"fixed_1",TRUE,268.958,0.828366061525799,0.828763186496723,-0.000397124970924034,0,0.930769230769231,0.0692307692307692,FALSE,NA
1933,70,24,"F2",1000,0.5,0.5,17024,"fixed_1",TRUE,266.821,0.808436666016359,0.808436664503698,1.51266110748338e-09,0,1,0,FALSE,NA
1934,71,24,"F3",1000,0.5,0.5,17124,"fixed_1",TRUE,259.308,0.703299238938335,0.635502628991132,0.0677966099472027,0,0.833333333333333,0.166666666666667,TRUE,NA
1935,72,24,"F1",100,1,0.5,17224,"fixed_1",TRUE,83.372,0.656582508650583,0.673692582872299,-0.0171100742217164,0.458333333333333,0.5,0.0416666666666667,FALSE,NA
1936,73,24,"F2",100,1,0.5,17324,"fixed_1",TRUE,80.715,0.667711006030701,0.656204112284358,0.0115068937463433,0.15,0.7125,0.1375,FALSE,NA
1937,74,24,"F3",100,1,0.5,17424,"fixed_1",TRUE,84.668,0.493416033119682,0.703386069804199,-0.209970036684516,0,0.166666666666667,0.833333333333333,TRUE,NA
1938,75,24,"F1",300,1,0.5,17524,"fixed_1",TRUE,96.778,0.574924063204173,0.572559856193932,0.00236420701024098,0,0.966666666666667,0.0333333333333333,FALSE,NA
1939,76,24,"F2",300,1,0.5,17624,"fixed_1",TRUE,91.836,0.614568023711905,0.643654480759543,-0.0290864570476382,0.75,0.25,0,FALSE,NA
1940,77,24,"F3",300,1,0.5,17724,"fixed_1",TRUE,95.096,0.702808678590242,0.568895983539655,0.133912695050588,0.192982456140351,0.0185185185185185,0.788499025341131,TRUE,NA
1941,78,24,"F1",1000,1,0.5,17824,"fixed_1",TRUE,274.113,0.519612294154422,0.519612294475331,-3.20909077089482e-10,0,1,0,FALSE,NA
1942,79,24,"F2",1000,1,0.5,17924,"fixed_1",TRUE,270.23,0.623523493451784,0.61473592986632,0.00878756358546429,0.368421052631579,0.4625,0.169078947368421,FALSE,NA
1943,80,24,"F3",1000,1,0.5,18024,"fixed_1",TRUE,256.443,0.546842749656243,0.54684275027591,-6.1966731745855e-10,0,1,0,FALSE,NA
1944,0,25,"F1",100,0.2,0.1,10025,"fixed_1",TRUE,80.589,0.962532818511465,0.953981619144696,0.00855119936676907,0,0.75,0.25,TRUE,NA
1945,1,25,"F2",100,0.2,0.1,10125,"fixed_1",TRUE,78.513,1.12842732908187,1.20350058425046,-0.0750732551685855,0.5,0.25,0.25,TRUE,NA
1946,2,25,"F3",100,0.2,0.1,10225,"fixed_1",TRUE,75.139,0.734355750076457,0.694749228883194,0.0396065211932629,0.166666666666667,0.166666666666667,0.666666666666667,TRUE,NA
1947,3,25,"F1",300,0.2,0.1,10325,"fixed_1",TRUE,99.262,0.88005459010153,0.885592372724692,-0.00553778262316196,0.25,0.75,0,FALSE,NA
1948,4,25,"F2",300,0.2,0.1,10425,"fixed_1",TRUE,96.039,0.920555165444786,0.956597144425516,-0.0360419789807294,0.75,0,0.25,TRUE,NA
1949,5,25,"F3",300,0.2,0.1,10525,"fixed_1",TRUE,89.223,0.771695189062809,0.761110591519882,0.0105845975429272,0.166666666666667,0.166666666666667,0.666666666666667,TRUE,NA
1950,6,25,"F1",1000,0.2,0.1,10625,"fixed_1",TRUE,526.193,0.96534602822265,0.981746551340522,-0.0164005231178724,0.475,0.525,0,FALSE,NA
1951,7,25,"F2",1000,0.2,0.1,10725,"fixed_1",TRUE,476.395,0.941550223511099,0.977000380526728,-0.0354501570156287,0.5,0.5,0,FALSE,NA
1952,8,25,"F3",1000,0.2,0.1,10825,"fixed_1",TRUE,507.311,0.755351475883833,0.750634494934452,0.00471698094938089,0,0.5,0.5,TRUE,NA
1953,9,25,"F1",100,0.5,0.1,10925,"fixed_1",TRUE,80.983,0.80986847618632,0.825217783849709,-0.0153493076633885,0.486842105263158,0.25,0.263157894736842,TRUE,NA
1954,10,25,"F2",100,0.5,0.1,11025,"fixed_1",TRUE,74.779,0.66695146930171,0.807554990504672,-0.140603521202961,0.4125,0,0.5875,TRUE,NA
1955,11,25,"F3",100,0.5,0.1,11125,"fixed_1",TRUE,78.411,0.854848889538579,0.861203538225882,-0.00635464868730262,0,0.706730769230769,0.293269230769231,FALSE,NA
1956,12,25,"F1",300,0.5,0.1,11225,"fixed_1",TRUE,91.819,0.820741924040143,0.849350147023951,-0.0286082229838076,0.65,0.35,0,FALSE,NA
1957,13,25,"F2",300,0.5,0.1,11325,"fixed_1",TRUE,94.447,0.899406563897679,0.954189584454863,-0.0547830205571849,0.721217105263158,0.25,0.0287828947368421,FALSE,NA
1958,14,25,"F3",300,0.5,0.1,11425,"fixed_1",TRUE,99.913,0.580111773315008,0.592348158870183,-0.0122363855551746,0.0666666666666667,0.525,0.408333333333333,FALSE,NA
1959,15,25,"F1",1000,0.5,0.1,11525,"fixed_1",TRUE,536.702,0.887601575711234,0.887601575731203,-1.99688043878155e-11,0,1,0,FALSE,NA
1960,16,25,"F2",1000,0.5,0.1,11625,"fixed_1",TRUE,481.615,0.928732274231407,0.968654984562174,-0.039922710330767,0.585576923076923,0.414423076923077,0,FALSE,NA
1961,17,25,"F3",1000,0.5,0.1,11725,"fixed_1",TRUE,463.877,0.584777553984889,0.585763268915207,-0.000985714930318071,0.0333333333333333,0.966666666666667,0,FALSE,NA
1962,18,25,"F1",100,1,0.1,11825,"fixed_1",TRUE,83.269,0.720772527870004,0.716624938202068,0.00414758966793605,0.210526315789474,0.75,0.0394736842105263,FALSE,NA
1963,19,25,"F2",100,1,0.1,11925,"fixed_1",TRUE,75.737,0.657542680531743,0.69931181046116,-0.0417691299294168,0.2,0.75,0.05,FALSE,NA
1964,20,25,"F3",100,1,0.1,12025,"fixed_1",TRUE,80.195,0.507098157868694,0.517847594684098,-0.0107494368154032,0.166666666666667,0.833333333333333,0,FALSE,NA
1965,21,25,"F1",300,1,0.1,12125,"fixed_1",TRUE,103.044,0.575277522887405,0.575277523042042,-1.54637413984915e-10,0,1,0,FALSE,NA
1966,22,25,"F2",300,1,0.1,12225,"fixed_1",TRUE,92.738,0.447367505656797,0.492502067595623,-0.0451345619388259,0.675,0.275,0.05,FALSE,NA
1967,23,25,"F3",300,1,0.1,12325,"fixed_1",TRUE,98,0.475653318700637,0.475653319898798,-1.19816101484815e-09,0,0.875,0.125,FALSE,NA
1968,24,25,"F1",1000,1,0.1,12425,"fixed_1",TRUE,481.762,0.42073583817227,0.420740382161915,-4.54398964505609e-06,0.1375,0.8625,0,FALSE,NA
1969,25,25,"F2",1000,1,0.1,12525,"fixed_1",TRUE,518.001,0.577522606018181,0.600260559092378,-0.022737953074197,0.659722222222222,0.2875,0.0527777777777778,FALSE,NA
1970,26,25,"F3",1000,1,0.1,12625,"fixed_1",TRUE,453.633,0.379191385802124,0.379191386340095,-5.37971556191508e-10,0,1,0,FALSE,NA
1971,27,25,"F1",100,0.2,0.3,12725,"fixed_1",TRUE,74.304,1.19508969273735,1.15091906744601,0.0441706252913385,0,0.5,0.5,TRUE,NA
1972,28,25,"F2",100,0.2,0.3,12825,"fixed_1",TRUE,78.417,0.912458170819201,0.939757190974315,-0.0272990201551139,0,0,1,TRUE,NA
1973,29,25,"F3",100,0.2,0.3,12925,"fixed_1",TRUE,84.441,0.852960425745811,0.859673501993803,-0.006713076247992,0,0.666666666666667,0.333333333333333,TRUE,NA
1974,30,25,"F1",300,0.2,0.3,13025,"fixed_1",TRUE,92.373,0.795874166256591,0.786799998568072,0.0090741676885181,0.125,0.5,0.375,TRUE,NA
1975,31,25,"F2",300,0.2,0.3,13125,"fixed_1",TRUE,87.27,0.868151676813138,0.899352908180584,-0.031201231367446,0.6,0.25,0.15,FALSE,NA
1976,32,25,"F3",300,0.2,0.3,13225,"fixed_1",TRUE,99.186,0.719150895539045,0.714581868537224,0.00456902700182138,0,0.684210526315789,0.315789473684211,TRUE,NA
1977,33,25,"F1",1000,0.2,0.3,13325,"fixed_1",TRUE,371.617,0.978534488068917,0.975855495730013,0.00267899233890401,0.25,0.25,0.5,TRUE,NA
1978,34,25,"F2",1000,0.2,0.3,13425,"fixed_1",TRUE,367.716,0.879423318593228,0.911754037609936,-0.0323307190167088,0.5,0.25,0.25,TRUE,NA
1979,35,25,"F3",1000,0.2,0.3,13525,"fixed_1",TRUE,354.07,0.726085158024748,0.734216062316144,-0.00813090429139562,0,0.333333333333333,0.666666666666667,TRUE,NA
1980,36,25,"F1",100,0.5,0.3,13625,"fixed_1",TRUE,77.73,0.745092105784259,0.748015946136902,-0.00292384035264348,0.25,0.5,0.25,TRUE,NA
1981,37,25,"F2",100,0.5,0.3,13725,"fixed_1",TRUE,72.658,0.9763613106748,0.982967802570775,-0.0066064918959754,0.1375,0.3625,0.5,TRUE,NA
1982,38,25,"F3",100,0.5,0.3,13825,"fixed_1",TRUE,79.281,0.691396880151613,0.584680438489722,0.106716441661892,0.166666666666667,0,0.833333333333333,TRUE,NA
1983,39,25,"F1",300,0.5,0.3,13925,"fixed_1",TRUE,88.163,0.786785438291743,0.78678543606946,2.22228357937837e-09,0,1,0,FALSE,NA
1984,40,25,"F2",300,0.5,0.3,14025,"fixed_1",TRUE,88.485,0.828208063590831,0.838682142090793,-0.0104740784999615,0,0.75,0.25,TRUE,NA
1985,41,25,"F3",300,0.5,0.3,14125,"fixed_1",TRUE,102.202,0.657184133151326,0.65945584503598,-0.0022717118846538,0.308333333333333,0.166666666666667,0.525,TRUE,NA
1986,42,25,"F1",1000,0.5,0.3,14225,"fixed_1",TRUE,369.404,0.865797230443946,0.865756328930781,4.0901513164715e-05,0.225,0.775,0,FALSE,NA
1987,43,25,"F2",1000,0.5,0.3,14325,"fixed_1",TRUE,359.389,0.856782903122743,0.895088198636805,-0.0383052955140619,0.7625,0.2125,0.025,FALSE,NA
1988,44,25,"F3",1000,0.5,0.3,14425,"fixed_1",TRUE,356.154,0.663303429973368,0.663303429856191,1.17176823799525e-10,0,1,0,FALSE,NA
1989,45,25,"F1",100,1,0.3,14525,"fixed_1",TRUE,70.321,0.580407199841238,0.601772586542452,-0.0213653867012136,0.2125,0.75,0.0375,FALSE,NA
1990,46,25,"F2",100,1,0.3,14625,"fixed_1",TRUE,78.691,0.748075611050599,0.849222185149606,-0.101146574099007,0.25,0.5,0.25,TRUE,NA
1991,47,25,"F3",100,1,0.3,14725,"fixed_1",TRUE,75.608,0.545905612426745,0.48874462092041,0.0571609915063359,0,0.8125,0.1875,TRUE,NA
1992,48,25,"F1",300,1,0.3,14825,"fixed_1",TRUE,94.472,0.65743817542795,0.666872852554101,-0.00943467712615131,0.475,0.525,0,FALSE,NA
1993,49,25,"F2",300,1,0.3,14925,"fixed_1",TRUE,97.79,0.623506181625123,0.651867757596878,-0.028361575971755,0.422222222222222,0.375,0.202777777777778,FALSE,NA
1994,50,25,"F3",300,1,0.3,15025,"fixed_1",TRUE,97.54,0.640312268563111,0.649846836385712,-0.00953456782260065,0,0.785087719298246,0.214912280701754,FALSE,NA
1995,51,25,"F1",1000,1,0.3,15125,"fixed_1",TRUE,366.731,0.484120919627102,0.484120919615306,1.17953424805251e-11,0,1,0,FALSE,NA
1996,52,25,"F2",1000,1,0.3,15225,"fixed_1",TRUE,380.532,0.572013653206357,0.595666839992607,-0.0236531867862498,0.4,0.5625,0.0375,FALSE,NA
1997,53,25,"F3",1000,1,0.3,15325,"fixed_1",TRUE,347.578,0.480970629919908,0.480970627763697,2.156210932025e-09,0,1,0,FALSE,NA
1998,54,25,"F1",100,0.2,0.5,15425,"fixed_1",TRUE,79.112,1.07696245274348,1.06288659537145,0.0140758573720268,0,0.25,0.75,TRUE,NA
1999,55,25,"F2",100,0.2,0.5,15525,"fixed_1",TRUE,74.045,0.921693610847258,0.935097690223288,-0.0134040793760301,0,0,1,TRUE,NA
2000,56,25,"F3",100,0.2,0.5,15625,"fixed_1",TRUE,81.543,0.995702438281509,0.987765929523143,0.00793650875836582,0,0.333333333333333,0.666666666666667,TRUE,NA
2001,57,25,"F1",300,0.2,0.5,15725,"fixed_1",TRUE,89.196,1.0559756451983,1.07359738571123,-0.0176217405129242,0,0.75,0.25,TRUE,NA
2002,58,25,"F2",300,0.2,0.5,15825,"fixed_1",TRUE,85.329,0.958989018536576,0.962126449337796,-0.0031374308012192,0.625,0.25,0.125,FALSE,NA
2003,59,25,"F3",300,0.2,0.5,15925,"fixed_1",TRUE,85.15,0.653475108499124,0.665084988647765,-0.0116098801486416,0.333333333333333,0.5,0.166666666666667,TRUE,NA
2004,60,25,"F1",1000,0.2,0.5,16025,"fixed_1",TRUE,272.075,0.910679748682512,0.914940142092388,-0.00426039340987616,0.25,0.75,0,FALSE,NA
2005,61,25,"F2",1000,0.2,0.5,16125,"fixed_1",TRUE,281.743,1.00267236368718,1.01933725056202,-0.0166648868748445,0.1375,0.6125,0.25,TRUE,NA
2006,62,25,"F3",1000,0.2,0.5,16225,"fixed_1",TRUE,296.003,0.690923440881542,0.693423488919386,-0.00250004803784409,0.133333333333333,0.7,0.166666666666667,TRUE,NA
2007,63,25,"F1",100,0.5,0.5,16325,"fixed_1",TRUE,72.253,0.600389251325974,0.603183272998464,-0.00279402167249021,0.0375,0.9625,0,FALSE,NA
2008,64,25,"F2",100,0.5,0.5,16425,"fixed_1",TRUE,67.377,1.14295472051415,1.12919239111064,0.0137623294035183,0.25,0.5,0.25,TRUE,NA
2009,65,25,"F3",100,0.5,0.5,16525,"fixed_1",TRUE,72.306,0.745391778594448,0.608227319038769,0.137164459555679,0.158333333333333,0.175,0.666666666666667,TRUE,NA
2010,66,25,"F1",300,0.5,0.5,16625,"fixed_1",TRUE,89.394,0.915189909264681,0.858981982565726,0.0562079266989555,0,0.5,0.5,TRUE,NA
2011,67,25,"F2",300,0.5,0.5,16725,"fixed_1",TRUE,94.864,1.02318190229427,1.02973108701395,-0.00654918471968102,0,0.75,0.25,TRUE,NA
2012,68,25,"F3",300,0.5,0.5,16825,"fixed_1",TRUE,94.963,0.673708763183876,0.668895154804637,0.00481360837923883,0.0833333333333333,0.916666666666667,0,FALSE,NA
2013,69,25,"F1",1000,0.5,0.5,16925,"fixed_1",TRUE,255.102,0.818753097338811,0.819498958917074,-0.000745861578263729,0.0875,0.9125,0,FALSE,NA
2014,70,25,"F2",1000,0.5,0.5,17025,"fixed_1",TRUE,259.676,0.764749565897956,0.770886894154051,-0.00613732825609536,0.1625,0.8375,0,FALSE,NA
2015,71,25,"F3",1000,0.5,0.5,17125,"fixed_1",TRUE,271.524,0.727748548851311,0.727748548964783,-1.13471898544049e-10,0,1,0,FALSE,NA
2016,72,25,"F1",100,1,0.5,17225,"fixed_1",TRUE,80.757,0.887748061074602,0.903084212314587,-0.0153361512399846,0.175,0.6875,0.1375,FALSE,NA
2017,73,25,"F2",100,1,0.5,17325,"fixed_1",TRUE,81.572,0.670257245095691,0.652269611906374,0.0179876331893173,0.475,0.025,0.5,TRUE,NA
2018,74,25,"F3",100,1,0.5,17425,"fixed_1",TRUE,78.479,0.918841728851759,0.951729449910001,-0.0328877210582412,0.0416666666666667,0.416666666666667,0.541666666666667,TRUE,NA
2019,75,25,"F1",300,1,0.5,17525,"fixed_1",TRUE,90.305,0.474195067165013,0.507511163720809,-0.0333160965557954,0.308333333333333,0.666666666666667,0.025,FALSE,NA
2020,76,25,"F2",300,1,0.5,17625,"fixed_1",TRUE,90.127,0.61503956647868,0.646394935233936,-0.0313553687552561,0.25,0.675,0.075,FALSE,NA
2021,77,25,"F3",300,1,0.5,17725,"fixed_1",TRUE,106.874,0.576064887682394,0.623435147232236,-0.0473702595498425,0.125,0.666666666666667,0.208333333333333,TRUE,NA
2022,78,25,"F1",1000,1,0.5,17825,"fixed_1",TRUE,268.892,0.50937914387844,0.509379141907245,1.97119576217375e-09,0,1,0,FALSE,NA
2023,79,25,"F2",1000,1,0.5,17925,"fixed_1",TRUE,286.617,0.641615219029451,0.644249133435639,-0.00263391440618843,0.2375,0.75,0.0125,FALSE,NA
2024,80,25,"F3",1000,1,0.5,18025,"fixed_1",TRUE,273.017,0.529616717342265,0.53378338494449,-0.0041666676022255,0,0.9,0.1,FALSE,NA
2025,0,26,"F1",100,0.2,0.1,10026,"fixed_1",TRUE,77.155,0.927558316938863,0.932751495913152,-0.00519317897428895,0,0.25,0.75,TRUE,NA
2026,1,26,"F2",100,0.2,0.1,10126,"fixed_1",TRUE,77.204,0.834079713311865,0.938512443971175,-0.10443273065931,0.35,0.0875,0.5625,TRUE,NA
2027,2,26,"F3",100,0.2,0.1,10226,"fixed_1",TRUE,90.508,0.77831628547367,0.754262704829179,0.0240535806444915,0,0.483333333333333,0.516666666666667,TRUE,NA
2028,3,26,"F1",300,0.2,0.1,10326,"fixed_1",TRUE,95.299,0.944006289564341,0.928311400459579,0.0156948891047626,0.0875,0.6625,0.25,TRUE,NA
2029,4,26,"F2",300,0.2,0.1,10426,"fixed_1",TRUE,96.477,0.836381213420495,0.861434622529791,-0.0250534091092953,0.75,0.25,0,FALSE,NA
2030,5,26,"F3",300,0.2,0.1,10526,"fixed_1",TRUE,98.137,0.804504208063282,0.811704669096404,-0.00720046103312244,0,0.333333333333333,0.666666666666667,TRUE,NA
2031,6,26,"F1",1000,0.2,0.1,10626,"fixed_1",TRUE,473.503,0.91454873677583,0.914617829629883,-6.90928540528768e-05,0,0.9375,0.0625,FALSE,NA
2032,7,26,"F2",1000,0.2,0.1,10726,"fixed_1",TRUE,468.139,0.965498646691692,1.01206502119575,-0.0465663745040561,0.7,0.3,0,FALSE,NA
2033,8,26,"F3",1000,0.2,0.1,10826,"fixed_1",TRUE,481.227,0.730450191990121,0.732439488538941,-0.00198929654881974,0.158333333333333,0.841666666666667,0,FALSE,NA
2034,9,26,"F1",100,0.5,0.1,10926,"fixed_1",TRUE,77.581,0.766833104982043,0.771392483096973,-0.00455937811492968,0.25,0.75,0,FALSE,NA
2035,10,26,"F2",100,0.5,0.1,11026,"fixed_1",TRUE,77.678,1.01371077860747,1.05508778201,-0.0413770034025329,0.765873015873016,0,0.234126984126984,FALSE,NA
2036,11,26,"F3",100,0.5,0.1,11126,"fixed_1",TRUE,75.609,0.660252035573702,0.57257639810677,0.0876756374669324,0.108333333333333,0.225,0.666666666666667,TRUE,NA
2037,12,26,"F1",300,0.5,0.1,11226,"fixed_1",TRUE,92.701,0.812670914384829,0.825713423568295,-0.0130425091834658,0.625,0.375,0,FALSE,NA
2038,13,26,"F2",300,0.5,0.1,11326,"fixed_1",TRUE,97.877,0.951484923855728,1.00357798158491,-0.0520930577291788,0.6125,0.3875,0,FALSE,NA
2039,14,26,"F3",300,0.5,0.1,11426,"fixed_1",TRUE,102.403,0.771302198241273,0.748246864575317,0.0230553336659561,0.0416666666666667,0.333333333333333,0.625,TRUE,NA
2040,15,26,"F1",1000,0.5,0.1,11526,"fixed_1",TRUE,536.921,0.832104726062458,0.832104727495224,-1.43276590591768e-09,0,1,0,FALSE,NA
2041,16,26,"F2",1000,0.5,0.1,11626,"fixed_1",TRUE,486.878,0.87664845056866,0.911328930910242,-0.0346804803415824,0.9125,0.0875,0,FALSE,NA
2042,17,26,"F3",1000,0.5,0.1,11726,"fixed_1",TRUE,524.117,0.656466064081069,0.648800527396741,0.00766553668432757,0.308333333333333,0.65,0.0416666666666667,FALSE,NA
2043,18,26,"F1",100,1,0.1,11826,"fixed_1",TRUE,76.417,0.526611925439055,0.54626200378544,-0.0196500783463852,0.1625,0.825,0.0125,FALSE,NA
2044,19,26,"F2",100,1,0.1,11926,"fixed_1",TRUE,71.987,0.50673431628199,0.539348906125392,-0.0326145898434019,0.460526315789474,0.2,0.339473684210526,TRUE,NA
2045,20,26,"F3",100,1,0.1,12026,"fixed_1",TRUE,80.707,0.488215420620437,0.503831659728725,-0.0156162391082887,0.05,0.941666666666667,0.00833333333333333,FALSE,NA
2046,21,26,"F1",300,1,0.1,12126,"fixed_1",TRUE,94.576,0.628956952861203,0.637931512481462,-0.00897455962025884,0.0375,0.9,0.0625,FALSE,NA
2047,22,26,"F2",300,1,0.1,12226,"fixed_1",TRUE,95.356,0.490771305451524,0.512476795211828,-0.021705489760304,0.4625,0.5125,0.025,FALSE,NA
2048,23,26,"F3",300,1,0.1,12326,"fixed_1",TRUE,98.126,0.372116169172658,0.372116168369001,8.03656807768505e-10,0,1,0,FALSE,NA
2049,24,26,"F1",1000,1,0.1,12426,"fixed_1",TRUE,496.529,0.444552446842235,0.444552447070059,-2.27824537013532e-10,0,1,0,FALSE,NA
2050,25,26,"F2",1000,1,0.1,12526,"fixed_1",TRUE,500.959,0.53066669723588,0.540657978710556,-0.00999128147467554,0.3875,0.6,0.0125,FALSE,NA
2051,26,26,"F3",1000,1,0.1,12626,"fixed_1",TRUE,464.69,0.429046995135413,0.429046994010223,1.12519082939855e-09,0,1,0,FALSE,NA
2052,27,26,"F1",100,0.2,0.3,12726,"fixed_1",TRUE,75.929,1.00869832275183,0.989190476735669,0.0195078460161586,0.0375,0.4625,0.5,TRUE,NA
2053,28,26,"F2",100,0.2,0.3,12826,"fixed_1",TRUE,85.794,1.04139742696612,1.04201206716373,-0.000614640197603711,0,0.25,0.75,TRUE,NA
2054,29,26,"F3",100,0.2,0.3,12926,"fixed_1",TRUE,88.523,0.659936205583996,0.791425069567046,-0.13148886398305,0.188109161793372,0.0925925925925926,0.719298245614035,TRUE,NA
2055,30,26,"F1",300,0.2,0.3,13026,"fixed_1",TRUE,89.992,0.92198556743622,0.931296869039447,-0.00931130160322702,0,0.5,0.5,TRUE,NA
2056,31,26,"F2",300,0.2,0.3,13126,"fixed_1",TRUE,91.291,1.16885287079512,1.18566449212346,-0.0168116213283382,0.4,0.25,0.35,TRUE,NA
2057,32,26,"F3",300,0.2,0.3,13226,"fixed_1",TRUE,99.758,0.800789435149584,0.84378060999326,-0.042991174843676,0,0.308333333333333,0.691666666666667,TRUE,NA
2058,33,26,"F1",1000,0.2,0.3,13326,"fixed_1",TRUE,390.372,0.975297321435446,0.973678544872193,0.00161877656325282,0.25,0.5,0.25,TRUE,NA
2059,34,26,"F2",1000,0.2,0.3,13426,"fixed_1",TRUE,342.622,0.976409382615115,1.04883425377661,-0.0724248711614942,0.75,0.25,0,FALSE,NA
2060,35,26,"F3",1000,0.2,0.3,13526,"fixed_1",TRUE,347.274,0.758906349917208,0.773441233909053,-0.0145348839918449,0,0.5,0.5,TRUE,NA
2061,36,26,"F1",100,0.5,0.3,13626,"fixed_1",TRUE,73.377,1.03576629109906,0.947652490784451,0.0881138003146067,0.0875,0.6625,0.25,TRUE,NA
2062,37,26,"F2",100,0.5,0.3,13726,"fixed_1",TRUE,74.084,0.961303939178002,0.860676618286395,0.100627320891606,0.25,0.25,0.5,TRUE,NA
2063,38,26,"F3",100,0.5,0.3,13826,"fixed_1",TRUE,78.994,0.88707378784101,0.8806643667525,0.00640942108851061,0.0925925925925926,0.166666666666667,0.740740740740741,TRUE,NA
2064,39,26,"F1",300,0.5,0.3,13926,"fixed_1",TRUE,89.851,0.78981261824362,0.797599838061973,-0.00778721981835373,0.25,0.6375,0.1125,FALSE,NA
2065,40,26,"F2",300,0.5,0.3,14026,"fixed_1",TRUE,97.359,0.789931407635848,0.810979903549696,-0.0210484959138485,0.5,0.5,0,FALSE,NA
2066,41,26,"F3",300,0.5,0.3,14126,"fixed_1",TRUE,103.796,0.712327557864121,0.675290521297454,0.0370370365666667,0,0.5,0.5,TRUE,NA
2067,42,26,"F1",1000,0.5,0.3,14226,"fixed_1",TRUE,343.792,0.848677681029575,0.858002612529921,-0.00932493150034575,0.3625,0.6375,0,FALSE,NA
2068,43,26,"F2",1000,0.5,0.3,14326,"fixed_1",TRUE,368.612,0.836574233753922,0.867107201836921,-0.0305329680829991,0.5875,0.4125,0,FALSE,NA
2069,44,26,"F3",1000,0.5,0.3,14426,"fixed_1",TRUE,333.538,0.693328238478035,0.693296318525881,3.19199521546798e-05,0,0.458333333333333,0.541666666666667,TRUE,NA
2070,45,26,"F1",100,1,0.3,14526,"fixed_1",TRUE,76.033,0.710819756584843,0.541342616406139,0.169477140178704,0.505952380952381,0,0.494047619047619,TRUE,NA
2071,46,26,"F2",100,1,0.3,14626,"fixed_1",TRUE,79.279,0.702301048380796,0.692514750675406,0.00978629770538986,0.5,0.45,0.05,FALSE,NA
2072,47,26,"F3",100,1,0.3,14726,"fixed_1",TRUE,74.835,0.561642150434289,0.633193771279471,-0.071551620845182,0.206140350877193,0.0833333333333333,0.710526315789474,TRUE,NA
2073,48,26,"F1",300,1,0.3,14826,"fixed_1",TRUE,97.32,0.487343861180496,0.493073080774555,-0.00572921959405859,0.35,0.6,0.05,FALSE,NA
2074,49,26,"F2",300,1,0.3,14926,"fixed_1",TRUE,92.451,0.587330488680303,0.606832616111918,-0.0195021274316153,0.751388888888889,0,0.248611111111111,FALSE,NA
2075,50,26,"F3",300,1,0.3,15026,"fixed_1",TRUE,89.652,0.585163191921958,0.621683609721937,-0.0365204177999792,0,0.933333333333333,0.0666666666666667,FALSE,NA
2076,51,26,"F1",1000,1,0.3,15126,"fixed_1",TRUE,345.919,0.499911001974014,0.499911001650883,3.23131077450967e-10,0,1,0,FALSE,NA
2077,52,26,"F2",1000,1,0.3,15226,"fixed_1",TRUE,357.17,0.58458269839786,0.597447688352245,-0.0128649899543851,0.575,0.35,0.075,FALSE,NA
2078,53,26,"F3",1000,1,0.3,15326,"fixed_1",TRUE,358.387,0.491322424944659,0.48995288842256,0.00136953652209948,0.166666666666667,0.325,0.508333333333333,FALSE,NA
2079,54,26,"F1",100,0.2,0.5,15426,"fixed_1",TRUE,78.945,0.843851930672544,0.796569532370977,0.0472823983015664,0,0.5,0.5,TRUE,NA
2080,55,26,"F2",100,0.2,0.5,15526,"fixed_1",TRUE,83.383,0.609370916777256,0.612739593296332,-0.00336867651907613,0,0.25,0.75,TRUE,NA
2081,56,26,"F3",100,0.2,0.5,15626,"fixed_1",TRUE,74.653,0.91594054807183,0.921138171118363,-0.00519762304653348,0,0,1,TRUE,NA
2082,57,26,"F1",300,0.2,0.5,15726,"fixed_1",TRUE,87.198,1.0269910708393,1.00311293815953,0.0238781326797626,0,0.75,0.25,TRUE,NA
2083,58,26,"F2",300,0.2,0.5,15826,"fixed_1",TRUE,101.737,0.785216186578772,0.807375912906597,-0.0221597263278245,0.3125,0.4375,0.25,TRUE,NA
2084,59,26,"F3",300,0.2,0.5,15926,"fixed_1",TRUE,98.598,0.74846603665835,0.726011462342868,0.0224545743154813,0.0555555555555556,0.333333333333333,0.611111111111111,TRUE,NA
2085,60,26,"F1",1000,0.2,0.5,16026,"fixed_1",TRUE,280.472,0.90078383996567,0.874800231040198,0.0259836089254716,0.23125,0.565625,0.203125,FALSE,NA
2086,61,26,"F2",1000,0.2,0.5,16126,"fixed_1",TRUE,283.161,0.980319891026346,0.972830309756622,0.00748958126972377,0.714285714285714,0.0178571428571429,0.267857142857143,TRUE,NA
2087,62,26,"F3",1000,0.2,0.5,16226,"fixed_1",TRUE,278.459,0.821519147503416,0.789700966002024,0.0318181815013922,0,0.833333333333333,0.166666666666667,TRUE,NA
2088,63,26,"F1",100,0.5,0.5,16326,"fixed_1",TRUE,76.37,0.892094489091987,0.828218324515632,0.0638761645763549,0,0.5,0.5,TRUE,NA
2089,64,26,"F2",100,0.5,0.5,16426,"fixed_1",TRUE,82.235,0.745387373440828,0.706690672124087,0.0386967013167414,0.5,0.25,0.25,TRUE,NA
2090,65,26,"F3",100,0.5,0.5,16526,"fixed_1",TRUE,78.863,0.882104455953075,0.845215658010307,0.0368887979427682,0,0.666666666666667,0.333333333333333,TRUE,NA
2091,66,26,"F1",300,0.5,0.5,16626,"fixed_1",TRUE,95.339,1.00579517658267,1.02553401312109,-0.0197388365384168,0.208333333333333,0.5,0.291666666666667,TRUE,NA
2092,67,26,"F2",300,0.5,0.5,16726,"fixed_1",TRUE,95.307,0.841834146839114,0.884671212220324,-0.0428370653812102,0.8,0.2,0,FALSE,NA
2093,68,26,"F3",300,0.5,0.5,16826,"fixed_1",TRUE,96.176,0.869600053099652,0.881504815752032,-0.0119047626523792,0,0.5,0.5,TRUE,NA
2094,69,26,"F1",1000,0.5,0.5,16926,"fixed_1",TRUE,280.152,0.92379503190907,0.923795031633863,2.75206746280787e-10,0,1,0,FALSE,NA
2095,70,26,"F2",1000,0.5,0.5,17026,"fixed_1",TRUE,271.786,0.882790069896279,0.887984724455629,-0.00519465455935031,0.45,0.55,0,FALSE,NA
2096,71,26,"F3",1000,0.5,0.5,17126,"fixed_1",TRUE,271.482,0.597370496217191,0.597370495495376,7.21814941151422e-10,0,1,0,FALSE,NA
2097,72,26,"F1",100,1,0.5,17226,"fixed_1",TRUE,73.881,0.535820098328217,0.521887387239552,0.0139327110886649,0.5,0.5,0,FALSE,NA
2098,73,26,"F2",100,1,0.5,17326,"fixed_1",TRUE,77.019,0.707922812804775,0.748526051630046,-0.0406032388252709,0.384677419354839,0.5,0.115322580645161,FALSE,NA
2099,74,26,"F3",100,1,0.5,17426,"fixed_1",TRUE,86.028,0.746531055435242,0.697657336938136,0.0488737184971066,0,0.264705882352941,0.735294117647059,TRUE,NA
2100,75,26,"F1",300,1,0.5,17526,"fixed_1",TRUE,89.148,0.492139298144929,0.492139296845691,1.29923832803414e-09,0,1,0,FALSE,NA
2101,76,26,"F2",300,1,0.5,17626,"fixed_1",TRUE,88.148,0.828082060812359,0.856232139072583,-0.028150078260224,0.25,0.75,0,FALSE,NA
2102,77,26,"F3",300,1,0.5,17726,"fixed_1",TRUE,89.748,0.554033623349668,0.565787451590322,-0.0117538282406536,0.108333333333333,0.891666666666667,0,FALSE,NA
2103,78,26,"F1",1000,1,0.5,17826,"fixed_1",TRUE,278.234,0.523137029791914,0.525522137990338,-0.00238510819842463,0.209722222222222,0.790277777777778,0,FALSE,NA
2104,79,26,"F2",1000,1,0.5,17926,"fixed_1",TRUE,285.647,0.570342206723076,0.592893890852285,-0.0225516841292094,0.4,0.6,0,FALSE,NA
2105,80,26,"F3",1000,1,0.5,18026,"fixed_1",TRUE,267.855,0.477143050798807,0.477143049797904,1.0009031381486e-09,0,1,0,FALSE,NA
2106,0,27,"F1",100,0.2,0.1,10027,"fixed_1",TRUE,79.88,0.94535089686942,0.939838097224062,0.00551279964535756,0.1875,0.3125,0.5,TRUE,NA
2107,1,27,"F2",100,0.2,0.1,10127,"fixed_1",TRUE,84.372,0.820959954096828,0.79929405123518,0.0216659028616482,0.25,0.5,0.25,TRUE,NA
2108,2,27,"F3",100,0.2,0.1,10227,"fixed_1",TRUE,74.139,0.956430154729924,0.843760161185496,0.112669993544427,0,0.166666666666667,0.833333333333333,TRUE,NA
2109,3,27,"F1",300,0.2,0.1,10327,"fixed_1",TRUE,100.886,1.02590035258305,1.02616699816056,-0.000266645577503333,0.25,0.7,0.05,FALSE,NA
2110,4,27,"F2",300,0.2,0.1,10427,"fixed_1",TRUE,98.903,0.88456105464413,0.96260713959329,-0.07804608494916,0.720588235294118,0,0.279411764705882,TRUE,NA
2111,5,27,"F3",300,0.2,0.1,10527,"fixed_1",TRUE,104.689,0.829509308275095,0.839511683840204,-0.010002375565109,0.122222222222222,0.666666666666667,0.211111111111111,TRUE,NA
2112,6,27,"F1",1000,0.2,0.1,10627,"fixed_1",TRUE,475.451,0.948728015911622,0.951003781574699,-0.00227576566307663,0.166666666666667,0.833333333333333,0,FALSE,NA
2113,7,27,"F2",1000,0.2,0.1,10727,"fixed_1",TRUE,456.729,0.972561811646292,1.03448202019269,-0.0619202085463935,0.725,0.1625,0.1125,FALSE,NA
2114,8,27,"F3",1000,0.2,0.1,10827,"fixed_1",TRUE,449.63,0.692551219143564,0.705431952604496,-0.0128807334609319,0.025,0.447222222222222,0.527777777777778,FALSE,NA
2115,9,27,"F1",100,0.5,0.1,10927,"fixed_1",TRUE,78.669,0.966128260740751,1.00840537281169,-0.0422771120709419,0,0.5,0.5,TRUE,NA
2116,10,27,"F2",100,0.5,0.1,11027,"fixed_1",TRUE,81.253,0.780081333050956,0.911011136109698,-0.130929803058742,0.6125,0,0.3875,TRUE,NA
2117,11,27,"F3",100,0.5,0.1,11127,"fixed_1",TRUE,84.158,0.874808054960999,0.833055170165611,0.0417528847953873,0.0916666666666667,0.575,0.333333333333333,TRUE,NA
2118,12,27,"F1",300,0.5,0.1,11227,"fixed_1",TRUE,100.618,0.906402347171179,0.908210895298177,-0.00180854812699771,0.485294117647059,0.5,0.0147058823529412,FALSE,NA
2119,13,27,"F2",300,0.5,0.1,11327,"fixed_1",TRUE,92.716,0.939266687536005,0.967762445266616,-0.0284957577306119,0.4,0.5875,0.0125,FALSE,NA
2120,14,27,"F3",300,0.5,0.1,11427,"fixed_1",TRUE,98.178,0.650045569119525,0.650045569321867,-2.02341476907009e-10,0,1,0,FALSE,NA
2121,15,27,"F1",1000,0.5,0.1,11527,"fixed_1",TRUE,529.558,0.683542132948471,0.683542131565375,1.38309541597437e-09,0,1,0,FALSE,NA
2122,16,27,"F2",1000,0.5,0.1,11627,"fixed_1",TRUE,471.474,0.799189036732596,0.82645360334326,-0.0272645666106636,0.578947368421053,0.421052631578947,0,FALSE,NA
2123,17,27,"F3",1000,0.5,0.1,11727,"fixed_1",TRUE,466.807,0.680997096329179,0.684119389795719,-0.00312229346654014,0.108333333333333,0.891666666666667,0,FALSE,NA
2124,18,27,"F1",100,1,0.1,11827,"fixed_1",TRUE,76.112,0.681676976116916,0.657613196814975,0.0240637793019414,0.283333333333333,0.613888888888889,0.102777777777778,FALSE,NA
2125,19,27,"F2",100,1,0.1,11927,"fixed_1",TRUE,72.914,0.618618727286312,0.716473751225051,-0.0978550239387392,0.616959064327485,0.25,0.133040935672515,FALSE,NA
2126,20,27,"F3",100,1,0.1,12027,"fixed_1",TRUE,74.491,0.605300875806634,0.557568273254859,0.0477326025517749,0,0.333333333333333,0.666666666666667,TRUE,NA
2127,21,27,"F1",300,1,0.1,12127,"fixed_1",TRUE,98.191,0.445873618447861,0.447308942324541,-0.00143532387667938,0,0.9875,0.0125,FALSE,NA
2128,22,27,"F2",300,1,0.1,12227,"fixed_1",TRUE,99.381,0.588379908829156,0.602580047535551,-0.0142001387063954,0.5,0.475,0.025,FALSE,NA
2129,23,27,"F3",300,1,0.1,12327,"fixed_1",TRUE,97.057,0.501558854157106,0.507419458191959,-0.00586060403485311,0.108333333333333,0.891666666666667,0,FALSE,NA
2130,24,27,"F1",1000,1,0.1,12427,"fixed_1",TRUE,491.179,0.396511175314842,0.396511176912089,-1.59724683479467e-09,0,1,0,FALSE,NA
2131,25,27,"F2",1000,1,0.1,12527,"fixed_1",TRUE,486.294,0.45923628539817,0.474916473156556,-0.0156801877583856,0.5625,0.4375,0,FALSE,NA
2132,26,27,"F3",1000,1,0.1,12627,"fixed_1",TRUE,471.226,0.505447703843304,0.499977329100744,0.0054703747425594,0,0.947368421052632,0.0526315789473684,FALSE,NA
2133,27,27,"F1",100,0.2,0.3,12727,"fixed_1",TRUE,81.74,0.971537030318447,0.988713161024089,-0.0171761307056416,0,0,1,TRUE,NA
2134,28,27,"F2",100,0.2,0.3,12827,"fixed_1",TRUE,73.407,1.09439103555342,1.11804801360958,-0.0236569780561637,0,0.25,0.75,TRUE,NA
2135,29,27,"F3",100,0.2,0.3,12927,"fixed_1",TRUE,80.952,0.724212536681971,0.650377220902029,0.0738353157799422,0.166666666666667,0.166666666666667,0.666666666666667,TRUE,NA
2136,30,27,"F1",300,0.2,0.3,13027,"fixed_1",TRUE,91.926,0.979449344743949,0.969379785084922,0.010069559659027,0.3875,0.1125,0.5,TRUE,NA
2137,31,27,"F2",300,0.2,0.3,13127,"fixed_1",TRUE,90.663,1.0622752794285,1.14697805001801,-0.0847027705895147,0.75,0.25,0,FALSE,NA
2138,32,27,"F3",300,0.2,0.3,13227,"fixed_1",TRUE,96.569,0.830656795147384,0.812105693635801,0.0185511015115837,0.0392156862745098,0.294117647058824,0.666666666666667,TRUE,NA
2139,33,27,"F1",1000,0.2,0.3,13327,"fixed_1",TRUE,355.903,0.936418170519714,0.953724159198608,-0.0173059886788944,0.6875,0.3125,0,FALSE,NA
2140,34,27,"F2",1000,0.2,0.3,13427,"fixed_1",TRUE,359.202,0.95114361350879,0.973180528090347,-0.0220369145815574,0.666666666666667,0.25,0.0833333333333333,FALSE,NA
2141,35,27,"F3",1000,0.2,0.3,13527,"fixed_1",TRUE,383.715,0.743823521006463,0.722059952983106,0.0217635680233567,0.241666666666667,0.424415204678363,0.333918128654971,FALSE,NA
2142,36,27,"F1",100,0.5,0.3,13627,"fixed_1",TRUE,81.449,0.946796970885032,0.990508337309117,-0.0437113664240849,0.407894736842105,0.0942307692307692,0.497874493927125,FALSE,NA
2143,37,27,"F2",100,0.5,0.3,13727,"fixed_1",TRUE,78.278,0.839081844042416,0.792139422034248,0.0469424220081682,0,0,1,TRUE,NA
2144,38,27,"F3",100,0.5,0.3,13827,"fixed_1",TRUE,82.373,0.552943109167784,0.579689679524388,-0.0267465703566038,0.166666666666667,0.166666666666667,0.666666666666667,TRUE,NA
2145,39,27,"F1",300,0.5,0.3,13927,"fixed_1",TRUE,90.478,0.838710265613955,0.84622770028114,-0.00751743466718457,0.25,0.75,0,FALSE,NA
2146,40,27,"F2",300,0.5,0.3,14027,"fixed_1",TRUE,97.627,0.786756156010351,0.873150192284091,-0.0863940362737404,0.5375,0.3125,0.15,FALSE,NA
2147,41,27,"F3",300,0.5,0.3,14127,"fixed_1",TRUE,97.696,0.71432696721071,0.714910161880529,-0.000583194669819043,0.145833333333333,0.777777777777778,0.0763888888888889,FALSE,NA
2148,42,27,"F1",1000,0.5,0.3,14227,"fixed_1",TRUE,368.598,0.856253332293353,0.856253332457092,-1.63738911318489e-10,0,1,0,FALSE,NA
2149,43,27,"F2",1000,0.5,0.3,14327,"fixed_1",TRUE,357.338,0.776551260287163,0.771326382331004,0.00522487795615945,0.325,0.5875,0.0875,FALSE,NA
2150,44,27,"F3",1000,0.5,0.3,14427,"fixed_1",TRUE,364.097,0.754158837455549,0.714873123070969,0.0392857143845804,0,0.5,0.5,TRUE,NA
2151,45,27,"F1",100,1,0.3,14527,"fixed_1",TRUE,80.885,0.524993563878061,0.560955645098162,-0.0359620812201016,0.6625,0.275,0.0625,FALSE,NA
2152,46,27,"F2",100,1,0.3,14627,"fixed_1",TRUE,79.33,0.497051315118709,0.515919322606775,-0.0188680074880661,0.65,0.1,0.25,TRUE,NA
2153,47,27,"F3",100,1,0.3,14727,"fixed_1",TRUE,83.032,0.726701992255838,0.523928861493935,0.202773130761903,0,0.333333333333333,0.666666666666667,TRUE,NA
2154,48,27,"F1",300,1,0.3,14827,"fixed_1",TRUE,94.048,0.475696325313156,0.478698040726289,-0.00300171541313288,0.2125,0.725,0.0625,FALSE,NA
2155,49,27,"F2",300,1,0.3,14927,"fixed_1",TRUE,97.135,0.603012639375222,0.618945349061447,-0.0159327096862252,0.496710526315789,0.4375,0.0657894736842105,FALSE,NA
2156,50,27,"F3",300,1,0.3,15027,"fixed_1",TRUE,96.747,0.414852060664777,0.411183391076072,0.00366866958870515,0,0.975,0.025,FALSE,NA
2157,51,27,"F1",1000,1,0.3,15127,"fixed_1",TRUE,357.642,0.465120470389021,0.463704048384072,0.00141642200494874,0,0.9875,0.0125,FALSE,NA
2158,52,27,"F2",1000,1,0.3,15227,"fixed_1",TRUE,381.781,0.666889790873303,0.669345257003394,-0.00245546613009107,0.291447368421053,0.580263157894737,0.128289473684211,FALSE,NA
2159,53,27,"F3",1000,1,0.3,15327,"fixed_1",TRUE,341.542,0.419351563875381,0.423942068002764,-0.00459050412738349,0.142982456140351,0.409649122807018,0.447368421052632,FALSE,NA
2160,54,27,"F1",100,0.2,0.5,15427,"fixed_1",TRUE,76.714,0.947611127297067,0.931508373757969,0.0161027535390973,0,0.333333333333333,0.666666666666667,TRUE,NA
2161,55,27,"F2",100,0.2,0.5,15527,"fixed_1",TRUE,74.241,0.767061322595914,0.715587566923953,0.0514737556719609,0,0.25,0.75,TRUE,NA
2162,56,27,"F3",100,0.2,0.5,15627,"fixed_1",TRUE,80.851,0.689722405800818,0.584331007242,0.105391398558817,0.15,0.183333333333333,0.666666666666667,TRUE,NA
2163,57,27,"F1",300,0.2,0.5,15727,"fixed_1",TRUE,90.566,0.984361670484559,1.01073433430979,-0.0263726638252326,0.40625,0.3125,0.28125,TRUE,NA
2164,58,27,"F2",300,0.2,0.5,15827,"fixed_1",TRUE,93.225,0.793421268682754,0.808800933387009,-0.0153796647042553,0.5,0.25,0.25,TRUE,NA
2165,59,27,"F3",300,0.2,0.5,15927,"fixed_1",TRUE,95.288,0.822974849982236,0.830534873148614,-0.00756002316637738,0,0,1,TRUE,NA
2166,60,27,"F1",1000,0.2,0.5,16027,"fixed_1",TRUE,281.936,0.935636677805537,0.939205043217,-0.00356836541146266,0.2875,0.7125,0,FALSE,NA
2167,61,27,"F2",1000,0.2,0.5,16127,"fixed_1",TRUE,265.61,0.977863348975343,0.98043238976672,-0.00256904079137676,0.3125,0.421875,0.265625,TRUE,NA
2168,62,27,"F3",1000,0.2,0.5,16227,"fixed_1",TRUE,282.153,0.765764492322067,0.770001780386914,-0.00423728806484747,0,0.333333333333333,0.666666666666667,TRUE,NA
2169,63,27,"F1",100,0.5,0.5,16327,"fixed_1",TRUE,83.538,1.04724753646954,1.04418698621505,0.00306055025449159,0.25,0.5,0.25,TRUE,NA
2170,64,27,"F2",100,0.5,0.5,16427,"fixed_1",TRUE,73.837,0.66645019533062,0.666450197489517,-2.15889695009963e-09,0,1,0,FALSE,NA
2171,65,27,"F3",100,0.5,0.5,16527,"fixed_1",TRUE,80.531,0.544701620069596,0.562161268826133,-0.0174596487565365,0.166666666666667,0,0.833333333333333,TRUE,NA
2172,66,27,"F1",300,0.5,0.5,16627,"fixed_1",TRUE,92.187,0.904487919188032,0.904487919280028,-9.19961884449094e-11,0,1,0,FALSE,NA
2173,67,27,"F2",300,0.5,0.5,16727,"fixed_1",TRUE,93.738,0.76234361673009,0.749137267394658,0.0132063493354316,0.25,0.7,0.05,FALSE,NA
2174,68,27,"F3",300,0.5,0.5,16827,"fixed_1",TRUE,96.952,0.609461743203958,0.620340572196729,-0.0108788289927718,0.0833333333333333,0.858333333333333,0.0583333333333333,FALSE,NA
2175,69,27,"F1",1000,0.5,0.5,16927,"fixed_1",TRUE,274.043,0.889721584955774,0.895604250501996,-0.00588266554622208,0.411764705882353,0.5,0.0882352941176471,FALSE,NA
2176,70,27,"F2",1000,0.5,0.5,17027,"fixed_1",TRUE,264.466,0.832113755292733,0.855941969665571,-0.0238282143728372,0.375,0.392105263157895,0.232894736842105,FALSE,NA
2177,71,27,"F3",1000,0.5,0.5,17127,"fixed_1",TRUE,267.027,0.722500651309462,0.722500651086988,2.22474039190956e-10,0,1,0,FALSE,NA
2178,72,27,"F1",100,1,0.5,17227,"fixed_1",TRUE,79.025,0.521285799080797,0.51107279206646,0.0102130070143367,0.2375,0.75,0.0125,FALSE,NA
2179,73,27,"F2",100,1,0.5,17327,"fixed_1",TRUE,77.368,0.860467998310912,0.854576962399956,0.0058910359109563,0.35625,0.5875,0.05625,FALSE,NA
2180,74,27,"F3",100,1,0.5,17427,"fixed_1",TRUE,84.127,0.57850212176506,0.502179325763281,0.0763227960017796,0.166666666666667,0.666666666666667,0.166666666666667,TRUE,NA
2181,75,27,"F1",300,1,0.5,17527,"fixed_1",TRUE,103.966,0.551246712739335,0.549535433756338,0.00171127898299717,0.2125,0.7875,0,FALSE,NA
2182,76,27,"F2",300,1,0.5,17627,"fixed_1",TRUE,98.771,0.654783473521541,0.717634009740627,-0.0628505362190865,0.25,0.65,0.1,FALSE,NA
2183,77,27,"F3",300,1,0.5,17727,"fixed_1",TRUE,88.248,0.667371195592637,0.627552938927371,0.0398182566652661,0,0.933333333333333,0.0666666666666667,FALSE,NA
2184,78,27,"F1",1000,1,0.5,17827,"fixed_1",TRUE,290.073,0.546579228456356,0.552057247502701,-0.00547801904634504,0,0.975,0.025,FALSE,NA
2185,79,27,"F2",1000,1,0.5,17927,"fixed_1",TRUE,265.029,0.617770993740304,0.628869862728582,-0.0110988689882776,0.5875,0.4125,0,FALSE,NA
2186,80,27,"F3",1000,1,0.5,18027,"fixed_1",TRUE,277.634,0.466528888628366,0.466528888947541,-3.19174742191564e-10,0,1,0,FALSE,NA
2187,0,28,"F1",100,0.2,0.1,10028,"fixed_1",TRUE,69.647,1.07424156355073,1.07001232058554,0.00422924296518534,0,0.25,0.75,TRUE,NA
2188,1,28,"F2",100,0.2,0.1,10128,"fixed_1",TRUE,77.431,0.959694566543517,1.0478328658861,-0.088138299342579,0.5,0.25,0.25,TRUE,NA
2189,2,28,"F3",100,0.2,0.1,10228,"fixed_1",TRUE,83.659,0.7882194793624,0.823933764909654,-0.0357142855472533,0,0.5,0.5,TRUE,NA
2190,3,28,"F1",300,0.2,0.1,10328,"fixed_1",TRUE,96.899,1.01905628280055,1.02044146443721,-0.00138518163665502,0.1625,0.5,0.3375,TRUE,NA
2191,4,28,"F2",300,0.2,0.1,10428,"fixed_1",TRUE,99.539,0.870280857434625,0.893975150915132,-0.0236942934805076,0.5,0.25,0.25,TRUE,NA
2192,5,28,"F3",300,0.2,0.1,10528,"fixed_1",TRUE,102.319,0.67967188210659,0.683583545206864,-0.0039116631002738,0.0666666666666667,0.433333333333333,0.5,TRUE,NA
2193,6,28,"F1",1000,0.2,0.1,10628,"fixed_1",TRUE,480.262,0.947890555025643,0.947890555239815,-2.14172568568927e-10,0,1,0,FALSE,NA
2194,7,28,"F2",1000,0.2,0.1,10728,"fixed_1",TRUE,482.496,0.876109231531949,0.898340826447699,-0.0222315949157498,0.75,0,0.25,TRUE,NA
2195,8,28,"F3",1000,0.2,0.1,10828,"fixed_1",TRUE,467.795,0.733564260781746,0.733809758849262,-0.000245498067516059,0,0.909090909090909,0.0909090909090909,FALSE,NA
2196,9,28,"F1",100,0.5,0.1,10928,"fixed_1",TRUE,70.037,0.861525874003755,0.830450806074107,0.0310750679296476,0.402777777777778,0.327991452991453,0.269230769230769,TRUE,NA
2197,10,28,"F2",100,0.5,0.1,11028,"fixed_1",TRUE,82.166,0.91874873417523,0.875811143146871,0.0429375910283594,0,0.5,0.5,TRUE,NA
2198,11,28,"F3",100,0.5,0.1,11128,"fixed_1",TRUE,85.049,0.612192091360758,0.61819298519222,-0.00600089383146218,0.15625,0,0.84375,TRUE,NA
2199,12,28,"F1",300,0.5,0.1,11228,"fixed_1",TRUE,100.096,0.840870609973479,0.843259721985275,-0.00238911201179592,0.25,0.75,0,FALSE,NA
2200,13,28,"F2",300,0.5,0.1,11328,"fixed_1",TRUE,98.941,0.752130339318506,0.79611935583467,-0.0439890165161637,0.5,0.25,0.25,TRUE,NA
2201,14,28,"F3",300,0.5,0.1,11428,"fixed_1",TRUE,98.283,0.736897545580609,0.713514647086871,0.023382898493739,0.0666666666666667,0.433333333333333,0.5,TRUE,NA
2202,15,28,"F1",1000,0.5,0.1,11528,"fixed_1",TRUE,487.667,0.828590844341418,0.839244853080048,-0.01065400873863,0.425,0.575,0,FALSE,NA
2203,16,28,"F2",1000,0.5,0.1,11628,"fixed_1",TRUE,474.136,0.885269338247943,0.915280538816718,-0.0300112005687749,0.75,0.25,0,FALSE,NA
2204,17,28,"F3",1000,0.5,0.1,11728,"fixed_1",TRUE,496.676,0.669419590991267,0.684859162566997,-0.0154395715757296,0.333333333333333,0.666666666666667,0,FALSE,NA
2205,18,28,"F1",100,1,0.1,11828,"fixed_1",TRUE,81.024,0.728342140908918,0.78051497382014,-0.0521728329112219,0.367647058823529,0.3875,0.244852941176471,FALSE,NA
2206,19,28,"F2",100,1,0.1,11928,"fixed_1",TRUE,79.851,0.74454220763209,0.77290913789677,-0.0283669302646802,0,0.75,0.25,TRUE,NA
2207,20,28,"F3",100,1,0.1,12028,"fixed_1",TRUE,85.091,0.774453848813532,0.644199221718915,0.130254627094617,0,0.308333333333333,0.691666666666667,TRUE,NA
2208,21,28,"F1",300,1,0.1,12128,"fixed_1",TRUE,95.778,0.524442622008095,0.526782705009687,-0.00234008300159227,0.325,0.675,0,FALSE,NA
2209,22,28,"F2",300,1,0.1,12228,"fixed_1",TRUE,95.147,0.574360610639822,0.652492730626768,-0.0781321199869465,0.5,0.3625,0.1375,FALSE,NA
2210,23,28,"F3",300,1,0.1,12328,"fixed_1",TRUE,96.763,0.448629965618928,0.461330281457749,-0.0127003158388206,0,0.591666666666667,0.408333333333333,FALSE,NA
2211,24,28,"F1",1000,1,0.1,12428,"fixed_1",TRUE,447.196,0.424362785140048,0.425488043731354,-0.00112525859130597,0.0625,0.9375,0,FALSE,NA
2212,25,28,"F2",1000,1,0.1,12528,"fixed_1",TRUE,508.923,0.540175553038787,0.558880777724245,-0.0187052246854574,0.671052631578947,0.328947368421053,0,FALSE,NA
2213,26,28,"F3",1000,1,0.1,12628,"fixed_1",TRUE,456.971,0.420059360572404,0.420059361252286,-6.79882095067086e-10,0,1,0,FALSE,NA
2214,27,28,"F1",100,0.2,0.3,12728,"fixed_1",TRUE,75.069,0.946271039305495,0.912927387613191,0.0333436516923038,0.25,0,0.75,TRUE,NA
2215,28,28,"F2",100,0.2,0.3,12828,"fixed_1",TRUE,76.028,0.789292872037553,0.80753599204259,-0.0182431200050369,0.225,0,0.775,TRUE,NA
2216,29,28,"F3",100,0.2,0.3,12928,"fixed_1",TRUE,82.502,0.791465758069195,0.869005064268491,-0.0775393061992957,0.333333333333333,0,0.666666666666667,TRUE,NA
2217,30,28,"F1",300,0.2,0.3,13028,"fixed_1",TRUE,91.525,0.973250951948463,0.980448092327849,-0.00719714037938546,0.25,0.708333333333333,0.0416666666666667,FALSE,NA
2218,31,28,"F2",300,0.2,0.3,13128,"fixed_1",TRUE,92.988,1.17210463017663,1.19856992096174,-0.026465290785112,0.344736842105263,0.0333333333333333,0.621929824561404,TRUE,NA
2219,32,28,"F3",300,0.2,0.3,13228,"fixed_1",TRUE,100.959,0.714054802056258,0.75416234565852,-0.0401075436022615,0.166666666666667,0.333333333333333,0.5,TRUE,NA
2220,33,28,"F1",1000,0.2,0.3,13328,"fixed_1",TRUE,385.432,0.919430785122418,0.918037978181975,0.0013928069404423,0.25,0.75,0,FALSE,NA
2221,34,28,"F2",1000,0.2,0.3,13428,"fixed_1",TRUE,354.542,0.891040746359703,0.903224219112544,-0.0121834727528413,0.675,0.272368421052632,0.0526315789473684,FALSE,NA
2222,35,28,"F3",1000,0.2,0.3,13528,"fixed_1",TRUE,325.823,0.713526331003794,0.678172795309399,0.0353535356943945,0.0614035087719298,0.421052631578947,0.517543859649123,TRUE,NA
2223,36,28,"F1",100,0.5,0.3,13628,"fixed_1",TRUE,78.035,0.757184946992967,0.760521472827121,-0.00333652583415389,0,0.75,0.25,TRUE,NA
2224,37,28,"F2",100,0.5,0.3,13728,"fixed_1",TRUE,77.56,1.07645617924225,1.07759666455974,-0.00114048531749034,0.720588235294118,0.279411764705882,0,FALSE,NA
2225,38,28,"F3",100,0.5,0.3,13828,"fixed_1",TRUE,81.243,0.580667917567917,0.572914602584147,0.00775331498377074,0,0.966666666666667,0.0333333333333333,FALSE,NA
2226,39,28,"F1",300,0.5,0.3,13928,"fixed_1",TRUE,97.306,0.983499656291305,1.0192933634007,-0.0357937071093957,0.416666666666667,0.5,0.0833333333333333,FALSE,NA
2227,40,28,"F2",300,0.5,0.3,14028,"fixed_1",TRUE,89.473,0.859257643244241,0.896918149889098,-0.0376605066448569,0.5,0.5,0,FALSE,NA
2228,41,28,"F3",300,0.5,0.3,14128,"fixed_1",TRUE,93.76,0.730848902860461,0.739847326879735,-0.00899842401927442,0.433333333333333,0.166666666666667,0.4,FALSE,NA
2229,42,28,"F1",1000,0.5,0.3,14228,"fixed_1",TRUE,357.976,0.754363931495045,0.754363933174904,-1.679859251702e-09,0,1,0,FALSE,NA
2230,43,28,"F2",1000,0.5,0.3,14328,"fixed_1",TRUE,367.443,0.906426355049845,0.910315574113154,-0.00388921906330908,0.1375,0.8625,0,FALSE,NA
2231,44,28,"F3",1000,0.5,0.3,14428,"fixed_1",TRUE,355.497,0.637913314722851,0.635791292586237,0.00212202213661306,0.116666666666667,0.883333333333333,0,FALSE,NA
2232,45,28,"F1",100,1,0.3,14528,"fixed_1",TRUE,83.816,0.58240693012627,0.58630109230131,-0.00389416217504002,0.3875,0.6125,0,FALSE,NA
2233,46,28,"F2",100,1,0.3,14628,"fixed_1",TRUE,79.553,0.586371897904302,0.586371898046486,-1.4218382027309e-10,0,1,0,FALSE,NA
2234,47,28,"F3",100,1,0.3,14728,"fixed_1",TRUE,80.224,0.561930796104725,0.456976516584922,0.104954279519803,0,0.4,0.6,TRUE,NA
2235,48,28,"F1",300,1,0.3,14828,"fixed_1",TRUE,85.97,0.498720970736374,0.53009526340488,-0.0313742926685063,0.4625,0.5375,0,FALSE,NA
2236,49,28,"F2",300,1,0.3,14928,"fixed_1",TRUE,91.764,0.657961395462141,0.68193846531051,-0.0239770698483693,0.313815789473684,0.534210526315789,0.151973684210526,FALSE,NA
2237,50,28,"F3",300,1,0.3,15028,"fixed_1",TRUE,99.095,0.476535382853138,0.458517580324289,0.0180178025288487,0.131578947368421,0.833333333333333,0.0350877192982456,FALSE,NA
2238,51,28,"F1",1000,1,0.3,15128,"fixed_1",TRUE,342.132,0.497059270721684,0.497059271656024,-9.34340105285258e-10,0,1,0,FALSE,NA
2239,52,28,"F2",1000,1,0.3,15228,"fixed_1",TRUE,377.082,0.62747341954064,0.636016212439786,-0.0085427928991465,0.25,0.75,0,FALSE,NA
2240,53,28,"F3",1000,1,0.3,15328,"fixed_1",TRUE,332.983,0.454131012055215,0.461400895826918,-0.00726988377170301,0.0789473684210526,0.885964912280702,0.0350877192982456,FALSE,NA
2241,54,28,"F1",100,0.2,0.5,15428,"fixed_1",TRUE,76.333,0.859302920401615,0.866468672647021,-0.00716575224540594,0.25,0.25,0.5,TRUE,NA
2242,55,28,"F2",100,0.2,0.5,15528,"fixed_1",TRUE,69.921,0.849051066596288,0.845439094573861,0.00361197202242702,0,0.5,0.5,TRUE,NA
2243,56,28,"F3",100,0.2,0.5,15628,"fixed_1",TRUE,70.954,0.539328776518767,0.647696467220797,-0.10836769070203,0,0,1,TRUE,NA
2244,57,28,"F1",300,0.2,0.5,15728,"fixed_1",TRUE,95.19,0.952448425213208,0.98017626236457,-0.027727837151362,0.25,0.25,0.5,TRUE,NA
2245,58,28,"F2",300,0.2,0.5,15828,"fixed_1",TRUE,93.984,0.996996984671148,1.00603494406728,-0.00903795939613472,0.3625,0.3875,0.25,TRUE,NA
2246,59,28,"F3",300,0.2,0.5,15928,"fixed_1",TRUE,104.198,0.779238893205767,0.777026311380216,0.00221258182555095,0.0454545454545454,0.121212121212121,0.833333333333333,TRUE,NA
2247,60,28,"F1",1000,0.2,0.5,16028,"fixed_1",TRUE,268.584,0.987413311033402,0.988550396604331,-0.00113708557092929,0,0.966666666666667,0.0333333333333333,FALSE,NA
2248,61,28,"F2",1000,0.2,0.5,16128,"fixed_1",TRUE,285.888,1.00468440357551,1.00733340915617,-0.00264900558065495,0.5,0.5,0,FALSE,NA
2249,62,28,"F3",1000,0.2,0.5,16228,"fixed_1",TRUE,267.972,0.758654753712022,0.773964622255354,-0.0153098685433315,0.166666666666667,0.614583333333333,0.21875,FALSE,NA
2250,63,28,"F1",100,0.5,0.5,16328,"fixed_1",TRUE,82.152,0.698897400240374,0.600184458504396,0.0987129417359778,0.5,0.25,0.25,TRUE,NA
2251,64,28,"F2",100,0.5,0.5,16428,"fixed_1",TRUE,80.716,0.939674136831313,0.820367452743619,0.119306684087694,0,0.25,0.75,TRUE,NA
2252,65,28,"F3",100,0.5,0.5,16528,"fixed_1",TRUE,80.503,0.581781635943361,0.591280410329504,-0.00949877438614288,0,0.166666666666667,0.833333333333333,TRUE,NA
2253,66,28,"F1",300,0.5,0.5,16628,"fixed_1",TRUE,96.849,0.960596693323746,0.970038623273461,-0.00944192994971527,0.5,0.5,0,FALSE,NA
2254,67,28,"F2",300,0.5,0.5,16728,"fixed_1",TRUE,84.725,0.816375803824108,0.842994187106807,-0.0266183832826991,0.25,0.75,0,FALSE,NA
2255,68,28,"F3",300,0.5,0.5,16828,"fixed_1",TRUE,94.352,0.625729279791028,0.581079746955379,0.044649532835649,0.166666666666667,0.666666666666667,0.166666666666667,TRUE,NA
2256,69,28,"F1",1000,0.5,0.5,16928,"fixed_1",TRUE,284.855,0.851501028254415,0.851341794081883,0.000159234172531275,0.210526315789474,0.75,0.0394736842105263,FALSE,NA
2257,70,28,"F2",1000,0.5,0.5,17028,"fixed_1",TRUE,272.301,0.81413062883779,0.835226699683301,-0.0210960708455105,0.3875,0.6125,0,FALSE,NA
2258,71,28,"F3",1000,0.5,0.5,17128,"fixed_1",TRUE,275.998,0.682005206436899,0.684936156121713,-0.00293094968481367,0.0583333333333333,0.941666666666667,0,FALSE,NA
2259,72,28,"F1",100,1,0.5,17228,"fixed_1",TRUE,72.867,0.741075986071571,0.514159544676351,0.226916441395221,0.25,0.375,0.375,TRUE,NA
2260,73,28,"F2",100,1,0.5,17328,"fixed_1",TRUE,78.686,0.642289079445764,0.61720801982957,0.0250810596161937,0.48448275862069,0.25,0.26551724137931,FALSE,NA
2261,74,28,"F3",100,1,0.5,17428,"fixed_1",TRUE,80.557,0.696468124443842,0.696468123311609,1.13223230790993e-09,0,0.5,0.5,TRUE,NA
2262,75,28,"F1",300,1,0.5,17528,"fixed_1",TRUE,90.72,0.436373744496063,0.436373746481204,-1.98514110705261e-09,0,1,0,FALSE,NA
2263,76,28,"F2",300,1,0.5,17628,"fixed_1",TRUE,93.343,0.535059858287509,0.52006670608755,0.0149931521999586,0.4,0.4375,0.1625,FALSE,NA
2264,77,28,"F3",300,1,0.5,17728,"fixed_1",TRUE,95.069,0.570924542730413,0.601866874168682,-0.0309423314382691,0.157407407407407,0.316666666666667,0.525925925925926,TRUE,NA
2265,78,28,"F1",1000,1,0.5,17828,"fixed_1",TRUE,263.978,0.54493666698236,0.544936667088716,-1.06356479179226e-10,0,1,0,FALSE,NA
2266,79,28,"F2",1000,1,0.5,17928,"fixed_1",TRUE,284.422,0.627523374828456,0.638266728517352,-0.0107433536888955,0.25,0.7375,0.0125,FALSE,NA
2267,80,28,"F3",1000,1,0.5,18028,"fixed_1",TRUE,291.575,0.475177664122242,0.442390779260469,0.0327868848617725,0,0.5,0.5,TRUE,NA
2268,0,29,"F1",100,0.2,0.1,10029,"fixed_1",TRUE,79.063,0.908290311982807,0.934367953147561,-0.0260776411647542,0,0.675,0.325,TRUE,NA
2269,1,29,"F2",100,0.2,0.1,10129,"fixed_1",TRUE,79.981,0.977929971978302,1.02417361991967,-0.0462436479413709,0.5,0,0.5,TRUE,NA
2270,2,29,"F3",100,0.2,0.1,10229,"fixed_1",TRUE,81.706,0.926042790269687,0.892240029218026,0.0338027610516614,0.166666666666667,0,0.833333333333333,TRUE,NA
2271,3,29,"F1",300,0.2,0.1,10329,"fixed_1",TRUE,103.042,1.070292947359,1.08289915068896,-0.0126062033299548,0.5,0.35,0.15,FALSE,NA
2272,4,29,"F2",300,0.2,0.1,10429,"fixed_1",TRUE,91.202,0.811474027696324,0.845498192361602,-0.0340241646652777,0.75,0.25,0,FALSE,NA
2273,5,29,"F3",300,0.2,0.1,10529,"fixed_1",TRUE,90.057,0.801371752375855,0.773233224082211,0.0281385282936446,0,0.358333333333333,0.641666666666667,TRUE,NA
2274,6,29,"F1",1000,0.2,0.1,10629,"fixed_1",TRUE,437.59,0.943183428510758,0.941572445280304,0.00161098323045428,0.3125,0.6875,0,FALSE,NA
2275,7,29,"F2",1000,0.2,0.1,10729,"fixed_1",TRUE,453.013,0.857979886233108,0.888298764353382,-0.0303188781202745,0.683333333333333,0.316666666666667,0,FALSE,NA
2276,8,29,"F3",1000,0.2,0.1,10829,"fixed_1",TRUE,426.807,0.684731384825386,0.673465216847397,0.0112661679779891,0.133333333333333,0.7,0.166666666666667,TRUE,NA
2277,9,29,"F1",100,0.5,0.1,10929,"fixed_1",TRUE,76.286,0.878050442470392,0.877379298303241,0.000671144167151416,0.25,0.71875,0.03125,FALSE,NA
2278,10,29,"F2",100,0.5,0.1,11029,"fixed_1",TRUE,79.241,0.813923102966308,0.785964879533805,0.027958223432503,0.5,0.25,0.25,TRUE,NA
2279,11,29,"F3",100,0.5,0.1,11129,"fixed_1",TRUE,79.915,0.716731714509692,0.749579400076842,-0.0328476855671496,0.383333333333333,0,0.616666666666667,TRUE,NA
2280,12,29,"F1",300,0.5,0.1,11229,"fixed_1",TRUE,99.135,0.886331018358957,0.889334008897286,-0.00300299053832909,0.8875,0.1125,0,FALSE,NA
2281,13,29,"F2",300,0.5,0.1,11329,"fixed_1",TRUE,91.887,0.790243955739484,0.84918486806163,-0.0589409123221462,0.5,0.5,0,FALSE,NA
2282,14,29,"F3",300,0.5,0.1,11429,"fixed_1",TRUE,94.801,0.649990146584717,0.656087707486678,-0.00609756090196123,0.0333333333333333,0.833333333333333,0.133333333333333,FALSE,NA
2283,15,29,"F1",1000,0.5,0.1,11529,"fixed_1",TRUE,448.916,0.85451503082484,0.854515031618206,-7.93365373397137e-10,0,1,0,FALSE,NA
2284,16,29,"F2",1000,0.5,0.1,11629,"fixed_1",TRUE,445.326,0.809223422452087,0.835503392647826,-0.0262799701957387,0.6375,0.3625,0,FALSE,NA
2285,17,29,"F3",1000,0.5,0.1,11729,"fixed_1",TRUE,440.207,0.698603850986351,0.700653031389279,-0.00204918040292801,0.00833333333333333,0.841666666666667,0.15,FALSE,NA
2286,18,29,"F1",100,1,0.1,11829,"fixed_1",TRUE,75.308,0.517059268592857,0.523188181671125,-0.00612891307826846,0.25,0.7375,0.0125,FALSE,NA
2287,19,29,"F2",100,1,0.1,11929,"fixed_1",TRUE,75.14,0.676263890450291,0.750334760294901,-0.07407086984461,0.571804511278196,0.142857142857143,0.285338345864662,FALSE,NA
2288,20,29,"F3",100,1,0.1,12029,"fixed_1",TRUE,83.937,0.520408028419303,0.635795699868859,-0.115387671449557,0.166666666666667,0.333333333333333,0.5,TRUE,NA
2289,21,29,"F1",300,1,0.1,12129,"fixed_1",TRUE,92.075,0.469042041006817,0.476969813523947,-0.00792777251712967,0.493421052631579,0.506578947368421,0,FALSE,NA
2290,22,29,"F2",300,1,0.1,12229,"fixed_1",TRUE,97.636,0.6530598821353,0.698617172583463,-0.0455572904481633,0.678104575163399,0.25,0.0718954248366013,FALSE,NA
2291,23,29,"F3",300,1,0.1,12329,"fixed_1",TRUE,99.326,0.60723954404903,0.616550993659037,-0.00931144961000696,0.0333333333333333,0.466666666666667,0.5,TRUE,NA
2292,24,29,"F1",1000,1,0.1,12429,"fixed_1",TRUE,437.632,0.527281946892453,0.527281947573285,-6.80831835353501e-10,0,1,0,FALSE,NA
2293,25,29,"F2",1000,1,0.1,12529,"fixed_1",TRUE,451.209,0.588969885822578,0.61809296879877,-0.0291230829761924,0.5,0.4125,0.0875,FALSE,NA
2294,26,29,"F3",1000,1,0.1,12629,"fixed_1",TRUE,422.954,0.452325193541195,0.454676634802516,-0.00235144126132097,0,0.981481481481482,0.0185185185185185,FALSE,NA
2295,27,29,"F1",100,0.2,0.3,12729,"fixed_1",TRUE,76.035,1.02919584431909,1.00528503990309,0.0239108044160017,0.5,0,0.5,TRUE,NA
2296,28,29,"F2",100,0.2,0.3,12829,"fixed_1",TRUE,73.013,0.849574485278245,0.859123584601775,-0.00954909932353021,0,0,1,TRUE,NA
2297,29,29,"F3",100,0.2,0.3,12929,"fixed_1",TRUE,79.32,0.975077222111201,0.913357607152257,0.0617196149589437,0,0,1,TRUE,NA
2298,30,29,"F1",300,0.2,0.3,13029,"fixed_1",TRUE,90.152,0.912724969252095,0.914345516669937,-0.00162054741784212,0,0.4125,0.5875,TRUE,NA
2299,31,29,"F2",300,0.2,0.3,13129,"fixed_1",TRUE,93.578,0.974178914145752,0.97607083677082,-0.00189192262506854,0.25,0.5,0.25,TRUE,NA
2300,32,29,"F3",300,0.2,0.3,13229,"fixed_1",TRUE,93.371,0.728421990153501,0.751776765572612,-0.0233547754191107,0.166666666666667,0.166666666666667,0.666666666666667,TRUE,NA
2301,33,29,"F1",1000,0.2,0.3,13329,"fixed_1",TRUE,316.173,0.921012615903797,0.929820039669527,-0.00880742376573007,0.25,0.75,0,FALSE,NA
2302,34,29,"F2",1000,0.2,0.3,13429,"fixed_1",TRUE,340.973,1.06530315105641,1.0963100990286,-0.0310069479721844,0.676470588235294,0.0735294117647059,0.25,TRUE,NA
2303,35,29,"F3",1000,0.2,0.3,13529,"fixed_1",TRUE,324.306,0.746604219830596,0.752592195253105,-0.00598797542250862,0.166666666666667,0.666666666666667,0.166666666666667,TRUE,NA
2304,36,29,"F1",100,0.5,0.3,13629,"fixed_1",TRUE,78.443,0.758455446593252,0.646229137182527,0.112226309410725,0.25,0.25,0.5,TRUE,NA
2305,37,29,"F2",100,0.5,0.3,13729,"fixed_1",TRUE,79.526,0.92885445886335,0.991005730878471,-0.0621512720151211,0,0.194444444444444,0.805555555555556,TRUE,NA
2306,38,29,"F3",100,0.5,0.3,13829,"fixed_1",TRUE,77.311,0.73161275483937,0.688185131326211,0.0434276235131589,0.166666666666667,0.333333333333333,0.5,TRUE,NA
2307,39,29,"F1",300,0.5,0.3,13929,"fixed_1",TRUE,95.482,0.861743142524753,0.866593922478897,-0.00485077995414485,0.125,0.875,0,FALSE,NA
2308,40,29,"F2",300,0.5,0.3,14029,"fixed_1",TRUE,91.513,0.881353990940847,0.924614812497949,-0.043260821557102,0.633333333333333,0.2,0.166666666666667,FALSE,NA
2309,41,29,"F3",300,0.5,0.3,14129,"fixed_1",TRUE,88.606,0.65915610928357,0.65915610943586,-1.52290624555462e-10,0,1,0,FALSE,NA
2310,42,29,"F1",1000,0.5,0.3,14229,"fixed_1",TRUE,322.22,0.85095544596943,0.863846826831161,-0.0128913808617304,0.25,0.75,0,FALSE,NA
2311,43,29,"F2",1000,0.5,0.3,14329,"fixed_1",TRUE,315.834,0.839443647806201,0.847553571132169,-0.00810992332596827,0.35,0.65,0,FALSE,NA
2312,44,29,"F3",1000,0.5,0.3,14429,"fixed_1",TRUE,312.725,0.748151563410566,0.692189351158525,0.0559622122520407,0,0.282407407407407,0.717592592592593,TRUE,NA
2313,45,29,"F1",100,1,0.3,14529,"fixed_1",TRUE,81.134,0.540214201662568,0.554217455445832,-0.0140032537832642,0.25,0.7,0.05,FALSE,NA
2314,46,29,"F2",100,1,0.3,14629,"fixed_1",TRUE,75.786,0.555080238894085,0.598936200687558,-0.0438559617934734,0.25,0.6875,0.0625,FALSE,NA
2315,47,29,"F3",100,1,0.3,14729,"fixed_1",TRUE,79.751,0.560490247682706,0.589416667768905,-0.0289264200861994,0,0.303921568627451,0.696078431372549,TRUE,NA
2316,48,29,"F1",300,1,0.3,14829,"fixed_1",TRUE,98.889,0.520477131959126,0.520477130042743,1.91638249713577e-09,0,1,0,FALSE,NA
2317,49,29,"F2",300,1,0.3,14929,"fixed_1",TRUE,100.415,0.505386280375076,0.525786722702052,-0.0204004423269767,0.125,0.610227272727273,0.264772727272727,FALSE,NA
2318,50,29,"F3",300,1,0.3,15029,"fixed_1",TRUE,93.55,0.583023656955588,0.594517461176189,-0.0114938042206008,0.183333333333333,0.741666666666667,0.075,FALSE,NA
2319,51,29,"F1",1000,1,0.3,15129,"fixed_1",TRUE,311.508,0.518891855165658,0.519692453710436,-0.00080059854477843,0,0.973684210526316,0.0263157894736842,FALSE,NA
2320,52,29,"F2",1000,1,0.3,15229,"fixed_1",TRUE,327.112,0.515837582818867,0.531116377972878,-0.0152787951540109,0.2625,0.6625,0.075,FALSE,NA
2321,53,29,"F3",1000,1,0.3,15329,"fixed_1",TRUE,306.804,0.523386794964475,0.540373632764839,-0.0169868378003631,0.191666666666667,0.433333333333333,0.375,FALSE,NA
2322,54,29,"F1",100,0.2,0.5,15429,"fixed_1",TRUE,73.227,0.728403538972639,0.746286390890339,-0.0178828519176993,0,0.5,0.5,TRUE,NA
2323,55,29,"F2",100,0.2,0.5,15529,"fixed_1",TRUE,74.194,0.857397230230361,0.862285489405879,-0.00488825917551783,0,0.25,0.75,TRUE,NA
2324,56,29,"F3",100,0.2,0.5,15629,"fixed_1",TRUE,79.478,0.844535316720519,0.636201983517446,0.208333333203073,0,0.333333333333333,0.666666666666667,TRUE,NA
2325,57,29,"F1",300,0.2,0.5,15729,"fixed_1",TRUE,93.096,0.982475982473343,0.979043114189888,0.00343286828345502,0.1,0.875,0.025,FALSE,NA
2326,58,29,"F2",300,0.2,0.5,15829,"fixed_1",TRUE,87.412,1.00556599381084,1.07327498274612,-0.0677089889352767,0.725,0.025,0.25,TRUE,NA
2327,59,29,"F3",300,0.2,0.5,15929,"fixed_1",TRUE,86.757,0.782961296270128,0.769557249579144,0.0134040466909839,0,0,1,TRUE,NA
2328,60,29,"F1",1000,0.2,0.5,16029,"fixed_1",TRUE,259.538,0.865392881450386,0.864682080573335,0.000710800877051332,0,0.9625,0.0375,FALSE,NA
2329,61,29,"F2",1000,0.2,0.5,16129,"fixed_1",TRUE,257.721,0.929004507942816,0.943100507054522,-0.0140959991117061,0.368421052631579,0.556578947368421,0.075,FALSE,NA
2330,62,29,"F3",1000,0.2,0.5,16229,"fixed_1",TRUE,266.094,0.681264561059835,0.698811871096113,-0.0175473100362781,0.333333333333333,0.666666666666667,0,FALSE,NA
2331,63,29,"F1",100,0.5,0.5,16329,"fixed_1",TRUE,79.528,0.941915812665671,0.946860553280953,-0.00494474061528205,0,0.533333333333333,0.466666666666667,TRUE,NA
2332,64,29,"F2",100,0.5,0.5,16429,"fixed_1",TRUE,79.077,0.931507299871631,0.844511372658709,0.0869959272129218,0.15,0.5125,0.3375,TRUE,NA
2333,65,29,"F3",100,0.5,0.5,16529,"fixed_1",TRUE,82.26,0.79431098031414,0.75188726672134,0.0424237135928001,0,0.833333333333333,0.166666666666667,TRUE,NA
2334,66,29,"F1",300,0.5,0.5,16629,"fixed_1",TRUE,85.74,0.79358028404164,0.803191087562604,-0.00961080352096322,0.25,0.75,0,FALSE,NA
2335,67,29,"F2",300,0.5,0.5,16729,"fixed_1",TRUE,97.655,1.01716694137337,0.903887082340454,0.113279859032916,0.25,0.25,0.5,TRUE,NA
2336,68,29,"F3",300,0.5,0.5,16829,"fixed_1",TRUE,88.222,0.633157013351764,0.61275314129325,0.0204038720585139,0.166666666666667,0.233333333333333,0.6,TRUE,NA
2337,69,29,"F1",1000,0.5,0.5,16929,"fixed_1",TRUE,263.063,0.863387585001,0.863387585247566,-2.46565212691507e-10,0,1,0,FALSE,NA
2338,70,29,"F2",1000,0.5,0.5,17029,"fixed_1",TRUE,258.978,0.819822756065128,0.831266454762191,-0.0114436986970627,0.483333333333333,0.5,0.0166666666666667,FALSE,NA
2339,71,29,"F3",1000,0.5,0.5,17129,"fixed_1",TRUE,250.577,0.655113684245746,0.699564531185918,-0.0444508469401718,0.290789473684211,0.0583333333333333,0.650877192982456,TRUE,NA
2340,72,29,"F1",100,1,0.5,17229,"fixed_1",TRUE,84.299,0.598142622209223,0.538432443038177,0.0597101791710462,0.144736842105263,0.605263157894737,0.25,TRUE,NA
2341,73,29,"F2",100,1,0.5,17329,"fixed_1",TRUE,71.553,0.710906391768835,0.746976086673222,-0.0360696949043874,0.25,0.75,0,FALSE,NA
2342,74,29,"F3",100,1,0.5,17429,"fixed_1",TRUE,75.038,0.579170865495115,0.39129150874557,0.187879356749546,0.333333333333333,0.166666666666667,0.5,TRUE,NA
2343,75,29,"F1",300,1,0.5,17529,"fixed_1",TRUE,94.71,0.552301575894975,0.562038813675985,-0.00973723778100943,0,0.930555555555556,0.0694444444444444,FALSE,NA
2344,76,29,"F2",300,1,0.5,17629,"fixed_1",TRUE,94.106,0.785799048753798,0.821215866823327,-0.0354168180695293,0.569444444444444,0.325,0.105555555555556,FALSE,NA
2345,77,29,"F3",300,1,0.5,17729,"fixed_1",TRUE,96.088,0.540522212167415,0.54052221187699,2.90424906346232e-10,0,1,0,FALSE,NA
2346,78,29,"F1",1000,1,0.5,17829,"fixed_1",TRUE,239.014,0.55849707100965,0.560760693895553,-0.00226362288590298,0,0.975,0.025,FALSE,NA
2347,79,29,"F2",1000,1,0.5,17929,"fixed_1",TRUE,255.812,0.605924958671096,0.631573380106838,-0.0256484214357415,0.55,0.3875,0.0625,FALSE,NA
2348,80,29,"F3",1000,1,0.5,18029,"fixed_1",TRUE,232.059,0.508297209035031,0.510343815805932,-0.0020466067709014,0,0.991228070175439,0.0087719298245614,FALSE,NA
2349,0,30,"F1",100,0.2,0.1,10030,"fixed_1",TRUE,75.258,1.02517183775173,1.02786167794395,-0.00268984019221463,0,0.25,0.75,TRUE,NA
2350,1,30,"F2",100,0.2,0.1,10130,"fixed_1",TRUE,74.479,0.951491013892209,1.06692493440612,-0.115433920513916,0.75,0.25,0,FALSE,NA
2351,2,30,"F3",100,0.2,0.1,10230,"fixed_1",TRUE,81.356,1.00369622156351,0.982440267767879,0.0212559537956268,0,0.5,0.5,TRUE,NA
2352,3,30,"F1",300,0.2,0.1,10330,"fixed_1",TRUE,102.193,0.84235425092587,0.845000316559348,-0.0026460656334778,0.352941176470588,0.602941176470588,0.0441176470588235,FALSE,NA
2353,4,30,"F2",300,0.2,0.1,10430,"fixed_1",TRUE,97.306,1.02193628625653,1.12610849180019,-0.104172205543667,0.5,0,0.5,TRUE,NA
2354,5,30,"F3",300,0.2,0.1,10530,"fixed_1",TRUE,98.998,0.680479443195649,0.658103360779077,0.0223760824165721,0.166666666666667,0.166666666666667,0.666666666666667,TRUE,NA
2355,6,30,"F1",1000,0.2,0.1,10630,"fixed_1",TRUE,362.868,0.973597289244158,0.979249335569934,-0.00565204632577676,0.3875,0.6125,0,FALSE,NA
2356,7,30,"F2",1000,0.2,0.1,10730,"fixed_1",TRUE,364.335,0.870288923947367,0.908683085336321,-0.038394161388954,0.75,0.25,0,FALSE,NA
2357,8,30,"F3",1000,0.2,0.1,10830,"fixed_1",TRUE,374.495,0.808861022107515,0.793476407067579,0.0153846150399363,0,0.5,0.5,TRUE,NA
2358,9,30,"F1",100,0.5,0.1,10930,"fixed_1",TRUE,78.327,0.77144765510785,0.808703731730652,-0.0372560766228014,0.1625,0.5375,0.3,TRUE,NA
2359,10,30,"F2",100,0.5,0.1,11030,"fixed_1",TRUE,81.42,0.867898283012303,0.85608635156989,0.0118119314424128,0.380030959752322,0,0.619969040247678,TRUE,NA
2360,11,30,"F3",100,0.5,0.1,11130,"fixed_1",TRUE,69.188,0.918732570865858,0.818732570845159,0.100000000020699,0,0.333333333333333,0.666666666666667,TRUE,NA
2361,12,30,"F1",300,0.5,0.1,11230,"fixed_1",TRUE,94.072,0.86829079118081,0.868290792159299,-9.78489733682864e-10,0,1,0,FALSE,NA
2362,13,30,"F2",300,0.5,0.1,11330,"fixed_1",TRUE,94.646,0.855096201630404,0.871161750741745,-0.0160655491113411,0.5,0.225,0.275,TRUE,NA
2363,14,30,"F3",300,0.5,0.1,11430,"fixed_1",TRUE,94.796,0.652127970433874,0.63859186590837,0.0135361045255042,0,0.470588235294118,0.529411764705882,TRUE,NA
2364,15,30,"F1",1000,0.5,0.1,11530,"fixed_1",TRUE,349.785,0.900265974683357,0.900265974174116,5.09240094537233e-10,0,1,0,FALSE,NA
2365,16,30,"F2",1000,0.5,0.1,11630,"fixed_1",TRUE,351.873,0.923395468362606,0.925601287538367,-0.00220581917576146,0.175,0.575,0.25,TRUE,NA
2366,17,30,"F3",1000,0.5,0.1,11730,"fixed_1",TRUE,355,0.768116930205064,0.772502895258949,-0.00438596505388522,0,0.5,0.5,TRUE,NA
2367,18,30,"F1",100,1,0.1,11830,"fixed_1",TRUE,76.428,0.703374784038005,0.753402447664182,-0.0500276636261768,0.421052631578947,0.5,0.0789473684210526,FALSE,NA
2368,19,30,"F2",100,1,0.1,11930,"fixed_1",TRUE,80.688,0.570859472175573,0.631524698157339,-0.0606652259817658,0.5,0.25,0.25,TRUE,NA
2369,20,30,"F3",100,1,0.1,12030,"fixed_1",TRUE,71,0.532068838227004,0.485454609148144,0.0466142290788595,0.05,0.283333333333333,0.666666666666667,TRUE,NA
2370,21,30,"F1",300,1,0.1,12130,"fixed_1",TRUE,88.807,0.490276730424213,0.49126410755073,-0.000987377126517419,0.434210526315789,0.552631578947368,0.0131578947368421,FALSE,NA
2371,22,30,"F2",300,1,0.1,12230,"fixed_1",TRUE,94.082,0.490290520113627,0.551265544745069,-0.0609750246314422,0.5,0.375,0.125,FALSE,NA
2372,23,30,"F3",300,1,0.1,12330,"fixed_1",TRUE,97.763,0.605727241280041,0.565325591038993,0.0404016502410481,0.133333333333333,0.366666666666667,0.5,TRUE,NA
2373,24,30,"F1",1000,1,0.1,12430,"fixed_1",TRUE,344,0.450297739001996,0.450914824629617,-0.000617085627620417,0.125,0.875,0,FALSE,NA
2374,25,30,"F2",1000,1,0.1,12530,"fixed_1",TRUE,374.772,0.507633173451277,0.517256518638296,-0.00962334518701968,0.35,0.65,0,FALSE,NA
2375,26,30,"F3",1000,1,0.1,12630,"fixed_1",TRUE,348.645,0.451429152063289,0.451792436962605,-0.000363284899315974,0.05,0.95,0,FALSE,NA
2376,27,30,"F1",100,0.2,0.3,12730,"fixed_1",TRUE,73.826,1.0489887275903,1.02162328738819,0.0273654402021062,0,0.75,0.25,TRUE,NA
2377,28,30,"F2",100,0.2,0.3,12830,"fixed_1",TRUE,71.509,0.978327061378971,0.982231908263751,-0.00390484688477932,0,0.25,0.75,TRUE,NA
2378,29,30,"F3",100,0.2,0.3,12930,"fixed_1",TRUE,75.391,0.670327553129268,0.835695309318734,-0.165367756189466,0.333333333333333,0,0.666666666666667,TRUE,NA
2379,30,30,"F1",300,0.2,0.3,13030,"fixed_1",TRUE,89.21,0.927993969151534,0.939714146678126,-0.011720177526592,0.25,0,0.75,TRUE,NA
2380,31,30,"F2",300,0.2,0.3,13130,"fixed_1",TRUE,89.944,0.970555702888289,0.996269487570976,-0.0257137846826866,0.25,0.45,0.3,TRUE,NA
2381,32,30,"F3",300,0.2,0.3,13230,"fixed_1",TRUE,91.132,0.810991018926255,0.805886608611533,0.00510441031472142,0.166666666666667,0.166666666666667,0.666666666666667,TRUE,NA
2382,33,30,"F1",1000,0.2,0.3,13330,"fixed_1",TRUE,280.049,1.02013301065935,1.01601993397979,0.00411307667956007,0.157894736842105,0.592105263157895,0.25,TRUE,NA
2383,34,30,"F2",1000,0.2,0.3,13430,"fixed_1",TRUE,267.293,0.963715376083781,0.972086987758817,-0.00837161167503608,0.4125,0.3375,0.25,TRUE,NA
2384,35,30,"F3",1000,0.2,0.3,13530,"fixed_1",TRUE,264.428,0.706034236770316,0.701084626061098,0.00494961070921818,0.0416666666666667,0.833333333333333,0.125,FALSE,NA
2385,36,30,"F1",100,0.5,0.3,13630,"fixed_1",TRUE,69.699,0.977452124803662,0.89050492147644,0.0869472033272217,0.675,0.075,0.25,TRUE,NA
2386,37,30,"F2",100,0.5,0.3,13730,"fixed_1",TRUE,68.282,1.20588716691032,1.22275388946899,-0.0168667225586723,0.5,0.4125,0.0875,FALSE,NA
2387,38,30,"F3",100,0.5,0.3,13830,"fixed_1",TRUE,75.324,0.5711662347963,0.76171210469379,-0.19054586989749,0.166666666666667,0,0.833333333333333,TRUE,NA
2388,39,30,"F1",300,0.5,0.3,13930,"fixed_1",TRUE,90.263,0.76065255488337,0.751658172458451,0.0089943824249189,0.25,0.618421052631579,0.131578947368421,FALSE,NA
2389,40,30,"F2",300,0.5,0.3,14030,"fixed_1",TRUE,90.118,0.943250506366895,1.02401510010015,-0.0807645937332582,0.441176470588235,0.25,0.308823529411765,TRUE,NA
2390,41,30,"F3",300,0.5,0.3,14130,"fixed_1",TRUE,82.908,0.718402972310293,0.642334759860287,0.0760682124500067,0,0.333333333333333,0.666666666666667,TRUE,NA
2391,42,30,"F1",1000,0.5,0.3,14230,"fixed_1",TRUE,272.061,0.918942618302579,0.916267611291152,0.00267500701142631,0.0625,0.9375,0,FALSE,NA
2392,43,30,"F2",1000,0.5,0.3,14330,"fixed_1",TRUE,257.624,0.808345704387063,0.80922535314108,-0.000879648754017026,0.35,0.636842105263158,0.0131578947368421,FALSE,NA
2393,44,30,"F3",1000,0.5,0.3,14430,"fixed_1",TRUE,258.037,0.659795411452117,0.650180027071269,0.0096153843808483,0,0.833333333333333,0.166666666666667,TRUE,NA
2394,45,30,"F1",100,1,0.3,14530,"fixed_1",TRUE,72.666,0.527510890914783,0.538313973710726,-0.0108030827959431,0.210526315789474,0.75,0.0394736842105263,FALSE,NA
2395,46,30,"F2",100,1,0.3,14630,"fixed_1",TRUE,72.329,0.706457281944357,0.579806454814352,0.126650827130005,0.131578947368421,0.451973684210526,0.416447368421053,TRUE,NA
2396,47,30,"F3",100,1,0.3,14730,"fixed_1",TRUE,69.495,0.488482354181753,0.288482353493908,0.200000000687845,0,0.5,0.5,TRUE,NA
2397,48,30,"F1",300,1,0.3,14830,"fixed_1",TRUE,85.84,0.456694759811238,0.483398858732893,-0.0267040989216543,0.515625,0.453125,0.03125,FALSE,NA
2398,49,30,"F2",300,1,0.3,14930,"fixed_1",TRUE,90.136,0.567756573702733,0.605333764887695,-0.0375771911849619,0.46875,0.35,0.18125,FALSE,NA
2399,50,30,"F3",300,1,0.3,15030,"fixed_1",TRUE,87.009,0.544011063202664,0.535961679801354,0.00804938340130945,0.0583333333333333,0.866666666666667,0.075,FALSE,NA
2400,51,30,"F1",1000,1,0.3,15130,"fixed_1",TRUE,253.932,0.428904925996836,0.42890492569288,3.03955860481153e-10,0,1,0,FALSE,NA
2401,52,30,"F2",1000,1,0.3,15230,"fixed_1",TRUE,253.608,0.499889106617877,0.517522223484885,-0.0176331168670082,0,0.925,0.075,FALSE,NA
2402,53,30,"F3",1000,1,0.3,15330,"fixed_1",TRUE,251.783,0.394634699537118,0.394634699852757,-3.15639125947342e-10,0,1,0,FALSE,NA
2403,54,30,"F1",100,0.2,0.5,15430,"fixed_1",TRUE,71.467,1.02412626699485,0.956092102988372,0.0680341640064803,0.25,0.25,0.5,TRUE,NA
2404,55,30,"F2",100,0.2,0.5,15530,"fixed_1",TRUE,67.398,0.976656883152565,0.962702661452104,0.0139542217004611,0.25,0,0.75,TRUE,NA
2405,56,30,"F3",100,0.2,0.5,15630,"fixed_1",TRUE,72.945,0.601269436414501,0.596931405016186,0.00433803139831512,0,0.0151515151515152,0.984848484848485,TRUE,NA
2406,57,30,"F1",300,0.2,0.5,15730,"fixed_1",TRUE,89.48,1.15109166937668,1.14165294195449,0.00943872742218876,0,0.5,0.5,TRUE,NA
2407,58,30,"F2",300,0.2,0.5,15830,"fixed_1",TRUE,81.2,0.820416757206407,0.82080990693311,-0.000393149726703013,0.5,0.25,0.25,TRUE,NA
2408,59,30,"F3",300,0.2,0.5,15930,"fixed_1",TRUE,85.773,0.680609133216358,0.688401229517945,-0.0077920963015875,0,0.833333333333333,0.166666666666667,TRUE,NA
2409,60,30,"F1",1000,0.2,0.5,16030,"fixed_1",TRUE,205.885,0.944480153264171,0.944714416932036,-0.00023426366786472,0.0375,0.7125,0.25,TRUE,NA
2410,61,30,"F2",1000,0.2,0.5,16130,"fixed_1",TRUE,208.182,0.869636233423526,0.913197430259602,-0.0435611968360764,0.75,0.25,0,FALSE,NA
2411,62,30,"F3",1000,0.2,0.5,16230,"fixed_1",TRUE,207.572,0.782107726849449,0.759103879804648,0.0230038470448012,0.0916666666666667,0.223148148148148,0.685185185185185,TRUE,NA
2412,63,30,"F1",100,0.5,0.5,16330,"fixed_1",TRUE,68.257,1.04931800739528,1.00963232762336,0.0396856797719189,0.25,0.2375,0.5125,TRUE,NA
2413,64,30,"F2",100,0.5,0.5,16430,"fixed_1",TRUE,64.729,1.20337612932292,1.28207290316553,-0.0786967738426096,0,0.25,0.75,TRUE,NA
2414,65,30,"F3",100,0.5,0.5,16530,"fixed_1",TRUE,75.781,0.681305692630856,0.620420131672337,0.0608855609585194,0,0.166666666666667,0.833333333333333,TRUE,NA
2415,66,30,"F1",300,0.5,0.5,16630,"fixed_1",TRUE,83.404,0.958980756333934,0.972277272357279,-0.0132965160233451,0.15,0.7125,0.1375,FALSE,NA
2416,67,30,"F2",300,0.5,0.5,16730,"fixed_1",TRUE,90.99,1.191661985077,1.19195918117865,-0.000297196101649799,0.25,0.625,0.125,FALSE,NA
2417,68,30,"F3",300,0.5,0.5,16830,"fixed_1",TRUE,78.589,0.741321741733187,0.710996565591793,0.0303251761413945,0,0,1,TRUE,NA
2418,69,30,"F1",1000,0.5,0.5,16930,"fixed_1",TRUE,208.539,0.866978347599414,0.866978347963422,-3.64008601039245e-10,0,1,0,FALSE,NA
2419,70,30,"F2",1000,0.5,0.5,17030,"fixed_1",TRUE,203.408,0.932516919950679,0.932516919489048,4.61631399772955e-10,0,1,0,FALSE,NA
2420,71,30,"F3",1000,0.5,0.5,17130,"fixed_1",TRUE,200.115,0.678077515086013,0.678077514155871,9.30141741406487e-10,0,1,0,FALSE,NA
2421,72,30,"F1",100,1,0.5,17230,"fixed_1",TRUE,68.643,0.673445698562374,0.672273335240574,0.0011723633218006,0,0.99375,0.00625,FALSE,NA
2422,73,30,"F2",100,1,0.5,17330,"fixed_1",TRUE,65.68,0.705963241221966,0.740948006417539,-0.0349847651955725,0.447368421052632,0.5,0.0526315789473684,FALSE,NA
2423,74,30,"F3",100,1,0.5,17430,"fixed_1",TRUE,69.198,0.527754100352801,0.553253615615343,-0.0254995152625415,0.166666666666667,0.533333333333333,0.3,FALSE,NA
2424,75,30,"F1",300,1,0.5,17530,"fixed_1",TRUE,79.574,0.514371564903981,0.510746903553407,0.00362466135057393,0.424342105263158,0.55,0.0256578947368421,FALSE,NA
2425,76,30,"F2",300,1,0.5,17630,"fixed_1",TRUE,82.161,0.700276800562389,0.750100469528672,-0.0498236689662833,0.45,0.425,0.125,FALSE,NA
2426,77,30,"F3",300,1,0.5,17730,"fixed_1",TRUE,82.993,0.478567943332013,0.473070242354368,0.00549770097764446,0,0.95,0.05,FALSE,NA
2427,78,30,"F1",1000,1,0.5,17830,"fixed_1",TRUE,196.208,0.504185745104189,0.509906198626954,-0.00572045352276418,0.425,0.5625,0.0125,FALSE,NA
2428,79,30,"F2",1000,1,0.5,17930,"fixed_1",TRUE,199.675,0.508187749381943,0.518659092951483,-0.0104713435695394,0.486842105263158,0.5,0.0131578947368421,FALSE,NA
2429,80,30,"F3",1000,1,0.5,18030,"fixed_1",TRUE,194.908,0.529670299275491,0.530867177303589,-0.00119687802809787,0,0.991666666666667,0.00833333333333333,FALSE,NA
