"job_id","cell_id","family","n_species","phylo_lambda","miss_frac","latent_col","r_cal_gnn","r_cal_bm","r_cal_mean","floor_mean_corner"
0,0,"F1",100,0.2,0.1,"trait1",0,1,0,FALSE
0,0,"F1",100,0.2,0.1,"trait2",0,0,1,TRUE
0,0,"F1",100,0.2,0.1,"trait3",0.6,0,0.4,FALSE
0,0,"F1",100,0.2,0.1,"trait4",1,0,0,FALSE
1,1,"F2",100,0.2,0.1,"trait1",0,0,1,TRUE
1,1,"F2",100,0.2,0.1,"trait2",0,1,0,FALSE
1,1,"F2",100,0.2,0.1,"trait3",0,1,0,FALSE
1,1,"F2",100,0.2,0.1,"trait4",1,0,0,FALSE
2,2,"F3",100,0.2,0.1,"cont1",0,0,1,TRUE
2,2,"F3",100,0.2,0.1,"binary_trait",0,0,1,TRUE
2,2,"F3",100,0.2,0.1,"cat_trait=A",0,0,1,TRUE
2,2,"F3",100,0.2,0.1,"cat_trait=B",0,0,1,TRUE
2,2,"F3",100,0.2,0.1,"cat_trait=C",0,0,1,TRUE
2,2,"F3",100,0.2,0.1,"count_trait",0,0,1,TRUE
3,3,"F1",300,0.2,0.1,"trait1",1,0,0,FALSE
3,3,"F1",300,0.2,0.1,"trait2",0,0,1,TRUE
3,3,"F1",300,0.2,0.1,"trait3",0,0,1,TRUE
3,3,"F1",300,0.2,0.1,"trait4",0.9,0.1,0,FALSE
4,4,"F2",300,0.2,0.1,"trait1",0,1,0,FALSE
4,4,"F2",300,0.2,0.1,"trait2",1,0,0,FALSE
4,4,"F2",300,0.2,0.1,"trait3",1,0,0,FALSE
4,4,"F2",300,0.2,0.1,"trait4",1,0,0,FALSE
5,5,"F3",300,0.2,0.1,"cont1",0,1,0,FALSE
5,5,"F3",300,0.2,0.1,"binary_trait",0,1,0,FALSE
5,5,"F3",300,0.2,0.1,"cat_trait=A",0,0,1,TRUE
5,5,"F3",300,0.2,0.1,"cat_trait=B",0,0,1,TRUE
5,5,"F3",300,0.2,0.1,"cat_trait=C",0,0,1,TRUE
5,5,"F3",300,0.2,0.1,"count_trait",0.6,0,0.4,FALSE
6,6,"F1",1000,0.2,0.1,"trait1",0,0,1,TRUE
6,6,"F1",1000,0.2,0.1,"trait2",0,1,0,FALSE
6,6,"F1",1000,0.2,0.1,"trait3",1,0,0,FALSE
6,6,"F1",1000,0.2,0.1,"trait4",0,1,0,FALSE
7,7,"F2",1000,0.2,0.1,"trait1",1,0,0,FALSE
7,7,"F2",1000,0.2,0.1,"trait2",1,0,0,FALSE
7,7,"F2",1000,0.2,0.1,"trait3",0,1,0,FALSE
7,7,"F2",1000,0.2,0.1,"trait4",1,0,0,FALSE
8,8,"F3",1000,0.2,0.1,"cont1",0,0,1,TRUE
8,8,"F3",1000,0.2,0.1,"binary_trait",0,0,1,TRUE
8,8,"F3",1000,0.2,0.1,"cat_trait=A",0,0,1,TRUE
8,8,"F3",1000,0.2,0.1,"cat_trait=B",0,0,1,TRUE
8,8,"F3",1000,0.2,0.1,"cat_trait=C",0,0,1,TRUE
8,8,"F3",1000,0.2,0.1,"count_trait",0,1,0,FALSE
9,9,"F1",100,0.5,0.1,"trait1",0,1,0,FALSE
9,9,"F1",100,0.5,0.1,"trait2",0,1,0,FALSE
9,9,"F1",100,0.5,0.1,"trait3",0,0,1,TRUE
9,9,"F1",100,0.5,0.1,"trait4",0,0.75,0.25,FALSE
10,10,"F2",100,0.5,0.1,"trait1",0,1,0,FALSE
10,10,"F2",100,0.5,0.1,"trait2",1,0,0,FALSE
10,10,"F2",100,0.5,0.1,"trait3",0,1,0,FALSE
10,10,"F2",100,0.5,0.1,"trait4",0,1,0,FALSE
11,11,"F3",100,0.5,0.1,"cont1",1,0,0,FALSE
11,11,"F3",100,0.5,0.1,"binary_trait",0,0,1,TRUE
11,11,"F3",100,0.5,0.1,"cat_trait=A",0,0,1,TRUE
11,11,"F3",100,0.5,0.1,"cat_trait=B",0,0,1,TRUE
11,11,"F3",100,0.5,0.1,"cat_trait=C",0,0,1,TRUE
11,11,"F3",100,0.5,0.1,"count_trait",0,0,1,TRUE
12,12,"F1",300,0.5,0.1,"trait1",0,1,0,FALSE
12,12,"F1",300,0.5,0.1,"trait2",0,1,0,FALSE
12,12,"F1",300,0.5,0.1,"trait3",0,1,0,FALSE
12,12,"F1",300,0.5,0.1,"trait4",0,1,0,FALSE
13,13,"F2",300,0.5,0.1,"trait1",1,0,0,FALSE
13,13,"F2",300,0.5,0.1,"trait2",1,0,0,FALSE
13,13,"F2",300,0.5,0.1,"trait3",0,1,0,FALSE
13,13,"F2",300,0.5,0.1,"trait4",0.733333333333333,0,0.266666666666667,FALSE
14,14,"F3",300,0.5,0.1,"cont1",0,1,0,FALSE
14,14,"F3",300,0.5,0.1,"binary_trait",0,1,0,FALSE
14,14,"F3",300,0.5,0.1,"cat_trait=A",0,0.777777777777778,0.222222222222222,FALSE
14,14,"F3",300,0.5,0.1,"cat_trait=B",0,0.777777777777778,0.222222222222222,FALSE
14,14,"F3",300,0.5,0.1,"cat_trait=C",0,0.777777777777778,0.222222222222222,FALSE
14,14,"F3",300,0.5,0.1,"count_trait",0,1,0,FALSE
15,15,"F1",1000,0.5,0.1,"trait1",0,1,0,FALSE
15,15,"F1",1000,0.5,0.1,"trait2",0,1,0,FALSE
15,15,"F1",1000,0.5,0.1,"trait3",0.6,0.4,0,FALSE
15,15,"F1",1000,0.5,0.1,"trait4",0,1,0,FALSE
16,16,"F2",1000,0.5,0.1,"trait1",0,1,0,FALSE
16,16,"F2",1000,0.5,0.1,"trait2",1,0,0,FALSE
16,16,"F2",1000,0.5,0.1,"trait3",0,1,0,FALSE
16,16,"F2",1000,0.5,0.1,"trait4",1,0,0,FALSE
17,17,"F3",1000,0.5,0.1,"cont1",0,1,0,FALSE
17,17,"F3",1000,0.5,0.1,"binary_trait",0,1,0,FALSE
17,17,"F3",1000,0.5,0.1,"cat_trait=A",0,1,0,FALSE
17,17,"F3",1000,0.5,0.1,"cat_trait=B",0,1,0,FALSE
17,17,"F3",1000,0.5,0.1,"cat_trait=C",0,1,0,FALSE
17,17,"F3",1000,0.5,0.1,"count_trait",0,1,0,FALSE
18,18,"F1",100,1,0.1,"trait1",1,0,0,FALSE
18,18,"F1",100,1,0.1,"trait2",1,0,0,FALSE
18,18,"F1",100,1,0.1,"trait3",0,1,0,FALSE
18,18,"F1",100,1,0.1,"trait4",0.6,0.4,0,FALSE
19,19,"F2",100,1,0.1,"trait1",0,1,0,FALSE
19,19,"F2",100,1,0.1,"trait2",1,0,0,FALSE
19,19,"F2",100,1,0.1,"trait3",0.842105263157895,0,0.157894736842105,FALSE
19,19,"F2",100,1,0.1,"trait4",0.7,0,0.3,FALSE
20,20,"F3",100,1,0.1,"cont1",0.75,0.25,0,FALSE
20,20,"F3",100,1,0.1,"binary_trait",0,1,0,FALSE
20,20,"F3",100,1,0.1,"cat_trait=A",0,1,0,FALSE
20,20,"F3",100,1,0.1,"cat_trait=B",0,1,0,FALSE
20,20,"F3",100,1,0.1,"cat_trait=C",0,1,0,FALSE
20,20,"F3",100,1,0.1,"count_trait",0,1,0,FALSE
21,21,"F1",300,1,0.1,"trait1",0.947368421052632,0.0526315789473684,0,FALSE
21,21,"F1",300,1,0.1,"trait2",0.65,0.35,0,FALSE
21,21,"F1",300,1,0.1,"trait3",0,1,0,FALSE
21,21,"F1",300,1,0.1,"trait4",0,1,0,FALSE
22,22,"F2",300,1,0.1,"trait1",0.842105263157895,0,0.157894736842105,FALSE
22,22,"F2",300,1,0.1,"trait2",0,1,0,FALSE
22,22,"F2",300,1,0.1,"trait3",0,1,0,FALSE
22,22,"F2",300,1,0.1,"trait4",0.7,0.3,0,FALSE
23,23,"F3",300,1,0.1,"cont1",0,1,0,FALSE
23,23,"F3",300,1,0.1,"binary_trait",0,1,0,FALSE
23,23,"F3",300,1,0.1,"cat_trait=A",0,0,1,TRUE
23,23,"F3",300,1,0.1,"cat_trait=B",0,0,1,TRUE
23,23,"F3",300,1,0.1,"cat_trait=C",0,0,1,TRUE
23,23,"F3",300,1,0.1,"count_trait",0,1,0,FALSE
24,24,"F1",1000,1,0.1,"trait1",0,1,0,FALSE
24,24,"F1",1000,1,0.1,"trait2",0.25,0.75,0,FALSE
24,24,"F1",1000,1,0.1,"trait3",0,1,0,FALSE
24,24,"F1",1000,1,0.1,"trait4",0,1,0,FALSE
25,25,"F2",1000,1,0.1,"trait1",0,1,0,FALSE
25,25,"F2",1000,1,0.1,"trait2",0,1,0,FALSE
25,25,"F2",1000,1,0.1,"trait3",0.15,0.75,0.1,FALSE
25,25,"F2",1000,1,0.1,"trait4",0.95,0.05,0,FALSE
26,26,"F3",1000,1,0.1,"cont1",0.6,0.4,0,FALSE
26,26,"F3",1000,1,0.1,"binary_trait",0,1,0,FALSE
26,26,"F3",1000,1,0.1,"cat_trait=A",0,1,0,FALSE
26,26,"F3",1000,1,0.1,"cat_trait=B",0,1,0,FALSE
26,26,"F3",1000,1,0.1,"cat_trait=C",0,1,0,FALSE
26,26,"F3",1000,1,0.1,"count_trait",0,0.95,0.05,FALSE
27,27,"F1",100,0.2,0.3,"trait1",0,0,1,TRUE
27,27,"F1",100,0.2,0.3,"trait2",0,0,1,TRUE
27,27,"F1",100,0.2,0.3,"trait3",0,0,1,TRUE
27,27,"F1",100,0.2,0.3,"trait4",0,0,1,TRUE
28,28,"F2",100,0.2,0.3,"trait1",0.425,0.575,0,FALSE
28,28,"F2",100,0.2,0.3,"trait2",1,0,0,FALSE
28,28,"F2",100,0.2,0.3,"trait3",0,0,1,TRUE
28,28,"F2",100,0.2,0.3,"trait4",0,1,0,FALSE
29,29,"F3",100,0.2,0.3,"cont1",1,0,0,FALSE
29,29,"F3",100,0.2,0.3,"binary_trait",0,0,1,TRUE
29,29,"F3",100,0.2,0.3,"cat_trait=A",0,0,1,TRUE
29,29,"F3",100,0.2,0.3,"cat_trait=B",0,0,1,TRUE
29,29,"F3",100,0.2,0.3,"cat_trait=C",0,0,1,TRUE
29,29,"F3",100,0.2,0.3,"count_trait",0,0,1,TRUE
30,30,"F1",300,0.2,0.3,"trait1",0,1,0,FALSE
30,30,"F1",300,0.2,0.3,"trait2",0.95,0.05,0,FALSE
30,30,"F1",300,0.2,0.3,"trait3",0,1,0,FALSE
30,30,"F1",300,0.2,0.3,"trait4",0,0,1,TRUE
31,31,"F2",300,0.2,0.3,"trait1",0,1,0,FALSE
31,31,"F2",300,0.2,0.3,"trait2",1,0,0,FALSE
31,31,"F2",300,0.2,0.3,"trait3",0,0,1,TRUE
31,31,"F2",300,0.2,0.3,"trait4",0,0,1,TRUE
32,32,"F3",300,0.2,0.3,"cont1",0,1,0,FALSE
32,32,"F3",300,0.2,0.3,"binary_trait",0,1,0,FALSE
32,32,"F3",300,0.2,0.3,"cat_trait=A",0,0,1,TRUE
32,32,"F3",300,0.2,0.3,"cat_trait=B",0,0,1,TRUE
32,32,"F3",300,0.2,0.3,"cat_trait=C",0,0,1,TRUE
32,32,"F3",300,0.2,0.3,"count_trait",0,0,1,TRUE
33,33,"F1",1000,0.2,0.3,"trait1",0,1,0,FALSE
33,33,"F1",1000,0.2,0.3,"trait2",0,1,0,FALSE
33,33,"F1",1000,0.2,0.3,"trait3",0,1,0,FALSE
33,33,"F1",1000,0.2,0.3,"trait4",0,1,0,FALSE
34,34,"F2",1000,0.2,0.3,"trait1",0.631578947368421,0.368421052631579,0,FALSE
34,34,"F2",1000,0.2,0.3,"trait2",1,0,0,FALSE
34,34,"F2",1000,0.2,0.3,"trait3",0,1,0,FALSE
34,34,"F2",1000,0.2,0.3,"trait4",1,0,0,FALSE
35,35,"F3",1000,0.2,0.3,"cont1",0,1,0,FALSE
35,35,"F3",1000,0.2,0.3,"binary_trait",0,1,0,FALSE
35,35,"F3",1000,0.2,0.3,"cat_trait=A",0,1,0,FALSE
35,35,"F3",1000,0.2,0.3,"cat_trait=B",0,1,0,FALSE
35,35,"F3",1000,0.2,0.3,"cat_trait=C",0,1,0,FALSE
35,35,"F3",1000,0.2,0.3,"count_trait",0.4,0.6,0,FALSE
36,36,"F1",100,0.5,0.3,"trait1",1,0,0,FALSE
36,36,"F1",100,0.5,0.3,"trait2",0,1,0,FALSE
36,36,"F1",100,0.5,0.3,"trait3",0,0.75,0.25,FALSE
36,36,"F1",100,0.5,0.3,"trait4",1,0,0,FALSE
37,37,"F2",100,0.5,0.3,"trait1",0,0.214285714285714,0.785714285714286,FALSE
37,37,"F2",100,0.5,0.3,"trait2",0,0,1,TRUE
37,37,"F2",100,0.5,0.3,"trait3",0,0,1,TRUE
37,37,"F2",100,0.5,0.3,"trait4",0,0,1,TRUE
38,38,"F3",100,0.5,0.3,"cont1",0,0,1,TRUE
38,38,"F3",100,0.5,0.3,"binary_trait",0,0,1,TRUE
38,38,"F3",100,0.5,0.3,"cat_trait=A",0,0,1,TRUE
38,38,"F3",100,0.5,0.3,"cat_trait=B",0,0,1,TRUE
38,38,"F3",100,0.5,0.3,"cat_trait=C",0,0,1,TRUE
38,38,"F3",100,0.5,0.3,"count_trait",0,1,0,FALSE
39,39,"F1",300,0.5,0.3,"trait1",0,1,0,FALSE
39,39,"F1",300,0.5,0.3,"trait2",0,1,0,FALSE
39,39,"F1",300,0.5,0.3,"trait3",0,1,0,FALSE
39,39,"F1",300,0.5,0.3,"trait4",0,1,0,FALSE
40,40,"F2",300,0.5,0.3,"trait1",0,0,1,TRUE
40,40,"F2",300,0.5,0.3,"trait2",0,1,0,FALSE
40,40,"F2",300,0.5,0.3,"trait3",0,1,0,FALSE
40,40,"F2",300,0.5,0.3,"trait4",0.6,0.4,0,FALSE
41,41,"F3",300,0.5,0.3,"cont1",0,1,0,FALSE
41,41,"F3",300,0.5,0.3,"binary_trait",0,1,0,FALSE
41,41,"F3",300,0.5,0.3,"cat_trait=A",0,0,1,TRUE
41,41,"F3",300,0.5,0.3,"cat_trait=B",0,0,1,TRUE
41,41,"F3",300,0.5,0.3,"cat_trait=C",0,0,1,TRUE
41,41,"F3",300,0.5,0.3,"count_trait",1,0,0,FALSE
42,42,"F1",1000,0.5,0.3,"trait1",0,1,0,FALSE
42,42,"F1",1000,0.5,0.3,"trait2",0,1,0,FALSE
42,42,"F1",1000,0.5,0.3,"trait3",0,1,0,FALSE
42,42,"F1",1000,0.5,0.3,"trait4",0,1,0,FALSE
43,43,"F2",1000,0.5,0.3,"trait1",0,1,0,FALSE
43,43,"F2",1000,0.5,0.3,"trait2",0,1,0,FALSE
43,43,"F2",1000,0.5,0.3,"trait3",0,0.75,0.25,FALSE
43,43,"F2",1000,0.5,0.3,"trait4",0.8,0.2,0,FALSE
44,44,"F3",1000,0.5,0.3,"cont1",0,1,0,FALSE
44,44,"F3",1000,0.5,0.3,"binary_trait",0,0,1,TRUE
44,44,"F3",1000,0.5,0.3,"cat_trait=A",0,1,0,FALSE
44,44,"F3",1000,0.5,0.3,"cat_trait=B",0,1,0,FALSE
44,44,"F3",1000,0.5,0.3,"cat_trait=C",0,1,0,FALSE
44,44,"F3",1000,0.5,0.3,"count_trait",1,0,0,FALSE
45,45,"F1",100,1,0.3,"trait1",0,1,0,FALSE
45,45,"F1",100,1,0.3,"trait2",0,1,0,FALSE
45,45,"F1",100,1,0.3,"trait3",0,1,0,FALSE
45,45,"F1",100,1,0.3,"trait4",0,1,0,FALSE
46,46,"F2",100,1,0.3,"trait1",0,1,0,FALSE
46,46,"F2",100,1,0.3,"trait2",0,0,1,TRUE
46,46,"F2",100,1,0.3,"trait3",0,0,1,TRUE
46,46,"F2",100,1,0.3,"trait4",0,0.5,0.5,FALSE
47,47,"F3",100,1,0.3,"cont1",0.15,0.5,0.35,FALSE
47,47,"F3",100,1,0.3,"binary_trait",0,1,0,FALSE
47,47,"F3",100,1,0.3,"cat_trait=A",0,0,1,TRUE
47,47,"F3",100,1,0.3,"cat_trait=B",0,0,1,TRUE
47,47,"F3",100,1,0.3,"cat_trait=C",0,0,1,TRUE
47,47,"F3",100,1,0.3,"count_trait",0,0.95,0.05,FALSE
48,48,"F1",300,1,0.3,"trait1",0,1,0,FALSE
48,48,"F1",300,1,0.3,"trait2",0,1,0,FALSE
48,48,"F1",300,1,0.3,"trait3",0.75,0.25,0,FALSE
48,48,"F1",300,1,0.3,"trait4",0,1,0,FALSE
49,49,"F2",300,1,0.3,"trait1",0,1,0,FALSE
49,49,"F2",300,1,0.3,"trait2",0.65,0.3,0.05,FALSE
49,49,"F2",300,1,0.3,"trait3",0,1,0,FALSE
49,49,"F2",300,1,0.3,"trait4",0.85,0,0.15,FALSE
50,50,"F3",300,1,0.3,"cont1",0,0.95,0.05,FALSE
50,50,"F3",300,1,0.3,"binary_trait",0,1,0,FALSE
50,50,"F3",300,1,0.3,"cat_trait=A",0,0,1,TRUE
50,50,"F3",300,1,0.3,"cat_trait=B",0,0,1,TRUE
50,50,"F3",300,1,0.3,"cat_trait=C",0,0,1,TRUE
50,50,"F3",300,1,0.3,"count_trait",0,0.368421052631579,0.631578947368421,FALSE
51,51,"F1",1000,1,0.3,"trait1",0,1,0,FALSE
51,51,"F1",1000,1,0.3,"trait2",0,1,0,FALSE
51,51,"F1",1000,1,0.3,"trait3",0,1,0,FALSE
51,51,"F1",1000,1,0.3,"trait4",0,1,0,FALSE
52,52,"F2",1000,1,0.3,"trait1",0,1,0,FALSE
52,52,"F2",1000,1,0.3,"trait2",0.9,0.1,0,FALSE
52,52,"F2",1000,1,0.3,"trait3",0,0.9,0.1,FALSE
52,52,"F2",1000,1,0.3,"trait4",0,1,0,FALSE
53,53,"F3",1000,1,0.3,"cont1",0,1,0,FALSE
53,53,"F3",1000,1,0.3,"binary_trait",0,1,0,FALSE
53,53,"F3",1000,1,0.3,"cat_trait=A",0,1,0,FALSE
53,53,"F3",1000,1,0.3,"cat_trait=B",0,1,0,FALSE
53,53,"F3",1000,1,0.3,"cat_trait=C",0,1,0,FALSE
53,53,"F3",1000,1,0.3,"count_trait",0,1,0,FALSE
54,54,"F1",100,0.2,0.5,"trait1",0,0,1,TRUE
54,54,"F1",100,0.2,0.5,"trait2",0,0,1,TRUE
54,54,"F1",100,0.2,0.5,"trait3",0,0,1,TRUE
54,54,"F1",100,0.2,0.5,"trait4",0,0,1,TRUE
55,55,"F2",100,0.2,0.5,"trait1",0,0,1,TRUE
55,55,"F2",100,0.2,0.5,"trait2",0,1,0,FALSE
55,55,"F2",100,0.2,0.5,"trait3",0,0,1,TRUE
55,55,"F2",100,0.2,0.5,"trait4",0,0,1,TRUE
56,56,"F3",100,0.2,0.5,"cont1",0,0,1,TRUE
56,56,"F3",100,0.2,0.5,"binary_trait",0,0,1,TRUE
56,56,"F3",100,0.2,0.5,"cat_trait=A",0,0,1,TRUE
56,56,"F3",100,0.2,0.5,"cat_trait=B",0,0,1,TRUE
56,56,"F3",100,0.2,0.5,"cat_trait=C",0,0,1,TRUE
56,56,"F3",100,0.2,0.5,"count_trait",0,0,1,TRUE
57,57,"F1",300,0.2,0.5,"trait1",0,0.75,0.25,FALSE
57,57,"F1",300,0.2,0.5,"trait2",0,0,1,TRUE
57,57,"F1",300,0.2,0.5,"trait3",0,1,0,FALSE
57,57,"F1",300,0.2,0.5,"trait4",0,1,0,FALSE
58,58,"F2",300,0.2,0.5,"trait1",0.764705882352941,0,0.235294117647059,FALSE
58,58,"F2",300,0.2,0.5,"trait2",0,0,1,TRUE
58,58,"F2",300,0.2,0.5,"trait3",0,1,0,FALSE
58,58,"F2",300,0.2,0.5,"trait4",0,0,1,TRUE
59,59,"F3",300,0.2,0.5,"cont1",0,0,1,TRUE
59,59,"F3",300,0.2,0.5,"binary_trait",0,0.85,0.15,FALSE
59,59,"F3",300,0.2,0.5,"cat_trait=A",0,0,1,TRUE
59,59,"F3",300,0.2,0.5,"cat_trait=B",0,0,1,TRUE
59,59,"F3",300,0.2,0.5,"cat_trait=C",0,0,1,TRUE
59,59,"F3",300,0.2,0.5,"count_trait",0,0,1,TRUE
60,60,"F1",1000,0.2,0.5,"trait1",1,0,0,FALSE
60,60,"F1",1000,0.2,0.5,"trait2",0,1,0,FALSE
60,60,"F1",1000,0.2,0.5,"trait3",0,0,1,TRUE
60,60,"F1",1000,0.2,0.5,"trait4",0,0,1,TRUE
61,61,"F2",1000,0.2,0.5,"trait1",1,0,0,FALSE
61,61,"F2",1000,0.2,0.5,"trait2",0,1,0,FALSE
61,61,"F2",1000,0.2,0.5,"trait3",1,0,0,FALSE
61,61,"F2",1000,0.2,0.5,"trait4",1,0,0,FALSE
62,62,"F3",1000,0.2,0.5,"cont1",0.65,0.35,0,FALSE
62,62,"F3",1000,0.2,0.5,"binary_trait",0,1,0,FALSE
62,62,"F3",1000,0.2,0.5,"cat_trait=A",0.263157894736842,0.578947368421053,0.157894736842105,FALSE
62,62,"F3",1000,0.2,0.5,"cat_trait=B",0.263157894736842,0.578947368421053,0.157894736842105,FALSE
62,62,"F3",1000,0.2,0.5,"cat_trait=C",0.263157894736842,0.578947368421053,0.157894736842105,FALSE
62,62,"F3",1000,0.2,0.5,"count_trait",0,1,0,FALSE
63,63,"F1",100,0.5,0.5,"trait1",0,1,0,FALSE
63,63,"F1",100,0.5,0.5,"trait2",0,1,0,FALSE
63,63,"F1",100,0.5,0.5,"trait3",0,1,0,FALSE
63,63,"F1",100,0.5,0.5,"trait4",0,1,0,FALSE
64,64,"F2",100,0.5,0.5,"trait1",1,0,0,FALSE
64,64,"F2",100,0.5,0.5,"trait2",0,0,1,TRUE
64,64,"F2",100,0.5,0.5,"trait3",0,0,1,TRUE
64,64,"F2",100,0.5,0.5,"trait4",1,0,0,FALSE
65,65,"F3",100,0.5,0.5,"cont1",0,0,1,TRUE
65,65,"F3",100,0.5,0.5,"binary_trait",0,0,1,TRUE
65,65,"F3",100,0.5,0.5,"cat_trait=A",0,0,1,TRUE
65,65,"F3",100,0.5,0.5,"cat_trait=B",0,0,1,TRUE
65,65,"F3",100,0.5,0.5,"cat_trait=C",0,0,1,TRUE
65,65,"F3",100,0.5,0.5,"count_trait",0,0,1,TRUE
66,66,"F1",300,0.5,0.5,"trait1",0,1,0,FALSE
66,66,"F1",300,0.5,0.5,"trait2",0,1,0,FALSE
66,66,"F1",300,0.5,0.5,"trait3",0,1,0,FALSE
66,66,"F1",300,0.5,0.5,"trait4",0.666666666666667,0,0.333333333333333,FALSE
67,67,"F2",300,0.5,0.5,"trait1",0,1,0,FALSE
67,67,"F2",300,0.5,0.5,"trait2",0.5,0.5,0,FALSE
67,67,"F2",300,0.5,0.5,"trait3",0,1,0,FALSE
67,67,"F2",300,0.5,0.5,"trait4",1,0,0,FALSE
68,68,"F3",300,0.5,0.5,"cont1",0,1,0,FALSE
68,68,"F3",300,0.5,0.5,"binary_trait",0,1,0,FALSE
68,68,"F3",300,0.5,0.5,"cat_trait=A",0,1,0,FALSE
68,68,"F3",300,0.5,0.5,"cat_trait=B",0,1,0,FALSE
68,68,"F3",300,0.5,0.5,"cat_trait=C",0,1,0,FALSE
68,68,"F3",300,0.5,0.5,"count_trait",0.894736842105263,0,0.105263157894737,FALSE
69,69,"F1",1000,0.5,0.5,"trait1",0.55,0.45,0,FALSE
69,69,"F1",1000,0.5,0.5,"trait2",0,1,0,FALSE
69,69,"F1",1000,0.5,0.5,"trait3",0,1,0,FALSE
69,69,"F1",1000,0.5,0.5,"trait4",0,1,0,FALSE
70,70,"F2",1000,0.5,0.5,"trait1",0,1,0,FALSE
70,70,"F2",1000,0.5,0.5,"trait2",1,0,0,FALSE
70,70,"F2",1000,0.5,0.5,"trait3",0,1,0,FALSE
70,70,"F2",1000,0.5,0.5,"trait4",0,1,0,FALSE
71,71,"F3",1000,0.5,0.5,"cont1",0.5,0.5,0,FALSE
71,71,"F3",1000,0.5,0.5,"binary_trait",0,1,0,FALSE
71,71,"F3",1000,0.5,0.5,"cat_trait=A",0,1,0,FALSE
71,71,"F3",1000,0.5,0.5,"cat_trait=B",0,1,0,FALSE
71,71,"F3",1000,0.5,0.5,"cat_trait=C",0,1,0,FALSE
71,71,"F3",1000,0.5,0.5,"count_trait",0,1,0,FALSE
72,72,"F1",100,1,0.5,"trait1",0,1,0,FALSE
72,72,"F1",100,1,0.5,"trait2",0,0.9,0.1,FALSE
72,72,"F1",100,1,0.5,"trait3",0,1,0,FALSE
72,72,"F1",100,1,0.5,"trait4",0,0.9,0.1,FALSE
73,73,"F2",100,1,0.5,"trait1",0,0.8,0.2,FALSE
73,73,"F2",100,1,0.5,"trait2",0.833333333333333,0,0.166666666666667,FALSE
73,73,"F2",100,1,0.5,"trait3",0,0.75,0.25,FALSE
73,73,"F2",100,1,0.5,"trait4",1,0,0,FALSE
74,74,"F3",100,1,0.5,"cont1",1,0,0,FALSE
74,74,"F3",100,1,0.5,"binary_trait",0,0,1,TRUE
74,74,"F3",100,1,0.5,"cat_trait=A",0,0,1,TRUE
74,74,"F3",100,1,0.5,"cat_trait=B",0,0,1,TRUE
74,74,"F3",100,1,0.5,"cat_trait=C",0,0,1,TRUE
74,74,"F3",100,1,0.5,"count_trait",0,1,0,FALSE
75,75,"F1",300,1,0.5,"trait1",0,1,0,FALSE
75,75,"F1",300,1,0.5,"trait2",0,1,0,FALSE
75,75,"F1",300,1,0.5,"trait3",0,1,0,FALSE
75,75,"F1",300,1,0.5,"trait4",0,1,0,FALSE
76,76,"F2",300,1,0.5,"trait1",0,1,0,FALSE
76,76,"F2",300,1,0.5,"trait2",0,1,0,FALSE
76,76,"F2",300,1,0.5,"trait3",0,0.454545454545455,0.545454545454545,FALSE
76,76,"F2",300,1,0.5,"trait4",0.705882352941177,0,0.294117647058824,FALSE
77,77,"F3",300,1,0.5,"cont1",0.222222222222222,0.666666666666667,0.111111111111111,FALSE
77,77,"F3",300,1,0.5,"binary_trait",0,0,1,TRUE
77,77,"F3",300,1,0.5,"cat_trait=A",0,1,0,FALSE
77,77,"F3",300,1,0.5,"cat_trait=B",0,1,0,FALSE
77,77,"F3",300,1,0.5,"cat_trait=C",0,1,0,FALSE
77,77,"F3",300,1,0.5,"count_trait",0,1,0,FALSE
78,78,"F1",1000,1,0.5,"trait1",0,1,0,FALSE
78,78,"F1",1000,1,0.5,"trait2",0,1,0,FALSE
78,78,"F1",1000,1,0.5,"trait3",0,1,0,FALSE
78,78,"F1",1000,1,0.5,"trait4",0,1,0,FALSE
79,79,"F2",1000,1,0.5,"trait1",0.75,0.15,0.1,FALSE
79,79,"F2",1000,1,0.5,"trait2",0.3,0.65,0.05,FALSE
79,79,"F2",1000,1,0.5,"trait3",0,1,0,FALSE
79,79,"F2",1000,1,0.5,"trait4",0,1,0,FALSE
80,80,"F3",1000,1,0.5,"cont1",0,1,0,FALSE
80,80,"F3",1000,1,0.5,"binary_trait",0,1,0,FALSE
80,80,"F3",1000,1,0.5,"cat_trait=A",0,1,0,FALSE
80,80,"F3",1000,1,0.5,"cat_trait=B",0,1,0,FALSE
80,80,"F3",1000,1,0.5,"cat_trait=C",0,1,0,FALSE
80,80,"F3",1000,1,0.5,"count_trait",0.6,0.4,0,FALSE
81,0,"F1",100,0.2,0.1,"trait1",0,1,0,FALSE
81,0,"F1",100,0.2,0.1,"trait2",0,0,1,TRUE
81,0,"F1",100,0.2,0.1,"trait3",0,1,0,FALSE
81,0,"F1",100,0.2,0.1,"trait4",0,0,1,TRUE
82,1,"F2",100,0.2,0.1,"trait1",0,1,0,FALSE
82,1,"F2",100,0.2,0.1,"trait2",1,0,0,FALSE
82,1,"F2",100,0.2,0.1,"trait3",1,0,0,FALSE
82,1,"F2",100,0.2,0.1,"trait4",0,1,0,FALSE
83,2,"F3",100,0.2,0.1,"cont1",0,1,0,FALSE
83,2,"F3",100,0.2,0.1,"binary_trait",0,0,1,TRUE
83,2,"F3",100,0.2,0.1,"cat_trait=A",0,0,1,TRUE
83,2,"F3",100,0.2,0.1,"cat_trait=B",0,0,1,TRUE
83,2,"F3",100,0.2,0.1,"cat_trait=C",0,0,1,TRUE
83,2,"F3",100,0.2,0.1,"count_trait",1,0,0,FALSE
84,3,"F1",300,0.2,0.1,"trait1",0,1,0,FALSE
84,3,"F1",300,0.2,0.1,"trait2",0,1,0,FALSE
84,3,"F1",300,0.2,0.1,"trait3",0,0,1,TRUE
84,3,"F1",300,0.2,0.1,"trait4",0,0,1,TRUE
85,4,"F2",300,0.2,0.1,"trait1",1,0,0,FALSE
85,4,"F2",300,0.2,0.1,"trait2",1,0,0,FALSE
85,4,"F2",300,0.2,0.1,"trait3",0.25,0.75,0,FALSE
85,4,"F2",300,0.2,0.1,"trait4",1,0,0,FALSE
86,5,"F3",300,0.2,0.1,"cont1",0.95,0.05,0,FALSE
86,5,"F3",300,0.2,0.1,"binary_trait",0.0588235294117647,0.470588235294118,0.470588235294118,FALSE
86,5,"F3",300,0.2,0.1,"cat_trait=A",0,0,1,TRUE
86,5,"F3",300,0.2,0.1,"cat_trait=B",0,0,1,TRUE
86,5,"F3",300,0.2,0.1,"cat_trait=C",0,0,1,TRUE
86,5,"F3",300,0.2,0.1,"count_trait",0,1,0,FALSE
87,6,"F1",1000,0.2,0.1,"trait1",0,1,0,FALSE
87,6,"F1",1000,0.2,0.1,"trait2",0,1,0,FALSE
87,6,"F1",1000,0.2,0.1,"trait3",0,1,0,FALSE
87,6,"F1",1000,0.2,0.1,"trait4",0,1,0,FALSE
88,7,"F2",1000,0.2,0.1,"trait1",1,0,0,FALSE
88,7,"F2",1000,0.2,0.1,"trait2",1,0,0,FALSE
88,7,"F2",1000,0.2,0.1,"trait3",0,1,0,FALSE
88,7,"F2",1000,0.2,0.1,"trait4",1,0,0,FALSE
89,8,"F3",1000,0.2,0.1,"cont1",1,0,0,FALSE
89,8,"F3",1000,0.2,0.1,"binary_trait",0,1,0,FALSE
89,8,"F3",1000,0.2,0.1,"cat_trait=A",0,1,0,FALSE
89,8,"F3",1000,0.2,0.1,"cat_trait=B",0,1,0,FALSE
89,8,"F3",1000,0.2,0.1,"cat_trait=C",0,1,0,FALSE
89,8,"F3",1000,0.2,0.1,"count_trait",0,1,0,FALSE
90,9,"F1",100,0.5,0.1,"trait1",0,1,0,FALSE
90,9,"F1",100,0.5,0.1,"trait2",0.75,0,0.25,FALSE
90,9,"F1",100,0.5,0.1,"trait3",0,1,0,FALSE
90,9,"F1",100,0.5,0.1,"trait4",0,1,0,FALSE
91,10,"F2",100,0.5,0.1,"trait1",0,0,1,TRUE
91,10,"F2",100,0.5,0.1,"trait2",1,0,0,FALSE
91,10,"F2",100,0.5,0.1,"trait3",0,0,1,TRUE
91,10,"F2",100,0.5,0.1,"trait4",1,0,0,FALSE
92,11,"F3",100,0.5,0.1,"cont1",1,0,0,FALSE
92,11,"F3",100,0.5,0.1,"binary_trait",0,0,1,TRUE
92,11,"F3",100,0.5,0.1,"cat_trait=A",0,0,1,TRUE
92,11,"F3",100,0.5,0.1,"cat_trait=B",0,0,1,TRUE
92,11,"F3",100,0.5,0.1,"cat_trait=C",0,0,1,TRUE
92,11,"F3",100,0.5,0.1,"count_trait",0,1,0,FALSE
93,12,"F1",300,0.5,0.1,"trait1",0,1,0,FALSE
93,12,"F1",300,0.5,0.1,"trait2",1,0,0,FALSE
93,12,"F1",300,0.5,0.1,"trait3",0,1,0,FALSE
93,12,"F1",300,0.5,0.1,"trait4",0,1,0,FALSE
94,13,"F2",300,0.5,0.1,"trait1",0,1,0,FALSE
94,13,"F2",300,0.5,0.1,"trait2",1,0,0,FALSE
94,13,"F2",300,0.5,0.1,"trait3",0.157894736842105,0.842105263157895,0,FALSE
94,13,"F2",300,0.5,0.1,"trait4",0.1,0.9,0,FALSE
95,14,"F3",300,0.5,0.1,"cont1",0.3,0.7,0,FALSE
95,14,"F3",300,0.5,0.1,"binary_trait",0,1,0,FALSE
95,14,"F3",300,0.5,0.1,"cat_trait=A",0,0,1,TRUE
95,14,"F3",300,0.5,0.1,"cat_trait=B",0,0,1,TRUE
95,14,"F3",300,0.5,0.1,"cat_trait=C",0,0,1,TRUE
95,14,"F3",300,0.5,0.1,"count_trait",0,1,0,FALSE
96,15,"F1",1000,0.5,0.1,"trait1",0.65,0.35,0,FALSE
96,15,"F1",1000,0.5,0.1,"trait2",0.85,0.15,0,FALSE
96,15,"F1",1000,0.5,0.1,"trait3",0,1,0,FALSE
96,15,"F1",1000,0.5,0.1,"trait4",0,1,0,FALSE
97,16,"F2",1000,0.5,0.1,"trait1",0,1,0,FALSE
97,16,"F2",1000,0.5,0.1,"trait2",0.85,0.15,0,FALSE
97,16,"F2",1000,0.5,0.1,"trait3",0,1,0,FALSE
97,16,"F2",1000,0.5,0.1,"trait4",1,0,0,FALSE
98,17,"F3",1000,0.5,0.1,"cont1",0,1,0,FALSE
98,17,"F3",1000,0.5,0.1,"binary_trait",0,0.526315789473684,0.473684210526316,FALSE
98,17,"F3",1000,0.5,0.1,"cat_trait=A",0,1,0,FALSE
98,17,"F3",1000,0.5,0.1,"cat_trait=B",0,1,0,FALSE
98,17,"F3",1000,0.5,0.1,"cat_trait=C",0,1,0,FALSE
98,17,"F3",1000,0.5,0.1,"count_trait",1,0,0,FALSE
99,18,"F1",100,1,0.1,"trait1",0,1,0,FALSE
99,18,"F1",100,1,0.1,"trait2",0.95,0,0.05,FALSE
99,18,"F1",100,1,0.1,"trait3",0.9,0.1,0,FALSE
99,18,"F1",100,1,0.1,"trait4",0,1,0,FALSE
100,19,"F2",100,1,0.1,"trait1",0.68421052631579,0,0.31578947368421,FALSE
100,19,"F2",100,1,0.1,"trait2",1,0,0,FALSE
100,19,"F2",100,1,0.1,"trait3",0,0.2,0.8,FALSE
100,19,"F2",100,1,0.1,"trait4",0.9,0.1,0,FALSE
101,20,"F3",100,1,0.1,"cont1",0.85,0.15,0,FALSE
101,20,"F3",100,1,0.1,"binary_trait",0,0,1,TRUE
101,20,"F3",100,1,0.1,"cat_trait=A",0,1,0,FALSE
101,20,"F3",100,1,0.1,"cat_trait=B",0,1,0,FALSE
101,20,"F3",100,1,0.1,"cat_trait=C",0,1,0,FALSE
101,20,"F3",100,1,0.1,"count_trait",0,0,1,TRUE
102,21,"F1",300,1,0.1,"trait1",1,0,0,FALSE
102,21,"F1",300,1,0.1,"trait2",0.8,0.2,0,FALSE
102,21,"F1",300,1,0.1,"trait3",0.1,0.7,0.2,FALSE
102,21,"F1",300,1,0.1,"trait4",0,1,0,FALSE
103,22,"F2",300,1,0.1,"trait1",1,0,0,FALSE
103,22,"F2",300,1,0.1,"trait2",0.95,0,0.05,FALSE
103,22,"F2",300,1,0.1,"trait3",0,0.6,0.4,FALSE
103,22,"F2",300,1,0.1,"trait4",0.842105263157895,0,0.157894736842105,FALSE
104,23,"F3",300,1,0.1,"cont1",0.65,0.35,0,FALSE
104,23,"F3",300,1,0.1,"binary_trait",0,1,0,FALSE
104,23,"F3",300,1,0.1,"cat_trait=A",0,0,1,TRUE
104,23,"F3",300,1,0.1,"cat_trait=B",0,0,1,TRUE
104,23,"F3",300,1,0.1,"cat_trait=C",0,0,1,TRUE
104,23,"F3",300,1,0.1,"count_trait",0.65,0.35,0,FALSE
105,24,"F1",1000,1,0.1,"trait1",0.75,0.25,0,FALSE
105,24,"F1",1000,1,0.1,"trait2",0,1,0,FALSE
105,24,"F1",1000,1,0.1,"trait3",0,1,0,FALSE
105,24,"F1",1000,1,0.1,"trait4",0,1,0,FALSE
106,25,"F2",1000,1,0.1,"trait1",0,1,0,FALSE
106,25,"F2",1000,1,0.1,"trait2",1,0,0,FALSE
106,25,"F2",1000,1,0.1,"trait3",0,0.842105263157895,0.157894736842105,FALSE
106,25,"F2",1000,1,0.1,"trait4",0.7,0.3,0,FALSE
107,26,"F3",1000,1,0.1,"cont1",0,1,0,FALSE
107,26,"F3",1000,1,0.1,"binary_trait",0,1,0,FALSE
107,26,"F3",1000,1,0.1,"cat_trait=A",0.05,0,0.95,FALSE
107,26,"F3",1000,1,0.1,"cat_trait=B",0.05,0,0.95,FALSE
107,26,"F3",1000,1,0.1,"cat_trait=C",0.05,0,0.95,FALSE
107,26,"F3",1000,1,0.1,"count_trait",0.25,0.75,0,FALSE
108,27,"F1",100,0.2,0.3,"trait1",0,0,1,TRUE
108,27,"F1",100,0.2,0.3,"trait2",0,0,1,TRUE
108,27,"F1",100,0.2,0.3,"trait3",0,1,0,FALSE
108,27,"F1",100,0.2,0.3,"trait4",0,0,1,TRUE
109,28,"F2",100,0.2,0.3,"trait1",0.15,0.85,0,FALSE
109,28,"F2",100,0.2,0.3,"trait2",0,0,1,TRUE
109,28,"F2",100,0.2,0.3,"trait3",0,0,1,TRUE
109,28,"F2",100,0.2,0.3,"trait4",0,0,1,TRUE
110,29,"F3",100,0.2,0.3,"cont1",0,0,1,TRUE
110,29,"F3",100,0.2,0.3,"binary_trait",0,0,1,TRUE
110,29,"F3",100,0.2,0.3,"cat_trait=A",0,1,0,FALSE
110,29,"F3",100,0.2,0.3,"cat_trait=B",0,1,0,FALSE
110,29,"F3",100,0.2,0.3,"cat_trait=C",0,1,0,FALSE
110,29,"F3",100,0.2,0.3,"count_trait",0,1,0,FALSE
111,30,"F1",300,0.2,0.3,"trait1",0,0,1,TRUE
111,30,"F1",300,0.2,0.3,"trait2",0,0,1,TRUE
111,30,"F1",300,0.2,0.3,"trait3",1,0,0,FALSE
111,30,"F1",300,0.2,0.3,"trait4",1,0,0,FALSE
112,31,"F2",300,0.2,0.3,"trait1",0.125,0,0.875,FALSE
112,31,"F2",300,0.2,0.3,"trait2",0,1,0,FALSE
112,31,"F2",300,0.2,0.3,"trait3",0,1,0,FALSE
112,31,"F2",300,0.2,0.3,"trait4",0,1,0,FALSE
113,32,"F3",300,0.2,0.3,"cont1",0,1,0,FALSE
113,32,"F3",300,0.2,0.3,"binary_trait",0,0,1,TRUE
113,32,"F3",300,0.2,0.3,"cat_trait=A",0,0,1,TRUE
113,32,"F3",300,0.2,0.3,"cat_trait=B",0,0,1,TRUE
113,32,"F3",300,0.2,0.3,"cat_trait=C",0,0,1,TRUE
113,32,"F3",300,0.2,0.3,"count_trait",0,0,1,TRUE
114,33,"F1",1000,0.2,0.3,"trait1",0,0,1,TRUE
114,33,"F1",1000,0.2,0.3,"trait2",0,0,1,TRUE
114,33,"F1",1000,0.2,0.3,"trait3",0.55,0.45,0,FALSE
114,33,"F1",1000,0.2,0.3,"trait4",0,1,0,FALSE
115,34,"F2",1000,0.2,0.3,"trait1",0,1,0,FALSE
115,34,"F2",1000,0.2,0.3,"trait2",0,0,1,TRUE
115,34,"F2",1000,0.2,0.3,"trait3",0,1,0,FALSE
115,34,"F2",1000,0.2,0.3,"trait4",1,0,0,FALSE
116,35,"F3",1000,0.2,0.3,"cont1",0,1,0,FALSE
116,35,"F3",1000,0.2,0.3,"binary_trait",0,1,0,FALSE
116,35,"F3",1000,0.2,0.3,"cat_trait=A",0,1,0,FALSE
116,35,"F3",1000,0.2,0.3,"cat_trait=B",0,1,0,FALSE
116,35,"F3",1000,0.2,0.3,"cat_trait=C",0,1,0,FALSE
116,35,"F3",1000,0.2,0.3,"count_trait",0,1,0,FALSE
117,36,"F1",100,0.5,0.3,"trait1",0,0,1,TRUE
117,36,"F1",100,0.5,0.3,"trait2",0,1,0,FALSE
117,36,"F1",100,0.5,0.3,"trait3",0,0,1,TRUE
117,36,"F1",100,0.5,0.3,"trait4",0,1,0,FALSE
118,37,"F2",100,0.5,0.3,"trait1",0,1,0,FALSE
118,37,"F2",100,0.5,0.3,"trait2",1,0,0,FALSE
118,37,"F2",100,0.5,0.3,"trait3",0,1,0,FALSE
118,37,"F2",100,0.5,0.3,"trait4",0,0,1,TRUE
119,38,"F3",100,0.5,0.3,"cont1",0,0.9,0.1,FALSE
119,38,"F3",100,0.5,0.3,"binary_trait",0,0,1,TRUE
119,38,"F3",100,0.5,0.3,"cat_trait=A",0,0,1,TRUE
119,38,"F3",100,0.5,0.3,"cat_trait=B",0,0,1,TRUE
119,38,"F3",100,0.5,0.3,"cat_trait=C",0,0,1,TRUE
119,38,"F3",100,0.5,0.3,"count_trait",0.35,0,0.65,FALSE
120,39,"F1",300,0.5,0.3,"trait1",1,0,0,FALSE
120,39,"F1",300,0.5,0.3,"trait2",0,0.533333333333333,0.466666666666667,FALSE
120,39,"F1",300,0.5,0.3,"trait3",0,0.6875,0.3125,FALSE
120,39,"F1",300,0.5,0.3,"trait4",0,1,0,FALSE
121,40,"F2",300,0.5,0.3,"trait1",0,0,1,TRUE
121,40,"F2",300,0.5,0.3,"trait2",1,0,0,FALSE
121,40,"F2",300,0.5,0.3,"trait3",0,1,0,FALSE
121,40,"F2",300,0.5,0.3,"trait4",0,1,0,FALSE
122,41,"F3",300,0.5,0.3,"cont1",0,1,0,FALSE
122,41,"F3",300,0.5,0.3,"binary_trait",0,1,0,FALSE
122,41,"F3",300,0.5,0.3,"cat_trait=A",0,1,0,FALSE
122,41,"F3",300,0.5,0.3,"cat_trait=B",0,1,0,FALSE
122,41,"F3",300,0.5,0.3,"cat_trait=C",0,1,0,FALSE
122,41,"F3",300,0.5,0.3,"count_trait",0,1,0,FALSE
123,42,"F1",1000,0.5,0.3,"trait1",0.25,0.75,0,FALSE
123,42,"F1",1000,0.5,0.3,"trait2",0,1,0,FALSE
123,42,"F1",1000,0.5,0.3,"trait3",0,1,0,FALSE
123,42,"F1",1000,0.5,0.3,"trait4",0,1,0,FALSE
124,43,"F2",1000,0.5,0.3,"trait1",0,1,0,FALSE
124,43,"F2",1000,0.5,0.3,"trait2",1,0,0,FALSE
124,43,"F2",1000,0.5,0.3,"trait3",0,1,0,FALSE
124,43,"F2",1000,0.5,0.3,"trait4",1,0,0,FALSE
125,44,"F3",1000,0.5,0.3,"cont1",0.4,0.6,0,FALSE
125,44,"F3",1000,0.5,0.3,"binary_trait",0,1,0,FALSE
125,44,"F3",1000,0.5,0.3,"cat_trait=A",0,1,0,FALSE
125,44,"F3",1000,0.5,0.3,"cat_trait=B",0,1,0,FALSE
125,44,"F3",1000,0.5,0.3,"cat_trait=C",0,1,0,FALSE
125,44,"F3",1000,0.5,0.3,"count_trait",1,0,0,FALSE
126,45,"F1",100,1,0.3,"trait1",0,1,0,FALSE
126,45,"F1",100,1,0.3,"trait2",0,1,0,FALSE
126,45,"F1",100,1,0.3,"trait3",0,0.65,0.35,FALSE
126,45,"F1",100,1,0.3,"trait4",0,1,0,FALSE
127,46,"F2",100,1,0.3,"trait1",0,1,0,FALSE
127,46,"F2",100,1,0.3,"trait2",1,0,0,FALSE
127,46,"F2",100,1,0.3,"trait3",0,1,0,FALSE
127,46,"F2",100,1,0.3,"trait4",0,1,0,FALSE
128,47,"F3",100,1,0.3,"cont1",1,0,0,FALSE
128,47,"F3",100,1,0.3,"binary_trait",0,1,0,FALSE
128,47,"F3",100,1,0.3,"cat_trait=A",0,1,0,FALSE
128,47,"F3",100,1,0.3,"cat_trait=B",0,1,0,FALSE
128,47,"F3",100,1,0.3,"cat_trait=C",0,1,0,FALSE
128,47,"F3",100,1,0.3,"count_trait",0,0,1,TRUE
129,48,"F1",300,1,0.3,"trait1",0,0.894736842105263,0.105263157894737,FALSE
129,48,"F1",300,1,0.3,"trait2",0,1,0,FALSE
129,48,"F1",300,1,0.3,"trait3",0.2,0.8,0,FALSE
129,48,"F1",300,1,0.3,"trait4",0,1,0,FALSE
130,49,"F2",300,1,0.3,"trait1",0,1,0,FALSE
130,49,"F2",300,1,0.3,"trait2",0.947368421052632,0,0.0526315789473684,FALSE
130,49,"F2",300,1,0.3,"trait3",0,1,0,FALSE
130,49,"F2",300,1,0.3,"trait4",0,1,0,FALSE
131,50,"F3",300,1,0.3,"cont1",0,1,0,FALSE
131,50,"F3",300,1,0.3,"binary_trait",0,1,0,FALSE
131,50,"F3",300,1,0.3,"cat_trait=A",0,1,0,FALSE
131,50,"F3",300,1,0.3,"cat_trait=B",0,1,0,FALSE
131,50,"F3",300,1,0.3,"cat_trait=C",0,1,0,FALSE
131,50,"F3",300,1,0.3,"count_trait",0,0.833333333333333,0.166666666666667,FALSE
132,51,"F1",1000,1,0.3,"trait1",0,1,0,FALSE
132,51,"F1",1000,1,0.3,"trait2",0,1,0,FALSE
132,51,"F1",1000,1,0.3,"trait3",0,1,0,FALSE
132,51,"F1",1000,1,0.3,"trait4",0,1,0,FALSE
133,52,"F2",1000,1,0.3,"trait1",0,1,0,FALSE
133,52,"F2",1000,1,0.3,"trait2",0.65,0.35,0,FALSE
133,52,"F2",1000,1,0.3,"trait3",0,1,0,FALSE
133,52,"F2",1000,1,0.3,"trait4",1,0,0,FALSE
134,53,"F3",1000,1,0.3,"cont1",1,0,0,FALSE
134,53,"F3",1000,1,0.3,"binary_trait",0,1,0,FALSE
134,53,"F3",1000,1,0.3,"cat_trait=A",0,1,0,FALSE
134,53,"F3",1000,1,0.3,"cat_trait=B",0,1,0,FALSE
134,53,"F3",1000,1,0.3,"cat_trait=C",0,1,0,FALSE
134,53,"F3",1000,1,0.3,"count_trait",0.526315789473684,0.473684210526316,0,FALSE
135,54,"F1",100,0.2,0.5,"trait1",0,1,0,FALSE
135,54,"F1",100,0.2,0.5,"trait2",0,0,1,TRUE
135,54,"F1",100,0.2,0.5,"trait3",0,0,1,TRUE
135,54,"F1",100,0.2,0.5,"trait4",0,0,1,TRUE
136,55,"F2",100,0.2,0.5,"trait1",0,0,1,TRUE
136,55,"F2",100,0.2,0.5,"trait2",1,0,0,FALSE
136,55,"F2",100,0.2,0.5,"trait3",0,0,1,TRUE
136,55,"F2",100,0.2,0.5,"trait4",0,0,1,TRUE
137,56,"F3",100,0.2,0.5,"cont1",0,1,0,FALSE
137,56,"F3",100,0.2,0.5,"binary_trait",0,0,1,TRUE
137,56,"F3",100,0.2,0.5,"cat_trait=A",0,0,1,TRUE
137,56,"F3",100,0.2,0.5,"cat_trait=B",0,0,1,TRUE
137,56,"F3",100,0.2,0.5,"cat_trait=C",0,0,1,TRUE
137,56,"F3",100,0.2,0.5,"count_trait",0,0,1,TRUE
138,57,"F1",300,0.2,0.5,"trait1",1,0,0,FALSE
138,57,"F1",300,0.2,0.5,"trait2",0.75,0.25,0,FALSE
138,57,"F1",300,0.2,0.5,"trait3",0.230769230769231,0.769230769230769,0,FALSE
138,57,"F1",300,0.2,0.5,"trait4",0,1,0,FALSE
139,58,"F2",300,0.2,0.5,"trait1",1,0,0,FALSE
139,58,"F2",300,0.2,0.5,"trait2",1,0,0,FALSE
139,58,"F2",300,0.2,0.5,"trait3",0,0,1,TRUE
139,58,"F2",300,0.2,0.5,"trait4",1,0,0,FALSE
140,59,"F3",300,0.2,0.5,"cont1",1,0,0,FALSE
140,59,"F3",300,0.2,0.5,"binary_trait",0,1,0,FALSE
140,59,"F3",300,0.2,0.5,"cat_trait=A",0,0,1,TRUE
140,59,"F3",300,0.2,0.5,"cat_trait=B",0,0,1,TRUE
140,59,"F3",300,0.2,0.5,"cat_trait=C",0,0,1,TRUE
140,59,"F3",300,0.2,0.5,"count_trait",0,1,0,FALSE
141,60,"F1",1000,0.2,0.5,"trait1",1,0,0,FALSE
141,60,"F1",1000,0.2,0.5,"trait2",0,0,1,TRUE
141,60,"F1",1000,0.2,0.5,"trait3",0,0,1,TRUE
141,60,"F1",1000,0.2,0.5,"trait4",1,0,0,FALSE
142,61,"F2",1000,0.2,0.5,"trait1",1,0,0,FALSE
142,61,"F2",1000,0.2,0.5,"trait2",1,0,0,FALSE
142,61,"F2",1000,0.2,0.5,"trait3",0,1,0,FALSE
142,61,"F2",1000,0.2,0.5,"trait4",0,1,0,FALSE
143,62,"F3",1000,0.2,0.5,"cont1",0.777777777777778,0,0.222222222222222,FALSE
143,62,"F3",1000,0.2,0.5,"binary_trait",0,0,1,TRUE
143,62,"F3",1000,0.2,0.5,"cat_trait=A",0,0.5,0.5,FALSE
143,62,"F3",1000,0.2,0.5,"cat_trait=B",0,0.5,0.5,FALSE
143,62,"F3",1000,0.2,0.5,"cat_trait=C",0,0.5,0.5,FALSE
143,62,"F3",1000,0.2,0.5,"count_trait",0.65,0.35,0,FALSE
144,63,"F1",100,0.5,0.5,"trait1",0,0,1,TRUE
144,63,"F1",100,0.5,0.5,"trait2",0,1,0,FALSE
144,63,"F1",100,0.5,0.5,"trait3",1,0,0,FALSE
144,63,"F1",100,0.5,0.5,"trait4",0,0,1,TRUE
145,64,"F2",100,0.5,0.5,"trait1",0,0,1,TRUE
145,64,"F2",100,0.5,0.5,"trait2",0,0,1,TRUE
145,64,"F2",100,0.5,0.5,"trait3",1,0,0,FALSE
145,64,"F2",100,0.5,0.5,"trait4",1,0,0,FALSE
146,65,"F3",100,0.5,0.5,"cont1",0,0,1,TRUE
146,65,"F3",100,0.5,0.5,"binary_trait",0,1,0,FALSE
146,65,"F3",100,0.5,0.5,"cat_trait=A",0,1,0,FALSE
146,65,"F3",100,0.5,0.5,"cat_trait=B",0,1,0,FALSE
146,65,"F3",100,0.5,0.5,"cat_trait=C",0,1,0,FALSE
146,65,"F3",100,0.5,0.5,"count_trait",0,1,0,FALSE
147,66,"F1",300,0.5,0.5,"trait1",0,1,0,FALSE
147,66,"F1",300,0.5,0.5,"trait2",0,1,0,FALSE
147,66,"F1",300,0.5,0.5,"trait3",0.692307692307692,0.307692307692308,0,FALSE
147,66,"F1",300,0.5,0.5,"trait4",0,0.6,0.4,FALSE
148,67,"F2",300,0.5,0.5,"trait1",1,0,0,FALSE
148,67,"F2",300,0.5,0.5,"trait2",1,0,0,FALSE
148,67,"F2",300,0.5,0.5,"trait3",0,1,0,FALSE
148,67,"F2",300,0.5,0.5,"trait4",0.85,0,0.15,FALSE
149,68,"F3",300,0.5,0.5,"cont1",0,1,0,FALSE
149,68,"F3",300,0.5,0.5,"binary_trait",0,1,0,FALSE
149,68,"F3",300,0.5,0.5,"cat_trait=A",0,0,1,TRUE
149,68,"F3",300,0.5,0.5,"cat_trait=B",0,0,1,TRUE
149,68,"F3",300,0.5,0.5,"cat_trait=C",0,0,1,TRUE
149,68,"F3",300,0.5,0.5,"count_trait",0.65,0.35,0,FALSE
150,69,"F1",1000,0.5,0.5,"trait1",0,1,0,FALSE
150,69,"F1",1000,0.5,0.5,"trait2",0,0.9,0.1,FALSE
150,69,"F1",1000,0.5,0.5,"trait3",0,1,0,FALSE
150,69,"F1",1000,0.5,0.5,"trait4",1,0,0,FALSE
151,70,"F2",1000,0.5,0.5,"trait1",0,1,0,FALSE
151,70,"F2",1000,0.5,0.5,"trait2",0,1,0,FALSE
151,70,"F2",1000,0.5,0.5,"trait3",0,0.8125,0.1875,FALSE
151,70,"F2",1000,0.5,0.5,"trait4",0,1,0,FALSE
152,71,"F3",1000,0.5,0.5,"cont1",0,1,0,FALSE
152,71,"F3",1000,0.5,0.5,"binary_trait",0,1,0,FALSE
152,71,"F3",1000,0.5,0.5,"cat_trait=A",0,0,1,TRUE
152,71,"F3",1000,0.5,0.5,"cat_trait=B",0,0,1,TRUE
152,71,"F3",1000,0.5,0.5,"cat_trait=C",0,0,1,TRUE
152,71,"F3",1000,0.5,0.5,"count_trait",0,1,0,FALSE
153,72,"F1",100,1,0.5,"trait1",0,1,0,FALSE
153,72,"F1",100,1,0.5,"trait2",1,0,0,FALSE
153,72,"F1",100,1,0.5,"trait3",0,0.55,0.45,FALSE
153,72,"F1",100,1,0.5,"trait4",0,1,0,FALSE
154,73,"F2",100,1,0.5,"trait1",0.631578947368421,0.210526315789474,0.157894736842105,FALSE
154,73,"F2",100,1,0.5,"trait2",0,1,0,FALSE
154,73,"F2",100,1,0.5,"trait3",1,0,0,FALSE
154,73,"F2",100,1,0.5,"trait4",0,1,0,FALSE
155,74,"F3",100,1,0.5,"cont1",0,1,0,FALSE
155,74,"F3",100,1,0.5,"binary_trait",0,0,1,TRUE
155,74,"F3",100,1,0.5,"cat_trait=A",0,0,1,TRUE
155,74,"F3",100,1,0.5,"cat_trait=B",0,0,1,TRUE
155,74,"F3",100,1,0.5,"cat_trait=C",0,0,1,TRUE
155,74,"F3",100,1,0.5,"count_trait",0,0,1,TRUE
156,75,"F1",300,1,0.5,"trait1",0,1,0,FALSE
156,75,"F1",300,1,0.5,"trait2",0,1,0,FALSE
156,75,"F1",300,1,0.5,"trait3",0,1,0,FALSE
156,75,"F1",300,1,0.5,"trait4",0.894736842105263,0,0.105263157894737,FALSE
157,76,"F2",300,1,0.5,"trait1",1,0,0,FALSE
157,76,"F2",300,1,0.5,"trait2",1,0,0,FALSE
157,76,"F2",300,1,0.5,"trait3",0,0.85,0.15,FALSE
157,76,"F2",300,1,0.5,"trait4",0,1,0,FALSE
158,77,"F3",300,1,0.5,"cont1",0.25,0.75,0,FALSE
158,77,"F3",300,1,0.5,"binary_trait",0,1,0,FALSE
158,77,"F3",300,1,0.5,"cat_trait=A",0,0,1,TRUE
158,77,"F3",300,1,0.5,"cat_trait=B",0,0,1,TRUE
158,77,"F3",300,1,0.5,"cat_trait=C",0,0,1,TRUE
158,77,"F3",300,1,0.5,"count_trait",0,1,0,FALSE
159,78,"F1",1000,1,0.5,"trait1",0.75,0.1,0.15,FALSE
159,78,"F1",1000,1,0.5,"trait2",1,0,0,FALSE
159,78,"F1",1000,1,0.5,"trait3",0.85,0.15,0,FALSE
159,78,"F1",1000,1,0.5,"trait4",0,1,0,FALSE
160,79,"F2",1000,1,0.5,"trait1",0,1,0,FALSE
160,79,"F2",1000,1,0.5,"trait2",1,0,0,FALSE
160,79,"F2",1000,1,0.5,"trait3",0,1,0,FALSE
160,79,"F2",1000,1,0.5,"trait4",0,1,0,FALSE
161,80,"F3",1000,1,0.5,"cont1",0,1,0,FALSE
161,80,"F3",1000,1,0.5,"binary_trait",0,1,0,FALSE
161,80,"F3",1000,1,0.5,"cat_trait=A",0,1,0,FALSE
161,80,"F3",1000,1,0.5,"cat_trait=B",0,1,0,FALSE
161,80,"F3",1000,1,0.5,"cat_trait=C",0,1,0,FALSE
161,80,"F3",1000,1,0.5,"count_trait",0,0.65,0.35,FALSE
162,0,"F1",100,0.2,0.1,"trait1",0,0.6,0.4,FALSE
162,0,"F1",100,0.2,0.1,"trait2",0,0,1,TRUE
162,0,"F1",100,0.2,0.1,"trait3",0,0,1,TRUE
162,0,"F1",100,0.2,0.1,"trait4",0,0,1,TRUE
163,1,"F2",100,0.2,0.1,"trait1",1,0,0,FALSE
163,1,"F2",100,0.2,0.1,"trait2",0,0,1,TRUE
163,1,"F2",100,0.2,0.1,"trait3",0,0,1,TRUE
163,1,"F2",100,0.2,0.1,"trait4",0,0,1,TRUE
164,2,"F3",100,0.2,0.1,"cont1",1,0,0,FALSE
164,2,"F3",100,0.2,0.1,"binary_trait",0,0,1,TRUE
164,2,"F3",100,0.2,0.1,"cat_trait=A",0,1,0,FALSE
164,2,"F3",100,0.2,0.1,"cat_trait=B",0,1,0,FALSE
164,2,"F3",100,0.2,0.1,"cat_trait=C",0,1,0,FALSE
164,2,"F3",100,0.2,0.1,"count_trait",0,0,1,TRUE
165,3,"F1",300,0.2,0.1,"trait1",1,0,0,FALSE
165,3,"F1",300,0.2,0.1,"trait2",1,0,0,FALSE
165,3,"F1",300,0.2,0.1,"trait3",0,1,0,FALSE
165,3,"F1",300,0.2,0.1,"trait4",0,1,0,FALSE
166,4,"F2",300,0.2,0.1,"trait1",0.5625,0.1875,0.25,FALSE
166,4,"F2",300,0.2,0.1,"trait2",1,0,0,FALSE
166,4,"F2",300,0.2,0.1,"trait3",1,0,0,FALSE
166,4,"F2",300,0.2,0.1,"trait4",1,0,0,FALSE
167,5,"F3",300,0.2,0.1,"cont1",0,1,0,FALSE
167,5,"F3",300,0.2,0.1,"binary_trait",0,0,1,TRUE
167,5,"F3",300,0.2,0.1,"cat_trait=A",0,0,1,TRUE
167,5,"F3",300,0.2,0.1,"cat_trait=B",0,0,1,TRUE
167,5,"F3",300,0.2,0.1,"cat_trait=C",0,0,1,TRUE
167,5,"F3",300,0.2,0.1,"count_trait",0,0,1,TRUE
168,6,"F1",1000,0.2,0.1,"trait1",1,0,0,FALSE
168,6,"F1",1000,0.2,0.1,"trait2",0,1,0,FALSE
168,6,"F1",1000,0.2,0.1,"trait3",0,1,0,FALSE
168,6,"F1",1000,0.2,0.1,"trait4",0,1,0,FALSE
169,7,"F2",1000,0.2,0.1,"trait1",0,1,0,FALSE
169,7,"F2",1000,0.2,0.1,"trait2",1,0,0,FALSE
169,7,"F2",1000,0.2,0.1,"trait3",1,0,0,FALSE
169,7,"F2",1000,0.2,0.1,"trait4",1,0,0,FALSE
170,8,"F3",1000,0.2,0.1,"cont1",1,0,0,FALSE
170,8,"F3",1000,0.2,0.1,"binary_trait",0,0,1,TRUE
170,8,"F3",1000,0.2,0.1,"cat_trait=A",0,1,0,FALSE
170,8,"F3",1000,0.2,0.1,"cat_trait=B",0,1,0,FALSE
170,8,"F3",1000,0.2,0.1,"cat_trait=C",0,1,0,FALSE
170,8,"F3",1000,0.2,0.1,"count_trait",0,1,0,FALSE
171,9,"F1",100,0.5,0.1,"trait1",0,1,0,FALSE
171,9,"F1",100,0.5,0.1,"trait2",0,1,0,FALSE
171,9,"F1",100,0.5,0.1,"trait3",1,0,0,FALSE
171,9,"F1",100,0.5,0.1,"trait4",0,1,0,FALSE
172,10,"F2",100,0.5,0.1,"trait1",0,0,1,TRUE
172,10,"F2",100,0.5,0.1,"trait2",0,1,0,FALSE
172,10,"F2",100,0.5,0.1,"trait3",0,1,0,FALSE
172,10,"F2",100,0.5,0.1,"trait4",0.95,0,0.05,FALSE
173,11,"F3",100,0.5,0.1,"cont1",0,1,0,FALSE
173,11,"F3",100,0.5,0.1,"binary_trait",0,1,0,FALSE
173,11,"F3",100,0.5,0.1,"cat_trait=A",0,1,0,FALSE
173,11,"F3",100,0.5,0.1,"cat_trait=B",0,1,0,FALSE
173,11,"F3",100,0.5,0.1,"cat_trait=C",0,1,0,FALSE
173,11,"F3",100,0.5,0.1,"count_trait",1,0,0,FALSE
174,12,"F1",300,0.5,0.1,"trait1",1,0,0,FALSE
174,12,"F1",300,0.5,0.1,"trait2",0,1,0,FALSE
174,12,"F1",300,0.5,0.1,"trait3",0,1,0,FALSE
174,12,"F1",300,0.5,0.1,"trait4",0,1,0,FALSE
175,13,"F2",300,0.5,0.1,"trait1",1,0,0,FALSE
175,13,"F2",300,0.5,0.1,"trait2",1,0,0,FALSE
175,13,"F2",300,0.5,0.1,"trait3",0,0.85,0.15,FALSE
175,13,"F2",300,0.5,0.1,"trait4",0.95,0.05,0,FALSE
176,14,"F3",300,0.5,0.1,"cont1",0.25,0.75,0,FALSE
176,14,"F3",300,0.5,0.1,"binary_trait",0,1,0,FALSE
176,14,"F3",300,0.5,0.1,"cat_trait=A",0,0,1,TRUE
176,14,"F3",300,0.5,0.1,"cat_trait=B",0,0,1,TRUE
176,14,"F3",300,0.5,0.1,"cat_trait=C",0,0,1,TRUE
176,14,"F3",300,0.5,0.1,"count_trait",0,1,0,FALSE
177,15,"F1",1000,0.5,0.1,"trait1",0,1,0,FALSE
177,15,"F1",1000,0.5,0.1,"trait2",0,1,0,FALSE
177,15,"F1",1000,0.5,0.1,"trait3",0.6,0.4,0,FALSE
177,15,"F1",1000,0.5,0.1,"trait4",0,1,0,FALSE
178,16,"F2",1000,0.5,0.1,"trait1",0,1,0,FALSE
178,16,"F2",1000,0.5,0.1,"trait2",1,0,0,FALSE
178,16,"F2",1000,0.5,0.1,"trait3",0,1,0,FALSE
178,16,"F2",1000,0.5,0.1,"trait4",1,0,0,FALSE
179,17,"F3",1000,0.5,0.1,"cont1",0,1,0,FALSE
179,17,"F3",1000,0.5,0.1,"binary_trait",0,1,0,FALSE
179,17,"F3",1000,0.5,0.1,"cat_trait=A",0,0,1,TRUE
179,17,"F3",1000,0.5,0.1,"cat_trait=B",0,0,1,TRUE
179,17,"F3",1000,0.5,0.1,"cat_trait=C",0,0,1,TRUE
179,17,"F3",1000,0.5,0.1,"count_trait",0,1,0,FALSE
180,18,"F1",100,1,0.1,"trait1",0,1,0,FALSE
180,18,"F1",100,1,0.1,"trait2",1,0,0,FALSE
180,18,"F1",100,1,0.1,"trait3",0.888888888888889,0,0.111111111111111,FALSE
180,18,"F1",100,1,0.1,"trait4",0.55,0.45,0,FALSE
181,19,"F2",100,1,0.1,"trait1",1,0,0,FALSE
181,19,"F2",100,1,0.1,"trait2",0.894736842105263,0,0.105263157894737,FALSE
181,19,"F2",100,1,0.1,"trait3",0,0,1,TRUE
181,19,"F2",100,1,0.1,"trait4",0.88235294117647,0,0.117647058823529,FALSE
182,20,"F3",100,1,0.1,"cont1",0,1,0,FALSE
182,20,"F3",100,1,0.1,"binary_trait",0,1,0,FALSE
182,20,"F3",100,1,0.1,"cat_trait=A",0,0,1,TRUE
182,20,"F3",100,1,0.1,"cat_trait=B",0,0,1,TRUE
182,20,"F3",100,1,0.1,"cat_trait=C",0,0,1,TRUE
182,20,"F3",100,1,0.1,"count_trait",0,0,1,TRUE
183,21,"F1",300,1,0.1,"trait1",0,1,0,FALSE
183,21,"F1",300,1,0.1,"trait2",0,1,0,FALSE
183,21,"F1",300,1,0.1,"trait3",0,1,0,FALSE
183,21,"F1",300,1,0.1,"trait4",0,1,0,FALSE
184,22,"F2",300,1,0.1,"trait1",0,1,0,FALSE
184,22,"F2",300,1,0.1,"trait2",1,0,0,FALSE
184,22,"F2",300,1,0.1,"trait3",0.88235294117647,0,0.117647058823529,FALSE
184,22,"F2",300,1,0.1,"trait4",0.894736842105263,0,0.105263157894737,FALSE
185,23,"F3",300,1,0.1,"cont1",0.31578947368421,0.68421052631579,0,FALSE
185,23,"F3",300,1,0.1,"binary_trait",0,1,0,FALSE
185,23,"F3",300,1,0.1,"cat_trait=A",0,0,1,TRUE
185,23,"F3",300,1,0.1,"cat_trait=B",0,0,1,TRUE
185,23,"F3",300,1,0.1,"cat_trait=C",0,0,1,TRUE
185,23,"F3",300,1,0.1,"count_trait",0,0.928571428571428,0.0714285714285714,FALSE
186,24,"F1",1000,1,0.1,"trait1",0,1,0,FALSE
186,24,"F1",1000,1,0.1,"trait2",0.45,0.55,0,FALSE
186,24,"F1",1000,1,0.1,"trait3",0,1,0,FALSE
186,24,"F1",1000,1,0.1,"trait4",0,1,0,FALSE
187,25,"F2",1000,1,0.1,"trait1",0,1,0,FALSE
187,25,"F2",1000,1,0.1,"trait2",0.8,0.1,0.1,FALSE
187,25,"F2",1000,1,0.1,"trait3",0.35,0.65,0,FALSE
187,25,"F2",1000,1,0.1,"trait4",0.8,0.2,0,FALSE
188,26,"F3",1000,1,0.1,"cont1",0.55,0.45,0,FALSE
188,26,"F3",1000,1,0.1,"binary_trait",0,1,0,FALSE
188,26,"F3",1000,1,0.1,"cat_trait=A",0,0.15,0.85,FALSE
188,26,"F3",1000,1,0.1,"cat_trait=B",0,0.15,0.85,FALSE
188,26,"F3",1000,1,0.1,"cat_trait=C",0,0.15,0.85,FALSE
188,26,"F3",1000,1,0.1,"count_trait",0,1,0,FALSE
189,27,"F1",100,0.2,0.3,"trait1",0,0,1,TRUE
189,27,"F1",100,0.2,0.3,"trait2",1,0,0,FALSE
189,27,"F1",100,0.2,0.3,"trait3",0,0,1,TRUE
189,27,"F1",100,0.2,0.3,"trait4",0,0,1,TRUE
190,28,"F2",100,0.2,0.3,"trait1",0,0,1,TRUE
190,28,"F2",100,0.2,0.3,"trait2",0,0,1,TRUE
190,28,"F2",100,0.2,0.3,"trait3",0,0,1,TRUE
190,28,"F2",100,0.2,0.3,"trait4",0,0,1,TRUE
191,29,"F3",100,0.2,0.3,"cont1",0,1,0,FALSE
191,29,"F3",100,0.2,0.3,"binary_trait",0,0,1,TRUE
191,29,"F3",100,0.2,0.3,"cat_trait=A",0,0,1,TRUE
191,29,"F3",100,0.2,0.3,"cat_trait=B",0,0,1,TRUE
191,29,"F3",100,0.2,0.3,"cat_trait=C",0,0,1,TRUE
191,29,"F3",100,0.2,0.3,"count_trait",0,0,1,TRUE
192,30,"F1",300,0.2,0.3,"trait1",0,0,1,TRUE
192,30,"F1",300,0.2,0.3,"trait2",1,0,0,FALSE
192,30,"F1",300,0.2,0.3,"trait3",0,1,0,FALSE
192,30,"F1",300,0.2,0.3,"trait4",0,1,0,FALSE
193,31,"F2",300,0.2,0.3,"trait1",1,0,0,FALSE
193,31,"F2",300,0.2,0.3,"trait2",1,0,0,FALSE
193,31,"F2",300,0.2,0.3,"trait3",0,0,1,TRUE
193,31,"F2",300,0.2,0.3,"trait4",1,0,0,FALSE
194,32,"F3",300,0.2,0.3,"cont1",0.95,0.05,0,FALSE
194,32,"F3",300,0.2,0.3,"binary_trait",0,0,1,TRUE
194,32,"F3",300,0.2,0.3,"cat_trait=A",0,0,1,TRUE
194,32,"F3",300,0.2,0.3,"cat_trait=B",0,0,1,TRUE
194,32,"F3",300,0.2,0.3,"cat_trait=C",0,0,1,TRUE
194,32,"F3",300,0.2,0.3,"count_trait",0,1,0,FALSE
195,33,"F1",1000,0.2,0.3,"trait1",1,0,0,FALSE
195,33,"F1",1000,0.2,0.3,"trait2",0,1,0,FALSE
195,33,"F1",1000,0.2,0.3,"trait3",0,0.923076923076923,0.0769230769230769,FALSE
195,33,"F1",1000,0.2,0.3,"trait4",0,1,0,FALSE
196,34,"F2",1000,0.2,0.3,"trait1",0,1,0,FALSE
196,34,"F2",1000,0.2,0.3,"trait2",1,0,0,FALSE
196,34,"F2",1000,0.2,0.3,"trait3",0,1,0,FALSE
196,34,"F2",1000,0.2,0.3,"trait4",1,0,0,FALSE
197,35,"F3",1000,0.2,0.3,"cont1",0,1,0,FALSE
197,35,"F3",1000,0.2,0.3,"binary_trait",0,1,0,FALSE
197,35,"F3",1000,0.2,0.3,"cat_trait=A",0.35,0.65,0,FALSE
197,35,"F3",1000,0.2,0.3,"cat_trait=B",0.35,0.65,0,FALSE
197,35,"F3",1000,0.2,0.3,"cat_trait=C",0.35,0.65,0,FALSE
197,35,"F3",1000,0.2,0.3,"count_trait",0.470588235294118,0,0.529411764705882,FALSE
198,36,"F1",100,0.5,0.3,"trait1",0,1,0,FALSE
198,36,"F1",100,0.5,0.3,"trait2",1,0,0,FALSE
198,36,"F1",100,0.5,0.3,"trait3",0,1,0,FALSE
198,36,"F1",100,0.5,0.3,"trait4",0,0,1,TRUE
199,37,"F2",100,0.5,0.3,"trait1",1,0,0,FALSE
199,37,"F2",100,0.5,0.3,"trait2",1,0,0,FALSE
199,37,"F2",100,0.5,0.3,"trait3",0,0,1,TRUE
199,37,"F2",100,0.5,0.3,"trait4",0,0.75,0.25,FALSE
200,38,"F3",100,0.5,0.3,"cont1",0.571428571428572,0,0.428571428571429,FALSE
200,38,"F3",100,0.5,0.3,"binary_trait",0,0,1,TRUE
200,38,"F3",100,0.5,0.3,"cat_trait=A",0,0,1,TRUE
200,38,"F3",100,0.5,0.3,"cat_trait=B",0,0,1,TRUE
200,38,"F3",100,0.5,0.3,"cat_trait=C",0,0,1,TRUE
200,38,"F3",100,0.5,0.3,"count_trait",0,0,1,TRUE
201,39,"F1",300,0.5,0.3,"trait1",1,0,0,FALSE
201,39,"F1",300,0.5,0.3,"trait2",0,1,0,FALSE
201,39,"F1",300,0.5,0.3,"trait3",0,1,0,FALSE
201,39,"F1",300,0.5,0.3,"trait4",0,1,0,FALSE
202,40,"F2",300,0.5,0.3,"trait1",1,0,0,FALSE
202,40,"F2",300,0.5,0.3,"trait2",1,0,0,FALSE
202,40,"F2",300,0.5,0.3,"trait3",1,0,0,FALSE
202,40,"F2",300,0.5,0.3,"trait4",0.35,0.65,0,FALSE
203,41,"F3",300,0.5,0.3,"cont1",0,1,0,FALSE
203,41,"F3",300,0.5,0.3,"binary_trait",0,1,0,FALSE
203,41,"F3",300,0.5,0.3,"cat_trait=A",0,1,0,FALSE
203,41,"F3",300,0.5,0.3,"cat_trait=B",0,1,0,FALSE
203,41,"F3",300,0.5,0.3,"cat_trait=C",0,1,0,FALSE
203,41,"F3",300,0.5,0.3,"count_trait",1,0,0,FALSE
204,42,"F1",1000,0.5,0.3,"trait1",0,1,0,FALSE
204,42,"F1",1000,0.5,0.3,"trait2",1,0,0,FALSE
204,42,"F1",1000,0.5,0.3,"trait3",0,1,0,FALSE
204,42,"F1",1000,0.5,0.3,"trait4",0,1,0,FALSE
205,43,"F2",1000,0.5,0.3,"trait1",0,1,0,FALSE
205,43,"F2",1000,0.5,0.3,"trait2",1,0,0,FALSE
205,43,"F2",1000,0.5,0.3,"trait3",0,1,0,FALSE
205,43,"F2",1000,0.5,0.3,"trait4",1,0,0,FALSE
206,44,"F3",1000,0.5,0.3,"cont1",0,1,0,FALSE
206,44,"F3",1000,0.5,0.3,"binary_trait",0,1,0,FALSE
206,44,"F3",1000,0.5,0.3,"cat_trait=A",0,1,0,FALSE
206,44,"F3",1000,0.5,0.3,"cat_trait=B",0,1,0,FALSE
206,44,"F3",1000,0.5,0.3,"cat_trait=C",0,1,0,FALSE
206,44,"F3",1000,0.5,0.3,"count_trait",1,0,0,FALSE
207,45,"F1",100,1,0.3,"trait1",0.5,0,0.5,FALSE
207,45,"F1",100,1,0.3,"trait2",0.307692307692308,0.692307692307692,0,FALSE
207,45,"F1",100,1,0.3,"trait3",0,1,0,FALSE
207,45,"F1",100,1,0.3,"trait4",0,0.85,0.15,FALSE
208,46,"F2",100,1,0.3,"trait1",0,1,0,FALSE
208,46,"F2",100,1,0.3,"trait2",0.9,0.1,0,FALSE
208,46,"F2",100,1,0.3,"trait3",1,0,0,FALSE
208,46,"F2",100,1,0.3,"trait4",0,1,0,FALSE
209,47,"F3",100,1,0.3,"cont1",0.176470588235294,0.823529411764706,0,FALSE
209,47,"F3",100,1,0.3,"binary_trait",0,1,0,FALSE
209,47,"F3",100,1,0.3,"cat_trait=A",0,0,1,TRUE
209,47,"F3",100,1,0.3,"cat_trait=B",0,0,1,TRUE
209,47,"F3",100,1,0.3,"cat_trait=C",0,0,1,TRUE
209,47,"F3",100,1,0.3,"count_trait",0,1,0,FALSE
210,48,"F1",300,1,0.3,"trait1",0,1,0,FALSE
210,48,"F1",300,1,0.3,"trait2",0,1,0,FALSE
210,48,"F1",300,1,0.3,"trait3",0,1,0,FALSE
210,48,"F1",300,1,0.3,"trait4",0,1,0,FALSE
211,49,"F2",300,1,0.3,"trait1",0.842105263157895,0,0.157894736842105,FALSE
211,49,"F2",300,1,0.3,"trait2",0,0.888888888888889,0.111111111111111,FALSE
211,49,"F2",300,1,0.3,"trait3",0,0.85,0.15,FALSE
211,49,"F2",300,1,0.3,"trait4",0,1,0,FALSE
212,50,"F3",300,1,0.3,"cont1",0,1,0,FALSE
212,50,"F3",300,1,0.3,"binary_trait",0,1,0,FALSE
212,50,"F3",300,1,0.3,"cat_trait=A",0,1,0,FALSE
212,50,"F3",300,1,0.3,"cat_trait=B",0,1,0,FALSE
212,50,"F3",300,1,0.3,"cat_trait=C",0,1,0,FALSE
212,50,"F3",300,1,0.3,"count_trait",0,1,0,FALSE
213,51,"F1",1000,1,0.3,"trait1",0,1,0,FALSE
213,51,"F1",1000,1,0.3,"trait2",0,1,0,FALSE
213,51,"F1",1000,1,0.3,"trait3",0,1,0,FALSE
213,51,"F1",1000,1,0.3,"trait4",0,1,0,FALSE
214,52,"F2",1000,1,0.3,"trait1",0,1,0,FALSE
214,52,"F2",1000,1,0.3,"trait2",0.75,0.25,0,FALSE
214,52,"F2",1000,1,0.3,"trait3",0,0.842105263157895,0.157894736842105,FALSE
214,52,"F2",1000,1,0.3,"trait4",0,1,0,FALSE
215,53,"F3",1000,1,0.3,"cont1",0,1,0,FALSE
215,53,"F3",1000,1,0.3,"binary_trait",0,1,0,FALSE
215,53,"F3",1000,1,0.3,"cat_trait=A",0,0,1,TRUE
215,53,"F3",1000,1,0.3,"cat_trait=B",0,0,1,TRUE
215,53,"F3",1000,1,0.3,"cat_trait=C",0,0,1,TRUE
215,53,"F3",1000,1,0.3,"count_trait",0,0.95,0.05,FALSE
216,54,"F1",100,0.2,0.5,"trait1",0,0,1,TRUE
216,54,"F1",100,0.2,0.5,"trait2",0,0,1,TRUE
216,54,"F1",100,0.2,0.5,"trait3",0,0,1,TRUE
216,54,"F1",100,0.2,0.5,"trait4",0,0,1,TRUE
217,55,"F2",100,0.2,0.5,"trait1",0,1,0,FALSE
217,55,"F2",100,0.2,0.5,"trait2",0,0,1,TRUE
217,55,"F2",100,0.2,0.5,"trait3",0,0,1,TRUE
217,55,"F2",100,0.2,0.5,"trait4",0,0,1,TRUE
218,56,"F3",100,0.2,0.5,"cont1",1,0,0,FALSE
218,56,"F3",100,0.2,0.5,"binary_trait",0,0,1,TRUE
218,56,"F3",100,0.2,0.5,"cat_trait=A",0,0,1,TRUE
218,56,"F3",100,0.2,0.5,"cat_trait=B",0,0,1,TRUE
218,56,"F3",100,0.2,0.5,"cat_trait=C",0,0,1,TRUE
218,56,"F3",100,0.2,0.5,"count_trait",0,0,1,TRUE
219,57,"F1",300,0.2,0.5,"trait1",0,0,1,TRUE
219,57,"F1",300,0.2,0.5,"trait2",0,1,0,FALSE
219,57,"F1",300,0.2,0.5,"trait3",0,1,0,FALSE
219,57,"F1",300,0.2,0.5,"trait4",0,1,0,FALSE
220,58,"F2",300,0.2,0.5,"trait1",0.8,0,0.2,FALSE
220,58,"F2",300,0.2,0.5,"trait2",0,1,0,FALSE
220,58,"F2",300,0.2,0.5,"trait3",0,0,1,TRUE
220,58,"F2",300,0.2,0.5,"trait4",1,0,0,FALSE
221,59,"F3",300,0.2,0.5,"cont1",0,1,0,FALSE
221,59,"F3",300,0.2,0.5,"binary_trait",0,0,1,TRUE
221,59,"F3",300,0.2,0.5,"cat_trait=A",0,0,1,TRUE
221,59,"F3",300,0.2,0.5,"cat_trait=B",0,0,1,TRUE
221,59,"F3",300,0.2,0.5,"cat_trait=C",0,0,1,TRUE
221,59,"F3",300,0.2,0.5,"count_trait",0.55,0.45,0,FALSE
222,60,"F1",1000,0.2,0.5,"trait1",0,0,1,TRUE
222,60,"F1",1000,0.2,0.5,"trait2",0,1,0,FALSE
222,60,"F1",1000,0.2,0.5,"trait3",0,1,0,FALSE
222,60,"F1",1000,0.2,0.5,"trait4",0,1,0,FALSE
223,61,"F2",1000,0.2,0.5,"trait1",0,1,0,FALSE
223,61,"F2",1000,0.2,0.5,"trait2",1,0,0,FALSE
223,61,"F2",1000,0.2,0.5,"trait3",0,0,1,TRUE
223,61,"F2",1000,0.2,0.5,"trait4",1,0,0,FALSE
224,62,"F3",1000,0.2,0.5,"cont1",0,1,0,FALSE
224,62,"F3",1000,0.2,0.5,"binary_trait",0,1,0,FALSE
224,62,"F3",1000,0.2,0.5,"cat_trait=A",0,0,1,TRUE
224,62,"F3",1000,0.2,0.5,"cat_trait=B",0,0,1,TRUE
224,62,"F3",1000,0.2,0.5,"cat_trait=C",0,0,1,TRUE
224,62,"F3",1000,0.2,0.5,"count_trait",0,1,0,FALSE
225,63,"F1",100,0.5,0.5,"trait1",0,0,1,TRUE
225,63,"F1",100,0.5,0.5,"trait2",0,1,0,FALSE
225,63,"F1",100,0.5,0.5,"trait3",0,1,0,FALSE
225,63,"F1",100,0.5,0.5,"trait4",0,1,0,FALSE
226,64,"F2",100,0.5,0.5,"trait1",1,0,0,FALSE
226,64,"F2",100,0.5,0.5,"trait2",1,0,0,FALSE
226,64,"F2",100,0.5,0.5,"trait3",0,1,0,FALSE
226,64,"F2",100,0.5,0.5,"trait4",0,1,0,FALSE
227,65,"F3",100,0.5,0.5,"cont1",0,0,1,TRUE
227,65,"F3",100,0.5,0.5,"binary_trait",0,0,1,TRUE
227,65,"F3",100,0.5,0.5,"cat_trait=A",0,0,1,TRUE
227,65,"F3",100,0.5,0.5,"cat_trait=B",0,0,1,TRUE
227,65,"F3",100,0.5,0.5,"cat_trait=C",0,0,1,TRUE
227,65,"F3",100,0.5,0.5,"count_trait",0,0.666666666666667,0.333333333333333,FALSE
228,66,"F1",300,0.5,0.5,"trait1",0.777777777777778,0,0.222222222222222,FALSE
228,66,"F1",300,0.5,0.5,"trait2",0,1,0,FALSE
228,66,"F1",300,0.5,0.5,"trait3",1,0,0,FALSE
228,66,"F1",300,0.5,0.5,"trait4",0.95,0,0.05,FALSE
229,67,"F2",300,0.5,0.5,"trait1",0.611111111111111,0.166666666666667,0.222222222222222,FALSE
229,67,"F2",300,0.5,0.5,"trait2",0.944444444444444,0,0.0555555555555556,FALSE
229,67,"F2",300,0.5,0.5,"trait3",0,1,0,FALSE
229,67,"F2",300,0.5,0.5,"trait4",1,0,0,FALSE
230,68,"F3",300,0.5,0.5,"cont1",0,0.454545454545455,0.545454545454545,FALSE
230,68,"F3",300,0.5,0.5,"binary_trait",0.55,0,0.45,FALSE
230,68,"F3",300,0.5,0.5,"cat_trait=A",0,0.214285714285714,0.785714285714286,FALSE
230,68,"F3",300,0.5,0.5,"cat_trait=B",0,0.214285714285714,0.785714285714286,FALSE
230,68,"F3",300,0.5,0.5,"cat_trait=C",0,0.214285714285714,0.785714285714286,FALSE
230,68,"F3",300,0.5,0.5,"count_trait",0,1,0,FALSE
231,69,"F1",1000,0.5,0.5,"trait1",0,1,0,FALSE
231,69,"F1",1000,0.5,0.5,"trait2",0,1,0,FALSE
231,69,"F1",1000,0.5,0.5,"trait3",0,0.823529411764706,0.176470588235294,FALSE
231,69,"F1",1000,0.5,0.5,"trait4",0,1,0,FALSE
232,70,"F2",1000,0.5,0.5,"trait1",0,1,0,FALSE
232,70,"F2",1000,0.5,0.5,"trait2",0.35,0.65,0,FALSE
232,70,"F2",1000,0.5,0.5,"trait3",0,0,1,TRUE
232,70,"F2",1000,0.5,0.5,"trait4",0,1,0,FALSE
233,71,"F3",1000,0.5,0.5,"cont1",1,0,0,FALSE
233,71,"F3",1000,0.5,0.5,"binary_trait",0,1,0,FALSE
233,71,"F3",1000,0.5,0.5,"cat_trait=A",0.263157894736842,0,0.736842105263158,FALSE
233,71,"F3",1000,0.5,0.5,"cat_trait=B",0.263157894736842,0,0.736842105263158,FALSE
233,71,"F3",1000,0.5,0.5,"cat_trait=C",0.263157894736842,0,0.736842105263158,FALSE
233,71,"F3",1000,0.5,0.5,"count_trait",0,1,0,FALSE
234,72,"F1",100,1,0.5,"trait1",0.526315789473684,0,0.473684210526316,FALSE
234,72,"F1",100,1,0.5,"trait2",0.4,0.6,0,FALSE
234,72,"F1",100,1,0.5,"trait3",0,1,0,FALSE
234,72,"F1",100,1,0.5,"trait4",0,1,0,FALSE
235,73,"F2",100,1,0.5,"trait1",0,1,0,FALSE
235,73,"F2",100,1,0.5,"trait2",1,0,0,FALSE
235,73,"F2",100,1,0.5,"trait3",0,1,0,FALSE
235,73,"F2",100,1,0.5,"trait4",0,1,0,FALSE
236,74,"F3",100,1,0.5,"cont1",0,1,0,FALSE
236,74,"F3",100,1,0.5,"binary_trait",0,1,0,FALSE
236,74,"F3",100,1,0.5,"cat_trait=A",0,0,1,TRUE
236,74,"F3",100,1,0.5,"cat_trait=B",0,0,1,TRUE
236,74,"F3",100,1,0.5,"cat_trait=C",0,0,1,TRUE
236,74,"F3",100,1,0.5,"count_trait",0.65,0.35,0,FALSE
237,75,"F1",300,1,0.5,"trait1",0,0.35,0.65,FALSE
237,75,"F1",300,1,0.5,"trait2",0.545454545454545,0.454545454545455,0,FALSE
237,75,"F1",300,1,0.5,"trait3",0,1,0,FALSE
237,75,"F1",300,1,0.5,"trait4",0,0.95,0.05,FALSE
238,76,"F2",300,1,0.5,"trait1",0,1,0,FALSE
238,76,"F2",300,1,0.5,"trait2",0.9,0,0.1,FALSE
238,76,"F2",300,1,0.5,"trait3",0,0.8,0.2,FALSE
238,76,"F2",300,1,0.5,"trait4",0.894736842105263,0.105263157894737,0,FALSE
239,77,"F3",300,1,0.5,"cont1",0,1,0,FALSE
239,77,"F3",300,1,0.5,"binary_trait",0,1,0,FALSE
239,77,"F3",300,1,0.5,"cat_trait=A",0,0,1,TRUE
239,77,"F3",300,1,0.5,"cat_trait=B",0,0,1,TRUE
239,77,"F3",300,1,0.5,"cat_trait=C",0,0,1,TRUE
239,77,"F3",300,1,0.5,"count_trait",0,1,0,FALSE
240,78,"F1",1000,1,0.5,"trait1",0,1,0,FALSE
240,78,"F1",1000,1,0.5,"trait2",0,1,0,FALSE
240,78,"F1",1000,1,0.5,"trait3",0,1,0,FALSE
240,78,"F1",1000,1,0.5,"trait4",0,1,0,FALSE
241,79,"F2",1000,1,0.5,"trait1",0.85,0.15,0,FALSE
241,79,"F2",1000,1,0.5,"trait2",0,1,0,FALSE
241,79,"F2",1000,1,0.5,"trait3",0,1,0,FALSE
241,79,"F2",1000,1,0.5,"trait4",0.65,0.35,0,FALSE
242,80,"F3",1000,1,0.5,"cont1",0,1,0,FALSE
242,80,"F3",1000,1,0.5,"binary_trait",0,1,0,FALSE
242,80,"F3",1000,1,0.5,"cat_trait=A",0,0.15,0.85,FALSE
242,80,"F3",1000,1,0.5,"cat_trait=B",0,0.15,0.85,FALSE
242,80,"F3",1000,1,0.5,"cat_trait=C",0,0.15,0.85,FALSE
242,80,"F3",1000,1,0.5,"count_trait",0,1,0,FALSE
243,0,"F1",100,0.2,0.1,"trait1",0,0,1,TRUE
243,0,"F1",100,0.2,0.1,"trait2",1,0,0,FALSE
243,0,"F1",100,0.2,0.1,"trait3",0,0,1,TRUE
243,0,"F1",100,0.2,0.1,"trait4",0,0,1,TRUE
244,1,"F2",100,0.2,0.1,"trait1",1,0,0,FALSE
244,1,"F2",100,0.2,0.1,"trait2",1,0,0,FALSE
244,1,"F2",100,0.2,0.1,"trait3",0,0,1,TRUE
244,1,"F2",100,0.2,0.1,"trait4",1,0,0,FALSE
245,2,"F3",100,0.2,0.1,"cont1",1,0,0,FALSE
245,2,"F3",100,0.2,0.1,"binary_trait",0,0,1,TRUE
245,2,"F3",100,0.2,0.1,"cat_trait=A",0,0,1,TRUE
245,2,"F3",100,0.2,0.1,"cat_trait=B",0,0,1,TRUE
245,2,"F3",100,0.2,0.1,"cat_trait=C",0,0,1,TRUE
245,2,"F3",100,0.2,0.1,"count_trait",1,0,0,FALSE
246,3,"F1",300,0.2,0.1,"trait1",1,0,0,FALSE
246,3,"F1",300,0.2,0.1,"trait2",0,1,0,FALSE
246,3,"F1",300,0.2,0.1,"trait3",0.538461538461539,0,0.461538461538462,FALSE
246,3,"F1",300,0.2,0.1,"trait4",0,1,0,FALSE
247,4,"F2",300,0.2,0.1,"trait1",0,1,0,FALSE
247,4,"F2",300,0.2,0.1,"trait2",1,0,0,FALSE
247,4,"F2",300,0.2,0.1,"trait3",0,1,0,FALSE
247,4,"F2",300,0.2,0.1,"trait4",0,0,1,TRUE
248,5,"F3",300,0.2,0.1,"cont1",1,0,0,FALSE
248,5,"F3",300,0.2,0.1,"binary_trait",0,0,1,TRUE
248,5,"F3",300,0.2,0.1,"cat_trait=A",0,1,0,FALSE
248,5,"F3",300,0.2,0.1,"cat_trait=B",0,1,0,FALSE
248,5,"F3",300,0.2,0.1,"cat_trait=C",0,1,0,FALSE
248,5,"F3",300,0.2,0.1,"count_trait",0,1,0,FALSE
249,6,"F1",1000,0.2,0.1,"trait1",0,1,0,FALSE
249,6,"F1",1000,0.2,0.1,"trait2",0.35,0.65,0,FALSE
249,6,"F1",1000,0.2,0.1,"trait3",1,0,0,FALSE
249,6,"F1",1000,0.2,0.1,"trait4",0,1,0,FALSE
250,7,"F2",1000,0.2,0.1,"trait1",1,0,0,FALSE
250,7,"F2",1000,0.2,0.1,"trait2",1,0,0,FALSE
250,7,"F2",1000,0.2,0.1,"trait3",0,1,0,FALSE
250,7,"F2",1000,0.2,0.1,"trait4",1,0,0,FALSE
251,8,"F3",1000,0.2,0.1,"cont1",0,1,0,FALSE
251,8,"F3",1000,0.2,0.1,"binary_trait",0,1,0,FALSE
251,8,"F3",1000,0.2,0.1,"cat_trait=A",0,0,1,TRUE
251,8,"F3",1000,0.2,0.1,"cat_trait=B",0,0,1,TRUE
251,8,"F3",1000,0.2,0.1,"cat_trait=C",0,0,1,TRUE
251,8,"F3",1000,0.2,0.1,"count_trait",0,1,0,FALSE
252,9,"F1",100,0.5,0.1,"trait1",1,0,0,FALSE
252,9,"F1",100,0.5,0.1,"trait2",0.95,0,0.05,FALSE
252,9,"F1",100,0.5,0.1,"trait3",0,1,0,FALSE
252,9,"F1",100,0.5,0.1,"trait4",0.25,0,0.75,FALSE
253,10,"F2",100,0.5,0.1,"trait1",1,0,0,FALSE
253,10,"F2",100,0.5,0.1,"trait2",1,0,0,FALSE
253,10,"F2",100,0.5,0.1,"trait3",0,0,1,TRUE
253,10,"F2",100,0.5,0.1,"trait4",1,0,0,FALSE
254,11,"F3",100,0.5,0.1,"cont1",1,0,0,FALSE
254,11,"F3",100,0.5,0.1,"binary_trait",0,0,1,TRUE
254,11,"F3",100,0.5,0.1,"cat_trait=A",0,0,1,TRUE
254,11,"F3",100,0.5,0.1,"cat_trait=B",0,0,1,TRUE
254,11,"F3",100,0.5,0.1,"cat_trait=C",0,0,1,TRUE
254,11,"F3",100,0.5,0.1,"count_trait",1,0,0,FALSE
255,12,"F1",300,0.5,0.1,"trait1",1,0,0,FALSE
255,12,"F1",300,0.5,0.1,"trait2",0.55,0.45,0,FALSE
255,12,"F1",300,0.5,0.1,"trait3",0,1,0,FALSE
255,12,"F1",300,0.5,0.1,"trait4",0,1,0,FALSE
256,13,"F2",300,0.5,0.1,"trait1",1,0,0,FALSE
256,13,"F2",300,0.5,0.1,"trait2",1,0,0,FALSE
256,13,"F2",300,0.5,0.1,"trait3",0,0,1,TRUE
256,13,"F2",300,0.5,0.1,"trait4",1,0,0,FALSE
257,14,"F3",300,0.5,0.1,"cont1",0,1,0,FALSE
257,14,"F3",300,0.5,0.1,"binary_trait",0,1,0,FALSE
257,14,"F3",300,0.5,0.1,"cat_trait=A",0,0,1,TRUE
257,14,"F3",300,0.5,0.1,"cat_trait=B",0,0,1,TRUE
257,14,"F3",300,0.5,0.1,"cat_trait=C",0,0,1,TRUE
257,14,"F3",300,0.5,0.1,"count_trait",0,1,0,FALSE
258,15,"F1",1000,0.5,0.1,"trait1",0,1,0,FALSE
258,15,"F1",1000,0.5,0.1,"trait2",0,1,0,FALSE
258,15,"F1",1000,0.5,0.1,"trait3",0,1,0,FALSE
258,15,"F1",1000,0.5,0.1,"trait4",0,1,0,FALSE
259,16,"F2",1000,0.5,0.1,"trait1",0,1,0,FALSE
259,16,"F2",1000,0.5,0.1,"trait2",1,0,0,FALSE
259,16,"F2",1000,0.5,0.1,"trait3",0,1,0,FALSE
259,16,"F2",1000,0.5,0.1,"trait4",1,0,0,FALSE
260,17,"F3",1000,0.5,0.1,"cont1",0,1,0,FALSE
260,17,"F3",1000,0.5,0.1,"binary_trait",0,1,0,FALSE
260,17,"F3",1000,0.5,0.1,"cat_trait=A",0.05,0.55,0.4,FALSE
260,17,"F3",1000,0.5,0.1,"cat_trait=B",0.05,0.55,0.4,FALSE
260,17,"F3",1000,0.5,0.1,"cat_trait=C",0.05,0.55,0.4,FALSE
260,17,"F3",1000,0.5,0.1,"count_trait",0,1,0,FALSE
261,18,"F1",100,1,0.1,"trait1",0.35,0.65,0,FALSE
261,18,"F1",100,1,0.1,"trait2",0,1,0,FALSE
261,18,"F1",100,1,0.1,"trait3",0,1,0,FALSE
261,18,"F1",100,1,0.1,"trait4",1,0,0,FALSE
262,19,"F2",100,1,0.1,"trait1",1,0,0,FALSE
262,19,"F2",100,1,0.1,"trait2",0,1,0,FALSE
262,19,"F2",100,1,0.1,"trait3",0.4,0.4,0.2,FALSE
262,19,"F2",100,1,0.1,"trait4",0,0,1,TRUE
263,20,"F3",100,1,0.1,"cont1",0.947368421052632,0,0.0526315789473684,FALSE
263,20,"F3",100,1,0.1,"binary_trait",0,1,0,FALSE
263,20,"F3",100,1,0.1,"cat_trait=A",0,0,1,TRUE
263,20,"F3",100,1,0.1,"cat_trait=B",0,0,1,TRUE
263,20,"F3",100,1,0.1,"cat_trait=C",0,0,1,TRUE
263,20,"F3",100,1,0.1,"count_trait",0,0,1,TRUE
264,21,"F1",300,1,0.1,"trait1",0.95,0.05,0,FALSE
264,21,"F1",300,1,0.1,"trait2",0.4,0.6,0,FALSE
264,21,"F1",300,1,0.1,"trait3",0,1,0,FALSE
264,21,"F1",300,1,0.1,"trait4",0.3,0.7,0,FALSE
265,22,"F2",300,1,0.1,"trait1",1,0,0,FALSE
265,22,"F2",300,1,0.1,"trait2",1,0,0,FALSE
265,22,"F2",300,1,0.1,"trait3",0,1,0,FALSE
265,22,"F2",300,1,0.1,"trait4",0,0.888888888888889,0.111111111111111,FALSE
266,23,"F3",300,1,0.1,"cont1",0,1,0,FALSE
266,23,"F3",300,1,0.1,"binary_trait",0,1,0,FALSE
266,23,"F3",300,1,0.1,"cat_trait=A",0,1,0,FALSE
266,23,"F3",300,1,0.1,"cat_trait=B",0,1,0,FALSE
266,23,"F3",300,1,0.1,"cat_trait=C",0,1,0,FALSE
266,23,"F3",300,1,0.1,"count_trait",0.941176470588235,0,0.0588235294117647,FALSE
267,24,"F1",1000,1,0.1,"trait1",0,1,0,FALSE
267,24,"F1",1000,1,0.1,"trait2",1,0,0,FALSE
267,24,"F1",1000,1,0.1,"trait3",0.9,0.1,0,FALSE
267,24,"F1",1000,1,0.1,"trait4",0,1,0,FALSE
268,25,"F2",1000,1,0.1,"trait1",0,1,0,FALSE
268,25,"F2",1000,1,0.1,"trait2",0.95,0,0.05,FALSE
268,25,"F2",1000,1,0.1,"trait3",0,0.65,0.35,FALSE
268,25,"F2",1000,1,0.1,"trait4",0,1,0,FALSE
269,26,"F3",1000,1,0.1,"cont1",0.35,0.65,0,FALSE
269,26,"F3",1000,1,0.1,"binary_trait",0,1,0,FALSE
269,26,"F3",1000,1,0.1,"cat_trait=A",0,1,0,FALSE
269,26,"F3",1000,1,0.1,"cat_trait=B",0,1,0,FALSE
269,26,"F3",1000,1,0.1,"cat_trait=C",0,1,0,FALSE
269,26,"F3",1000,1,0.1,"count_trait",0,1,0,FALSE
270,27,"F1",100,0.2,0.3,"trait1",1,0,0,FALSE
270,27,"F1",100,0.2,0.3,"trait2",0,0,1,TRUE
270,27,"F1",100,0.2,0.3,"trait3",0.15,0.85,0,FALSE
270,27,"F1",100,0.2,0.3,"trait4",0,1,0,FALSE
271,28,"F2",100,0.2,0.3,"trait1",0,0.65,0.35,FALSE
271,28,"F2",100,0.2,0.3,"trait2",0,0,1,TRUE
271,28,"F2",100,0.2,0.3,"trait3",0,1,0,FALSE
271,28,"F2",100,0.2,0.3,"trait4",0,0,1,TRUE
272,29,"F3",100,0.2,0.3,"cont1",0,0,1,TRUE
272,29,"F3",100,0.2,0.3,"binary_trait",0,0,1,TRUE
272,29,"F3",100,0.2,0.3,"cat_trait=A",0,0,1,TRUE
272,29,"F3",100,0.2,0.3,"cat_trait=B",0,0,1,TRUE
272,29,"F3",100,0.2,0.3,"cat_trait=C",0,0,1,TRUE
272,29,"F3",100,0.2,0.3,"count_trait",0,1,0,FALSE
273,30,"F1",300,0.2,0.3,"trait1",0,0,1,TRUE
273,30,"F1",300,0.2,0.3,"trait2",0,0,1,TRUE
273,30,"F1",300,0.2,0.3,"trait3",0,1,0,FALSE
273,30,"F1",300,0.2,0.3,"trait4",0,1,0,FALSE
274,31,"F2",300,0.2,0.3,"trait1",0.85,0.15,0,FALSE
274,31,"F2",300,0.2,0.3,"trait2",1,0,0,FALSE
274,31,"F2",300,0.2,0.3,"trait3",1,0,0,FALSE
274,31,"F2",300,0.2,0.3,"trait4",0.625,0,0.375,FALSE
275,32,"F3",300,0.2,0.3,"cont1",0,1,0,FALSE
275,32,"F3",300,0.2,0.3,"binary_trait",0,0,1,TRUE
275,32,"F3",300,0.2,0.3,"cat_trait=A",0,0,1,TRUE
275,32,"F3",300,0.2,0.3,"cat_trait=B",0,0,1,TRUE
275,32,"F3",300,0.2,0.3,"cat_trait=C",0,0,1,TRUE
275,32,"F3",300,0.2,0.3,"count_trait",0,0,1,TRUE
276,33,"F1",1000,0.2,0.3,"trait1",0,1,0,FALSE
276,33,"F1",1000,0.2,0.3,"trait2",0.7,0.3,0,FALSE
276,33,"F1",1000,0.2,0.3,"trait3",0,1,0,FALSE
276,33,"F1",1000,0.2,0.3,"trait4",0,0,1,TRUE
277,34,"F2",1000,0.2,0.3,"trait1",0,1,0,FALSE
277,34,"F2",1000,0.2,0.3,"trait2",0,1,0,FALSE
277,34,"F2",1000,0.2,0.3,"trait3",0,1,0,FALSE
277,34,"F2",1000,0.2,0.3,"trait4",1,0,0,FALSE
278,35,"F3",1000,0.2,0.3,"cont1",0,1,0,FALSE
278,35,"F3",1000,0.2,0.3,"binary_trait",0,0,1,TRUE
278,35,"F3",1000,0.2,0.3,"cat_trait=A",0,1,0,FALSE
278,35,"F3",1000,0.2,0.3,"cat_trait=B",0,1,0,FALSE
278,35,"F3",1000,0.2,0.3,"cat_trait=C",0,1,0,FALSE
278,35,"F3",1000,0.2,0.3,"count_trait",1,0,0,FALSE
279,36,"F1",100,0.5,0.3,"trait1",0,0,1,TRUE
279,36,"F1",100,0.5,0.3,"trait2",0,1,0,FALSE
279,36,"F1",100,0.5,0.3,"trait3",0,0,1,TRUE
279,36,"F1",100,0.5,0.3,"trait4",0.928571428571428,0,0.0714285714285714,FALSE
280,37,"F2",100,0.5,0.3,"trait1",0,0,1,TRUE
280,37,"F2",100,0.5,0.3,"trait2",1,0,0,FALSE
280,37,"F2",100,0.5,0.3,"trait3",0,1,0,FALSE
280,37,"F2",100,0.5,0.3,"trait4",0,0,1,TRUE
281,38,"F3",100,0.5,0.3,"cont1",0,1,0,FALSE
281,38,"F3",100,0.5,0.3,"binary_trait",0,0,1,TRUE
281,38,"F3",100,0.5,0.3,"cat_trait=A",0,0,1,TRUE
281,38,"F3",100,0.5,0.3,"cat_trait=B",0,0,1,TRUE
281,38,"F3",100,0.5,0.3,"cat_trait=C",0,0,1,TRUE
281,38,"F3",100,0.5,0.3,"count_trait",0,1,0,FALSE
282,39,"F1",300,0.5,0.3,"trait1",1,0,0,FALSE
282,39,"F1",300,0.5,0.3,"trait2",0.421052631578947,0,0.578947368421053,FALSE
282,39,"F1",300,0.5,0.3,"trait3",1,0,0,FALSE
282,39,"F1",300,0.5,0.3,"trait4",0,1,0,FALSE
283,40,"F2",300,0.5,0.3,"trait1",0,1,0,FALSE
283,40,"F2",300,0.5,0.3,"trait2",1,0,0,FALSE
283,40,"F2",300,0.5,0.3,"trait3",0,0.45,0.55,FALSE
283,40,"F2",300,0.5,0.3,"trait4",0,1,0,FALSE
284,41,"F3",300,0.5,0.3,"cont1",0,1,0,FALSE
284,41,"F3",300,0.5,0.3,"binary_trait",0,1,0,FALSE
284,41,"F3",300,0.5,0.3,"cat_trait=A",0,1,0,FALSE
284,41,"F3",300,0.5,0.3,"cat_trait=B",0,1,0,FALSE
284,41,"F3",300,0.5,0.3,"cat_trait=C",0,1,0,FALSE
284,41,"F3",300,0.5,0.3,"count_trait",0,1,0,FALSE
285,42,"F1",1000,0.5,0.3,"trait1",0.55,0.45,0,FALSE
285,42,"F1",1000,0.5,0.3,"trait2",0,1,0,FALSE
285,42,"F1",1000,0.5,0.3,"trait3",0,1,0,FALSE
285,42,"F1",1000,0.5,0.3,"trait4",0,1,0,FALSE
286,43,"F2",1000,0.5,0.3,"trait1",0.947368421052632,0,0.0526315789473684,FALSE
286,43,"F2",1000,0.5,0.3,"trait2",1,0,0,FALSE
286,43,"F2",1000,0.5,0.3,"trait3",0,1,0,FALSE
286,43,"F2",1000,0.5,0.3,"trait4",1,0,0,FALSE
287,44,"F3",1000,0.5,0.3,"cont1",0.55,0.45,0,FALSE
287,44,"F3",1000,0.5,0.3,"binary_trait",0,1,0,FALSE
287,44,"F3",1000,0.5,0.3,"cat_trait=A",0,1,0,FALSE
287,44,"F3",1000,0.5,0.3,"cat_trait=B",0,1,0,FALSE
287,44,"F3",1000,0.5,0.3,"cat_trait=C",0,1,0,FALSE
287,44,"F3",1000,0.5,0.3,"count_trait",0,0.764705882352941,0.235294117647059,FALSE
288,45,"F1",100,1,0.3,"trait1",1,0,0,FALSE
288,45,"F1",100,1,0.3,"trait2",0,0.825,0.175,FALSE
288,45,"F1",100,1,0.3,"trait3",0,1,0,FALSE
288,45,"F1",100,1,0.3,"trait4",0,1,0,FALSE
289,46,"F2",100,1,0.3,"trait1",0.533333333333333,0.333333333333333,0.133333333333333,FALSE
289,46,"F2",100,1,0.3,"trait2",0,1,0,FALSE
289,46,"F2",100,1,0.3,"trait3",0,0,1,TRUE
289,46,"F2",100,1,0.3,"trait4",1,0,0,FALSE
290,47,"F3",100,1,0.3,"cont1",0,0.95,0.05,FALSE
290,47,"F3",100,1,0.3,"binary_trait",0,1,0,FALSE
290,47,"F3",100,1,0.3,"cat_trait=A",0,0,1,TRUE
290,47,"F3",100,1,0.3,"cat_trait=B",0,0,1,TRUE
290,47,"F3",100,1,0.3,"cat_trait=C",0,0,1,TRUE
290,47,"F3",100,1,0.3,"count_trait",0,1,0,FALSE
291,48,"F1",300,1,0.3,"trait1",0,1,0,FALSE
291,48,"F1",300,1,0.3,"trait2",1,0,0,FALSE
291,48,"F1",300,1,0.3,"trait3",0,1,0,FALSE
291,48,"F1",300,1,0.3,"trait4",0,1,0,FALSE
292,49,"F2",300,1,0.3,"trait1",0,1,0,FALSE
292,49,"F2",300,1,0.3,"trait2",0.95,0.05,0,FALSE
292,49,"F2",300,1,0.3,"trait3",0,1,0,FALSE
292,49,"F2",300,1,0.3,"trait4",0,1,0,FALSE
293,50,"F3",300,1,0.3,"cont1",0,1,0,FALSE
293,50,"F3",300,1,0.3,"binary_trait",0,0,1,TRUE
293,50,"F3",300,1,0.3,"cat_trait=A",0,1,0,FALSE
293,50,"F3",300,1,0.3,"cat_trait=B",0,1,0,FALSE
293,50,"F3",300,1,0.3,"cat_trait=C",0,1,0,FALSE
293,50,"F3",300,1,0.3,"count_trait",0,1,0,FALSE
294,51,"F1",1000,1,0.3,"trait1",0,1,0,FALSE
294,51,"F1",1000,1,0.3,"trait2",0,1,0,FALSE
294,51,"F1",1000,1,0.3,"trait3",0,1,0,FALSE
294,51,"F1",1000,1,0.3,"trait4",0,1,0,FALSE
295,52,"F2",1000,1,0.3,"trait1",0,1,0,FALSE
295,52,"F2",1000,1,0.3,"trait2",1,0,0,FALSE
295,52,"F2",1000,1,0.3,"trait3",0.235294117647059,0.647058823529412,0.117647058823529,FALSE
295,52,"F2",1000,1,0.3,"trait4",0,1,0,FALSE
296,53,"F3",1000,1,0.3,"cont1",0,1,0,FALSE
296,53,"F3",1000,1,0.3,"binary_trait",0,1,0,FALSE
296,53,"F3",1000,1,0.3,"cat_trait=A",0,0.15,0.85,FALSE
296,53,"F3",1000,1,0.3,"cat_trait=B",0,0.15,0.85,FALSE
296,53,"F3",1000,1,0.3,"cat_trait=C",0,0.15,0.85,FALSE
296,53,"F3",1000,1,0.3,"count_trait",0,1,0,FALSE
297,54,"F1",100,0.2,0.5,"trait1",0,0,1,TRUE
297,54,"F1",100,0.2,0.5,"trait2",1,0,0,FALSE
297,54,"F1",100,0.2,0.5,"trait3",0,0,1,TRUE
297,54,"F1",100,0.2,0.5,"trait4",0,0,1,TRUE
298,55,"F2",100,0.2,0.5,"trait1",0,1,0,FALSE
298,55,"F2",100,0.2,0.5,"trait2",0,0.5,0.5,FALSE
298,55,"F2",100,0.2,0.5,"trait3",0,0,1,TRUE
298,55,"F2",100,0.2,0.5,"trait4",0.35,0.65,0,FALSE
299,56,"F3",100,0.2,0.5,"cont1",0,1,0,FALSE
299,56,"F3",100,0.2,0.5,"binary_trait",0,1,0,FALSE
299,56,"F3",100,0.2,0.5,"cat_trait=A",0,0,1,TRUE
299,56,"F3",100,0.2,0.5,"cat_trait=B",0,0,1,TRUE
299,56,"F3",100,0.2,0.5,"cat_trait=C",0,0,1,TRUE
299,56,"F3",100,0.2,0.5,"count_trait",0,1,0,FALSE
300,57,"F1",300,0.2,0.5,"trait1",0,0,1,TRUE
300,57,"F1",300,0.2,0.5,"trait2",0,0,1,TRUE
300,57,"F1",300,0.2,0.5,"trait3",0,0.85,0.15,FALSE
300,57,"F1",300,0.2,0.5,"trait4",0,1,0,FALSE
301,58,"F2",300,0.2,0.5,"trait1",0,1,0,FALSE
301,58,"F2",300,0.2,0.5,"trait2",1,0,0,FALSE
301,58,"F2",300,0.2,0.5,"trait3",0,0,1,TRUE
301,58,"F2",300,0.2,0.5,"trait4",1,0,0,FALSE
302,59,"F3",300,0.2,0.5,"cont1",1,0,0,FALSE
302,59,"F3",300,0.2,0.5,"binary_trait",0,0,1,TRUE
302,59,"F3",300,0.2,0.5,"cat_trait=A",0,0,1,TRUE
302,59,"F3",300,0.2,0.5,"cat_trait=B",0,0,1,TRUE
302,59,"F3",300,0.2,0.5,"cat_trait=C",0,0,1,TRUE
302,59,"F3",300,0.2,0.5,"count_trait",0,1,0,FALSE
303,60,"F1",1000,0.2,0.5,"trait1",0,0,1,TRUE
303,60,"F1",1000,0.2,0.5,"trait2",0,0,1,TRUE
303,60,"F1",1000,0.2,0.5,"trait3",0,1,0,FALSE
303,60,"F1",1000,0.2,0.5,"trait4",0,1,0,FALSE
304,61,"F2",1000,0.2,0.5,"trait1",0,0.8,0.2,FALSE
304,61,"F2",1000,0.2,0.5,"trait2",1,0,0,FALSE
304,61,"F2",1000,0.2,0.5,"trait3",0,1,0,FALSE
304,61,"F2",1000,0.2,0.5,"trait4",1,0,0,FALSE
305,62,"F3",1000,0.2,0.5,"cont1",0,1,0,FALSE
305,62,"F3",1000,0.2,0.5,"binary_trait",0,1,0,FALSE
305,62,"F3",1000,0.2,0.5,"cat_trait=A",0,1,0,FALSE
305,62,"F3",1000,0.2,0.5,"cat_trait=B",0,1,0,FALSE
305,62,"F3",1000,0.2,0.5,"cat_trait=C",0,1,0,FALSE
305,62,"F3",1000,0.2,0.5,"count_trait",0,1,0,FALSE
306,63,"F1",100,0.5,0.5,"trait1",0,1,0,FALSE
306,63,"F1",100,0.5,0.5,"trait2",0,1,0,FALSE
306,63,"F1",100,0.5,0.5,"trait3",0,0,1,TRUE
306,63,"F1",100,0.5,0.5,"trait4",0,1,0,FALSE
307,64,"F2",100,0.5,0.5,"trait1",0,1,0,FALSE
307,64,"F2",100,0.5,0.5,"trait2",0,1,0,FALSE
307,64,"F2",100,0.5,0.5,"trait3",1,0,0,FALSE
307,64,"F2",100,0.5,0.5,"trait4",0.1,0.9,0,FALSE
308,65,"F3",100,0.5,0.5,"cont1",0,0,1,TRUE
308,65,"F3",100,0.5,0.5,"binary_trait",0,0,1,TRUE
308,65,"F3",100,0.5,0.5,"cat_trait=A",0,0,1,TRUE
308,65,"F3",100,0.5,0.5,"cat_trait=B",0,0,1,TRUE
308,65,"F3",100,0.5,0.5,"cat_trait=C",0,0,1,TRUE
308,65,"F3",100,0.5,0.5,"count_trait",0,0,1,TRUE
309,66,"F1",300,0.5,0.5,"trait1",0,1,0,FALSE
309,66,"F1",300,0.5,0.5,"trait2",0,0,1,TRUE
309,66,"F1",300,0.5,0.5,"trait3",0,0.7,0.3,FALSE
309,66,"F1",300,0.5,0.5,"trait4",0,1,0,FALSE
310,67,"F2",300,0.5,0.5,"trait1",0,1,0,FALSE
310,67,"F2",300,0.5,0.5,"trait2",0,1,0,FALSE
310,67,"F2",300,0.5,0.5,"trait3",1,0,0,FALSE
310,67,"F2",300,0.5,0.5,"trait4",0.466666666666667,0.333333333333333,0.2,FALSE
311,68,"F3",300,0.5,0.5,"cont1",0,1,0,FALSE
311,68,"F3",300,0.5,0.5,"binary_trait",0,1,0,FALSE
311,68,"F3",300,0.5,0.5,"cat_trait=A",0,0,1,TRUE
311,68,"F3",300,0.5,0.5,"cat_trait=B",0,0,1,TRUE
311,68,"F3",300,0.5,0.5,"cat_trait=C",0,0,1,TRUE
311,68,"F3",300,0.5,0.5,"count_trait",0,1,0,FALSE
312,69,"F1",1000,0.5,0.5,"trait1",0.55,0.45,0,FALSE
312,69,"F1",1000,0.5,0.5,"trait2",0,1,0,FALSE
312,69,"F1",1000,0.5,0.5,"trait3",0,1,0,FALSE
312,69,"F1",1000,0.5,0.5,"trait4",0,0.55,0.45,FALSE
313,70,"F2",1000,0.5,0.5,"trait1",0,1,0,FALSE
313,70,"F2",1000,0.5,0.5,"trait2",0.85,0.15,0,FALSE
313,70,"F2",1000,0.5,0.5,"trait3",0,0.6,0.4,FALSE
313,70,"F2",1000,0.5,0.5,"trait4",0,1,0,FALSE
314,71,"F3",1000,0.5,0.5,"cont1",0,1,0,FALSE
314,71,"F3",1000,0.5,0.5,"binary_trait",0,0.5,0.5,FALSE
314,71,"F3",1000,0.5,0.5,"cat_trait=A",0.05,0,0.95,FALSE
314,71,"F3",1000,0.5,0.5,"cat_trait=B",0.05,0,0.95,FALSE
314,71,"F3",1000,0.5,0.5,"cat_trait=C",0.05,0,0.95,FALSE
314,71,"F3",1000,0.5,0.5,"count_trait",0.705882352941177,0.235294117647059,0.0588235294117647,FALSE
315,72,"F1",100,1,0.5,"trait1",1,0,0,FALSE
315,72,"F1",100,1,0.5,"trait2",0.75,0,0.25,FALSE
315,72,"F1",100,1,0.5,"trait3",0,0,1,TRUE
315,72,"F1",100,1,0.5,"trait4",0,1,0,FALSE
316,73,"F2",100,1,0.5,"trait1",0.444444444444444,0.444444444444444,0.111111111111111,FALSE
316,73,"F2",100,1,0.5,"trait2",0,1,0,FALSE
316,73,"F2",100,1,0.5,"trait3",0,1,0,FALSE
316,73,"F2",100,1,0.5,"trait4",0.842105263157895,0,0.157894736842105,FALSE
317,74,"F3",100,1,0.5,"cont1",0.357142857142857,0,0.642857142857143,FALSE
317,74,"F3",100,1,0.5,"binary_trait",0,1,0,FALSE
317,74,"F3",100,1,0.5,"cat_trait=A",0,0,1,TRUE
317,74,"F3",100,1,0.5,"cat_trait=B",0,0,1,TRUE
317,74,"F3",100,1,0.5,"cat_trait=C",0,0,1,TRUE
317,74,"F3",100,1,0.5,"count_trait",0.142857142857143,0.5,0.357142857142857,FALSE
318,75,"F1",300,1,0.5,"trait1",0,1,0,FALSE
318,75,"F1",300,1,0.5,"trait2",0,1,0,FALSE
318,75,"F1",300,1,0.5,"trait3",0,1,0,FALSE
318,75,"F1",300,1,0.5,"trait4",0,1,0,FALSE
319,76,"F2",300,1,0.5,"trait1",0,1,0,FALSE
319,76,"F2",300,1,0.5,"trait2",0,1,0,FALSE
319,76,"F2",300,1,0.5,"trait3",0,0.75,0.25,FALSE
319,76,"F2",300,1,0.5,"trait4",0.6,0.3,0.1,FALSE
320,77,"F3",300,1,0.5,"cont1",0,1,0,FALSE
320,77,"F3",300,1,0.5,"binary_trait",0,0,1,TRUE
320,77,"F3",300,1,0.5,"cat_trait=A",0,0,1,TRUE
320,77,"F3",300,1,0.5,"cat_trait=B",0,0,1,TRUE
320,77,"F3",300,1,0.5,"cat_trait=C",0,0,1,TRUE
320,77,"F3",300,1,0.5,"count_trait",0,1,0,FALSE
321,78,"F1",1000,1,0.5,"trait1",0,1,0,FALSE
321,78,"F1",1000,1,0.5,"trait2",0.7,0.3,0,FALSE
321,78,"F1",1000,1,0.5,"trait3",0,1,0,FALSE
321,78,"F1",1000,1,0.5,"trait4",0,1,0,FALSE
322,79,"F2",1000,1,0.5,"trait1",0,0.894736842105263,0.105263157894737,FALSE
322,79,"F2",1000,1,0.5,"trait2",0.75,0.25,0,FALSE
322,79,"F2",1000,1,0.5,"trait3",0.285714285714286,0.19047619047619,0.523809523809524,FALSE
322,79,"F2",1000,1,0.5,"trait4",0,1,0,FALSE
323,80,"F3",1000,1,0.5,"cont1",0.1,0.9,0,FALSE
323,80,"F3",1000,1,0.5,"binary_trait",0,1,0,FALSE
323,80,"F3",1000,1,0.5,"cat_trait=A",0,1,0,FALSE
323,80,"F3",1000,1,0.5,"cat_trait=B",0,1,0,FALSE
323,80,"F3",1000,1,0.5,"cat_trait=C",0,1,0,FALSE
323,80,"F3",1000,1,0.5,"count_trait",0,1,0,FALSE
324,0,"F1",100,0.2,0.1,"trait1",1,0,0,FALSE
324,0,"F1",100,0.2,0.1,"trait2",0,0,1,TRUE
324,0,"F1",100,0.2,0.1,"trait3",0,0,1,TRUE
324,0,"F1",100,0.2,0.1,"trait4",0,1,0,FALSE
325,1,"F2",100,0.2,0.1,"trait1",0,0.75,0.25,FALSE
325,1,"F2",100,0.2,0.1,"trait2",0,0,1,TRUE
325,1,"F2",100,0.2,0.1,"trait3",0,1,0,FALSE
325,1,"F2",100,0.2,0.1,"trait4",0,0,1,TRUE
326,2,"F3",100,0.2,0.1,"cont1",0,0,1,TRUE
326,2,"F3",100,0.2,0.1,"binary_trait",0,0,1,TRUE
326,2,"F3",100,0.2,0.1,"cat_trait=A",0,0,1,TRUE
326,2,"F3",100,0.2,0.1,"cat_trait=B",0,0,1,TRUE
326,2,"F3",100,0.2,0.1,"cat_trait=C",0,0,1,TRUE
326,2,"F3",100,0.2,0.1,"count_trait",0,0,1,TRUE
327,3,"F1",300,0.2,0.1,"trait1",1,0,0,FALSE
327,3,"F1",300,0.2,0.1,"trait2",0,1,0,FALSE
327,3,"F1",300,0.2,0.1,"trait3",1,0,0,FALSE
327,3,"F1",300,0.2,0.1,"trait4",1,0,0,FALSE
328,4,"F2",300,0.2,0.1,"trait1",1,0,0,FALSE
328,4,"F2",300,0.2,0.1,"trait2",1,0,0,FALSE
328,4,"F2",300,0.2,0.1,"trait3",0,0,1,TRUE
328,4,"F2",300,0.2,0.1,"trait4",1,0,0,FALSE
329,5,"F3",300,0.2,0.1,"cont1",0,1,0,FALSE
329,5,"F3",300,0.2,0.1,"binary_trait",0,1,0,FALSE
329,5,"F3",300,0.2,0.1,"cat_trait=A",0,0,1,TRUE
329,5,"F3",300,0.2,0.1,"cat_trait=B",0,0,1,TRUE
329,5,"F3",300,0.2,0.1,"cat_trait=C",0,0,1,TRUE
329,5,"F3",300,0.2,0.1,"count_trait",1,0,0,FALSE
330,6,"F1",1000,0.2,0.1,"trait1",0,1,0,FALSE
330,6,"F1",1000,0.2,0.1,"trait2",0,1,0,FALSE
330,6,"F1",1000,0.2,0.1,"trait3",0,1,0,FALSE
330,6,"F1",1000,0.2,0.1,"trait4",0,1,0,FALSE
331,7,"F2",1000,0.2,0.1,"trait1",0.411764705882353,0.529411764705882,0.0588235294117647,FALSE
331,7,"F2",1000,0.2,0.1,"trait2",1,0,0,FALSE
331,7,"F2",1000,0.2,0.1,"trait3",0,0,1,TRUE
331,7,"F2",1000,0.2,0.1,"trait4",1,0,0,FALSE
332,8,"F3",1000,0.2,0.1,"cont1",0,1,0,FALSE
332,8,"F3",1000,0.2,0.1,"binary_trait",0,1,0,FALSE
332,8,"F3",1000,0.2,0.1,"cat_trait=A",0,0.25,0.75,FALSE
332,8,"F3",1000,0.2,0.1,"cat_trait=B",0,0.25,0.75,FALSE
332,8,"F3",1000,0.2,0.1,"cat_trait=C",0,0.25,0.75,FALSE
332,8,"F3",1000,0.2,0.1,"count_trait",0,1,0,FALSE
333,9,"F1",100,0.5,0.1,"trait1",0,1,0,FALSE
333,9,"F1",100,0.5,0.1,"trait2",0,1,0,FALSE
333,9,"F1",100,0.5,0.1,"trait3",0,1,0,FALSE
333,9,"F1",100,0.5,0.1,"trait4",1,0,0,FALSE
334,10,"F2",100,0.5,0.1,"trait1",1,0,0,FALSE
334,10,"F2",100,0.5,0.1,"trait2",0.789473684210526,0,0.210526315789474,FALSE
334,10,"F2",100,0.5,0.1,"trait3",0,0,1,TRUE
334,10,"F2",100,0.5,0.1,"trait4",0,0,1,TRUE
335,11,"F3",100,0.5,0.1,"cont1",1,0,0,FALSE
335,11,"F3",100,0.5,0.1,"binary_trait",0,1,0,FALSE
335,11,"F3",100,0.5,0.1,"cat_trait=A",0,0,1,TRUE
335,11,"F3",100,0.5,0.1,"cat_trait=B",0,0,1,TRUE
335,11,"F3",100,0.5,0.1,"cat_trait=C",0,0,1,TRUE
335,11,"F3",100,0.5,0.1,"count_trait",0,1,0,FALSE
336,12,"F1",300,0.5,0.1,"trait1",1,0,0,FALSE
336,12,"F1",300,0.5,0.1,"trait2",0,1,0,FALSE
336,12,"F1",300,0.5,0.1,"trait3",0.0526315789473684,0,0.947368421052632,FALSE
336,12,"F1",300,0.5,0.1,"trait4",0.35,0.65,0,FALSE
337,13,"F2",300,0.5,0.1,"trait1",0.294117647058824,0.705882352941177,0,FALSE
337,13,"F2",300,0.5,0.1,"trait2",1,0,0,FALSE
337,13,"F2",300,0.5,0.1,"trait3",0,1,0,FALSE
337,13,"F2",300,0.5,0.1,"trait4",1,0,0,FALSE
338,14,"F3",300,0.5,0.1,"cont1",0,1,0,FALSE
338,14,"F3",300,0.5,0.1,"binary_trait",0,1,0,FALSE
338,14,"F3",300,0.5,0.1,"cat_trait=A",0,1,0,FALSE
338,14,"F3",300,0.5,0.1,"cat_trait=B",0,1,0,FALSE
338,14,"F3",300,0.5,0.1,"cat_trait=C",0,1,0,FALSE
338,14,"F3",300,0.5,0.1,"count_trait",0,1,0,FALSE
339,15,"F1",1000,0.5,0.1,"trait1",0,1,0,FALSE
339,15,"F1",1000,0.5,0.1,"trait2",0,1,0,FALSE
339,15,"F1",1000,0.5,0.1,"trait3",0,1,0,FALSE
339,15,"F1",1000,0.5,0.1,"trait4",0,1,0,FALSE
340,16,"F2",1000,0.5,0.1,"trait1",0,1,0,FALSE
340,16,"F2",1000,0.5,0.1,"trait2",1,0,0,FALSE
340,16,"F2",1000,0.5,0.1,"trait3",0,1,0,FALSE
340,16,"F2",1000,0.5,0.1,"trait4",0.55,0.45,0,FALSE
341,17,"F3",1000,0.5,0.1,"cont1",0,1,0,FALSE
341,17,"F3",1000,0.5,0.1,"binary_trait",0.65,0,0.35,FALSE
341,17,"F3",1000,0.5,0.1,"cat_trait=A",0,1,0,FALSE
341,17,"F3",1000,0.5,0.1,"cat_trait=B",0,1,0,FALSE
341,17,"F3",1000,0.5,0.1,"cat_trait=C",0,1,0,FALSE
341,17,"F3",1000,0.5,0.1,"count_trait",0,1,0,FALSE
342,18,"F1",100,1,0.1,"trait1",0,1,0,FALSE
342,18,"F1",100,1,0.1,"trait2",0,1,0,FALSE
342,18,"F1",100,1,0.1,"trait3",0,1,0,FALSE
342,18,"F1",100,1,0.1,"trait4",0,1,0,FALSE
343,19,"F2",100,1,0.1,"trait1",0,1,0,FALSE
343,19,"F2",100,1,0.1,"trait2",1,0,0,FALSE
343,19,"F2",100,1,0.1,"trait3",0,0.6,0.4,FALSE
343,19,"F2",100,1,0.1,"trait4",0.6,0,0.4,FALSE
344,20,"F3",100,1,0.1,"cont1",1,0,0,FALSE
344,20,"F3",100,1,0.1,"binary_trait",0,1,0,FALSE
344,20,"F3",100,1,0.1,"cat_trait=A",0,1,0,FALSE
344,20,"F3",100,1,0.1,"cat_trait=B",0,1,0,FALSE
344,20,"F3",100,1,0.1,"cat_trait=C",0,1,0,FALSE
344,20,"F3",100,1,0.1,"count_trait",0.5,0.5,0,FALSE
345,21,"F1",300,1,0.1,"trait1",0.85,0.15,0,FALSE
345,21,"F1",300,1,0.1,"trait2",0,0.9,0.1,FALSE
345,21,"F1",300,1,0.1,"trait3",0,1,0,FALSE
345,21,"F1",300,1,0.1,"trait4",0,1,0,FALSE
346,22,"F2",300,1,0.1,"trait1",0.789473684210526,0,0.210526315789474,FALSE
346,22,"F2",300,1,0.1,"trait2",0.947368421052632,0,0.0526315789473684,FALSE
346,22,"F2",300,1,0.1,"trait3",0.111111111111111,0,0.888888888888889,FALSE
346,22,"F2",300,1,0.1,"trait4",1,0,0,FALSE
347,23,"F3",300,1,0.1,"cont1",0.7,0.3,0,FALSE
347,23,"F3",300,1,0.1,"binary_trait",0,1,0,FALSE
347,23,"F3",300,1,0.1,"cat_trait=A",0,1,0,FALSE
347,23,"F3",300,1,0.1,"cat_trait=B",0,1,0,FALSE
347,23,"F3",300,1,0.1,"cat_trait=C",0,1,0,FALSE
347,23,"F3",300,1,0.1,"count_trait",0,0.578947368421053,0.421052631578947,FALSE
348,24,"F1",1000,1,0.1,"trait1",0,1,0,FALSE
348,24,"F1",1000,1,0.1,"trait2",0,1,0,FALSE
348,24,"F1",1000,1,0.1,"trait3",0,1,0,FALSE
348,24,"F1",1000,1,0.1,"trait4",0,1,0,FALSE
349,25,"F2",1000,1,0.1,"trait1",0,1,0,FALSE
349,25,"F2",1000,1,0.1,"trait2",1,0,0,FALSE
349,25,"F2",1000,1,0.1,"trait3",0,1,0,FALSE
349,25,"F2",1000,1,0.1,"trait4",0.9,0,0.1,FALSE
350,26,"F3",1000,1,0.1,"cont1",0,1,0,FALSE
350,26,"F3",1000,1,0.1,"binary_trait",0,1,0,FALSE
350,26,"F3",1000,1,0.1,"cat_trait=A",0,1,0,FALSE
350,26,"F3",1000,1,0.1,"cat_trait=B",0,1,0,FALSE
350,26,"F3",1000,1,0.1,"cat_trait=C",0,1,0,FALSE
350,26,"F3",1000,1,0.1,"count_trait",0,0.8,0.2,FALSE
351,27,"F1",100,0.2,0.3,"trait1",0,0,1,TRUE
351,27,"F1",100,0.2,0.3,"trait2",0,1,0,FALSE
351,27,"F1",100,0.2,0.3,"trait3",0,1,0,FALSE
351,27,"F1",100,0.2,0.3,"trait4",0,0,1,TRUE
352,28,"F2",100,0.2,0.3,"trait1",0.9,0,0.1,FALSE
352,28,"F2",100,0.2,0.3,"trait2",0,0,1,TRUE
352,28,"F2",100,0.2,0.3,"trait3",0,0,1,TRUE
352,28,"F2",100,0.2,0.3,"trait4",0,0,1,TRUE
353,29,"F3",100,0.2,0.3,"cont1",0,0,1,TRUE
353,29,"F3",100,0.2,0.3,"binary_trait",0,0.6875,0.3125,FALSE
353,29,"F3",100,0.2,0.3,"cat_trait=A",0,1,0,FALSE
353,29,"F3",100,0.2,0.3,"cat_trait=B",0,1,0,FALSE
353,29,"F3",100,0.2,0.3,"cat_trait=C",0,1,0,FALSE
353,29,"F3",100,0.2,0.3,"count_trait",0,0,1,TRUE
354,30,"F1",300,0.2,0.3,"trait1",0,1,0,FALSE
354,30,"F1",300,0.2,0.3,"trait2",0,1,0,FALSE
354,30,"F1",300,0.2,0.3,"trait3",0,1,0,FALSE
354,30,"F1",300,0.2,0.3,"trait4",0,0,1,TRUE
355,31,"F2",300,0.2,0.3,"trait1",0,0,1,TRUE
355,31,"F2",300,0.2,0.3,"trait2",0.6,0.4,0,FALSE
355,31,"F2",300,0.2,0.3,"trait3",0,1,0,FALSE
355,31,"F2",300,0.2,0.3,"trait4",1,0,0,FALSE
356,32,"F3",300,0.2,0.3,"cont1",0,0,1,TRUE
356,32,"F3",300,0.2,0.3,"binary_trait",0,0,1,TRUE
356,32,"F3",300,0.2,0.3,"cat_trait=A",0,1,0,FALSE
356,32,"F3",300,0.2,0.3,"cat_trait=B",0,1,0,FALSE
356,32,"F3",300,0.2,0.3,"cat_trait=C",0,1,0,FALSE
356,32,"F3",300,0.2,0.3,"count_trait",0,0,1,TRUE
357,33,"F1",1000,0.2,0.3,"trait1",0,0.6,0.4,FALSE
357,33,"F1",1000,0.2,0.3,"trait2",0,1,0,FALSE
357,33,"F1",1000,0.2,0.3,"trait3",0,1,0,FALSE
357,33,"F1",1000,0.2,0.3,"trait4",0.6,0.4,0,FALSE
358,34,"F2",1000,0.2,0.3,"trait1",0,0.65,0.35,FALSE
358,34,"F2",1000,0.2,0.3,"trait2",0.75,0.25,0,FALSE
358,34,"F2",1000,0.2,0.3,"trait3",0.6,0,0.4,FALSE
358,34,"F2",1000,0.2,0.3,"trait4",1,0,0,FALSE
359,35,"F3",1000,0.2,0.3,"cont1",0,1,0,FALSE
359,35,"F3",1000,0.2,0.3,"binary_trait",0,0,1,TRUE
359,35,"F3",1000,0.2,0.3,"cat_trait=A",0,0,1,TRUE
359,35,"F3",1000,0.2,0.3,"cat_trait=B",0,0,1,TRUE
359,35,"F3",1000,0.2,0.3,"cat_trait=C",0,0,1,TRUE
359,35,"F3",1000,0.2,0.3,"count_trait",0,0,1,TRUE
360,36,"F1",100,0.5,0.3,"trait1",0.777777777777778,0,0.222222222222222,FALSE
360,36,"F1",100,0.5,0.3,"trait2",0.428571428571429,0,0.571428571428572,FALSE
360,36,"F1",100,0.5,0.3,"trait3",0,1,0,FALSE
360,36,"F1",100,0.5,0.3,"trait4",0,0,1,TRUE
361,37,"F2",100,0.5,0.3,"trait1",0,1,0,FALSE
361,37,"F2",100,0.5,0.3,"trait2",0,1,0,FALSE
361,37,"F2",100,0.5,0.3,"trait3",1,0,0,FALSE
361,37,"F2",100,0.5,0.3,"trait4",1,0,0,FALSE
362,38,"F3",100,0.5,0.3,"cont1",0,0,1,TRUE
362,38,"F3",100,0.5,0.3,"binary_trait",0,1,0,FALSE
362,38,"F3",100,0.5,0.3,"cat_trait=A",0,0,1,TRUE
362,38,"F3",100,0.5,0.3,"cat_trait=B",0,0,1,TRUE
362,38,"F3",100,0.5,0.3,"cat_trait=C",0,0,1,TRUE
362,38,"F3",100,0.5,0.3,"count_trait",0,0,1,TRUE
363,39,"F1",300,0.5,0.3,"trait1",1,0,0,FALSE
363,39,"F1",300,0.5,0.3,"trait2",1,0,0,FALSE
363,39,"F1",300,0.5,0.3,"trait3",0,1,0,FALSE
363,39,"F1",300,0.5,0.3,"trait4",0,1,0,FALSE
364,40,"F2",300,0.5,0.3,"trait1",0,1,0,FALSE
364,40,"F2",300,0.5,0.3,"trait2",0.9375,0,0.0625,FALSE
364,40,"F2",300,0.5,0.3,"trait3",0,1,0,FALSE
364,40,"F2",300,0.5,0.3,"trait4",1,0,0,FALSE
365,41,"F3",300,0.5,0.3,"cont1",0,1,0,FALSE
365,41,"F3",300,0.5,0.3,"binary_trait",0,1,0,FALSE
365,41,"F3",300,0.5,0.3,"cat_trait=A",0,1,0,FALSE
365,41,"F3",300,0.5,0.3,"cat_trait=B",0,1,0,FALSE
365,41,"F3",300,0.5,0.3,"cat_trait=C",0,1,0,FALSE
365,41,"F3",300,0.5,0.3,"count_trait",0,0.8,0.2,FALSE
366,42,"F1",1000,0.5,0.3,"trait1",0,1,0,FALSE
366,42,"F1",1000,0.5,0.3,"trait2",0,1,0,FALSE
366,42,"F1",1000,0.5,0.3,"trait3",0.0526315789473684,0.947368421052632,0,FALSE
366,42,"F1",1000,0.5,0.3,"trait4",0,1,0,FALSE
367,43,"F2",1000,0.5,0.3,"trait1",0,1,0,FALSE
367,43,"F2",1000,0.5,0.3,"trait2",1,0,0,FALSE
367,43,"F2",1000,0.5,0.3,"trait3",0.4,0.6,0,FALSE
367,43,"F2",1000,0.5,0.3,"trait4",1,0,0,FALSE
368,44,"F3",1000,0.5,0.3,"cont1",0.65,0.35,0,FALSE
368,44,"F3",1000,0.5,0.3,"binary_trait",0,1,0,FALSE
368,44,"F3",1000,0.5,0.3,"cat_trait=A",0,0.277777777777778,0.722222222222222,FALSE
368,44,"F3",1000,0.5,0.3,"cat_trait=B",0,0.277777777777778,0.722222222222222,FALSE
368,44,"F3",1000,0.5,0.3,"cat_trait=C",0,0.277777777777778,0.722222222222222,FALSE
368,44,"F3",1000,0.5,0.3,"count_trait",0,1,0,FALSE
369,45,"F1",100,1,0.3,"trait1",0.7,0.3,0,FALSE
369,45,"F1",100,1,0.3,"trait2",1,0,0,FALSE
369,45,"F1",100,1,0.3,"trait3",0,1,0,FALSE
369,45,"F1",100,1,0.3,"trait4",0,1,0,FALSE
370,46,"F2",100,1,0.3,"trait1",0,0.9,0.1,FALSE
370,46,"F2",100,1,0.3,"trait2",0.95,0.05,0,FALSE
370,46,"F2",100,1,0.3,"trait3",0,0,1,TRUE
370,46,"F2",100,1,0.3,"trait4",0.526315789473684,0,0.473684210526316,FALSE
371,47,"F3",100,1,0.3,"cont1",0.85,0,0.15,FALSE
371,47,"F3",100,1,0.3,"binary_trait",0,1,0,FALSE
371,47,"F3",100,1,0.3,"cat_trait=A",0,0,1,TRUE
371,47,"F3",100,1,0.3,"cat_trait=B",0,0,1,TRUE
371,47,"F3",100,1,0.3,"cat_trait=C",0,0,1,TRUE
371,47,"F3",100,1,0.3,"count_trait",0,0,1,TRUE
372,48,"F1",300,1,0.3,"trait1",1,0,0,FALSE
372,48,"F1",300,1,0.3,"trait2",0,1,0,FALSE
372,48,"F1",300,1,0.3,"trait3",0,1,0,FALSE
372,48,"F1",300,1,0.3,"trait4",0,0.95,0.05,FALSE
373,49,"F2",300,1,0.3,"trait1",0,0.95,0.05,FALSE
373,49,"F2",300,1,0.3,"trait2",0,1,0,FALSE
373,49,"F2",300,1,0.3,"trait3",0,1,0,FALSE
373,49,"F2",300,1,0.3,"trait4",0,1,0,FALSE
374,50,"F3",300,1,0.3,"cont1",0.85,0.15,0,FALSE
374,50,"F3",300,1,0.3,"binary_trait",0,1,0,FALSE
374,50,"F3",300,1,0.3,"cat_trait=A",0,0,1,TRUE
374,50,"F3",300,1,0.3,"cat_trait=B",0,0,1,TRUE
374,50,"F3",300,1,0.3,"cat_trait=C",0,0,1,TRUE
374,50,"F3",300,1,0.3,"count_trait",0,1,0,FALSE
375,51,"F1",1000,1,0.3,"trait1",0,1,0,FALSE
375,51,"F1",1000,1,0.3,"trait2",0,1,0,FALSE
375,51,"F1",1000,1,0.3,"trait3",0,1,0,FALSE
375,51,"F1",1000,1,0.3,"trait4",0,1,0,FALSE
376,52,"F2",1000,1,0.3,"trait1",1,0,0,FALSE
376,52,"F2",1000,1,0.3,"trait2",0,1,0,FALSE
376,52,"F2",1000,1,0.3,"trait3",0,0.75,0.25,FALSE
376,52,"F2",1000,1,0.3,"trait4",0,1,0,FALSE
377,53,"F3",1000,1,0.3,"cont1",0,1,0,FALSE
377,53,"F3",1000,1,0.3,"binary_trait",0,1,0,FALSE
377,53,"F3",1000,1,0.3,"cat_trait=A",0,1,0,FALSE
377,53,"F3",1000,1,0.3,"cat_trait=B",0,1,0,FALSE
377,53,"F3",1000,1,0.3,"cat_trait=C",0,1,0,FALSE
377,53,"F3",1000,1,0.3,"count_trait",0,1,0,FALSE
378,54,"F1",100,0.2,0.5,"trait1",0,0,1,TRUE
378,54,"F1",100,0.2,0.5,"trait2",0,1,0,FALSE
378,54,"F1",100,0.2,0.5,"trait3",0.4,0.6,0,FALSE
378,54,"F1",100,0.2,0.5,"trait4",0,0,1,TRUE
379,55,"F2",100,0.2,0.5,"trait1",1,0,0,FALSE
379,55,"F2",100,0.2,0.5,"trait2",1,0,0,FALSE
379,55,"F2",100,0.2,0.5,"trait3",0,0,1,TRUE
379,55,"F2",100,0.2,0.5,"trait4",0,1,0,FALSE
380,56,"F3",100,0.2,0.5,"cont1",0,1,0,FALSE
380,56,"F3",100,0.2,0.5,"binary_trait",0,0,1,TRUE
380,56,"F3",100,0.2,0.5,"cat_trait=A",0,1,0,FALSE
380,56,"F3",100,0.2,0.5,"cat_trait=B",0,1,0,FALSE
380,56,"F3",100,0.2,0.5,"cat_trait=C",0,1,0,FALSE
380,56,"F3",100,0.2,0.5,"count_trait",0.8,0.2,0,FALSE
381,57,"F1",300,0.2,0.5,"trait1",0,0,1,TRUE
381,57,"F1",300,0.2,0.5,"trait2",0,1,0,FALSE
381,57,"F1",300,0.2,0.5,"trait3",0,1,0,FALSE
381,57,"F1",300,0.2,0.5,"trait4",0,0,1,TRUE
382,58,"F2",300,0.2,0.5,"trait1",0,0,1,TRUE
382,58,"F2",300,0.2,0.5,"trait2",0,0,1,TRUE
382,58,"F2",300,0.2,0.5,"trait3",0,0,1,TRUE
382,58,"F2",300,0.2,0.5,"trait4",0,0,1,TRUE
383,59,"F3",300,0.2,0.5,"cont1",0,1,0,FALSE
383,59,"F3",300,0.2,0.5,"binary_trait",0,1,0,FALSE
383,59,"F3",300,0.2,0.5,"cat_trait=A",0,0,1,TRUE
383,59,"F3",300,0.2,0.5,"cat_trait=B",0,0,1,TRUE
383,59,"F3",300,0.2,0.5,"cat_trait=C",0,0,1,TRUE
383,59,"F3",300,0.2,0.5,"count_trait",0,0,1,TRUE
384,60,"F1",1000,0.2,0.5,"trait1",0,1,0,FALSE
384,60,"F1",1000,0.2,0.5,"trait2",0,0,1,TRUE
384,60,"F1",1000,0.2,0.5,"trait3",0,1,0,FALSE
384,60,"F1",1000,0.2,0.5,"trait4",0,1,0,FALSE
385,61,"F2",1000,0.2,0.5,"trait1",0,0.75,0.25,FALSE
385,61,"F2",1000,0.2,0.5,"trait2",0,0,1,TRUE
385,61,"F2",1000,0.2,0.5,"trait3",0,0,1,TRUE
385,61,"F2",1000,0.2,0.5,"trait4",0.35,0.65,0,FALSE
386,62,"F3",1000,0.2,0.5,"cont1",1,0,0,FALSE
386,62,"F3",1000,0.2,0.5,"binary_trait",0,1,0,FALSE
386,62,"F3",1000,0.2,0.5,"cat_trait=A",0,1,0,FALSE
386,62,"F3",1000,0.2,0.5,"cat_trait=B",0,1,0,FALSE
386,62,"F3",1000,0.2,0.5,"cat_trait=C",0,1,0,FALSE
386,62,"F3",1000,0.2,0.5,"count_trait",1,0,0,FALSE
387,63,"F1",100,0.5,0.5,"trait1",0,0,1,TRUE
387,63,"F1",100,0.5,0.5,"trait2",1,0,0,FALSE
387,63,"F1",100,0.5,0.5,"trait3",0,1,0,FALSE
387,63,"F1",100,0.5,0.5,"trait4",0,1,0,FALSE
388,64,"F2",100,0.5,0.5,"trait1",0,0,1,TRUE
388,64,"F2",100,0.5,0.5,"trait2",0,0,1,TRUE
388,64,"F2",100,0.5,0.5,"trait3",0,0,1,TRUE
388,64,"F2",100,0.5,0.5,"trait4",0,0,1,TRUE
389,65,"F3",100,0.5,0.5,"cont1",1,0,0,FALSE
389,65,"F3",100,0.5,0.5,"binary_trait",0,0,1,TRUE
389,65,"F3",100,0.5,0.5,"cat_trait=A",0,0,1,TRUE
389,65,"F3",100,0.5,0.5,"cat_trait=B",0,0,1,TRUE
389,65,"F3",100,0.5,0.5,"cat_trait=C",0,0,1,TRUE
389,65,"F3",100,0.5,0.5,"count_trait",0.5,0.5,0,FALSE
390,66,"F1",300,0.5,0.5,"trait1",0,1,0,FALSE
390,66,"F1",300,0.5,0.5,"trait2",0,1,0,FALSE
390,66,"F1",300,0.5,0.5,"trait3",0,1,0,FALSE
390,66,"F1",300,0.5,0.5,"trait4",0.8,0.2,0,FALSE
391,67,"F2",300,0.5,0.5,"trait1",0,1,0,FALSE
391,67,"F2",300,0.5,0.5,"trait2",0,1,0,FALSE
391,67,"F2",300,0.5,0.5,"trait3",0,0,1,TRUE
391,67,"F2",300,0.5,0.5,"trait4",1,0,0,FALSE
392,68,"F3",300,0.5,0.5,"cont1",0.95,0,0.05,FALSE
392,68,"F3",300,0.5,0.5,"binary_trait",0,0,1,TRUE
392,68,"F3",300,0.5,0.5,"cat_trait=A",0,1,0,FALSE
392,68,"F3",300,0.5,0.5,"cat_trait=B",0,1,0,FALSE
392,68,"F3",300,0.5,0.5,"cat_trait=C",0,1,0,FALSE
392,68,"F3",300,0.5,0.5,"count_trait",0,1,0,FALSE
393,69,"F1",1000,0.5,0.5,"trait1",0,1,0,FALSE
393,69,"F1",1000,0.5,0.5,"trait2",0,1,0,FALSE
393,69,"F1",1000,0.5,0.5,"trait3",0,1,0,FALSE
393,69,"F1",1000,0.5,0.5,"trait4",0,0.6,0.4,FALSE
394,70,"F2",1000,0.5,0.5,"trait1",0,1,0,FALSE
394,70,"F2",1000,0.5,0.5,"trait2",1,0,0,FALSE
394,70,"F2",1000,0.5,0.5,"trait3",0.142857142857143,0.857142857142857,0,FALSE
394,70,"F2",1000,0.5,0.5,"trait4",0,1,0,FALSE
395,71,"F3",1000,0.5,0.5,"cont1",0,1,0,FALSE
395,71,"F3",1000,0.5,0.5,"binary_trait",0,1,0,FALSE
395,71,"F3",1000,0.5,0.5,"cat_trait=A",0,0.35,0.65,FALSE
395,71,"F3",1000,0.5,0.5,"cat_trait=B",0,0.35,0.65,FALSE
395,71,"F3",1000,0.5,0.5,"cat_trait=C",0,0.35,0.65,FALSE
395,71,"F3",1000,0.5,0.5,"count_trait",0,1,0,FALSE
396,72,"F1",100,1,0.5,"trait1",1,0,0,FALSE
396,72,"F1",100,1,0.5,"trait2",0,0.75,0.25,FALSE
396,72,"F1",100,1,0.5,"trait3",1,0,0,FALSE
396,72,"F1",100,1,0.5,"trait4",0.35,0.4,0.25,FALSE
397,73,"F2",100,1,0.5,"trait1",0,1,0,FALSE
397,73,"F2",100,1,0.5,"trait2",1,0,0,FALSE
397,73,"F2",100,1,0.5,"trait3",0.647058823529412,0,0.352941176470588,FALSE
397,73,"F2",100,1,0.5,"trait4",0,1,0,FALSE
398,74,"F3",100,1,0.5,"cont1",0,1,0,FALSE
398,74,"F3",100,1,0.5,"binary_trait",0,1,0,FALSE
398,74,"F3",100,1,0.5,"cat_trait=A",0,0,1,TRUE
398,74,"F3",100,1,0.5,"cat_trait=B",0,0,1,TRUE
398,74,"F3",100,1,0.5,"cat_trait=C",0,0,1,TRUE
398,74,"F3",100,1,0.5,"count_trait",0,1,0,FALSE
399,75,"F1",300,1,0.5,"trait1",0,1,0,FALSE
399,75,"F1",300,1,0.5,"trait2",0,1,0,FALSE
399,75,"F1",300,1,0.5,"trait3",0.25,0.5625,0.1875,FALSE
399,75,"F1",300,1,0.5,"trait4",0,1,0,FALSE
400,76,"F2",300,1,0.5,"trait1",0.05,0.65,0.3,FALSE
400,76,"F2",300,1,0.5,"trait2",0.7,0.3,0,FALSE
400,76,"F2",300,1,0.5,"trait3",0,0.8,0.2,FALSE
400,76,"F2",300,1,0.5,"trait4",0.777777777777778,0,0.222222222222222,FALSE
401,77,"F3",300,1,0.5,"cont1",0,1,0,FALSE
401,77,"F3",300,1,0.5,"binary_trait",0,1,0,FALSE
401,77,"F3",300,1,0.5,"cat_trait=A",0,0,1,TRUE
401,77,"F3",300,1,0.5,"cat_trait=B",0,0,1,TRUE
401,77,"F3",300,1,0.5,"cat_trait=C",0,0,1,TRUE
401,77,"F3",300,1,0.5,"count_trait",0.470588235294118,0.352941176470588,0.176470588235294,FALSE
402,78,"F1",1000,1,0.5,"trait1",0,1,0,FALSE
402,78,"F1",1000,1,0.5,"trait2",0,1,0,FALSE
402,78,"F1",1000,1,0.5,"trait3",0,1,0,FALSE
402,78,"F1",1000,1,0.5,"trait4",0,1,0,FALSE
403,79,"F2",1000,1,0.5,"trait1",0,1,0,FALSE
403,79,"F2",1000,1,0.5,"trait2",1,0,0,FALSE
403,79,"F2",1000,1,0.5,"trait3",0,0.8,0.2,FALSE
403,79,"F2",1000,1,0.5,"trait4",0,1,0,FALSE
404,80,"F3",1000,1,0.5,"cont1",0,1,0,FALSE
404,80,"F3",1000,1,0.5,"binary_trait",0,1,0,FALSE
404,80,"F3",1000,1,0.5,"cat_trait=A",0,1,0,FALSE
404,80,"F3",1000,1,0.5,"cat_trait=B",0,1,0,FALSE
404,80,"F3",1000,1,0.5,"cat_trait=C",0,1,0,FALSE
404,80,"F3",1000,1,0.5,"count_trait",0.111111111111111,0.888888888888889,0,FALSE
405,0,"F1",100,0.2,0.1,"trait1",0,1,0,FALSE
405,0,"F1",100,0.2,0.1,"trait2",1,0,0,FALSE
405,0,"F1",100,0.2,0.1,"trait3",0,1,0,FALSE
405,0,"F1",100,0.2,0.1,"trait4",0,0,1,TRUE
406,1,"F2",100,0.2,0.1,"trait1",0,1,0,FALSE
406,1,"F2",100,0.2,0.1,"trait2",1,0,0,FALSE
406,1,"F2",100,0.2,0.1,"trait3",0,0,1,TRUE
406,1,"F2",100,0.2,0.1,"trait4",1,0,0,FALSE
407,2,"F3",100,0.2,0.1,"cont1",1,0,0,FALSE
407,2,"F3",100,0.2,0.1,"binary_trait",0,0,1,TRUE
407,2,"F3",100,0.2,0.1,"cat_trait=A",0,0,1,TRUE
407,2,"F3",100,0.2,0.1,"cat_trait=B",0,0,1,TRUE
407,2,"F3",100,0.2,0.1,"cat_trait=C",0,0,1,TRUE
407,2,"F3",100,0.2,0.1,"count_trait",1,0,0,FALSE
408,3,"F1",300,0.2,0.1,"trait1",1,0,0,FALSE
408,3,"F1",300,0.2,0.1,"trait2",0.333333333333333,0.666666666666667,0,FALSE
408,3,"F1",300,0.2,0.1,"trait3",1,0,0,FALSE
408,3,"F1",300,0.2,0.1,"trait4",0.888888888888889,0.111111111111111,0,FALSE
409,4,"F2",300,0.2,0.1,"trait1",1,0,0,FALSE
409,4,"F2",300,0.2,0.1,"trait2",1,0,0,FALSE
409,4,"F2",300,0.2,0.1,"trait3",0,0,1,TRUE
409,4,"F2",300,0.2,0.1,"trait4",1,0,0,FALSE
410,5,"F3",300,0.2,0.1,"cont1",1,0,0,FALSE
410,5,"F3",300,0.2,0.1,"binary_trait",0,1,0,FALSE
410,5,"F3",300,0.2,0.1,"cat_trait=A",0,1,0,FALSE
410,5,"F3",300,0.2,0.1,"cat_trait=B",0,1,0,FALSE
410,5,"F3",300,0.2,0.1,"cat_trait=C",0,1,0,FALSE
410,5,"F3",300,0.2,0.1,"count_trait",0,0,1,TRUE
411,6,"F1",1000,0.2,0.1,"trait1",0,1,0,FALSE
411,6,"F1",1000,0.2,0.1,"trait2",0,1,0,FALSE
411,6,"F1",1000,0.2,0.1,"trait3",0,0,1,TRUE
411,6,"F1",1000,0.2,0.1,"trait4",0.55,0.45,0,FALSE
412,7,"F2",1000,0.2,0.1,"trait1",0.7,0.3,0,FALSE
412,7,"F2",1000,0.2,0.1,"trait2",1,0,0,FALSE
412,7,"F2",1000,0.2,0.1,"trait3",0,0,1,TRUE
412,7,"F2",1000,0.2,0.1,"trait4",1,0,0,FALSE
413,8,"F3",1000,0.2,0.1,"cont1",0,1,0,FALSE
413,8,"F3",1000,0.2,0.1,"binary_trait",0.388888888888889,0,0.611111111111111,FALSE
413,8,"F3",1000,0.2,0.1,"cat_trait=A",0,1,0,FALSE
413,8,"F3",1000,0.2,0.1,"cat_trait=B",0,1,0,FALSE
413,8,"F3",1000,0.2,0.1,"cat_trait=C",0,1,0,FALSE
413,8,"F3",1000,0.2,0.1,"count_trait",0,1,0,FALSE
414,9,"F1",100,0.5,0.1,"trait1",0,0,1,TRUE
414,9,"F1",100,0.5,0.1,"trait2",0,1,0,FALSE
414,9,"F1",100,0.5,0.1,"trait3",0,1,0,FALSE
414,9,"F1",100,0.5,0.1,"trait4",0,0,1,TRUE
415,10,"F2",100,0.5,0.1,"trait1",1,0,0,FALSE
415,10,"F2",100,0.5,0.1,"trait2",0,1,0,FALSE
415,10,"F2",100,0.5,0.1,"trait3",0,0,1,TRUE
415,10,"F2",100,0.5,0.1,"trait4",0.7,0,0.3,FALSE
416,11,"F3",100,0.5,0.1,"cont1",1,0,0,FALSE
416,11,"F3",100,0.5,0.1,"binary_trait",0,1,0,FALSE
416,11,"F3",100,0.5,0.1,"cat_trait=A",0,1,0,FALSE
416,11,"F3",100,0.5,0.1,"cat_trait=B",0,1,0,FALSE
416,11,"F3",100,0.5,0.1,"cat_trait=C",0,1,0,FALSE
416,11,"F3",100,0.5,0.1,"count_trait",0,1,0,FALSE
417,12,"F1",300,0.5,0.1,"trait1",0,1,0,FALSE
417,12,"F1",300,0.5,0.1,"trait2",0,1,0,FALSE
417,12,"F1",300,0.5,0.1,"trait3",0,1,0,FALSE
417,12,"F1",300,0.5,0.1,"trait4",0,1,0,FALSE
418,13,"F2",300,0.5,0.1,"trait1",1,0,0,FALSE
418,13,"F2",300,0.5,0.1,"trait2",0.928571428571428,0.0714285714285714,0,FALSE
418,13,"F2",300,0.5,0.1,"trait3",0,0.95,0.05,FALSE
418,13,"F2",300,0.5,0.1,"trait4",1,0,0,FALSE
419,14,"F3",300,0.5,0.1,"cont1",0,1,0,FALSE
419,14,"F3",300,0.5,0.1,"binary_trait",0,1,0,FALSE
419,14,"F3",300,0.5,0.1,"cat_trait=A",0,1,0,FALSE
419,14,"F3",300,0.5,0.1,"cat_trait=B",0,1,0,FALSE
419,14,"F3",300,0.5,0.1,"cat_trait=C",0,1,0,FALSE
419,14,"F3",300,0.5,0.1,"count_trait",1,0,0,FALSE
420,15,"F1",1000,0.5,0.1,"trait1",1,0,0,FALSE
420,15,"F1",1000,0.5,0.1,"trait2",0.944444444444444,0,0.0555555555555556,FALSE
420,15,"F1",1000,0.5,0.1,"trait3",0,1,0,FALSE
420,15,"F1",1000,0.5,0.1,"trait4",0,1,0,FALSE
421,16,"F2",1000,0.5,0.1,"trait1",0,1,0,FALSE
421,16,"F2",1000,0.5,0.1,"trait2",1,0,0,FALSE
421,16,"F2",1000,0.5,0.1,"trait3",0,1,0,FALSE
421,16,"F2",1000,0.5,0.1,"trait4",0.8,0.2,0,FALSE
422,17,"F3",1000,0.5,0.1,"cont1",0,1,0,FALSE
422,17,"F3",1000,0.5,0.1,"binary_trait",0,1,0,FALSE
422,17,"F3",1000,0.5,0.1,"cat_trait=A",0,0,1,TRUE
422,17,"F3",1000,0.5,0.1,"cat_trait=B",0,0,1,TRUE
422,17,"F3",1000,0.5,0.1,"cat_trait=C",0,0,1,TRUE
422,17,"F3",1000,0.5,0.1,"count_trait",0,1,0,FALSE
423,18,"F1",100,1,0.1,"trait1",0,1,0,FALSE
423,18,"F1",100,1,0.1,"trait2",1,0,0,FALSE
423,18,"F1",100,1,0.1,"trait3",0,1,0,FALSE
423,18,"F1",100,1,0.1,"trait4",0,1,0,FALSE
424,19,"F2",100,1,0.1,"trait1",0,1,0,FALSE
424,19,"F2",100,1,0.1,"trait2",0.55,0.45,0,FALSE
424,19,"F2",100,1,0.1,"trait3",0,0.8,0.2,FALSE
424,19,"F2",100,1,0.1,"trait4",0,1,0,FALSE
425,20,"F3",100,1,0.1,"cont1",0,1,0,FALSE
425,20,"F3",100,1,0.1,"binary_trait",0,1,0,FALSE
425,20,"F3",100,1,0.1,"cat_trait=A",0,0,1,TRUE
425,20,"F3",100,1,0.1,"cat_trait=B",0,0,1,TRUE
425,20,"F3",100,1,0.1,"cat_trait=C",0,0,1,TRUE
425,20,"F3",100,1,0.1,"count_trait",0,0.8,0.2,FALSE
426,21,"F1",300,1,0.1,"trait1",0.25,0.75,0,FALSE
426,21,"F1",300,1,0.1,"trait2",0.9,0.1,0,FALSE
426,21,"F1",300,1,0.1,"trait3",0,1,0,FALSE
426,21,"F1",300,1,0.1,"trait4",0,1,0,FALSE
427,22,"F2",300,1,0.1,"trait1",1,0,0,FALSE
427,22,"F2",300,1,0.1,"trait2",1,0,0,FALSE
427,22,"F2",300,1,0.1,"trait3",0,0.35,0.65,FALSE
427,22,"F2",300,1,0.1,"trait4",0.75,0,0.25,FALSE
428,23,"F3",300,1,0.1,"cont1",0,1,0,FALSE
428,23,"F3",300,1,0.1,"binary_trait",0,1,0,FALSE
428,23,"F3",300,1,0.1,"cat_trait=A",0,0,1,TRUE
428,23,"F3",300,1,0.1,"cat_trait=B",0,0,1,TRUE
428,23,"F3",300,1,0.1,"cat_trait=C",0,0,1,TRUE
428,23,"F3",300,1,0.1,"count_trait",0,1,0,FALSE
429,24,"F1",1000,1,0.1,"trait1",0.65,0.35,0,FALSE
429,24,"F1",1000,1,0.1,"trait2",0,1,0,FALSE
429,24,"F1",1000,1,0.1,"trait3",0,1,0,FALSE
429,24,"F1",1000,1,0.1,"trait4",0,1,0,FALSE
430,25,"F2",1000,1,0.1,"trait1",0,0.95,0.05,FALSE
430,25,"F2",1000,1,0.1,"trait2",1,0,0,FALSE
430,25,"F2",1000,1,0.1,"trait3",0,0.75,0.25,FALSE
430,25,"F2",1000,1,0.1,"trait4",0.8,0.2,0,FALSE
431,26,"F3",1000,1,0.1,"cont1",0,1,0,FALSE
431,26,"F3",1000,1,0.1,"binary_trait",0,1,0,FALSE
431,26,"F3",1000,1,0.1,"cat_trait=A",0,1,0,FALSE
431,26,"F3",1000,1,0.1,"cat_trait=B",0,1,0,FALSE
431,26,"F3",1000,1,0.1,"cat_trait=C",0,1,0,FALSE
431,26,"F3",1000,1,0.1,"count_trait",0.35,0.65,0,FALSE
432,27,"F1",100,0.2,0.3,"trait1",0,1,0,FALSE
432,27,"F1",100,0.2,0.3,"trait2",0,0,1,TRUE
432,27,"F1",100,0.2,0.3,"trait3",0,0,1,TRUE
432,27,"F1",100,0.2,0.3,"trait4",0,0,1,TRUE
433,28,"F2",100,0.2,0.3,"trait1",0,0,1,TRUE
433,28,"F2",100,0.2,0.3,"trait2",0,0,1,TRUE
433,28,"F2",100,0.2,0.3,"trait3",0,1,0,FALSE
433,28,"F2",100,0.2,0.3,"trait4",0,0,1,TRUE
434,29,"F3",100,0.2,0.3,"cont1",0,0,1,TRUE
434,29,"F3",100,0.2,0.3,"binary_trait",0,0,1,TRUE
434,29,"F3",100,0.2,0.3,"cat_trait=A",0,0,1,TRUE
434,29,"F3",100,0.2,0.3,"cat_trait=B",0,0,1,TRUE
434,29,"F3",100,0.2,0.3,"cat_trait=C",0,0,1,TRUE
434,29,"F3",100,0.2,0.3,"count_trait",0,0,1,TRUE
435,30,"F1",300,0.2,0.3,"trait1",1,0,0,FALSE
435,30,"F1",300,0.2,0.3,"trait2",0,1,0,FALSE
435,30,"F1",300,0.2,0.3,"trait3",0.4,0,0.6,FALSE
435,30,"F1",300,0.2,0.3,"trait4",0,1,0,FALSE
436,31,"F2",300,0.2,0.3,"trait1",0.65,0,0.35,FALSE
436,31,"F2",300,0.2,0.3,"trait2",1,0,0,FALSE
436,31,"F2",300,0.2,0.3,"trait3",0,0,1,TRUE
436,31,"F2",300,0.2,0.3,"trait4",0.8,0,0.2,FALSE
437,32,"F3",300,0.2,0.3,"cont1",1,0,0,FALSE
437,32,"F3",300,0.2,0.3,"binary_trait",0,0.421052631578947,0.578947368421053,FALSE
437,32,"F3",300,0.2,0.3,"cat_trait=A",0,0.578947368421053,0.421052631578947,FALSE
437,32,"F3",300,0.2,0.3,"cat_trait=B",0,0.578947368421053,0.421052631578947,FALSE
437,32,"F3",300,0.2,0.3,"cat_trait=C",0,0.578947368421053,0.421052631578947,FALSE
437,32,"F3",300,0.2,0.3,"count_trait",1,0,0,FALSE
438,33,"F1",1000,0.2,0.3,"trait1",0.85,0.15,0,FALSE
438,33,"F1",1000,0.2,0.3,"trait2",1,0,0,FALSE
438,33,"F1",1000,0.2,0.3,"trait3",0,1,0,FALSE
438,33,"F1",1000,0.2,0.3,"trait4",0,1,0,FALSE
439,34,"F2",1000,0.2,0.3,"trait1",0,1,0,FALSE
439,34,"F2",1000,0.2,0.3,"trait2",0.6,0.4,0,FALSE
439,34,"F2",1000,0.2,0.3,"trait3",0,1,0,FALSE
439,34,"F2",1000,0.2,0.3,"trait4",1,0,0,FALSE
440,35,"F3",1000,0.2,0.3,"cont1",0.55,0.45,0,FALSE
440,35,"F3",1000,0.2,0.3,"binary_trait",0,1,0,FALSE
440,35,"F3",1000,0.2,0.3,"cat_trait=A",0,0,1,TRUE
440,35,"F3",1000,0.2,0.3,"cat_trait=B",0,0,1,TRUE
440,35,"F3",1000,0.2,0.3,"cat_trait=C",0,0,1,TRUE
440,35,"F3",1000,0.2,0.3,"count_trait",0,1,0,FALSE
441,36,"F1",100,0.5,0.3,"trait1",0,1,0,FALSE
441,36,"F1",100,0.5,0.3,"trait2",0,0,1,TRUE
441,36,"F1",100,0.5,0.3,"trait3",0.611111111111111,0,0.388888888888889,FALSE
441,36,"F1",100,0.5,0.3,"trait4",0.9,0,0.1,FALSE
442,37,"F2",100,0.5,0.3,"trait1",1,0,0,FALSE
442,37,"F2",100,0.5,0.3,"trait2",1,0,0,FALSE
442,37,"F2",100,0.5,0.3,"trait3",0,1,0,FALSE
442,37,"F2",100,0.5,0.3,"trait4",0,1,0,FALSE
443,38,"F3",100,0.5,0.3,"cont1",0,1,0,FALSE
443,38,"F3",100,0.5,0.3,"binary_trait",0,1,0,FALSE
443,38,"F3",100,0.5,0.3,"cat_trait=A",0,1,0,FALSE
443,38,"F3",100,0.5,0.3,"cat_trait=B",0,1,0,FALSE
443,38,"F3",100,0.5,0.3,"cat_trait=C",0,1,0,FALSE
443,38,"F3",100,0.5,0.3,"count_trait",0,0,1,TRUE
444,39,"F1",300,0.5,0.3,"trait1",0,0,1,TRUE
444,39,"F1",300,0.5,0.3,"trait2",0,1,0,FALSE
444,39,"F1",300,0.5,0.3,"trait3",1,0,0,FALSE
444,39,"F1",300,0.5,0.3,"trait4",1,0,0,FALSE
445,40,"F2",300,0.5,0.3,"trait1",0,1,0,FALSE
445,40,"F2",300,0.5,0.3,"trait2",1,0,0,FALSE
445,40,"F2",300,0.5,0.3,"trait3",0,1,0,FALSE
445,40,"F2",300,0.5,0.3,"trait4",0,1,0,FALSE
446,41,"F3",300,0.5,0.3,"cont1",0,1,0,FALSE
446,41,"F3",300,0.5,0.3,"binary_trait",0,1,0,FALSE
446,41,"F3",300,0.5,0.3,"cat_trait=A",0,1,0,FALSE
446,41,"F3",300,0.5,0.3,"cat_trait=B",0,1,0,FALSE
446,41,"F3",300,0.5,0.3,"cat_trait=C",0,1,0,FALSE
446,41,"F3",300,0.5,0.3,"count_trait",0,1,0,FALSE
447,42,"F1",1000,0.5,0.3,"trait1",0,1,0,FALSE
447,42,"F1",1000,0.5,0.3,"trait2",0,1,0,FALSE
447,42,"F1",1000,0.5,0.3,"trait3",0,1,0,FALSE
447,42,"F1",1000,0.5,0.3,"trait4",0,1,0,FALSE
448,43,"F2",1000,0.5,0.3,"trait1",0.2,0.8,0,FALSE
448,43,"F2",1000,0.5,0.3,"trait2",0,1,0,FALSE
448,43,"F2",1000,0.5,0.3,"trait3",0,1,0,FALSE
448,43,"F2",1000,0.5,0.3,"trait4",1,0,0,FALSE
449,44,"F3",1000,0.5,0.3,"cont1",0,1,0,FALSE
449,44,"F3",1000,0.5,0.3,"binary_trait",0,1,0,FALSE
449,44,"F3",1000,0.5,0.3,"cat_trait=A",0,0.05,0.95,FALSE
449,44,"F3",1000,0.5,0.3,"cat_trait=B",0,0.05,0.95,FALSE
449,44,"F3",1000,0.5,0.3,"cat_trait=C",0,0.05,0.95,FALSE
449,44,"F3",1000,0.5,0.3,"count_trait",0,1,0,FALSE
450,45,"F1",100,1,0.3,"trait1",1,0,0,FALSE
450,45,"F1",100,1,0.3,"trait2",0.7,0.3,0,FALSE
450,45,"F1",100,1,0.3,"trait3",0.947368421052632,0,0.0526315789473684,FALSE
450,45,"F1",100,1,0.3,"trait4",0,1,0,FALSE
451,46,"F2",100,1,0.3,"trait1",0,0.8,0.2,FALSE
451,46,"F2",100,1,0.3,"trait2",0,1,0,FALSE
451,46,"F2",100,1,0.3,"trait3",0,1,0,FALSE
451,46,"F2",100,1,0.3,"trait4",0,1,0,FALSE
452,47,"F3",100,1,0.3,"cont1",0,0.947368421052632,0.0526315789473684,FALSE
452,47,"F3",100,1,0.3,"binary_trait",0,1,0,FALSE
452,47,"F3",100,1,0.3,"cat_trait=A",0,0.35,0.65,FALSE
452,47,"F3",100,1,0.3,"cat_trait=B",0,0.35,0.65,FALSE
452,47,"F3",100,1,0.3,"cat_trait=C",0,0.35,0.65,FALSE
452,47,"F3",100,1,0.3,"count_trait",0,1,0,FALSE
453,48,"F1",300,1,0.3,"trait1",0,1,0,FALSE
453,48,"F1",300,1,0.3,"trait2",0,1,0,FALSE
453,48,"F1",300,1,0.3,"trait3",0,1,0,FALSE
453,48,"F1",300,1,0.3,"trait4",0,0.95,0.05,FALSE
454,49,"F2",300,1,0.3,"trait1",1,0,0,FALSE
454,49,"F2",300,1,0.3,"trait2",0,1,0,FALSE
454,49,"F2",300,1,0.3,"trait3",0,0.6,0.4,FALSE
454,49,"F2",300,1,0.3,"trait4",0.9,0,0.1,FALSE
455,50,"F3",300,1,0.3,"cont1",0.85,0.1,0.05,FALSE
455,50,"F3",300,1,0.3,"binary_trait",0,1,0,FALSE
455,50,"F3",300,1,0.3,"cat_trait=A",0,1,0,FALSE
455,50,"F3",300,1,0.3,"cat_trait=B",0,1,0,FALSE
455,50,"F3",300,1,0.3,"cat_trait=C",0,1,0,FALSE
455,50,"F3",300,1,0.3,"count_trait",0.388888888888889,0.555555555555556,0.0555555555555556,FALSE
456,51,"F1",1000,1,0.3,"trait1",0.6,0.4,0,FALSE
456,51,"F1",1000,1,0.3,"trait2",0,1,0,FALSE
456,51,"F1",1000,1,0.3,"trait3",0.6,0.4,0,FALSE
456,51,"F1",1000,1,0.3,"trait4",0.4,0.6,0,FALSE
457,52,"F2",1000,1,0.3,"trait1",0,1,0,FALSE
457,52,"F2",1000,1,0.3,"trait2",0.85,0,0.15,FALSE
457,52,"F2",1000,1,0.3,"trait3",0,0.45,0.55,FALSE
457,52,"F2",1000,1,0.3,"trait4",0.8,0.2,0,FALSE
458,53,"F3",1000,1,0.3,"cont1",0,1,0,FALSE
458,53,"F3",1000,1,0.3,"binary_trait",0,1,0,FALSE
458,53,"F3",1000,1,0.3,"cat_trait=A",0,1,0,FALSE
458,53,"F3",1000,1,0.3,"cat_trait=B",0,1,0,FALSE
458,53,"F3",1000,1,0.3,"cat_trait=C",0,1,0,FALSE
458,53,"F3",1000,1,0.3,"count_trait",0,0.75,0.25,FALSE
459,54,"F1",100,0.2,0.5,"trait1",0.75,0.25,0,FALSE
459,54,"F1",100,0.2,0.5,"trait2",0,1,0,FALSE
459,54,"F1",100,0.2,0.5,"trait3",0,1,0,FALSE
459,54,"F1",100,0.2,0.5,"trait4",0,1,0,FALSE
460,55,"F2",100,0.2,0.5,"trait1",0,0,1,TRUE
460,55,"F2",100,0.2,0.5,"trait2",0,0,1,TRUE
460,55,"F2",100,0.2,0.5,"trait3",0,1,0,FALSE
460,55,"F2",100,0.2,0.5,"trait4",0,0,1,TRUE
461,56,"F3",100,0.2,0.5,"cont1",0,0,1,TRUE
461,56,"F3",100,0.2,0.5,"binary_trait",0,0,1,TRUE
461,56,"F3",100,0.2,0.5,"cat_trait=A",0,0,1,TRUE
461,56,"F3",100,0.2,0.5,"cat_trait=B",0,0,1,TRUE
461,56,"F3",100,0.2,0.5,"cat_trait=C",0,0,1,TRUE
461,56,"F3",100,0.2,0.5,"count_trait",0,0,1,TRUE
462,57,"F1",300,0.2,0.5,"trait1",0,1,0,FALSE
462,57,"F1",300,0.2,0.5,"trait2",1,0,0,FALSE
462,57,"F1",300,0.2,0.5,"trait3",0,1,0,FALSE
462,57,"F1",300,0.2,0.5,"trait4",0,1,0,FALSE
463,58,"F2",300,0.2,0.5,"trait1",0,1,0,FALSE
463,58,"F2",300,0.2,0.5,"trait2",0,0,1,TRUE
463,58,"F2",300,0.2,0.5,"trait3",0,0,1,TRUE
463,58,"F2",300,0.2,0.5,"trait4",0,0,1,TRUE
464,59,"F3",300,0.2,0.5,"cont1",0,1,0,FALSE
464,59,"F3",300,0.2,0.5,"binary_trait",0,0,1,TRUE
464,59,"F3",300,0.2,0.5,"cat_trait=A",0,0,1,TRUE
464,59,"F3",300,0.2,0.5,"cat_trait=B",0,0,1,TRUE
464,59,"F3",300,0.2,0.5,"cat_trait=C",0,0,1,TRUE
464,59,"F3",300,0.2,0.5,"count_trait",0,0,1,TRUE
465,60,"F1",1000,0.2,0.5,"trait1",0,1,0,FALSE
465,60,"F1",1000,0.2,0.5,"trait2",0,1,0,FALSE
465,60,"F1",1000,0.2,0.5,"trait3",0,1,0,FALSE
465,60,"F1",1000,0.2,0.5,"trait4",0,0.75,0.25,FALSE
466,61,"F2",1000,0.2,0.5,"trait1",1,0,0,FALSE
466,61,"F2",1000,0.2,0.5,"trait2",0,0.555555555555556,0.444444444444444,FALSE
466,61,"F2",1000,0.2,0.5,"trait3",0,1,0,FALSE
466,61,"F2",1000,0.2,0.5,"trait4",1,0,0,FALSE
467,62,"F3",1000,0.2,0.5,"cont1",0,1,0,FALSE
467,62,"F3",1000,0.2,0.5,"binary_trait",0,1,0,FALSE
467,62,"F3",1000,0.2,0.5,"cat_trait=A",0,1,0,FALSE
467,62,"F3",1000,0.2,0.5,"cat_trait=B",0,1,0,FALSE
467,62,"F3",1000,0.2,0.5,"cat_trait=C",0,1,0,FALSE
467,62,"F3",1000,0.2,0.5,"count_trait",0,1,0,FALSE
468,63,"F1",100,0.5,0.5,"trait1",0.947368421052632,0,0.0526315789473684,FALSE
468,63,"F1",100,0.5,0.5,"trait2",0,1,0,FALSE
468,63,"F1",100,0.5,0.5,"trait3",1,0,0,FALSE
468,63,"F1",100,0.5,0.5,"trait4",0,0,1,TRUE
469,64,"F2",100,0.5,0.5,"trait1",0,1,0,FALSE
469,64,"F2",100,0.5,0.5,"trait2",0,0.45,0.55,FALSE
469,64,"F2",100,0.5,0.5,"trait3",0,0,1,TRUE
469,64,"F2",100,0.5,0.5,"trait4",0,0,1,TRUE
470,65,"F3",100,0.5,0.5,"cont1",0,0,1,TRUE
470,65,"F3",100,0.5,0.5,"binary_trait",0,0,1,TRUE
470,65,"F3",100,0.5,0.5,"cat_trait=A",0,1,0,FALSE
470,65,"F3",100,0.5,0.5,"cat_trait=B",0,1,0,FALSE
470,65,"F3",100,0.5,0.5,"cat_trait=C",0,1,0,FALSE
470,65,"F3",100,0.5,0.5,"count_trait",0,1,0,FALSE
471,66,"F1",300,0.5,0.5,"trait1",0,1,0,FALSE
471,66,"F1",300,0.5,0.5,"trait2",0,1,0,FALSE
471,66,"F1",300,0.5,0.5,"trait3",0,1,0,FALSE
471,66,"F1",300,0.5,0.5,"trait4",0,1,0,FALSE
472,67,"F2",300,0.5,0.5,"trait1",0,0,1,TRUE
472,67,"F2",300,0.5,0.5,"trait2",1,0,0,FALSE
472,67,"F2",300,0.5,0.5,"trait3",0,0,1,TRUE
472,67,"F2",300,0.5,0.5,"trait4",1,0,0,FALSE
473,68,"F3",300,0.5,0.5,"cont1",0,1,0,FALSE
473,68,"F3",300,0.5,0.5,"binary_trait",0,0,1,TRUE
473,68,"F3",300,0.5,0.5,"cat_trait=A",0,0,1,TRUE
473,68,"F3",300,0.5,0.5,"cat_trait=B",0,0,1,TRUE
473,68,"F3",300,0.5,0.5,"cat_trait=C",0,0,1,TRUE
473,68,"F3",300,0.5,0.5,"count_trait",0,1,0,FALSE
474,69,"F1",1000,0.5,0.5,"trait1",0,1,0,FALSE
474,69,"F1",1000,0.5,0.5,"trait2",0,1,0,FALSE
474,69,"F1",1000,0.5,0.5,"trait3",0,1,0,FALSE
474,69,"F1",1000,0.5,0.5,"trait4",0,1,0,FALSE
475,70,"F2",1000,0.5,0.5,"trait1",0,1,0,FALSE
475,70,"F2",1000,0.5,0.5,"trait2",1,0,0,FALSE
475,70,"F2",1000,0.5,0.5,"trait3",0,1,0,FALSE
475,70,"F2",1000,0.5,0.5,"trait4",0.95,0.05,0,FALSE
476,71,"F3",1000,0.5,0.5,"cont1",0.4,0.6,0,FALSE
476,71,"F3",1000,0.5,0.5,"binary_trait",0,0,1,TRUE
476,71,"F3",1000,0.5,0.5,"cat_trait=A",0,1,0,FALSE
476,71,"F3",1000,0.5,0.5,"cat_trait=B",0,1,0,FALSE
476,71,"F3",1000,0.5,0.5,"cat_trait=C",0,1,0,FALSE
476,71,"F3",1000,0.5,0.5,"count_trait",0,1,0,FALSE
477,72,"F1",100,1,0.5,"trait1",1,0,0,FALSE
477,72,"F1",100,1,0.5,"trait2",0.75,0.25,0,FALSE
477,72,"F1",100,1,0.5,"trait3",0.2,0.8,0,FALSE
477,72,"F1",100,1,0.5,"trait4",0,0,1,TRUE
478,73,"F2",100,1,0.5,"trait1",1,0,0,FALSE
478,73,"F2",100,1,0.5,"trait2",0,1,0,FALSE
478,73,"F2",100,1,0.5,"trait3",0,0,1,TRUE
478,73,"F2",100,1,0.5,"trait4",0.222222222222222,0,0.777777777777778,FALSE
479,74,"F3",100,1,0.5,"cont1",0,0.8,0.2,FALSE
479,74,"F3",100,1,0.5,"binary_trait",0,1,0,FALSE
479,74,"F3",100,1,0.5,"cat_trait=A",0,1,0,FALSE
479,74,"F3",100,1,0.5,"cat_trait=B",0,1,0,FALSE
479,74,"F3",100,1,0.5,"cat_trait=C",0,1,0,FALSE
479,74,"F3",100,1,0.5,"count_trait",0,1,0,FALSE
480,75,"F1",300,1,0.5,"trait1",0,1,0,FALSE
480,75,"F1",300,1,0.5,"trait2",0.95,0,0.05,FALSE
480,75,"F1",300,1,0.5,"trait3",0,1,0,FALSE
480,75,"F1",300,1,0.5,"trait4",0.888888888888889,0.0555555555555556,0.0555555555555556,FALSE
481,76,"F2",300,1,0.5,"trait1",0,1,0,FALSE
481,76,"F2",300,1,0.5,"trait2",0,1,0,FALSE
481,76,"F2",300,1,0.5,"trait3",0,0.764705882352941,0.235294117647059,FALSE
481,76,"F2",300,1,0.5,"trait4",0.928571428571428,0,0.0714285714285714,FALSE
482,77,"F3",300,1,0.5,"cont1",1,0,0,FALSE
482,77,"F3",300,1,0.5,"binary_trait",0,1,0,FALSE
482,77,"F3",300,1,0.5,"cat_trait=A",0,1,0,FALSE
482,77,"F3",300,1,0.5,"cat_trait=B",0,1,0,FALSE
482,77,"F3",300,1,0.5,"cat_trait=C",0,1,0,FALSE
482,77,"F3",300,1,0.5,"count_trait",0,1,0,FALSE
483,78,"F1",1000,1,0.5,"trait1",0,1,0,FALSE
483,78,"F1",1000,1,0.5,"trait2",0,1,0,FALSE
483,78,"F1",1000,1,0.5,"trait3",0,1,0,FALSE
483,78,"F1",1000,1,0.5,"trait4",0,1,0,FALSE
484,79,"F2",1000,1,0.5,"trait1",1,0,0,FALSE
484,79,"F2",1000,1,0.5,"trait2",1,0,0,FALSE
484,79,"F2",1000,1,0.5,"trait3",0,0.7,0.3,FALSE
484,79,"F2",1000,1,0.5,"trait4",0.8,0,0.2,FALSE
485,80,"F3",1000,1,0.5,"cont1",0,1,0,FALSE
485,80,"F3",1000,1,0.5,"binary_trait",0.25,0,0.75,FALSE
485,80,"F3",1000,1,0.5,"cat_trait=A",0,0.6,0.4,FALSE
485,80,"F3",1000,1,0.5,"cat_trait=B",0,0.6,0.4,FALSE
485,80,"F3",1000,1,0.5,"cat_trait=C",0,0.6,0.4,FALSE
485,80,"F3",1000,1,0.5,"count_trait",0,1,0,FALSE
486,0,"F1",100,0.2,0.1,"trait1",0.9,0.1,0,FALSE
486,0,"F1",100,0.2,0.1,"trait2",0,1,0,FALSE
486,0,"F1",100,0.2,0.1,"trait3",0,0,1,TRUE
486,0,"F1",100,0.2,0.1,"trait4",0,0,1,TRUE
487,1,"F2",100,0.2,0.1,"trait1",1,0,0,FALSE
487,1,"F2",100,0.2,0.1,"trait2",1,0,0,FALSE
487,1,"F2",100,0.2,0.1,"trait3",0,1,0,FALSE
487,1,"F2",100,0.2,0.1,"trait4",0,0,1,TRUE
488,2,"F3",100,0.2,0.1,"cont1",0,0,1,TRUE
488,2,"F3",100,0.2,0.1,"binary_trait",0,0,1,TRUE
488,2,"F3",100,0.2,0.1,"cat_trait=A",0,0,1,TRUE
488,2,"F3",100,0.2,0.1,"cat_trait=B",0,0,1,TRUE
488,2,"F3",100,0.2,0.1,"cat_trait=C",0,0,1,TRUE
488,2,"F3",100,0.2,0.1,"count_trait",0,1,0,FALSE
489,3,"F1",300,0.2,0.1,"trait1",0,1,0,FALSE
489,3,"F1",300,0.2,0.1,"trait2",1,0,0,FALSE
489,3,"F1",300,0.2,0.1,"trait3",0,1,0,FALSE
489,3,"F1",300,0.2,0.1,"trait4",1,0,0,FALSE
490,4,"F2",300,0.2,0.1,"trait1",1,0,0,FALSE
490,4,"F2",300,0.2,0.1,"trait2",1,0,0,FALSE
490,4,"F2",300,0.2,0.1,"trait3",0,1,0,FALSE
490,4,"F2",300,0.2,0.1,"trait4",1,0,0,FALSE
491,5,"F3",300,0.2,0.1,"cont1",0,0,1,TRUE
491,5,"F3",300,0.2,0.1,"binary_trait",0,0.4,0.6,FALSE
491,5,"F3",300,0.2,0.1,"cat_trait=A",0,0,1,TRUE
491,5,"F3",300,0.2,0.1,"cat_trait=B",0,0,1,TRUE
491,5,"F3",300,0.2,0.1,"cat_trait=C",0,0,1,TRUE
491,5,"F3",300,0.2,0.1,"count_trait",0,0,1,TRUE
492,6,"F1",1000,0.2,0.1,"trait1",0,1,0,FALSE
492,6,"F1",1000,0.2,0.1,"trait2",0,1,0,FALSE
492,6,"F1",1000,0.2,0.1,"trait3",0,1,0,FALSE
492,6,"F1",1000,0.2,0.1,"trait4",1,0,0,FALSE
493,7,"F2",1000,0.2,0.1,"trait1",0,1,0,FALSE
493,7,"F2",1000,0.2,0.1,"trait2",1,0,0,FALSE
493,7,"F2",1000,0.2,0.1,"trait3",0,1,0,FALSE
493,7,"F2",1000,0.2,0.1,"trait4",1,0,0,FALSE
494,8,"F3",1000,0.2,0.1,"cont1",0,1,0,FALSE
494,8,"F3",1000,0.2,0.1,"binary_trait",0.3,0.05,0.65,FALSE
494,8,"F3",1000,0.2,0.1,"cat_trait=A",0,0,1,TRUE
494,8,"F3",1000,0.2,0.1,"cat_trait=B",0,0,1,TRUE
494,8,"F3",1000,0.2,0.1,"cat_trait=C",0,0,1,TRUE
494,8,"F3",1000,0.2,0.1,"count_trait",1,0,0,FALSE
495,9,"F1",100,0.5,0.1,"trait1",0,1,0,FALSE
495,9,"F1",100,0.5,0.1,"trait2",0,0,1,TRUE
495,9,"F1",100,0.5,0.1,"trait3",1,0,0,FALSE
495,9,"F1",100,0.5,0.1,"trait4",1,0,0,FALSE
496,10,"F2",100,0.5,0.1,"trait1",0,0.75,0.25,FALSE
496,10,"F2",100,0.5,0.1,"trait2",0,0,1,TRUE
496,10,"F2",100,0.5,0.1,"trait3",0,1,0,FALSE
496,10,"F2",100,0.5,0.1,"trait4",1,0,0,FALSE
497,11,"F3",100,0.5,0.1,"cont1",1,0,0,FALSE
497,11,"F3",100,0.5,0.1,"binary_trait",0,1,0,FALSE
497,11,"F3",100,0.5,0.1,"cat_trait=A",0,0,1,TRUE
497,11,"F3",100,0.5,0.1,"cat_trait=B",0,0,1,TRUE
497,11,"F3",100,0.5,0.1,"cat_trait=C",0,0,1,TRUE
497,11,"F3",100,0.5,0.1,"count_trait",0,0,1,TRUE
498,12,"F1",300,0.5,0.1,"trait1",1,0,0,FALSE
498,12,"F1",300,0.5,0.1,"trait2",0,1,0,FALSE
498,12,"F1",300,0.5,0.1,"trait3",0,1,0,FALSE
498,12,"F1",300,0.5,0.1,"trait4",0,1,0,FALSE
499,13,"F2",300,0.5,0.1,"trait1",0,0.8,0.2,FALSE
499,13,"F2",300,0.5,0.1,"trait2",0.95,0,0.05,FALSE
499,13,"F2",300,0.5,0.1,"trait3",0,1,0,FALSE
499,13,"F2",300,0.5,0.1,"trait4",1,0,0,FALSE
500,14,"F3",300,0.5,0.1,"cont1",1,0,0,FALSE
500,14,"F3",300,0.5,0.1,"binary_trait",0,1,0,FALSE
500,14,"F3",300,0.5,0.1,"cat_trait=A",0,1,0,FALSE
500,14,"F3",300,0.5,0.1,"cat_trait=B",0,1,0,FALSE
500,14,"F3",300,0.5,0.1,"cat_trait=C",0,1,0,FALSE
500,14,"F3",300,0.5,0.1,"count_trait",1,0,0,FALSE
501,15,"F1",1000,0.5,0.1,"trait1",0.55,0.45,0,FALSE
501,15,"F1",1000,0.5,0.1,"trait2",0,1,0,FALSE
501,15,"F1",1000,0.5,0.1,"trait3",0.35,0.65,0,FALSE
501,15,"F1",1000,0.5,0.1,"trait4",0.2,0.8,0,FALSE
502,16,"F2",1000,0.5,0.1,"trait1",0,1,0,FALSE
502,16,"F2",1000,0.5,0.1,"trait2",0.9,0.1,0,FALSE
502,16,"F2",1000,0.5,0.1,"trait3",0,1,0,FALSE
502,16,"F2",1000,0.5,0.1,"trait4",1,0,0,FALSE
503,17,"F3",1000,0.5,0.1,"cont1",0,1,0,FALSE
503,17,"F3",1000,0.5,0.1,"binary_trait",0,0,1,TRUE
503,17,"F3",1000,0.5,0.1,"cat_trait=A",0,1,0,FALSE
503,17,"F3",1000,0.5,0.1,"cat_trait=B",0,1,0,FALSE
503,17,"F3",1000,0.5,0.1,"cat_trait=C",0,1,0,FALSE
503,17,"F3",1000,0.5,0.1,"count_trait",0.9,0,0.1,FALSE
504,18,"F1",100,1,0.1,"trait1",0,1,0,FALSE
504,18,"F1",100,1,0.1,"trait2",0,1,0,FALSE
504,18,"F1",100,1,0.1,"trait3",0,1,0,FALSE
504,18,"F1",100,1,0.1,"trait4",0,0,1,TRUE
505,19,"F2",100,1,0.1,"trait1",0,1,0,FALSE
505,19,"F2",100,1,0.1,"trait2",0,1,0,FALSE
505,19,"F2",100,1,0.1,"trait3",1,0,0,FALSE
505,19,"F2",100,1,0.1,"trait4",0.9,0.1,0,FALSE
506,20,"F3",100,1,0.1,"cont1",0.294117647058824,0.705882352941177,0,FALSE
506,20,"F3",100,1,0.1,"binary_trait",0,1,0,FALSE
506,20,"F3",100,1,0.1,"cat_trait=A",0,0,1,TRUE
506,20,"F3",100,1,0.1,"cat_trait=B",0,0,1,TRUE
506,20,"F3",100,1,0.1,"cat_trait=C",0,0,1,TRUE
506,20,"F3",100,1,0.1,"count_trait",0,1,0,FALSE
507,21,"F1",300,1,0.1,"trait1",0.55,0.45,0,FALSE
507,21,"F1",300,1,0.1,"trait2",0,1,0,FALSE
507,21,"F1",300,1,0.1,"trait3",0,1,0,FALSE
507,21,"F1",300,1,0.1,"trait4",0,1,0,FALSE
508,22,"F2",300,1,0.1,"trait1",0,1,0,FALSE
508,22,"F2",300,1,0.1,"trait2",0.944444444444444,0,0.0555555555555556,FALSE
508,22,"F2",300,1,0.1,"trait3",0.75,0.1,0.15,FALSE
508,22,"F2",300,1,0.1,"trait4",1,0,0,FALSE
509,23,"F3",300,1,0.1,"cont1",0.7,0.3,0,FALSE
509,23,"F3",300,1,0.1,"binary_trait",0,1,0,FALSE
509,23,"F3",300,1,0.1,"cat_trait=A",0,1,0,FALSE
509,23,"F3",300,1,0.1,"cat_trait=B",0,1,0,FALSE
509,23,"F3",300,1,0.1,"cat_trait=C",0,1,0,FALSE
509,23,"F3",300,1,0.1,"count_trait",0,1,0,FALSE
510,24,"F1",1000,1,0.1,"trait1",0,1,0,FALSE
510,24,"F1",1000,1,0.1,"trait2",0.45,0.55,0,FALSE
510,24,"F1",1000,1,0.1,"trait3",0,1,0,FALSE
510,24,"F1",1000,1,0.1,"trait4",0,1,0,FALSE
511,25,"F2",1000,1,0.1,"trait1",0,1,0,FALSE
511,25,"F2",1000,1,0.1,"trait2",0.5,0.5,0,FALSE
511,25,"F2",1000,1,0.1,"trait3",0,1,0,FALSE
511,25,"F2",1000,1,0.1,"trait4",0.947368421052632,0,0.0526315789473684,FALSE
512,26,"F3",1000,1,0.1,"cont1",0.25,0.75,0,FALSE
512,26,"F3",1000,1,0.1,"binary_trait",0,1,0,FALSE
512,26,"F3",1000,1,0.1,"cat_trait=A",0,1,0,FALSE
512,26,"F3",1000,1,0.1,"cat_trait=B",0,1,0,FALSE
512,26,"F3",1000,1,0.1,"cat_trait=C",0,1,0,FALSE
512,26,"F3",1000,1,0.1,"count_trait",0,1,0,FALSE
513,27,"F1",100,0.2,0.3,"trait1",0,0,1,TRUE
513,27,"F1",100,0.2,0.3,"trait2",0,0,1,TRUE
513,27,"F1",100,0.2,0.3,"trait3",0,1,0,FALSE
513,27,"F1",100,0.2,0.3,"trait4",0,0,1,TRUE
514,28,"F2",100,0.2,0.3,"trait1",0,0.95,0.05,FALSE
514,28,"F2",100,0.2,0.3,"trait2",0.6,0,0.4,FALSE
514,28,"F2",100,0.2,0.3,"trait3",0,0,1,TRUE
514,28,"F2",100,0.2,0.3,"trait4",0,1,0,FALSE
515,29,"F3",100,0.2,0.3,"cont1",0,0,1,TRUE
515,29,"F3",100,0.2,0.3,"binary_trait",0,1,0,FALSE
515,29,"F3",100,0.2,0.3,"cat_trait=A",0,0,1,TRUE
515,29,"F3",100,0.2,0.3,"cat_trait=B",0,0,1,TRUE
515,29,"F3",100,0.2,0.3,"cat_trait=C",0,0,1,TRUE
515,29,"F3",100,0.2,0.3,"count_trait",0,0,1,TRUE
516,30,"F1",300,0.2,0.3,"trait1",1,0,0,FALSE
516,30,"F1",300,0.2,0.3,"trait2",1,0,0,FALSE
516,30,"F1",300,0.2,0.3,"trait3",0,1,0,FALSE
516,30,"F1",300,0.2,0.3,"trait4",0,1,0,FALSE
517,31,"F2",300,0.2,0.3,"trait1",0.727272727272727,0.272727272727273,0,FALSE
517,31,"F2",300,0.2,0.3,"trait2",1,0,0,FALSE
517,31,"F2",300,0.2,0.3,"trait3",0,0,1,TRUE
517,31,"F2",300,0.2,0.3,"trait4",1,0,0,FALSE
518,32,"F3",300,0.2,0.3,"cont1",1,0,0,FALSE
518,32,"F3",300,0.2,0.3,"binary_trait",0,1,0,FALSE
518,32,"F3",300,0.2,0.3,"cat_trait=A",0,0,1,TRUE
518,32,"F3",300,0.2,0.3,"cat_trait=B",0,0,1,TRUE
518,32,"F3",300,0.2,0.3,"cat_trait=C",0,0,1,TRUE
518,32,"F3",300,0.2,0.3,"count_trait",0,0,1,TRUE
519,33,"F1",1000,0.2,0.3,"trait1",0,1,0,FALSE
519,33,"F1",1000,0.2,0.3,"trait2",0,1,0,FALSE
519,33,"F1",1000,0.2,0.3,"trait3",0,1,0,FALSE
519,33,"F1",1000,0.2,0.3,"trait4",0.35,0.65,0,FALSE
520,34,"F2",1000,0.2,0.3,"trait1",0,1,0,FALSE
520,34,"F2",1000,0.2,0.3,"trait2",1,0,0,FALSE
520,34,"F2",1000,0.2,0.3,"trait3",0,1,0,FALSE
520,34,"F2",1000,0.2,0.3,"trait4",1,0,0,FALSE
521,35,"F3",1000,0.2,0.3,"cont1",0,1,0,FALSE
521,35,"F3",1000,0.2,0.3,"binary_trait",0,1,0,FALSE
521,35,"F3",1000,0.2,0.3,"cat_trait=A",0,1,0,FALSE
521,35,"F3",1000,0.2,0.3,"cat_trait=B",0,1,0,FALSE
521,35,"F3",1000,0.2,0.3,"cat_trait=C",0,1,0,FALSE
521,35,"F3",1000,0.2,0.3,"count_trait",0,1,0,FALSE
522,36,"F1",100,0.5,0.3,"trait1",0,1,0,FALSE
522,36,"F1",100,0.5,0.3,"trait2",0,1,0,FALSE
522,36,"F1",100,0.5,0.3,"trait3",0,0,1,TRUE
522,36,"F1",100,0.5,0.3,"trait4",0,1,0,FALSE
523,37,"F2",100,0.5,0.3,"trait1",0.473684210526316,0,0.526315789473684,FALSE
523,37,"F2",100,0.5,0.3,"trait2",1,0,0,FALSE
523,37,"F2",100,0.5,0.3,"trait3",0,0,1,TRUE
523,37,"F2",100,0.5,0.3,"trait4",0.05,0,0.95,FALSE
524,38,"F3",100,0.5,0.3,"cont1",0.5,0.5,0,FALSE
524,38,"F3",100,0.5,0.3,"binary_trait",0,1,0,FALSE
524,38,"F3",100,0.5,0.3,"cat_trait=A",0,0,1,TRUE
524,38,"F3",100,0.5,0.3,"cat_trait=B",0,0,1,TRUE
524,38,"F3",100,0.5,0.3,"cat_trait=C",0,0,1,TRUE
524,38,"F3",100,0.5,0.3,"count_trait",0,0,1,TRUE
525,39,"F1",300,0.5,0.3,"trait1",0,1,0,FALSE
525,39,"F1",300,0.5,0.3,"trait2",0,1,0,FALSE
525,39,"F1",300,0.5,0.3,"trait3",0,1,0,FALSE
525,39,"F1",300,0.5,0.3,"trait4",0,1,0,FALSE
526,40,"F2",300,0.5,0.3,"trait1",0.1,0.9,0,FALSE
526,40,"F2",300,0.5,0.3,"trait2",1,0,0,FALSE
526,40,"F2",300,0.5,0.3,"trait3",0,1,0,FALSE
526,40,"F2",300,0.5,0.3,"trait4",1,0,0,FALSE
527,41,"F3",300,0.5,0.3,"cont1",0,0,1,TRUE
527,41,"F3",300,0.5,0.3,"binary_trait",0,1,0,FALSE
527,41,"F3",300,0.5,0.3,"cat_trait=A",0,0,1,TRUE
527,41,"F3",300,0.5,0.3,"cat_trait=B",0,0,1,TRUE
527,41,"F3",300,0.5,0.3,"cat_trait=C",0,0,1,TRUE
527,41,"F3",300,0.5,0.3,"count_trait",1,0,0,FALSE
528,42,"F1",1000,0.5,0.3,"trait1",0,1,0,FALSE
528,42,"F1",1000,0.5,0.3,"trait2",0,1,0,FALSE
528,42,"F1",1000,0.5,0.3,"trait3",0,1,0,FALSE
528,42,"F1",1000,0.5,0.3,"trait4",0,1,0,FALSE
529,43,"F2",1000,0.5,0.3,"trait1",0.55,0.45,0,FALSE
529,43,"F2",1000,0.5,0.3,"trait2",0.75,0.25,0,FALSE
529,43,"F2",1000,0.5,0.3,"trait3",0,1,0,FALSE
529,43,"F2",1000,0.5,0.3,"trait4",0.947368421052632,0,0.0526315789473684,FALSE
530,44,"F3",1000,0.5,0.3,"cont1",0,1,0,FALSE
530,44,"F3",1000,0.5,0.3,"binary_trait",0,1,0,FALSE
530,44,"F3",1000,0.5,0.3,"cat_trait=A",0.1,0,0.9,FALSE
530,44,"F3",1000,0.5,0.3,"cat_trait=B",0.1,0,0.9,FALSE
530,44,"F3",1000,0.5,0.3,"cat_trait=C",0.1,0,0.9,FALSE
530,44,"F3",1000,0.5,0.3,"count_trait",0,1,0,FALSE
531,45,"F1",100,1,0.3,"trait1",0,1,0,FALSE
531,45,"F1",100,1,0.3,"trait2",0,0.7,0.3,FALSE
531,45,"F1",100,1,0.3,"trait3",0,0.95,0.05,FALSE
531,45,"F1",100,1,0.3,"trait4",0,0,1,TRUE
532,46,"F2",100,1,0.3,"trait1",0,0.85,0.15,FALSE
532,46,"F2",100,1,0.3,"trait2",0,1,0,FALSE
532,46,"F2",100,1,0.3,"trait3",0.625,0,0.375,FALSE
532,46,"F2",100,1,0.3,"trait4",0,1,0,FALSE
533,47,"F3",100,1,0.3,"cont1",0.285714285714286,0.0714285714285714,0.642857142857143,FALSE
533,47,"F3",100,1,0.3,"binary_trait",0,0.15,0.85,FALSE
533,47,"F3",100,1,0.3,"cat_trait=A",0,0,1,TRUE
533,47,"F3",100,1,0.3,"cat_trait=B",0,0,1,TRUE
533,47,"F3",100,1,0.3,"cat_trait=C",0,0,1,TRUE
533,47,"F3",100,1,0.3,"count_trait",0,0,1,TRUE
534,48,"F1",300,1,0.3,"trait1",1,0,0,FALSE
534,48,"F1",300,1,0.3,"trait2",0,1,0,FALSE
534,48,"F1",300,1,0.3,"trait3",0,1,0,FALSE
534,48,"F1",300,1,0.3,"trait4",0,1,0,FALSE
535,49,"F2",300,1,0.3,"trait1",0.842105263157895,0,0.157894736842105,FALSE
535,49,"F2",300,1,0.3,"trait2",0.9,0.1,0,FALSE
535,49,"F2",300,1,0.3,"trait3",0,0.9,0.1,FALSE
535,49,"F2",300,1,0.3,"trait4",1,0,0,FALSE
536,50,"F3",300,1,0.3,"cont1",0.35,0.65,0,FALSE
536,50,"F3",300,1,0.3,"binary_trait",0,1,0,FALSE
536,50,"F3",300,1,0.3,"cat_trait=A",0,0,1,TRUE
536,50,"F3",300,1,0.3,"cat_trait=B",0,0,1,TRUE
536,50,"F3",300,1,0.3,"cat_trait=C",0,0,1,TRUE
536,50,"F3",300,1,0.3,"count_trait",0,1,0,FALSE
537,51,"F1",1000,1,0.3,"trait1",0.75,0.2,0.05,FALSE
537,51,"F1",1000,1,0.3,"trait2",0,1,0,FALSE
537,51,"F1",1000,1,0.3,"trait3",0,1,0,FALSE
537,51,"F1",1000,1,0.3,"trait4",0.7,0.3,0,FALSE
538,52,"F2",1000,1,0.3,"trait1",1,0,0,FALSE
538,52,"F2",1000,1,0.3,"trait2",0,1,0,FALSE
538,52,"F2",1000,1,0.3,"trait3",0,1,0,FALSE
538,52,"F2",1000,1,0.3,"trait4",0,1,0,FALSE
539,53,"F3",1000,1,0.3,"cont1",1,0,0,FALSE
539,53,"F3",1000,1,0.3,"binary_trait",0,1,0,FALSE
539,53,"F3",1000,1,0.3,"cat_trait=A",0,0.25,0.75,FALSE
539,53,"F3",1000,1,0.3,"cat_trait=B",0,0.25,0.75,FALSE
539,53,"F3",1000,1,0.3,"cat_trait=C",0,0.25,0.75,FALSE
539,53,"F3",1000,1,0.3,"count_trait",0,1,0,FALSE
540,54,"F1",100,0.2,0.5,"trait1",0,0,1,TRUE
540,54,"F1",100,0.2,0.5,"trait2",0,0,1,TRUE
540,54,"F1",100,0.2,0.5,"trait3",0,1,0,FALSE
540,54,"F1",100,0.2,0.5,"trait4",0,1,0,FALSE
541,55,"F2",100,0.2,0.5,"trait1",1,0,0,FALSE
541,55,"F2",100,0.2,0.5,"trait2",0,1,0,FALSE
541,55,"F2",100,0.2,0.5,"trait3",0,0,1,TRUE
541,55,"F2",100,0.2,0.5,"trait4",0,1,0,FALSE
542,56,"F3",100,0.2,0.5,"cont1",1,0,0,FALSE
542,56,"F3",100,0.2,0.5,"binary_trait",0,0,1,TRUE
542,56,"F3",100,0.2,0.5,"cat_trait=A",0,0,1,TRUE
542,56,"F3",100,0.2,0.5,"cat_trait=B",0,0,1,TRUE
542,56,"F3",100,0.2,0.5,"cat_trait=C",0,0,1,TRUE
542,56,"F3",100,0.2,0.5,"count_trait",0,0,1,TRUE
543,57,"F1",300,0.2,0.5,"trait1",0,0,1,TRUE
543,57,"F1",300,0.2,0.5,"trait2",0,1,0,FALSE
543,57,"F1",300,0.2,0.5,"trait3",0,1,0,FALSE
543,57,"F1",300,0.2,0.5,"trait4",0,1,0,FALSE
544,58,"F2",300,0.2,0.5,"trait1",0,0,1,TRUE
544,58,"F2",300,0.2,0.5,"trait2",0,1,0,FALSE
544,58,"F2",300,0.2,0.5,"trait3",0,0,1,TRUE
544,58,"F2",300,0.2,0.5,"trait4",0.7,0,0.3,FALSE
545,59,"F3",300,0.2,0.5,"cont1",0,0,1,TRUE
545,59,"F3",300,0.2,0.5,"binary_trait",0,0.428571428571429,0.571428571428572,FALSE
545,59,"F3",300,0.2,0.5,"cat_trait=A",0,1,0,FALSE
545,59,"F3",300,0.2,0.5,"cat_trait=B",0,1,0,FALSE
545,59,"F3",300,0.2,0.5,"cat_trait=C",0,1,0,FALSE
545,59,"F3",300,0.2,0.5,"count_trait",0,0,1,TRUE
546,60,"F1",1000,0.2,0.5,"trait1",0,0,1,TRUE
546,60,"F1",1000,0.2,0.5,"trait2",0,1,0,FALSE
546,60,"F1",1000,0.2,0.5,"trait3",0,1,0,FALSE
546,60,"F1",1000,0.2,0.5,"trait4",0,1,0,FALSE
547,61,"F2",1000,0.2,0.5,"trait1",0,0.666666666666667,0.333333333333333,FALSE
547,61,"F2",1000,0.2,0.5,"trait2",0.75,0.166666666666667,0.0833333333333333,FALSE
547,61,"F2",1000,0.2,0.5,"trait3",0,0,1,TRUE
547,61,"F2",1000,0.2,0.5,"trait4",1,0,0,FALSE
548,62,"F3",1000,0.2,0.5,"cont1",0,1,0,FALSE
548,62,"F3",1000,0.2,0.5,"binary_trait",0,1,0,FALSE
548,62,"F3",1000,0.2,0.5,"cat_trait=A",0,1,0,FALSE
548,62,"F3",1000,0.2,0.5,"cat_trait=B",0,1,0,FALSE
548,62,"F3",1000,0.2,0.5,"cat_trait=C",0,1,0,FALSE
548,62,"F3",1000,0.2,0.5,"count_trait",0,0.85,0.15,FALSE
549,63,"F1",100,0.5,0.5,"trait1",0,0,1,TRUE
549,63,"F1",100,0.5,0.5,"trait2",0,0,1,TRUE
549,63,"F1",100,0.5,0.5,"trait3",0,1,0,FALSE
549,63,"F1",100,0.5,0.5,"trait4",0,0,1,TRUE
550,64,"F2",100,0.5,0.5,"trait1",0,1,0,FALSE
550,64,"F2",100,0.5,0.5,"trait2",1,0,0,FALSE
550,64,"F2",100,0.5,0.5,"trait3",0,0,1,TRUE
550,64,"F2",100,0.5,0.5,"trait4",1,0,0,FALSE
551,65,"F3",100,0.5,0.5,"cont1",0,1,0,FALSE
551,65,"F3",100,0.5,0.5,"binary_trait",0,1,0,FALSE
551,65,"F3",100,0.5,0.5,"cat_trait=A",0,0,1,TRUE
551,65,"F3",100,0.5,0.5,"cat_trait=B",0,0,1,TRUE
551,65,"F3",100,0.5,0.5,"cat_trait=C",0,0,1,TRUE
551,65,"F3",100,0.5,0.5,"count_trait",0,0,1,TRUE
552,66,"F1",300,0.5,0.5,"trait1",0,0,1,TRUE
552,66,"F1",300,0.5,0.5,"trait2",0,1,0,FALSE
552,66,"F1",300,0.5,0.5,"trait3",1,0,0,FALSE
552,66,"F1",300,0.5,0.5,"trait4",0,1,0,FALSE
553,67,"F2",300,0.5,0.5,"trait1",1,0,0,FALSE
553,67,"F2",300,0.5,0.5,"trait2",0,1,0,FALSE
553,67,"F2",300,0.5,0.5,"trait3",0,1,0,FALSE
553,67,"F2",300,0.5,0.5,"trait4",0,1,0,FALSE
554,68,"F3",300,0.5,0.5,"cont1",0,0,1,TRUE
554,68,"F3",300,0.5,0.5,"binary_trait",0,0,1,TRUE
554,68,"F3",300,0.5,0.5,"cat_trait=A",0,0,1,TRUE
554,68,"F3",300,0.5,0.5,"cat_trait=B",0,0,1,TRUE
554,68,"F3",300,0.5,0.5,"cat_trait=C",0,0,1,TRUE
554,68,"F3",300,0.5,0.5,"count_trait",0,1,0,FALSE
555,69,"F1",1000,0.5,0.5,"trait1",0,1,0,FALSE
555,69,"F1",1000,0.5,0.5,"trait2",0,1,0,FALSE
555,69,"F1",1000,0.5,0.5,"trait3",0,1,0,FALSE
555,69,"F1",1000,0.5,0.5,"trait4",0,1,0,FALSE
556,70,"F2",1000,0.5,0.5,"trait1",0,1,0,FALSE
556,70,"F2",1000,0.5,0.5,"trait2",1,0,0,FALSE
556,70,"F2",1000,0.5,0.5,"trait3",0.85,0.15,0,FALSE
556,70,"F2",1000,0.5,0.5,"trait4",1,0,0,FALSE
557,71,"F3",1000,0.5,0.5,"cont1",0,0.9,0.1,FALSE
557,71,"F3",1000,0.5,0.5,"binary_trait",0,1,0,FALSE
557,71,"F3",1000,0.5,0.5,"cat_trait=A",0,0,1,TRUE
557,71,"F3",1000,0.5,0.5,"cat_trait=B",0,0,1,TRUE
557,71,"F3",1000,0.5,0.5,"cat_trait=C",0,0,1,TRUE
557,71,"F3",1000,0.5,0.5,"count_trait",1,0,0,FALSE
558,72,"F1",100,1,0.5,"trait1",0,1,0,FALSE
558,72,"F1",100,1,0.5,"trait2",0,1,0,FALSE
558,72,"F1",100,1,0.5,"trait3",0,1,0,FALSE
558,72,"F1",100,1,0.5,"trait4",0,0.75,0.25,FALSE
559,73,"F2",100,1,0.5,"trait1",0,1,0,FALSE
559,73,"F2",100,1,0.5,"trait2",1,0,0,FALSE
559,73,"F2",100,1,0.5,"trait3",0,0,1,TRUE
559,73,"F2",100,1,0.5,"trait4",1,0,0,FALSE
560,74,"F3",100,1,0.5,"cont1",0,1,0,FALSE
560,74,"F3",100,1,0.5,"binary_trait",0,1,0,FALSE
560,74,"F3",100,1,0.5,"cat_trait=A",0,0,1,TRUE
560,74,"F3",100,1,0.5,"cat_trait=B",0,0,1,TRUE
560,74,"F3",100,1,0.5,"cat_trait=C",0,0,1,TRUE
560,74,"F3",100,1,0.5,"count_trait",0,1,0,FALSE
561,75,"F1",300,1,0.5,"trait1",0,0.95,0.05,FALSE
561,75,"F1",300,1,0.5,"trait2",0.85,0,0.15,FALSE
561,75,"F1",300,1,0.5,"trait3",0,1,0,FALSE
561,75,"F1",300,1,0.5,"trait4",0,1,0,FALSE
562,76,"F2",300,1,0.5,"trait1",0,1,0,FALSE
562,76,"F2",300,1,0.5,"trait2",0,1,0,FALSE
562,76,"F2",300,1,0.5,"trait3",0,1,0,FALSE
562,76,"F2",300,1,0.5,"trait4",0,1,0,FALSE
563,77,"F3",300,1,0.5,"cont1",0.4,0.6,0,FALSE
563,77,"F3",300,1,0.5,"binary_trait",0,1,0,FALSE
563,77,"F3",300,1,0.5,"cat_trait=A",0,0,1,TRUE
563,77,"F3",300,1,0.5,"cat_trait=B",0,0,1,TRUE
563,77,"F3",300,1,0.5,"cat_trait=C",0,0,1,TRUE
563,77,"F3",300,1,0.5,"count_trait",0,0.75,0.25,FALSE
564,78,"F1",1000,1,0.5,"trait1",0.15,0.85,0,FALSE
564,78,"F1",1000,1,0.5,"trait2",0,1,0,FALSE
564,78,"F1",1000,1,0.5,"trait3",0,1,0,FALSE
564,78,"F1",1000,1,0.5,"trait4",0,1,0,FALSE
565,79,"F2",1000,1,0.5,"trait1",0,1,0,FALSE
565,79,"F2",1000,1,0.5,"trait2",0.75,0.2,0.05,FALSE
565,79,"F2",1000,1,0.5,"trait3",0,1,0,FALSE
565,79,"F2",1000,1,0.5,"trait4",0,1,0,FALSE
566,80,"F3",1000,1,0.5,"cont1",0,1,0,FALSE
566,80,"F3",1000,1,0.5,"binary_trait",0,1,0,FALSE
566,80,"F3",1000,1,0.5,"cat_trait=A",0,1,0,FALSE
566,80,"F3",1000,1,0.5,"cat_trait=B",0,1,0,FALSE
566,80,"F3",1000,1,0.5,"cat_trait=C",0,1,0,FALSE
566,80,"F3",1000,1,0.5,"count_trait",0.7,0.3,0,FALSE
567,0,"F1",100,0.2,0.1,"trait1",0,0,1,TRUE
567,0,"F1",100,0.2,0.1,"trait2",0,0,1,TRUE
567,0,"F1",100,0.2,0.1,"trait3",0,0,1,TRUE
567,0,"F1",100,0.2,0.1,"trait4",0,1,0,FALSE
568,1,"F2",100,0.2,0.1,"trait1",1,0,0,FALSE
568,1,"F2",100,0.2,0.1,"trait2",0,0,1,TRUE
568,1,"F2",100,0.2,0.1,"trait3",0,1,0,FALSE
568,1,"F2",100,0.2,0.1,"trait4",0,0,1,TRUE
569,2,"F3",100,0.2,0.1,"cont1",0,0,1,TRUE
569,2,"F3",100,0.2,0.1,"binary_trait",0,0,1,TRUE
569,2,"F3",100,0.2,0.1,"cat_trait=A",0,0,1,TRUE
569,2,"F3",100,0.2,0.1,"cat_trait=B",0,0,1,TRUE
569,2,"F3",100,0.2,0.1,"cat_trait=C",0,0,1,TRUE
569,2,"F3",100,0.2,0.1,"count_trait",0,1,0,FALSE
570,3,"F1",300,0.2,0.1,"trait1",0,1,0,FALSE
570,3,"F1",300,0.2,0.1,"trait2",0,1,0,FALSE
570,3,"F1",300,0.2,0.1,"trait3",0.45,0.55,0,FALSE
570,3,"F1",300,0.2,0.1,"trait4",0,1,0,FALSE
571,4,"F2",300,0.2,0.1,"trait1",0.4,0.6,0,FALSE
571,4,"F2",300,0.2,0.1,"trait2",1,0,0,FALSE
571,4,"F2",300,0.2,0.1,"trait3",0,0,1,TRUE
571,4,"F2",300,0.2,0.1,"trait4",1,0,0,FALSE
572,5,"F3",300,0.2,0.1,"cont1",0.95,0.05,0,FALSE
572,5,"F3",300,0.2,0.1,"binary_trait",0,0,1,TRUE
572,5,"F3",300,0.2,0.1,"cat_trait=A",0,0,1,TRUE
572,5,"F3",300,0.2,0.1,"cat_trait=B",0,0,1,TRUE
572,5,"F3",300,0.2,0.1,"cat_trait=C",0,0,1,TRUE
572,5,"F3",300,0.2,0.1,"count_trait",0,1,0,FALSE
573,6,"F1",1000,0.2,0.1,"trait1",1,0,0,FALSE
573,6,"F1",1000,0.2,0.1,"trait2",0,1,0,FALSE
573,6,"F1",1000,0.2,0.1,"trait3",0,1,0,FALSE
573,6,"F1",1000,0.2,0.1,"trait4",0,1,0,FALSE
574,7,"F2",1000,0.2,0.1,"trait1",1,0,0,FALSE
574,7,"F2",1000,0.2,0.1,"trait2",1,0,0,FALSE
574,7,"F2",1000,0.2,0.1,"trait3",0.6,0.4,0,FALSE
574,7,"F2",1000,0.2,0.1,"trait4",1,0,0,FALSE
575,8,"F3",1000,0.2,0.1,"cont1",0,1,0,FALSE
575,8,"F3",1000,0.2,0.1,"binary_trait",0,1,0,FALSE
575,8,"F3",1000,0.2,0.1,"cat_trait=A",0,1,0,FALSE
575,8,"F3",1000,0.2,0.1,"cat_trait=B",0,1,0,FALSE
575,8,"F3",1000,0.2,0.1,"cat_trait=C",0,1,0,FALSE
575,8,"F3",1000,0.2,0.1,"count_trait",1,0,0,FALSE
576,9,"F1",100,0.5,0.1,"trait1",1,0,0,FALSE
576,9,"F1",100,0.5,0.1,"trait2",0,1,0,FALSE
576,9,"F1",100,0.5,0.1,"trait3",0,1,0,FALSE
576,9,"F1",100,0.5,0.1,"trait4",0,1,0,FALSE
577,10,"F2",100,0.5,0.1,"trait1",1,0,0,FALSE
577,10,"F2",100,0.5,0.1,"trait2",1,0,0,FALSE
577,10,"F2",100,0.5,0.1,"trait3",0,0,1,TRUE
577,10,"F2",100,0.5,0.1,"trait4",0.473684210526316,0,0.526315789473684,FALSE
578,11,"F3",100,0.5,0.1,"cont1",1,0,0,FALSE
578,11,"F3",100,0.5,0.1,"binary_trait",0,0,1,TRUE
578,11,"F3",100,0.5,0.1,"cat_trait=A",0,0,1,TRUE
578,11,"F3",100,0.5,0.1,"cat_trait=B",0,0,1,TRUE
578,11,"F3",100,0.5,0.1,"cat_trait=C",0,0,1,TRUE
578,11,"F3",100,0.5,0.1,"count_trait",0,0,1,TRUE
579,12,"F1",300,0.5,0.1,"trait1",0.5,0.5,0,FALSE
579,12,"F1",300,0.5,0.1,"trait2",0,0.95,0.05,FALSE
579,12,"F1",300,0.5,0.1,"trait3",0,1,0,FALSE
579,12,"F1",300,0.5,0.1,"trait4",0,1,0,FALSE
580,13,"F2",300,0.5,0.1,"trait1",1,0,0,FALSE
580,13,"F2",300,0.5,0.1,"trait2",1,0,0,FALSE
580,13,"F2",300,0.5,0.1,"trait3",0,0.4,0.6,FALSE
580,13,"F2",300,0.5,0.1,"trait4",1,0,0,FALSE
581,14,"F3",300,0.5,0.1,"cont1",0,1,0,FALSE
581,14,"F3",300,0.5,0.1,"binary_trait",0,0,1,TRUE
581,14,"F3",300,0.5,0.1,"cat_trait=A",0,0,1,TRUE
581,14,"F3",300,0.5,0.1,"cat_trait=B",0,0,1,TRUE
581,14,"F3",300,0.5,0.1,"cat_trait=C",0,0,1,TRUE
581,14,"F3",300,0.5,0.1,"count_trait",0,0,1,TRUE
582,15,"F1",1000,0.5,0.1,"trait1",0.9,0.1,0,FALSE
582,15,"F1",1000,0.5,0.1,"trait2",0,1,0,FALSE
582,15,"F1",1000,0.5,0.1,"trait3",0,1,0,FALSE
582,15,"F1",1000,0.5,0.1,"trait4",0,1,0,FALSE
583,16,"F2",1000,0.5,0.1,"trait1",0.45,0.55,0,FALSE
583,16,"F2",1000,0.5,0.1,"trait2",1,0,0,FALSE
583,16,"F2",1000,0.5,0.1,"trait3",1,0,0,FALSE
583,16,"F2",1000,0.5,0.1,"trait4",1,0,0,FALSE
584,17,"F3",1000,0.5,0.1,"cont1",0,1,0,FALSE
584,17,"F3",1000,0.5,0.1,"binary_trait",0.1,0.25,0.65,FALSE
584,17,"F3",1000,0.5,0.1,"cat_trait=A",0,1,0,FALSE
584,17,"F3",1000,0.5,0.1,"cat_trait=B",0,1,0,FALSE
584,17,"F3",1000,0.5,0.1,"cat_trait=C",0,1,0,FALSE
584,17,"F3",1000,0.5,0.1,"count_trait",0,0.8,0.2,FALSE
585,18,"F1",100,1,0.1,"trait1",0.45,0.55,0,FALSE
585,18,"F1",100,1,0.1,"trait2",0,1,0,FALSE
585,18,"F1",100,1,0.1,"trait3",1,0,0,FALSE
585,18,"F1",100,1,0.1,"trait4",0,1,0,FALSE
586,19,"F2",100,1,0.1,"trait1",0,1,0,FALSE
586,19,"F2",100,1,0.1,"trait2",0.95,0.05,0,FALSE
586,19,"F2",100,1,0.1,"trait3",0,0.421052631578947,0.578947368421053,FALSE
586,19,"F2",100,1,0.1,"trait4",0,1,0,FALSE
587,20,"F3",100,1,0.1,"cont1",0,1,0,FALSE
587,20,"F3",100,1,0.1,"binary_trait",0,1,0,FALSE
587,20,"F3",100,1,0.1,"cat_trait=A",0,0,1,TRUE
587,20,"F3",100,1,0.1,"cat_trait=B",0,0,1,TRUE
587,20,"F3",100,1,0.1,"cat_trait=C",0,0,1,TRUE
587,20,"F3",100,1,0.1,"count_trait",0,0.65,0.35,FALSE
588,21,"F1",300,1,0.1,"trait1",1,0,0,FALSE
588,21,"F1",300,1,0.1,"trait2",0.5,0.5,0,FALSE
588,21,"F1",300,1,0.1,"trait3",0,1,0,FALSE
588,21,"F1",300,1,0.1,"trait4",0.75,0.25,0,FALSE
589,22,"F2",300,1,0.1,"trait1",0,1,0,FALSE
589,22,"F2",300,1,0.1,"trait2",0.65,0.35,0,FALSE
589,22,"F2",300,1,0.1,"trait3",0.9,0,0.1,FALSE
589,22,"F2",300,1,0.1,"trait4",1,0,0,FALSE
590,23,"F3",300,1,0.1,"cont1",0,1,0,FALSE
590,23,"F3",300,1,0.1,"binary_trait",0,1,0,FALSE
590,23,"F3",300,1,0.1,"cat_trait=A",0,0,1,TRUE
590,23,"F3",300,1,0.1,"cat_trait=B",0,0,1,TRUE
590,23,"F3",300,1,0.1,"cat_trait=C",0,0,1,TRUE
590,23,"F3",300,1,0.1,"count_trait",0,0.95,0.05,FALSE
591,24,"F1",1000,1,0.1,"trait1",0.15,0.75,0.1,FALSE
591,24,"F1",1000,1,0.1,"trait2",0,1,0,FALSE
591,24,"F1",1000,1,0.1,"trait3",0.2,0.8,0,FALSE
591,24,"F1",1000,1,0.1,"trait4",0,1,0,FALSE
592,25,"F2",1000,1,0.1,"trait1",0,1,0,FALSE
592,25,"F2",1000,1,0.1,"trait2",0.8,0.2,0,FALSE
592,25,"F2",1000,1,0.1,"trait3",0,0.7,0.3,FALSE
592,25,"F2",1000,1,0.1,"trait4",0.65,0.35,0,FALSE
593,26,"F3",1000,1,0.1,"cont1",0,1,0,FALSE
593,26,"F3",1000,1,0.1,"binary_trait",0,1,0,FALSE
593,26,"F3",1000,1,0.1,"cat_trait=A",0,1,0,FALSE
593,26,"F3",1000,1,0.1,"cat_trait=B",0,1,0,FALSE
593,26,"F3",1000,1,0.1,"cat_trait=C",0,1,0,FALSE
593,26,"F3",1000,1,0.1,"count_trait",0.277777777777778,0.722222222222222,0,FALSE
594,27,"F1",100,0.2,0.3,"trait1",0,0,1,TRUE
594,27,"F1",100,0.2,0.3,"trait2",0,0,1,TRUE
594,27,"F1",100,0.2,0.3,"trait3",0,0,1,TRUE
594,27,"F1",100,0.2,0.3,"trait4",1,0,0,FALSE
595,28,"F2",100,0.2,0.3,"trait1",1,0,0,FALSE
595,28,"F2",100,0.2,0.3,"trait2",0,1,0,FALSE
595,28,"F2",100,0.2,0.3,"trait3",0.25,0.75,0,FALSE
595,28,"F2",100,0.2,0.3,"trait4",0,0,1,TRUE
596,29,"F3",100,0.2,0.3,"cont1",0,0,1,TRUE
596,29,"F3",100,0.2,0.3,"binary_trait",0,0,1,TRUE
596,29,"F3",100,0.2,0.3,"cat_trait=A",0,1,0,FALSE
596,29,"F3",100,0.2,0.3,"cat_trait=B",0,1,0,FALSE
596,29,"F3",100,0.2,0.3,"cat_trait=C",0,1,0,FALSE
596,29,"F3",100,0.2,0.3,"count_trait",0,0,1,TRUE
597,30,"F1",300,0.2,0.3,"trait1",0,1,0,FALSE
597,30,"F1",300,0.2,0.3,"trait2",0,1,0,FALSE
597,30,"F1",300,0.2,0.3,"trait3",0,0.6,0.4,FALSE
597,30,"F1",300,0.2,0.3,"trait4",0,1,0,FALSE
598,31,"F2",300,0.2,0.3,"trait1",0,0,1,TRUE
598,31,"F2",300,0.2,0.3,"trait2",0,1,0,FALSE
598,31,"F2",300,0.2,0.3,"trait3",0.75,0,0.25,FALSE
598,31,"F2",300,0.2,0.3,"trait4",1,0,0,FALSE
599,32,"F3",300,0.2,0.3,"cont1",1,0,0,FALSE
599,32,"F3",300,0.2,0.3,"binary_trait",0,1,0,FALSE
599,32,"F3",300,0.2,0.3,"cat_trait=A",0,1,0,FALSE
599,32,"F3",300,0.2,0.3,"cat_trait=B",0,1,0,FALSE
599,32,"F3",300,0.2,0.3,"cat_trait=C",0,1,0,FALSE
599,32,"F3",300,0.2,0.3,"count_trait",0,1,0,FALSE
600,33,"F1",1000,0.2,0.3,"trait1",1,0,0,FALSE
600,33,"F1",1000,0.2,0.3,"trait2",0,1,0,FALSE
600,33,"F1",1000,0.2,0.3,"trait3",0,1,0,FALSE
600,33,"F1",1000,0.2,0.3,"trait4",0,1,0,FALSE
601,34,"F2",1000,0.2,0.3,"trait1",1,0,0,FALSE
601,34,"F2",1000,0.2,0.3,"trait2",1,0,0,FALSE
601,34,"F2",1000,0.2,0.3,"trait3",0.35,0.65,0,FALSE
601,34,"F2",1000,0.2,0.3,"trait4",1,0,0,FALSE
602,35,"F3",1000,0.2,0.3,"cont1",0,1,0,FALSE
602,35,"F3",1000,0.2,0.3,"binary_trait",0,0,1,TRUE
602,35,"F3",1000,0.2,0.3,"cat_trait=A",0,1,0,FALSE
602,35,"F3",1000,0.2,0.3,"cat_trait=B",0,1,0,FALSE
602,35,"F3",1000,0.2,0.3,"cat_trait=C",0,1,0,FALSE
602,35,"F3",1000,0.2,0.3,"count_trait",0,0,1,TRUE
603,36,"F1",100,0.5,0.3,"trait1",1,0,0,FALSE
603,36,"F1",100,0.5,0.3,"trait2",1,0,0,FALSE
603,36,"F1",100,0.5,0.3,"trait3",1,0,0,FALSE
603,36,"F1",100,0.5,0.3,"trait4",0,1,0,FALSE
604,37,"F2",100,0.5,0.3,"trait1",0,1,0,FALSE
604,37,"F2",100,0.5,0.3,"trait2",1,0,0,FALSE
604,37,"F2",100,0.5,0.3,"trait3",0,0,1,TRUE
604,37,"F2",100,0.5,0.3,"trait4",0,0.764705882352941,0.235294117647059,FALSE
605,38,"F3",100,0.5,0.3,"cont1",0,1,0,FALSE
605,38,"F3",100,0.5,0.3,"binary_trait",0,1,0,FALSE
605,38,"F3",100,0.5,0.3,"cat_trait=A",0,0,1,TRUE
605,38,"F3",100,0.5,0.3,"cat_trait=B",0,0,1,TRUE
605,38,"F3",100,0.5,0.3,"cat_trait=C",0,0,1,TRUE
605,38,"F3",100,0.5,0.3,"count_trait",0,0,1,TRUE
606,39,"F1",300,0.5,0.3,"trait1",0,1,0,FALSE
606,39,"F1",300,0.5,0.3,"trait2",1,0,0,FALSE
606,39,"F1",300,0.5,0.3,"trait3",1,0,0,FALSE
606,39,"F1",300,0.5,0.3,"trait4",0,1,0,FALSE
607,40,"F2",300,0.5,0.3,"trait1",1,0,0,FALSE
607,40,"F2",300,0.5,0.3,"trait2",1,0,0,FALSE
607,40,"F2",300,0.5,0.3,"trait3",0,1,0,FALSE
607,40,"F2",300,0.5,0.3,"trait4",0,1,0,FALSE
608,41,"F3",300,0.5,0.3,"cont1",0,1,0,FALSE
608,41,"F3",300,0.5,0.3,"binary_trait",0,1,0,FALSE
608,41,"F3",300,0.5,0.3,"cat_trait=A",0,1,0,FALSE
608,41,"F3",300,0.5,0.3,"cat_trait=B",0,1,0,FALSE
608,41,"F3",300,0.5,0.3,"cat_trait=C",0,1,0,FALSE
608,41,"F3",300,0.5,0.3,"count_trait",0.894736842105263,0,0.105263157894737,FALSE
609,42,"F1",1000,0.5,0.3,"trait1",0,1,0,FALSE
609,42,"F1",1000,0.5,0.3,"trait2",0,1,0,FALSE
609,42,"F1",1000,0.5,0.3,"trait3",0,0.8,0.2,FALSE
609,42,"F1",1000,0.5,0.3,"trait4",0,1,0,FALSE
610,43,"F2",1000,0.5,0.3,"trait1",0,1,0,FALSE
610,43,"F2",1000,0.5,0.3,"trait2",0,1,0,FALSE
610,43,"F2",1000,0.5,0.3,"trait3",1,0,0,FALSE
610,43,"F2",1000,0.5,0.3,"trait4",1,0,0,FALSE
611,44,"F3",1000,0.5,0.3,"cont1",0,1,0,FALSE
611,44,"F3",1000,0.5,0.3,"binary_trait",0,1,0,FALSE
611,44,"F3",1000,0.5,0.3,"cat_trait=A",0,1,0,FALSE
611,44,"F3",1000,0.5,0.3,"cat_trait=B",0,1,0,FALSE
611,44,"F3",1000,0.5,0.3,"cat_trait=C",0,1,0,FALSE
611,44,"F3",1000,0.5,0.3,"count_trait",0,1,0,FALSE
612,45,"F1",100,1,0.3,"trait1",1,0,0,FALSE
612,45,"F1",100,1,0.3,"trait2",0,1,0,FALSE
612,45,"F1",100,1,0.3,"trait3",0,1,0,FALSE
612,45,"F1",100,1,0.3,"trait4",0,1,0,FALSE
613,46,"F2",100,1,0.3,"trait1",0,0.8,0.2,FALSE
613,46,"F2",100,1,0.3,"trait2",0.8,0.2,0,FALSE
613,46,"F2",100,1,0.3,"trait3",0,1,0,FALSE
613,46,"F2",100,1,0.3,"trait4",0,0.95,0.05,FALSE
614,47,"F3",100,1,0.3,"cont1",0,1,0,FALSE
614,47,"F3",100,1,0.3,"binary_trait",0,0,1,TRUE
614,47,"F3",100,1,0.3,"cat_trait=A",0,1,0,FALSE
614,47,"F3",100,1,0.3,"cat_trait=B",0,1,0,FALSE
614,47,"F3",100,1,0.3,"cat_trait=C",0,1,0,FALSE
614,47,"F3",100,1,0.3,"count_trait",0.55,0,0.45,FALSE
615,48,"F1",300,1,0.3,"trait1",0,1,0,FALSE
615,48,"F1",300,1,0.3,"trait2",0,1,0,FALSE
615,48,"F1",300,1,0.3,"trait3",0,1,0,FALSE
615,48,"F1",300,1,0.3,"trait4",0,1,0,FALSE
616,49,"F2",300,1,0.3,"trait1",0,1,0,FALSE
616,49,"F2",300,1,0.3,"trait2",0.842105263157895,0.157894736842105,0,FALSE
616,49,"F2",300,1,0.3,"trait3",0,1,0,FALSE
616,49,"F2",300,1,0.3,"trait4",0,1,0,FALSE
617,50,"F3",300,1,0.3,"cont1",0,1,0,FALSE
617,50,"F3",300,1,0.3,"binary_trait",0,1,0,FALSE
617,50,"F3",300,1,0.3,"cat_trait=A",0,1,0,FALSE
617,50,"F3",300,1,0.3,"cat_trait=B",0,1,0,FALSE
617,50,"F3",300,1,0.3,"cat_trait=C",0,1,0,FALSE
617,50,"F3",300,1,0.3,"count_trait",0.266666666666667,0,0.733333333333333,FALSE
618,51,"F1",1000,1,0.3,"trait1",0.5,0.5,0,FALSE
618,51,"F1",1000,1,0.3,"trait2",0.88235294117647,0.117647058823529,0,FALSE
618,51,"F1",1000,1,0.3,"trait3",0.9,0.1,0,FALSE
618,51,"F1",1000,1,0.3,"trait4",0,1,0,FALSE
619,52,"F2",1000,1,0.3,"trait1",0.5,0.5,0,FALSE
619,52,"F2",1000,1,0.3,"trait2",1,0,0,FALSE
619,52,"F2",1000,1,0.3,"trait3",0.31578947368421,0.31578947368421,0.368421052631579,FALSE
619,52,"F2",1000,1,0.3,"trait4",0,1,0,FALSE
620,53,"F3",1000,1,0.3,"cont1",0,1,0,FALSE
620,53,"F3",1000,1,0.3,"binary_trait",0,1,0,FALSE
620,53,"F3",1000,1,0.3,"cat_trait=A",0,1,0,FALSE
620,53,"F3",1000,1,0.3,"cat_trait=B",0,1,0,FALSE
620,53,"F3",1000,1,0.3,"cat_trait=C",0,1,0,FALSE
620,53,"F3",1000,1,0.3,"count_trait",0,0.666666666666667,0.333333333333333,FALSE
621,54,"F1",100,0.2,0.5,"trait1",1,0,0,FALSE
621,54,"F1",100,0.2,0.5,"trait2",0,0,1,TRUE
621,54,"F1",100,0.2,0.5,"trait3",0,0,1,TRUE
621,54,"F1",100,0.2,0.5,"trait4",0,0,1,TRUE
622,55,"F2",100,0.2,0.5,"trait1",0,1,0,FALSE
622,55,"F2",100,0.2,0.5,"trait2",0,0,1,TRUE
622,55,"F2",100,0.2,0.5,"trait3",0,1,0,FALSE
622,55,"F2",100,0.2,0.5,"trait4",0,0,1,TRUE
623,56,"F3",100,0.2,0.5,"cont1",0,0,1,TRUE
623,56,"F3",100,0.2,0.5,"binary_trait",0,1,0,FALSE
623,56,"F3",100,0.2,0.5,"cat_trait=A",0,0,1,TRUE
623,56,"F3",100,0.2,0.5,"cat_trait=B",0,0,1,TRUE
623,56,"F3",100,0.2,0.5,"cat_trait=C",0,0,1,TRUE
623,56,"F3",100,0.2,0.5,"count_trait",0,1,0,FALSE
624,57,"F1",300,0.2,0.5,"trait1",0,1,0,FALSE
624,57,"F1",300,0.2,0.5,"trait2",0,1,0,FALSE
624,57,"F1",300,0.2,0.5,"trait3",0,0,1,TRUE
624,57,"F1",300,0.2,0.5,"trait4",0,1,0,FALSE
625,58,"F2",300,0.2,0.5,"trait1",0,0,1,TRUE
625,58,"F2",300,0.2,0.5,"trait2",1,0,0,FALSE
625,58,"F2",300,0.2,0.5,"trait3",0,1,0,FALSE
625,58,"F2",300,0.2,0.5,"trait4",0,0,1,TRUE
626,59,"F3",300,0.2,0.5,"cont1",0.714285714285714,0,0.285714285714286,FALSE
626,59,"F3",300,0.2,0.5,"binary_trait",0,0,1,TRUE
626,59,"F3",300,0.2,0.5,"cat_trait=A",0,0.842105263157895,0.157894736842105,FALSE
626,59,"F3",300,0.2,0.5,"cat_trait=B",0,0.842105263157895,0.157894736842105,FALSE
626,59,"F3",300,0.2,0.5,"cat_trait=C",0,0.842105263157895,0.157894736842105,FALSE
626,59,"F3",300,0.2,0.5,"count_trait",0.5,0.5,0,FALSE
627,60,"F1",1000,0.2,0.5,"trait1",0,0.5,0.5,FALSE
627,60,"F1",1000,0.2,0.5,"trait2",0,1,0,FALSE
627,60,"F1",1000,0.2,0.5,"trait3",0,1,0,FALSE
627,60,"F1",1000,0.2,0.5,"trait4",0,1,0,FALSE
628,61,"F2",1000,0.2,0.5,"trait1",0,1,0,FALSE
628,61,"F2",1000,0.2,0.5,"trait2",0,0,1,TRUE
628,61,"F2",1000,0.2,0.5,"trait3",0,0,1,TRUE
628,61,"F2",1000,0.2,0.5,"trait4",0,0,1,TRUE
629,62,"F3",1000,0.2,0.5,"cont1",0,0,1,TRUE
629,62,"F3",1000,0.2,0.5,"binary_trait",0,1,0,FALSE
629,62,"F3",1000,0.2,0.5,"cat_trait=A",0.25,0,0.75,FALSE
629,62,"F3",1000,0.2,0.5,"cat_trait=B",0.25,0,0.75,FALSE
629,62,"F3",1000,0.2,0.5,"cat_trait=C",0.25,0,0.75,FALSE
629,62,"F3",1000,0.2,0.5,"count_trait",0,1,0,FALSE
630,63,"F1",100,0.5,0.5,"trait1",0,1,0,FALSE
630,63,"F1",100,0.5,0.5,"trait2",0,1,0,FALSE
630,63,"F1",100,0.5,0.5,"trait3",0,1,0,FALSE
630,63,"F1",100,0.5,0.5,"trait4",0,1,0,FALSE
631,64,"F2",100,0.5,0.5,"trait1",0,0.8,0.2,FALSE
631,64,"F2",100,0.5,0.5,"trait2",0,1,0,FALSE
631,64,"F2",100,0.5,0.5,"trait3",0,0,1,TRUE
631,64,"F2",100,0.5,0.5,"trait4",0.6,0,0.4,FALSE
632,65,"F3",100,0.5,0.5,"cont1",0,1,0,FALSE
632,65,"F3",100,0.5,0.5,"binary_trait",0,0,1,TRUE
632,65,"F3",100,0.5,0.5,"cat_trait=A",0,0,1,TRUE
632,65,"F3",100,0.5,0.5,"cat_trait=B",0,0,1,TRUE
632,65,"F3",100,0.5,0.5,"cat_trait=C",0,0,1,TRUE
632,65,"F3",100,0.5,0.5,"count_trait",1,0,0,FALSE
633,66,"F1",300,0.5,0.5,"trait1",1,0,0,FALSE
633,66,"F1",300,0.5,0.5,"trait2",0,1,0,FALSE
633,66,"F1",300,0.5,0.5,"trait3",0,1,0,FALSE
633,66,"F1",300,0.5,0.5,"trait4",0,1,0,FALSE
634,67,"F2",300,0.5,0.5,"trait1",0.736842105263158,0,0.263157894736842,FALSE
634,67,"F2",300,0.5,0.5,"trait2",0,1,0,FALSE
634,67,"F2",300,0.5,0.5,"trait3",0,0,1,TRUE
634,67,"F2",300,0.5,0.5,"trait4",0,0.764705882352941,0.235294117647059,FALSE
635,68,"F3",300,0.5,0.5,"cont1",0,1,0,FALSE
635,68,"F3",300,0.5,0.5,"binary_trait",0,0,1,TRUE
635,68,"F3",300,0.5,0.5,"cat_trait=A",0,1,0,FALSE
635,68,"F3",300,0.5,0.5,"cat_trait=B",0,1,0,FALSE
635,68,"F3",300,0.5,0.5,"cat_trait=C",0,1,0,FALSE
635,68,"F3",300,0.5,0.5,"count_trait",0,1,0,FALSE
636,69,"F1",1000,0.5,0.5,"trait1",1,0,0,FALSE
636,69,"F1",1000,0.5,0.5,"trait2",0,1,0,FALSE
636,69,"F1",1000,0.5,0.5,"trait3",0.6,0.4,0,FALSE
636,69,"F1",1000,0.5,0.5,"trait4",0,1,0,FALSE
637,70,"F2",1000,0.5,0.5,"trait1",1,0,0,FALSE
637,70,"F2",1000,0.5,0.5,"trait2",0.894736842105263,0,0.105263157894737,FALSE
637,70,"F2",1000,0.5,0.5,"trait3",0,1,0,FALSE
637,70,"F2",1000,0.5,0.5,"trait4",1,0,0,FALSE
638,71,"F3",1000,0.5,0.5,"cont1",0.7,0.3,0,FALSE
638,71,"F3",1000,0.5,0.5,"binary_trait",0,1,0,FALSE
638,71,"F3",1000,0.5,0.5,"cat_trait=A",0,1,0,FALSE
638,71,"F3",1000,0.5,0.5,"cat_trait=B",0,1,0,FALSE
638,71,"F3",1000,0.5,0.5,"cat_trait=C",0,1,0,FALSE
638,71,"F3",1000,0.5,0.5,"count_trait",0,1,0,FALSE
639,72,"F1",100,1,0.5,"trait1",1,0,0,FALSE
639,72,"F1",100,1,0.5,"trait2",0,1,0,FALSE
639,72,"F1",100,1,0.5,"trait3",1,0,0,FALSE
639,72,"F1",100,1,0.5,"trait4",0,0,1,TRUE
640,73,"F2",100,1,0.5,"trait1",1,0,0,FALSE
640,73,"F2",100,1,0.5,"trait2",1,0,0,FALSE
640,73,"F2",100,1,0.5,"trait3",0,0,1,TRUE
640,73,"F2",100,1,0.5,"trait4",0,1,0,FALSE
641,74,"F3",100,1,0.5,"cont1",0.8,0.2,0,FALSE
641,74,"F3",100,1,0.5,"binary_trait",0,0,1,TRUE
641,74,"F3",100,1,0.5,"cat_trait=A",0,0,1,TRUE
641,74,"F3",100,1,0.5,"cat_trait=B",0,0,1,TRUE
641,74,"F3",100,1,0.5,"cat_trait=C",0,0,1,TRUE
641,74,"F3",100,1,0.5,"count_trait",0,0,1,TRUE
642,75,"F1",300,1,0.5,"trait1",0,1,0,FALSE
642,75,"F1",300,1,0.5,"trait2",0.3,0.7,0,FALSE
642,75,"F1",300,1,0.5,"trait3",0.5,0,0.5,FALSE
642,75,"F1",300,1,0.5,"trait4",0,1,0,FALSE
643,76,"F2",300,1,0.5,"trait1",0.85,0.15,0,FALSE
643,76,"F2",300,1,0.5,"trait2",1,0,0,FALSE
643,76,"F2",300,1,0.5,"trait3",0,0.65,0.35,FALSE
643,76,"F2",300,1,0.5,"trait4",1,0,0,FALSE
644,77,"F3",300,1,0.5,"cont1",0,1,0,FALSE
644,77,"F3",300,1,0.5,"binary_trait",0,1,0,FALSE
644,77,"F3",300,1,0.5,"cat_trait=A",0,1,0,FALSE
644,77,"F3",300,1,0.5,"cat_trait=B",0,1,0,FALSE
644,77,"F3",300,1,0.5,"cat_trait=C",0,1,0,FALSE
644,77,"F3",300,1,0.5,"count_trait",0,0.85,0.15,FALSE
645,78,"F1",1000,1,0.5,"trait1",0,1,0,FALSE
645,78,"F1",1000,1,0.5,"trait2",0,1,0,FALSE
645,78,"F1",1000,1,0.5,"trait3",0,1,0,FALSE
645,78,"F1",1000,1,0.5,"trait4",0,1,0,FALSE
646,79,"F2",1000,1,0.5,"trait1",0,1,0,FALSE
646,79,"F2",1000,1,0.5,"trait2",0,1,0,FALSE
646,79,"F2",1000,1,0.5,"trait3",0,0.9,0.1,FALSE
646,79,"F2",1000,1,0.5,"trait4",1,0,0,FALSE
647,80,"F3",1000,1,0.5,"cont1",0,1,0,FALSE
647,80,"F3",1000,1,0.5,"binary_trait",0,1,0,FALSE
647,80,"F3",1000,1,0.5,"cat_trait=A",0,1,0,FALSE
647,80,"F3",1000,1,0.5,"cat_trait=B",0,1,0,FALSE
647,80,"F3",1000,1,0.5,"cat_trait=C",0,1,0,FALSE
647,80,"F3",1000,1,0.5,"count_trait",0,0.8,0.2,FALSE
648,0,"F1",100,0.2,0.1,"trait1",1,0,0,FALSE
648,0,"F1",100,0.2,0.1,"trait2",1,0,0,FALSE
648,0,"F1",100,0.2,0.1,"trait3",0,0,1,TRUE
648,0,"F1",100,0.2,0.1,"trait4",0,0,1,TRUE
649,1,"F2",100,0.2,0.1,"trait1",1,0,0,FALSE
649,1,"F2",100,0.2,0.1,"trait2",0.529411764705882,0,0.470588235294118,FALSE
649,1,"F2",100,0.2,0.1,"trait3",0,0,1,TRUE
649,1,"F2",100,0.2,0.1,"trait4",1,0,0,FALSE
650,2,"F3",100,0.2,0.1,"cont1",0,1,0,FALSE
650,2,"F3",100,0.2,0.1,"binary_trait",0,0,1,TRUE
650,2,"F3",100,0.2,0.1,"cat_trait=A",0,0,1,TRUE
650,2,"F3",100,0.2,0.1,"cat_trait=B",0,0,1,TRUE
650,2,"F3",100,0.2,0.1,"cat_trait=C",0,0,1,TRUE
650,2,"F3",100,0.2,0.1,"count_trait",0,0,1,TRUE
651,3,"F1",300,0.2,0.1,"trait1",1,0,0,FALSE
651,3,"F1",300,0.2,0.1,"trait2",0.75,0.25,0,FALSE
651,3,"F1",300,0.2,0.1,"trait3",0,1,0,FALSE
651,3,"F1",300,0.2,0.1,"trait4",0,1,0,FALSE
652,4,"F2",300,0.2,0.1,"trait1",1,0,0,FALSE
652,4,"F2",300,0.2,0.1,"trait2",0.55,0.45,0,FALSE
652,4,"F2",300,0.2,0.1,"trait3",0,0.85,0.15,FALSE
652,4,"F2",300,0.2,0.1,"trait4",0.95,0,0.05,FALSE
653,5,"F3",300,0.2,0.1,"cont1",0,1,0,FALSE
653,5,"F3",300,0.2,0.1,"binary_trait",0,1,0,FALSE
653,5,"F3",300,0.2,0.1,"cat_trait=A",0,0,1,TRUE
653,5,"F3",300,0.2,0.1,"cat_trait=B",0,0,1,TRUE
653,5,"F3",300,0.2,0.1,"cat_trait=C",0,0,1,TRUE
653,5,"F3",300,0.2,0.1,"count_trait",0,0,1,TRUE
654,6,"F1",1000,0.2,0.1,"trait1",0,0.85,0.15,FALSE
654,6,"F1",1000,0.2,0.1,"trait2",0,1,0,FALSE
654,6,"F1",1000,0.2,0.1,"trait3",0,1,0,FALSE
654,6,"F1",1000,0.2,0.1,"trait4",0,1,0,FALSE
655,7,"F2",1000,0.2,0.1,"trait1",1,0,0,FALSE
655,7,"F2",1000,0.2,0.1,"trait2",1,0,0,FALSE
655,7,"F2",1000,0.2,0.1,"trait3",0,0.2,0.8,FALSE
655,7,"F2",1000,0.2,0.1,"trait4",1,0,0,FALSE
656,8,"F3",1000,0.2,0.1,"cont1",0,1,0,FALSE
656,8,"F3",1000,0.2,0.1,"binary_trait",0,1,0,FALSE
656,8,"F3",1000,0.2,0.1,"cat_trait=A",0,0,1,TRUE
656,8,"F3",1000,0.2,0.1,"cat_trait=B",0,0,1,TRUE
656,8,"F3",1000,0.2,0.1,"cat_trait=C",0,0,1,TRUE
656,8,"F3",1000,0.2,0.1,"count_trait",0,1,0,FALSE
657,9,"F1",100,0.5,0.1,"trait1",1,0,0,FALSE
657,9,"F1",100,0.5,0.1,"trait2",0,0,1,TRUE
657,9,"F1",100,0.5,0.1,"trait3",0,1,0,FALSE
657,9,"F1",100,0.5,0.1,"trait4",0,1,0,FALSE
658,10,"F2",100,0.5,0.1,"trait1",0,1,0,FALSE
658,10,"F2",100,0.5,0.1,"trait2",0,1,0,FALSE
658,10,"F2",100,0.5,0.1,"trait3",0,0,1,TRUE
658,10,"F2",100,0.5,0.1,"trait4",1,0,0,FALSE
659,11,"F3",100,0.5,0.1,"cont1",0,0,1,TRUE
659,11,"F3",100,0.5,0.1,"binary_trait",0,0,1,TRUE
659,11,"F3",100,0.5,0.1,"cat_trait=A",0,1,0,FALSE
659,11,"F3",100,0.5,0.1,"cat_trait=B",0,1,0,FALSE
659,11,"F3",100,0.5,0.1,"cat_trait=C",0,1,0,FALSE
659,11,"F3",100,0.5,0.1,"count_trait",0,1,0,FALSE
660,12,"F1",300,0.5,0.1,"trait1",0,1,0,FALSE
660,12,"F1",300,0.5,0.1,"trait2",0,1,0,FALSE
660,12,"F1",300,0.5,0.1,"trait3",0,1,0,FALSE
660,12,"F1",300,0.5,0.1,"trait4",0,1,0,FALSE
661,13,"F2",300,0.5,0.1,"trait1",1,0,0,FALSE
661,13,"F2",300,0.5,0.1,"trait2",1,0,0,FALSE
661,13,"F2",300,0.5,0.1,"trait3",1,0,0,FALSE
661,13,"F2",300,0.5,0.1,"trait4",1,0,0,FALSE
662,14,"F3",300,0.5,0.1,"cont1",0,1,0,FALSE
662,14,"F3",300,0.5,0.1,"binary_trait",0,1,0,FALSE
662,14,"F3",300,0.5,0.1,"cat_trait=A",0,1,0,FALSE
662,14,"F3",300,0.5,0.1,"cat_trait=B",0,1,0,FALSE
662,14,"F3",300,0.5,0.1,"cat_trait=C",0,1,0,FALSE
662,14,"F3",300,0.5,0.1,"count_trait",0.3,0.7,0,FALSE
663,15,"F1",1000,0.5,0.1,"trait1",1,0,0,FALSE
663,15,"F1",1000,0.5,0.1,"trait2",0,1,0,FALSE
663,15,"F1",1000,0.5,0.1,"trait3",0,1,0,FALSE
663,15,"F1",1000,0.5,0.1,"trait4",0,1,0,FALSE
664,16,"F2",1000,0.5,0.1,"trait1",0.764705882352941,0.235294117647059,0,FALSE
664,16,"F2",1000,0.5,0.1,"trait2",0.95,0.05,0,FALSE
664,16,"F2",1000,0.5,0.1,"trait3",0,1,0,FALSE
664,16,"F2",1000,0.5,0.1,"trait4",0,1,0,FALSE
665,17,"F3",1000,0.5,0.1,"cont1",0,1,0,FALSE
665,17,"F3",1000,0.5,0.1,"binary_trait",0,1,0,FALSE
665,17,"F3",1000,0.5,0.1,"cat_trait=A",0,0,1,TRUE
665,17,"F3",1000,0.5,0.1,"cat_trait=B",0,0,1,TRUE
665,17,"F3",1000,0.5,0.1,"cat_trait=C",0,0,1,TRUE
665,17,"F3",1000,0.5,0.1,"count_trait",1,0,0,FALSE
666,18,"F1",100,1,0.1,"trait1",0,0.894736842105263,0.105263157894737,FALSE
666,18,"F1",100,1,0.1,"trait2",0,1,0,FALSE
666,18,"F1",100,1,0.1,"trait3",0.65,0,0.35,FALSE
666,18,"F1",100,1,0.1,"trait4",0,1,0,FALSE
667,19,"F2",100,1,0.1,"trait1",0,1,0,FALSE
667,19,"F2",100,1,0.1,"trait2",1,0,0,FALSE
667,19,"F2",100,1,0.1,"trait3",0,0.9,0.1,FALSE
667,19,"F2",100,1,0.1,"trait4",0,1,0,FALSE
668,20,"F3",100,1,0.1,"cont1",0,1,0,FALSE
668,20,"F3",100,1,0.1,"binary_trait",0,0,1,TRUE
668,20,"F3",100,1,0.1,"cat_trait=A",0,0,1,TRUE
668,20,"F3",100,1,0.1,"cat_trait=B",0,0,1,TRUE
668,20,"F3",100,1,0.1,"cat_trait=C",0,0,1,TRUE
668,20,"F3",100,1,0.1,"count_trait",0,1,0,FALSE
669,21,"F1",300,1,0.1,"trait1",0.9,0.1,0,FALSE
669,21,"F1",300,1,0.1,"trait2",0,0.85,0.15,FALSE
669,21,"F1",300,1,0.1,"trait3",1,0,0,FALSE
669,21,"F1",300,1,0.1,"trait4",0,1,0,FALSE
670,22,"F2",300,1,0.1,"trait1",0,1,0,FALSE
670,22,"F2",300,1,0.1,"trait2",0.95,0,0.05,FALSE
670,22,"F2",300,1,0.1,"trait3",0,1,0,FALSE
670,22,"F2",300,1,0.1,"trait4",1,0,0,FALSE
671,23,"F3",300,1,0.1,"cont1",0,1,0,FALSE
671,23,"F3",300,1,0.1,"binary_trait",0,1,0,FALSE
671,23,"F3",300,1,0.1,"cat_trait=A",0,1,0,FALSE
671,23,"F3",300,1,0.1,"cat_trait=B",0,1,0,FALSE
671,23,"F3",300,1,0.1,"cat_trait=C",0,1,0,FALSE
671,23,"F3",300,1,0.1,"count_trait",0,1,0,FALSE
672,24,"F1",1000,1,0.1,"trait1",0,1,0,FALSE
672,24,"F1",1000,1,0.1,"trait2",0,1,0,FALSE
672,24,"F1",1000,1,0.1,"trait3",0,1,0,FALSE
672,24,"F1",1000,1,0.1,"trait4",0,1,0,FALSE
673,25,"F2",1000,1,0.1,"trait1",0.7,0.3,0,FALSE
673,25,"F2",1000,1,0.1,"trait2",1,0,0,FALSE
673,25,"F2",1000,1,0.1,"trait3",0,1,0,FALSE
673,25,"F2",1000,1,0.1,"trait4",1,0,0,FALSE
674,26,"F3",1000,1,0.1,"cont1",0,1,0,FALSE
674,26,"F3",1000,1,0.1,"binary_trait",0,1,0,FALSE
674,26,"F3",1000,1,0.1,"cat_trait=A",0,1,0,FALSE
674,26,"F3",1000,1,0.1,"cat_trait=B",0,1,0,FALSE
674,26,"F3",1000,1,0.1,"cat_trait=C",0,1,0,FALSE
674,26,"F3",1000,1,0.1,"count_trait",0,1,0,FALSE
675,27,"F1",100,0.2,0.3,"trait1",0,0,1,TRUE
675,27,"F1",100,0.2,0.3,"trait2",0,0,1,TRUE
675,27,"F1",100,0.2,0.3,"trait3",0,0,1,TRUE
675,27,"F1",100,0.2,0.3,"trait4",0,1,0,FALSE
676,28,"F2",100,0.2,0.3,"trait1",0,0,1,TRUE
676,28,"F2",100,0.2,0.3,"trait2",0,1,0,FALSE
676,28,"F2",100,0.2,0.3,"trait3",0,0,1,TRUE
676,28,"F2",100,0.2,0.3,"trait4",1,0,0,FALSE
677,29,"F3",100,0.2,0.3,"cont1",0,1,0,FALSE
677,29,"F3",100,0.2,0.3,"binary_trait",0,0,1,TRUE
677,29,"F3",100,0.2,0.3,"cat_trait=A",0,0,1,TRUE
677,29,"F3",100,0.2,0.3,"cat_trait=B",0,0,1,TRUE
677,29,"F3",100,0.2,0.3,"cat_trait=C",0,0,1,TRUE
677,29,"F3",100,0.2,0.3,"count_trait",0,0,1,TRUE
678,30,"F1",300,0.2,0.3,"trait1",0.1875,0,0.8125,FALSE
678,30,"F1",300,0.2,0.3,"trait2",0,1,0,FALSE
678,30,"F1",300,0.2,0.3,"trait3",0,1,0,FALSE
678,30,"F1",300,0.2,0.3,"trait4",0,0.55,0.45,FALSE
679,31,"F2",300,0.2,0.3,"trait1",0,1,0,FALSE
679,31,"F2",300,0.2,0.3,"trait2",0,1,0,FALSE
679,31,"F2",300,0.2,0.3,"trait3",0,0,1,TRUE
679,31,"F2",300,0.2,0.3,"trait4",1,0,0,FALSE
680,32,"F3",300,0.2,0.3,"cont1",0,1,0,FALSE
680,32,"F3",300,0.2,0.3,"binary_trait",0,0,1,TRUE
680,32,"F3",300,0.2,0.3,"cat_trait=A",0,0.65,0.35,FALSE
680,32,"F3",300,0.2,0.3,"cat_trait=B",0,0.65,0.35,FALSE
680,32,"F3",300,0.2,0.3,"cat_trait=C",0,0.65,0.35,FALSE
680,32,"F3",300,0.2,0.3,"count_trait",0,1,0,FALSE
681,33,"F1",1000,0.2,0.3,"trait1",0,1,0,FALSE
681,33,"F1",1000,0.2,0.3,"trait2",0,1,0,FALSE
681,33,"F1",1000,0.2,0.3,"trait3",0,1,0,FALSE
681,33,"F1",1000,0.2,0.3,"trait4",0,1,0,FALSE
682,34,"F2",1000,0.2,0.3,"trait1",1,0,0,FALSE
682,34,"F2",1000,0.2,0.3,"trait2",1,0,0,FALSE
682,34,"F2",1000,0.2,0.3,"trait3",0,1,0,FALSE
682,34,"F2",1000,0.2,0.3,"trait4",1,0,0,FALSE
683,35,"F3",1000,0.2,0.3,"cont1",0,1,0,FALSE
683,35,"F3",1000,0.2,0.3,"binary_trait",0,1,0,FALSE
683,35,"F3",1000,0.2,0.3,"cat_trait=A",0,1,0,FALSE
683,35,"F3",1000,0.2,0.3,"cat_trait=B",0,1,0,FALSE
683,35,"F3",1000,0.2,0.3,"cat_trait=C",0,1,0,FALSE
683,35,"F3",1000,0.2,0.3,"count_trait",0,1,0,FALSE
684,36,"F1",100,0.5,0.3,"trait1",0,0.85,0.15,FALSE
684,36,"F1",100,0.5,0.3,"trait2",0,1,0,FALSE
684,36,"F1",100,0.5,0.3,"trait3",1,0,0,FALSE
684,36,"F1",100,0.5,0.3,"trait4",0.9,0.1,0,FALSE
685,37,"F2",100,0.5,0.3,"trait1",0,1,0,FALSE
685,37,"F2",100,0.5,0.3,"trait2",1,0,0,FALSE
685,37,"F2",100,0.5,0.3,"trait3",0,1,0,FALSE
685,37,"F2",100,0.5,0.3,"trait4",1,0,0,FALSE
686,38,"F3",100,0.5,0.3,"cont1",1,0,0,FALSE
686,38,"F3",100,0.5,0.3,"binary_trait",0,0,1,TRUE
686,38,"F3",100,0.5,0.3,"cat_trait=A",0,0,1,TRUE
686,38,"F3",100,0.5,0.3,"cat_trait=B",0,0,1,TRUE
686,38,"F3",100,0.5,0.3,"cat_trait=C",0,0,1,TRUE
686,38,"F3",100,0.5,0.3,"count_trait",0.85,0.15,0,FALSE
687,39,"F1",300,0.5,0.3,"trait1",1,0,0,FALSE
687,39,"F1",300,0.5,0.3,"trait2",0,1,0,FALSE
687,39,"F1",300,0.5,0.3,"trait3",0.95,0,0.05,FALSE
687,39,"F1",300,0.5,0.3,"trait4",0,0.9,0.1,FALSE
688,40,"F2",300,0.5,0.3,"trait1",0,1,0,FALSE
688,40,"F2",300,0.5,0.3,"trait2",0.8,0.2,0,FALSE
688,40,"F2",300,0.5,0.3,"trait3",0.55,0.45,0,FALSE
688,40,"F2",300,0.5,0.3,"trait4",0.666666666666667,0,0.333333333333333,FALSE
689,41,"F3",300,0.5,0.3,"cont1",1,0,0,FALSE
689,41,"F3",300,0.5,0.3,"binary_trait",0,1,0,FALSE
689,41,"F3",300,0.5,0.3,"cat_trait=A",0,0,1,TRUE
689,41,"F3",300,0.5,0.3,"cat_trait=B",0,0,1,TRUE
689,41,"F3",300,0.5,0.3,"cat_trait=C",0,0,1,TRUE
689,41,"F3",300,0.5,0.3,"count_trait",0,0,1,TRUE
690,42,"F1",1000,0.5,0.3,"trait1",0,1,0,FALSE
690,42,"F1",1000,0.5,0.3,"trait2",0,1,0,FALSE
690,42,"F1",1000,0.5,0.3,"trait3",0,1,0,FALSE
690,42,"F1",1000,0.5,0.3,"trait4",0,1,0,FALSE
691,43,"F2",1000,0.5,0.3,"trait1",0,1,0,FALSE
691,43,"F2",1000,0.5,0.3,"trait2",0.2,0.8,0,FALSE
691,43,"F2",1000,0.5,0.3,"trait3",0,1,0,FALSE
691,43,"F2",1000,0.5,0.3,"trait4",0,1,0,FALSE
692,44,"F3",1000,0.5,0.3,"cont1",0,1,0,FALSE
692,44,"F3",1000,0.5,0.3,"binary_trait",0,1,0,FALSE
692,44,"F3",1000,0.5,0.3,"cat_trait=A",0,0.833333333333333,0.166666666666667,FALSE
692,44,"F3",1000,0.5,0.3,"cat_trait=B",0,0.833333333333333,0.166666666666667,FALSE
692,44,"F3",1000,0.5,0.3,"cat_trait=C",0,0.833333333333333,0.166666666666667,FALSE
692,44,"F3",1000,0.5,0.3,"count_trait",0.75,0.25,0,FALSE
693,45,"F1",100,1,0.3,"trait1",0.75,0,0.25,FALSE
693,45,"F1",100,1,0.3,"trait2",0,1,0,FALSE
693,45,"F1",100,1,0.3,"trait3",0.5,0.5,0,FALSE
693,45,"F1",100,1,0.3,"trait4",1,0,0,FALSE
694,46,"F2",100,1,0.3,"trait1",1,0,0,FALSE
694,46,"F2",100,1,0.3,"trait2",0,1,0,FALSE
694,46,"F2",100,1,0.3,"trait3",0,0,1,TRUE
694,46,"F2",100,1,0.3,"trait4",1,0,0,FALSE
695,47,"F3",100,1,0.3,"cont1",0,1,0,FALSE
695,47,"F3",100,1,0.3,"binary_trait",0,0,1,TRUE
695,47,"F3",100,1,0.3,"cat_trait=A",0,0,1,TRUE
695,47,"F3",100,1,0.3,"cat_trait=B",0,0,1,TRUE
695,47,"F3",100,1,0.3,"cat_trait=C",0,0,1,TRUE
695,47,"F3",100,1,0.3,"count_trait",0,0,1,TRUE
696,48,"F1",300,1,0.3,"trait1",0.5,0.5,0,FALSE
696,48,"F1",300,1,0.3,"trait2",0,1,0,FALSE
696,48,"F1",300,1,0.3,"trait3",0,1,0,FALSE
696,48,"F1",300,1,0.3,"trait4",0.2,0.7,0.1,FALSE
697,49,"F2",300,1,0.3,"trait1",0,1,0,FALSE
697,49,"F2",300,1,0.3,"trait2",0,1,0,FALSE
697,49,"F2",300,1,0.3,"trait3",0,0,1,TRUE
697,49,"F2",300,1,0.3,"trait4",1,0,0,FALSE
698,50,"F3",300,1,0.3,"cont1",0,1,0,FALSE
698,50,"F3",300,1,0.3,"binary_trait",0,1,0,FALSE
698,50,"F3",300,1,0.3,"cat_trait=A",0,0,1,TRUE
698,50,"F3",300,1,0.3,"cat_trait=B",0,0,1,TRUE
698,50,"F3",300,1,0.3,"cat_trait=C",0,0,1,TRUE
698,50,"F3",300,1,0.3,"count_trait",0,1,0,FALSE
699,51,"F1",1000,1,0.3,"trait1",0,1,0,FALSE
699,51,"F1",1000,1,0.3,"trait2",1,0,0,FALSE
699,51,"F1",1000,1,0.3,"trait3",0.4,0.6,0,FALSE
699,51,"F1",1000,1,0.3,"trait4",0,1,0,FALSE
700,52,"F2",1000,1,0.3,"trait1",0.7,0.3,0,FALSE
700,52,"F2",1000,1,0.3,"trait2",0.95,0.05,0,FALSE
700,52,"F2",1000,1,0.3,"trait3",0,0.85,0.15,FALSE
700,52,"F2",1000,1,0.3,"trait4",0.55,0.4,0.05,FALSE
701,53,"F3",1000,1,0.3,"cont1",0,1,0,FALSE
701,53,"F3",1000,1,0.3,"binary_trait",0,1,0,FALSE
701,53,"F3",1000,1,0.3,"cat_trait=A",0,1,0,FALSE
701,53,"F3",1000,1,0.3,"cat_trait=B",0,1,0,FALSE
701,53,"F3",1000,1,0.3,"cat_trait=C",0,1,0,FALSE
701,53,"F3",1000,1,0.3,"count_trait",0,1,0,FALSE
702,54,"F1",100,0.2,0.5,"trait1",0,0,1,TRUE
702,54,"F1",100,0.2,0.5,"trait2",0,0,1,TRUE
702,54,"F1",100,0.2,0.5,"trait3",0.15,0.85,0,FALSE
702,54,"F1",100,0.2,0.5,"trait4",0,0,1,TRUE
703,55,"F2",100,0.2,0.5,"trait1",0,1,0,FALSE
703,55,"F2",100,0.2,0.5,"trait2",0,1,0,FALSE
703,55,"F2",100,0.2,0.5,"trait3",0,0,1,TRUE
703,55,"F2",100,0.2,0.5,"trait4",0,0,1,TRUE
704,56,"F3",100,0.2,0.5,"cont1",0,0,1,TRUE
704,56,"F3",100,0.2,0.5,"binary_trait",0,0,1,TRUE
704,56,"F3",100,0.2,0.5,"cat_trait=A",0,0,1,TRUE
704,56,"F3",100,0.2,0.5,"cat_trait=B",0,0,1,TRUE
704,56,"F3",100,0.2,0.5,"cat_trait=C",0,0,1,TRUE
704,56,"F3",100,0.2,0.5,"count_trait",0,0,1,TRUE
705,57,"F1",300,0.2,0.5,"trait1",1,0,0,FALSE
705,57,"F1",300,0.2,0.5,"trait2",1,0,0,FALSE
705,57,"F1",300,0.2,0.5,"trait3",0,0,1,TRUE
705,57,"F1",300,0.2,0.5,"trait4",0,0.777777777777778,0.222222222222222,FALSE
706,58,"F2",300,0.2,0.5,"trait1",0,1,0,FALSE
706,58,"F2",300,0.2,0.5,"trait2",0,0,1,TRUE
706,58,"F2",300,0.2,0.5,"trait3",0,0,1,TRUE
706,58,"F2",300,0.2,0.5,"trait4",0.7,0.3,0,FALSE
707,59,"F3",300,0.2,0.5,"cont1",1,0,0,FALSE
707,59,"F3",300,0.2,0.5,"binary_trait",0,1,0,FALSE
707,59,"F3",300,0.2,0.5,"cat_trait=A",0,0,1,TRUE
707,59,"F3",300,0.2,0.5,"cat_trait=B",0,0,1,TRUE
707,59,"F3",300,0.2,0.5,"cat_trait=C",0,0,1,TRUE
707,59,"F3",300,0.2,0.5,"count_trait",0,0,1,TRUE
708,60,"F1",1000,0.2,0.5,"trait1",0,1,0,FALSE
708,60,"F1",1000,0.2,0.5,"trait2",0,1,0,FALSE
708,60,"F1",1000,0.2,0.5,"trait3",0,1,0,FALSE
708,60,"F1",1000,0.2,0.5,"trait4",0,1,0,FALSE
709,61,"F2",1000,0.2,0.5,"trait1",1,0,0,FALSE
709,61,"F2",1000,0.2,0.5,"trait2",0.642857142857143,0.214285714285714,0.142857142857143,FALSE
709,61,"F2",1000,0.2,0.5,"trait3",0,1,0,FALSE
709,61,"F2",1000,0.2,0.5,"trait4",0,1,0,FALSE
710,62,"F3",1000,0.2,0.5,"cont1",0,1,0,FALSE
710,62,"F3",1000,0.2,0.5,"binary_trait",0,0,1,TRUE
710,62,"F3",1000,0.2,0.5,"cat_trait=A",0,1,0,FALSE
710,62,"F3",1000,0.2,0.5,"cat_trait=B",0,1,0,FALSE
710,62,"F3",1000,0.2,0.5,"cat_trait=C",0,1,0,FALSE
710,62,"F3",1000,0.2,0.5,"count_trait",0,1,0,FALSE
711,63,"F1",100,0.5,0.5,"trait1",0,0,1,TRUE
711,63,"F1",100,0.5,0.5,"trait2",0,0,1,TRUE
711,63,"F1",100,0.5,0.5,"trait3",0,0,1,TRUE
711,63,"F1",100,0.5,0.5,"trait4",0,1,0,FALSE
712,64,"F2",100,0.5,0.5,"trait1",0,0,1,TRUE
712,64,"F2",100,0.5,0.5,"trait2",0.375,0.625,0,FALSE
712,64,"F2",100,0.5,0.5,"trait3",0,0,1,TRUE
712,64,"F2",100,0.5,0.5,"trait4",0,0,1,TRUE
713,65,"F3",100,0.5,0.5,"cont1",0,1,0,FALSE
713,65,"F3",100,0.5,0.5,"binary_trait",0,1,0,FALSE
713,65,"F3",100,0.5,0.5,"cat_trait=A",0,0,1,TRUE
713,65,"F3",100,0.5,0.5,"cat_trait=B",0,0,1,TRUE
713,65,"F3",100,0.5,0.5,"cat_trait=C",0,0,1,TRUE
713,65,"F3",100,0.5,0.5,"count_trait",0,0,1,TRUE
714,66,"F1",300,0.5,0.5,"trait1",0,1,0,FALSE
714,66,"F1",300,0.5,0.5,"trait2",0.35,0.65,0,FALSE
714,66,"F1",300,0.5,0.5,"trait3",0,0.8,0.2,FALSE
714,66,"F1",300,0.5,0.5,"trait4",0,1,0,FALSE
715,67,"F2",300,0.5,0.5,"trait1",0,1,0,FALSE
715,67,"F2",300,0.5,0.5,"trait2",1,0,0,FALSE
715,67,"F2",300,0.5,0.5,"trait3",0,1,0,FALSE
715,67,"F2",300,0.5,0.5,"trait4",1,0,0,FALSE
716,68,"F3",300,0.5,0.5,"cont1",0,1,0,FALSE
716,68,"F3",300,0.5,0.5,"binary_trait",0,0,1,TRUE
716,68,"F3",300,0.5,0.5,"cat_trait=A",0.35,0.05,0.6,FALSE
716,68,"F3",300,0.5,0.5,"cat_trait=B",0.35,0.05,0.6,FALSE
716,68,"F3",300,0.5,0.5,"cat_trait=C",0.35,0.05,0.6,FALSE
716,68,"F3",300,0.5,0.5,"count_trait",0,1,0,FALSE
717,69,"F1",1000,0.5,0.5,"trait1",0,1,0,FALSE
717,69,"F1",1000,0.5,0.5,"trait2",0,1,0,FALSE
717,69,"F1",1000,0.5,0.5,"trait3",0,1,0,FALSE
717,69,"F1",1000,0.5,0.5,"trait4",0,1,0,FALSE
718,70,"F2",1000,0.5,0.5,"trait1",0,1,0,FALSE
718,70,"F2",1000,0.5,0.5,"trait2",1,0,0,FALSE
718,70,"F2",1000,0.5,0.5,"trait3",0,1,0,FALSE
718,70,"F2",1000,0.5,0.5,"trait4",1,0,0,FALSE
719,71,"F3",1000,0.5,0.5,"cont1",0,1,0,FALSE
719,71,"F3",1000,0.5,0.5,"binary_trait",0.444444444444444,0,0.555555555555556,FALSE
719,71,"F3",1000,0.5,0.5,"cat_trait=A",0,0,1,TRUE
719,71,"F3",1000,0.5,0.5,"cat_trait=B",0,0,1,TRUE
719,71,"F3",1000,0.5,0.5,"cat_trait=C",0,0,1,TRUE
719,71,"F3",1000,0.5,0.5,"count_trait",1,0,0,FALSE
720,72,"F1",100,1,0.5,"trait1",0,1,0,FALSE
720,72,"F1",100,1,0.5,"trait2",0.736842105263158,0.263157894736842,0,FALSE
720,72,"F1",100,1,0.5,"trait3",0,0.55,0.45,FALSE
720,72,"F1",100,1,0.5,"trait4",0,0,1,TRUE
721,73,"F2",100,1,0.5,"trait1",0,1,0,FALSE
721,73,"F2",100,1,0.5,"trait2",0,1,0,FALSE
721,73,"F2",100,1,0.5,"trait3",0,0,1,TRUE
721,73,"F2",100,1,0.5,"trait4",0,1,0,FALSE
722,74,"F3",100,1,0.5,"cont1",0,1,0,FALSE
722,74,"F3",100,1,0.5,"binary_trait",0,1,0,FALSE
722,74,"F3",100,1,0.5,"cat_trait=A",0,1,0,FALSE
722,74,"F3",100,1,0.5,"cat_trait=B",0,1,0,FALSE
722,74,"F3",100,1,0.5,"cat_trait=C",0,1,0,FALSE
722,74,"F3",100,1,0.5,"count_trait",0,0.55,0.45,FALSE
723,75,"F1",300,1,0.5,"trait1",0,1,0,FALSE
723,75,"F1",300,1,0.5,"trait2",0,1,0,FALSE
723,75,"F1",300,1,0.5,"trait3",0,1,0,FALSE
723,75,"F1",300,1,0.5,"trait4",0,1,0,FALSE
724,76,"F2",300,1,0.5,"trait1",0,1,0,FALSE
724,76,"F2",300,1,0.5,"trait2",1,0,0,FALSE
724,76,"F2",300,1,0.5,"trait3",0,0.866666666666667,0.133333333333333,FALSE
724,76,"F2",300,1,0.5,"trait4",0,1,0,FALSE
725,77,"F3",300,1,0.5,"cont1",0,1,0,FALSE
725,77,"F3",300,1,0.5,"binary_trait",0,1,0,FALSE
725,77,"F3",300,1,0.5,"cat_trait=A",0,0.1,0.9,FALSE
725,77,"F3",300,1,0.5,"cat_trait=B",0,0.1,0.9,FALSE
725,77,"F3",300,1,0.5,"cat_trait=C",0,0.1,0.9,FALSE
725,77,"F3",300,1,0.5,"count_trait",0,0.8,0.2,FALSE
726,78,"F1",1000,1,0.5,"trait1",0,1,0,FALSE
726,78,"F1",1000,1,0.5,"trait2",0,1,0,FALSE
726,78,"F1",1000,1,0.5,"trait3",0.15,0.85,0,FALSE
726,78,"F1",1000,1,0.5,"trait4",0.45,0.55,0,FALSE
727,79,"F2",1000,1,0.5,"trait1",0.210526315789474,0.789473684210526,0,FALSE
727,79,"F2",1000,1,0.5,"trait2",0,1,0,FALSE
727,79,"F2",1000,1,0.5,"trait3",1,0,0,FALSE
727,79,"F2",1000,1,0.5,"trait4",0,1,0,FALSE
728,80,"F3",1000,1,0.5,"cont1",0.85,0.15,0,FALSE
728,80,"F3",1000,1,0.5,"binary_trait",0,1,0,FALSE
728,80,"F3",1000,1,0.5,"cat_trait=A",0,1,0,FALSE
728,80,"F3",1000,1,0.5,"cat_trait=B",0,1,0,FALSE
728,80,"F3",1000,1,0.5,"cat_trait=C",0,1,0,FALSE
728,80,"F3",1000,1,0.5,"count_trait",0.95,0,0.05,FALSE
729,0,"F1",100,0.2,0.1,"trait1",0.666666666666667,0,0.333333333333333,FALSE
729,0,"F1",100,0.2,0.1,"trait2",0.2,0.8,0,FALSE
729,0,"F1",100,0.2,0.1,"trait3",0,0,1,TRUE
729,0,"F1",100,0.2,0.1,"trait4",0,1,0,FALSE
730,1,"F2",100,0.2,0.1,"trait1",1,0,0,FALSE
730,1,"F2",100,0.2,0.1,"trait2",0,0,1,TRUE
730,1,"F2",100,0.2,0.1,"trait3",0,0,1,TRUE
730,1,"F2",100,0.2,0.1,"trait4",0.117647058823529,0,0.88235294117647,FALSE
731,2,"F3",100,0.2,0.1,"cont1",0,1,0,FALSE
731,2,"F3",100,0.2,0.1,"binary_trait",0,0,1,TRUE
731,2,"F3",100,0.2,0.1,"cat_trait=A",0,0,1,TRUE
731,2,"F3",100,0.2,0.1,"cat_trait=B",0,0,1,TRUE
731,2,"F3",100,0.2,0.1,"cat_trait=C",0,0,1,TRUE
731,2,"F3",100,0.2,0.1,"count_trait",1,0,0,FALSE
732,3,"F1",300,0.2,0.1,"trait1",0,0,1,TRUE
732,3,"F1",300,0.2,0.1,"trait2",0,1,0,FALSE
732,3,"F1",300,0.2,0.1,"trait3",1,0,0,FALSE
732,3,"F1",300,0.2,0.1,"trait4",0,1,0,FALSE
733,4,"F2",300,0.2,0.1,"trait1",1,0,0,FALSE
733,4,"F2",300,0.2,0.1,"trait2",1,0,0,FALSE
733,4,"F2",300,0.2,0.1,"trait3",0,0,1,TRUE
733,4,"F2",300,0.2,0.1,"trait4",1,0,0,FALSE
734,5,"F3",300,0.2,0.1,"cont1",0,1,0,FALSE
734,5,"F3",300,0.2,0.1,"binary_trait",0,1,0,FALSE
734,5,"F3",300,0.2,0.1,"cat_trait=A",0,1,0,FALSE
734,5,"F3",300,0.2,0.1,"cat_trait=B",0,1,0,FALSE
734,5,"F3",300,0.2,0.1,"cat_trait=C",0,1,0,FALSE
734,5,"F3",300,0.2,0.1,"count_trait",0,0,1,TRUE
735,6,"F1",1000,0.2,0.1,"trait1",0,1,0,FALSE
735,6,"F1",1000,0.2,0.1,"trait2",1,0,0,FALSE
735,6,"F1",1000,0.2,0.1,"trait3",0,1,0,FALSE
735,6,"F1",1000,0.2,0.1,"trait4",0,1,0,FALSE
736,7,"F2",1000,0.2,0.1,"trait1",0,1,0,FALSE
736,7,"F2",1000,0.2,0.1,"trait2",1,0,0,FALSE
736,7,"F2",1000,0.2,0.1,"trait3",0,1,0,FALSE
736,7,"F2",1000,0.2,0.1,"trait4",0,1,0,FALSE
737,8,"F3",1000,0.2,0.1,"cont1",0,1,0,FALSE
737,8,"F3",1000,0.2,0.1,"binary_trait",0.5,0.4,0.1,FALSE
737,8,"F3",1000,0.2,0.1,"cat_trait=A",0,1,0,FALSE
737,8,"F3",1000,0.2,0.1,"cat_trait=B",0,1,0,FALSE
737,8,"F3",1000,0.2,0.1,"cat_trait=C",0,1,0,FALSE
737,8,"F3",1000,0.2,0.1,"count_trait",0.25,0.75,0,FALSE
738,9,"F1",100,0.5,0.1,"trait1",0,0.8,0.2,FALSE
738,9,"F1",100,0.5,0.1,"trait2",0,0,1,TRUE
738,9,"F1",100,0.5,0.1,"trait3",1,0,0,FALSE
738,9,"F1",100,0.5,0.1,"trait4",1,0,0,FALSE
739,10,"F2",100,0.5,0.1,"trait1",0,0.8,0.2,FALSE
739,10,"F2",100,0.5,0.1,"trait2",1,0,0,FALSE
739,10,"F2",100,0.5,0.1,"trait3",0,0,1,TRUE
739,10,"F2",100,0.5,0.1,"trait4",1,0,0,FALSE
740,11,"F3",100,0.5,0.1,"cont1",0,0,1,TRUE
740,11,"F3",100,0.5,0.1,"binary_trait",0,1,0,FALSE
740,11,"F3",100,0.5,0.1,"cat_trait=A",0,0,1,TRUE
740,11,"F3",100,0.5,0.1,"cat_trait=B",0,0,1,TRUE
740,11,"F3",100,0.5,0.1,"cat_trait=C",0,0,1,TRUE
740,11,"F3",100,0.5,0.1,"count_trait",0.7,0,0.3,FALSE
741,12,"F1",300,0.5,0.1,"trait1",0.1,0.9,0,FALSE
741,12,"F1",300,0.5,0.1,"trait2",1,0,0,FALSE
741,12,"F1",300,0.5,0.1,"trait3",1,0,0,FALSE
741,12,"F1",300,0.5,0.1,"trait4",0,1,0,FALSE
742,13,"F2",300,0.5,0.1,"trait1",0,1,0,FALSE
742,13,"F2",300,0.5,0.1,"trait2",1,0,0,FALSE
742,13,"F2",300,0.5,0.1,"trait3",0,0.85,0.15,FALSE
742,13,"F2",300,0.5,0.1,"trait4",1,0,0,FALSE
743,14,"F3",300,0.5,0.1,"cont1",0,1,0,FALSE
743,14,"F3",300,0.5,0.1,"binary_trait",0,1,0,FALSE
743,14,"F3",300,0.5,0.1,"cat_trait=A",0,0,1,TRUE
743,14,"F3",300,0.5,0.1,"cat_trait=B",0,0,1,TRUE
743,14,"F3",300,0.5,0.1,"cat_trait=C",0,0,1,TRUE
743,14,"F3",300,0.5,0.1,"count_trait",0,1,0,FALSE
744,15,"F1",1000,0.5,0.1,"trait1",0,1,0,FALSE
744,15,"F1",1000,0.5,0.1,"trait2",0.35,0.65,0,FALSE
744,15,"F1",1000,0.5,0.1,"trait3",0,1,0,FALSE
744,15,"F1",1000,0.5,0.1,"trait4",0,1,0,FALSE
745,16,"F2",1000,0.5,0.1,"trait1",0,1,0,FALSE
745,16,"F2",1000,0.5,0.1,"trait2",1,0,0,FALSE
745,16,"F2",1000,0.5,0.1,"trait3",0,1,0,FALSE
745,16,"F2",1000,0.5,0.1,"trait4",1,0,0,FALSE
746,17,"F3",1000,0.5,0.1,"cont1",0,1,0,FALSE
746,17,"F3",1000,0.5,0.1,"binary_trait",0,1,0,FALSE
746,17,"F3",1000,0.5,0.1,"cat_trait=A",0,1,0,FALSE
746,17,"F3",1000,0.5,0.1,"cat_trait=B",0,1,0,FALSE
746,17,"F3",1000,0.5,0.1,"cat_trait=C",0,1,0,FALSE
746,17,"F3",1000,0.5,0.1,"count_trait",0,1,0,FALSE
747,18,"F1",100,1,0.1,"trait1",0.25,0.75,0,FALSE
747,18,"F1",100,1,0.1,"trait2",0,1,0,FALSE
747,18,"F1",100,1,0.1,"trait3",0.85,0,0.15,FALSE
747,18,"F1",100,1,0.1,"trait4",0,1,0,FALSE
748,19,"F2",100,1,0.1,"trait1",0,1,0,FALSE
748,19,"F2",100,1,0.1,"trait2",0,1,0,FALSE
748,19,"F2",100,1,0.1,"trait3",0,1,0,FALSE
748,19,"F2",100,1,0.1,"trait4",1,0,0,FALSE
749,20,"F3",100,1,0.1,"cont1",0,1,0,FALSE
749,20,"F3",100,1,0.1,"binary_trait",0,0,1,TRUE
749,20,"F3",100,1,0.1,"cat_trait=A",0,1,0,FALSE
749,20,"F3",100,1,0.1,"cat_trait=B",0,1,0,FALSE
749,20,"F3",100,1,0.1,"cat_trait=C",0,1,0,FALSE
749,20,"F3",100,1,0.1,"count_trait",1,0,0,FALSE
750,21,"F1",300,1,0.1,"trait1",0.25,0.75,0,FALSE
750,21,"F1",300,1,0.1,"trait2",0.9,0.1,0,FALSE
750,21,"F1",300,1,0.1,"trait3",0,1,0,FALSE
750,21,"F1",300,1,0.1,"trait4",0,1,0,FALSE
751,22,"F2",300,1,0.1,"trait1",0.947368421052632,0,0.0526315789473684,FALSE
751,22,"F2",300,1,0.1,"trait2",0.95,0,0.05,FALSE
751,22,"F2",300,1,0.1,"trait3",0,1,0,FALSE
751,22,"F2",300,1,0.1,"trait4",1,0,0,FALSE
752,23,"F3",300,1,0.1,"cont1",0,1,0,FALSE
752,23,"F3",300,1,0.1,"binary_trait",0,1,0,FALSE
752,23,"F3",300,1,0.1,"cat_trait=A",0,0,1,TRUE
752,23,"F3",300,1,0.1,"cat_trait=B",0,0,1,TRUE
752,23,"F3",300,1,0.1,"cat_trait=C",0,0,1,TRUE
752,23,"F3",300,1,0.1,"count_trait",0,0.75,0.25,FALSE
753,24,"F1",1000,1,0.1,"trait1",0.45,0.55,0,FALSE
753,24,"F1",1000,1,0.1,"trait2",0,1,0,FALSE
753,24,"F1",1000,1,0.1,"trait3",0,1,0,FALSE
753,24,"F1",1000,1,0.1,"trait4",0,1,0,FALSE
754,25,"F2",1000,1,0.1,"trait1",0,1,0,FALSE
754,25,"F2",1000,1,0.1,"trait2",0.8,0.2,0,FALSE
754,25,"F2",1000,1,0.1,"trait3",0,0.55,0.45,FALSE
754,25,"F2",1000,1,0.1,"trait4",0.85,0.15,0,FALSE
755,26,"F3",1000,1,0.1,"cont1",0,1,0,FALSE
755,26,"F3",1000,1,0.1,"binary_trait",0,1,0,FALSE
755,26,"F3",1000,1,0.1,"cat_trait=A",0,1,0,FALSE
755,26,"F3",1000,1,0.1,"cat_trait=B",0,1,0,FALSE
755,26,"F3",1000,1,0.1,"cat_trait=C",0,1,0,FALSE
755,26,"F3",1000,1,0.1,"count_trait",0.25,0.75,0,FALSE
756,27,"F1",100,0.2,0.3,"trait1",0,0,1,TRUE
756,27,"F1",100,0.2,0.3,"trait2",0,0,1,TRUE
756,27,"F1",100,0.2,0.3,"trait3",0,0,1,TRUE
756,27,"F1",100,0.2,0.3,"trait4",0,0,1,TRUE
757,28,"F2",100,0.2,0.3,"trait1",1,0,0,FALSE
757,28,"F2",100,0.2,0.3,"trait2",0,0.111111111111111,0.888888888888889,FALSE
757,28,"F2",100,0.2,0.3,"trait3",0,0,1,TRUE
757,28,"F2",100,0.2,0.3,"trait4",0.916666666666667,0,0.0833333333333333,FALSE
758,29,"F3",100,0.2,0.3,"cont1",0,1,0,FALSE
758,29,"F3",100,0.2,0.3,"binary_trait",0,0,1,TRUE
758,29,"F3",100,0.2,0.3,"cat_trait=A",0,1,0,FALSE
758,29,"F3",100,0.2,0.3,"cat_trait=B",0,1,0,FALSE
758,29,"F3",100,0.2,0.3,"cat_trait=C",0,1,0,FALSE
758,29,"F3",100,0.2,0.3,"count_trait",0,1,0,FALSE
759,30,"F1",300,0.2,0.3,"trait1",0,1,0,FALSE
759,30,"F1",300,0.2,0.3,"trait2",0,1,0,FALSE
759,30,"F1",300,0.2,0.3,"trait3",0.9,0.1,0,FALSE
759,30,"F1",300,0.2,0.3,"trait4",0,0,1,TRUE
760,31,"F2",300,0.2,0.3,"trait1",0.263157894736842,0.210526315789474,0.526315789473684,FALSE
760,31,"F2",300,0.2,0.3,"trait2",1,0,0,FALSE
760,31,"F2",300,0.2,0.3,"trait3",0,1,0,FALSE
760,31,"F2",300,0.2,0.3,"trait4",1,0,0,FALSE
761,32,"F3",300,0.2,0.3,"cont1",0,1,0,FALSE
761,32,"F3",300,0.2,0.3,"binary_trait",0,0,1,TRUE
761,32,"F3",300,0.2,0.3,"cat_trait=A",0,1,0,FALSE
761,32,"F3",300,0.2,0.3,"cat_trait=B",0,1,0,FALSE
761,32,"F3",300,0.2,0.3,"cat_trait=C",0,1,0,FALSE
761,32,"F3",300,0.2,0.3,"count_trait",0,0,1,TRUE
762,33,"F1",1000,0.2,0.3,"trait1",1,0,0,FALSE
762,33,"F1",1000,0.2,0.3,"trait2",0,1,0,FALSE
762,33,"F1",1000,0.2,0.3,"trait3",1,0,0,FALSE
762,33,"F1",1000,0.2,0.3,"trait4",0,1,0,FALSE
763,34,"F2",1000,0.2,0.3,"trait1",0,1,0,FALSE
763,34,"F2",1000,0.2,0.3,"trait2",1,0,0,FALSE
763,34,"F2",1000,0.2,0.3,"trait3",1,0,0,FALSE
763,34,"F2",1000,0.2,0.3,"trait4",1,0,0,FALSE
764,35,"F3",1000,0.2,0.3,"cont1",0,1,0,FALSE
764,35,"F3",1000,0.2,0.3,"binary_trait",0,0.736842105263158,0.263157894736842,FALSE
764,35,"F3",1000,0.2,0.3,"cat_trait=A",0,1,0,FALSE
764,35,"F3",1000,0.2,0.3,"cat_trait=B",0,1,0,FALSE
764,35,"F3",1000,0.2,0.3,"cat_trait=C",0,1,0,FALSE
764,35,"F3",1000,0.2,0.3,"count_trait",0.6,0.4,0,FALSE
765,36,"F1",100,0.5,0.3,"trait1",1,0,0,FALSE
765,36,"F1",100,0.5,0.3,"trait2",0,0,1,TRUE
765,36,"F1",100,0.5,0.3,"trait3",0,0,1,TRUE
765,36,"F1",100,0.5,0.3,"trait4",0,1,0,FALSE
766,37,"F2",100,0.5,0.3,"trait1",0,1,0,FALSE
766,37,"F2",100,0.5,0.3,"trait2",0,1,0,FALSE
766,37,"F2",100,0.5,0.3,"trait3",0,0,1,TRUE
766,37,"F2",100,0.5,0.3,"trait4",0,0.125,0.875,FALSE
767,38,"F3",100,0.5,0.3,"cont1",0,0,1,TRUE
767,38,"F3",100,0.5,0.3,"binary_trait",0,0,1,TRUE
767,38,"F3",100,0.5,0.3,"cat_trait=A",0,0,1,TRUE
767,38,"F3",100,0.5,0.3,"cat_trait=B",0,0,1,TRUE
767,38,"F3",100,0.5,0.3,"cat_trait=C",0,0,1,TRUE
767,38,"F3",100,0.5,0.3,"count_trait",0.5,0.5,0,FALSE
768,39,"F1",300,0.5,0.3,"trait1",0,1,0,FALSE
768,39,"F1",300,0.5,0.3,"trait2",0,1,0,FALSE
768,39,"F1",300,0.5,0.3,"trait3",0,1,0,FALSE
768,39,"F1",300,0.5,0.3,"trait4",0,1,0,FALSE
769,40,"F2",300,0.5,0.3,"trait1",0,1,0,FALSE
769,40,"F2",300,0.5,0.3,"trait2",1,0,0,FALSE
769,40,"F2",300,0.5,0.3,"trait3",0,1,0,FALSE
769,40,"F2",300,0.5,0.3,"trait4",0,1,0,FALSE
770,41,"F3",300,0.5,0.3,"cont1",0.65,0.35,0,FALSE
770,41,"F3",300,0.5,0.3,"binary_trait",0,1,0,FALSE
770,41,"F3",300,0.5,0.3,"cat_trait=A",0,0,1,TRUE
770,41,"F3",300,0.5,0.3,"cat_trait=B",0,0,1,TRUE
770,41,"F3",300,0.5,0.3,"cat_trait=C",0,0,1,TRUE
770,41,"F3",300,0.5,0.3,"count_trait",0,0,1,TRUE
771,42,"F1",1000,0.5,0.3,"trait1",0,1,0,FALSE
771,42,"F1",1000,0.5,0.3,"trait2",0,1,0,FALSE
771,42,"F1",1000,0.5,0.3,"trait3",0,1,0,FALSE
771,42,"F1",1000,0.5,0.3,"trait4",0,1,0,FALSE
772,43,"F2",1000,0.5,0.3,"trait1",0.2,0.8,0,FALSE
772,43,"F2",1000,0.5,0.3,"trait2",1,0,0,FALSE
772,43,"F2",1000,0.5,0.3,"trait3",0,1,0,FALSE
772,43,"F2",1000,0.5,0.3,"trait4",1,0,0,FALSE
773,44,"F3",1000,0.5,0.3,"cont1",0,1,0,FALSE
773,44,"F3",1000,0.5,0.3,"binary_trait",0,0,1,TRUE
773,44,"F3",1000,0.5,0.3,"cat_trait=A",0,0.5,0.5,FALSE
773,44,"F3",1000,0.5,0.3,"cat_trait=B",0,0.5,0.5,FALSE
773,44,"F3",1000,0.5,0.3,"cat_trait=C",0,0.5,0.5,FALSE
773,44,"F3",1000,0.5,0.3,"count_trait",0.4,0.6,0,FALSE
774,45,"F1",100,1,0.3,"trait1",0.5,0.5,0,FALSE
774,45,"F1",100,1,0.3,"trait2",1,0,0,FALSE
774,45,"F1",100,1,0.3,"trait3",0,1,0,FALSE
774,45,"F1",100,1,0.3,"trait4",1,0,0,FALSE
775,46,"F2",100,1,0.3,"trait1",0.941176470588235,0,0.0588235294117647,FALSE
775,46,"F2",100,1,0.3,"trait2",0,1,0,FALSE
775,46,"F2",100,1,0.3,"trait3",0,1,0,FALSE
775,46,"F2",100,1,0.3,"trait4",1,0,0,FALSE
776,47,"F3",100,1,0.3,"cont1",1,0,0,FALSE
776,47,"F3",100,1,0.3,"binary_trait",0,1,0,FALSE
776,47,"F3",100,1,0.3,"cat_trait=A",0,0,1,TRUE
776,47,"F3",100,1,0.3,"cat_trait=B",0,0,1,TRUE
776,47,"F3",100,1,0.3,"cat_trait=C",0,0,1,TRUE
776,47,"F3",100,1,0.3,"count_trait",0.4,0,0.6,FALSE
777,48,"F1",300,1,0.3,"trait1",0.5,0.5,0,FALSE
777,48,"F1",300,1,0.3,"trait2",0.833333333333333,0,0.166666666666667,FALSE
777,48,"F1",300,1,0.3,"trait3",0.4,0.6,0,FALSE
777,48,"F1",300,1,0.3,"trait4",1,0,0,FALSE
778,49,"F2",300,1,0.3,"trait1",0.15,0.85,0,FALSE
778,49,"F2",300,1,0.3,"trait2",0,1,0,FALSE
778,49,"F2",300,1,0.3,"trait3",0,1,0,FALSE
778,49,"F2",300,1,0.3,"trait4",0.9,0,0.1,FALSE
779,50,"F3",300,1,0.3,"cont1",0.588235294117647,0.411764705882353,0,FALSE
779,50,"F3",300,1,0.3,"binary_trait",0,1,0,FALSE
779,50,"F3",300,1,0.3,"cat_trait=A",0,0,1,TRUE
779,50,"F3",300,1,0.3,"cat_trait=B",0,0,1,TRUE
779,50,"F3",300,1,0.3,"cat_trait=C",0,0,1,TRUE
779,50,"F3",300,1,0.3,"count_trait",0,1,0,FALSE
780,51,"F1",1000,1,0.3,"trait1",0,1,0,FALSE
780,51,"F1",1000,1,0.3,"trait2",0.6,0.4,0,FALSE
780,51,"F1",1000,1,0.3,"trait3",0,1,0,FALSE
780,51,"F1",1000,1,0.3,"trait4",0,1,0,FALSE
781,52,"F2",1000,1,0.3,"trait1",0.25,0.75,0,FALSE
781,52,"F2",1000,1,0.3,"trait2",0,1,0,FALSE
781,52,"F2",1000,1,0.3,"trait3",0,1,0,FALSE
781,52,"F2",1000,1,0.3,"trait4",0.45,0.55,0,FALSE
782,53,"F3",1000,1,0.3,"cont1",0.25,0.75,0,FALSE
782,53,"F3",1000,1,0.3,"binary_trait",0,1,0,FALSE
782,53,"F3",1000,1,0.3,"cat_trait=A",0,0,1,TRUE
782,53,"F3",1000,1,0.3,"cat_trait=B",0,0,1,TRUE
782,53,"F3",1000,1,0.3,"cat_trait=C",0,0,1,TRUE
782,53,"F3",1000,1,0.3,"count_trait",0,0.9,0.1,FALSE
783,54,"F1",100,0.2,0.5,"trait1",0,0,1,TRUE
783,54,"F1",100,0.2,0.5,"trait2",0,0,1,TRUE
783,54,"F1",100,0.2,0.5,"trait3",0,0,1,TRUE
783,54,"F1",100,0.2,0.5,"trait4",0,0,1,TRUE
784,55,"F2",100,0.2,0.5,"trait1",0,0,1,TRUE
784,55,"F2",100,0.2,0.5,"trait2",0,1,0,FALSE
784,55,"F2",100,0.2,0.5,"trait3",0,0,1,TRUE
784,55,"F2",100,0.2,0.5,"trait4",1,0,0,FALSE
785,56,"F3",100,0.2,0.5,"cont1",0,0,1,TRUE
785,56,"F3",100,0.2,0.5,"binary_trait",0,0,1,TRUE
785,56,"F3",100,0.2,0.5,"cat_trait=A",0,0,1,TRUE
785,56,"F3",100,0.2,0.5,"cat_trait=B",0,0,1,TRUE
785,56,"F3",100,0.2,0.5,"cat_trait=C",0,0,1,TRUE
785,56,"F3",100,0.2,0.5,"count_trait",0,0,1,TRUE
786,57,"F1",300,0.2,0.5,"trait1",0,1,0,FALSE
786,57,"F1",300,0.2,0.5,"trait2",1,0,0,FALSE
786,57,"F1",300,0.2,0.5,"trait3",0,1,0,FALSE
786,57,"F1",300,0.2,0.5,"trait4",1,0,0,FALSE
787,58,"F2",300,0.2,0.5,"trait1",0,1,0,FALSE
787,58,"F2",300,0.2,0.5,"trait2",0,1,0,FALSE
787,58,"F2",300,0.2,0.5,"trait3",0,0,1,TRUE
787,58,"F2",300,0.2,0.5,"trait4",1,0,0,FALSE
788,59,"F3",300,0.2,0.5,"cont1",0,0,1,TRUE
788,59,"F3",300,0.2,0.5,"binary_trait",0,1,0,FALSE
788,59,"F3",300,0.2,0.5,"cat_trait=A",0,0,1,TRUE
788,59,"F3",300,0.2,0.5,"cat_trait=B",0,0,1,TRUE
788,59,"F3",300,0.2,0.5,"cat_trait=C",0,0,1,TRUE
788,59,"F3",300,0.2,0.5,"count_trait",0,0,1,TRUE
789,60,"F1",1000,0.2,0.5,"trait1",1,0,0,FALSE
789,60,"F1",1000,0.2,0.5,"trait2",0,1,0,FALSE
789,60,"F1",1000,0.2,0.5,"trait3",1,0,0,FALSE
789,60,"F1",1000,0.2,0.5,"trait4",0,0,1,TRUE
790,61,"F2",1000,0.2,0.5,"trait1",0,1,0,FALSE
790,61,"F2",1000,0.2,0.5,"trait2",1,0,0,FALSE
790,61,"F2",1000,0.2,0.5,"trait3",1,0,0,FALSE
790,61,"F2",1000,0.2,0.5,"trait4",0,0,1,TRUE
791,62,"F3",1000,0.2,0.5,"cont1",1,0,0,FALSE
791,62,"F3",1000,0.2,0.5,"binary_trait",0,0.714285714285714,0.285714285714286,FALSE
791,62,"F3",1000,0.2,0.5,"cat_trait=A",0,1,0,FALSE
791,62,"F3",1000,0.2,0.5,"cat_trait=B",0,1,0,FALSE
791,62,"F3",1000,0.2,0.5,"cat_trait=C",0,1,0,FALSE
791,62,"F3",1000,0.2,0.5,"count_trait",0,0,1,TRUE
792,63,"F1",100,0.5,0.5,"trait1",0,1,0,FALSE
792,63,"F1",100,0.5,0.5,"trait2",1,0,0,FALSE
792,63,"F1",100,0.5,0.5,"trait3",0,0,1,TRUE
792,63,"F1",100,0.5,0.5,"trait4",1,0,0,FALSE
793,64,"F2",100,0.5,0.5,"trait1",1,0,0,FALSE
793,64,"F2",100,0.5,0.5,"trait2",0,0,1,TRUE
793,64,"F2",100,0.5,0.5,"trait3",0,0,1,TRUE
793,64,"F2",100,0.5,0.5,"trait4",0,0,1,TRUE
794,65,"F3",100,0.5,0.5,"cont1",0,0.5,0.5,FALSE
794,65,"F3",100,0.5,0.5,"binary_trait",0,0,1,TRUE
794,65,"F3",100,0.5,0.5,"cat_trait=A",0,0,1,TRUE
794,65,"F3",100,0.5,0.5,"cat_trait=B",0,0,1,TRUE
794,65,"F3",100,0.5,0.5,"cat_trait=C",0,0,1,TRUE
794,65,"F3",100,0.5,0.5,"count_trait",1,0,0,FALSE
795,66,"F1",300,0.5,0.5,"trait1",0,1,0,FALSE
795,66,"F1",300,0.5,0.5,"trait2",0,1,0,FALSE
795,66,"F1",300,0.5,0.5,"trait3",0.6,0.4,0,FALSE
795,66,"F1",300,0.5,0.5,"trait4",1,0,0,FALSE
796,67,"F2",300,0.5,0.5,"trait1",0,0.9,0.1,FALSE
796,67,"F2",300,0.5,0.5,"trait2",0,0,1,TRUE
796,67,"F2",300,0.5,0.5,"trait3",0,1,0,FALSE
796,67,"F2",300,0.5,0.5,"trait4",0,0.05,0.95,FALSE
797,68,"F3",300,0.5,0.5,"cont1",0.842105263157895,0,0.157894736842105,FALSE
797,68,"F3",300,0.5,0.5,"binary_trait",0,1,0,FALSE
797,68,"F3",300,0.5,0.5,"cat_trait=A",0,1,0,FALSE
797,68,"F3",300,0.5,0.5,"cat_trait=B",0,1,0,FALSE
797,68,"F3",300,0.5,0.5,"cat_trait=C",0,1,0,FALSE
797,68,"F3",300,0.5,0.5,"count_trait",0,1,0,FALSE
798,69,"F1",1000,0.5,0.5,"trait1",0,1,0,FALSE
798,69,"F1",1000,0.5,0.5,"trait2",0,1,0,FALSE
798,69,"F1",1000,0.5,0.5,"trait3",0,1,0,FALSE
798,69,"F1",1000,0.5,0.5,"trait4",0,0,1,TRUE
799,70,"F2",1000,0.5,0.5,"trait1",0,1,0,FALSE
799,70,"F2",1000,0.5,0.5,"trait2",1,0,0,FALSE
799,70,"F2",1000,0.5,0.5,"trait3",0,1,0,FALSE
799,70,"F2",1000,0.5,0.5,"trait4",1,0,0,FALSE
800,71,"F3",1000,0.5,0.5,"cont1",0,1,0,FALSE
800,71,"F3",1000,0.5,0.5,"binary_trait",0,1,0,FALSE
800,71,"F3",1000,0.5,0.5,"cat_trait=A",0,0,1,TRUE
800,71,"F3",1000,0.5,0.5,"cat_trait=B",0,0,1,TRUE
800,71,"F3",1000,0.5,0.5,"cat_trait=C",0,0,1,TRUE
800,71,"F3",1000,0.5,0.5,"count_trait",0.6,0.4,0,FALSE
801,72,"F1",100,1,0.5,"trait1",0,0.65,0.35,FALSE
801,72,"F1",100,1,0.5,"trait2",0,1,0,FALSE
801,72,"F1",100,1,0.5,"trait3",0,1,0,FALSE
801,72,"F1",100,1,0.5,"trait4",0,0.55,0.45,FALSE
802,73,"F2",100,1,0.5,"trait1",0,0.9,0.1,FALSE
802,73,"F2",100,1,0.5,"trait2",1,0,0,FALSE
802,73,"F2",100,1,0.5,"trait3",0,1,0,FALSE
802,73,"F2",100,1,0.5,"trait4",1,0,0,FALSE
803,74,"F3",100,1,0.5,"cont1",0,1,0,FALSE
803,74,"F3",100,1,0.5,"binary_trait",0,0,1,TRUE
803,74,"F3",100,1,0.5,"cat_trait=A",0,1,0,FALSE
803,74,"F3",100,1,0.5,"cat_trait=B",0,1,0,FALSE
803,74,"F3",100,1,0.5,"cat_trait=C",0,1,0,FALSE
803,74,"F3",100,1,0.5,"count_trait",0.6,0.4,0,FALSE
804,75,"F1",300,1,0.5,"trait1",0,1,0,FALSE
804,75,"F1",300,1,0.5,"trait2",0,1,0,FALSE
804,75,"F1",300,1,0.5,"trait3",0,1,0,FALSE
804,75,"F1",300,1,0.5,"trait4",0,1,0,FALSE
805,76,"F2",300,1,0.5,"trait1",0.8,0,0.2,FALSE
805,76,"F2",300,1,0.5,"trait2",0,1,0,FALSE
805,76,"F2",300,1,0.5,"trait3",0,1,0,FALSE
805,76,"F2",300,1,0.5,"trait4",0,1,0,FALSE
806,77,"F3",300,1,0.5,"cont1",1,0,0,FALSE
806,77,"F3",300,1,0.5,"binary_trait",0,1,0,FALSE
806,77,"F3",300,1,0.5,"cat_trait=A",0,0,1,TRUE
806,77,"F3",300,1,0.5,"cat_trait=B",0,0,1,TRUE
806,77,"F3",300,1,0.5,"cat_trait=C",0,0,1,TRUE
806,77,"F3",300,1,0.5,"count_trait",0,1,0,FALSE
807,78,"F1",1000,1,0.5,"trait1",0,0.9,0.1,FALSE
807,78,"F1",1000,1,0.5,"trait2",0.1,0.8,0.1,FALSE
807,78,"F1",1000,1,0.5,"trait3",0,1,0,FALSE
807,78,"F1",1000,1,0.5,"trait4",0,1,0,FALSE
808,79,"F2",1000,1,0.5,"trait1",0,1,0,FALSE
808,79,"F2",1000,1,0.5,"trait2",1,0,0,FALSE
808,79,"F2",1000,1,0.5,"trait3",0.55,0,0.45,FALSE
808,79,"F2",1000,1,0.5,"trait4",0,1,0,FALSE
809,80,"F3",1000,1,0.5,"cont1",0,1,0,FALSE
809,80,"F3",1000,1,0.5,"binary_trait",0,1,0,FALSE
809,80,"F3",1000,1,0.5,"cat_trait=A",0,0,1,TRUE
809,80,"F3",1000,1,0.5,"cat_trait=B",0,0,1,TRUE
809,80,"F3",1000,1,0.5,"cat_trait=C",0,0,1,TRUE
809,80,"F3",1000,1,0.5,"count_trait",0,1,0,FALSE
810,0,"F1",100,0.2,0.1,"trait1",0,1,0,FALSE
810,0,"F1",100,0.2,0.1,"trait2",0,1,0,FALSE
810,0,"F1",100,0.2,0.1,"trait3",0,0,1,TRUE
810,0,"F1",100,0.2,0.1,"trait4",0,0,1,TRUE
811,1,"F2",100,0.2,0.1,"trait1",1,0,0,FALSE
811,1,"F2",100,0.2,0.1,"trait2",0,0,1,TRUE
811,1,"F2",100,0.2,0.1,"trait3",0,0,1,TRUE
811,1,"F2",100,0.2,0.1,"trait4",1,0,0,FALSE
812,2,"F3",100,0.2,0.1,"cont1",0,1,0,FALSE
812,2,"F3",100,0.2,0.1,"binary_trait",0,0,1,TRUE
812,2,"F3",100,0.2,0.1,"cat_trait=A",0,0,1,TRUE
812,2,"F3",100,0.2,0.1,"cat_trait=B",0,0,1,TRUE
812,2,"F3",100,0.2,0.1,"cat_trait=C",0,0,1,TRUE
812,2,"F3",100,0.2,0.1,"count_trait",0,1,0,FALSE
813,3,"F1",300,0.2,0.1,"trait1",0,0,1,TRUE
813,3,"F1",300,0.2,0.1,"trait2",0,1,0,FALSE
813,3,"F1",300,0.2,0.1,"trait3",0,1,0,FALSE
813,3,"F1",300,0.2,0.1,"trait4",0,1,0,FALSE
814,4,"F2",300,0.2,0.1,"trait1",1,0,0,FALSE
814,4,"F2",300,0.2,0.1,"trait2",0,1,0,FALSE
814,4,"F2",300,0.2,0.1,"trait3",0,1,0,FALSE
814,4,"F2",300,0.2,0.1,"trait4",1,0,0,FALSE
815,5,"F3",300,0.2,0.1,"cont1",1,0,0,FALSE
815,5,"F3",300,0.2,0.1,"binary_trait",0,0,1,TRUE
815,5,"F3",300,0.2,0.1,"cat_trait=A",0,1,0,FALSE
815,5,"F3",300,0.2,0.1,"cat_trait=B",0,1,0,FALSE
815,5,"F3",300,0.2,0.1,"cat_trait=C",0,1,0,FALSE
815,5,"F3",300,0.2,0.1,"count_trait",0,1,0,FALSE
816,6,"F1",1000,0.2,0.1,"trait1",0,1,0,FALSE
816,6,"F1",1000,0.2,0.1,"trait2",0,1,0,FALSE
816,6,"F1",1000,0.2,0.1,"trait3",0,1,0,FALSE
816,6,"F1",1000,0.2,0.1,"trait4",0,1,0,FALSE
817,7,"F2",1000,0.2,0.1,"trait1",1,0,0,FALSE
817,7,"F2",1000,0.2,0.1,"trait2",1,0,0,FALSE
817,7,"F2",1000,0.2,0.1,"trait3",0,1,0,FALSE
817,7,"F2",1000,0.2,0.1,"trait4",1,0,0,FALSE
818,8,"F3",1000,0.2,0.1,"cont1",0,1,0,FALSE
818,8,"F3",1000,0.2,0.1,"binary_trait",0,1,0,FALSE
818,8,"F3",1000,0.2,0.1,"cat_trait=A",0,1,0,FALSE
818,8,"F3",1000,0.2,0.1,"cat_trait=B",0,1,0,FALSE
818,8,"F3",1000,0.2,0.1,"cat_trait=C",0,1,0,FALSE
818,8,"F3",1000,0.2,0.1,"count_trait",1,0,0,FALSE
819,9,"F1",100,0.5,0.1,"trait1",0,0.95,0.05,FALSE
819,9,"F1",100,0.5,0.1,"trait2",0,1,0,FALSE
819,9,"F1",100,0.5,0.1,"trait3",0.45,0.55,0,FALSE
819,9,"F1",100,0.5,0.1,"trait4",0,1,0,FALSE
820,10,"F2",100,0.5,0.1,"trait1",0,1,0,FALSE
820,10,"F2",100,0.5,0.1,"trait2",0,1,0,FALSE
820,10,"F2",100,0.5,0.1,"trait3",0,0,1,TRUE
820,10,"F2",100,0.5,0.1,"trait4",1,0,0,FALSE
821,11,"F3",100,0.5,0.1,"cont1",0,1,0,FALSE
821,11,"F3",100,0.5,0.1,"binary_trait",0.85,0,0.15,FALSE
821,11,"F3",100,0.5,0.1,"cat_trait=A",0,0,1,TRUE
821,11,"F3",100,0.5,0.1,"cat_trait=B",0,0,1,TRUE
821,11,"F3",100,0.5,0.1,"cat_trait=C",0,0,1,TRUE
821,11,"F3",100,0.5,0.1,"count_trait",0,0,1,TRUE
822,12,"F1",300,0.5,0.1,"trait1",1,0,0,FALSE
822,12,"F1",300,0.5,0.1,"trait2",1,0,0,FALSE
822,12,"F1",300,0.5,0.1,"trait3",0,1,0,FALSE
822,12,"F1",300,0.5,0.1,"trait4",0,1,0,FALSE
823,13,"F2",300,0.5,0.1,"trait1",0,1,0,FALSE
823,13,"F2",300,0.5,0.1,"trait2",1,0,0,FALSE
823,13,"F2",300,0.5,0.1,"trait3",0,0.4,0.6,FALSE
823,13,"F2",300,0.5,0.1,"trait4",1,0,0,FALSE
824,14,"F3",300,0.5,0.1,"cont1",0,1,0,FALSE
824,14,"F3",300,0.5,0.1,"binary_trait",0,1,0,FALSE
824,14,"F3",300,0.5,0.1,"cat_trait=A",0.8,0,0.2,FALSE
824,14,"F3",300,0.5,0.1,"cat_trait=B",0.8,0,0.2,FALSE
824,14,"F3",300,0.5,0.1,"cat_trait=C",0.8,0,0.2,FALSE
824,14,"F3",300,0.5,0.1,"count_trait",0,1,0,FALSE
825,15,"F1",1000,0.5,0.1,"trait1",0,1,0,FALSE
825,15,"F1",1000,0.5,0.1,"trait2",0.4,0.6,0,FALSE
825,15,"F1",1000,0.5,0.1,"trait3",0,1,0,FALSE
825,15,"F1",1000,0.5,0.1,"trait4",0.3,0.7,0,FALSE
826,16,"F2",1000,0.5,0.1,"trait1",0,1,0,FALSE
826,16,"F2",1000,0.5,0.1,"trait2",0,1,0,FALSE
826,16,"F2",1000,0.5,0.1,"trait3",0,1,0,FALSE
826,16,"F2",1000,0.5,0.1,"trait4",1,0,0,FALSE
827,17,"F3",1000,0.5,0.1,"cont1",0.25,0.75,0,FALSE
827,17,"F3",1000,0.5,0.1,"binary_trait",0,1,0,FALSE
827,17,"F3",1000,0.5,0.1,"cat_trait=A",0,1,0,FALSE
827,17,"F3",1000,0.5,0.1,"cat_trait=B",0,1,0,FALSE
827,17,"F3",1000,0.5,0.1,"cat_trait=C",0,1,0,FALSE
827,17,"F3",1000,0.5,0.1,"count_trait",0,1,0,FALSE
828,18,"F1",100,1,0.1,"trait1",0,1,0,FALSE
828,18,"F1",100,1,0.1,"trait2",0.35,0.65,0,FALSE
828,18,"F1",100,1,0.1,"trait3",0,1,0,FALSE
828,18,"F1",100,1,0.1,"trait4",0,1,0,FALSE
829,19,"F2",100,1,0.1,"trait1",1,0,0,FALSE
829,19,"F2",100,1,0.1,"trait2",0,0.85,0.15,FALSE
829,19,"F2",100,1,0.1,"trait3",0,0.45,0.55,FALSE
829,19,"F2",100,1,0.1,"trait4",0.95,0,0.05,FALSE
830,20,"F3",100,1,0.1,"cont1",0,1,0,FALSE
830,20,"F3",100,1,0.1,"binary_trait",0,0,1,TRUE
830,20,"F3",100,1,0.1,"cat_trait=A",0,1,0,FALSE
830,20,"F3",100,1,0.1,"cat_trait=B",0,1,0,FALSE
830,20,"F3",100,1,0.1,"cat_trait=C",0,1,0,FALSE
830,20,"F3",100,1,0.1,"count_trait",0,1,0,FALSE
831,21,"F1",300,1,0.1,"trait1",0,1,0,FALSE
831,21,"F1",300,1,0.1,"trait2",0.894736842105263,0,0.105263157894737,FALSE
831,21,"F1",300,1,0.1,"trait3",0,0.85,0.15,FALSE
831,21,"F1",300,1,0.1,"trait4",0,1,0,FALSE
832,22,"F2",300,1,0.1,"trait1",0.7,0.3,0,FALSE
832,22,"F2",300,1,0.1,"trait2",1,0,0,FALSE
832,22,"F2",300,1,0.1,"trait3",0,1,0,FALSE
832,22,"F2",300,1,0.1,"trait4",1,0,0,FALSE
833,23,"F3",300,1,0.1,"cont1",0,1,0,FALSE
833,23,"F3",300,1,0.1,"binary_trait",0.4,0,0.6,FALSE
833,23,"F3",300,1,0.1,"cat_trait=A",0,0,1,TRUE
833,23,"F3",300,1,0.1,"cat_trait=B",0,0,1,TRUE
833,23,"F3",300,1,0.1,"cat_trait=C",0,0,1,TRUE
833,23,"F3",300,1,0.1,"count_trait",0,0.85,0.15,FALSE
834,24,"F1",1000,1,0.1,"trait1",0,1,0,FALSE
834,24,"F1",1000,1,0.1,"trait2",0.3,0.7,0,FALSE
834,24,"F1",1000,1,0.1,"trait3",0,1,0,FALSE
834,24,"F1",1000,1,0.1,"trait4",0,1,0,FALSE
835,25,"F2",1000,1,0.1,"trait1",0,1,0,FALSE
835,25,"F2",1000,1,0.1,"trait2",1,0,0,FALSE
835,25,"F2",1000,1,0.1,"trait3",0,0.736842105263158,0.263157894736842,FALSE
835,25,"F2",1000,1,0.1,"trait4",0.2,0.8,0,FALSE
836,26,"F3",1000,1,0.1,"cont1",0.2,0.8,0,FALSE
836,26,"F3",1000,1,0.1,"binary_trait",0,1,0,FALSE
836,26,"F3",1000,1,0.1,"cat_trait=A",0,1,0,FALSE
836,26,"F3",1000,1,0.1,"cat_trait=B",0,1,0,FALSE
836,26,"F3",1000,1,0.1,"cat_trait=C",0,1,0,FALSE
836,26,"F3",1000,1,0.1,"count_trait",0,1,0,FALSE
837,27,"F1",100,0.2,0.3,"trait1",1,0,0,FALSE
837,27,"F1",100,0.2,0.3,"trait2",0,0,1,TRUE
837,27,"F1",100,0.2,0.3,"trait3",0,1,0,FALSE
837,27,"F1",100,0.2,0.3,"trait4",0,1,0,FALSE
838,28,"F2",100,0.2,0.3,"trait1",0,0,1,TRUE
838,28,"F2",100,0.2,0.3,"trait2",1,0,0,FALSE
838,28,"F2",100,0.2,0.3,"trait3",0,1,0,FALSE
838,28,"F2",100,0.2,0.3,"trait4",0,1,0,FALSE
839,29,"F3",100,0.2,0.3,"cont1",0,0,1,TRUE
839,29,"F3",100,0.2,0.3,"binary_trait",0,0,1,TRUE
839,29,"F3",100,0.2,0.3,"cat_trait=A",0,0,1,TRUE
839,29,"F3",100,0.2,0.3,"cat_trait=B",0,0,1,TRUE
839,29,"F3",100,0.2,0.3,"cat_trait=C",0,0,1,TRUE
839,29,"F3",100,0.2,0.3,"count_trait",0,0,1,TRUE
840,30,"F1",300,0.2,0.3,"trait1",1,0,0,FALSE
840,30,"F1",300,0.2,0.3,"trait2",0,1,0,FALSE
840,30,"F1",300,0.2,0.3,"trait3",0,0,1,TRUE
840,30,"F1",300,0.2,0.3,"trait4",0,0,1,TRUE
841,31,"F2",300,0.2,0.3,"trait1",0,0.363636363636364,0.636363636363636,FALSE
841,31,"F2",300,0.2,0.3,"trait2",0.6,0.4,0,FALSE
841,31,"F2",300,0.2,0.3,"trait3",0,0,1,TRUE
841,31,"F2",300,0.2,0.3,"trait4",1,0,0,FALSE
842,32,"F3",300,0.2,0.3,"cont1",1,0,0,FALSE
842,32,"F3",300,0.2,0.3,"binary_trait",0,1,0,FALSE
842,32,"F3",300,0.2,0.3,"cat_trait=A",0,0,1,TRUE
842,32,"F3",300,0.2,0.3,"cat_trait=B",0,0,1,TRUE
842,32,"F3",300,0.2,0.3,"cat_trait=C",0,0,1,TRUE
842,32,"F3",300,0.2,0.3,"count_trait",0,0,1,TRUE
843,33,"F1",1000,0.2,0.3,"trait1",0,1,0,FALSE
843,33,"F1",1000,0.2,0.3,"trait2",0,1,0,FALSE
843,33,"F1",1000,0.2,0.3,"trait3",0,1,0,FALSE
843,33,"F1",1000,0.2,0.3,"trait4",0,1,0,FALSE
844,34,"F2",1000,0.2,0.3,"trait1",0,1,0,FALSE
844,34,"F2",1000,0.2,0.3,"trait2",1,0,0,FALSE
844,34,"F2",1000,0.2,0.3,"trait3",0.45,0.55,0,FALSE
844,34,"F2",1000,0.2,0.3,"trait4",1,0,0,FALSE
845,35,"F3",1000,0.2,0.3,"cont1",0,1,0,FALSE
845,35,"F3",1000,0.2,0.3,"binary_trait",0,1,0,FALSE
845,35,"F3",1000,0.2,0.3,"cat_trait=A",0,0,1,TRUE
845,35,"F3",1000,0.2,0.3,"cat_trait=B",0,0,1,TRUE
845,35,"F3",1000,0.2,0.3,"cat_trait=C",0,0,1,TRUE
845,35,"F3",1000,0.2,0.3,"count_trait",0,1,0,FALSE
846,36,"F1",100,0.5,0.3,"trait1",0,1,0,FALSE
846,36,"F1",100,0.5,0.3,"trait2",0,1,0,FALSE
846,36,"F1",100,0.5,0.3,"trait3",0,1,0,FALSE
846,36,"F1",100,0.5,0.3,"trait4",1,0,0,FALSE
847,37,"F2",100,0.5,0.3,"trait1",0,1,0,FALSE
847,37,"F2",100,0.5,0.3,"trait2",1,0,0,FALSE
847,37,"F2",100,0.5,0.3,"trait3",0,1,0,FALSE
847,37,"F2",100,0.5,0.3,"trait4",1,0,0,FALSE
848,38,"F3",100,0.5,0.3,"cont1",0,0,1,TRUE
848,38,"F3",100,0.5,0.3,"binary_trait",0,0,1,TRUE
848,38,"F3",100,0.5,0.3,"cat_trait=A",0,0,1,TRUE
848,38,"F3",100,0.5,0.3,"cat_trait=B",0,0,1,TRUE
848,38,"F3",100,0.5,0.3,"cat_trait=C",0,0,1,TRUE
848,38,"F3",100,0.5,0.3,"count_trait",0,0,1,TRUE
849,39,"F1",300,0.5,0.3,"trait1",0,1,0,FALSE
849,39,"F1",300,0.5,0.3,"trait2",0,0,1,TRUE
849,39,"F1",300,0.5,0.3,"trait3",0,1,0,FALSE
849,39,"F1",300,0.5,0.3,"trait4",0,1,0,FALSE
850,40,"F2",300,0.5,0.3,"trait1",0,1,0,FALSE
850,40,"F2",300,0.5,0.3,"trait2",0,0,1,TRUE
850,40,"F2",300,0.5,0.3,"trait3",1,0,0,FALSE
850,40,"F2",300,0.5,0.3,"trait4",0.95,0,0.05,FALSE
851,41,"F3",300,0.5,0.3,"cont1",0.631578947368421,0.368421052631579,0,FALSE
851,41,"F3",300,0.5,0.3,"binary_trait",0.3,0,0.7,FALSE
851,41,"F3",300,0.5,0.3,"cat_trait=A",0,1,0,FALSE
851,41,"F3",300,0.5,0.3,"cat_trait=B",0,1,0,FALSE
851,41,"F3",300,0.5,0.3,"cat_trait=C",0,1,0,FALSE
851,41,"F3",300,0.5,0.3,"count_trait",0.3,0.7,0,FALSE
852,42,"F1",1000,0.5,0.3,"trait1",0,1,0,FALSE
852,42,"F1",1000,0.5,0.3,"trait2",0,1,0,FALSE
852,42,"F1",1000,0.5,0.3,"trait3",0,1,0,FALSE
852,42,"F1",1000,0.5,0.3,"trait4",0,1,0,FALSE
853,43,"F2",1000,0.5,0.3,"trait1",1,0,0,FALSE
853,43,"F2",1000,0.5,0.3,"trait2",0,1,0,FALSE
853,43,"F2",1000,0.5,0.3,"trait3",0,1,0,FALSE
853,43,"F2",1000,0.5,0.3,"trait4",0,1,0,FALSE
854,44,"F3",1000,0.5,0.3,"cont1",1,0,0,FALSE
854,44,"F3",1000,0.5,0.3,"binary_trait",0,0.333333333333333,0.666666666666667,FALSE
854,44,"F3",1000,0.5,0.3,"cat_trait=A",0,1,0,FALSE
854,44,"F3",1000,0.5,0.3,"cat_trait=B",0,1,0,FALSE
854,44,"F3",1000,0.5,0.3,"cat_trait=C",0,1,0,FALSE
854,44,"F3",1000,0.5,0.3,"count_trait",1,0,0,FALSE
855,45,"F1",100,1,0.3,"trait1",0,1,0,FALSE
855,45,"F1",100,1,0.3,"trait2",1,0,0,FALSE
855,45,"F1",100,1,0.3,"trait3",0,1,0,FALSE
855,45,"F1",100,1,0.3,"trait4",0,1,0,FALSE
856,46,"F2",100,1,0.3,"trait1",0,1,0,FALSE
856,46,"F2",100,1,0.3,"trait2",0.95,0,0.05,FALSE
856,46,"F2",100,1,0.3,"trait3",0,1,0,FALSE
856,46,"F2",100,1,0.3,"trait4",0.944444444444444,0.0555555555555556,0,FALSE
857,47,"F3",100,1,0.3,"cont1",0,0.15,0.85,FALSE
857,47,"F3",100,1,0.3,"binary_trait",0,0,1,TRUE
857,47,"F3",100,1,0.3,"cat_trait=A",0,0.5,0.5,FALSE
857,47,"F3",100,1,0.3,"cat_trait=B",0,0.5,0.5,FALSE
857,47,"F3",100,1,0.3,"cat_trait=C",0,0.5,0.5,FALSE
857,47,"F3",100,1,0.3,"count_trait",0,1,0,FALSE
858,48,"F1",300,1,0.3,"trait1",0,1,0,FALSE
858,48,"F1",300,1,0.3,"trait2",0,1,0,FALSE
858,48,"F1",300,1,0.3,"trait3",0.6,0.4,0,FALSE
858,48,"F1",300,1,0.3,"trait4",0,1,0,FALSE
859,49,"F2",300,1,0.3,"trait1",0,1,0,FALSE
859,49,"F2",300,1,0.3,"trait2",0,1,0,FALSE
859,49,"F2",300,1,0.3,"trait3",0,0.85,0.15,FALSE
859,49,"F2",300,1,0.3,"trait4",0.7,0,0.3,FALSE
860,50,"F3",300,1,0.3,"cont1",0,0.65,0.35,FALSE
860,50,"F3",300,1,0.3,"binary_trait",0,1,0,FALSE
860,50,"F3",300,1,0.3,"cat_trait=A",0,0,1,TRUE
860,50,"F3",300,1,0.3,"cat_trait=B",0,0,1,TRUE
860,50,"F3",300,1,0.3,"cat_trait=C",0,0,1,TRUE
860,50,"F3",300,1,0.3,"count_trait",0.9,0.1,0,FALSE
861,51,"F1",1000,1,0.3,"trait1",1,0,0,FALSE
861,51,"F1",1000,1,0.3,"trait2",1,0,0,FALSE
861,51,"F1",1000,1,0.3,"trait3",0,1,0,FALSE
861,51,"F1",1000,1,0.3,"trait4",0,0.95,0.05,FALSE
862,52,"F2",1000,1,0.3,"trait1",0,1,0,FALSE
862,52,"F2",1000,1,0.3,"trait2",1,0,0,FALSE
862,52,"F2",1000,1,0.3,"trait3",0.05,0.85,0.1,FALSE
862,52,"F2",1000,1,0.3,"trait4",0.947368421052632,0.0526315789473684,0,FALSE
863,53,"F3",1000,1,0.3,"cont1",0,1,0,FALSE
863,53,"F3",1000,1,0.3,"binary_trait",0,0.05,0.95,FALSE
863,53,"F3",1000,1,0.3,"cat_trait=A",0,1,0,FALSE
863,53,"F3",1000,1,0.3,"cat_trait=B",0,1,0,FALSE
863,53,"F3",1000,1,0.3,"cat_trait=C",0,1,0,FALSE
863,53,"F3",1000,1,0.3,"count_trait",0,0.7,0.3,FALSE
864,54,"F1",100,0.2,0.5,"trait1",0,0.95,0.05,FALSE
864,54,"F1",100,0.2,0.5,"trait2",0,1,0,FALSE
864,54,"F1",100,0.2,0.5,"trait3",0,1,0,FALSE
864,54,"F1",100,0.2,0.5,"trait4",1,0,0,FALSE
865,55,"F2",100,0.2,0.5,"trait1",0,0,1,TRUE
865,55,"F2",100,0.2,0.5,"trait2",0,0,1,TRUE
865,55,"F2",100,0.2,0.5,"trait3",0,0,1,TRUE
865,55,"F2",100,0.2,0.5,"trait4",0,0,1,TRUE
866,56,"F3",100,0.2,0.5,"cont1",0,0,1,TRUE
866,56,"F3",100,0.2,0.5,"binary_trait",0,0,1,TRUE
866,56,"F3",100,0.2,0.5,"cat_trait=A",0,0,1,TRUE
866,56,"F3",100,0.2,0.5,"cat_trait=B",0,0,1,TRUE
866,56,"F3",100,0.2,0.5,"cat_trait=C",0,0,1,TRUE
866,56,"F3",100,0.2,0.5,"count_trait",0,1,0,FALSE
867,57,"F1",300,0.2,0.5,"trait1",0,0,1,TRUE
867,57,"F1",300,0.2,0.5,"trait2",0,0,1,TRUE
867,57,"F1",300,0.2,0.5,"trait3",0,0,1,TRUE
867,57,"F1",300,0.2,0.5,"trait4",0,0,1,TRUE
868,58,"F2",300,0.2,0.5,"trait1",0,0,1,TRUE
868,58,"F2",300,0.2,0.5,"trait2",0,1,0,FALSE
868,58,"F2",300,0.2,0.5,"trait3",0,0,1,TRUE
868,58,"F2",300,0.2,0.5,"trait4",0,0,1,TRUE
869,59,"F3",300,0.2,0.5,"cont1",0,1,0,FALSE
869,59,"F3",300,0.2,0.5,"binary_trait",0,1,0,FALSE
869,59,"F3",300,0.2,0.5,"cat_trait=A",0,0,1,TRUE
869,59,"F3",300,0.2,0.5,"cat_trait=B",0,0,1,TRUE
869,59,"F3",300,0.2,0.5,"cat_trait=C",0,0,1,TRUE
869,59,"F3",300,0.2,0.5,"count_trait",0,0,1,TRUE
870,60,"F1",1000,0.2,0.5,"trait1",0,0,1,TRUE
870,60,"F1",1000,0.2,0.5,"trait2",0,1,0,FALSE
870,60,"F1",1000,0.2,0.5,"trait3",0,1,0,FALSE
870,60,"F1",1000,0.2,0.5,"trait4",1,0,0,FALSE
871,61,"F2",1000,0.2,0.5,"trait1",0.95,0.05,0,FALSE
871,61,"F2",1000,0.2,0.5,"trait2",1,0,0,FALSE
871,61,"F2",1000,0.2,0.5,"trait3",0,0.6,0.4,FALSE
871,61,"F2",1000,0.2,0.5,"trait4",1,0,0,FALSE
872,62,"F3",1000,0.2,0.5,"cont1",0,1,0,FALSE
872,62,"F3",1000,0.2,0.5,"binary_trait",0,0,1,TRUE
872,62,"F3",1000,0.2,0.5,"cat_trait=A",0,0,1,TRUE
872,62,"F3",1000,0.2,0.5,"cat_trait=B",0,0,1,TRUE
872,62,"F3",1000,0.2,0.5,"cat_trait=C",0,0,1,TRUE
872,62,"F3",1000,0.2,0.5,"count_trait",0,1,0,FALSE
873,63,"F1",100,0.5,0.5,"trait1",0,0,1,TRUE
873,63,"F1",100,0.5,0.5,"trait2",0,1,0,FALSE
873,63,"F1",100,0.5,0.5,"trait3",0,1,0,FALSE
873,63,"F1",100,0.5,0.5,"trait4",1,0,0,FALSE
874,64,"F2",100,0.5,0.5,"trait1",0,1,0,FALSE
874,64,"F2",100,0.5,0.5,"trait2",1,0,0,FALSE
874,64,"F2",100,0.5,0.5,"trait3",0,0,1,TRUE
874,64,"F2",100,0.5,0.5,"trait4",0,1,0,FALSE
875,65,"F3",100,0.5,0.5,"cont1",0,0,1,TRUE
875,65,"F3",100,0.5,0.5,"binary_trait",0,1,0,FALSE
875,65,"F3",100,0.5,0.5,"cat_trait=A",0,0,1,TRUE
875,65,"F3",100,0.5,0.5,"cat_trait=B",0,0,1,TRUE
875,65,"F3",100,0.5,0.5,"cat_trait=C",0,0,1,TRUE
875,65,"F3",100,0.5,0.5,"count_trait",0,0,1,TRUE
876,66,"F1",300,0.5,0.5,"trait1",0.65,0,0.35,FALSE
876,66,"F1",300,0.5,0.5,"trait2",1,0,0,FALSE
876,66,"F1",300,0.5,0.5,"trait3",1,0,0,FALSE
876,66,"F1",300,0.5,0.5,"trait4",1,0,0,FALSE
877,67,"F2",300,0.5,0.5,"trait1",0,1,0,FALSE
877,67,"F2",300,0.5,0.5,"trait2",0,1,0,FALSE
877,67,"F2",300,0.5,0.5,"trait3",0,1,0,FALSE
877,67,"F2",300,0.5,0.5,"trait4",0.944444444444444,0,0.0555555555555556,FALSE
878,68,"F3",300,0.5,0.5,"cont1",0,1,0,FALSE
878,68,"F3",300,0.5,0.5,"binary_trait",0,0,1,TRUE
878,68,"F3",300,0.5,0.5,"cat_trait=A",0,1,0,FALSE
878,68,"F3",300,0.5,0.5,"cat_trait=B",0,1,0,FALSE
878,68,"F3",300,0.5,0.5,"cat_trait=C",0,1,0,FALSE
878,68,"F3",300,0.5,0.5,"count_trait",0,1,0,FALSE
879,69,"F1",1000,0.5,0.5,"trait1",0,1,0,FALSE
879,69,"F1",1000,0.5,0.5,"trait2",0,1,0,FALSE
879,69,"F1",1000,0.5,0.5,"trait3",0,1,0,FALSE
879,69,"F1",1000,0.5,0.5,"trait4",0,0.7,0.3,FALSE
880,70,"F2",1000,0.5,0.5,"trait1",0,0.9,0.1,FALSE
880,70,"F2",1000,0.5,0.5,"trait2",0,1,0,FALSE
880,70,"F2",1000,0.5,0.5,"trait3",0,1,0,FALSE
880,70,"F2",1000,0.5,0.5,"trait4",0,1,0,FALSE
881,71,"F3",1000,0.5,0.5,"cont1",0,1,0,FALSE
881,71,"F3",1000,0.5,0.5,"binary_trait",0,0,1,TRUE
881,71,"F3",1000,0.5,0.5,"cat_trait=A",0,0,1,TRUE
881,71,"F3",1000,0.5,0.5,"cat_trait=B",0,0,1,TRUE
881,71,"F3",1000,0.5,0.5,"cat_trait=C",0,0,1,TRUE
881,71,"F3",1000,0.5,0.5,"count_trait",0,0.7,0.3,FALSE
882,72,"F1",100,1,0.5,"trait1",0.631578947368421,0,0.368421052631579,FALSE
882,72,"F1",100,1,0.5,"trait2",0,1,0,FALSE
882,72,"F1",100,1,0.5,"trait3",0,0.9,0.1,FALSE
882,72,"F1",100,1,0.5,"trait4",0,1,0,FALSE
883,73,"F2",100,1,0.5,"trait1",0.9,0.1,0,FALSE
883,73,"F2",100,1,0.5,"trait2",0,1,0,FALSE
883,73,"F2",100,1,0.5,"trait3",0,0.25,0.75,FALSE
883,73,"F2",100,1,0.5,"trait4",0,0.75,0.25,FALSE
884,74,"F3",100,1,0.5,"cont1",0,1,0,FALSE
884,74,"F3",100,1,0.5,"binary_trait",0,1,0,FALSE
884,74,"F3",100,1,0.5,"cat_trait=A",0,0,1,TRUE
884,74,"F3",100,1,0.5,"cat_trait=B",0,0,1,TRUE
884,74,"F3",100,1,0.5,"cat_trait=C",0,0,1,TRUE
884,74,"F3",100,1,0.5,"count_trait",0,0,1,TRUE
885,75,"F1",300,1,0.5,"trait1",0,1,0,FALSE
885,75,"F1",300,1,0.5,"trait2",0,1,0,FALSE
885,75,"F1",300,1,0.5,"trait3",0,1,0,FALSE
885,75,"F1",300,1,0.5,"trait4",0.85,0.15,0,FALSE
886,76,"F2",300,1,0.5,"trait1",0,1,0,FALSE
886,76,"F2",300,1,0.5,"trait2",1,0,0,FALSE
886,76,"F2",300,1,0.5,"trait3",0,1,0,FALSE
886,76,"F2",300,1,0.5,"trait4",0,1,0,FALSE
887,77,"F3",300,1,0.5,"cont1",0,1,0,FALSE
887,77,"F3",300,1,0.5,"binary_trait",0,1,0,FALSE
887,77,"F3",300,1,0.5,"cat_trait=A",0,1,0,FALSE
887,77,"F3",300,1,0.5,"cat_trait=B",0,1,0,FALSE
887,77,"F3",300,1,0.5,"cat_trait=C",0,1,0,FALSE
887,77,"F3",300,1,0.5,"count_trait",0,1,0,FALSE
888,78,"F1",1000,1,0.5,"trait1",0,1,0,FALSE
888,78,"F1",1000,1,0.5,"trait2",0,1,0,FALSE
888,78,"F1",1000,1,0.5,"trait3",0,1,0,FALSE
888,78,"F1",1000,1,0.5,"trait4",1,0,0,FALSE
889,79,"F2",1000,1,0.5,"trait1",0.15,0.85,0,FALSE
889,79,"F2",1000,1,0.5,"trait2",0,1,0,FALSE
889,79,"F2",1000,1,0.5,"trait3",0,0.933333333333333,0.0666666666666667,FALSE
889,79,"F2",1000,1,0.5,"trait4",0,1,0,FALSE
890,80,"F3",1000,1,0.5,"cont1",0,1,0,FALSE
890,80,"F3",1000,1,0.5,"binary_trait",0,1,0,FALSE
890,80,"F3",1000,1,0.5,"cat_trait=A",0,1,0,FALSE
890,80,"F3",1000,1,0.5,"cat_trait=B",0,1,0,FALSE
890,80,"F3",1000,1,0.5,"cat_trait=C",0,1,0,FALSE
890,80,"F3",1000,1,0.5,"count_trait",0,0.9,0.1,FALSE
891,0,"F1",100,0.2,0.1,"trait1",0,0,1,TRUE
891,0,"F1",100,0.2,0.1,"trait2",1,0,0,FALSE
891,0,"F1",100,0.2,0.1,"trait3",0,0,1,TRUE
891,0,"F1",100,0.2,0.1,"trait4",0,0,1,TRUE
892,1,"F2",100,0.2,0.1,"trait1",0,0,1,TRUE
892,1,"F2",100,0.2,0.1,"trait2",0,0,1,TRUE
892,1,"F2",100,0.2,0.1,"trait3",0,0,1,TRUE
892,1,"F2",100,0.2,0.1,"trait4",0,0,1,TRUE
893,2,"F3",100,0.2,0.1,"cont1",0,0,1,TRUE
893,2,"F3",100,0.2,0.1,"binary_trait",0,0,1,TRUE
893,2,"F3",100,0.2,0.1,"cat_trait=A",0,1,0,FALSE
893,2,"F3",100,0.2,0.1,"cat_trait=B",0,1,0,FALSE
893,2,"F3",100,0.2,0.1,"cat_trait=C",0,1,0,FALSE
893,2,"F3",100,0.2,0.1,"count_trait",0,1,0,FALSE
894,3,"F1",300,0.2,0.1,"trait1",1,0,0,FALSE
894,3,"F1",300,0.2,0.1,"trait2",0,0,1,TRUE
894,3,"F1",300,0.2,0.1,"trait3",1,0,0,FALSE
894,3,"F1",300,0.2,0.1,"trait4",0,0,1,TRUE
895,4,"F2",300,0.2,0.1,"trait1",0.35,0.65,0,FALSE
895,4,"F2",300,0.2,0.1,"trait2",0.68421052631579,0,0.31578947368421,FALSE
895,4,"F2",300,0.2,0.1,"trait3",1,0,0,FALSE
895,4,"F2",300,0.2,0.1,"trait4",1,0,0,FALSE
896,5,"F3",300,0.2,0.1,"cont1",1,0,0,FALSE
896,5,"F3",300,0.2,0.1,"binary_trait",0,0,1,TRUE
896,5,"F3",300,0.2,0.1,"cat_trait=A",0,0,1,TRUE
896,5,"F3",300,0.2,0.1,"cat_trait=B",0,0,1,TRUE
896,5,"F3",300,0.2,0.1,"cat_trait=C",0,0,1,TRUE
896,5,"F3",300,0.2,0.1,"count_trait",0,1,0,FALSE
897,6,"F1",1000,0.2,0.1,"trait1",0,1,0,FALSE
897,6,"F1",1000,0.2,0.1,"trait2",0,1,0,FALSE
897,6,"F1",1000,0.2,0.1,"trait3",0,1,0,FALSE
897,6,"F1",1000,0.2,0.1,"trait4",0,1,0,FALSE
898,7,"F2",1000,0.2,0.1,"trait1",0,1,0,FALSE
898,7,"F2",1000,0.2,0.1,"trait2",1,0,0,FALSE
898,7,"F2",1000,0.2,0.1,"trait3",0,1,0,FALSE
898,7,"F2",1000,0.2,0.1,"trait4",0,1,0,FALSE
899,8,"F3",1000,0.2,0.1,"cont1",0,1,0,FALSE
899,8,"F3",1000,0.2,0.1,"binary_trait",0,1,0,FALSE
899,8,"F3",1000,0.2,0.1,"cat_trait=A",0,0,1,TRUE
899,8,"F3",1000,0.2,0.1,"cat_trait=B",0,0,1,TRUE
899,8,"F3",1000,0.2,0.1,"cat_trait=C",0,0,1,TRUE
899,8,"F3",1000,0.2,0.1,"count_trait",0,1,0,FALSE
900,9,"F1",100,0.5,0.1,"trait1",0,1,0,FALSE
900,9,"F1",100,0.5,0.1,"trait2",0,1,0,FALSE
900,9,"F1",100,0.5,0.1,"trait3",1,0,0,FALSE
900,9,"F1",100,0.5,0.1,"trait4",0,0,1,TRUE
901,10,"F2",100,0.5,0.1,"trait1",0,1,0,FALSE
901,10,"F2",100,0.5,0.1,"trait2",1,0,0,FALSE
901,10,"F2",100,0.5,0.1,"trait3",0,0,1,TRUE
901,10,"F2",100,0.5,0.1,"trait4",1,0,0,FALSE
902,11,"F3",100,0.5,0.1,"cont1",0,1,0,FALSE
902,11,"F3",100,0.5,0.1,"binary_trait",0,0,1,TRUE
902,11,"F3",100,0.5,0.1,"cat_trait=A",0,0,1,TRUE
902,11,"F3",100,0.5,0.1,"cat_trait=B",0,0,1,TRUE
902,11,"F3",100,0.5,0.1,"cat_trait=C",0,0,1,TRUE
902,11,"F3",100,0.5,0.1,"count_trait",0,1,0,FALSE
903,12,"F1",300,0.5,0.1,"trait1",1,0,0,FALSE
903,12,"F1",300,0.5,0.1,"trait2",1,0,0,FALSE
903,12,"F1",300,0.5,0.1,"trait3",0,1,0,FALSE
903,12,"F1",300,0.5,0.1,"trait4",0,1,0,FALSE
904,13,"F2",300,0.5,0.1,"trait1",0.88235294117647,0,0.117647058823529,FALSE
904,13,"F2",300,0.5,0.1,"trait2",1,0,0,FALSE
904,13,"F2",300,0.5,0.1,"trait3",0,1,0,FALSE
904,13,"F2",300,0.5,0.1,"trait4",1,0,0,FALSE
905,14,"F3",300,0.5,0.1,"cont1",1,0,0,FALSE
905,14,"F3",300,0.5,0.1,"binary_trait",0,1,0,FALSE
905,14,"F3",300,0.5,0.1,"cat_trait=A",0,1,0,FALSE
905,14,"F3",300,0.5,0.1,"cat_trait=B",0,1,0,FALSE
905,14,"F3",300,0.5,0.1,"cat_trait=C",0,1,0,FALSE
905,14,"F3",300,0.5,0.1,"count_trait",1,0,0,FALSE
906,15,"F1",1000,0.5,0.1,"trait1",0,1,0,FALSE
906,15,"F1",1000,0.5,0.1,"trait2",0,1,0,FALSE
906,15,"F1",1000,0.5,0.1,"trait3",0,1,0,FALSE
906,15,"F1",1000,0.5,0.1,"trait4",0,1,0,FALSE
907,16,"F2",1000,0.5,0.1,"trait1",0,1,0,FALSE
907,16,"F2",1000,0.5,0.1,"trait2",1,0,0,FALSE
907,16,"F2",1000,0.5,0.1,"trait3",0,0.555555555555556,0.444444444444444,FALSE
907,16,"F2",1000,0.5,0.1,"trait4",0.8,0.2,0,FALSE
908,17,"F3",1000,0.5,0.1,"cont1",0,1,0,FALSE
908,17,"F3",1000,0.5,0.1,"binary_trait",0,1,0,FALSE
908,17,"F3",1000,0.5,0.1,"cat_trait=A",0,1,0,FALSE
908,17,"F3",1000,0.5,0.1,"cat_trait=B",0,1,0,FALSE
908,17,"F3",1000,0.5,0.1,"cat_trait=C",0,1,0,FALSE
908,17,"F3",1000,0.5,0.1,"count_trait",1,0,0,FALSE
909,18,"F1",100,1,0.1,"trait1",0,0.846153846153846,0.153846153846154,FALSE
909,18,"F1",100,1,0.1,"trait2",0,0.75,0.25,FALSE
909,18,"F1",100,1,0.1,"trait3",0,1,0,FALSE
909,18,"F1",100,1,0.1,"trait4",0.45,0.55,0,FALSE
910,19,"F2",100,1,0.1,"trait1",0,1,0,FALSE
910,19,"F2",100,1,0.1,"trait2",0.833333333333333,0,0.166666666666667,FALSE
910,19,"F2",100,1,0.1,"trait3",0.529411764705882,0,0.470588235294118,FALSE
910,19,"F2",100,1,0.1,"trait4",1,0,0,FALSE
911,20,"F3",100,1,0.1,"cont1",0,1,0,FALSE
911,20,"F3",100,1,0.1,"binary_trait",0,1,0,FALSE
911,20,"F3",100,1,0.1,"cat_trait=A",0,1,0,FALSE
911,20,"F3",100,1,0.1,"cat_trait=B",0,1,0,FALSE
911,20,"F3",100,1,0.1,"cat_trait=C",0,1,0,FALSE
911,20,"F3",100,1,0.1,"count_trait",0,1,0,FALSE
912,21,"F1",300,1,0.1,"trait1",0,1,0,FALSE
912,21,"F1",300,1,0.1,"trait2",0,0.95,0.05,FALSE
912,21,"F1",300,1,0.1,"trait3",0.45,0.55,0,FALSE
912,21,"F1",300,1,0.1,"trait4",0,1,0,FALSE
913,22,"F2",300,1,0.1,"trait1",0,1,0,FALSE
913,22,"F2",300,1,0.1,"trait2",0.35,0.6,0.05,FALSE
913,22,"F2",300,1,0.1,"trait3",0,1,0,FALSE
913,22,"F2",300,1,0.1,"trait4",0.789473684210526,0,0.210526315789474,FALSE
914,23,"F3",300,1,0.1,"cont1",0,1,0,FALSE
914,23,"F3",300,1,0.1,"binary_trait",0.05,0.05,0.9,FALSE
914,23,"F3",300,1,0.1,"cat_trait=A",0,0,1,TRUE
914,23,"F3",300,1,0.1,"cat_trait=B",0,0,1,TRUE
914,23,"F3",300,1,0.1,"cat_trait=C",0,0,1,TRUE
914,23,"F3",300,1,0.1,"count_trait",0.6,0.2,0.2,FALSE
915,24,"F1",1000,1,0.1,"trait1",0,1,0,FALSE
915,24,"F1",1000,1,0.1,"trait2",0,1,0,FALSE
915,24,"F1",1000,1,0.1,"trait3",0,1,0,FALSE
915,24,"F1",1000,1,0.1,"trait4",0,1,0,FALSE
916,25,"F2",1000,1,0.1,"trait1",0,1,0,FALSE
916,25,"F2",1000,1,0.1,"trait2",1,0,0,FALSE
916,25,"F2",1000,1,0.1,"trait3",0,0.9,0.1,FALSE
916,25,"F2",1000,1,0.1,"trait4",1,0,0,FALSE
917,26,"F3",1000,1,0.1,"cont1",0,1,0,FALSE
917,26,"F3",1000,1,0.1,"binary_trait",0,1,0,FALSE
917,26,"F3",1000,1,0.1,"cat_trait=A",0,1,0,FALSE
917,26,"F3",1000,1,0.1,"cat_trait=B",0,1,0,FALSE
917,26,"F3",1000,1,0.1,"cat_trait=C",0,1,0,FALSE
917,26,"F3",1000,1,0.1,"count_trait",0,1,0,FALSE
918,27,"F1",100,0.2,0.3,"trait1",0,0,1,TRUE
918,27,"F1",100,0.2,0.3,"trait2",0,0,1,TRUE
918,27,"F1",100,0.2,0.3,"trait3",1,0,0,FALSE
918,27,"F1",100,0.2,0.3,"trait4",0,0,1,TRUE
919,28,"F2",100,0.2,0.3,"trait1",0,0,1,TRUE
919,28,"F2",100,0.2,0.3,"trait2",0,0,1,TRUE
919,28,"F2",100,0.2,0.3,"trait3",0,0,1,TRUE
919,28,"F2",100,0.2,0.3,"trait4",1,0,0,FALSE
920,29,"F3",100,0.2,0.3,"cont1",0,1,0,FALSE
920,29,"F3",100,0.2,0.3,"binary_trait",0,0,1,TRUE
920,29,"F3",100,0.2,0.3,"cat_trait=A",0,0,1,TRUE
920,29,"F3",100,0.2,0.3,"cat_trait=B",0,0,1,TRUE
920,29,"F3",100,0.2,0.3,"cat_trait=C",0,0,1,TRUE
920,29,"F3",100,0.2,0.3,"count_trait",0,0,1,TRUE
921,30,"F1",300,0.2,0.3,"trait1",0,0.0666666666666667,0.933333333333333,FALSE
921,30,"F1",300,0.2,0.3,"trait2",0,1,0,FALSE
921,30,"F1",300,0.2,0.3,"trait3",0,1,0,FALSE
921,30,"F1",300,0.2,0.3,"trait4",0,0,1,TRUE
922,31,"F2",300,0.2,0.3,"trait1",1,0,0,FALSE
922,31,"F2",300,0.2,0.3,"trait2",0,0,1,TRUE
922,31,"F2",300,0.2,0.3,"trait3",0,0,1,TRUE
922,31,"F2",300,0.2,0.3,"trait4",0,1,0,FALSE
923,32,"F3",300,0.2,0.3,"cont1",0,0,1,TRUE
923,32,"F3",300,0.2,0.3,"binary_trait",0,1,0,FALSE
923,32,"F3",300,0.2,0.3,"cat_trait=A",0,1,0,FALSE
923,32,"F3",300,0.2,0.3,"cat_trait=B",0,1,0,FALSE
923,32,"F3",300,0.2,0.3,"cat_trait=C",0,1,0,FALSE
923,32,"F3",300,0.2,0.3,"count_trait",0,0,1,TRUE
924,33,"F1",1000,0.2,0.3,"trait1",0,1,0,FALSE
924,33,"F1",1000,0.2,0.3,"trait2",0.65,0.35,0,FALSE
924,33,"F1",1000,0.2,0.3,"trait3",0,1,0,FALSE
924,33,"F1",1000,0.2,0.3,"trait4",0,1,0,FALSE
925,34,"F2",1000,0.2,0.3,"trait1",1,0,0,FALSE
925,34,"F2",1000,0.2,0.3,"trait2",1,0,0,FALSE
925,34,"F2",1000,0.2,0.3,"trait3",0,0.722222222222222,0.277777777777778,FALSE
925,34,"F2",1000,0.2,0.3,"trait4",1,0,0,FALSE
926,35,"F3",1000,0.2,0.3,"cont1",0,1,0,FALSE
926,35,"F3",1000,0.2,0.3,"binary_trait",0.31578947368421,0,0.68421052631579,FALSE
926,35,"F3",1000,0.2,0.3,"cat_trait=A",0,1,0,FALSE
926,35,"F3",1000,0.2,0.3,"cat_trait=B",0,1,0,FALSE
926,35,"F3",1000,0.2,0.3,"cat_trait=C",0,1,0,FALSE
926,35,"F3",1000,0.2,0.3,"count_trait",0,1,0,FALSE
927,36,"F1",100,0.5,0.3,"trait1",0,1,0,FALSE
927,36,"F1",100,0.5,0.3,"trait2",0,1,0,FALSE
927,36,"F1",100,0.5,0.3,"trait3",0,0,1,TRUE
927,36,"F1",100,0.5,0.3,"trait4",0,1,0,FALSE
928,37,"F2",100,0.5,0.3,"trait1",0,1,0,FALSE
928,37,"F2",100,0.5,0.3,"trait2",1,0,0,FALSE
928,37,"F2",100,0.5,0.3,"trait3",0,1,0,FALSE
928,37,"F2",100,0.5,0.3,"trait4",1,0,0,FALSE
929,38,"F3",100,0.5,0.3,"cont1",0,0,1,TRUE
929,38,"F3",100,0.5,0.3,"binary_trait",0,1,0,FALSE
929,38,"F3",100,0.5,0.3,"cat_trait=A",0,0,1,TRUE
929,38,"F3",100,0.5,0.3,"cat_trait=B",0,0,1,TRUE
929,38,"F3",100,0.5,0.3,"cat_trait=C",0,0,1,TRUE
929,38,"F3",100,0.5,0.3,"count_trait",1,0,0,FALSE
930,39,"F1",300,0.5,0.3,"trait1",0,1,0,FALSE
930,39,"F1",300,0.5,0.3,"trait2",1,0,0,FALSE
930,39,"F1",300,0.5,0.3,"trait3",0,1,0,FALSE
930,39,"F1",300,0.5,0.3,"trait4",0,1,0,FALSE
931,40,"F2",300,0.5,0.3,"trait1",0,1,0,FALSE
931,40,"F2",300,0.5,0.3,"trait2",1,0,0,FALSE
931,40,"F2",300,0.5,0.3,"trait3",0,0.9,0.1,FALSE
931,40,"F2",300,0.5,0.3,"trait4",0,1,0,FALSE
932,41,"F3",300,0.5,0.3,"cont1",0.4,0.6,0,FALSE
932,41,"F3",300,0.5,0.3,"binary_trait",0,1,0,FALSE
932,41,"F3",300,0.5,0.3,"cat_trait=A",0,0,1,TRUE
932,41,"F3",300,0.5,0.3,"cat_trait=B",0,0,1,TRUE
932,41,"F3",300,0.5,0.3,"cat_trait=C",0,0,1,TRUE
932,41,"F3",300,0.5,0.3,"count_trait",0,1,0,FALSE
933,42,"F1",1000,0.5,0.3,"trait1",0,1,0,FALSE
933,42,"F1",1000,0.5,0.3,"trait2",0,1,0,FALSE
933,42,"F1",1000,0.5,0.3,"trait3",0,1,0,FALSE
933,42,"F1",1000,0.5,0.3,"trait4",0,0.75,0.25,FALSE
934,43,"F2",1000,0.5,0.3,"trait1",0,1,0,FALSE
934,43,"F2",1000,0.5,0.3,"trait2",0,1,0,FALSE
934,43,"F2",1000,0.5,0.3,"trait3",0,1,0,FALSE
934,43,"F2",1000,0.5,0.3,"trait4",1,0,0,FALSE
935,44,"F3",1000,0.5,0.3,"cont1",0,1,0,FALSE
935,44,"F3",1000,0.5,0.3,"binary_trait",0,1,0,FALSE
935,44,"F3",1000,0.5,0.3,"cat_trait=A",0,1,0,FALSE
935,44,"F3",1000,0.5,0.3,"cat_trait=B",0,1,0,FALSE
935,44,"F3",1000,0.5,0.3,"cat_trait=C",0,1,0,FALSE
935,44,"F3",1000,0.5,0.3,"count_trait",0,1,0,FALSE
936,45,"F1",100,1,0.3,"trait1",0,0.35,0.65,FALSE
936,45,"F1",100,1,0.3,"trait2",0,1,0,FALSE
936,45,"F1",100,1,0.3,"trait3",0,1,0,FALSE
936,45,"F1",100,1,0.3,"trait4",0,1,0,FALSE
937,46,"F2",100,1,0.3,"trait1",0,0,1,TRUE
937,46,"F2",100,1,0.3,"trait2",0,0.9375,0.0625,FALSE
937,46,"F2",100,1,0.3,"trait3",1,0,0,FALSE
937,46,"F2",100,1,0.3,"trait4",1,0,0,FALSE
938,47,"F3",100,1,0.3,"cont1",0,1,0,FALSE
938,47,"F3",100,1,0.3,"binary_trait",0,1,0,FALSE
938,47,"F3",100,1,0.3,"cat_trait=A",0,0,1,TRUE
938,47,"F3",100,1,0.3,"cat_trait=B",0,0,1,TRUE
938,47,"F3",100,1,0.3,"cat_trait=C",0,0,1,TRUE
938,47,"F3",100,1,0.3,"count_trait",1,0,0,FALSE
939,48,"F1",300,1,0.3,"trait1",0.6,0.4,0,FALSE
939,48,"F1",300,1,0.3,"trait2",0.473684210526316,0.526315789473684,0,FALSE
939,48,"F1",300,1,0.3,"trait3",0,1,0,FALSE
939,48,"F1",300,1,0.3,"trait4",0.5,0.5,0,FALSE
940,49,"F2",300,1,0.3,"trait1",1,0,0,FALSE
940,49,"F2",300,1,0.3,"trait2",0.842105263157895,0.105263157894737,0.0526315789473684,FALSE
940,49,"F2",300,1,0.3,"trait3",0,0.35,0.65,FALSE
940,49,"F2",300,1,0.3,"trait4",0,1,0,FALSE
941,50,"F3",300,1,0.3,"cont1",0,1,0,FALSE
941,50,"F3",300,1,0.3,"binary_trait",0,1,0,FALSE
941,50,"F3",300,1,0.3,"cat_trait=A",0,1,0,FALSE
941,50,"F3",300,1,0.3,"cat_trait=B",0,1,0,FALSE
941,50,"F3",300,1,0.3,"cat_trait=C",0,1,0,FALSE
941,50,"F3",300,1,0.3,"count_trait",0,0.85,0.15,FALSE
942,51,"F1",1000,1,0.3,"trait1",0,1,0,FALSE
942,51,"F1",1000,1,0.3,"trait2",0,1,0,FALSE
942,51,"F1",1000,1,0.3,"trait3",0,1,0,FALSE
942,51,"F1",1000,1,0.3,"trait4",0,1,0,FALSE
943,52,"F2",1000,1,0.3,"trait1",0,1,0,FALSE
943,52,"F2",1000,1,0.3,"trait2",1,0,0,FALSE
943,52,"F2",1000,1,0.3,"trait3",0,0.833333333333333,0.166666666666667,FALSE
943,52,"F2",1000,1,0.3,"trait4",0,1,0,FALSE
944,53,"F3",1000,1,0.3,"cont1",0,1,0,FALSE
944,53,"F3",1000,1,0.3,"binary_trait",0,1,0,FALSE
944,53,"F3",1000,1,0.3,"cat_trait=A",0,1,0,FALSE
944,53,"F3",1000,1,0.3,"cat_trait=B",0,1,0,FALSE
944,53,"F3",1000,1,0.3,"cat_trait=C",0,1,0,FALSE
944,53,"F3",1000,1,0.3,"count_trait",0.0555555555555556,0.833333333333333,0.111111111111111,FALSE
945,54,"F1",100,0.2,0.5,"trait1",0,0,1,TRUE
945,54,"F1",100,0.2,0.5,"trait2",1,0,0,FALSE
945,54,"F1",100,0.2,0.5,"trait3",1,0,0,FALSE
945,54,"F1",100,0.2,0.5,"trait4",0,1,0,FALSE
946,55,"F2",100,0.2,0.5,"trait1",1,0,0,FALSE
946,55,"F2",100,0.2,0.5,"trait2",0,0,1,TRUE
946,55,"F2",100,0.2,0.5,"trait3",0,0,1,TRUE
946,55,"F2",100,0.2,0.5,"trait4",0,0,1,TRUE
947,56,"F3",100,0.2,0.5,"cont1",1,0,0,FALSE
947,56,"F3",100,0.2,0.5,"binary_trait",0,1,0,FALSE
947,56,"F3",100,0.2,0.5,"cat_trait=A",0,0,1,TRUE
947,56,"F3",100,0.2,0.5,"cat_trait=B",0,0,1,TRUE
947,56,"F3",100,0.2,0.5,"cat_trait=C",0,0,1,TRUE
947,56,"F3",100,0.2,0.5,"count_trait",0,0,1,TRUE
948,57,"F1",300,0.2,0.5,"trait1",0,0,1,TRUE
948,57,"F1",300,0.2,0.5,"trait2",0,0,1,TRUE
948,57,"F1",300,0.2,0.5,"trait3",0,1,0,FALSE
948,57,"F1",300,0.2,0.5,"trait4",0,0,1,TRUE
949,58,"F2",300,0.2,0.5,"trait1",0,1,0,FALSE
949,58,"F2",300,0.2,0.5,"trait2",1,0,0,FALSE
949,58,"F2",300,0.2,0.5,"trait3",0,1,0,FALSE
949,58,"F2",300,0.2,0.5,"trait4",0,1,0,FALSE
950,59,"F3",300,0.2,0.5,"cont1",0,1,0,FALSE
950,59,"F3",300,0.2,0.5,"binary_trait",0,0,1,TRUE
950,59,"F3",300,0.2,0.5,"cat_trait=A",0,0,1,TRUE
950,59,"F3",300,0.2,0.5,"cat_trait=B",0,0,1,TRUE
950,59,"F3",300,0.2,0.5,"cat_trait=C",0,0,1,TRUE
950,59,"F3",300,0.2,0.5,"count_trait",0,0,1,TRUE
951,60,"F1",1000,0.2,0.5,"trait1",0.85,0.15,0,FALSE
951,60,"F1",1000,0.2,0.5,"trait2",1,0,0,FALSE
951,60,"F1",1000,0.2,0.5,"trait3",1,0,0,FALSE
951,60,"F1",1000,0.2,0.5,"trait4",0,1,0,FALSE
952,61,"F2",1000,0.2,0.5,"trait1",0.9,0.1,0,FALSE
952,61,"F2",1000,0.2,0.5,"trait2",1,0,0,FALSE
952,61,"F2",1000,0.2,0.5,"trait3",0,0,1,TRUE
952,61,"F2",1000,0.2,0.5,"trait4",1,0,0,FALSE
953,62,"F3",1000,0.2,0.5,"cont1",0,1,0,FALSE
953,62,"F3",1000,0.2,0.5,"binary_trait",0,0,1,TRUE
953,62,"F3",1000,0.2,0.5,"cat_trait=A",0,0,1,TRUE
953,62,"F3",1000,0.2,0.5,"cat_trait=B",0,0,1,TRUE
953,62,"F3",1000,0.2,0.5,"cat_trait=C",0,0,1,TRUE
953,62,"F3",1000,0.2,0.5,"count_trait",0,1,0,FALSE
954,63,"F1",100,0.5,0.5,"trait1",0.85,0.15,0,FALSE
954,63,"F1",100,0.5,0.5,"trait2",1,0,0,FALSE
954,63,"F1",100,0.5,0.5,"trait3",0,0,1,TRUE
954,63,"F1",100,0.5,0.5,"trait4",0,1,0,FALSE
955,64,"F2",100,0.5,0.5,"trait1",0,0,1,TRUE
955,64,"F2",100,0.5,0.5,"trait2",0,0,1,TRUE
955,64,"F2",100,0.5,0.5,"trait3",0,1,0,FALSE
955,64,"F2",100,0.5,0.5,"trait4",1,0,0,FALSE
956,65,"F3",100,0.5,0.5,"cont1",0,1,0,FALSE
956,65,"F3",100,0.5,0.5,"binary_trait",0,0,1,TRUE
956,65,"F3",100,0.5,0.5,"cat_trait=A",0,1,0,FALSE
956,65,"F3",100,0.5,0.5,"cat_trait=B",0,1,0,FALSE
956,65,"F3",100,0.5,0.5,"cat_trait=C",0,1,0,FALSE
956,65,"F3",100,0.5,0.5,"count_trait",0,0,1,TRUE
957,66,"F1",300,0.5,0.5,"trait1",1,0,0,FALSE
957,66,"F1",300,0.5,0.5,"trait2",0,1,0,FALSE
957,66,"F1",300,0.5,0.5,"trait3",0.6,0.4,0,FALSE
957,66,"F1",300,0.5,0.5,"trait4",0,0,1,TRUE
958,67,"F2",300,0.5,0.5,"trait1",1,0,0,FALSE
958,67,"F2",300,0.5,0.5,"trait2",0.944444444444444,0,0.0555555555555556,FALSE
958,67,"F2",300,0.5,0.5,"trait3",0,0,1,TRUE
958,67,"F2",300,0.5,0.5,"trait4",0.888888888888889,0,0.111111111111111,FALSE
959,68,"F3",300,0.5,0.5,"cont1",0.75,0.25,0,FALSE
959,68,"F3",300,0.5,0.5,"binary_trait",0,0,1,TRUE
959,68,"F3",300,0.5,0.5,"cat_trait=A",0,1,0,FALSE
959,68,"F3",300,0.5,0.5,"cat_trait=B",0,1,0,FALSE
959,68,"F3",300,0.5,0.5,"cat_trait=C",0,1,0,FALSE
959,68,"F3",300,0.5,0.5,"count_trait",1,0,0,FALSE
960,69,"F1",1000,0.5,0.5,"trait1",0.466666666666667,0.466666666666667,0.0666666666666667,FALSE
960,69,"F1",1000,0.5,0.5,"trait2",0,0.65,0.35,FALSE
960,69,"F1",1000,0.5,0.5,"trait3",1,0,0,FALSE
960,69,"F1",1000,0.5,0.5,"trait4",0.6,0.4,0,FALSE
961,70,"F2",1000,0.5,0.5,"trait1",0,1,0,FALSE
961,70,"F2",1000,0.5,0.5,"trait2",0,1,0,FALSE
961,70,"F2",1000,0.5,0.5,"trait3",0,1,0,FALSE
961,70,"F2",1000,0.5,0.5,"trait4",0.473684210526316,0.526315789473684,0,FALSE
962,71,"F3",1000,0.5,0.5,"cont1",1,0,0,FALSE
962,71,"F3",1000,0.5,0.5,"binary_trait",0,1,0,FALSE
962,71,"F3",1000,0.5,0.5,"cat_trait=A",0,0,1,TRUE
962,71,"F3",1000,0.5,0.5,"cat_trait=B",0,0,1,TRUE
962,71,"F3",1000,0.5,0.5,"cat_trait=C",0,0,1,TRUE
962,71,"F3",1000,0.5,0.5,"count_trait",0,1,0,FALSE
963,72,"F1",100,1,0.5,"trait1",0,1,0,FALSE
963,72,"F1",100,1,0.5,"trait2",0.555555555555556,0,0.444444444444444,FALSE
963,72,"F1",100,1,0.5,"trait3",0.842105263157895,0.105263157894737,0.0526315789473684,FALSE
963,72,"F1",100,1,0.5,"trait4",1,0,0,FALSE
964,73,"F2",100,1,0.5,"trait1",0,1,0,FALSE
964,73,"F2",100,1,0.5,"trait2",1,0,0,FALSE
964,73,"F2",100,1,0.5,"trait3",0,1,0,FALSE
964,73,"F2",100,1,0.5,"trait4",0.55,0.45,0,FALSE
965,74,"F3",100,1,0.5,"cont1",0,1,0,FALSE
965,74,"F3",100,1,0.5,"binary_trait",0,1,0,FALSE
965,74,"F3",100,1,0.5,"cat_trait=A",0,0,1,TRUE
965,74,"F3",100,1,0.5,"cat_trait=B",0,0,1,TRUE
965,74,"F3",100,1,0.5,"cat_trait=C",0,0,1,TRUE
965,74,"F3",100,1,0.5,"count_trait",0,1,0,FALSE
966,75,"F1",300,1,0.5,"trait1",0,0.7,0.3,FALSE
966,75,"F1",300,1,0.5,"trait2",0,1,0,FALSE
966,75,"F1",300,1,0.5,"trait3",0,1,0,FALSE
966,75,"F1",300,1,0.5,"trait4",0,1,0,FALSE
967,76,"F2",300,1,0.5,"trait1",0,1,0,FALSE
967,76,"F2",300,1,0.5,"trait2",0.842105263157895,0.157894736842105,0,FALSE
967,76,"F2",300,1,0.5,"trait3",1,0,0,FALSE
967,76,"F2",300,1,0.5,"trait4",0,1,0,FALSE
968,77,"F3",300,1,0.5,"cont1",0,0.9,0.1,FALSE
968,77,"F3",300,1,0.5,"binary_trait",0,1,0,FALSE
968,77,"F3",300,1,0.5,"cat_trait=A",0,0,1,TRUE
968,77,"F3",300,1,0.5,"cat_trait=B",0,0,1,TRUE
968,77,"F3",300,1,0.5,"cat_trait=C",0,0,1,TRUE
968,77,"F3",300,1,0.5,"count_trait",0,1,0,FALSE
969,78,"F1",1000,1,0.5,"trait1",0,1,0,FALSE
969,78,"F1",1000,1,0.5,"trait2",0,1,0,FALSE
969,78,"F1",1000,1,0.5,"trait3",0,1,0,FALSE
969,78,"F1",1000,1,0.5,"trait4",0,1,0,FALSE
970,79,"F2",1000,1,0.5,"trait1",0,1,0,FALSE
970,79,"F2",1000,1,0.5,"trait2",0,1,0,FALSE
970,79,"F2",1000,1,0.5,"trait3",0,0.85,0.15,FALSE
970,79,"F2",1000,1,0.5,"trait4",0,1,0,FALSE
971,80,"F3",1000,1,0.5,"cont1",0.85,0,0.15,FALSE
971,80,"F3",1000,1,0.5,"binary_trait",0,0.65,0.35,FALSE
971,80,"F3",1000,1,0.5,"cat_trait=A",0.15,0,0.85,FALSE
971,80,"F3",1000,1,0.5,"cat_trait=B",0.15,0,0.85,FALSE
971,80,"F3",1000,1,0.5,"cat_trait=C",0.15,0,0.85,FALSE
971,80,"F3",1000,1,0.5,"count_trait",0,1,0,FALSE
972,0,"F1",100,0.2,0.1,"trait1",0,0,1,TRUE
972,0,"F1",100,0.2,0.1,"trait2",0,0,1,TRUE
972,0,"F1",100,0.2,0.1,"trait3",0,0,1,TRUE
972,0,"F1",100,0.2,0.1,"trait4",0,0,1,TRUE
973,1,"F2",100,0.2,0.1,"trait1",0,1,0,FALSE
973,1,"F2",100,0.2,0.1,"trait2",1,0,0,FALSE
973,1,"F2",100,0.2,0.1,"trait3",0,0.25,0.75,FALSE
973,1,"F2",100,0.2,0.1,"trait4",0,0,1,TRUE
974,2,"F3",100,0.2,0.1,"cont1",1,0,0,FALSE
974,2,"F3",100,0.2,0.1,"binary_trait",0,0,1,TRUE
974,2,"F3",100,0.2,0.1,"cat_trait=A",0,0,1,TRUE
974,2,"F3",100,0.2,0.1,"cat_trait=B",0,0,1,TRUE
974,2,"F3",100,0.2,0.1,"cat_trait=C",0,0,1,TRUE
974,2,"F3",100,0.2,0.1,"count_trait",1,0,0,FALSE
975,3,"F1",300,0.2,0.1,"trait1",1,0,0,FALSE
975,3,"F1",300,0.2,0.1,"trait2",0,1,0,FALSE
975,3,"F1",300,0.2,0.1,"trait3",0,1,0,FALSE
975,3,"F1",300,0.2,0.1,"trait4",0,1,0,FALSE
976,4,"F2",300,0.2,0.1,"trait1",1,0,0,FALSE
976,4,"F2",300,0.2,0.1,"trait2",0.9,0.1,0,FALSE
976,4,"F2",300,0.2,0.1,"trait3",1,0,0,FALSE
976,4,"F2",300,0.2,0.1,"trait4",1,0,0,FALSE
977,5,"F3",300,0.2,0.1,"cont1",0,1,0,FALSE
977,5,"F3",300,0.2,0.1,"binary_trait",0,0,1,TRUE
977,5,"F3",300,0.2,0.1,"cat_trait=A",0,1,0,FALSE
977,5,"F3",300,0.2,0.1,"cat_trait=B",0,1,0,FALSE
977,5,"F3",300,0.2,0.1,"cat_trait=C",0,1,0,FALSE
977,5,"F3",300,0.2,0.1,"count_trait",0,0,1,TRUE
978,6,"F1",1000,0.2,0.1,"trait1",0,1,0,FALSE
978,6,"F1",1000,0.2,0.1,"trait2",0,1,0,FALSE
978,6,"F1",1000,0.2,0.1,"trait3",0,1,0,FALSE
978,6,"F1",1000,0.2,0.1,"trait4",0,1,0,FALSE
979,7,"F2",1000,0.2,0.1,"trait1",0,1,0,FALSE
979,7,"F2",1000,0.2,0.1,"trait2",1,0,0,FALSE
979,7,"F2",1000,0.2,0.1,"trait3",1,0,0,FALSE
979,7,"F2",1000,0.2,0.1,"trait4",1,0,0,FALSE
980,8,"F3",1000,0.2,0.1,"cont1",0,0,1,TRUE
980,8,"F3",1000,0.2,0.1,"binary_trait",0.65,0,0.35,FALSE
980,8,"F3",1000,0.2,0.1,"cat_trait=A",0,0,1,TRUE
980,8,"F3",1000,0.2,0.1,"cat_trait=B",0,0,1,TRUE
980,8,"F3",1000,0.2,0.1,"cat_trait=C",0,0,1,TRUE
980,8,"F3",1000,0.2,0.1,"count_trait",0,0,1,TRUE
981,9,"F1",100,0.5,0.1,"trait1",0,0,1,TRUE
981,9,"F1",100,0.5,0.1,"trait2",0,1,0,FALSE
981,9,"F1",100,0.5,0.1,"trait3",1,0,0,FALSE
981,9,"F1",100,0.5,0.1,"trait4",0,0.7,0.3,FALSE
982,10,"F2",100,0.5,0.1,"trait1",0,1,0,FALSE
982,10,"F2",100,0.5,0.1,"trait2",0,1,0,FALSE
982,10,"F2",100,0.5,0.1,"trait3",1,0,0,FALSE
982,10,"F2",100,0.5,0.1,"trait4",1,0,0,FALSE
983,11,"F3",100,0.5,0.1,"cont1",0.8,0.2,0,FALSE
983,11,"F3",100,0.5,0.1,"binary_trait",0,0,1,TRUE
983,11,"F3",100,0.5,0.1,"cat_trait=A",0,0,1,TRUE
983,11,"F3",100,0.5,0.1,"cat_trait=B",0,0,1,TRUE
983,11,"F3",100,0.5,0.1,"cat_trait=C",0,0,1,TRUE
983,11,"F3",100,0.5,0.1,"count_trait",0,0,1,TRUE
984,12,"F1",300,0.5,0.1,"trait1",1,0,0,FALSE
984,12,"F1",300,0.5,0.1,"trait2",1,0,0,FALSE
984,12,"F1",300,0.5,0.1,"trait3",0,1,0,FALSE
984,12,"F1",300,0.5,0.1,"trait4",0,1,0,FALSE
985,13,"F2",300,0.5,0.1,"trait1",0,1,0,FALSE
985,13,"F2",300,0.5,0.1,"trait2",0,1,0,FALSE
985,13,"F2",300,0.5,0.1,"trait3",0,1,0,FALSE
985,13,"F2",300,0.5,0.1,"trait4",1,0,0,FALSE
986,14,"F3",300,0.5,0.1,"cont1",0,1,0,FALSE
986,14,"F3",300,0.5,0.1,"binary_trait",0,1,0,FALSE
986,14,"F3",300,0.5,0.1,"cat_trait=A",0,1,0,FALSE
986,14,"F3",300,0.5,0.1,"cat_trait=B",0,1,0,FALSE
986,14,"F3",300,0.5,0.1,"cat_trait=C",0,1,0,FALSE
986,14,"F3",300,0.5,0.1,"count_trait",0,1,0,FALSE
987,15,"F1",1000,0.5,0.1,"trait1",0,1,0,FALSE
987,15,"F1",1000,0.5,0.1,"trait2",0,1,0,FALSE
987,15,"F1",1000,0.5,0.1,"trait3",0,1,0,FALSE
987,15,"F1",1000,0.5,0.1,"trait4",0.45,0.55,0,FALSE
988,16,"F2",1000,0.5,0.1,"trait1",1,0,0,FALSE
988,16,"F2",1000,0.5,0.1,"trait2",1,0,0,FALSE
988,16,"F2",1000,0.5,0.1,"trait3",0,1,0,FALSE
988,16,"F2",1000,0.5,0.1,"trait4",1,0,0,FALSE
989,17,"F3",1000,0.5,0.1,"cont1",0,1,0,FALSE
989,17,"F3",1000,0.5,0.1,"binary_trait",0.4,0.6,0,FALSE
989,17,"F3",1000,0.5,0.1,"cat_trait=A",0,1,0,FALSE
989,17,"F3",1000,0.5,0.1,"cat_trait=B",0,1,0,FALSE
989,17,"F3",1000,0.5,0.1,"cat_trait=C",0,1,0,FALSE
989,17,"F3",1000,0.5,0.1,"count_trait",0,1,0,FALSE
990,18,"F1",100,1,0.1,"trait1",0.666666666666667,0,0.333333333333333,FALSE
990,18,"F1",100,1,0.1,"trait2",0,1,0,FALSE
990,18,"F1",100,1,0.1,"trait3",0,1,0,FALSE
990,18,"F1",100,1,0.1,"trait4",0,1,0,FALSE
991,19,"F2",100,1,0.1,"trait1",0,1,0,FALSE
991,19,"F2",100,1,0.1,"trait2",0.95,0,0.05,FALSE
991,19,"F2",100,1,0.1,"trait3",0,1,0,FALSE
991,19,"F2",100,1,0.1,"trait4",0,0.411764705882353,0.588235294117647,FALSE
992,20,"F3",100,1,0.1,"cont1",0,1,0,FALSE
992,20,"F3",100,1,0.1,"binary_trait",0,1,0,FALSE
992,20,"F3",100,1,0.1,"cat_trait=A",0,0,1,TRUE
992,20,"F3",100,1,0.1,"cat_trait=B",0,0,1,TRUE
992,20,"F3",100,1,0.1,"cat_trait=C",0,0,1,TRUE
992,20,"F3",100,1,0.1,"count_trait",1,0,0,FALSE
993,21,"F1",300,1,0.1,"trait1",0,1,0,FALSE
993,21,"F1",300,1,0.1,"trait2",0,1,0,FALSE
993,21,"F1",300,1,0.1,"trait3",0,1,0,FALSE
993,21,"F1",300,1,0.1,"trait4",1,0,0,FALSE
994,22,"F2",300,1,0.1,"trait1",0,1,0,FALSE
994,22,"F2",300,1,0.1,"trait2",0.6,0.35,0.05,FALSE
994,22,"F2",300,1,0.1,"trait3",0,0.35,0.65,FALSE
994,22,"F2",300,1,0.1,"trait4",0.8,0,0.2,FALSE
995,23,"F3",300,1,0.1,"cont1",0,1,0,FALSE
995,23,"F3",300,1,0.1,"binary_trait",0,1,0,FALSE
995,23,"F3",300,1,0.1,"cat_trait=A",0,0,1,TRUE
995,23,"F3",300,1,0.1,"cat_trait=B",0,0,1,TRUE
995,23,"F3",300,1,0.1,"cat_trait=C",0,0,1,TRUE
995,23,"F3",300,1,0.1,"count_trait",0.263157894736842,0.736842105263158,0,FALSE
996,24,"F1",1000,1,0.1,"trait1",0,1,0,FALSE
996,24,"F1",1000,1,0.1,"trait2",0,1,0,FALSE
996,24,"F1",1000,1,0.1,"trait3",0,1,0,FALSE
996,24,"F1",1000,1,0.1,"trait4",0.55,0.45,0,FALSE
997,25,"F2",1000,1,0.1,"trait1",0,1,0,FALSE
997,25,"F2",1000,1,0.1,"trait2",0.95,0,0.05,FALSE
997,25,"F2",1000,1,0.1,"trait3",0,0.75,0.25,FALSE
997,25,"F2",1000,1,0.1,"trait4",0.947368421052632,0,0.0526315789473684,FALSE
998,26,"F3",1000,1,0.1,"cont1",0,1,0,FALSE
998,26,"F3",1000,1,0.1,"binary_trait",0,1,0,FALSE
998,26,"F3",1000,1,0.1,"cat_trait=A",0,1,0,FALSE
998,26,"F3",1000,1,0.1,"cat_trait=B",0,1,0,FALSE
998,26,"F3",1000,1,0.1,"cat_trait=C",0,1,0,FALSE
998,26,"F3",1000,1,0.1,"count_trait",0,0.8,0.2,FALSE
999,27,"F1",100,0.2,0.3,"trait1",0,0,1,TRUE
999,27,"F1",100,0.2,0.3,"trait2",0,0,1,TRUE
999,27,"F1",100,0.2,0.3,"trait3",0,1,0,FALSE
999,27,"F1",100,0.2,0.3,"trait4",1,0,0,FALSE
1000,28,"F2",100,0.2,0.3,"trait1",0,1,0,FALSE
1000,28,"F2",100,0.2,0.3,"trait2",0,0,1,TRUE
1000,28,"F2",100,0.2,0.3,"trait3",0,0,1,TRUE
1000,28,"F2",100,0.2,0.3,"trait4",1,0,0,FALSE
1001,29,"F3",100,0.2,0.3,"cont1",0,0,1,TRUE
1001,29,"F3",100,0.2,0.3,"binary_trait",0,0,1,TRUE
1001,29,"F3",100,0.2,0.3,"cat_trait=A",0,0,1,TRUE
1001,29,"F3",100,0.2,0.3,"cat_trait=B",0,0,1,TRUE
1001,29,"F3",100,0.2,0.3,"cat_trait=C",0,0,1,TRUE
1001,29,"F3",100,0.2,0.3,"count_trait",0,0,1,TRUE
1002,30,"F1",300,0.2,0.3,"trait1",0.85,0.15,0,FALSE
1002,30,"F1",300,0.2,0.3,"trait2",1,0,0,FALSE
1002,30,"F1",300,0.2,0.3,"trait3",0,1,0,FALSE
1002,30,"F1",300,0.2,0.3,"trait4",0,1,0,FALSE
1003,31,"F2",300,0.2,0.3,"trait1",0.25,0.75,0,FALSE
1003,31,"F2",300,0.2,0.3,"trait2",1,0,0,FALSE
1003,31,"F2",300,0.2,0.3,"trait3",0,0,1,TRUE
1003,31,"F2",300,0.2,0.3,"trait4",1,0,0,FALSE
1004,32,"F3",300,0.2,0.3,"cont1",0,0,1,TRUE
1004,32,"F3",300,0.2,0.3,"binary_trait",0,0,1,TRUE
1004,32,"F3",300,0.2,0.3,"cat_trait=A",0,1,0,FALSE
1004,32,"F3",300,0.2,0.3,"cat_trait=B",0,1,0,FALSE
1004,32,"F3",300,0.2,0.3,"cat_trait=C",0,1,0,FALSE
1004,32,"F3",300,0.2,0.3,"count_trait",0,0,1,TRUE
1005,33,"F1",1000,0.2,0.3,"trait1",0.928571428571428,0.0714285714285714,0,FALSE
1005,33,"F1",1000,0.2,0.3,"trait2",0,1,0,FALSE
1005,33,"F1",1000,0.2,0.3,"trait3",0,1,0,FALSE
1005,33,"F1",1000,0.2,0.3,"trait4",0,1,0,FALSE
1006,34,"F2",1000,0.2,0.3,"trait1",0,1,0,FALSE
1006,34,"F2",1000,0.2,0.3,"trait2",1,0,0,FALSE
1006,34,"F2",1000,0.2,0.3,"trait3",0,0,1,TRUE
1006,34,"F2",1000,0.2,0.3,"trait4",0,1,0,FALSE
1007,35,"F3",1000,0.2,0.3,"cont1",0,1,0,FALSE
1007,35,"F3",1000,0.2,0.3,"binary_trait",0,0.533333333333333,0.466666666666667,FALSE
1007,35,"F3",1000,0.2,0.3,"cat_trait=A",0,0.65,0.35,FALSE
1007,35,"F3",1000,0.2,0.3,"cat_trait=B",0,0.65,0.35,FALSE
1007,35,"F3",1000,0.2,0.3,"cat_trait=C",0,0.65,0.35,FALSE
1007,35,"F3",1000,0.2,0.3,"count_trait",0,1,0,FALSE
1008,36,"F1",100,0.5,0.3,"trait1",0,1,0,FALSE
1008,36,"F1",100,0.5,0.3,"trait2",0,1,0,FALSE
1008,36,"F1",100,0.5,0.3,"trait3",0,1,0,FALSE
1008,36,"F1",100,0.5,0.3,"trait4",0.388888888888889,0,0.611111111111111,FALSE
1009,37,"F2",100,0.5,0.3,"trait1",0,1,0,FALSE
1009,37,"F2",100,0.5,0.3,"trait2",0,1,0,FALSE
1009,37,"F2",100,0.5,0.3,"trait3",0,0,1,TRUE
1009,37,"F2",100,0.5,0.3,"trait4",0,0,1,TRUE
1010,38,"F3",100,0.5,0.3,"cont1",0,0,1,TRUE
1010,38,"F3",100,0.5,0.3,"binary_trait",0,1,0,FALSE
1010,38,"F3",100,0.5,0.3,"cat_trait=A",0,0,1,TRUE
1010,38,"F3",100,0.5,0.3,"cat_trait=B",0,0,1,TRUE
1010,38,"F3",100,0.5,0.3,"cat_trait=C",0,0,1,TRUE
1010,38,"F3",100,0.5,0.3,"count_trait",0,0,1,TRUE
1011,39,"F1",300,0.5,0.3,"trait1",1,0,0,FALSE
1011,39,"F1",300,0.5,0.3,"trait2",0.947368421052632,0.0526315789473684,0,FALSE
1011,39,"F1",300,0.5,0.3,"trait3",0,1,0,FALSE
1011,39,"F1",300,0.5,0.3,"trait4",0,0.65,0.35,FALSE
1012,40,"F2",300,0.5,0.3,"trait1",1,0,0,FALSE
1012,40,"F2",300,0.5,0.3,"trait2",1,0,0,FALSE
1012,40,"F2",300,0.5,0.3,"trait3",0,0,1,TRUE
1012,40,"F2",300,0.5,0.3,"trait4",1,0,0,FALSE
1013,41,"F3",300,0.5,0.3,"cont1",0,1,0,FALSE
1013,41,"F3",300,0.5,0.3,"binary_trait",0.4,0,0.6,FALSE
1013,41,"F3",300,0.5,0.3,"cat_trait=A",0,0,1,TRUE
1013,41,"F3",300,0.5,0.3,"cat_trait=B",0,0,1,TRUE
1013,41,"F3",300,0.5,0.3,"cat_trait=C",0,0,1,TRUE
1013,41,"F3",300,0.5,0.3,"count_trait",0.85,0,0.15,FALSE
1014,42,"F1",1000,0.5,0.3,"trait1",0,1,0,FALSE
1014,42,"F1",1000,0.5,0.3,"trait2",1,0,0,FALSE
1014,42,"F1",1000,0.5,0.3,"trait3",0,1,0,FALSE
1014,42,"F1",1000,0.5,0.3,"trait4",0,1,0,FALSE
1015,43,"F2",1000,0.5,0.3,"trait1",0.45,0.55,0,FALSE
1015,43,"F2",1000,0.5,0.3,"trait2",0,1,0,FALSE
1015,43,"F2",1000,0.5,0.3,"trait3",0.5,0.5,0,FALSE
1015,43,"F2",1000,0.5,0.3,"trait4",0,1,0,FALSE
1016,44,"F3",1000,0.5,0.3,"cont1",0,1,0,FALSE
1016,44,"F3",1000,0.5,0.3,"binary_trait",0,1,0,FALSE
1016,44,"F3",1000,0.5,0.3,"cat_trait=A",0,0,1,TRUE
1016,44,"F3",1000,0.5,0.3,"cat_trait=B",0,0,1,TRUE
1016,44,"F3",1000,0.5,0.3,"cat_trait=C",0,0,1,TRUE
1016,44,"F3",1000,0.5,0.3,"count_trait",0.789473684210526,0.210526315789474,0,FALSE
1017,45,"F1",100,1,0.3,"trait1",0.65,0,0.35,FALSE
1017,45,"F1",100,1,0.3,"trait2",0,0,1,TRUE
1017,45,"F1",100,1,0.3,"trait3",0.55,0.45,0,FALSE
1017,45,"F1",100,1,0.3,"trait4",0.842105263157895,0,0.157894736842105,FALSE
1018,46,"F2",100,1,0.3,"trait1",0,1,0,FALSE
1018,46,"F2",100,1,0.3,"trait2",0.9,0,0.1,FALSE
1018,46,"F2",100,1,0.3,"trait3",0,1,0,FALSE
1018,46,"F2",100,1,0.3,"trait4",0,1,0,FALSE
1019,47,"F3",100,1,0.3,"cont1",0,1,0,FALSE
1019,47,"F3",100,1,0.3,"binary_trait",0.2,0,0.8,FALSE
1019,47,"F3",100,1,0.3,"cat_trait=A",0,0,1,TRUE
1019,47,"F3",100,1,0.3,"cat_trait=B",0,0,1,TRUE
1019,47,"F3",100,1,0.3,"cat_trait=C",0,0,1,TRUE
1019,47,"F3",100,1,0.3,"count_trait",0,1,0,FALSE
1020,48,"F1",300,1,0.3,"trait1",1,0,0,FALSE
1020,48,"F1",300,1,0.3,"trait2",0,1,0,FALSE
1020,48,"F1",300,1,0.3,"trait3",0.6,0.4,0,FALSE
1020,48,"F1",300,1,0.3,"trait4",0,1,0,FALSE
1021,49,"F2",300,1,0.3,"trait1",0,1,0,FALSE
1021,49,"F2",300,1,0.3,"trait2",0,1,0,FALSE
1021,49,"F2",300,1,0.3,"trait3",0,0,1,TRUE
1021,49,"F2",300,1,0.3,"trait4",0.95,0.05,0,FALSE
1022,50,"F3",300,1,0.3,"cont1",0.2,0.8,0,FALSE
1022,50,"F3",300,1,0.3,"binary_trait",0,1,0,FALSE
1022,50,"F3",300,1,0.3,"cat_trait=A",0,0,1,TRUE
1022,50,"F3",300,1,0.3,"cat_trait=B",0,0,1,TRUE
1022,50,"F3",300,1,0.3,"cat_trait=C",0,0,1,TRUE
1022,50,"F3",300,1,0.3,"count_trait",0,1,0,FALSE
1023,51,"F1",1000,1,0.3,"trait1",0,1,0,FALSE
1023,51,"F1",1000,1,0.3,"trait2",0,1,0,FALSE
1023,51,"F1",1000,1,0.3,"trait3",0,1,0,FALSE
1023,51,"F1",1000,1,0.3,"trait4",0,1,0,FALSE
1024,52,"F2",1000,1,0.3,"trait1",0,1,0,FALSE
1024,52,"F2",1000,1,0.3,"trait2",0.4,0.6,0,FALSE
1024,52,"F2",1000,1,0.3,"trait3",0,0.8,0.2,FALSE
1024,52,"F2",1000,1,0.3,"trait4",0,1,0,FALSE
1025,53,"F3",1000,1,0.3,"cont1",0,1,0,FALSE
1025,53,"F3",1000,1,0.3,"binary_trait",0,1,0,FALSE
1025,53,"F3",1000,1,0.3,"cat_trait=A",0,1,0,FALSE
1025,53,"F3",1000,1,0.3,"cat_trait=B",0,1,0,FALSE
1025,53,"F3",1000,1,0.3,"cat_trait=C",0,1,0,FALSE
1025,53,"F3",1000,1,0.3,"count_trait",0,1,0,FALSE
1026,54,"F1",100,0.2,0.5,"trait1",0,0,1,TRUE
1026,54,"F1",100,0.2,0.5,"trait2",0,0,1,TRUE
1026,54,"F1",100,0.2,0.5,"trait3",0,1,0,FALSE
1026,54,"F1",100,0.2,0.5,"trait4",0,0,1,TRUE
1027,55,"F2",100,0.2,0.5,"trait1",0,0,1,TRUE
1027,55,"F2",100,0.2,0.5,"trait2",0,1,0,FALSE
1027,55,"F2",100,0.2,0.5,"trait3",0,0,1,TRUE
1027,55,"F2",100,0.2,0.5,"trait4",0,0,1,TRUE
1028,56,"F3",100,0.2,0.5,"cont1",0,0,1,TRUE
1028,56,"F3",100,0.2,0.5,"binary_trait",0,0,1,TRUE
1028,56,"F3",100,0.2,0.5,"cat_trait=A",0,0,1,TRUE
1028,56,"F3",100,0.2,0.5,"cat_trait=B",0,0,1,TRUE
1028,56,"F3",100,0.2,0.5,"cat_trait=C",0,0,1,TRUE
1028,56,"F3",100,0.2,0.5,"count_trait",0,1,0,FALSE
1029,57,"F1",300,0.2,0.5,"trait1",0,0,1,TRUE
1029,57,"F1",300,0.2,0.5,"trait2",0.8,0.2,0,FALSE
1029,57,"F1",300,0.2,0.5,"trait3",0,0,1,TRUE
1029,57,"F1",300,0.2,0.5,"trait4",0,0,1,TRUE
1030,58,"F2",300,0.2,0.5,"trait1",1,0,0,FALSE
1030,58,"F2",300,0.2,0.5,"trait2",0.85,0,0.15,FALSE
1030,58,"F2",300,0.2,0.5,"trait3",0,0,1,TRUE
1030,58,"F2",300,0.2,0.5,"trait4",1,0,0,FALSE
1031,59,"F3",300,0.2,0.5,"cont1",0,1,0,FALSE
1031,59,"F3",300,0.2,0.5,"binary_trait",0,1,0,FALSE
1031,59,"F3",300,0.2,0.5,"cat_trait=A",0,1,0,FALSE
1031,59,"F3",300,0.2,0.5,"cat_trait=B",0,1,0,FALSE
1031,59,"F3",300,0.2,0.5,"cat_trait=C",0,1,0,FALSE
1031,59,"F3",300,0.2,0.5,"count_trait",0,0,1,TRUE
1032,60,"F1",1000,0.2,0.5,"trait1",0,1,0,FALSE
1032,60,"F1",1000,0.2,0.5,"trait2",0,1,0,FALSE
1032,60,"F1",1000,0.2,0.5,"trait3",0,1,0,FALSE
1032,60,"F1",1000,0.2,0.5,"trait4",0,1,0,FALSE
1033,61,"F2",1000,0.2,0.5,"trait1",0,1,0,FALSE
1033,61,"F2",1000,0.2,0.5,"trait2",0.764705882352941,0,0.235294117647059,FALSE
1033,61,"F2",1000,0.2,0.5,"trait3",0,0,1,TRUE
1033,61,"F2",1000,0.2,0.5,"trait4",1,0,0,FALSE
1034,62,"F3",1000,0.2,0.5,"cont1",0,1,0,FALSE
1034,62,"F3",1000,0.2,0.5,"binary_trait",0,1,0,FALSE
1034,62,"F3",1000,0.2,0.5,"cat_trait=A",0,0,1,TRUE
1034,62,"F3",1000,0.2,0.5,"cat_trait=B",0,0,1,TRUE
1034,62,"F3",1000,0.2,0.5,"cat_trait=C",0,0,1,TRUE
1034,62,"F3",1000,0.2,0.5,"count_trait",0,1,0,FALSE
1035,63,"F1",100,0.5,0.5,"trait1",0,0,1,TRUE
1035,63,"F1",100,0.5,0.5,"trait2",0,1,0,FALSE
1035,63,"F1",100,0.5,0.5,"trait3",1,0,0,FALSE
1035,63,"F1",100,0.5,0.5,"trait4",0,0,1,TRUE
1036,64,"F2",100,0.5,0.5,"trait1",1,0,0,FALSE
1036,64,"F2",100,0.5,0.5,"trait2",1,0,0,FALSE
1036,64,"F2",100,0.5,0.5,"trait3",0,1,0,FALSE
1036,64,"F2",100,0.5,0.5,"trait4",0,0,1,TRUE
1037,65,"F3",100,0.5,0.5,"cont1",0,1,0,FALSE
1037,65,"F3",100,0.5,0.5,"binary_trait",0,0,1,TRUE
1037,65,"F3",100,0.5,0.5,"cat_trait=A",0,1,0,FALSE
1037,65,"F3",100,0.5,0.5,"cat_trait=B",0,1,0,FALSE
1037,65,"F3",100,0.5,0.5,"cat_trait=C",0,1,0,FALSE
1037,65,"F3",100,0.5,0.5,"count_trait",0,1,0,FALSE
1038,66,"F1",300,0.5,0.5,"trait1",0,0,1,TRUE
1038,66,"F1",300,0.5,0.5,"trait2",0,1,0,FALSE
1038,66,"F1",300,0.5,0.5,"trait3",0,1,0,FALSE
1038,66,"F1",300,0.5,0.5,"trait4",0,0.75,0.25,FALSE
1039,67,"F2",300,0.5,0.5,"trait1",0,1,0,FALSE
1039,67,"F2",300,0.5,0.5,"trait2",0.8,0.2,0,FALSE
1039,67,"F2",300,0.5,0.5,"trait3",0,0,1,TRUE
1039,67,"F2",300,0.5,0.5,"trait4",0,0,1,TRUE
1040,68,"F3",300,0.5,0.5,"cont1",0.789473684210526,0,0.210526315789474,FALSE
1040,68,"F3",300,0.5,0.5,"binary_trait",0,1,0,FALSE
1040,68,"F3",300,0.5,0.5,"cat_trait=A",0,1,0,FALSE
1040,68,"F3",300,0.5,0.5,"cat_trait=B",0,1,0,FALSE
1040,68,"F3",300,0.5,0.5,"cat_trait=C",0,1,0,FALSE
1040,68,"F3",300,0.5,0.5,"count_trait",0,1,0,FALSE
1041,69,"F1",1000,0.5,0.5,"trait1",0.6,0.4,0,FALSE
1041,69,"F1",1000,0.5,0.5,"trait2",0,0.75,0.25,FALSE
1041,69,"F1",1000,0.5,0.5,"trait3",0.4,0.6,0,FALSE
1041,69,"F1",1000,0.5,0.5,"trait4",0,1,0,FALSE
1042,70,"F2",1000,0.5,0.5,"trait1",1,0,0,FALSE
1042,70,"F2",1000,0.5,0.5,"trait2",0.2,0.8,0,FALSE
1042,70,"F2",1000,0.5,0.5,"trait3",0,0.8,0.2,FALSE
1042,70,"F2",1000,0.5,0.5,"trait4",0,1,0,FALSE
1043,71,"F3",1000,0.5,0.5,"cont1",0,0.85,0.15,FALSE
1043,71,"F3",1000,0.5,0.5,"binary_trait",0,1,0,FALSE
1043,71,"F3",1000,0.5,0.5,"cat_trait=A",0,0,1,TRUE
1043,71,"F3",1000,0.5,0.5,"cat_trait=B",0,0,1,TRUE
1043,71,"F3",1000,0.5,0.5,"cat_trait=C",0,0,1,TRUE
1043,71,"F3",1000,0.5,0.5,"count_trait",0,1,0,FALSE
1044,72,"F1",100,1,0.5,"trait1",0,0,1,TRUE
1044,72,"F1",100,1,0.5,"trait2",0,0.5,0.5,FALSE
1044,72,"F1",100,1,0.5,"trait3",1,0,0,FALSE
1044,72,"F1",100,1,0.5,"trait4",0,1,0,FALSE
1045,73,"F2",100,1,0.5,"trait1",0.68421052631579,0,0.31578947368421,FALSE
1045,73,"F2",100,1,0.5,"trait2",0,1,0,FALSE
1045,73,"F2",100,1,0.5,"trait3",0,1,0,FALSE
1045,73,"F2",100,1,0.5,"trait4",1,0,0,FALSE
1046,74,"F3",100,1,0.5,"cont1",0,0.975,0.025,FALSE
1046,74,"F3",100,1,0.5,"binary_trait",0,0,1,TRUE
1046,74,"F3",100,1,0.5,"cat_trait=A",0,0,1,TRUE
1046,74,"F3",100,1,0.5,"cat_trait=B",0,0,1,TRUE
1046,74,"F3",100,1,0.5,"cat_trait=C",0,0,1,TRUE
1046,74,"F3",100,1,0.5,"count_trait",0.35,0.65,0,FALSE
1047,75,"F1",300,1,0.5,"trait1",0,1,0,FALSE
1047,75,"F1",300,1,0.5,"trait2",0,1,0,FALSE
1047,75,"F1",300,1,0.5,"trait3",0,0.95,0.05,FALSE
1047,75,"F1",300,1,0.5,"trait4",0,1,0,FALSE
1048,76,"F2",300,1,0.5,"trait1",0,1,0,FALSE
1048,76,"F2",300,1,0.5,"trait2",0,1,0,FALSE
1048,76,"F2",300,1,0.5,"trait3",0,1,0,FALSE
1048,76,"F2",300,1,0.5,"trait4",1,0,0,FALSE
1049,77,"F3",300,1,0.5,"cont1",0.642857142857143,0.357142857142857,0,FALSE
1049,77,"F3",300,1,0.5,"binary_trait",0.2,0,0.8,FALSE
1049,77,"F3",300,1,0.5,"cat_trait=A",0,1,0,FALSE
1049,77,"F3",300,1,0.5,"cat_trait=B",0,1,0,FALSE
1049,77,"F3",300,1,0.5,"cat_trait=C",0,1,0,FALSE
1049,77,"F3",300,1,0.5,"count_trait",0,1,0,FALSE
1050,78,"F1",1000,1,0.5,"trait1",0,1,0,FALSE
1050,78,"F1",1000,1,0.5,"trait2",0.6,0.4,0,FALSE
1050,78,"F1",1000,1,0.5,"trait3",0,1,0,FALSE
1050,78,"F1",1000,1,0.5,"trait4",0,1,0,FALSE
1051,79,"F2",1000,1,0.5,"trait1",0,1,0,FALSE
1051,79,"F2",1000,1,0.5,"trait2",0,1,0,FALSE
1051,79,"F2",1000,1,0.5,"trait3",0,0.8,0.2,FALSE
1051,79,"F2",1000,1,0.5,"trait4",0.75,0,0.25,FALSE
1052,80,"F3",1000,1,0.5,"cont1",0,1,0,FALSE
1052,80,"F3",1000,1,0.5,"binary_trait",0,1,0,FALSE
1052,80,"F3",1000,1,0.5,"cat_trait=A",0,1,0,FALSE
1052,80,"F3",1000,1,0.5,"cat_trait=B",0,1,0,FALSE
1052,80,"F3",1000,1,0.5,"cat_trait=C",0,1,0,FALSE
1052,80,"F3",1000,1,0.5,"count_trait",0,1,0,FALSE
1053,0,"F1",100,0.2,0.1,"trait1",0,0,1,TRUE
1053,0,"F1",100,0.2,0.1,"trait2",0,0,1,TRUE
1053,0,"F1",100,0.2,0.1,"trait3",0,0,1,TRUE
1053,0,"F1",100,0.2,0.1,"trait4",0,0,1,TRUE
1054,1,"F2",100,0.2,0.1,"trait1",0,0,1,TRUE
1054,1,"F2",100,0.2,0.1,"trait2",0,0,1,TRUE
1054,1,"F2",100,0.2,0.1,"trait3",0,0,1,TRUE
1054,1,"F2",100,0.2,0.1,"trait4",0,0,1,TRUE
1055,2,"F3",100,0.2,0.1,"cont1",1,0,0,FALSE
1055,2,"F3",100,0.2,0.1,"binary_trait",0,0,1,TRUE
1055,2,"F3",100,0.2,0.1,"cat_trait=A",0,0.8,0.2,FALSE
1055,2,"F3",100,0.2,0.1,"cat_trait=B",0,0.8,0.2,FALSE
1055,2,"F3",100,0.2,0.1,"cat_trait=C",0,0.8,0.2,FALSE
1055,2,"F3",100,0.2,0.1,"count_trait",0,0,1,TRUE
1056,3,"F1",300,0.2,0.1,"trait1",0.95,0.05,0,FALSE
1056,3,"F1",300,0.2,0.1,"trait2",1,0,0,FALSE
1056,3,"F1",300,0.2,0.1,"trait3",1,0,0,FALSE
1056,3,"F1",300,0.2,0.1,"trait4",0,1,0,FALSE
1057,4,"F2",300,0.2,0.1,"trait1",0.166666666666667,0.833333333333333,0,FALSE
1057,4,"F2",300,0.2,0.1,"trait2",0,0,1,TRUE
1057,4,"F2",300,0.2,0.1,"trait3",0,0,1,TRUE
1057,4,"F2",300,0.2,0.1,"trait4",1,0,0,FALSE
1058,5,"F3",300,0.2,0.1,"cont1",1,0,0,FALSE
1058,5,"F3",300,0.2,0.1,"binary_trait",0,1,0,FALSE
1058,5,"F3",300,0.2,0.1,"cat_trait=A",1,0,0,FALSE
1058,5,"F3",300,0.2,0.1,"cat_trait=B",1,0,0,FALSE
1058,5,"F3",300,0.2,0.1,"cat_trait=C",1,0,0,FALSE
1058,5,"F3",300,0.2,0.1,"count_trait",0,0,1,TRUE
1059,6,"F1",1000,0.2,0.1,"trait1",0,1,0,FALSE
1059,6,"F1",1000,0.2,0.1,"trait2",0,1,0,FALSE
1059,6,"F1",1000,0.2,0.1,"trait3",0,1,0,FALSE
1059,6,"F1",1000,0.2,0.1,"trait4",0,1,0,FALSE
1060,7,"F2",1000,0.2,0.1,"trait1",0,1,0,FALSE
1060,7,"F2",1000,0.2,0.1,"trait2",1,0,0,FALSE
1060,7,"F2",1000,0.2,0.1,"trait3",0,1,0,FALSE
1060,7,"F2",1000,0.2,0.1,"trait4",1,0,0,FALSE
1061,8,"F3",1000,0.2,0.1,"cont1",0.6,0.4,0,FALSE
1061,8,"F3",1000,0.2,0.1,"binary_trait",0,0.15,0.85,FALSE
1061,8,"F3",1000,0.2,0.1,"cat_trait=A",0,1,0,FALSE
1061,8,"F3",1000,0.2,0.1,"cat_trait=B",0,1,0,FALSE
1061,8,"F3",1000,0.2,0.1,"cat_trait=C",0,1,0,FALSE
1061,8,"F3",1000,0.2,0.1,"count_trait",0,1,0,FALSE
1062,9,"F1",100,0.5,0.1,"trait1",1,0,0,FALSE
1062,9,"F1",100,0.5,0.1,"trait2",1,0,0,FALSE
1062,9,"F1",100,0.5,0.1,"trait3",1,0,0,FALSE
1062,9,"F1",100,0.5,0.1,"trait4",0,1,0,FALSE
1063,10,"F2",100,0.5,0.1,"trait1",1,0,0,FALSE
1063,10,"F2",100,0.5,0.1,"trait2",0,1,0,FALSE
1063,10,"F2",100,0.5,0.1,"trait3",0,1,0,FALSE
1063,10,"F2",100,0.5,0.1,"trait4",1,0,0,FALSE
1064,11,"F3",100,0.5,0.1,"cont1",1,0,0,FALSE
1064,11,"F3",100,0.5,0.1,"binary_trait",0,0,1,TRUE
1064,11,"F3",100,0.5,0.1,"cat_trait=A",0,1,0,FALSE
1064,11,"F3",100,0.5,0.1,"cat_trait=B",0,1,0,FALSE
1064,11,"F3",100,0.5,0.1,"cat_trait=C",0,1,0,FALSE
1064,11,"F3",100,0.5,0.1,"count_trait",0,0,1,TRUE
1065,12,"F1",300,0.5,0.1,"trait1",0.85,0,0.15,FALSE
1065,12,"F1",300,0.5,0.1,"trait2",1,0,0,FALSE
1065,12,"F1",300,0.5,0.1,"trait3",0.578947368421053,0,0.421052631578947,FALSE
1065,12,"F1",300,0.5,0.1,"trait4",0,1,0,FALSE
1066,13,"F2",300,0.5,0.1,"trait1",0,1,0,FALSE
1066,13,"F2",300,0.5,0.1,"trait2",1,0,0,FALSE
1066,13,"F2",300,0.5,0.1,"trait3",0,1,0,FALSE
1066,13,"F2",300,0.5,0.1,"trait4",1,0,0,FALSE
1067,14,"F3",300,0.5,0.1,"cont1",0,1,0,FALSE
1067,14,"F3",300,0.5,0.1,"binary_trait",0,1,0,FALSE
1067,14,"F3",300,0.5,0.1,"cat_trait=A",0,1,0,FALSE
1067,14,"F3",300,0.5,0.1,"cat_trait=B",0,1,0,FALSE
1067,14,"F3",300,0.5,0.1,"cat_trait=C",0,1,0,FALSE
1067,14,"F3",300,0.5,0.1,"count_trait",0,0,1,TRUE
1068,15,"F1",1000,0.5,0.1,"trait1",0,1,0,FALSE
1068,15,"F1",1000,0.5,0.1,"trait2",0,1,0,FALSE
1068,15,"F1",1000,0.5,0.1,"trait3",0,1,0,FALSE
1068,15,"F1",1000,0.5,0.1,"trait4",0,0.736842105263158,0.263157894736842,FALSE
1069,16,"F2",1000,0.5,0.1,"trait1",1,0,0,FALSE
1069,16,"F2",1000,0.5,0.1,"trait2",1,0,0,FALSE
1069,16,"F2",1000,0.5,0.1,"trait3",0,1,0,FALSE
1069,16,"F2",1000,0.5,0.1,"trait4",1,0,0,FALSE
1070,17,"F3",1000,0.5,0.1,"cont1",0,1,0,FALSE
1070,17,"F3",1000,0.5,0.1,"binary_trait",0,0,1,TRUE
1070,17,"F3",1000,0.5,0.1,"cat_trait=A",0.125,0.4375,0.4375,FALSE
1070,17,"F3",1000,0.5,0.1,"cat_trait=B",0.125,0.4375,0.4375,FALSE
1070,17,"F3",1000,0.5,0.1,"cat_trait=C",0.125,0.4375,0.4375,FALSE
1070,17,"F3",1000,0.5,0.1,"count_trait",0,1,0,FALSE
1071,18,"F1",100,1,0.1,"trait1",1,0,0,FALSE
1071,18,"F1",100,1,0.1,"trait2",0,1,0,FALSE
1071,18,"F1",100,1,0.1,"trait3",0,1,0,FALSE
1071,18,"F1",100,1,0.1,"trait4",0,1,0,FALSE
1072,19,"F2",100,1,0.1,"trait1",0,1,0,FALSE
1072,19,"F2",100,1,0.1,"trait2",0.55,0.3,0.15,FALSE
1072,19,"F2",100,1,0.1,"trait3",0,1,0,FALSE
1072,19,"F2",100,1,0.1,"trait4",1,0,0,FALSE
1073,20,"F3",100,1,0.1,"cont1",0,0.9,0.1,FALSE
1073,20,"F3",100,1,0.1,"binary_trait",0,1,0,FALSE
1073,20,"F3",100,1,0.1,"cat_trait=A",0,1,0,FALSE
1073,20,"F3",100,1,0.1,"cat_trait=B",0,1,0,FALSE
1073,20,"F3",100,1,0.1,"cat_trait=C",0,1,0,FALSE
1073,20,"F3",100,1,0.1,"count_trait",0.5,0.4,0.1,FALSE
1074,21,"F1",300,1,0.1,"trait1",0.9,0,0.1,FALSE
1074,21,"F1",300,1,0.1,"trait2",0,1,0,FALSE
1074,21,"F1",300,1,0.1,"trait3",0,1,0,FALSE
1074,21,"F1",300,1,0.1,"trait4",0,1,0,FALSE
1075,22,"F2",300,1,0.1,"trait1",0,0.85,0.15,FALSE
1075,22,"F2",300,1,0.1,"trait2",0.5,0.45,0.05,FALSE
1075,22,"F2",300,1,0.1,"trait3",0,1,0,FALSE
1075,22,"F2",300,1,0.1,"trait4",0,1,0,FALSE
1076,23,"F3",300,1,0.1,"cont1",0.7,0.3,0,FALSE
1076,23,"F3",300,1,0.1,"binary_trait",0,1,0,FALSE
1076,23,"F3",300,1,0.1,"cat_trait=A",0,1,0,FALSE
1076,23,"F3",300,1,0.1,"cat_trait=B",0,1,0,FALSE
1076,23,"F3",300,1,0.1,"cat_trait=C",0,1,0,FALSE
1076,23,"F3",300,1,0.1,"count_trait",0,0.894736842105263,0.105263157894737,FALSE
1077,24,"F1",1000,1,0.1,"trait1",1,0,0,FALSE
1077,24,"F1",1000,1,0.1,"trait2",0,1,0,FALSE
1077,24,"F1",1000,1,0.1,"trait3",0,1,0,FALSE
1077,24,"F1",1000,1,0.1,"trait4",0,1,0,FALSE
1078,25,"F2",1000,1,0.1,"trait1",0,1,0,FALSE
1078,25,"F2",1000,1,0.1,"trait2",0,1,0,FALSE
1078,25,"F2",1000,1,0.1,"trait3",0,0.75,0.25,FALSE
1078,25,"F2",1000,1,0.1,"trait4",1,0,0,FALSE
1079,26,"F3",1000,1,0.1,"cont1",0,1,0,FALSE
1079,26,"F3",1000,1,0.1,"binary_trait",0,1,0,FALSE
1079,26,"F3",1000,1,0.1,"cat_trait=A",0,1,0,FALSE
1079,26,"F3",1000,1,0.1,"cat_trait=B",0,1,0,FALSE
1079,26,"F3",1000,1,0.1,"cat_trait=C",0,1,0,FALSE
1079,26,"F3",1000,1,0.1,"count_trait",0,1,0,FALSE
1080,27,"F1",100,0.2,0.3,"trait1",0,0,1,TRUE
1080,27,"F1",100,0.2,0.3,"trait2",0,0,1,TRUE
1080,27,"F1",100,0.2,0.3,"trait3",0,1,0,FALSE
1080,27,"F1",100,0.2,0.3,"trait4",0,1,0,FALSE
1081,28,"F2",100,0.2,0.3,"trait1",0,1,0,FALSE
1081,28,"F2",100,0.2,0.3,"trait2",0,0,1,TRUE
1081,28,"F2",100,0.2,0.3,"trait3",0,1,0,FALSE
1081,28,"F2",100,0.2,0.3,"trait4",1,0,0,FALSE
1082,29,"F3",100,0.2,0.3,"cont1",1,0,0,FALSE
1082,29,"F3",100,0.2,0.3,"binary_trait",0,0,1,TRUE
1082,29,"F3",100,0.2,0.3,"cat_trait=A",0,0,1,TRUE
1082,29,"F3",100,0.2,0.3,"cat_trait=B",0,0,1,TRUE
1082,29,"F3",100,0.2,0.3,"cat_trait=C",0,0,1,TRUE
1082,29,"F3",100,0.2,0.3,"count_trait",0,1,0,FALSE
1083,30,"F1",300,0.2,0.3,"trait1",0,1,0,FALSE
1083,30,"F1",300,0.2,0.3,"trait2",1,0,0,FALSE
1083,30,"F1",300,0.2,0.3,"trait3",0,1,0,FALSE
1083,30,"F1",300,0.2,0.3,"trait4",0,1,0,FALSE
1084,31,"F2",300,0.2,0.3,"trait1",0,0,1,TRUE
1084,31,"F2",300,0.2,0.3,"trait2",0,1,0,FALSE
1084,31,"F2",300,0.2,0.3,"trait3",0,0,1,TRUE
1084,31,"F2",300,0.2,0.3,"trait4",1,0,0,FALSE
1085,32,"F3",300,0.2,0.3,"cont1",1,0,0,FALSE
1085,32,"F3",300,0.2,0.3,"binary_trait",0,1,0,FALSE
1085,32,"F3",300,0.2,0.3,"cat_trait=A",0,0,1,TRUE
1085,32,"F3",300,0.2,0.3,"cat_trait=B",0,0,1,TRUE
1085,32,"F3",300,0.2,0.3,"cat_trait=C",0,0,1,TRUE
1085,32,"F3",300,0.2,0.3,"count_trait",0,0,1,TRUE
1086,33,"F1",1000,0.2,0.3,"trait1",0,1,0,FALSE
1086,33,"F1",1000,0.2,0.3,"trait2",0,1,0,FALSE
1086,33,"F1",1000,0.2,0.3,"trait3",0,1,0,FALSE
1086,33,"F1",1000,0.2,0.3,"trait4",0,1,0,FALSE
1087,34,"F2",1000,0.2,0.3,"trait1",1,0,0,FALSE
1087,34,"F2",1000,0.2,0.3,"trait2",1,0,0,FALSE
1087,34,"F2",1000,0.2,0.3,"trait3",0,1,0,FALSE
1087,34,"F2",1000,0.2,0.3,"trait4",0,1,0,FALSE
1088,35,"F3",1000,0.2,0.3,"cont1",0.45,0.55,0,FALSE
1088,35,"F3",1000,0.2,0.3,"binary_trait",0,1,0,FALSE
1088,35,"F3",1000,0.2,0.3,"cat_trait=A",0,0,1,TRUE
1088,35,"F3",1000,0.2,0.3,"cat_trait=B",0,0,1,TRUE
1088,35,"F3",1000,0.2,0.3,"cat_trait=C",0,0,1,TRUE
1088,35,"F3",1000,0.2,0.3,"count_trait",0,1,0,FALSE
1089,36,"F1",100,0.5,0.3,"trait1",0,1,0,FALSE
1089,36,"F1",100,0.5,0.3,"trait2",0,1,0,FALSE
1089,36,"F1",100,0.5,0.3,"trait3",0,1,0,FALSE
1089,36,"F1",100,0.5,0.3,"trait4",0,1,0,FALSE
1090,37,"F2",100,0.5,0.3,"trait1",0,1,0,FALSE
1090,37,"F2",100,0.5,0.3,"trait2",1,0,0,FALSE
1090,37,"F2",100,0.5,0.3,"trait3",0,0,1,TRUE
1090,37,"F2",100,0.5,0.3,"trait4",0.611111111111111,0.388888888888889,0,FALSE
1091,38,"F3",100,0.5,0.3,"cont1",1,0,0,FALSE
1091,38,"F3",100,0.5,0.3,"binary_trait",0,0,1,TRUE
1091,38,"F3",100,0.5,0.3,"cat_trait=A",0,0,1,TRUE
1091,38,"F3",100,0.5,0.3,"cat_trait=B",0,0,1,TRUE
1091,38,"F3",100,0.5,0.3,"cat_trait=C",0,0,1,TRUE
1091,38,"F3",100,0.5,0.3,"count_trait",0,0,1,TRUE
1092,39,"F1",300,0.5,0.3,"trait1",0,1,0,FALSE
1092,39,"F1",300,0.5,0.3,"trait2",0.15,0.85,0,FALSE
1092,39,"F1",300,0.5,0.3,"trait3",0,0,1,TRUE
1092,39,"F1",300,0.5,0.3,"trait4",0,1,0,FALSE
1093,40,"F2",300,0.5,0.3,"trait1",0.928571428571428,0,0.0714285714285714,FALSE
1093,40,"F2",300,0.5,0.3,"trait2",1,0,0,FALSE
1093,40,"F2",300,0.5,0.3,"trait3",0,1,0,FALSE
1093,40,"F2",300,0.5,0.3,"trait4",0,1,0,FALSE
1094,41,"F3",300,0.5,0.3,"cont1",0,1,0,FALSE
1094,41,"F3",300,0.5,0.3,"binary_trait",0,1,0,FALSE
1094,41,"F3",300,0.5,0.3,"cat_trait=A",0,0.555555555555556,0.444444444444444,FALSE
1094,41,"F3",300,0.5,0.3,"cat_trait=B",0,0.555555555555556,0.444444444444444,FALSE
1094,41,"F3",300,0.5,0.3,"cat_trait=C",0,0.555555555555556,0.444444444444444,FALSE
1094,41,"F3",300,0.5,0.3,"count_trait",0,1,0,FALSE
1095,42,"F1",1000,0.5,0.3,"trait1",0,1,0,FALSE
1095,42,"F1",1000,0.5,0.3,"trait2",0,1,0,FALSE
1095,42,"F1",1000,0.5,0.3,"trait3",0,1,0,FALSE
1095,42,"F1",1000,0.5,0.3,"trait4",0,1,0,FALSE
1096,43,"F2",1000,0.5,0.3,"trait1",0.888888888888889,0,0.111111111111111,FALSE
1096,43,"F2",1000,0.5,0.3,"trait2",1,0,0,FALSE
1096,43,"F2",1000,0.5,0.3,"trait3",0,1,0,FALSE
1096,43,"F2",1000,0.5,0.3,"trait4",1,0,0,FALSE
1097,44,"F3",1000,0.5,0.3,"cont1",0,1,0,FALSE
1097,44,"F3",1000,0.5,0.3,"binary_trait",0.55,0.45,0,FALSE
1097,44,"F3",1000,0.5,0.3,"cat_trait=A",0,1,0,FALSE
1097,44,"F3",1000,0.5,0.3,"cat_trait=B",0,1,0,FALSE
1097,44,"F3",1000,0.5,0.3,"cat_trait=C",0,1,0,FALSE
1097,44,"F3",1000,0.5,0.3,"count_trait",0,1,0,FALSE
1098,45,"F1",100,1,0.3,"trait1",0,1,0,FALSE
1098,45,"F1",100,1,0.3,"trait2",0,0.85,0.15,FALSE
1098,45,"F1",100,1,0.3,"trait3",1,0,0,FALSE
1098,45,"F1",100,1,0.3,"trait4",0.45,0.55,0,FALSE
1099,46,"F2",100,1,0.3,"trait1",0,1,0,FALSE
1099,46,"F2",100,1,0.3,"trait2",0.9,0.1,0,FALSE
1099,46,"F2",100,1,0.3,"trait3",1,0,0,FALSE
1099,46,"F2",100,1,0.3,"trait4",0.722222222222222,0,0.277777777777778,FALSE
1100,47,"F3",100,1,0.3,"cont1",0,0.55,0.45,FALSE
1100,47,"F3",100,1,0.3,"binary_trait",0,0.2,0.8,FALSE
1100,47,"F3",100,1,0.3,"cat_trait=A",0,1,0,FALSE
1100,47,"F3",100,1,0.3,"cat_trait=B",0,1,0,FALSE
1100,47,"F3",100,1,0.3,"cat_trait=C",0,1,0,FALSE
1100,47,"F3",100,1,0.3,"count_trait",0,0,1,TRUE
1101,48,"F1",300,1,0.3,"trait1",0,1,0,FALSE
1101,48,"F1",300,1,0.3,"trait2",0,1,0,FALSE
1101,48,"F1",300,1,0.3,"trait3",0,0.789473684210526,0.210526315789474,FALSE
1101,48,"F1",300,1,0.3,"trait4",0,1,0,FALSE
1102,49,"F2",300,1,0.3,"trait1",0.842105263157895,0,0.157894736842105,FALSE
1102,49,"F2",300,1,0.3,"trait2",1,0,0,FALSE
1102,49,"F2",300,1,0.3,"trait3",0,0,1,TRUE
1102,49,"F2",300,1,0.3,"trait4",0.4,0.6,0,FALSE
1103,50,"F3",300,1,0.3,"cont1",0.85,0.15,0,FALSE
1103,50,"F3",300,1,0.3,"binary_trait",0,1,0,FALSE
1103,50,"F3",300,1,0.3,"cat_trait=A",0,1,0,FALSE
1103,50,"F3",300,1,0.3,"cat_trait=B",0,1,0,FALSE
1103,50,"F3",300,1,0.3,"cat_trait=C",0,1,0,FALSE
1103,50,"F3",300,1,0.3,"count_trait",0,1,0,FALSE
1104,51,"F1",1000,1,0.3,"trait1",0,1,0,FALSE
1104,51,"F1",1000,1,0.3,"trait2",0,1,0,FALSE
1104,51,"F1",1000,1,0.3,"trait3",0,1,0,FALSE
1104,51,"F1",1000,1,0.3,"trait4",0,1,0,FALSE
1105,52,"F2",1000,1,0.3,"trait1",0,1,0,FALSE
1105,52,"F2",1000,1,0.3,"trait2",0,1,0,FALSE
1105,52,"F2",1000,1,0.3,"trait3",0,0.8,0.2,FALSE
1105,52,"F2",1000,1,0.3,"trait4",1,0,0,FALSE
1106,53,"F3",1000,1,0.3,"cont1",0,1,0,FALSE
1106,53,"F3",1000,1,0.3,"binary_trait",0,1,0,FALSE
1106,53,"F3",1000,1,0.3,"cat_trait=A",0,1,0,FALSE
1106,53,"F3",1000,1,0.3,"cat_trait=B",0,1,0,FALSE
1106,53,"F3",1000,1,0.3,"cat_trait=C",0,1,0,FALSE
1106,53,"F3",1000,1,0.3,"count_trait",0,0.947368421052632,0.0526315789473684,FALSE
1107,54,"F1",100,0.2,0.5,"trait1",0,0,1,TRUE
1107,54,"F1",100,0.2,0.5,"trait2",1,0,0,FALSE
1107,54,"F1",100,0.2,0.5,"trait3",0,0,1,TRUE
1107,54,"F1",100,0.2,0.5,"trait4",0,0,1,TRUE
1108,55,"F2",100,0.2,0.5,"trait1",0,0,1,TRUE
1108,55,"F2",100,0.2,0.5,"trait2",0,1,0,FALSE
1108,55,"F2",100,0.2,0.5,"trait3",0,0,1,TRUE
1108,55,"F2",100,0.2,0.5,"trait4",0,0,1,TRUE
1109,56,"F3",100,0.2,0.5,"cont1",0,1,0,FALSE
1109,56,"F3",100,0.2,0.5,"binary_trait",0,0,1,TRUE
1109,56,"F3",100,0.2,0.5,"cat_trait=A",0,0,1,TRUE
1109,56,"F3",100,0.2,0.5,"cat_trait=B",0,0,1,TRUE
1109,56,"F3",100,0.2,0.5,"cat_trait=C",0,0,1,TRUE
1109,56,"F3",100,0.2,0.5,"count_trait",0,0,1,TRUE
1110,57,"F1",300,0.2,0.5,"trait1",0,1,0,FALSE
1110,57,"F1",300,0.2,0.5,"trait2",1,0,0,FALSE
1110,57,"F1",300,0.2,0.5,"trait3",1,0,0,FALSE
1110,57,"F1",300,0.2,0.5,"trait4",0,0,1,TRUE
1111,58,"F2",300,0.2,0.5,"trait1",0,0,1,TRUE
1111,58,"F2",300,0.2,0.5,"trait2",1,0,0,FALSE
1111,58,"F2",300,0.2,0.5,"trait3",0,0,1,TRUE
1111,58,"F2",300,0.2,0.5,"trait4",0,0,1,TRUE
1112,59,"F3",300,0.2,0.5,"cont1",0,0,1,TRUE
1112,59,"F3",300,0.2,0.5,"binary_trait",0,1,0,FALSE
1112,59,"F3",300,0.2,0.5,"cat_trait=A",0,0,1,TRUE
1112,59,"F3",300,0.2,0.5,"cat_trait=B",0,0,1,TRUE
1112,59,"F3",300,0.2,0.5,"cat_trait=C",0,0,1,TRUE
1112,59,"F3",300,0.2,0.5,"count_trait",0,0,1,TRUE
1113,60,"F1",1000,0.2,0.5,"trait1",0,1,0,FALSE
1113,60,"F1",1000,0.2,0.5,"trait2",0,0.55,0.45,FALSE
1113,60,"F1",1000,0.2,0.5,"trait3",0,1,0,FALSE
1113,60,"F1",1000,0.2,0.5,"trait4",0,1,0,FALSE
1114,61,"F2",1000,0.2,0.5,"trait1",1,0,0,FALSE
1114,61,"F2",1000,0.2,0.5,"trait2",1,0,0,FALSE
1114,61,"F2",1000,0.2,0.5,"trait3",0.866666666666667,0,0.133333333333333,FALSE
1114,61,"F2",1000,0.2,0.5,"trait4",1,0,0,FALSE
1115,62,"F3",1000,0.2,0.5,"cont1",0,0.866666666666667,0.133333333333333,FALSE
1115,62,"F3",1000,0.2,0.5,"binary_trait",0,1,0,FALSE
1115,62,"F3",1000,0.2,0.5,"cat_trait=A",0,0,1,TRUE
1115,62,"F3",1000,0.2,0.5,"cat_trait=B",0,0,1,TRUE
1115,62,"F3",1000,0.2,0.5,"cat_trait=C",0,0,1,TRUE
1115,62,"F3",1000,0.2,0.5,"count_trait",0,1,0,FALSE
1116,63,"F1",100,0.5,0.5,"trait1",0,1,0,FALSE
1116,63,"F1",100,0.5,0.5,"trait2",0,1,0,FALSE
1116,63,"F1",100,0.5,0.5,"trait3",0,1,0,FALSE
1116,63,"F1",100,0.5,0.5,"trait4",0,1,0,FALSE
1117,64,"F2",100,0.5,0.5,"trait1",0,0,1,TRUE
1117,64,"F2",100,0.5,0.5,"trait2",0.5625,0,0.4375,FALSE
1117,64,"F2",100,0.5,0.5,"trait3",1,0,0,FALSE
1117,64,"F2",100,0.5,0.5,"trait4",0,0,1,TRUE
1118,65,"F3",100,0.5,0.5,"cont1",0,1,0,FALSE
1118,65,"F3",100,0.5,0.5,"binary_trait",0,1,0,FALSE
1118,65,"F3",100,0.5,0.5,"cat_trait=A",0,0,1,TRUE
1118,65,"F3",100,0.5,0.5,"cat_trait=B",0,0,1,TRUE
1118,65,"F3",100,0.5,0.5,"cat_trait=C",0,0,1,TRUE
1118,65,"F3",100,0.5,0.5,"count_trait",0,0,1,TRUE
1119,66,"F1",300,0.5,0.5,"trait1",0,1,0,FALSE
1119,66,"F1",300,0.5,0.5,"trait2",0,1,0,FALSE
1119,66,"F1",300,0.5,0.5,"trait3",0,1,0,FALSE
1119,66,"F1",300,0.5,0.5,"trait4",0,1,0,FALSE
1120,67,"F2",300,0.5,0.5,"trait1",0,1,0,FALSE
1120,67,"F2",300,0.5,0.5,"trait2",0,0,1,TRUE
1120,67,"F2",300,0.5,0.5,"trait3",0,1,0,FALSE
1120,67,"F2",300,0.5,0.5,"trait4",1,0,0,FALSE
1121,68,"F3",300,0.5,0.5,"cont1",0,1,0,FALSE
1121,68,"F3",300,0.5,0.5,"binary_trait",0,1,0,FALSE
1121,68,"F3",300,0.5,0.5,"cat_trait=A",0,1,0,FALSE
1121,68,"F3",300,0.5,0.5,"cat_trait=B",0,1,0,FALSE
1121,68,"F3",300,0.5,0.5,"cat_trait=C",0,1,0,FALSE
1121,68,"F3",300,0.5,0.5,"count_trait",0,1,0,FALSE
1122,69,"F1",1000,0.5,0.5,"trait1",0,1,0,FALSE
1122,69,"F1",1000,0.5,0.5,"trait2",0,0.75,0.25,FALSE
1122,69,"F1",1000,0.5,0.5,"trait3",0,1,0,FALSE
1122,69,"F1",1000,0.5,0.5,"trait4",0,0.555555555555556,0.444444444444444,FALSE
1123,70,"F2",1000,0.5,0.5,"trait1",0.5,0.5,0,FALSE
1123,70,"F2",1000,0.5,0.5,"trait2",1,0,0,FALSE
1123,70,"F2",1000,0.5,0.5,"trait3",0,1,0,FALSE
1123,70,"F2",1000,0.5,0.5,"trait4",1,0,0,FALSE
1124,71,"F3",1000,0.5,0.5,"cont1",0,0.705882352941177,0.294117647058824,FALSE
1124,71,"F3",1000,0.5,0.5,"binary_trait",0,1,0,FALSE
1124,71,"F3",1000,0.5,0.5,"cat_trait=A",0,1,0,FALSE
1124,71,"F3",1000,0.5,0.5,"cat_trait=B",0,1,0,FALSE
1124,71,"F3",1000,0.5,0.5,"cat_trait=C",0,1,0,FALSE
1124,71,"F3",1000,0.5,0.5,"count_trait",0.35,0.4,0.25,FALSE
1125,72,"F1",100,1,0.5,"trait1",1,0,0,FALSE
1125,72,"F1",100,1,0.5,"trait2",0.95,0,0.05,FALSE
1125,72,"F1",100,1,0.5,"trait3",0,1,0,FALSE
1125,72,"F1",100,1,0.5,"trait4",0,1,0,FALSE
1126,73,"F2",100,1,0.5,"trait1",0,1,0,FALSE
1126,73,"F2",100,1,0.5,"trait2",0,1,0,FALSE
1126,73,"F2",100,1,0.5,"trait3",0,1,0,FALSE
1126,73,"F2",100,1,0.5,"trait4",0.894736842105263,0,0.105263157894737,FALSE
1127,74,"F3",100,1,0.5,"cont1",0,0.7,0.3,FALSE
1127,74,"F3",100,1,0.5,"binary_trait",0,1,0,FALSE
1127,74,"F3",100,1,0.5,"cat_trait=A",0,1,0,FALSE
1127,74,"F3",100,1,0.5,"cat_trait=B",0,1,0,FALSE
1127,74,"F3",100,1,0.5,"cat_trait=C",0,1,0,FALSE
1127,74,"F3",100,1,0.5,"count_trait",0.65,0.3,0.05,FALSE
1128,75,"F1",300,1,0.5,"trait1",0,1,0,FALSE
1128,75,"F1",300,1,0.5,"trait2",0,0.85,0.15,FALSE
1128,75,"F1",300,1,0.5,"trait3",0.75,0.25,0,FALSE
1128,75,"F1",300,1,0.5,"trait4",0,1,0,FALSE
1129,76,"F2",300,1,0.5,"trait1",0,1,0,FALSE
1129,76,"F2",300,1,0.5,"trait2",0,1,0,FALSE
1129,76,"F2",300,1,0.5,"trait3",0,1,0,FALSE
1129,76,"F2",300,1,0.5,"trait4",0,1,0,FALSE
1130,77,"F3",300,1,0.5,"cont1",0,1,0,FALSE
1130,77,"F3",300,1,0.5,"binary_trait",0,1,0,FALSE
1130,77,"F3",300,1,0.5,"cat_trait=A",0,0,1,TRUE
1130,77,"F3",300,1,0.5,"cat_trait=B",0,0,1,TRUE
1130,77,"F3",300,1,0.5,"cat_trait=C",0,0,1,TRUE
1130,77,"F3",300,1,0.5,"count_trait",0,1,0,FALSE
1131,78,"F1",1000,1,0.5,"trait1",0,1,0,FALSE
1131,78,"F1",1000,1,0.5,"trait2",0,1,0,FALSE
1131,78,"F1",1000,1,0.5,"trait3",0.2,0.65,0.15,FALSE
1131,78,"F1",1000,1,0.5,"trait4",0.3,0.6,0.1,FALSE
1132,79,"F2",1000,1,0.5,"trait1",0,0.8,0.2,FALSE
1132,79,"F2",1000,1,0.5,"trait2",0,1,0,FALSE
1132,79,"F2",1000,1,0.5,"trait3",0.35,0.65,0,FALSE
1132,79,"F2",1000,1,0.5,"trait4",0,1,0,FALSE
1133,80,"F3",1000,1,0.5,"cont1",0,0.9,0.1,FALSE
1133,80,"F3",1000,1,0.5,"binary_trait",0,1,0,FALSE
1133,80,"F3",1000,1,0.5,"cat_trait=A",0,1,0,FALSE
1133,80,"F3",1000,1,0.5,"cat_trait=B",0,1,0,FALSE
1133,80,"F3",1000,1,0.5,"cat_trait=C",0,1,0,FALSE
1133,80,"F3",1000,1,0.5,"count_trait",0.75,0,0.25,FALSE
1134,0,"F1",100,0.2,0.1,"trait1",0,1,0,FALSE
1134,0,"F1",100,0.2,0.1,"trait2",0.4,0.6,0,FALSE
1134,0,"F1",100,0.2,0.1,"trait3",0,0,1,TRUE
1134,0,"F1",100,0.2,0.1,"trait4",0,0,1,TRUE
1135,1,"F2",100,0.2,0.1,"trait1",0.85,0,0.15,FALSE
1135,1,"F2",100,0.2,0.1,"trait2",0.8,0,0.2,FALSE
1135,1,"F2",100,0.2,0.1,"trait3",0,0,1,TRUE
1135,1,"F2",100,0.2,0.1,"trait4",1,0,0,FALSE
1136,2,"F3",100,0.2,0.1,"cont1",0,0,1,TRUE
1136,2,"F3",100,0.2,0.1,"binary_trait",0,1,0,FALSE
1136,2,"F3",100,0.2,0.1,"cat_trait=A",0,0,1,TRUE
1136,2,"F3",100,0.2,0.1,"cat_trait=B",0,0,1,TRUE
1136,2,"F3",100,0.2,0.1,"cat_trait=C",0,0,1,TRUE
1136,2,"F3",100,0.2,0.1,"count_trait",0,1,0,FALSE
1137,3,"F1",300,0.2,0.1,"trait1",0,1,0,FALSE
1137,3,"F1",300,0.2,0.1,"trait2",1,0,0,FALSE
1137,3,"F1",300,0.2,0.1,"trait3",0,0,1,TRUE
1137,3,"F1",300,0.2,0.1,"trait4",0,0,1,TRUE
1138,4,"F2",300,0.2,0.1,"trait1",0,1,0,FALSE
1138,4,"F2",300,0.2,0.1,"trait2",0,0,1,TRUE
1138,4,"F2",300,0.2,0.1,"trait3",0,1,0,FALSE
1138,4,"F2",300,0.2,0.1,"trait4",0,0,1,TRUE
1139,5,"F3",300,0.2,0.1,"cont1",0,0.7,0.3,FALSE
1139,5,"F3",300,0.2,0.1,"binary_trait",0,0,1,TRUE
1139,5,"F3",300,0.2,0.1,"cat_trait=A",0,0,1,TRUE
1139,5,"F3",300,0.2,0.1,"cat_trait=B",0,0,1,TRUE
1139,5,"F3",300,0.2,0.1,"cat_trait=C",0,0,1,TRUE
1139,5,"F3",300,0.2,0.1,"count_trait",0,1,0,FALSE
1140,6,"F1",1000,0.2,0.1,"trait1",0,0,1,TRUE
1140,6,"F1",1000,0.2,0.1,"trait2",0,1,0,FALSE
1140,6,"F1",1000,0.2,0.1,"trait3",0,1,0,FALSE
1140,6,"F1",1000,0.2,0.1,"trait4",0,1,0,FALSE
1141,7,"F2",1000,0.2,0.1,"trait1",0,1,0,FALSE
1141,7,"F2",1000,0.2,0.1,"trait2",1,0,0,FALSE
1141,7,"F2",1000,0.2,0.1,"trait3",0,1,0,FALSE
1141,7,"F2",1000,0.2,0.1,"trait4",1,0,0,FALSE
1142,8,"F3",1000,0.2,0.1,"cont1",1,0,0,FALSE
1142,8,"F3",1000,0.2,0.1,"binary_trait",0,0.65,0.35,FALSE
1142,8,"F3",1000,0.2,0.1,"cat_trait=A",0,0,1,TRUE
1142,8,"F3",1000,0.2,0.1,"cat_trait=B",0,0,1,TRUE
1142,8,"F3",1000,0.2,0.1,"cat_trait=C",0,0,1,TRUE
1142,8,"F3",1000,0.2,0.1,"count_trait",1,0,0,FALSE
1143,9,"F1",100,0.5,0.1,"trait1",0,1,0,FALSE
1143,9,"F1",100,0.5,0.1,"trait2",0,1,0,FALSE
1143,9,"F1",100,0.5,0.1,"trait3",0,1,0,FALSE
1143,9,"F1",100,0.5,0.1,"trait4",0,1,0,FALSE
1144,10,"F2",100,0.5,0.1,"trait1",0,1,0,FALSE
1144,10,"F2",100,0.5,0.1,"trait2",0.8,0,0.2,FALSE
1144,10,"F2",100,0.5,0.1,"trait3",0,0,1,TRUE
1144,10,"F2",100,0.5,0.1,"trait4",0.85,0,0.15,FALSE
1145,11,"F3",100,0.5,0.1,"cont1",1,0,0,FALSE
1145,11,"F3",100,0.5,0.1,"binary_trait",0,1,0,FALSE
1145,11,"F3",100,0.5,0.1,"cat_trait=A",0,0,1,TRUE
1145,11,"F3",100,0.5,0.1,"cat_trait=B",0,0,1,TRUE
1145,11,"F3",100,0.5,0.1,"cat_trait=C",0,0,1,TRUE
1145,11,"F3",100,0.5,0.1,"count_trait",0,0,1,TRUE
1146,12,"F1",300,0.5,0.1,"trait1",1,0,0,FALSE
1146,12,"F1",300,0.5,0.1,"trait2",0,1,0,FALSE
1146,12,"F1",300,0.5,0.1,"trait3",0,0.85,0.15,FALSE
1146,12,"F1",300,0.5,0.1,"trait4",0,1,0,FALSE
1147,13,"F2",300,0.5,0.1,"trait1",1,0,0,FALSE
1147,13,"F2",300,0.5,0.1,"trait2",1,0,0,FALSE
1147,13,"F2",300,0.5,0.1,"trait3",0,1,0,FALSE
1147,13,"F2",300,0.5,0.1,"trait4",1,0,0,FALSE
1148,14,"F3",300,0.5,0.1,"cont1",0,0,1,TRUE
1148,14,"F3",300,0.5,0.1,"binary_trait",0,1,0,FALSE
1148,14,"F3",300,0.5,0.1,"cat_trait=A",0,0,1,TRUE
1148,14,"F3",300,0.5,0.1,"cat_trait=B",0,0,1,TRUE
1148,14,"F3",300,0.5,0.1,"cat_trait=C",0,0,1,TRUE
1148,14,"F3",300,0.5,0.1,"count_trait",1,0,0,FALSE
1149,15,"F1",1000,0.5,0.1,"trait1",0,1,0,FALSE
1149,15,"F1",1000,0.5,0.1,"trait2",0,1,0,FALSE
1149,15,"F1",1000,0.5,0.1,"trait3",0,1,0,FALSE
1149,15,"F1",1000,0.5,0.1,"trait4",0,1,0,FALSE
1150,16,"F2",1000,0.5,0.1,"trait1",0.85,0.15,0,FALSE
1150,16,"F2",1000,0.5,0.1,"trait2",1,0,0,FALSE
1150,16,"F2",1000,0.5,0.1,"trait3",0.55,0.4,0.05,FALSE
1150,16,"F2",1000,0.5,0.1,"trait4",1,0,0,FALSE
1151,17,"F3",1000,0.5,0.1,"cont1",0,1,0,FALSE
1151,17,"F3",1000,0.5,0.1,"binary_trait",0,0,1,TRUE
1151,17,"F3",1000,0.5,0.1,"cat_trait=A",0,1,0,FALSE
1151,17,"F3",1000,0.5,0.1,"cat_trait=B",0,1,0,FALSE
1151,17,"F3",1000,0.5,0.1,"cat_trait=C",0,1,0,FALSE
1151,17,"F3",1000,0.5,0.1,"count_trait",0.722222222222222,0.277777777777778,0,FALSE
1152,18,"F1",100,1,0.1,"trait1",0,1,0,FALSE
1152,18,"F1",100,1,0.1,"trait2",0,1,0,FALSE
1152,18,"F1",100,1,0.1,"trait3",0,1,0,FALSE
1152,18,"F1",100,1,0.1,"trait4",0,0.65,0.35,FALSE
1153,19,"F2",100,1,0.1,"trait1",0.45,0.55,0,FALSE
1153,19,"F2",100,1,0.1,"trait2",0,1,0,FALSE
1153,19,"F2",100,1,0.1,"trait3",0,1,0,FALSE
1153,19,"F2",100,1,0.1,"trait4",1,0,0,FALSE
1154,20,"F3",100,1,0.1,"cont1",0,1,0,FALSE
1154,20,"F3",100,1,0.1,"binary_trait",0,1,0,FALSE
1154,20,"F3",100,1,0.1,"cat_trait=A",0,0,1,TRUE
1154,20,"F3",100,1,0.1,"cat_trait=B",0,0,1,TRUE
1154,20,"F3",100,1,0.1,"cat_trait=C",0,0,1,TRUE
1154,20,"F3",100,1,0.1,"count_trait",0,1,0,FALSE
1155,21,"F1",300,1,0.1,"trait1",0,1,0,FALSE
1155,21,"F1",300,1,0.1,"trait2",0,1,0,FALSE
1155,21,"F1",300,1,0.1,"trait3",0.6,0.4,0,FALSE
1155,21,"F1",300,1,0.1,"trait4",0,1,0,FALSE
1156,22,"F2",300,1,0.1,"trait1",0,1,0,FALSE
1156,22,"F2",300,1,0.1,"trait2",0.7,0.3,0,FALSE
1156,22,"F2",300,1,0.1,"trait3",0,1,0,FALSE
1156,22,"F2",300,1,0.1,"trait4",0.947368421052632,0,0.0526315789473684,FALSE
1157,23,"F3",300,1,0.1,"cont1",0,1,0,FALSE
1157,23,"F3",300,1,0.1,"binary_trait",0,1,0,FALSE
1157,23,"F3",300,1,0.1,"cat_trait=A",0,1,0,FALSE
1157,23,"F3",300,1,0.1,"cat_trait=B",0,1,0,FALSE
1157,23,"F3",300,1,0.1,"cat_trait=C",0,1,0,FALSE
1157,23,"F3",300,1,0.1,"count_trait",0,0,1,TRUE
1158,24,"F1",1000,1,0.1,"trait1",0,1,0,FALSE
1158,24,"F1",1000,1,0.1,"trait2",0,1,0,FALSE
1158,24,"F1",1000,1,0.1,"trait3",0.65,0.35,0,FALSE
1158,24,"F1",1000,1,0.1,"trait4",0,1,0,FALSE
1159,25,"F2",1000,1,0.1,"trait1",0,1,0,FALSE
1159,25,"F2",1000,1,0.1,"trait2",0.95,0,0.05,FALSE
1159,25,"F2",1000,1,0.1,"trait3",0.611111111111111,0.277777777777778,0.111111111111111,FALSE
1159,25,"F2",1000,1,0.1,"trait4",0.2,0.8,0,FALSE
1160,26,"F3",1000,1,0.1,"cont1",0,1,0,FALSE
1160,26,"F3",1000,1,0.1,"binary_trait",0,1,0,FALSE
1160,26,"F3",1000,1,0.1,"cat_trait=A",0,1,0,FALSE
1160,26,"F3",1000,1,0.1,"cat_trait=B",0,1,0,FALSE
1160,26,"F3",1000,1,0.1,"cat_trait=C",0,1,0,FALSE
1160,26,"F3",1000,1,0.1,"count_trait",0,1,0,FALSE
1161,27,"F1",100,0.2,0.3,"trait1",1,0,0,FALSE
1161,27,"F1",100,0.2,0.3,"trait2",0,0,1,TRUE
1161,27,"F1",100,0.2,0.3,"trait3",0,1,0,FALSE
1161,27,"F1",100,0.2,0.3,"trait4",0,1,0,FALSE
1162,28,"F2",100,0.2,0.3,"trait1",0,1,0,FALSE
1162,28,"F2",100,0.2,0.3,"trait2",0,1,0,FALSE
1162,28,"F2",100,0.2,0.3,"trait3",0,1,0,FALSE
1162,28,"F2",100,0.2,0.3,"trait4",0,1,0,FALSE
1163,29,"F3",100,0.2,0.3,"cont1",0,0,1,TRUE
1163,29,"F3",100,0.2,0.3,"binary_trait",0,0,1,TRUE
1163,29,"F3",100,0.2,0.3,"cat_trait=A",0,0,1,TRUE
1163,29,"F3",100,0.2,0.3,"cat_trait=B",0,0,1,TRUE
1163,29,"F3",100,0.2,0.3,"cat_trait=C",0,0,1,TRUE
1163,29,"F3",100,0.2,0.3,"count_trait",0,0,1,TRUE
1164,30,"F1",300,0.2,0.3,"trait1",0,0,1,TRUE
1164,30,"F1",300,0.2,0.3,"trait2",0,0,1,TRUE
1164,30,"F1",300,0.2,0.3,"trait3",0,1,0,FALSE
1164,30,"F1",300,0.2,0.3,"trait4",0,1,0,FALSE
1165,31,"F2",300,0.2,0.3,"trait1",0,0,1,TRUE
1165,31,"F2",300,0.2,0.3,"trait2",1,0,0,FALSE
1165,31,"F2",300,0.2,0.3,"trait3",0,0,1,TRUE
1165,31,"F2",300,0.2,0.3,"trait4",0.166666666666667,0,0.833333333333333,FALSE
1166,32,"F3",300,0.2,0.3,"cont1",0,0.3,0.7,FALSE
1166,32,"F3",300,0.2,0.3,"binary_trait",0,1,0,FALSE
1166,32,"F3",300,0.2,0.3,"cat_trait=A",0,0,1,TRUE
1166,32,"F3",300,0.2,0.3,"cat_trait=B",0,0,1,TRUE
1166,32,"F3",300,0.2,0.3,"cat_trait=C",0,0,1,TRUE
1166,32,"F3",300,0.2,0.3,"count_trait",0,1,0,FALSE
1167,33,"F1",1000,0.2,0.3,"trait1",0,1,0,FALSE
1167,33,"F1",1000,0.2,0.3,"trait2",0,1,0,FALSE
1167,33,"F1",1000,0.2,0.3,"trait3",0,1,0,FALSE
1167,33,"F1",1000,0.2,0.3,"trait4",0,1,0,FALSE
1168,34,"F2",1000,0.2,0.3,"trait1",0,1,0,FALSE
1168,34,"F2",1000,0.2,0.3,"trait2",1,0,0,FALSE
1168,34,"F2",1000,0.2,0.3,"trait3",1,0,0,FALSE
1168,34,"F2",1000,0.2,0.3,"trait4",0,0,1,TRUE
1169,35,"F3",1000,0.2,0.3,"cont1",0,1,0,FALSE
1169,35,"F3",1000,0.2,0.3,"binary_trait",0,1,0,FALSE
1169,35,"F3",1000,0.2,0.3,"cat_trait=A",0.1,0.35,0.55,FALSE
1169,35,"F3",1000,0.2,0.3,"cat_trait=B",0.1,0.35,0.55,FALSE
1169,35,"F3",1000,0.2,0.3,"cat_trait=C",0.1,0.35,0.55,FALSE
1169,35,"F3",1000,0.2,0.3,"count_trait",0,1,0,FALSE
1170,36,"F1",100,0.5,0.3,"trait1",0,1,0,FALSE
1170,36,"F1",100,0.5,0.3,"trait2",0,0,1,TRUE
1170,36,"F1",100,0.5,0.3,"trait3",0,1,0,FALSE
1170,36,"F1",100,0.5,0.3,"trait4",0,1,0,FALSE
1171,37,"F2",100,0.5,0.3,"trait1",0.0833333333333333,0.916666666666667,0,FALSE
1171,37,"F2",100,0.5,0.3,"trait2",1,0,0,FALSE
1171,37,"F2",100,0.5,0.3,"trait3",0,0,1,TRUE
1171,37,"F2",100,0.5,0.3,"trait4",0,1,0,FALSE
1172,38,"F3",100,0.5,0.3,"cont1",0,0,1,TRUE
1172,38,"F3",100,0.5,0.3,"binary_trait",0,0,1,TRUE
1172,38,"F3",100,0.5,0.3,"cat_trait=A",0,0,1,TRUE
1172,38,"F3",100,0.5,0.3,"cat_trait=B",0,0,1,TRUE
1172,38,"F3",100,0.5,0.3,"cat_trait=C",0,0,1,TRUE
1172,38,"F3",100,0.5,0.3,"count_trait",0,0,1,TRUE
1173,39,"F1",300,0.5,0.3,"trait1",1,0,0,FALSE
1173,39,"F1",300,0.5,0.3,"trait2",1,0,0,FALSE
1173,39,"F1",300,0.5,0.3,"trait3",0,0.85,0.15,FALSE
1173,39,"F1",300,0.5,0.3,"trait4",0.526315789473684,0,0.473684210526316,FALSE
1174,40,"F2",300,0.5,0.3,"trait1",0,0.5,0.5,FALSE
1174,40,"F2",300,0.5,0.3,"trait2",1,0,0,FALSE
1174,40,"F2",300,0.5,0.3,"trait3",1,0,0,FALSE
1174,40,"F2",300,0.5,0.3,"trait4",0.8,0,0.2,FALSE
1175,41,"F3",300,0.5,0.3,"cont1",0,1,0,FALSE
1175,41,"F3",300,0.5,0.3,"binary_trait",0,1,0,FALSE
1175,41,"F3",300,0.5,0.3,"cat_trait=A",0,0,1,TRUE
1175,41,"F3",300,0.5,0.3,"cat_trait=B",0,0,1,TRUE
1175,41,"F3",300,0.5,0.3,"cat_trait=C",0,0,1,TRUE
1175,41,"F3",300,0.5,0.3,"count_trait",0,1,0,FALSE
1176,42,"F1",1000,0.5,0.3,"trait1",0,1,0,FALSE
1176,42,"F1",1000,0.5,0.3,"trait2",0,0.75,0.25,FALSE
1176,42,"F1",1000,0.5,0.3,"trait3",0,1,0,FALSE
1176,42,"F1",1000,0.5,0.3,"trait4",0,1,0,FALSE
1177,43,"F2",1000,0.5,0.3,"trait1",0.95,0.05,0,FALSE
1177,43,"F2",1000,0.5,0.3,"trait2",0,1,0,FALSE
1177,43,"F2",1000,0.5,0.3,"trait3",0,1,0,FALSE
1177,43,"F2",1000,0.5,0.3,"trait4",1,0,0,FALSE
1178,44,"F3",1000,0.5,0.3,"cont1",0.8,0.2,0,FALSE
1178,44,"F3",1000,0.5,0.3,"binary_trait",0,0.266666666666667,0.733333333333333,FALSE
1178,44,"F3",1000,0.5,0.3,"cat_trait=A",0,0.611111111111111,0.388888888888889,FALSE
1178,44,"F3",1000,0.5,0.3,"cat_trait=B",0,0.611111111111111,0.388888888888889,FALSE
1178,44,"F3",1000,0.5,0.3,"cat_trait=C",0,0.611111111111111,0.388888888888889,FALSE
1178,44,"F3",1000,0.5,0.3,"count_trait",0.894736842105263,0,0.105263157894737,FALSE
1179,45,"F1",100,1,0.3,"trait1",0,1,0,FALSE
1179,45,"F1",100,1,0.3,"trait2",1,0,0,FALSE
1179,45,"F1",100,1,0.3,"trait3",0,1,0,FALSE
1179,45,"F1",100,1,0.3,"trait4",0,1,0,FALSE
1180,46,"F2",100,1,0.3,"trait1",0.25,0.75,0,FALSE
1180,46,"F2",100,1,0.3,"trait2",0.375,0.625,0,FALSE
1180,46,"F2",100,1,0.3,"trait3",0,0.8,0.2,FALSE
1180,46,"F2",100,1,0.3,"trait4",0.7,0.25,0.05,FALSE
1181,47,"F3",100,1,0.3,"cont1",0,1,0,FALSE
1181,47,"F3",100,1,0.3,"binary_trait",0,1,0,FALSE
1181,47,"F3",100,1,0.3,"cat_trait=A",0,0,1,TRUE
1181,47,"F3",100,1,0.3,"cat_trait=B",0,0,1,TRUE
1181,47,"F3",100,1,0.3,"cat_trait=C",0,0,1,TRUE
1181,47,"F3",100,1,0.3,"count_trait",0,0.95,0.05,FALSE
1182,48,"F1",300,1,0.3,"trait1",0,1,0,FALSE
1182,48,"F1",300,1,0.3,"trait2",0,1,0,FALSE
1182,48,"F1",300,1,0.3,"trait3",0,1,0,FALSE
1182,48,"F1",300,1,0.3,"trait4",0,1,0,FALSE
1183,49,"F2",300,1,0.3,"trait1",0,1,0,FALSE
1183,49,"F2",300,1,0.3,"trait2",0.7,0.25,0.05,FALSE
1183,49,"F2",300,1,0.3,"trait3",0,1,0,FALSE
1183,49,"F2",300,1,0.3,"trait4",0.8,0.2,0,FALSE
1184,50,"F3",300,1,0.3,"cont1",0,1,0,FALSE
1184,50,"F3",300,1,0.3,"binary_trait",0,1,0,FALSE
1184,50,"F3",300,1,0.3,"cat_trait=A",0,1,0,FALSE
1184,50,"F3",300,1,0.3,"cat_trait=B",0,1,0,FALSE
1184,50,"F3",300,1,0.3,"cat_trait=C",0,1,0,FALSE
1184,50,"F3",300,1,0.3,"count_trait",0.75,0.25,0,FALSE
1185,51,"F1",1000,1,0.3,"trait1",0,1,0,FALSE
1185,51,"F1",1000,1,0.3,"trait2",0,1,0,FALSE
1185,51,"F1",1000,1,0.3,"trait3",0.55,0.45,0,FALSE
1185,51,"F1",1000,1,0.3,"trait4",0,0.85,0.15,FALSE
1186,52,"F2",1000,1,0.3,"trait1",0.65,0.25,0.1,FALSE
1186,52,"F2",1000,1,0.3,"trait2",1,0,0,FALSE
1186,52,"F2",1000,1,0.3,"trait3",0,0.736842105263158,0.263157894736842,FALSE
1186,52,"F2",1000,1,0.3,"trait4",1,0,0,FALSE
1187,53,"F3",1000,1,0.3,"cont1",0,1,0,FALSE
1187,53,"F3",1000,1,0.3,"binary_trait",0,1,0,FALSE
1187,53,"F3",1000,1,0.3,"cat_trait=A",0,0.35,0.65,FALSE
1187,53,"F3",1000,1,0.3,"cat_trait=B",0,0.35,0.65,FALSE
1187,53,"F3",1000,1,0.3,"cat_trait=C",0,0.35,0.65,FALSE
1187,53,"F3",1000,1,0.3,"count_trait",0.2,0.8,0,FALSE
1188,54,"F1",100,0.2,0.5,"trait1",0,1,0,FALSE
1188,54,"F1",100,0.2,0.5,"trait2",0,0,1,TRUE
1188,54,"F1",100,0.2,0.5,"trait3",0,0,1,TRUE
1188,54,"F1",100,0.2,0.5,"trait4",0,1,0,FALSE
1189,55,"F2",100,0.2,0.5,"trait1",0,0,1,TRUE
1189,55,"F2",100,0.2,0.5,"trait2",0,0,1,TRUE
1189,55,"F2",100,0.2,0.5,"trait3",0,1,0,FALSE
1189,55,"F2",100,0.2,0.5,"trait4",0,0.225,0.775,FALSE
1190,56,"F3",100,0.2,0.5,"cont1",0,0,1,TRUE
1190,56,"F3",100,0.2,0.5,"binary_trait",0,0,1,TRUE
1190,56,"F3",100,0.2,0.5,"cat_trait=A",0,0,1,TRUE
1190,56,"F3",100,0.2,0.5,"cat_trait=B",0,0,1,TRUE
1190,56,"F3",100,0.2,0.5,"cat_trait=C",0,0,1,TRUE
1190,56,"F3",100,0.2,0.5,"count_trait",0,0,1,TRUE
1191,57,"F1",300,0.2,0.5,"trait1",0,1,0,FALSE
1191,57,"F1",300,0.2,0.5,"trait2",0,1,0,FALSE
1191,57,"F1",300,0.2,0.5,"trait3",0,0,1,TRUE
1191,57,"F1",300,0.2,0.5,"trait4",0,1,0,FALSE
1192,58,"F2",300,0.2,0.5,"trait1",0,0,1,TRUE
1192,58,"F2",300,0.2,0.5,"trait2",0.5,0,0.5,FALSE
1192,58,"F2",300,0.2,0.5,"trait3",0,0,1,TRUE
1192,58,"F2",300,0.2,0.5,"trait4",0,0,1,TRUE
1193,59,"F3",300,0.2,0.5,"cont1",0,0,1,TRUE
1193,59,"F3",300,0.2,0.5,"binary_trait",0,0,1,TRUE
1193,59,"F3",300,0.2,0.5,"cat_trait=A",0,0,1,TRUE
1193,59,"F3",300,0.2,0.5,"cat_trait=B",0,0,1,TRUE
1193,59,"F3",300,0.2,0.5,"cat_trait=C",0,0,1,TRUE
1193,59,"F3",300,0.2,0.5,"count_trait",0,0,1,TRUE
1194,60,"F1",1000,0.2,0.5,"trait1",0,1,0,FALSE
1194,60,"F1",1000,0.2,0.5,"trait2",0,1,0,FALSE
1194,60,"F1",1000,0.2,0.5,"trait3",0,1,0,FALSE
1194,60,"F1",1000,0.2,0.5,"trait4",0,1,0,FALSE
1195,61,"F2",1000,0.2,0.5,"trait1",1,0,0,FALSE
1195,61,"F2",1000,0.2,0.5,"trait2",1,0,0,FALSE
1195,61,"F2",1000,0.2,0.5,"trait3",0,0,1,TRUE
1195,61,"F2",1000,0.2,0.5,"trait4",1,0,0,FALSE
1196,62,"F3",1000,0.2,0.5,"cont1",0,1,0,FALSE
1196,62,"F3",1000,0.2,0.5,"binary_trait",0,1,0,FALSE
1196,62,"F3",1000,0.2,0.5,"cat_trait=A",0,0,1,TRUE
1196,62,"F3",1000,0.2,0.5,"cat_trait=B",0,0,1,TRUE
1196,62,"F3",1000,0.2,0.5,"cat_trait=C",0,0,1,TRUE
1196,62,"F3",1000,0.2,0.5,"count_trait",0,1,0,FALSE
1197,63,"F1",100,0.5,0.5,"trait1",1,0,0,FALSE
1197,63,"F1",100,0.5,0.5,"trait2",0,0,1,TRUE
1197,63,"F1",100,0.5,0.5,"trait3",1,0,0,FALSE
1197,63,"F1",100,0.5,0.5,"trait4",0,0,1,TRUE
1198,64,"F2",100,0.5,0.5,"trait1",0,1,0,FALSE
1198,64,"F2",100,0.5,0.5,"trait2",0,0,1,TRUE
1198,64,"F2",100,0.5,0.5,"trait3",0,0,1,TRUE
1198,64,"F2",100,0.5,0.5,"trait4",0,1,0,FALSE
1199,65,"F3",100,0.5,0.5,"cont1",0,1,0,FALSE
1199,65,"F3",100,0.5,0.5,"binary_trait",0,0,1,TRUE
1199,65,"F3",100,0.5,0.5,"cat_trait=A",0,0,1,TRUE
1199,65,"F3",100,0.5,0.5,"cat_trait=B",0,0,1,TRUE
1199,65,"F3",100,0.5,0.5,"cat_trait=C",0,0,1,TRUE
1199,65,"F3",100,0.5,0.5,"count_trait",0,0,1,TRUE
1200,66,"F1",300,0.5,0.5,"trait1",0,1,0,FALSE
1200,66,"F1",300,0.5,0.5,"trait2",0,1,0,FALSE
1200,66,"F1",300,0.5,0.5,"trait3",0,1,0,FALSE
1200,66,"F1",300,0.5,0.5,"trait4",0,1,0,FALSE
1201,67,"F2",300,0.5,0.5,"trait1",0.947368421052632,0,0.0526315789473684,FALSE
1201,67,"F2",300,0.5,0.5,"trait2",0,1,0,FALSE
1201,67,"F2",300,0.5,0.5,"trait3",1,0,0,FALSE
1201,67,"F2",300,0.5,0.5,"trait4",0,0.75,0.25,FALSE
1202,68,"F3",300,0.5,0.5,"cont1",1,0,0,FALSE
1202,68,"F3",300,0.5,0.5,"binary_trait",0,0,1,TRUE
1202,68,"F3",300,0.5,0.5,"cat_trait=A",0,0,1,TRUE
1202,68,"F3",300,0.5,0.5,"cat_trait=B",0,0,1,TRUE
1202,68,"F3",300,0.5,0.5,"cat_trait=C",0,0,1,TRUE
1202,68,"F3",300,0.5,0.5,"count_trait",0,1,0,FALSE
1203,69,"F1",1000,0.5,0.5,"trait1",0,1,0,FALSE
1203,69,"F1",1000,0.5,0.5,"trait2",0,1,0,FALSE
1203,69,"F1",1000,0.5,0.5,"trait3",0,1,0,FALSE
1203,69,"F1",1000,0.5,0.5,"trait4",0,1,0,FALSE
1204,70,"F2",1000,0.5,0.5,"trait1",0.6,0.4,0,FALSE
1204,70,"F2",1000,0.5,0.5,"trait2",1,0,0,FALSE
1204,70,"F2",1000,0.5,0.5,"trait3",0.9,0.1,0,FALSE
1204,70,"F2",1000,0.5,0.5,"trait4",1,0,0,FALSE
1205,71,"F3",1000,0.5,0.5,"cont1",0.5,0.5,0,FALSE
1205,71,"F3",1000,0.5,0.5,"binary_trait",0,0,1,TRUE
1205,71,"F3",1000,0.5,0.5,"cat_trait=A",0,1,0,FALSE
1205,71,"F3",1000,0.5,0.5,"cat_trait=B",0,1,0,FALSE
1205,71,"F3",1000,0.5,0.5,"cat_trait=C",0,1,0,FALSE
1205,71,"F3",1000,0.5,0.5,"count_trait",0,1,0,FALSE
1206,72,"F1",100,1,0.5,"trait1",1,0,0,FALSE
1206,72,"F1",100,1,0.5,"trait2",1,0,0,FALSE
1206,72,"F1",100,1,0.5,"trait3",0,1,0,FALSE
1206,72,"F1",100,1,0.5,"trait4",0,0.65,0.35,FALSE
1207,73,"F2",100,1,0.5,"trait1",1,0,0,FALSE
1207,73,"F2",100,1,0.5,"trait2",0,0,1,TRUE
1207,73,"F2",100,1,0.5,"trait3",0,0,1,TRUE
1207,73,"F2",100,1,0.5,"trait4",0.45,0.55,0,FALSE
1208,74,"F3",100,1,0.5,"cont1",0,0.695652173913044,0.304347826086957,FALSE
1208,74,"F3",100,1,0.5,"binary_trait",0,0,1,TRUE
1208,74,"F3",100,1,0.5,"cat_trait=A",0,1,0,FALSE
1208,74,"F3",100,1,0.5,"cat_trait=B",0,1,0,FALSE
1208,74,"F3",100,1,0.5,"cat_trait=C",0,1,0,FALSE
1208,74,"F3",100,1,0.5,"count_trait",0,1,0,FALSE
1209,75,"F1",300,1,0.5,"trait1",0,1,0,FALSE
1209,75,"F1",300,1,0.5,"trait2",0,1,0,FALSE
1209,75,"F1",300,1,0.5,"trait3",0,1,0,FALSE
1209,75,"F1",300,1,0.5,"trait4",0,1,0,FALSE
1210,76,"F2",300,1,0.5,"trait1",0,1,0,FALSE
1210,76,"F2",300,1,0.5,"trait2",1,0,0,FALSE
1210,76,"F2",300,1,0.5,"trait3",0,1,0,FALSE
1210,76,"F2",300,1,0.5,"trait4",0,1,0,FALSE
1211,77,"F3",300,1,0.5,"cont1",0,1,0,FALSE
1211,77,"F3",300,1,0.5,"binary_trait",0,1,0,FALSE
1211,77,"F3",300,1,0.5,"cat_trait=A",0,0,1,TRUE
1211,77,"F3",300,1,0.5,"cat_trait=B",0,0,1,TRUE
1211,77,"F3",300,1,0.5,"cat_trait=C",0,0,1,TRUE
1211,77,"F3",300,1,0.5,"count_trait",0,1,0,FALSE
1212,78,"F1",1000,1,0.5,"trait1",0,1,0,FALSE
1212,78,"F1",1000,1,0.5,"trait2",0,1,0,FALSE
1212,78,"F1",1000,1,0.5,"trait3",0,1,0,FALSE
1212,78,"F1",1000,1,0.5,"trait4",0,1,0,FALSE
1213,79,"F2",1000,1,0.5,"trait1",0,1,0,FALSE
1213,79,"F2",1000,1,0.5,"trait2",0.4,0.6,0,FALSE
1213,79,"F2",1000,1,0.5,"trait3",0,0.5,0.5,FALSE
1213,79,"F2",1000,1,0.5,"trait4",1,0,0,FALSE
1214,80,"F3",1000,1,0.5,"cont1",0,1,0,FALSE
1214,80,"F3",1000,1,0.5,"binary_trait",0,1,0,FALSE
1214,80,"F3",1000,1,0.5,"cat_trait=A",0,1,0,FALSE
1214,80,"F3",1000,1,0.5,"cat_trait=B",0,1,0,FALSE
1214,80,"F3",1000,1,0.5,"cat_trait=C",0,1,0,FALSE
1214,80,"F3",1000,1,0.5,"count_trait",0,0.68421052631579,0.31578947368421,FALSE
1215,0,"F1",100,0.2,0.1,"trait1",0.705882352941177,0.294117647058824,0,FALSE
1215,0,"F1",100,0.2,0.1,"trait2",1,0,0,FALSE
1215,0,"F1",100,0.2,0.1,"trait3",1,0,0,FALSE
1215,0,"F1",100,0.2,0.1,"trait4",1,0,0,FALSE
1216,1,"F2",100,0.2,0.1,"trait1",1,0,0,FALSE
1216,1,"F2",100,0.2,0.1,"trait2",0.95,0.05,0,FALSE
1216,1,"F2",100,0.2,0.1,"trait3",0,0,1,TRUE
1216,1,"F2",100,0.2,0.1,"trait4",0,0,1,TRUE
1217,2,"F3",100,0.2,0.1,"cont1",0,0,1,TRUE
1217,2,"F3",100,0.2,0.1,"binary_trait",0,0,1,TRUE
1217,2,"F3",100,0.2,0.1,"cat_trait=A",0,0,1,TRUE
1217,2,"F3",100,0.2,0.1,"cat_trait=B",0,0,1,TRUE
1217,2,"F3",100,0.2,0.1,"cat_trait=C",0,0,1,TRUE
1217,2,"F3",100,0.2,0.1,"count_trait",1,0,0,FALSE
1218,3,"F1",300,0.2,0.1,"trait1",0,1,0,FALSE
1218,3,"F1",300,0.2,0.1,"trait2",0,0,1,TRUE
1218,3,"F1",300,0.2,0.1,"trait3",0.3,0.7,0,FALSE
1218,3,"F1",300,0.2,0.1,"trait4",0,1,0,FALSE
1219,4,"F2",300,0.2,0.1,"trait1",0,0,1,TRUE
1219,4,"F2",300,0.2,0.1,"trait2",1,0,0,FALSE
1219,4,"F2",300,0.2,0.1,"trait3",0,1,0,FALSE
1219,4,"F2",300,0.2,0.1,"trait4",1,0,0,FALSE
1220,5,"F3",300,0.2,0.1,"cont1",0,1,0,FALSE
1220,5,"F3",300,0.2,0.1,"binary_trait",1,0,0,FALSE
1220,5,"F3",300,0.2,0.1,"cat_trait=A",0,1,0,FALSE
1220,5,"F3",300,0.2,0.1,"cat_trait=B",0,1,0,FALSE
1220,5,"F3",300,0.2,0.1,"cat_trait=C",0,1,0,FALSE
1220,5,"F3",300,0.2,0.1,"count_trait",0.6,0.4,0,FALSE
1221,6,"F1",1000,0.2,0.1,"trait1",0.7,0.3,0,FALSE
1221,6,"F1",1000,0.2,0.1,"trait2",0,1,0,FALSE
1221,6,"F1",1000,0.2,0.1,"trait3",0.6,0.4,0,FALSE
1221,6,"F1",1000,0.2,0.1,"trait4",0,1,0,FALSE
1222,7,"F2",1000,0.2,0.1,"trait1",0,1,0,FALSE
1222,7,"F2",1000,0.2,0.1,"trait2",1,0,0,FALSE
1222,7,"F2",1000,0.2,0.1,"trait3",0,1,0,FALSE
1222,7,"F2",1000,0.2,0.1,"trait4",0.75,0.25,0,FALSE
1223,8,"F3",1000,0.2,0.1,"cont1",0,1,0,FALSE
1223,8,"F3",1000,0.2,0.1,"binary_trait",0,0,1,TRUE
1223,8,"F3",1000,0.2,0.1,"cat_trait=A",0,0.6,0.4,FALSE
1223,8,"F3",1000,0.2,0.1,"cat_trait=B",0,0.6,0.4,FALSE
1223,8,"F3",1000,0.2,0.1,"cat_trait=C",0,0.6,0.4,FALSE
1223,8,"F3",1000,0.2,0.1,"count_trait",0.375,0.4375,0.1875,FALSE
1224,9,"F1",100,0.5,0.1,"trait1",0,1,0,FALSE
1224,9,"F1",100,0.5,0.1,"trait2",1,0,0,FALSE
1224,9,"F1",100,0.5,0.1,"trait3",0,1,0,FALSE
1224,9,"F1",100,0.5,0.1,"trait4",0,1,0,FALSE
1225,10,"F2",100,0.5,0.1,"trait1",1,0,0,FALSE
1225,10,"F2",100,0.5,0.1,"trait2",1,0,0,FALSE
1225,10,"F2",100,0.5,0.1,"trait3",0,0,1,TRUE
1225,10,"F2",100,0.5,0.1,"trait4",0,0,1,TRUE
1226,11,"F3",100,0.5,0.1,"cont1",0.9,0,0.1,FALSE
1226,11,"F3",100,0.5,0.1,"binary_trait",0,1,0,FALSE
1226,11,"F3",100,0.5,0.1,"cat_trait=A",0,0.05,0.95,FALSE
1226,11,"F3",100,0.5,0.1,"cat_trait=B",0,0.05,0.95,FALSE
1226,11,"F3",100,0.5,0.1,"cat_trait=C",0,0.05,0.95,FALSE
1226,11,"F3",100,0.5,0.1,"count_trait",0,1,0,FALSE
1227,12,"F1",300,0.5,0.1,"trait1",0,1,0,FALSE
1227,12,"F1",300,0.5,0.1,"trait2",0,1,0,FALSE
1227,12,"F1",300,0.5,0.1,"trait3",0.45,0.55,0,FALSE
1227,12,"F1",300,0.5,0.1,"trait4",0,1,0,FALSE
1228,13,"F2",300,0.5,0.1,"trait1",0.6,0.3,0.1,FALSE
1228,13,"F2",300,0.5,0.1,"trait2",1,0,0,FALSE
1228,13,"F2",300,0.5,0.1,"trait3",0,1,0,FALSE
1228,13,"F2",300,0.5,0.1,"trait4",1,0,0,FALSE
1229,14,"F3",300,0.5,0.1,"cont1",0,1,0,FALSE
1229,14,"F3",300,0.5,0.1,"binary_trait",0,1,0,FALSE
1229,14,"F3",300,0.5,0.1,"cat_trait=A",0,0,1,TRUE
1229,14,"F3",300,0.5,0.1,"cat_trait=B",0,0,1,TRUE
1229,14,"F3",300,0.5,0.1,"cat_trait=C",0,0,1,TRUE
1229,14,"F3",300,0.5,0.1,"count_trait",1,0,0,FALSE
1230,15,"F1",1000,0.5,0.1,"trait1",0.8,0.2,0,FALSE
1230,15,"F1",1000,0.5,0.1,"trait2",0,1,0,FALSE
1230,15,"F1",1000,0.5,0.1,"trait3",0,1,0,FALSE
1230,15,"F1",1000,0.5,0.1,"trait4",0,1,0,FALSE
1231,16,"F2",1000,0.5,0.1,"trait1",0,1,0,FALSE
1231,16,"F2",1000,0.5,0.1,"trait2",1,0,0,FALSE
1231,16,"F2",1000,0.5,0.1,"trait3",0,1,0,FALSE
1231,16,"F2",1000,0.5,0.1,"trait4",0.944444444444444,0.0555555555555556,0,FALSE
1232,17,"F3",1000,0.5,0.1,"cont1",0,1,0,FALSE
1232,17,"F3",1000,0.5,0.1,"binary_trait",0,1,0,FALSE
1232,17,"F3",1000,0.5,0.1,"cat_trait=A",0,1,0,FALSE
1232,17,"F3",1000,0.5,0.1,"cat_trait=B",0,1,0,FALSE
1232,17,"F3",1000,0.5,0.1,"cat_trait=C",0,1,0,FALSE
1232,17,"F3",1000,0.5,0.1,"count_trait",1,0,0,FALSE
1233,18,"F1",100,1,0.1,"trait1",0,1,0,FALSE
1233,18,"F1",100,1,0.1,"trait2",0.45,0,0.55,FALSE
1233,18,"F1",100,1,0.1,"trait3",0,1,0,FALSE
1233,18,"F1",100,1,0.1,"trait4",0,1,0,FALSE
1234,19,"F2",100,1,0.1,"trait1",0.35,0.65,0,FALSE
1234,19,"F2",100,1,0.1,"trait2",0,1,0,FALSE
1234,19,"F2",100,1,0.1,"trait3",0,1,0,FALSE
1234,19,"F2",100,1,0.1,"trait4",0.9,0,0.1,FALSE
1235,20,"F3",100,1,0.1,"cont1",0,1,0,FALSE
1235,20,"F3",100,1,0.1,"binary_trait",0,1,0,FALSE
1235,20,"F3",100,1,0.1,"cat_trait=A",0,0,1,TRUE
1235,20,"F3",100,1,0.1,"cat_trait=B",0,0,1,TRUE
1235,20,"F3",100,1,0.1,"cat_trait=C",0,0,1,TRUE
1235,20,"F3",100,1,0.1,"count_trait",0,1,0,FALSE
1236,21,"F1",300,1,0.1,"trait1",0,1,0,FALSE
1236,21,"F1",300,1,0.1,"trait2",0.1,0.9,0,FALSE
1236,21,"F1",300,1,0.1,"trait3",0,0.9,0.1,FALSE
1236,21,"F1",300,1,0.1,"trait4",0,1,0,FALSE
1237,22,"F2",300,1,0.1,"trait1",0.2,0.8,0,FALSE
1237,22,"F2",300,1,0.1,"trait2",1,0,0,FALSE
1237,22,"F2",300,1,0.1,"trait3",0.722222222222222,0,0.277777777777778,FALSE
1237,22,"F2",300,1,0.1,"trait4",1,0,0,FALSE
1238,23,"F3",300,1,0.1,"cont1",0,1,0,FALSE
1238,23,"F3",300,1,0.1,"binary_trait",0,1,0,FALSE
1238,23,"F3",300,1,0.1,"cat_trait=A",0,0,1,TRUE
1238,23,"F3",300,1,0.1,"cat_trait=B",0,0,1,TRUE
1238,23,"F3",300,1,0.1,"cat_trait=C",0,0,1,TRUE
1238,23,"F3",300,1,0.1,"count_trait",1,0,0,FALSE
1239,24,"F1",1000,1,0.1,"trait1",0,1,0,FALSE
1239,24,"F1",1000,1,0.1,"trait2",0,1,0,FALSE
1239,24,"F1",1000,1,0.1,"trait3",0.35,0.65,0,FALSE
1239,24,"F1",1000,1,0.1,"trait4",0,1,0,FALSE
1240,25,"F2",1000,1,0.1,"trait1",0,1,0,FALSE
1240,25,"F2",1000,1,0.1,"trait2",0.85,0.15,0,FALSE
1240,25,"F2",1000,1,0.1,"trait3",0,1,0,FALSE
1240,25,"F2",1000,1,0.1,"trait4",0.9,0.1,0,FALSE
1241,26,"F3",1000,1,0.1,"cont1",0,1,0,FALSE
1241,26,"F3",1000,1,0.1,"binary_trait",0,1,0,FALSE
1241,26,"F3",1000,1,0.1,"cat_trait=A",0,1,0,FALSE
1241,26,"F3",1000,1,0.1,"cat_trait=B",0,1,0,FALSE
1241,26,"F3",1000,1,0.1,"cat_trait=C",0,1,0,FALSE
1241,26,"F3",1000,1,0.1,"count_trait",0,1,0,FALSE
1242,27,"F1",100,0.2,0.3,"trait1",0.7,0,0.3,FALSE
1242,27,"F1",100,0.2,0.3,"trait2",0.8,0.2,0,FALSE
1242,27,"F1",100,0.2,0.3,"trait3",1,0,0,FALSE
1242,27,"F1",100,0.2,0.3,"trait4",1,0,0,FALSE
1243,28,"F2",100,0.2,0.3,"trait1",1,0,0,FALSE
1243,28,"F2",100,0.2,0.3,"trait2",0,0,1,TRUE
1243,28,"F2",100,0.2,0.3,"trait3",0,0,1,TRUE
1243,28,"F2",100,0.2,0.3,"trait4",0,1,0,FALSE
1244,29,"F3",100,0.2,0.3,"cont1",0,0,1,TRUE
1244,29,"F3",100,0.2,0.3,"binary_trait",0,1,0,FALSE
1244,29,"F3",100,0.2,0.3,"cat_trait=A",0,0,1,TRUE
1244,29,"F3",100,0.2,0.3,"cat_trait=B",0,0,1,TRUE
1244,29,"F3",100,0.2,0.3,"cat_trait=C",0,0,1,TRUE
1244,29,"F3",100,0.2,0.3,"count_trait",0,0,1,TRUE
1245,30,"F1",300,0.2,0.3,"trait1",1,0,0,FALSE
1245,30,"F1",300,0.2,0.3,"trait2",0,0.95,0.05,FALSE
1245,30,"F1",300,0.2,0.3,"trait3",0,1,0,FALSE
1245,30,"F1",300,0.2,0.3,"trait4",0,1,0,FALSE
1246,31,"F2",300,0.2,0.3,"trait1",0,0,1,TRUE
1246,31,"F2",300,0.2,0.3,"trait2",0,1,0,FALSE
1246,31,"F2",300,0.2,0.3,"trait3",0,1,0,FALSE
1246,31,"F2",300,0.2,0.3,"trait4",0,0,1,TRUE
1247,32,"F3",300,0.2,0.3,"cont1",0,0,1,TRUE
1247,32,"F3",300,0.2,0.3,"binary_trait",0,0,1,TRUE
1247,32,"F3",300,0.2,0.3,"cat_trait=A",0,0.941176470588235,0.0588235294117647,FALSE
1247,32,"F3",300,0.2,0.3,"cat_trait=B",0,0.941176470588235,0.0588235294117647,FALSE
1247,32,"F3",300,0.2,0.3,"cat_trait=C",0,0.941176470588235,0.0588235294117647,FALSE
1247,32,"F3",300,0.2,0.3,"count_trait",0,1,0,FALSE
1248,33,"F1",1000,0.2,0.3,"trait1",1,0,0,FALSE
1248,33,"F1",1000,0.2,0.3,"trait2",1,0,0,FALSE
1248,33,"F1",1000,0.2,0.3,"trait3",0,1,0,FALSE
1248,33,"F1",1000,0.2,0.3,"trait4",1,0,0,FALSE
1249,34,"F2",1000,0.2,0.3,"trait1",1,0,0,FALSE
1249,34,"F2",1000,0.2,0.3,"trait2",1,0,0,FALSE
1249,34,"F2",1000,0.2,0.3,"trait3",0,1,0,FALSE
1249,34,"F2",1000,0.2,0.3,"trait4",1,0,0,FALSE
1250,35,"F3",1000,0.2,0.3,"cont1",0,1,0,FALSE
1250,35,"F3",1000,0.2,0.3,"binary_trait",0,0,1,TRUE
1250,35,"F3",1000,0.2,0.3,"cat_trait=A",0,0,1,TRUE
1250,35,"F3",1000,0.2,0.3,"cat_trait=B",0,0,1,TRUE
1250,35,"F3",1000,0.2,0.3,"cat_trait=C",0,0,1,TRUE
1250,35,"F3",1000,0.2,0.3,"count_trait",0,0,1,TRUE
1251,36,"F1",100,0.5,0.3,"trait1",0,1,0,FALSE
1251,36,"F1",100,0.5,0.3,"trait2",0,1,0,FALSE
1251,36,"F1",100,0.5,0.3,"trait3",0,1,0,FALSE
1251,36,"F1",100,0.5,0.3,"trait4",0,0,1,TRUE
1252,37,"F2",100,0.5,0.3,"trait1",0,1,0,FALSE
1252,37,"F2",100,0.5,0.3,"trait2",0,0,1,TRUE
1252,37,"F2",100,0.5,0.3,"trait3",0,0,1,TRUE
1252,37,"F2",100,0.5,0.3,"trait4",0,0,1,TRUE
1253,38,"F3",100,0.5,0.3,"cont1",0,1,0,FALSE
1253,38,"F3",100,0.5,0.3,"binary_trait",0,1,0,FALSE
1253,38,"F3",100,0.5,0.3,"cat_trait=A",0,0,1,TRUE
1253,38,"F3",100,0.5,0.3,"cat_trait=B",0,0,1,TRUE
1253,38,"F3",100,0.5,0.3,"cat_trait=C",0,0,1,TRUE
1253,38,"F3",100,0.5,0.3,"count_trait",0,0,1,TRUE
1254,39,"F1",300,0.5,0.3,"trait1",0,1,0,FALSE
1254,39,"F1",300,0.5,0.3,"trait2",0,1,0,FALSE
1254,39,"F1",300,0.5,0.3,"trait3",0,1,0,FALSE
1254,39,"F1",300,0.5,0.3,"trait4",0,1,0,FALSE
1255,40,"F2",300,0.5,0.3,"trait1",0.55,0.45,0,FALSE
1255,40,"F2",300,0.5,0.3,"trait2",1,0,0,FALSE
1255,40,"F2",300,0.5,0.3,"trait3",0,1,0,FALSE
1255,40,"F2",300,0.5,0.3,"trait4",0.65,0,0.35,FALSE
1256,41,"F3",300,0.5,0.3,"cont1",0,1,0,FALSE
1256,41,"F3",300,0.5,0.3,"binary_trait",0,1,0,FALSE
1256,41,"F3",300,0.5,0.3,"cat_trait=A",0,1,0,FALSE
1256,41,"F3",300,0.5,0.3,"cat_trait=B",0,1,0,FALSE
1256,41,"F3",300,0.5,0.3,"cat_trait=C",0,1,0,FALSE
1256,41,"F3",300,0.5,0.3,"count_trait",0,1,0,FALSE
1257,42,"F1",1000,0.5,0.3,"trait1",0,1,0,FALSE
1257,42,"F1",1000,0.5,0.3,"trait2",0,1,0,FALSE
1257,42,"F1",1000,0.5,0.3,"trait3",0,1,0,FALSE
1257,42,"F1",1000,0.5,0.3,"trait4",0,0.7,0.3,FALSE
1258,43,"F2",1000,0.5,0.3,"trait1",0,1,0,FALSE
1258,43,"F2",1000,0.5,0.3,"trait2",1,0,0,FALSE
1258,43,"F2",1000,0.5,0.3,"trait3",0,1,0,FALSE
1258,43,"F2",1000,0.5,0.3,"trait4",0,0,1,TRUE
1259,44,"F3",1000,0.5,0.3,"cont1",0,1,0,FALSE
1259,44,"F3",1000,0.5,0.3,"binary_trait",0,1,0,FALSE
1259,44,"F3",1000,0.5,0.3,"cat_trait=A",0,0.1,0.9,FALSE
1259,44,"F3",1000,0.5,0.3,"cat_trait=B",0,0.1,0.9,FALSE
1259,44,"F3",1000,0.5,0.3,"cat_trait=C",0,0.1,0.9,FALSE
1259,44,"F3",1000,0.5,0.3,"count_trait",0,0.8,0.2,FALSE
1260,45,"F1",100,1,0.3,"trait1",0.368421052631579,0.631578947368421,0,FALSE
1260,45,"F1",100,1,0.3,"trait2",0.8,0.2,0,FALSE
1260,45,"F1",100,1,0.3,"trait3",0.947368421052632,0,0.0526315789473684,FALSE
1260,45,"F1",100,1,0.3,"trait4",0,1,0,FALSE
1261,46,"F2",100,1,0.3,"trait1",0,1,0,FALSE
1261,46,"F2",100,1,0.3,"trait2",1,0,0,FALSE
1261,46,"F2",100,1,0.3,"trait3",0,1,0,FALSE
1261,46,"F2",100,1,0.3,"trait4",1,0,0,FALSE
1262,47,"F3",100,1,0.3,"cont1",0,1,0,FALSE
1262,47,"F3",100,1,0.3,"binary_trait",0,1,0,FALSE
1262,47,"F3",100,1,0.3,"cat_trait=A",0,0,1,TRUE
1262,47,"F3",100,1,0.3,"cat_trait=B",0,0,1,TRUE
1262,47,"F3",100,1,0.3,"cat_trait=C",0,0,1,TRUE
1262,47,"F3",100,1,0.3,"count_trait",0.9375,0,0.0625,FALSE
1263,48,"F1",300,1,0.3,"trait1",0,1,0,FALSE
1263,48,"F1",300,1,0.3,"trait2",0.55,0.45,0,FALSE
1263,48,"F1",300,1,0.3,"trait3",0,1,0,FALSE
1263,48,"F1",300,1,0.3,"trait4",0,0.9,0.1,FALSE
1264,49,"F2",300,1,0.3,"trait1",0,1,0,FALSE
1264,49,"F2",300,1,0.3,"trait2",1,0,0,FALSE
1264,49,"F2",300,1,0.3,"trait3",0,0.368421052631579,0.631578947368421,FALSE
1264,49,"F2",300,1,0.3,"trait4",1,0,0,FALSE
1265,50,"F3",300,1,0.3,"cont1",0.4,0.6,0,FALSE
1265,50,"F3",300,1,0.3,"binary_trait",0,1,0,FALSE
1265,50,"F3",300,1,0.3,"cat_trait=A",0,0,1,TRUE
1265,50,"F3",300,1,0.3,"cat_trait=B",0,0,1,TRUE
1265,50,"F3",300,1,0.3,"cat_trait=C",0,0,1,TRUE
1265,50,"F3",300,1,0.3,"count_trait",0,0.888888888888889,0.111111111111111,FALSE
1266,51,"F1",1000,1,0.3,"trait1",0,1,0,FALSE
1266,51,"F1",1000,1,0.3,"trait2",0,1,0,FALSE
1266,51,"F1",1000,1,0.3,"trait3",0,1,0,FALSE
1266,51,"F1",1000,1,0.3,"trait4",0,1,0,FALSE
1267,52,"F2",1000,1,0.3,"trait1",0,1,0,FALSE
1267,52,"F2",1000,1,0.3,"trait2",0,1,0,FALSE
1267,52,"F2",1000,1,0.3,"trait3",0,0.75,0.25,FALSE
1267,52,"F2",1000,1,0.3,"trait4",0.55,0.45,0,FALSE
1268,53,"F3",1000,1,0.3,"cont1",0,1,0,FALSE
1268,53,"F3",1000,1,0.3,"binary_trait",0,1,0,FALSE
1268,53,"F3",1000,1,0.3,"cat_trait=A",0,1,0,FALSE
1268,53,"F3",1000,1,0.3,"cat_trait=B",0,1,0,FALSE
1268,53,"F3",1000,1,0.3,"cat_trait=C",0,1,0,FALSE
1268,53,"F3",1000,1,0.3,"count_trait",1,0,0,FALSE
1269,54,"F1",100,0.2,0.5,"trait1",1,0,0,FALSE
1269,54,"F1",100,0.2,0.5,"trait2",0,1,0,FALSE
1269,54,"F1",100,0.2,0.5,"trait3",1,0,0,FALSE
1269,54,"F1",100,0.2,0.5,"trait4",0,0,1,TRUE
1270,55,"F2",100,0.2,0.5,"trait1",0,0,1,TRUE
1270,55,"F2",100,0.2,0.5,"trait2",0,0,1,TRUE
1270,55,"F2",100,0.2,0.5,"trait3",0,0,1,TRUE
1270,55,"F2",100,0.2,0.5,"trait4",0,0,1,TRUE
1271,56,"F3",100,0.2,0.5,"cont1",0,0,1,TRUE
1271,56,"F3",100,0.2,0.5,"binary_trait",0,0,1,TRUE
1271,56,"F3",100,0.2,0.5,"cat_trait=A",0,0,1,TRUE
1271,56,"F3",100,0.2,0.5,"cat_trait=B",0,0,1,TRUE
1271,56,"F3",100,0.2,0.5,"cat_trait=C",0,0,1,TRUE
1271,56,"F3",100,0.2,0.5,"count_trait",0,0,1,TRUE
1272,57,"F1",300,0.2,0.5,"trait1",0,1,0,FALSE
1272,57,"F1",300,0.2,0.5,"trait2",0,1,0,FALSE
1272,57,"F1",300,0.2,0.5,"trait3",0,0,1,TRUE
1272,57,"F1",300,0.2,0.5,"trait4",0,1,0,FALSE
1273,58,"F2",300,0.2,0.5,"trait1",0,0,1,TRUE
1273,58,"F2",300,0.2,0.5,"trait2",1,0,0,FALSE
1273,58,"F2",300,0.2,0.5,"trait3",0,0,1,TRUE
1273,58,"F2",300,0.2,0.5,"trait4",1,0,0,FALSE
1274,59,"F3",300,0.2,0.5,"cont1",1,0,0,FALSE
1274,59,"F3",300,0.2,0.5,"binary_trait",0,1,0,FALSE
1274,59,"F3",300,0.2,0.5,"cat_trait=A",0,0,1,TRUE
1274,59,"F3",300,0.2,0.5,"cat_trait=B",0,0,1,TRUE
1274,59,"F3",300,0.2,0.5,"cat_trait=C",0,0,1,TRUE
1274,59,"F3",300,0.2,0.5,"count_trait",0,0,1,TRUE
1275,60,"F1",1000,0.2,0.5,"trait1",0.65,0.35,0,FALSE
1275,60,"F1",1000,0.2,0.5,"trait2",0.1,0.9,0,FALSE
1275,60,"F1",1000,0.2,0.5,"trait3",0,0,1,TRUE
1275,60,"F1",1000,0.2,0.5,"trait4",0,1,0,FALSE
1276,61,"F2",1000,0.2,0.5,"trait1",1,0,0,FALSE
1276,61,"F2",1000,0.2,0.5,"trait2",0.9,0,0.1,FALSE
1276,61,"F2",1000,0.2,0.5,"trait3",0,0,1,TRUE
1276,61,"F2",1000,0.2,0.5,"trait4",0,1,0,FALSE
1277,62,"F3",1000,0.2,0.5,"cont1",0,1,0,FALSE
1277,62,"F3",1000,0.2,0.5,"binary_trait",0,0,1,TRUE
1277,62,"F3",1000,0.2,0.5,"cat_trait=A",0,0,1,TRUE
1277,62,"F3",1000,0.2,0.5,"cat_trait=B",0,0,1,TRUE
1277,62,"F3",1000,0.2,0.5,"cat_trait=C",0,0,1,TRUE
1277,62,"F3",1000,0.2,0.5,"count_trait",1,0,0,FALSE
1278,63,"F1",100,0.5,0.5,"trait1",0,0,1,TRUE
1278,63,"F1",100,0.5,0.5,"trait2",0,0,1,TRUE
1278,63,"F1",100,0.5,0.5,"trait3",1,0,0,FALSE
1278,63,"F1",100,0.5,0.5,"trait4",0,0.15,0.85,FALSE
1279,64,"F2",100,0.5,0.5,"trait1",0,0,1,TRUE
1279,64,"F2",100,0.5,0.5,"trait2",0.411764705882353,0,0.588235294117647,FALSE
1279,64,"F2",100,0.5,0.5,"trait3",0,0,1,TRUE
1279,64,"F2",100,0.5,0.5,"trait4",0,0.9,0.1,FALSE
1280,65,"F3",100,0.5,0.5,"cont1",0.5,0.5,0,FALSE
1280,65,"F3",100,0.5,0.5,"binary_trait",0,0,1,TRUE
1280,65,"F3",100,0.5,0.5,"cat_trait=A",0,0,1,TRUE
1280,65,"F3",100,0.5,0.5,"cat_trait=B",0,0,1,TRUE
1280,65,"F3",100,0.5,0.5,"cat_trait=C",0,0,1,TRUE
1280,65,"F3",100,0.5,0.5,"count_trait",1,0,0,FALSE
1281,66,"F1",300,0.5,0.5,"trait1",0.833333333333333,0.166666666666667,0,FALSE
1281,66,"F1",300,0.5,0.5,"trait2",0,1,0,FALSE
1281,66,"F1",300,0.5,0.5,"trait3",1,0,0,FALSE
1281,66,"F1",300,0.5,0.5,"trait4",0.0588235294117647,0.705882352941177,0.235294117647059,FALSE
1282,67,"F2",300,0.5,0.5,"trait1",0,1,0,FALSE
1282,67,"F2",300,0.5,0.5,"trait2",0,1,0,FALSE
1282,67,"F2",300,0.5,0.5,"trait3",0,0,1,TRUE
1282,67,"F2",300,0.5,0.5,"trait4",0,0,1,TRUE
1283,68,"F3",300,0.5,0.5,"cont1",0.9,0.1,0,FALSE
1283,68,"F3",300,0.5,0.5,"binary_trait",0,1,0,FALSE
1283,68,"F3",300,0.5,0.5,"cat_trait=A",0,0,1,TRUE
1283,68,"F3",300,0.5,0.5,"cat_trait=B",0,0,1,TRUE
1283,68,"F3",300,0.5,0.5,"cat_trait=C",0,0,1,TRUE
1283,68,"F3",300,0.5,0.5,"count_trait",0,0.4,0.6,FALSE
1284,69,"F1",1000,0.5,0.5,"trait1",0.55,0.45,0,FALSE
1284,69,"F1",1000,0.5,0.5,"trait2",0,1,0,FALSE
1284,69,"F1",1000,0.5,0.5,"trait3",0,1,0,FALSE
1284,69,"F1",1000,0.5,0.5,"trait4",0,1,0,FALSE
1285,70,"F2",1000,0.5,0.5,"trait1",1,0,0,FALSE
1285,70,"F2",1000,0.5,0.5,"trait2",0,1,0,FALSE
1285,70,"F2",1000,0.5,0.5,"trait3",0,0,1,TRUE
1285,70,"F2",1000,0.5,0.5,"trait4",1,0,0,FALSE
1286,71,"F3",1000,0.5,0.5,"cont1",0,0.722222222222222,0.277777777777778,FALSE
1286,71,"F3",1000,0.5,0.5,"binary_trait",0,1,0,FALSE
1286,71,"F3",1000,0.5,0.5,"cat_trait=A",0,0,1,TRUE
1286,71,"F3",1000,0.5,0.5,"cat_trait=B",0,0,1,TRUE
1286,71,"F3",1000,0.5,0.5,"cat_trait=C",0,0,1,TRUE
1286,71,"F3",1000,0.5,0.5,"count_trait",0,1,0,FALSE
1287,72,"F1",100,1,0.5,"trait1",0,1,0,FALSE
1287,72,"F1",100,1,0.5,"trait2",0,1,0,FALSE
1287,72,"F1",100,1,0.5,"trait3",0,1,0,FALSE
1287,72,"F1",100,1,0.5,"trait4",0,1,0,FALSE
1288,73,"F2",100,1,0.5,"trait1",0,0.842105263157895,0.157894736842105,FALSE
1288,73,"F2",100,1,0.5,"trait2",0.4,0.6,0,FALSE
1288,73,"F2",100,1,0.5,"trait3",0.6,0,0.4,FALSE
1288,73,"F2",100,1,0.5,"trait4",0.444444444444444,0.555555555555556,0,FALSE
1289,74,"F3",100,1,0.5,"cont1",1,0,0,FALSE
1289,74,"F3",100,1,0.5,"binary_trait",0,0,1,TRUE
1289,74,"F3",100,1,0.5,"cat_trait=A",0,0,1,TRUE
1289,74,"F3",100,1,0.5,"cat_trait=B",0,0,1,TRUE
1289,74,"F3",100,1,0.5,"cat_trait=C",0,0,1,TRUE
1289,74,"F3",100,1,0.5,"count_trait",0,1,0,FALSE
1290,75,"F1",300,1,0.5,"trait1",0.45,0.35,0.2,FALSE
1290,75,"F1",300,1,0.5,"trait2",0.944444444444444,0,0.0555555555555556,FALSE
1290,75,"F1",300,1,0.5,"trait3",0,1,0,FALSE
1290,75,"F1",300,1,0.5,"trait4",0,1,0,FALSE
1291,76,"F2",300,1,0.5,"trait1",1,0,0,FALSE
1291,76,"F2",300,1,0.5,"trait2",0.789473684210526,0,0.210526315789474,FALSE
1291,76,"F2",300,1,0.5,"trait3",0,0.95,0.05,FALSE
1291,76,"F2",300,1,0.5,"trait4",0.647058823529412,0,0.352941176470588,FALSE
1292,77,"F3",300,1,0.5,"cont1",0.947368421052632,0,0.0526315789473684,FALSE
1292,77,"F3",300,1,0.5,"binary_trait",0,1,0,FALSE
1292,77,"F3",300,1,0.5,"cat_trait=A",0,1,0,FALSE
1292,77,"F3",300,1,0.5,"cat_trait=B",0,1,0,FALSE
1292,77,"F3",300,1,0.5,"cat_trait=C",0,1,0,FALSE
1292,77,"F3",300,1,0.5,"count_trait",1,0,0,FALSE
1293,78,"F1",1000,1,0.5,"trait1",0,0.95,0.05,FALSE
1293,78,"F1",1000,1,0.5,"trait2",0,1,0,FALSE
1293,78,"F1",1000,1,0.5,"trait3",0,1,0,FALSE
1293,78,"F1",1000,1,0.5,"trait4",0,1,0,FALSE
1294,79,"F2",1000,1,0.5,"trait1",0,1,0,FALSE
1294,79,"F2",1000,1,0.5,"trait2",0,1,0,FALSE
1294,79,"F2",1000,1,0.5,"trait3",0,1,0,FALSE
1294,79,"F2",1000,1,0.5,"trait4",0,1,0,FALSE
1295,80,"F3",1000,1,0.5,"cont1",0.4,0.6,0,FALSE
1295,80,"F3",1000,1,0.5,"binary_trait",0,1,0,FALSE
1295,80,"F3",1000,1,0.5,"cat_trait=A",0,1,0,FALSE
1295,80,"F3",1000,1,0.5,"cat_trait=B",0,1,0,FALSE
1295,80,"F3",1000,1,0.5,"cat_trait=C",0,1,0,FALSE
1295,80,"F3",1000,1,0.5,"count_trait",0.1,0.9,0,FALSE
1296,0,"F1",100,0.2,0.1,"trait1",0.875,0,0.125,FALSE
1296,0,"F1",100,0.2,0.1,"trait2",1,0,0,FALSE
1296,0,"F1",100,0.2,0.1,"trait3",0.55,0.45,0,FALSE
1296,0,"F1",100,0.2,0.1,"trait4",1,0,0,FALSE
1297,1,"F2",100,0.2,0.1,"trait1",0,1,0,FALSE
1297,1,"F2",100,0.2,0.1,"trait2",1,0,0,FALSE
1297,1,"F2",100,0.2,0.1,"trait3",0,1,0,FALSE
1297,1,"F2",100,0.2,0.1,"trait4",1,0,0,FALSE
1298,2,"F3",100,0.2,0.1,"cont1",1,0,0,FALSE
1298,2,"F3",100,0.2,0.1,"binary_trait",0,1,0,FALSE
1298,2,"F3",100,0.2,0.1,"cat_trait=A",0,1,0,FALSE
1298,2,"F3",100,0.2,0.1,"cat_trait=B",0,1,0,FALSE
1298,2,"F3",100,0.2,0.1,"cat_trait=C",0,1,0,FALSE
1298,2,"F3",100,0.2,0.1,"count_trait",1,0,0,FALSE
1299,3,"F1",300,0.2,0.1,"trait1",1,0,0,FALSE
1299,3,"F1",300,0.2,0.1,"trait2",1,0,0,FALSE
1299,3,"F1",300,0.2,0.1,"trait3",0,1,0,FALSE
1299,3,"F1",300,0.2,0.1,"trait4",0,1,0,FALSE
1300,4,"F2",300,0.2,0.1,"trait1",1,0,0,FALSE
1300,4,"F2",300,0.2,0.1,"trait2",1,0,0,FALSE
1300,4,"F2",300,0.2,0.1,"trait3",0,1,0,FALSE
1300,4,"F2",300,0.2,0.1,"trait4",1,0,0,FALSE
1301,5,"F3",300,0.2,0.1,"cont1",0,0,1,TRUE
1301,5,"F3",300,0.2,0.1,"binary_trait",0,0,1,TRUE
1301,5,"F3",300,0.2,0.1,"cat_trait=A",0,1,0,FALSE
1301,5,"F3",300,0.2,0.1,"cat_trait=B",0,1,0,FALSE
1301,5,"F3",300,0.2,0.1,"cat_trait=C",0,1,0,FALSE
1301,5,"F3",300,0.2,0.1,"count_trait",0,0,1,TRUE
1302,6,"F1",1000,0.2,0.1,"trait1",1,0,0,FALSE
1302,6,"F1",1000,0.2,0.1,"trait2",0,1,0,FALSE
1302,6,"F1",1000,0.2,0.1,"trait3",0,1,0,FALSE
1302,6,"F1",1000,0.2,0.1,"trait4",0,1,0,FALSE
1303,7,"F2",1000,0.2,0.1,"trait1",0.7,0.3,0,FALSE
1303,7,"F2",1000,0.2,0.1,"trait2",0,1,0,FALSE
1303,7,"F2",1000,0.2,0.1,"trait3",0,1,0,FALSE
1303,7,"F2",1000,0.2,0.1,"trait4",1,0,0,FALSE
1304,8,"F3",1000,0.2,0.1,"cont1",0.95,0.05,0,FALSE
1304,8,"F3",1000,0.2,0.1,"binary_trait",0,1,0,FALSE
1304,8,"F3",1000,0.2,0.1,"cat_trait=A",0,1,0,FALSE
1304,8,"F3",1000,0.2,0.1,"cat_trait=B",0,1,0,FALSE
1304,8,"F3",1000,0.2,0.1,"cat_trait=C",0,1,0,FALSE
1304,8,"F3",1000,0.2,0.1,"count_trait",0,1,0,FALSE
1305,9,"F1",100,0.5,0.1,"trait1",0,1,0,FALSE
1305,9,"F1",100,0.5,0.1,"trait2",0,1,0,FALSE
1305,9,"F1",100,0.5,0.1,"trait3",0.555555555555556,0.111111111111111,0.333333333333333,FALSE
1305,9,"F1",100,0.5,0.1,"trait4",0,1,0,FALSE
1306,10,"F2",100,0.5,0.1,"trait1",0,0,1,TRUE
1306,10,"F2",100,0.5,0.1,"trait2",0.8,0,0.2,FALSE
1306,10,"F2",100,0.5,0.1,"trait3",1,0,0,FALSE
1306,10,"F2",100,0.5,0.1,"trait4",0,0.466666666666667,0.533333333333333,FALSE
1307,11,"F3",100,0.5,0.1,"cont1",0.333333333333333,0.533333333333333,0.133333333333333,FALSE
1307,11,"F3",100,0.5,0.1,"binary_trait",0,1,0,FALSE
1307,11,"F3",100,0.5,0.1,"cat_trait=A",0,0,1,TRUE
1307,11,"F3",100,0.5,0.1,"cat_trait=B",0,0,1,TRUE
1307,11,"F3",100,0.5,0.1,"cat_trait=C",0,0,1,TRUE
1307,11,"F3",100,0.5,0.1,"count_trait",0,1,0,FALSE
1308,12,"F1",300,0.5,0.1,"trait1",0,1,0,FALSE
1308,12,"F1",300,0.5,0.1,"trait2",1,0,0,FALSE
1308,12,"F1",300,0.5,0.1,"trait3",0,1,0,FALSE
1308,12,"F1",300,0.5,0.1,"trait4",0,0.928571428571428,0.0714285714285714,FALSE
1309,13,"F2",300,0.5,0.1,"trait1",1,0,0,FALSE
1309,13,"F2",300,0.5,0.1,"trait2",1,0,0,FALSE
1309,13,"F2",300,0.5,0.1,"trait3",1,0,0,FALSE
1309,13,"F2",300,0.5,0.1,"trait4",1,0,0,FALSE
1310,14,"F3",300,0.5,0.1,"cont1",0,1,0,FALSE
1310,14,"F3",300,0.5,0.1,"binary_trait",0,0,1,TRUE
1310,14,"F3",300,0.5,0.1,"cat_trait=A",0,1,0,FALSE
1310,14,"F3",300,0.5,0.1,"cat_trait=B",0,1,0,FALSE
1310,14,"F3",300,0.5,0.1,"cat_trait=C",0,1,0,FALSE
1310,14,"F3",300,0.5,0.1,"count_trait",0,0.5,0.5,FALSE
1311,15,"F1",1000,0.5,0.1,"trait1",1,0,0,FALSE
1311,15,"F1",1000,0.5,0.1,"trait2",0,1,0,FALSE
1311,15,"F1",1000,0.5,0.1,"trait3",0,1,0,FALSE
1311,15,"F1",1000,0.5,0.1,"trait4",0,1,0,FALSE
1312,16,"F2",1000,0.5,0.1,"trait1",0,1,0,FALSE
1312,16,"F2",1000,0.5,0.1,"trait2",1,0,0,FALSE
1312,16,"F2",1000,0.5,0.1,"trait3",0,0.736842105263158,0.263157894736842,FALSE
1312,16,"F2",1000,0.5,0.1,"trait4",0,1,0,FALSE
1313,17,"F3",1000,0.5,0.1,"cont1",0.3,0.7,0,FALSE
1313,17,"F3",1000,0.5,0.1,"binary_trait",0,1,0,FALSE
1313,17,"F3",1000,0.5,0.1,"cat_trait=A",0.111111111111111,0.666666666666667,0.222222222222222,FALSE
1313,17,"F3",1000,0.5,0.1,"cat_trait=B",0.111111111111111,0.666666666666667,0.222222222222222,FALSE
1313,17,"F3",1000,0.5,0.1,"cat_trait=C",0.111111111111111,0.666666666666667,0.222222222222222,FALSE
1313,17,"F3",1000,0.5,0.1,"count_trait",0,1,0,FALSE
1314,18,"F1",100,1,0.1,"trait1",0,1,0,FALSE
1314,18,"F1",100,1,0.1,"trait2",0,1,0,FALSE
1314,18,"F1",100,1,0.1,"trait3",0,1,0,FALSE
1314,18,"F1",100,1,0.1,"trait4",0,0.666666666666667,0.333333333333333,FALSE
1315,19,"F2",100,1,0.1,"trait1",0.65,0.35,0,FALSE
1315,19,"F2",100,1,0.1,"trait2",0.166666666666667,0.5,0.333333333333333,FALSE
1315,19,"F2",100,1,0.1,"trait3",0,0.75,0.25,FALSE
1315,19,"F2",100,1,0.1,"trait4",0,1,0,FALSE
1316,20,"F3",100,1,0.1,"cont1",0,1,0,FALSE
1316,20,"F3",100,1,0.1,"binary_trait",0,1,0,FALSE
1316,20,"F3",100,1,0.1,"cat_trait=A",0,1,0,FALSE
1316,20,"F3",100,1,0.1,"cat_trait=B",0,1,0,FALSE
1316,20,"F3",100,1,0.1,"cat_trait=C",0,1,0,FALSE
1316,20,"F3",100,1,0.1,"count_trait",0,1,0,FALSE
1317,21,"F1",300,1,0.1,"trait1",0,1,0,FALSE
1317,21,"F1",300,1,0.1,"trait2",0,1,0,FALSE
1317,21,"F1",300,1,0.1,"trait3",0,1,0,FALSE
1317,21,"F1",300,1,0.1,"trait4",0,1,0,FALSE
1318,22,"F2",300,1,0.1,"trait1",0,1,0,FALSE
1318,22,"F2",300,1,0.1,"trait2",0,1,0,FALSE
1318,22,"F2",300,1,0.1,"trait3",0,0.9,0.1,FALSE
1318,22,"F2",300,1,0.1,"trait4",0,1,0,FALSE
1319,23,"F3",300,1,0.1,"cont1",0,1,0,FALSE
1319,23,"F3",300,1,0.1,"binary_trait",0,1,0,FALSE
1319,23,"F3",300,1,0.1,"cat_trait=A",0,1,0,FALSE
1319,23,"F3",300,1,0.1,"cat_trait=B",0,1,0,FALSE
1319,23,"F3",300,1,0.1,"cat_trait=C",0,1,0,FALSE
1319,23,"F3",300,1,0.1,"count_trait",0,1,0,FALSE
1320,24,"F1",1000,1,0.1,"trait1",0.789473684210526,0.210526315789474,0,FALSE
1320,24,"F1",1000,1,0.1,"trait2",0,1,0,FALSE
1320,24,"F1",1000,1,0.1,"trait3",0,1,0,FALSE
1320,24,"F1",1000,1,0.1,"trait4",0,1,0,FALSE
1321,25,"F2",1000,1,0.1,"trait1",0,1,0,FALSE
1321,25,"F2",1000,1,0.1,"trait2",1,0,0,FALSE
1321,25,"F2",1000,1,0.1,"trait3",0,1,0,FALSE
1321,25,"F2",1000,1,0.1,"trait4",1,0,0,FALSE
1322,26,"F3",1000,1,0.1,"cont1",0,1,0,FALSE
1322,26,"F3",1000,1,0.1,"binary_trait",0,1,0,FALSE
1322,26,"F3",1000,1,0.1,"cat_trait=A",0,1,0,FALSE
1322,26,"F3",1000,1,0.1,"cat_trait=B",0,1,0,FALSE
1322,26,"F3",1000,1,0.1,"cat_trait=C",0,1,0,FALSE
1322,26,"F3",1000,1,0.1,"count_trait",0,1,0,FALSE
1323,27,"F1",100,0.2,0.3,"trait1",0,1,0,FALSE
1323,27,"F1",100,0.2,0.3,"trait2",0,0,1,TRUE
1323,27,"F1",100,0.2,0.3,"trait3",1,0,0,FALSE
1323,27,"F1",100,0.2,0.3,"trait4",1,0,0,FALSE
1324,28,"F2",100,0.2,0.3,"trait1",0,0,1,TRUE
1324,28,"F2",100,0.2,0.3,"trait2",1,0,0,FALSE
1324,28,"F2",100,0.2,0.3,"trait3",0,0,1,TRUE
1324,28,"F2",100,0.2,0.3,"trait4",1,0,0,FALSE
1325,29,"F3",100,0.2,0.3,"cont1",0,0,1,TRUE
1325,29,"F3",100,0.2,0.3,"binary_trait",0,0,1,TRUE
1325,29,"F3",100,0.2,0.3,"cat_trait=A",0,0,1,TRUE
1325,29,"F3",100,0.2,0.3,"cat_trait=B",0,0,1,TRUE
1325,29,"F3",100,0.2,0.3,"cat_trait=C",0,0,1,TRUE
1325,29,"F3",100,0.2,0.3,"count_trait",0,0,1,TRUE
1326,30,"F1",300,0.2,0.3,"trait1",0,1,0,FALSE
1326,30,"F1",300,0.2,0.3,"trait2",0,1,0,FALSE
1326,30,"F1",300,0.2,0.3,"trait3",0,1,0,FALSE
1326,30,"F1",300,0.2,0.3,"trait4",0,0,1,TRUE
1327,31,"F2",300,0.2,0.3,"trait1",0,1,0,FALSE
1327,31,"F2",300,0.2,0.3,"trait2",1,0,0,FALSE
1327,31,"F2",300,0.2,0.3,"trait3",0,0,1,TRUE
1327,31,"F2",300,0.2,0.3,"trait4",0,0,1,TRUE
1328,32,"F3",300,0.2,0.3,"cont1",0,1,0,FALSE
1328,32,"F3",300,0.2,0.3,"binary_trait",0,0,1,TRUE
1328,32,"F3",300,0.2,0.3,"cat_trait=A",0,0,1,TRUE
1328,32,"F3",300,0.2,0.3,"cat_trait=B",0,0,1,TRUE
1328,32,"F3",300,0.2,0.3,"cat_trait=C",0,0,1,TRUE
1328,32,"F3",300,0.2,0.3,"count_trait",1,0,0,FALSE
1329,33,"F1",1000,0.2,0.3,"trait1",1,0,0,FALSE
1329,33,"F1",1000,0.2,0.3,"trait2",1,0,0,FALSE
1329,33,"F1",1000,0.2,0.3,"trait3",0,1,0,FALSE
1329,33,"F1",1000,0.2,0.3,"trait4",0,0.923076923076923,0.0769230769230769,FALSE
1330,34,"F2",1000,0.2,0.3,"trait1",1,0,0,FALSE
1330,34,"F2",1000,0.2,0.3,"trait2",1,0,0,FALSE
1330,34,"F2",1000,0.2,0.3,"trait3",0,0,1,TRUE
1330,34,"F2",1000,0.2,0.3,"trait4",1,0,0,FALSE
1331,35,"F3",1000,0.2,0.3,"cont1",0,1,0,FALSE
1331,35,"F3",1000,0.2,0.3,"binary_trait",0,1,0,FALSE
1331,35,"F3",1000,0.2,0.3,"cat_trait=A",0,0,1,TRUE
1331,35,"F3",1000,0.2,0.3,"cat_trait=B",0,0,1,TRUE
1331,35,"F3",1000,0.2,0.3,"cat_trait=C",0,0,1,TRUE
1331,35,"F3",1000,0.2,0.3,"count_trait",0,1,0,FALSE
1332,36,"F1",100,0.5,0.3,"trait1",1,0,0,FALSE
1332,36,"F1",100,0.5,0.3,"trait2",0,1,0,FALSE
1332,36,"F1",100,0.5,0.3,"trait3",0.75,0,0.25,FALSE
1332,36,"F1",100,0.5,0.3,"trait4",0,0,1,TRUE
1333,37,"F2",100,0.5,0.3,"trait1",0,1,0,FALSE
1333,37,"F2",100,0.5,0.3,"trait2",0.75,0.25,0,FALSE
1333,37,"F2",100,0.5,0.3,"trait3",0,0,1,TRUE
1333,37,"F2",100,0.5,0.3,"trait4",0.263157894736842,0,0.736842105263158,FALSE
1334,38,"F3",100,0.5,0.3,"cont1",0,1,0,FALSE
1334,38,"F3",100,0.5,0.3,"binary_trait",0,0,1,TRUE
1334,38,"F3",100,0.5,0.3,"cat_trait=A",0,0,1,TRUE
1334,38,"F3",100,0.5,0.3,"cat_trait=B",0,0,1,TRUE
1334,38,"F3",100,0.5,0.3,"cat_trait=C",0,0,1,TRUE
1334,38,"F3",100,0.5,0.3,"count_trait",0,0,1,TRUE
1335,39,"F1",300,0.5,0.3,"trait1",0,1,0,FALSE
1335,39,"F1",300,0.5,0.3,"trait2",0,1,0,FALSE
1335,39,"F1",300,0.5,0.3,"trait3",0,1,0,FALSE
1335,39,"F1",300,0.5,0.3,"trait4",0,1,0,FALSE
1336,40,"F2",300,0.5,0.3,"trait1",0,1,0,FALSE
1336,40,"F2",300,0.5,0.3,"trait2",1,0,0,FALSE
1336,40,"F2",300,0.5,0.3,"trait3",0,1,0,FALSE
1336,40,"F2",300,0.5,0.3,"trait4",1,0,0,FALSE
1337,41,"F3",300,0.5,0.3,"cont1",0,1,0,FALSE
1337,41,"F3",300,0.5,0.3,"binary_trait",0,1,0,FALSE
1337,41,"F3",300,0.5,0.3,"cat_trait=A",0,0,1,TRUE
1337,41,"F3",300,0.5,0.3,"cat_trait=B",0,0,1,TRUE
1337,41,"F3",300,0.5,0.3,"cat_trait=C",0,0,1,TRUE
1337,41,"F3",300,0.5,0.3,"count_trait",0.166666666666667,0.388888888888889,0.444444444444444,FALSE
1338,42,"F1",1000,0.5,0.3,"trait1",0.8,0.2,0,FALSE
1338,42,"F1",1000,0.5,0.3,"trait2",1,0,0,FALSE
1338,42,"F1",1000,0.5,0.3,"trait3",0,1,0,FALSE
1338,42,"F1",1000,0.5,0.3,"trait4",0,1,0,FALSE
1339,43,"F2",1000,0.5,0.3,"trait1",0.65,0.35,0,FALSE
1339,43,"F2",1000,0.5,0.3,"trait2",1,0,0,FALSE
1339,43,"F2",1000,0.5,0.3,"trait3",0,1,0,FALSE
1339,43,"F2",1000,0.5,0.3,"trait4",0,1,0,FALSE
1340,44,"F3",1000,0.5,0.3,"cont1",0,1,0,FALSE
1340,44,"F3",1000,0.5,0.3,"binary_trait",0,1,0,FALSE
1340,44,"F3",1000,0.5,0.3,"cat_trait=A",0,1,0,FALSE
1340,44,"F3",1000,0.5,0.3,"cat_trait=B",0,1,0,FALSE
1340,44,"F3",1000,0.5,0.3,"cat_trait=C",0,1,0,FALSE
1340,44,"F3",1000,0.5,0.3,"count_trait",0,1,0,FALSE
1341,45,"F1",100,1,0.3,"trait1",0,0.9,0.1,FALSE
1341,45,"F1",100,1,0.3,"trait2",0,1,0,FALSE
1341,45,"F1",100,1,0.3,"trait3",0.941176470588235,0,0.0588235294117647,FALSE
1341,45,"F1",100,1,0.3,"trait4",0,1,0,FALSE
1342,46,"F2",100,1,0.3,"trait1",0,1,0,FALSE
1342,46,"F2",100,1,0.3,"trait2",0,1,0,FALSE
1342,46,"F2",100,1,0.3,"trait3",0,0.45,0.55,FALSE
1342,46,"F2",100,1,0.3,"trait4",0,1,0,FALSE
1343,47,"F3",100,1,0.3,"cont1",0,0,1,TRUE
1343,47,"F3",100,1,0.3,"binary_trait",0,1,0,FALSE
1343,47,"F3",100,1,0.3,"cat_trait=A",0,0,1,TRUE
1343,47,"F3",100,1,0.3,"cat_trait=B",0,0,1,TRUE
1343,47,"F3",100,1,0.3,"cat_trait=C",0,0,1,TRUE
1343,47,"F3",100,1,0.3,"count_trait",0,1,0,FALSE
1344,48,"F1",300,1,0.3,"trait1",0,1,0,FALSE
1344,48,"F1",300,1,0.3,"trait2",0,1,0,FALSE
1344,48,"F1",300,1,0.3,"trait3",0.75,0.25,0,FALSE
1344,48,"F1",300,1,0.3,"trait4",0,0.9,0.1,FALSE
1345,49,"F2",300,1,0.3,"trait1",0,1,0,FALSE
1345,49,"F2",300,1,0.3,"trait2",1,0,0,FALSE
1345,49,"F2",300,1,0.3,"trait3",0.0555555555555556,0.5,0.444444444444444,FALSE
1345,49,"F2",300,1,0.3,"trait4",0.777777777777778,0.111111111111111,0.111111111111111,FALSE
1346,50,"F3",300,1,0.3,"cont1",0.05,0.95,0,FALSE
1346,50,"F3",300,1,0.3,"binary_trait",0,1,0,FALSE
1346,50,"F3",300,1,0.3,"cat_trait=A",0,0,1,TRUE
1346,50,"F3",300,1,0.3,"cat_trait=B",0,0,1,TRUE
1346,50,"F3",300,1,0.3,"cat_trait=C",0,0,1,TRUE
1346,50,"F3",300,1,0.3,"count_trait",0,1,0,FALSE
1347,51,"F1",1000,1,0.3,"trait1",0,1,0,FALSE
1347,51,"F1",1000,1,0.3,"trait2",0,1,0,FALSE
1347,51,"F1",1000,1,0.3,"trait3",0.45,0.55,0,FALSE
1347,51,"F1",1000,1,0.3,"trait4",0,1,0,FALSE
1348,52,"F2",1000,1,0.3,"trait1",0.15,0.85,0,FALSE
1348,52,"F2",1000,1,0.3,"trait2",0,1,0,FALSE
1348,52,"F2",1000,1,0.3,"trait3",0.526315789473684,0.473684210526316,0,FALSE
1348,52,"F2",1000,1,0.3,"trait4",1,0,0,FALSE
1349,53,"F3",1000,1,0.3,"cont1",0,1,0,FALSE
1349,53,"F3",1000,1,0.3,"binary_trait",0,1,0,FALSE
1349,53,"F3",1000,1,0.3,"cat_trait=A",0,1,0,FALSE
1349,53,"F3",1000,1,0.3,"cat_trait=B",0,1,0,FALSE
1349,53,"F3",1000,1,0.3,"cat_trait=C",0,1,0,FALSE
1349,53,"F3",1000,1,0.3,"count_trait",0,0.85,0.15,FALSE
1350,54,"F1",100,0.2,0.5,"trait1",0,0,1,TRUE
1350,54,"F1",100,0.2,0.5,"trait2",0,0,1,TRUE
1350,54,"F1",100,0.2,0.5,"trait3",0,0,1,TRUE
1350,54,"F1",100,0.2,0.5,"trait4",0.5,0.5,0,FALSE
1351,55,"F2",100,0.2,0.5,"trait1",0,0,1,TRUE
1351,55,"F2",100,0.2,0.5,"trait2",0,0,1,TRUE
1351,55,"F2",100,0.2,0.5,"trait3",0,0,1,TRUE
1351,55,"F2",100,0.2,0.5,"trait4",0,0,1,TRUE
1352,56,"F3",100,0.2,0.5,"cont1",0,0,1,TRUE
1352,56,"F3",100,0.2,0.5,"binary_trait",0,0,1,TRUE
1352,56,"F3",100,0.2,0.5,"cat_trait=A",0,0,1,TRUE
1352,56,"F3",100,0.2,0.5,"cat_trait=B",0,0,1,TRUE
1352,56,"F3",100,0.2,0.5,"cat_trait=C",0,0,1,TRUE
1352,56,"F3",100,0.2,0.5,"count_trait",0,1,0,FALSE
1353,57,"F1",300,0.2,0.5,"trait1",1,0,0,FALSE
1353,57,"F1",300,0.2,0.5,"trait2",0,0,1,TRUE
1353,57,"F1",300,0.2,0.5,"trait3",0,0,1,TRUE
1353,57,"F1",300,0.2,0.5,"trait4",0,1,0,FALSE
1354,58,"F2",300,0.2,0.5,"trait1",0,0,1,TRUE
1354,58,"F2",300,0.2,0.5,"trait2",0.666666666666667,0,0.333333333333333,FALSE
1354,58,"F2",300,0.2,0.5,"trait3",0,0,1,TRUE
1354,58,"F2",300,0.2,0.5,"trait4",0,0,1,TRUE
1355,59,"F3",300,0.2,0.5,"cont1",0,0,1,TRUE
1355,59,"F3",300,0.2,0.5,"binary_trait",0,0.4375,0.5625,FALSE
1355,59,"F3",300,0.2,0.5,"cat_trait=A",0,1,0,FALSE
1355,59,"F3",300,0.2,0.5,"cat_trait=B",0,1,0,FALSE
1355,59,"F3",300,0.2,0.5,"cat_trait=C",0,1,0,FALSE
1355,59,"F3",300,0.2,0.5,"count_trait",1,0,0,FALSE
1356,60,"F1",1000,0.2,0.5,"trait1",0,0.666666666666667,0.333333333333333,FALSE
1356,60,"F1",1000,0.2,0.5,"trait2",0,0,1,TRUE
1356,60,"F1",1000,0.2,0.5,"trait3",0,1,0,FALSE
1356,60,"F1",1000,0.2,0.5,"trait4",0,0,1,TRUE
1357,61,"F2",1000,0.2,0.5,"trait1",0,1,0,FALSE
1357,61,"F2",1000,0.2,0.5,"trait2",1,0,0,FALSE
1357,61,"F2",1000,0.2,0.5,"trait3",0,0,1,TRUE
1357,61,"F2",1000,0.2,0.5,"trait4",0,1,0,FALSE
1358,62,"F3",1000,0.2,0.5,"cont1",0,1,0,FALSE
1358,62,"F3",1000,0.2,0.5,"binary_trait",0,1,0,FALSE
1358,62,"F3",1000,0.2,0.5,"cat_trait=A",0,1,0,FALSE
1358,62,"F3",1000,0.2,0.5,"cat_trait=B",0,1,0,FALSE
1358,62,"F3",1000,0.2,0.5,"cat_trait=C",0,1,0,FALSE
1358,62,"F3",1000,0.2,0.5,"count_trait",0,1,0,FALSE
1359,63,"F1",100,0.5,0.5,"trait1",0,1,0,FALSE
1359,63,"F1",100,0.5,0.5,"trait2",0.789473684210526,0,0.210526315789474,FALSE
1359,63,"F1",100,0.5,0.5,"trait3",1,0,0,FALSE
1359,63,"F1",100,0.5,0.5,"trait4",0,0,1,TRUE
1360,64,"F2",100,0.5,0.5,"trait1",0,1,0,FALSE
1360,64,"F2",100,0.5,0.5,"trait2",0,0,1,TRUE
1360,64,"F2",100,0.5,0.5,"trait3",0,0,1,TRUE
1360,64,"F2",100,0.5,0.5,"trait4",1,0,0,FALSE
1361,65,"F3",100,0.5,0.5,"cont1",0,0,1,TRUE
1361,65,"F3",100,0.5,0.5,"binary_trait",0,1,0,FALSE
1361,65,"F3",100,0.5,0.5,"cat_trait=A",0,0,1,TRUE
1361,65,"F3",100,0.5,0.5,"cat_trait=B",0,0,1,TRUE
1361,65,"F3",100,0.5,0.5,"cat_trait=C",0,0,1,TRUE
1361,65,"F3",100,0.5,0.5,"count_trait",0,0,1,TRUE
1362,66,"F1",300,0.5,0.5,"trait1",0.368421052631579,0.368421052631579,0.263157894736842,FALSE
1362,66,"F1",300,0.5,0.5,"trait2",1,0,0,FALSE
1362,66,"F1",300,0.5,0.5,"trait3",0,0.6,0.4,FALSE
1362,66,"F1",300,0.5,0.5,"trait4",0,0.55,0.45,FALSE
1363,67,"F2",300,0.5,0.5,"trait1",0,1,0,FALSE
1363,67,"F2",300,0.5,0.5,"trait2",0,1,0,FALSE
1363,67,"F2",300,0.5,0.5,"trait3",0,1,0,FALSE
1363,67,"F2",300,0.5,0.5,"trait4",0,0,1,TRUE
1364,68,"F3",300,0.5,0.5,"cont1",1,0,0,FALSE
1364,68,"F3",300,0.5,0.5,"binary_trait",0,0,1,TRUE
1364,68,"F3",300,0.5,0.5,"cat_trait=A",0,0,1,TRUE
1364,68,"F3",300,0.5,0.5,"cat_trait=B",0,0,1,TRUE
1364,68,"F3",300,0.5,0.5,"cat_trait=C",0,0,1,TRUE
1364,68,"F3",300,0.5,0.5,"count_trait",0,1,0,FALSE
1365,69,"F1",1000,0.5,0.5,"trait1",0,1,0,FALSE
1365,69,"F1",1000,0.5,0.5,"trait2",0.6,0.4,0,FALSE
1365,69,"F1",1000,0.5,0.5,"trait3",0,1,0,FALSE
1365,69,"F1",1000,0.5,0.5,"trait4",0.133333333333333,0.6,0.266666666666667,FALSE
1366,70,"F2",1000,0.5,0.5,"trait1",0,1,0,FALSE
1366,70,"F2",1000,0.5,0.5,"trait2",0,1,0,FALSE
1366,70,"F2",1000,0.5,0.5,"trait3",0,1,0,FALSE
1366,70,"F2",1000,0.5,0.5,"trait4",0.5,0.375,0.125,FALSE
1367,71,"F3",1000,0.5,0.5,"cont1",0,1,0,FALSE
1367,71,"F3",1000,0.5,0.5,"binary_trait",0,0,1,TRUE
1367,71,"F3",1000,0.5,0.5,"cat_trait=A",0,0.5,0.5,FALSE
1367,71,"F3",1000,0.5,0.5,"cat_trait=B",0,0.5,0.5,FALSE
1367,71,"F3",1000,0.5,0.5,"cat_trait=C",0,0.5,0.5,FALSE
1367,71,"F3",1000,0.5,0.5,"count_trait",0,1,0,FALSE
1368,72,"F1",100,1,0.5,"trait1",0,1,0,FALSE
1368,72,"F1",100,1,0.5,"trait2",1,0,0,FALSE
1368,72,"F1",100,1,0.5,"trait3",0,0.9,0.1,FALSE
1368,72,"F1",100,1,0.5,"trait4",0.6,0.35,0.05,FALSE
1369,73,"F2",100,1,0.5,"trait1",0.1,0,0.9,FALSE
1369,73,"F2",100,1,0.5,"trait2",0,0,1,TRUE
1369,73,"F2",100,1,0.5,"trait3",0,0.25,0.75,FALSE
1369,73,"F2",100,1,0.5,"trait4",1,0,0,FALSE
1370,74,"F3",100,1,0.5,"cont1",1,0,0,FALSE
1370,74,"F3",100,1,0.5,"binary_trait",0,0,1,TRUE
1370,74,"F3",100,1,0.5,"cat_trait=A",0,0,1,TRUE
1370,74,"F3",100,1,0.5,"cat_trait=B",0,0,1,TRUE
1370,74,"F3",100,1,0.5,"cat_trait=C",0,0,1,TRUE
1370,74,"F3",100,1,0.5,"count_trait",0,0.75,0.25,FALSE
1371,75,"F1",300,1,0.5,"trait1",0,1,0,FALSE
1371,75,"F1",300,1,0.5,"trait2",0,1,0,FALSE
1371,75,"F1",300,1,0.5,"trait3",0,1,0,FALSE
1371,75,"F1",300,1,0.5,"trait4",0,1,0,FALSE
1372,76,"F2",300,1,0.5,"trait1",0,1,0,FALSE
1372,76,"F2",300,1,0.5,"trait2",0,1,0,FALSE
1372,76,"F2",300,1,0.5,"trait3",0,1,0,FALSE
1372,76,"F2",300,1,0.5,"trait4",0,1,0,FALSE
1373,77,"F3",300,1,0.5,"cont1",1,0,0,FALSE
1373,77,"F3",300,1,0.5,"binary_trait",0,1,0,FALSE
1373,77,"F3",300,1,0.5,"cat_trait=A",0,0,1,TRUE
1373,77,"F3",300,1,0.5,"cat_trait=B",0,0,1,TRUE
1373,77,"F3",300,1,0.5,"cat_trait=C",0,0,1,TRUE
1373,77,"F3",300,1,0.5,"count_trait",0,0,1,TRUE
1374,78,"F1",1000,1,0.5,"trait1",0.75,0.25,0,FALSE
1374,78,"F1",1000,1,0.5,"trait2",0,1,0,FALSE
1374,78,"F1",1000,1,0.5,"trait3",0,1,0,FALSE
1374,78,"F1",1000,1,0.5,"trait4",0,1,0,FALSE
1375,79,"F2",1000,1,0.5,"trait1",0,1,0,FALSE
1375,79,"F2",1000,1,0.5,"trait2",0,1,0,FALSE
1375,79,"F2",1000,1,0.5,"trait3",0,1,0,FALSE
1375,79,"F2",1000,1,0.5,"trait4",0,1,0,FALSE
1376,80,"F3",1000,1,0.5,"cont1",0.421052631578947,0.578947368421053,0,FALSE
1376,80,"F3",1000,1,0.5,"binary_trait",0,1,0,FALSE
1376,80,"F3",1000,1,0.5,"cat_trait=A",0,1,0,FALSE
1376,80,"F3",1000,1,0.5,"cat_trait=B",0,1,0,FALSE
1376,80,"F3",1000,1,0.5,"cat_trait=C",0,1,0,FALSE
1376,80,"F3",1000,1,0.5,"count_trait",0,0.95,0.05,FALSE
1377,0,"F1",100,0.2,0.1,"trait1",0,0,1,TRUE
1377,0,"F1",100,0.2,0.1,"trait2",0,1,0,FALSE
1377,0,"F1",100,0.2,0.1,"trait3",0,0,1,TRUE
1377,0,"F1",100,0.2,0.1,"trait4",0,1,0,FALSE
1378,1,"F2",100,0.2,0.1,"trait1",1,0,0,FALSE
1378,1,"F2",100,0.2,0.1,"trait2",0,0,1,TRUE
1378,1,"F2",100,0.2,0.1,"trait3",0,0,1,TRUE
1378,1,"F2",100,0.2,0.1,"trait4",0,0,1,TRUE
1379,2,"F3",100,0.2,0.1,"cont1",0,0,1,TRUE
1379,2,"F3",100,0.2,0.1,"binary_trait",0,1,0,FALSE
1379,2,"F3",100,0.2,0.1,"cat_trait=A",0,0,1,TRUE
1379,2,"F3",100,0.2,0.1,"cat_trait=B",0,0,1,TRUE
1379,2,"F3",100,0.2,0.1,"cat_trait=C",0,0,1,TRUE
1379,2,"F3",100,0.2,0.1,"count_trait",0,0,1,TRUE
1380,3,"F1",300,0.2,0.1,"trait1",0.55,0.45,0,FALSE
1380,3,"F1",300,0.2,0.1,"trait2",1,0,0,FALSE
1380,3,"F1",300,0.2,0.1,"trait3",0,1,0,FALSE
1380,3,"F1",300,0.2,0.1,"trait4",0,1,0,FALSE
1381,4,"F2",300,0.2,0.1,"trait1",0,0,1,TRUE
1381,4,"F2",300,0.2,0.1,"trait2",0,0,1,TRUE
1381,4,"F2",300,0.2,0.1,"trait3",0,0,1,TRUE
1381,4,"F2",300,0.2,0.1,"trait4",0,0,1,TRUE
1382,5,"F3",300,0.2,0.1,"cont1",0,1,0,FALSE
1382,5,"F3",300,0.2,0.1,"binary_trait",0,1,0,FALSE
1382,5,"F3",300,0.2,0.1,"cat_trait=A",0,0,1,TRUE
1382,5,"F3",300,0.2,0.1,"cat_trait=B",0,0,1,TRUE
1382,5,"F3",300,0.2,0.1,"cat_trait=C",0,0,1,TRUE
1382,5,"F3",300,0.2,0.1,"count_trait",0.55,0.45,0,FALSE
1383,6,"F1",1000,0.2,0.1,"trait1",0,0.9,0.1,FALSE
1383,6,"F1",1000,0.2,0.1,"trait2",1,0,0,FALSE
1383,6,"F1",1000,0.2,0.1,"trait3",0,1,0,FALSE
1383,6,"F1",1000,0.2,0.1,"trait4",0,1,0,FALSE
1384,7,"F2",1000,0.2,0.1,"trait1",1,0,0,FALSE
1384,7,"F2",1000,0.2,0.1,"trait2",1,0,0,FALSE
1384,7,"F2",1000,0.2,0.1,"trait3",0.35,0.65,0,FALSE
1384,7,"F2",1000,0.2,0.1,"trait4",1,0,0,FALSE
1385,8,"F3",1000,0.2,0.1,"cont1",0,1,0,FALSE
1385,8,"F3",1000,0.2,0.1,"binary_trait",0,0,1,TRUE
1385,8,"F3",1000,0.2,0.1,"cat_trait=A",0,1,0,FALSE
1385,8,"F3",1000,0.2,0.1,"cat_trait=B",0,1,0,FALSE
1385,8,"F3",1000,0.2,0.1,"cat_trait=C",0,1,0,FALSE
1385,8,"F3",1000,0.2,0.1,"count_trait",0,1,0,FALSE
1386,9,"F1",100,0.5,0.1,"trait1",1,0,0,FALSE
1386,9,"F1",100,0.5,0.1,"trait2",0,0,1,TRUE
1386,9,"F1",100,0.5,0.1,"trait3",0.2,0.8,0,FALSE
1386,9,"F1",100,0.5,0.1,"trait4",0,1,0,FALSE
1387,10,"F2",100,0.5,0.1,"trait1",1,0,0,FALSE
1387,10,"F2",100,0.5,0.1,"trait2",1,0,0,FALSE
1387,10,"F2",100,0.5,0.1,"trait3",0,0.75,0.25,FALSE
1387,10,"F2",100,0.5,0.1,"trait4",1,0,0,FALSE
1388,11,"F3",100,0.5,0.1,"cont1",0,0,1,TRUE
1388,11,"F3",100,0.5,0.1,"binary_trait",0.3,0,0.7,FALSE
1388,11,"F3",100,0.5,0.1,"cat_trait=A",0,0,1,TRUE
1388,11,"F3",100,0.5,0.1,"cat_trait=B",0,0,1,TRUE
1388,11,"F3",100,0.5,0.1,"cat_trait=C",0,0,1,TRUE
1388,11,"F3",100,0.5,0.1,"count_trait",1,0,0,FALSE
1389,12,"F1",300,0.5,0.1,"trait1",0,1,0,FALSE
1389,12,"F1",300,0.5,0.1,"trait2",1,0,0,FALSE
1389,12,"F1",300,0.5,0.1,"trait3",0.75,0.25,0,FALSE
1389,12,"F1",300,0.5,0.1,"trait4",0,1,0,FALSE
1390,13,"F2",300,0.5,0.1,"trait1",0,1,0,FALSE
1390,13,"F2",300,0.5,0.1,"trait2",0,1,0,FALSE
1390,13,"F2",300,0.5,0.1,"trait3",0,1,0,FALSE
1390,13,"F2",300,0.5,0.1,"trait4",1,0,0,FALSE
1391,14,"F3",300,0.5,0.1,"cont1",0,1,0,FALSE
1391,14,"F3",300,0.5,0.1,"binary_trait",0.05,0,0.95,FALSE
1391,14,"F3",300,0.5,0.1,"cat_trait=A",0,0,1,TRUE
1391,14,"F3",300,0.5,0.1,"cat_trait=B",0,0,1,TRUE
1391,14,"F3",300,0.5,0.1,"cat_trait=C",0,0,1,TRUE
1391,14,"F3",300,0.5,0.1,"count_trait",1,0,0,FALSE
1392,15,"F1",1000,0.5,0.1,"trait1",0,1,0,FALSE
1392,15,"F1",1000,0.5,0.1,"trait2",0,1,0,FALSE
1392,15,"F1",1000,0.5,0.1,"trait3",0,1,0,FALSE
1392,15,"F1",1000,0.5,0.1,"trait4",0.8,0.2,0,FALSE
1393,16,"F2",1000,0.5,0.1,"trait1",0,1,0,FALSE
1393,16,"F2",1000,0.5,0.1,"trait2",1,0,0,FALSE
1393,16,"F2",1000,0.5,0.1,"trait3",0.533333333333333,0.0666666666666667,0.4,FALSE
1393,16,"F2",1000,0.5,0.1,"trait4",1,0,0,FALSE
1394,17,"F3",1000,0.5,0.1,"cont1",0,1,0,FALSE
1394,17,"F3",1000,0.5,0.1,"binary_trait",0,1,0,FALSE
1394,17,"F3",1000,0.5,0.1,"cat_trait=A",0,1,0,FALSE
1394,17,"F3",1000,0.5,0.1,"cat_trait=B",0,1,0,FALSE
1394,17,"F3",1000,0.5,0.1,"cat_trait=C",0,1,0,FALSE
1394,17,"F3",1000,0.5,0.1,"count_trait",0,1,0,FALSE
1395,18,"F1",100,1,0.1,"trait1",1,0,0,FALSE
1395,18,"F1",100,1,0.1,"trait2",0,1,0,FALSE
1395,18,"F1",100,1,0.1,"trait3",0.944444444444444,0,0.0555555555555556,FALSE
1395,18,"F1",100,1,0.1,"trait4",0,1,0,FALSE
1396,19,"F2",100,1,0.1,"trait1",1,0,0,FALSE
1396,19,"F2",100,1,0.1,"trait2",1,0,0,FALSE
1396,19,"F2",100,1,0.1,"trait3",0,0,1,TRUE
1396,19,"F2",100,1,0.1,"trait4",0,1,0,FALSE
1397,20,"F3",100,1,0.1,"cont1",0,1,0,FALSE
1397,20,"F3",100,1,0.1,"binary_trait",0,0.0526315789473684,0.947368421052632,FALSE
1397,20,"F3",100,1,0.1,"cat_trait=A",0,1,0,FALSE
1397,20,"F3",100,1,0.1,"cat_trait=B",0,1,0,FALSE
1397,20,"F3",100,1,0.1,"cat_trait=C",0,1,0,FALSE
1397,20,"F3",100,1,0.1,"count_trait",0,1,0,FALSE
1398,21,"F1",300,1,0.1,"trait1",0,1,0,FALSE
1398,21,"F1",300,1,0.1,"trait2",0,0.85,0.15,FALSE
1398,21,"F1",300,1,0.1,"trait3",0.944444444444444,0,0.0555555555555556,FALSE
1398,21,"F1",300,1,0.1,"trait4",0.3,0.7,0,FALSE
1399,22,"F2",300,1,0.1,"trait1",0,1,0,FALSE
1399,22,"F2",300,1,0.1,"trait2",0.888888888888889,0,0.111111111111111,FALSE
1399,22,"F2",300,1,0.1,"trait3",0,0.55,0.45,FALSE
1399,22,"F2",300,1,0.1,"trait4",0.75,0,0.25,FALSE
1400,23,"F3",300,1,0.1,"cont1",0,1,0,FALSE
1400,23,"F3",300,1,0.1,"binary_trait",0,1,0,FALSE
1400,23,"F3",300,1,0.1,"cat_trait=A",0,0,1,TRUE
1400,23,"F3",300,1,0.1,"cat_trait=B",0,0,1,TRUE
1400,23,"F3",300,1,0.1,"cat_trait=C",0,0,1,TRUE
1400,23,"F3",300,1,0.1,"count_trait",0.35,0.65,0,FALSE
1401,24,"F1",1000,1,0.1,"trait1",0,1,0,FALSE
1401,24,"F1",1000,1,0.1,"trait2",0,1,0,FALSE
1401,24,"F1",1000,1,0.1,"trait3",0,1,0,FALSE
1401,24,"F1",1000,1,0.1,"trait4",0,1,0,FALSE
1402,25,"F2",1000,1,0.1,"trait1",0.5,0.5,0,FALSE
1402,25,"F2",1000,1,0.1,"trait2",1,0,0,FALSE
1402,25,"F2",1000,1,0.1,"trait3",0,0.65,0.35,FALSE
1402,25,"F2",1000,1,0.1,"trait4",0.95,0,0.05,FALSE
1403,26,"F3",1000,1,0.1,"cont1",0,1,0,FALSE
1403,26,"F3",1000,1,0.1,"binary_trait",0,1,0,FALSE
1403,26,"F3",1000,1,0.1,"cat_trait=A",0,1,0,FALSE
1403,26,"F3",1000,1,0.1,"cat_trait=B",0,1,0,FALSE
1403,26,"F3",1000,1,0.1,"cat_trait=C",0,1,0,FALSE
1403,26,"F3",1000,1,0.1,"count_trait",0.3,0.7,0,FALSE
1404,27,"F1",100,0.2,0.3,"trait1",0,0,1,TRUE
1404,27,"F1",100,0.2,0.3,"trait2",0,0,1,TRUE
1404,27,"F1",100,0.2,0.3,"trait3",0,0,1,TRUE
1404,27,"F1",100,0.2,0.3,"trait4",0,0,1,TRUE
1405,28,"F2",100,0.2,0.3,"trait1",0,0,1,TRUE
1405,28,"F2",100,0.2,0.3,"trait2",0,0,1,TRUE
1405,28,"F2",100,0.2,0.3,"trait3",1,0,0,FALSE
1405,28,"F2",100,0.2,0.3,"trait4",0,0,1,TRUE
1406,29,"F3",100,0.2,0.3,"cont1",0,1,0,FALSE
1406,29,"F3",100,0.2,0.3,"binary_trait",0,0,1,TRUE
1406,29,"F3",100,0.2,0.3,"cat_trait=A",0,0,1,TRUE
1406,29,"F3",100,0.2,0.3,"cat_trait=B",0,0,1,TRUE
1406,29,"F3",100,0.2,0.3,"cat_trait=C",0,0,1,TRUE
1406,29,"F3",100,0.2,0.3,"count_trait",0,0,1,TRUE
1407,30,"F1",300,0.2,0.3,"trait1",1,0,0,FALSE
1407,30,"F1",300,0.2,0.3,"trait2",0,0.9,0.1,FALSE
1407,30,"F1",300,0.2,0.3,"trait3",0.8,0,0.2,FALSE
1407,30,"F1",300,0.2,0.3,"trait4",0,0.4,0.6,FALSE
1408,31,"F2",300,0.2,0.3,"trait1",1,0,0,FALSE
1408,31,"F2",300,0.2,0.3,"trait2",0,1,0,FALSE
1408,31,"F2",300,0.2,0.3,"trait3",1,0,0,FALSE
1408,31,"F2",300,0.2,0.3,"trait4",0,0,1,TRUE
1409,32,"F3",300,0.2,0.3,"cont1",0,1,0,FALSE
1409,32,"F3",300,0.2,0.3,"binary_trait",0,0,1,TRUE
1409,32,"F3",300,0.2,0.3,"cat_trait=A",0,0,1,TRUE
1409,32,"F3",300,0.2,0.3,"cat_trait=B",0,0,1,TRUE
1409,32,"F3",300,0.2,0.3,"cat_trait=C",0,0,1,TRUE
1409,32,"F3",300,0.2,0.3,"count_trait",0,1,0,FALSE
1410,33,"F1",1000,0.2,0.3,"trait1",1,0,0,FALSE
1410,33,"F1",1000,0.2,0.3,"trait2",0,1,0,FALSE
1410,33,"F1",1000,0.2,0.3,"trait3",0,1,0,FALSE
1410,33,"F1",1000,0.2,0.3,"trait4",0,1,0,FALSE
1411,34,"F2",1000,0.2,0.3,"trait1",1,0,0,FALSE
1411,34,"F2",1000,0.2,0.3,"trait2",1,0,0,FALSE
1411,34,"F2",1000,0.2,0.3,"trait3",0,0,1,TRUE
1411,34,"F2",1000,0.2,0.3,"trait4",1,0,0,FALSE
1412,35,"F3",1000,0.2,0.3,"cont1",0,1,0,FALSE
1412,35,"F3",1000,0.2,0.3,"binary_trait",0,1,0,FALSE
1412,35,"F3",1000,0.2,0.3,"cat_trait=A",0,0,1,TRUE
1412,35,"F3",1000,0.2,0.3,"cat_trait=B",0,0,1,TRUE
1412,35,"F3",1000,0.2,0.3,"cat_trait=C",0,0,1,TRUE
1412,35,"F3",1000,0.2,0.3,"count_trait",0,1,0,FALSE
1413,36,"F1",100,0.5,0.3,"trait1",0,0,1,TRUE
1413,36,"F1",100,0.5,0.3,"trait2",0,0,1,TRUE
1413,36,"F1",100,0.5,0.3,"trait3",1,0,0,FALSE
1413,36,"F1",100,0.5,0.3,"trait4",1,0,0,FALSE
1414,37,"F2",100,0.5,0.3,"trait1",0,1,0,FALSE
1414,37,"F2",100,0.5,0.3,"trait2",1,0,0,FALSE
1414,37,"F2",100,0.5,0.3,"trait3",1,0,0,FALSE
1414,37,"F2",100,0.5,0.3,"trait4",1,0,0,FALSE
1415,38,"F3",100,0.5,0.3,"cont1",0,1,0,FALSE
1415,38,"F3",100,0.5,0.3,"binary_trait",0,1,0,FALSE
1415,38,"F3",100,0.5,0.3,"cat_trait=A",0,0,1,TRUE
1415,38,"F3",100,0.5,0.3,"cat_trait=B",0,0,1,TRUE
1415,38,"F3",100,0.5,0.3,"cat_trait=C",0,0,1,TRUE
1415,38,"F3",100,0.5,0.3,"count_trait",0,0,1,TRUE
1416,39,"F1",300,0.5,0.3,"trait1",0.6,0.4,0,FALSE
1416,39,"F1",300,0.5,0.3,"trait2",0,1,0,FALSE
1416,39,"F1",300,0.5,0.3,"trait3",0,1,0,FALSE
1416,39,"F1",300,0.5,0.3,"trait4",0,1,0,FALSE
1417,40,"F2",300,0.5,0.3,"trait1",0.894736842105263,0,0.105263157894737,FALSE
1417,40,"F2",300,0.5,0.3,"trait2",1,0,0,FALSE
1417,40,"F2",300,0.5,0.3,"trait3",0,0,1,TRUE
1417,40,"F2",300,0.5,0.3,"trait4",1,0,0,FALSE
1418,41,"F3",300,0.5,0.3,"cont1",0,0,1,TRUE
1418,41,"F3",300,0.5,0.3,"binary_trait",0,0.611111111111111,0.388888888888889,FALSE
1418,41,"F3",300,0.5,0.3,"cat_trait=A",0,0,1,TRUE
1418,41,"F3",300,0.5,0.3,"cat_trait=B",0,0,1,TRUE
1418,41,"F3",300,0.5,0.3,"cat_trait=C",0,0,1,TRUE
1418,41,"F3",300,0.5,0.3,"count_trait",0,1,0,FALSE
1419,42,"F1",1000,0.5,0.3,"trait1",0,1,0,FALSE
1419,42,"F1",1000,0.5,0.3,"trait2",1,0,0,FALSE
1419,42,"F1",1000,0.5,0.3,"trait3",0,1,0,FALSE
1419,42,"F1",1000,0.5,0.3,"trait4",0,1,0,FALSE
1420,43,"F2",1000,0.5,0.3,"trait1",0,1,0,FALSE
1420,43,"F2",1000,0.5,0.3,"trait2",0,1,0,FALSE
1420,43,"F2",1000,0.5,0.3,"trait3",0,1,0,FALSE
1420,43,"F2",1000,0.5,0.3,"trait4",0.15,0.85,0,FALSE
1421,44,"F3",1000,0.5,0.3,"cont1",1,0,0,FALSE
1421,44,"F3",1000,0.5,0.3,"binary_trait",0,1,0,FALSE
1421,44,"F3",1000,0.5,0.3,"cat_trait=A",0,1,0,FALSE
1421,44,"F3",1000,0.5,0.3,"cat_trait=B",0,1,0,FALSE
1421,44,"F3",1000,0.5,0.3,"cat_trait=C",0,1,0,FALSE
1421,44,"F3",1000,0.5,0.3,"count_trait",0,1,0,FALSE
1422,45,"F1",100,1,0.3,"trait1",0,1,0,FALSE
1422,45,"F1",100,1,0.3,"trait2",0,1,0,FALSE
1422,45,"F1",100,1,0.3,"trait3",0,1,0,FALSE
1422,45,"F1",100,1,0.3,"trait4",0,1,0,FALSE
1423,46,"F2",100,1,0.3,"trait1",0.9,0,0.1,FALSE
1423,46,"F2",100,1,0.3,"trait2",1,0,0,FALSE
1423,46,"F2",100,1,0.3,"trait3",0,1,0,FALSE
1423,46,"F2",100,1,0.3,"trait4",1,0,0,FALSE
1424,47,"F3",100,1,0.3,"cont1",1,0,0,FALSE
1424,47,"F3",100,1,0.3,"binary_trait",0,1,0,FALSE
1424,47,"F3",100,1,0.3,"cat_trait=A",0,1,0,FALSE
1424,47,"F3",100,1,0.3,"cat_trait=B",0,1,0,FALSE
1424,47,"F3",100,1,0.3,"cat_trait=C",0,1,0,FALSE
1424,47,"F3",100,1,0.3,"count_trait",0,1,0,FALSE
1425,48,"F1",300,1,0.3,"trait1",0.7,0.25,0.05,FALSE
1425,48,"F1",300,1,0.3,"trait2",0,1,0,FALSE
1425,48,"F1",300,1,0.3,"trait3",0,1,0,FALSE
1425,48,"F1",300,1,0.3,"trait4",0,1,0,FALSE
1426,49,"F2",300,1,0.3,"trait1",0,0.85,0.15,FALSE
1426,49,"F2",300,1,0.3,"trait2",0,1,0,FALSE
1426,49,"F2",300,1,0.3,"trait3",0,0,1,TRUE
1426,49,"F2",300,1,0.3,"trait4",1,0,0,FALSE
1427,50,"F3",300,1,0.3,"cont1",0,1,0,FALSE
1427,50,"F3",300,1,0.3,"binary_trait",0,0.3,0.7,FALSE
1427,50,"F3",300,1,0.3,"cat_trait=A",0,1,0,FALSE
1427,50,"F3",300,1,0.3,"cat_trait=B",0,1,0,FALSE
1427,50,"F3",300,1,0.3,"cat_trait=C",0,1,0,FALSE
1427,50,"F3",300,1,0.3,"count_trait",0,1,0,FALSE
1428,51,"F1",1000,1,0.3,"trait1",0.9,0.1,0,FALSE
1428,51,"F1",1000,1,0.3,"trait2",0,1,0,FALSE
1428,51,"F1",1000,1,0.3,"trait3",0,1,0,FALSE
1428,51,"F1",1000,1,0.3,"trait4",0.35,0.65,0,FALSE
1429,52,"F2",1000,1,0.3,"trait1",0,1,0,FALSE
1429,52,"F2",1000,1,0.3,"trait2",1,0,0,FALSE
1429,52,"F2",1000,1,0.3,"trait3",0.263157894736842,0.578947368421053,0.157894736842105,FALSE
1429,52,"F2",1000,1,0.3,"trait4",0.7,0.3,0,FALSE
1430,53,"F3",1000,1,0.3,"cont1",0,1,0,FALSE
1430,53,"F3",1000,1,0.3,"binary_trait",0,1,0,FALSE
1430,53,"F3",1000,1,0.3,"cat_trait=A",0,0.4,0.6,FALSE
1430,53,"F3",1000,1,0.3,"cat_trait=B",0,0.4,0.6,FALSE
1430,53,"F3",1000,1,0.3,"cat_trait=C",0,0.4,0.6,FALSE
1430,53,"F3",1000,1,0.3,"count_trait",0,1,0,FALSE
1431,54,"F1",100,0.2,0.5,"trait1",0,0,1,TRUE
1431,54,"F1",100,0.2,0.5,"trait2",0.15,0.85,0,FALSE
1431,54,"F1",100,0.2,0.5,"trait3",0,1,0,FALSE
1431,54,"F1",100,0.2,0.5,"trait4",0,1,0,FALSE
1432,55,"F2",100,0.2,0.5,"trait1",0,0,1,TRUE
1432,55,"F2",100,0.2,0.5,"trait2",1,0,0,FALSE
1432,55,"F2",100,0.2,0.5,"trait3",0,1,0,FALSE
1432,55,"F2",100,0.2,0.5,"trait4",0.7,0,0.3,FALSE
1433,56,"F3",100,0.2,0.5,"cont1",0,0,1,TRUE
1433,56,"F3",100,0.2,0.5,"binary_trait",0,1,0,FALSE
1433,56,"F3",100,0.2,0.5,"cat_trait=A",0,0,1,TRUE
1433,56,"F3",100,0.2,0.5,"cat_trait=B",0,0,1,TRUE
1433,56,"F3",100,0.2,0.5,"cat_trait=C",0,0,1,TRUE
1433,56,"F3",100,0.2,0.5,"count_trait",0,0,1,TRUE
1434,57,"F1",300,0.2,0.5,"trait1",0,0,1,TRUE
1434,57,"F1",300,0.2,0.5,"trait2",0,1,0,FALSE
1434,57,"F1",300,0.2,0.5,"trait3",0,0,1,TRUE
1434,57,"F1",300,0.2,0.5,"trait4",0,1,0,FALSE
1435,58,"F2",300,0.2,0.5,"trait1",0,1,0,FALSE
1435,58,"F2",300,0.2,0.5,"trait2",0,1,0,FALSE
1435,58,"F2",300,0.2,0.5,"trait3",0,1,0,FALSE
1435,58,"F2",300,0.2,0.5,"trait4",1,0,0,FALSE
1436,59,"F3",300,0.2,0.5,"cont1",0,1,0,FALSE
1436,59,"F3",300,0.2,0.5,"binary_trait",0,0,1,TRUE
1436,59,"F3",300,0.2,0.5,"cat_trait=A",0,0,1,TRUE
1436,59,"F3",300,0.2,0.5,"cat_trait=B",0,0,1,TRUE
1436,59,"F3",300,0.2,0.5,"cat_trait=C",0,0,1,TRUE
1436,59,"F3",300,0.2,0.5,"count_trait",0,1,0,FALSE
1437,60,"F1",1000,0.2,0.5,"trait1",0,1,0,FALSE
1437,60,"F1",1000,0.2,0.5,"trait2",1,0,0,FALSE
1437,60,"F1",1000,0.2,0.5,"trait3",0,1,0,FALSE
1437,60,"F1",1000,0.2,0.5,"trait4",0,0.9,0.1,FALSE
1438,61,"F2",1000,0.2,0.5,"trait1",0.65,0.35,0,FALSE
1438,61,"F2",1000,0.2,0.5,"trait2",0.7,0.3,0,FALSE
1438,61,"F2",1000,0.2,0.5,"trait3",0,0,1,TRUE
1438,61,"F2",1000,0.2,0.5,"trait4",1,0,0,FALSE
1439,62,"F3",1000,0.2,0.5,"cont1",0,1,0,FALSE
1439,62,"F3",1000,0.2,0.5,"binary_trait",0,1,0,FALSE
1439,62,"F3",1000,0.2,0.5,"cat_trait=A",0,1,0,FALSE
1439,62,"F3",1000,0.2,0.5,"cat_trait=B",0,1,0,FALSE
1439,62,"F3",1000,0.2,0.5,"cat_trait=C",0,1,0,FALSE
1439,62,"F3",1000,0.2,0.5,"count_trait",0,0,1,TRUE
1440,63,"F1",100,0.5,0.5,"trait1",0,0,1,TRUE
1440,63,"F1",100,0.5,0.5,"trait2",0.555555555555556,0.444444444444444,0,FALSE
1440,63,"F1",100,0.5,0.5,"trait3",0,0,1,TRUE
1440,63,"F1",100,0.5,0.5,"trait4",0,1,0,FALSE
1441,64,"F2",100,0.5,0.5,"trait1",1,0,0,FALSE
1441,64,"F2",100,0.5,0.5,"trait2",0,1,0,FALSE
1441,64,"F2",100,0.5,0.5,"trait3",0,0,1,TRUE
1441,64,"F2",100,0.5,0.5,"trait4",0,0,1,TRUE
1442,65,"F3",100,0.5,0.5,"cont1",0,0,1,TRUE
1442,65,"F3",100,0.5,0.5,"binary_trait",0,0,1,TRUE
1442,65,"F3",100,0.5,0.5,"cat_trait=A",0,0,1,TRUE
1442,65,"F3",100,0.5,0.5,"cat_trait=B",0,0,1,TRUE
1442,65,"F3",100,0.5,0.5,"cat_trait=C",0,0,1,TRUE
1442,65,"F3",100,0.5,0.5,"count_trait",0,0,1,TRUE
1443,66,"F1",300,0.5,0.5,"trait1",1,0,0,FALSE
1443,66,"F1",300,0.5,0.5,"trait2",1,0,0,FALSE
1443,66,"F1",300,0.5,0.5,"trait3",0,1,0,FALSE
1443,66,"F1",300,0.5,0.5,"trait4",0,0.230769230769231,0.769230769230769,FALSE
1444,67,"F2",300,0.5,0.5,"trait1",1,0,0,FALSE
1444,67,"F2",300,0.5,0.5,"trait2",0,1,0,FALSE
1444,67,"F2",300,0.5,0.5,"trait3",0,0.941176470588235,0.0588235294117647,FALSE
1444,67,"F2",300,0.5,0.5,"trait4",0.222222222222222,0.222222222222222,0.555555555555556,FALSE
1445,68,"F3",300,0.5,0.5,"cont1",0.95,0.05,0,FALSE
1445,68,"F3",300,0.5,0.5,"binary_trait",0,1,0,FALSE
1445,68,"F3",300,0.5,0.5,"cat_trait=A",0,1,0,FALSE
1445,68,"F3",300,0.5,0.5,"cat_trait=B",0,1,0,FALSE
1445,68,"F3",300,0.5,0.5,"cat_trait=C",0,1,0,FALSE
1445,68,"F3",300,0.5,0.5,"count_trait",0.6,0.4,0,FALSE
1446,69,"F1",1000,0.5,0.5,"trait1",0,1,0,FALSE
1446,69,"F1",1000,0.5,0.5,"trait2",0,1,0,FALSE
1446,69,"F1",1000,0.5,0.5,"trait3",0,1,0,FALSE
1446,69,"F1",1000,0.5,0.5,"trait4",0,1,0,FALSE
1447,70,"F2",1000,0.5,0.5,"trait1",0,1,0,FALSE
1447,70,"F2",1000,0.5,0.5,"trait2",0.6,0.4,0,FALSE
1447,70,"F2",1000,0.5,0.5,"trait3",0,1,0,FALSE
1447,70,"F2",1000,0.5,0.5,"trait4",1,0,0,FALSE
1448,71,"F3",1000,0.5,0.5,"cont1",0,1,0,FALSE
1448,71,"F3",1000,0.5,0.5,"binary_trait",0,1,0,FALSE
1448,71,"F3",1000,0.5,0.5,"cat_trait=A",0,1,0,FALSE
1448,71,"F3",1000,0.5,0.5,"cat_trait=B",0,1,0,FALSE
1448,71,"F3",1000,0.5,0.5,"cat_trait=C",0,1,0,FALSE
1448,71,"F3",1000,0.5,0.5,"count_trait",0.55,0.45,0,FALSE
1449,72,"F1",100,1,0.5,"trait1",0,0,1,TRUE
1449,72,"F1",100,1,0.5,"trait2",0,1,0,FALSE
1449,72,"F1",100,1,0.5,"trait3",0,0.85,0.15,FALSE
1449,72,"F1",100,1,0.5,"trait4",0.75,0.125,0.125,FALSE
1450,73,"F2",100,1,0.5,"trait1",0,0,1,TRUE
1450,73,"F2",100,1,0.5,"trait2",0,1,0,FALSE
1450,73,"F2",100,1,0.5,"trait3",0,0,1,TRUE
1450,73,"F2",100,1,0.5,"trait4",0,1,0,FALSE
1451,74,"F3",100,1,0.5,"cont1",0,1,0,FALSE
1451,74,"F3",100,1,0.5,"binary_trait",0,0,1,TRUE
1451,74,"F3",100,1,0.5,"cat_trait=A",0,1,0,FALSE
1451,74,"F3",100,1,0.5,"cat_trait=B",0,1,0,FALSE
1451,74,"F3",100,1,0.5,"cat_trait=C",0,1,0,FALSE
1451,74,"F3",100,1,0.5,"count_trait",0,1,0,FALSE
1452,75,"F1",300,1,0.5,"trait1",0.6,0.4,0,FALSE
1452,75,"F1",300,1,0.5,"trait2",0,1,0,FALSE
1452,75,"F1",300,1,0.5,"trait3",0.65,0.35,0,FALSE
1452,75,"F1",300,1,0.5,"trait4",0,1,0,FALSE
1453,76,"F2",300,1,0.5,"trait1",0,1,0,FALSE
1453,76,"F2",300,1,0.5,"trait2",0.333333333333333,0.666666666666667,0,FALSE
1453,76,"F2",300,1,0.5,"trait3",0,1,0,FALSE
1453,76,"F2",300,1,0.5,"trait4",0.65,0,0.35,FALSE
1454,77,"F3",300,1,0.5,"cont1",0.3,0.6,0.1,FALSE
1454,77,"F3",300,1,0.5,"binary_trait",0,1,0,FALSE
1454,77,"F3",300,1,0.5,"cat_trait=A",0,0,1,TRUE
1454,77,"F3",300,1,0.5,"cat_trait=B",0,0,1,TRUE
1454,77,"F3",300,1,0.5,"cat_trait=C",0,0,1,TRUE
1454,77,"F3",300,1,0.5,"count_trait",0,1,0,FALSE
1455,78,"F1",1000,1,0.5,"trait1",0,1,0,FALSE
1455,78,"F1",1000,1,0.5,"trait2",0.5,0.5,0,FALSE
1455,78,"F1",1000,1,0.5,"trait3",0.6,0.4,0,FALSE
1455,78,"F1",1000,1,0.5,"trait4",0.1,0.75,0.15,FALSE
1456,79,"F2",1000,1,0.5,"trait1",0,1,0,FALSE
1456,79,"F2",1000,1,0.5,"trait2",1,0,0,FALSE
1456,79,"F2",1000,1,0.5,"trait3",0,0.8125,0.1875,FALSE
1456,79,"F2",1000,1,0.5,"trait4",0,1,0,FALSE
1457,80,"F3",1000,1,0.5,"cont1",0,1,0,FALSE
1457,80,"F3",1000,1,0.5,"binary_trait",0,0.15,0.85,FALSE
1457,80,"F3",1000,1,0.5,"cat_trait=A",0,1,0,FALSE
1457,80,"F3",1000,1,0.5,"cat_trait=B",0,1,0,FALSE
1457,80,"F3",1000,1,0.5,"cat_trait=C",0,1,0,FALSE
1457,80,"F3",1000,1,0.5,"count_trait",0,1,0,FALSE
1458,0,"F1",100,0.2,0.1,"trait1",0,0,1,TRUE
1458,0,"F1",100,0.2,0.1,"trait2",0,0,1,TRUE
1458,0,"F1",100,0.2,0.1,"trait3",0,0,1,TRUE
1458,0,"F1",100,0.2,0.1,"trait4",0,0,1,TRUE
1459,1,"F2",100,0.2,0.1,"trait1",0,0,1,TRUE
1459,1,"F2",100,0.2,0.1,"trait2",0,0,1,TRUE
1459,1,"F2",100,0.2,0.1,"trait3",0,0,1,TRUE
1459,1,"F2",100,0.2,0.1,"trait4",0,0,1,TRUE
1460,2,"F3",100,0.2,0.1,"cont1",1,0,0,FALSE
1460,2,"F3",100,0.2,0.1,"binary_trait",0,0,1,TRUE
1460,2,"F3",100,0.2,0.1,"cat_trait=A",0,0,1,TRUE
1460,2,"F3",100,0.2,0.1,"cat_trait=B",0,0,1,TRUE
1460,2,"F3",100,0.2,0.1,"cat_trait=C",0,0,1,TRUE
1460,2,"F3",100,0.2,0.1,"count_trait",1,0,0,FALSE
1461,3,"F1",300,0.2,0.1,"trait1",1,0,0,FALSE
1461,3,"F1",300,0.2,0.1,"trait2",0,0,1,TRUE
1461,3,"F1",300,0.2,0.1,"trait3",1,0,0,FALSE
1461,3,"F1",300,0.2,0.1,"trait4",0,1,0,FALSE
1462,4,"F2",300,0.2,0.1,"trait1",1,0,0,FALSE
1462,4,"F2",300,0.2,0.1,"trait2",1,0,0,FALSE
1462,4,"F2",300,0.2,0.1,"trait3",0,1,0,FALSE
1462,4,"F2",300,0.2,0.1,"trait4",1,0,0,FALSE
1463,5,"F3",300,0.2,0.1,"cont1",1,0,0,FALSE
1463,5,"F3",300,0.2,0.1,"binary_trait",0,0,1,TRUE
1463,5,"F3",300,0.2,0.1,"cat_trait=A",0,0,1,TRUE
1463,5,"F3",300,0.2,0.1,"cat_trait=B",0,0,1,TRUE
1463,5,"F3",300,0.2,0.1,"cat_trait=C",0,0,1,TRUE
1463,5,"F3",300,0.2,0.1,"count_trait",0,0.357142857142857,0.642857142857143,FALSE
1464,6,"F1",1000,0.2,0.1,"trait1",1,0,0,FALSE
1464,6,"F1",1000,0.2,0.1,"trait2",1,0,0,FALSE
1464,6,"F1",1000,0.2,0.1,"trait3",0.4,0.6,0,FALSE
1464,6,"F1",1000,0.2,0.1,"trait4",0,1,0,FALSE
1465,7,"F2",1000,0.2,0.1,"trait1",0,1,0,FALSE
1465,7,"F2",1000,0.2,0.1,"trait2",1,0,0,FALSE
1465,7,"F2",1000,0.2,0.1,"trait3",0,0.65,0.35,FALSE
1465,7,"F2",1000,0.2,0.1,"trait4",1,0,0,FALSE
1466,8,"F3",1000,0.2,0.1,"cont1",0,1,0,FALSE
1466,8,"F3",1000,0.2,0.1,"binary_trait",0,1,0,FALSE
1466,8,"F3",1000,0.2,0.1,"cat_trait=A",0,0,1,TRUE
1466,8,"F3",1000,0.2,0.1,"cat_trait=B",0,0,1,TRUE
1466,8,"F3",1000,0.2,0.1,"cat_trait=C",0,0,1,TRUE
1466,8,"F3",1000,0.2,0.1,"count_trait",0.789473684210526,0.210526315789474,0,FALSE
1467,9,"F1",100,0.5,0.1,"trait1",0.4,0.6,0,FALSE
1467,9,"F1",100,0.5,0.1,"trait2",0,1,0,FALSE
1467,9,"F1",100,0.5,0.1,"trait3",0,1,0,FALSE
1467,9,"F1",100,0.5,0.1,"trait4",0,1,0,FALSE
1468,10,"F2",100,0.5,0.1,"trait1",1,0,0,FALSE
1468,10,"F2",100,0.5,0.1,"trait2",1,0,0,FALSE
1468,10,"F2",100,0.5,0.1,"trait3",0,0,1,TRUE
1468,10,"F2",100,0.5,0.1,"trait4",1,0,0,FALSE
1469,11,"F3",100,0.5,0.1,"cont1",0,0,1,TRUE
1469,11,"F3",100,0.5,0.1,"binary_trait",0,1,0,FALSE
1469,11,"F3",100,0.5,0.1,"cat_trait=A",0,0,1,TRUE
1469,11,"F3",100,0.5,0.1,"cat_trait=B",0,0,1,TRUE
1469,11,"F3",100,0.5,0.1,"cat_trait=C",0,0,1,TRUE
1469,11,"F3",100,0.5,0.1,"count_trait",0,0,1,TRUE
1470,12,"F1",300,0.5,0.1,"trait1",1,0,0,FALSE
1470,12,"F1",300,0.5,0.1,"trait2",1,0,0,FALSE
1470,12,"F1",300,0.5,0.1,"trait3",0,0.9,0.1,FALSE
1470,12,"F1",300,0.5,0.1,"trait4",0.846153846153846,0,0.153846153846154,FALSE
1471,13,"F2",300,0.5,0.1,"trait1",0,1,0,FALSE
1471,13,"F2",300,0.5,0.1,"trait2",1,0,0,FALSE
1471,13,"F2",300,0.5,0.1,"trait3",0,1,0,FALSE
1471,13,"F2",300,0.5,0.1,"trait4",0.8,0,0.2,FALSE
1472,14,"F3",300,0.5,0.1,"cont1",0,0.75,0.25,FALSE
1472,14,"F3",300,0.5,0.1,"binary_trait",0,1,0,FALSE
1472,14,"F3",300,0.5,0.1,"cat_trait=A",0,1,0,FALSE
1472,14,"F3",300,0.5,0.1,"cat_trait=B",0,1,0,FALSE
1472,14,"F3",300,0.5,0.1,"cat_trait=C",0,1,0,FALSE
1472,14,"F3",300,0.5,0.1,"count_trait",0,0,1,TRUE
1473,15,"F1",1000,0.5,0.1,"trait1",0,1,0,FALSE
1473,15,"F1",1000,0.5,0.1,"trait2",0,1,0,FALSE
1473,15,"F1",1000,0.5,0.1,"trait3",0.3,0.7,0,FALSE
1473,15,"F1",1000,0.5,0.1,"trait4",0,1,0,FALSE
1474,16,"F2",1000,0.5,0.1,"trait1",0,1,0,FALSE
1474,16,"F2",1000,0.5,0.1,"trait2",1,0,0,FALSE
1474,16,"F2",1000,0.5,0.1,"trait3",0,1,0,FALSE
1474,16,"F2",1000,0.5,0.1,"trait4",1,0,0,FALSE
1475,17,"F3",1000,0.5,0.1,"cont1",0,1,0,FALSE
1475,17,"F3",1000,0.5,0.1,"binary_trait",0,0.764705882352941,0.235294117647059,FALSE
1475,17,"F3",1000,0.5,0.1,"cat_trait=A",0,1,0,FALSE
1475,17,"F3",1000,0.5,0.1,"cat_trait=B",0,1,0,FALSE
1475,17,"F3",1000,0.5,0.1,"cat_trait=C",0,1,0,FALSE
1475,17,"F3",1000,0.5,0.1,"count_trait",0,1,0,FALSE
1476,18,"F1",100,1,0.1,"trait1",0,1,0,FALSE
1476,18,"F1",100,1,0.1,"trait2",1,0,0,FALSE
1476,18,"F1",100,1,0.1,"trait3",0.894736842105263,0,0.105263157894737,FALSE
1476,18,"F1",100,1,0.1,"trait4",0,1,0,FALSE
1477,19,"F2",100,1,0.1,"trait1",1,0,0,FALSE
1477,19,"F2",100,1,0.1,"trait2",1,0,0,FALSE
1477,19,"F2",100,1,0.1,"trait3",0,1,0,FALSE
1477,19,"F2",100,1,0.1,"trait4",0.35,0.65,0,FALSE
1478,20,"F3",100,1,0.1,"cont1",0,1,0,FALSE
1478,20,"F3",100,1,0.1,"binary_trait",0,1,0,FALSE
1478,20,"F3",100,1,0.1,"cat_trait=A",0,0,1,TRUE
1478,20,"F3",100,1,0.1,"cat_trait=B",0,0,1,TRUE
1478,20,"F3",100,1,0.1,"cat_trait=C",0,0,1,TRUE
1478,20,"F3",100,1,0.1,"count_trait",0,0,1,TRUE
1479,21,"F1",300,1,0.1,"trait1",0,1,0,FALSE
1479,21,"F1",300,1,0.1,"trait2",0.85,0,0.15,FALSE
1479,21,"F1",300,1,0.1,"trait3",0,1,0,FALSE
1479,21,"F1",300,1,0.1,"trait4",0.75,0.25,0,FALSE
1480,22,"F2",300,1,0.1,"trait1",0,1,0,FALSE
1480,22,"F2",300,1,0.1,"trait2",1,0,0,FALSE
1480,22,"F2",300,1,0.1,"trait3",0,1,0,FALSE
1480,22,"F2",300,1,0.1,"trait4",0,1,0,FALSE
1481,23,"F3",300,1,0.1,"cont1",0,1,0,FALSE
1481,23,"F3",300,1,0.1,"binary_trait",0,1,0,FALSE
1481,23,"F3",300,1,0.1,"cat_trait=A",0,1,0,FALSE
1481,23,"F3",300,1,0.1,"cat_trait=B",0,1,0,FALSE
1481,23,"F3",300,1,0.1,"cat_trait=C",0,1,0,FALSE
1481,23,"F3",300,1,0.1,"count_trait",0,1,0,FALSE
1482,24,"F1",1000,1,0.1,"trait1",0,1,0,FALSE
1482,24,"F1",1000,1,0.1,"trait2",0,1,0,FALSE
1482,24,"F1",1000,1,0.1,"trait3",0,1,0,FALSE
1482,24,"F1",1000,1,0.1,"trait4",0,1,0,FALSE
1483,25,"F2",1000,1,0.1,"trait1",0,1,0,FALSE
1483,25,"F2",1000,1,0.1,"trait2",0.65,0.35,0,FALSE
1483,25,"F2",1000,1,0.1,"trait3",0,1,0,FALSE
1483,25,"F2",1000,1,0.1,"trait4",0,1,0,FALSE
1484,26,"F3",1000,1,0.1,"cont1",0,1,0,FALSE
1484,26,"F3",1000,1,0.1,"binary_trait",0,1,0,FALSE
1484,26,"F3",1000,1,0.1,"cat_trait=A",0,1,0,FALSE
1484,26,"F3",1000,1,0.1,"cat_trait=B",0,1,0,FALSE
1484,26,"F3",1000,1,0.1,"cat_trait=C",0,1,0,FALSE
1484,26,"F3",1000,1,0.1,"count_trait",0,1,0,FALSE
1485,27,"F1",100,0.2,0.3,"trait1",0,0,1,TRUE
1485,27,"F1",100,0.2,0.3,"trait2",0,0,1,TRUE
1485,27,"F1",100,0.2,0.3,"trait3",0,0,1,TRUE
1485,27,"F1",100,0.2,0.3,"trait4",0,0,1,TRUE
1486,28,"F2",100,0.2,0.3,"trait1",0,0,1,TRUE
1486,28,"F2",100,0.2,0.3,"trait2",0,0,1,TRUE
1486,28,"F2",100,0.2,0.3,"trait3",0,1,0,FALSE
1486,28,"F2",100,0.2,0.3,"trait4",0.95,0,0.05,FALSE
1487,29,"F3",100,0.2,0.3,"cont1",0,0,1,TRUE
1487,29,"F3",100,0.2,0.3,"binary_trait",0,0,1,TRUE
1487,29,"F3",100,0.2,0.3,"cat_trait=A",0,1,0,FALSE
1487,29,"F3",100,0.2,0.3,"cat_trait=B",0,1,0,FALSE
1487,29,"F3",100,0.2,0.3,"cat_trait=C",0,1,0,FALSE
1487,29,"F3",100,0.2,0.3,"count_trait",0,0,1,TRUE
1488,30,"F1",300,0.2,0.3,"trait1",1,0,0,FALSE
1488,30,"F1",300,0.2,0.3,"trait2",1,0,0,FALSE
1488,30,"F1",300,0.2,0.3,"trait3",1,0,0,FALSE
1488,30,"F1",300,0.2,0.3,"trait4",0,0,1,TRUE
1489,31,"F2",300,0.2,0.3,"trait1",0,1,0,FALSE
1489,31,"F2",300,0.2,0.3,"trait2",1,0,0,FALSE
1489,31,"F2",300,0.2,0.3,"trait3",0,1,0,FALSE
1489,31,"F2",300,0.2,0.3,"trait4",1,0,0,FALSE
1490,32,"F3",300,0.2,0.3,"cont1",1,0,0,FALSE
1490,32,"F3",300,0.2,0.3,"binary_trait",0,1,0,FALSE
1490,32,"F3",300,0.2,0.3,"cat_trait=A",0,1,0,FALSE
1490,32,"F3",300,0.2,0.3,"cat_trait=B",0,1,0,FALSE
1490,32,"F3",300,0.2,0.3,"cat_trait=C",0,1,0,FALSE
1490,32,"F3",300,0.2,0.3,"count_trait",1,0,0,FALSE
1491,33,"F1",1000,0.2,0.3,"trait1",0,1,0,FALSE
1491,33,"F1",1000,0.2,0.3,"trait2",0,0.65,0.35,FALSE
1491,33,"F1",1000,0.2,0.3,"trait3",0,1,0,FALSE
1491,33,"F1",1000,0.2,0.3,"trait4",0,1,0,FALSE
1492,34,"F2",1000,0.2,0.3,"trait1",0,1,0,FALSE
1492,34,"F2",1000,0.2,0.3,"trait2",1,0,0,FALSE
1492,34,"F2",1000,0.2,0.3,"trait3",0.6,0.4,0,FALSE
1492,34,"F2",1000,0.2,0.3,"trait4",1,0,0,FALSE
1493,35,"F3",1000,0.2,0.3,"cont1",0,1,0,FALSE
1493,35,"F3",1000,0.2,0.3,"binary_trait",0,1,0,FALSE
1493,35,"F3",1000,0.2,0.3,"cat_trait=A",0,0,1,TRUE
1493,35,"F3",1000,0.2,0.3,"cat_trait=B",0,0,1,TRUE
1493,35,"F3",1000,0.2,0.3,"cat_trait=C",0,0,1,TRUE
1493,35,"F3",1000,0.2,0.3,"count_trait",1,0,0,FALSE
1494,36,"F1",100,0.5,0.3,"trait1",0,0,1,TRUE
1494,36,"F1",100,0.5,0.3,"trait2",1,0,0,FALSE
1494,36,"F1",100,0.5,0.3,"trait3",0,1,0,FALSE
1494,36,"F1",100,0.5,0.3,"trait4",0,1,0,FALSE
1495,37,"F2",100,0.5,0.3,"trait1",0,0,1,TRUE
1495,37,"F2",100,0.5,0.3,"trait2",0.15,0,0.85,FALSE
1495,37,"F2",100,0.5,0.3,"trait3",1,0,0,FALSE
1495,37,"F2",100,0.5,0.3,"trait4",1,0,0,FALSE
1496,38,"F3",100,0.5,0.3,"cont1",1,0,0,FALSE
1496,38,"F3",100,0.5,0.3,"binary_trait",0,0,1,TRUE
1496,38,"F3",100,0.5,0.3,"cat_trait=A",0,0.5,0.5,FALSE
1496,38,"F3",100,0.5,0.3,"cat_trait=B",0,0.5,0.5,FALSE
1496,38,"F3",100,0.5,0.3,"cat_trait=C",0,0.5,0.5,FALSE
1496,38,"F3",100,0.5,0.3,"count_trait",1,0,0,FALSE
1497,39,"F1",300,0.5,0.3,"trait1",0.25,0.75,0,FALSE
1497,39,"F1",300,0.5,0.3,"trait2",0.75,0.25,0,FALSE
1497,39,"F1",300,0.5,0.3,"trait3",0,1,0,FALSE
1497,39,"F1",300,0.5,0.3,"trait4",0,1,0,FALSE
1498,40,"F2",300,0.5,0.3,"trait1",0.578947368421053,0,0.421052631578947,FALSE
1498,40,"F2",300,0.5,0.3,"trait2",0,1,0,FALSE
1498,40,"F2",300,0.5,0.3,"trait3",1,0,0,FALSE
1498,40,"F2",300,0.5,0.3,"trait4",1,0,0,FALSE
1499,41,"F3",300,0.5,0.3,"cont1",0,1,0,FALSE
1499,41,"F3",300,0.5,0.3,"binary_trait",0,0,1,TRUE
1499,41,"F3",300,0.5,0.3,"cat_trait=A",0,1,0,FALSE
1499,41,"F3",300,0.5,0.3,"cat_trait=B",0,1,0,FALSE
1499,41,"F3",300,0.5,0.3,"cat_trait=C",0,1,0,FALSE
1499,41,"F3",300,0.5,0.3,"count_trait",0.3,0.7,0,FALSE
1500,42,"F1",1000,0.5,0.3,"trait1",0,1,0,FALSE
1500,42,"F1",1000,0.5,0.3,"trait2",0,1,0,FALSE
1500,42,"F1",1000,0.5,0.3,"trait3",0,1,0,FALSE
1500,42,"F1",1000,0.5,0.3,"trait4",0,1,0,FALSE
1501,43,"F2",1000,0.5,0.3,"trait1",0,1,0,FALSE
1501,43,"F2",1000,0.5,0.3,"trait2",0,1,0,FALSE
1501,43,"F2",1000,0.5,0.3,"trait3",0,1,0,FALSE
1501,43,"F2",1000,0.5,0.3,"trait4",0,0.75,0.25,FALSE
1502,44,"F3",1000,0.5,0.3,"cont1",0,1,0,FALSE
1502,44,"F3",1000,0.5,0.3,"binary_trait",0,1,0,FALSE
1502,44,"F3",1000,0.5,0.3,"cat_trait=A",0,1,0,FALSE
1502,44,"F3",1000,0.5,0.3,"cat_trait=B",0,1,0,FALSE
1502,44,"F3",1000,0.5,0.3,"cat_trait=C",0,1,0,FALSE
1502,44,"F3",1000,0.5,0.3,"count_trait",0,1,0,FALSE
1503,45,"F1",100,1,0.3,"trait1",0.736842105263158,0,0.263157894736842,FALSE
1503,45,"F1",100,1,0.3,"trait2",0,1,0,FALSE
1503,45,"F1",100,1,0.3,"trait3",0,1,0,FALSE
1503,45,"F1",100,1,0.3,"trait4",0,1,0,FALSE
1504,46,"F2",100,1,0.3,"trait1",0,1,0,FALSE
1504,46,"F2",100,1,0.3,"trait2",0,1,0,FALSE
1504,46,"F2",100,1,0.3,"trait3",0,0.3,0.7,FALSE
1504,46,"F2",100,1,0.3,"trait4",0,1,0,FALSE
1505,47,"F3",100,1,0.3,"cont1",0.15,0.85,0,FALSE
1505,47,"F3",100,1,0.3,"binary_trait",0,1,0,FALSE
1505,47,"F3",100,1,0.3,"cat_trait=A",0,1,0,FALSE
1505,47,"F3",100,1,0.3,"cat_trait=B",0,1,0,FALSE
1505,47,"F3",100,1,0.3,"cat_trait=C",0,1,0,FALSE
1505,47,"F3",100,1,0.3,"count_trait",0,0,1,TRUE
1506,48,"F1",300,1,0.3,"trait1",0.75,0.25,0,FALSE
1506,48,"F1",300,1,0.3,"trait2",0,1,0,FALSE
1506,48,"F1",300,1,0.3,"trait3",0,1,0,FALSE
1506,48,"F1",300,1,0.3,"trait4",0,1,0,FALSE
1507,49,"F2",300,1,0.3,"trait1",0,1,0,FALSE
1507,49,"F2",300,1,0.3,"trait2",1,0,0,FALSE
1507,49,"F2",300,1,0.3,"trait3",0,0.8,0.2,FALSE
1507,49,"F2",300,1,0.3,"trait4",0.85,0,0.15,FALSE
1508,50,"F3",300,1,0.3,"cont1",0,0.95,0.05,FALSE
1508,50,"F3",300,1,0.3,"binary_trait",0,1,0,FALSE
1508,50,"F3",300,1,0.3,"cat_trait=A",0,0,1,TRUE
1508,50,"F3",300,1,0.3,"cat_trait=B",0,0,1,TRUE
1508,50,"F3",300,1,0.3,"cat_trait=C",0,0,1,TRUE
1508,50,"F3",300,1,0.3,"count_trait",0,1,0,FALSE
1509,51,"F1",1000,1,0.3,"trait1",0,1,0,FALSE
1509,51,"F1",1000,1,0.3,"trait2",0,1,0,FALSE
1509,51,"F1",1000,1,0.3,"trait3",0,1,0,FALSE
1509,51,"F1",1000,1,0.3,"trait4",0,1,0,FALSE
1510,52,"F2",1000,1,0.3,"trait1",0,1,0,FALSE
1510,52,"F2",1000,1,0.3,"trait2",0,1,0,FALSE
1510,52,"F2",1000,1,0.3,"trait3",0,0.85,0.15,FALSE
1510,52,"F2",1000,1,0.3,"trait4",0.4,0.6,0,FALSE
1511,53,"F3",1000,1,0.3,"cont1",0.75,0.25,0,FALSE
1511,53,"F3",1000,1,0.3,"binary_trait",0,1,0,FALSE
1511,53,"F3",1000,1,0.3,"cat_trait=A",0.05,0,0.95,FALSE
1511,53,"F3",1000,1,0.3,"cat_trait=B",0.05,0,0.95,FALSE
1511,53,"F3",1000,1,0.3,"cat_trait=C",0.05,0,0.95,FALSE
1511,53,"F3",1000,1,0.3,"count_trait",0,1,0,FALSE
1512,54,"F1",100,0.2,0.5,"trait1",0,0,1,TRUE
1512,54,"F1",100,0.2,0.5,"trait2",0,0,1,TRUE
1512,54,"F1",100,0.2,0.5,"trait3",0,0,1,TRUE
1512,54,"F1",100,0.2,0.5,"trait4",0,1,0,FALSE
1513,55,"F2",100,0.2,0.5,"trait1",0,1,0,FALSE
1513,55,"F2",100,0.2,0.5,"trait2",0,1,0,FALSE
1513,55,"F2",100,0.2,0.5,"trait3",1,0,0,FALSE
1513,55,"F2",100,0.2,0.5,"trait4",0,1,0,FALSE
1514,56,"F3",100,0.2,0.5,"cont1",0,0,1,TRUE
1514,56,"F3",100,0.2,0.5,"binary_trait",0,0,1,TRUE
1514,56,"F3",100,0.2,0.5,"cat_trait=A",0,0,1,TRUE
1514,56,"F3",100,0.2,0.5,"cat_trait=B",0,0,1,TRUE
1514,56,"F3",100,0.2,0.5,"cat_trait=C",0,0,1,TRUE
1514,56,"F3",100,0.2,0.5,"count_trait",0,0,1,TRUE
1515,57,"F1",300,0.2,0.5,"trait1",0,1,0,FALSE
1515,57,"F1",300,0.2,0.5,"trait2",0.722222222222222,0,0.277777777777778,FALSE
1515,57,"F1",300,0.2,0.5,"trait3",0,1,0,FALSE
1515,57,"F1",300,0.2,0.5,"trait4",1,0,0,FALSE
1516,58,"F2",300,0.2,0.5,"trait1",0,0,1,TRUE
1516,58,"F2",300,0.2,0.5,"trait2",0.85,0,0.15,FALSE
1516,58,"F2",300,0.2,0.5,"trait3",0,0,1,TRUE
1516,58,"F2",300,0.2,0.5,"trait4",0,0,1,TRUE
1517,59,"F3",300,0.2,0.5,"cont1",1,0,0,FALSE
1517,59,"F3",300,0.2,0.5,"binary_trait",0,0,1,TRUE
1517,59,"F3",300,0.2,0.5,"cat_trait=A",0,0,1,TRUE
1517,59,"F3",300,0.2,0.5,"cat_trait=B",0,0,1,TRUE
1517,59,"F3",300,0.2,0.5,"cat_trait=C",0,0,1,TRUE
1517,59,"F3",300,0.2,0.5,"count_trait",0,0,1,TRUE
1518,60,"F1",1000,0.2,0.5,"trait1",0,1,0,FALSE
1518,60,"F1",1000,0.2,0.5,"trait2",0,0.625,0.375,FALSE
1518,60,"F1",1000,0.2,0.5,"trait3",0,1,0,FALSE
1518,60,"F1",1000,0.2,0.5,"trait4",0,1,0,FALSE
1519,61,"F2",1000,0.2,0.5,"trait1",0,1,0,FALSE
1519,61,"F2",1000,0.2,0.5,"trait2",1,0,0,FALSE
1519,61,"F2",1000,0.2,0.5,"trait3",0,0,1,TRUE
1519,61,"F2",1000,0.2,0.5,"trait4",0.45,0.55,0,FALSE
1520,62,"F3",1000,0.2,0.5,"cont1",0,1,0,FALSE
1520,62,"F3",1000,0.2,0.5,"binary_trait",0,1,0,FALSE
1520,62,"F3",1000,0.2,0.5,"cat_trait=A",0,0.45,0.55,FALSE
1520,62,"F3",1000,0.2,0.5,"cat_trait=B",0,0.45,0.55,FALSE
1520,62,"F3",1000,0.2,0.5,"cat_trait=C",0,0.45,0.55,FALSE
1520,62,"F3",1000,0.2,0.5,"count_trait",0,1,0,FALSE
1521,63,"F1",100,0.5,0.5,"trait1",0,0,1,TRUE
1521,63,"F1",100,0.5,0.5,"trait2",0,1,0,FALSE
1521,63,"F1",100,0.5,0.5,"trait3",0,1,0,FALSE
1521,63,"F1",100,0.5,0.5,"trait4",0,0,1,TRUE
1522,64,"F2",100,0.5,0.5,"trait1",0.45,0.55,0,FALSE
1522,64,"F2",100,0.5,0.5,"trait2",0,1,0,FALSE
1522,64,"F2",100,0.5,0.5,"trait3",0,1,0,FALSE
1522,64,"F2",100,0.5,0.5,"trait4",0,1,0,FALSE
1523,65,"F3",100,0.5,0.5,"cont1",0,0,1,TRUE
1523,65,"F3",100,0.5,0.5,"binary_trait",0,0,1,TRUE
1523,65,"F3",100,0.5,0.5,"cat_trait=A",0,1,0,FALSE
1523,65,"F3",100,0.5,0.5,"cat_trait=B",0,1,0,FALSE
1523,65,"F3",100,0.5,0.5,"cat_trait=C",0,1,0,FALSE
1523,65,"F3",100,0.5,0.5,"count_trait",0,0,1,TRUE
1524,66,"F1",300,0.5,0.5,"trait1",0,1,0,FALSE
1524,66,"F1",300,0.5,0.5,"trait2",0,1,0,FALSE
1524,66,"F1",300,0.5,0.5,"trait3",0,1,0,FALSE
1524,66,"F1",300,0.5,0.5,"trait4",0,1,0,FALSE
1525,67,"F2",300,0.5,0.5,"trait1",0,1,0,FALSE
1525,67,"F2",300,0.5,0.5,"trait2",0.9,0,0.1,FALSE
1525,67,"F2",300,0.5,0.5,"trait3",0,1,0,FALSE
1525,67,"F2",300,0.5,0.5,"trait4",0,1,0,FALSE
1526,68,"F3",300,0.5,0.5,"cont1",0,0,1,TRUE
1526,68,"F3",300,0.5,0.5,"binary_trait",0,1,0,FALSE
1526,68,"F3",300,0.5,0.5,"cat_trait=A",0,0.6,0.4,FALSE
1526,68,"F3",300,0.5,0.5,"cat_trait=B",0,0.6,0.4,FALSE
1526,68,"F3",300,0.5,0.5,"cat_trait=C",0,0.6,0.4,FALSE
1526,68,"F3",300,0.5,0.5,"count_trait",0,1,0,FALSE
1527,69,"F1",1000,0.5,0.5,"trait1",0,1,0,FALSE
1527,69,"F1",1000,0.5,0.5,"trait2",0,1,0,FALSE
1527,69,"F1",1000,0.5,0.5,"trait3",0,1,0,FALSE
1527,69,"F1",1000,0.5,0.5,"trait4",0,1,0,FALSE
1528,70,"F2",1000,0.5,0.5,"trait1",0,1,0,FALSE
1528,70,"F2",1000,0.5,0.5,"trait2",0,1,0,FALSE
1528,70,"F2",1000,0.5,0.5,"trait3",0,1,0,FALSE
1528,70,"F2",1000,0.5,0.5,"trait4",0,1,0,FALSE
1529,71,"F3",1000,0.5,0.5,"cont1",0.15,0.85,0,FALSE
1529,71,"F3",1000,0.5,0.5,"binary_trait",0,1,0,FALSE
1529,71,"F3",1000,0.5,0.5,"cat_trait=A",0,0,1,TRUE
1529,71,"F3",1000,0.5,0.5,"cat_trait=B",0,0,1,TRUE
1529,71,"F3",1000,0.5,0.5,"cat_trait=C",0,0,1,TRUE
1529,71,"F3",1000,0.5,0.5,"count_trait",0,1,0,FALSE
1530,72,"F1",100,1,0.5,"trait1",0.85,0,0.15,FALSE
1530,72,"F1",100,1,0.5,"trait2",0,1,0,FALSE
1530,72,"F1",100,1,0.5,"trait3",0,1,0,FALSE
1530,72,"F1",100,1,0.5,"trait4",0,0,1,TRUE
1531,73,"F2",100,1,0.5,"trait1",0.722222222222222,0,0.277777777777778,FALSE
1531,73,"F2",100,1,0.5,"trait2",1,0,0,FALSE
1531,73,"F2",100,1,0.5,"trait3",0,0,1,TRUE
1531,73,"F2",100,1,0.5,"trait4",0,1,0,FALSE
1532,74,"F3",100,1,0.5,"cont1",0,1,0,FALSE
1532,74,"F3",100,1,0.5,"binary_trait",0,1,0,FALSE
1532,74,"F3",100,1,0.5,"cat_trait=A",0,1,0,FALSE
1532,74,"F3",100,1,0.5,"cat_trait=B",0,1,0,FALSE
1532,74,"F3",100,1,0.5,"cat_trait=C",0,1,0,FALSE
1532,74,"F3",100,1,0.5,"count_trait",0,0,1,TRUE
1533,75,"F1",300,1,0.5,"trait1",0.9,0,0.1,FALSE
1533,75,"F1",300,1,0.5,"trait2",0.9,0,0.1,FALSE
1533,75,"F1",300,1,0.5,"trait3",0,1,0,FALSE
1533,75,"F1",300,1,0.5,"trait4",0,1,0,FALSE
1534,76,"F2",300,1,0.5,"trait1",0,1,0,FALSE
1534,76,"F2",300,1,0.5,"trait2",0,0.941176470588235,0.0588235294117647,FALSE
1534,76,"F2",300,1,0.5,"trait3",0,0.888888888888889,0.111111111111111,FALSE
1534,76,"F2",300,1,0.5,"trait4",1,0,0,FALSE
1535,77,"F3",300,1,0.5,"cont1",0,1,0,FALSE
1535,77,"F3",300,1,0.5,"binary_trait",0,1,0,FALSE
1535,77,"F3",300,1,0.5,"cat_trait=A",0,1,0,FALSE
1535,77,"F3",300,1,0.5,"cat_trait=B",0,1,0,FALSE
1535,77,"F3",300,1,0.5,"cat_trait=C",0,1,0,FALSE
1535,77,"F3",300,1,0.5,"count_trait",1,0,0,FALSE
1536,78,"F1",1000,1,0.5,"trait1",0.9,0.1,0,FALSE
1536,78,"F1",1000,1,0.5,"trait2",0,1,0,FALSE
1536,78,"F1",1000,1,0.5,"trait3",0.75,0.25,0,FALSE
1536,78,"F1",1000,1,0.5,"trait4",0,1,0,FALSE
1537,79,"F2",1000,1,0.5,"trait1",0,1,0,FALSE
1537,79,"F2",1000,1,0.5,"trait2",0.8,0.2,0,FALSE
1537,79,"F2",1000,1,0.5,"trait3",0.3,0.4,0.3,FALSE
1537,79,"F2",1000,1,0.5,"trait4",0.85,0,0.15,FALSE
1538,80,"F3",1000,1,0.5,"cont1",0.789473684210526,0.0526315789473684,0.157894736842105,FALSE
1538,80,"F3",1000,1,0.5,"binary_trait",0,1,0,FALSE
1538,80,"F3",1000,1,0.5,"cat_trait=A",0,1,0,FALSE
1538,80,"F3",1000,1,0.5,"cat_trait=B",0,1,0,FALSE
1538,80,"F3",1000,1,0.5,"cat_trait=C",0,1,0,FALSE
1538,80,"F3",1000,1,0.5,"count_trait",0,1,0,FALSE
1539,0,"F1",100,0.2,0.1,"trait1",0,1,0,FALSE
1539,0,"F1",100,0.2,0.1,"trait2",0,1,0,FALSE
1539,0,"F1",100,0.2,0.1,"trait3",0,1,0,FALSE
1539,0,"F1",100,0.2,0.1,"trait4",1,0,0,FALSE
1540,1,"F2",100,0.2,0.1,"trait1",0,0,1,TRUE
1540,1,"F2",100,0.2,0.1,"trait2",0,0,1,TRUE
1540,1,"F2",100,0.2,0.1,"trait3",0,0,1,TRUE
1540,1,"F2",100,0.2,0.1,"trait4",0,0,1,TRUE
1541,2,"F3",100,0.2,0.1,"cont1",0,0,1,TRUE
1541,2,"F3",100,0.2,0.1,"binary_trait",0,0,1,TRUE
1541,2,"F3",100,0.2,0.1,"cat_trait=A",0,0,1,TRUE
1541,2,"F3",100,0.2,0.1,"cat_trait=B",0,0,1,TRUE
1541,2,"F3",100,0.2,0.1,"cat_trait=C",0,0,1,TRUE
1541,2,"F3",100,0.2,0.1,"count_trait",0,0,1,TRUE
1542,3,"F1",300,0.2,0.1,"trait1",1,0,0,FALSE
1542,3,"F1",300,0.2,0.1,"trait2",0.894736842105263,0,0.105263157894737,FALSE
1542,3,"F1",300,0.2,0.1,"trait3",1,0,0,FALSE
1542,3,"F1",300,0.2,0.1,"trait4",0,0,1,TRUE
1543,4,"F2",300,0.2,0.1,"trait1",0,1,0,FALSE
1543,4,"F2",300,0.2,0.1,"trait2",1,0,0,FALSE
1543,4,"F2",300,0.2,0.1,"trait3",0,0,1,TRUE
1543,4,"F2",300,0.2,0.1,"trait4",1,0,0,FALSE
1544,5,"F3",300,0.2,0.1,"cont1",1,0,0,FALSE
1544,5,"F3",300,0.2,0.1,"binary_trait",0,1,0,FALSE
1544,5,"F3",300,0.2,0.1,"cat_trait=A",0,1,0,FALSE
1544,5,"F3",300,0.2,0.1,"cat_trait=B",0,1,0,FALSE
1544,5,"F3",300,0.2,0.1,"cat_trait=C",0,1,0,FALSE
1544,5,"F3",300,0.2,0.1,"count_trait",1,0,0,FALSE
1545,6,"F1",1000,0.2,0.1,"trait1",0,0.6,0.4,FALSE
1545,6,"F1",1000,0.2,0.1,"trait2",0,1,0,FALSE
1545,6,"F1",1000,0.2,0.1,"trait3",1,0,0,FALSE
1545,6,"F1",1000,0.2,0.1,"trait4",0,1,0,FALSE
1546,7,"F2",1000,0.2,0.1,"trait1",0,1,0,FALSE
1546,7,"F2",1000,0.2,0.1,"trait2",1,0,0,FALSE
1546,7,"F2",1000,0.2,0.1,"trait3",0,0,1,TRUE
1546,7,"F2",1000,0.2,0.1,"trait4",1,0,0,FALSE
1547,8,"F3",1000,0.2,0.1,"cont1",1,0,0,FALSE
1547,8,"F3",1000,0.2,0.1,"binary_trait",0,1,0,FALSE
1547,8,"F3",1000,0.2,0.1,"cat_trait=A",0,1,0,FALSE
1547,8,"F3",1000,0.2,0.1,"cat_trait=B",0,1,0,FALSE
1547,8,"F3",1000,0.2,0.1,"cat_trait=C",0,1,0,FALSE
1547,8,"F3",1000,0.2,0.1,"count_trait",0.6875,0.0625,0.25,FALSE
1548,9,"F1",100,0.5,0.1,"trait1",1,0,0,FALSE
1548,9,"F1",100,0.5,0.1,"trait2",0,1,0,FALSE
1548,9,"F1",100,0.5,0.1,"trait3",0,0.9,0.1,FALSE
1548,9,"F1",100,0.5,0.1,"trait4",1,0,0,FALSE
1549,10,"F2",100,0.5,0.1,"trait1",0,0.8,0.2,FALSE
1549,10,"F2",100,0.5,0.1,"trait2",0,1,0,FALSE
1549,10,"F2",100,0.5,0.1,"trait3",0,0,1,TRUE
1549,10,"F2",100,0.5,0.1,"trait4",0.5,0,0.5,FALSE
1550,11,"F3",100,0.5,0.1,"cont1",0,1,0,FALSE
1550,11,"F3",100,0.5,0.1,"binary_trait",0,0,1,TRUE
1550,11,"F3",100,0.5,0.1,"cat_trait=A",0,0,1,TRUE
1550,11,"F3",100,0.5,0.1,"cat_trait=B",0,0,1,TRUE
1550,11,"F3",100,0.5,0.1,"cat_trait=C",0,0,1,TRUE
1550,11,"F3",100,0.5,0.1,"count_trait",0,1,0,FALSE
1551,12,"F1",300,0.5,0.1,"trait1",0,0.95,0.05,FALSE
1551,12,"F1",300,0.5,0.1,"trait2",0,1,0,FALSE
1551,12,"F1",300,0.5,0.1,"trait3",0,1,0,FALSE
1551,12,"F1",300,0.5,0.1,"trait4",0,0.8,0.2,FALSE
1552,13,"F2",300,0.5,0.1,"trait1",0,1,0,FALSE
1552,13,"F2",300,0.5,0.1,"trait2",1,0,0,FALSE
1552,13,"F2",300,0.5,0.1,"trait3",0,1,0,FALSE
1552,13,"F2",300,0.5,0.1,"trait4",1,0,0,FALSE
1553,14,"F3",300,0.5,0.1,"cont1",0.55,0.45,0,FALSE
1553,14,"F3",300,0.5,0.1,"binary_trait",0,1,0,FALSE
1553,14,"F3",300,0.5,0.1,"cat_trait=A",0,1,0,FALSE
1553,14,"F3",300,0.5,0.1,"cat_trait=B",0,1,0,FALSE
1553,14,"F3",300,0.5,0.1,"cat_trait=C",0,1,0,FALSE
1553,14,"F3",300,0.5,0.1,"count_trait",0.2,0.8,0,FALSE
1554,15,"F1",1000,0.5,0.1,"trait1",0,1,0,FALSE
1554,15,"F1",1000,0.5,0.1,"trait2",0,0.894736842105263,0.105263157894737,FALSE
1554,15,"F1",1000,0.5,0.1,"trait3",0,1,0,FALSE
1554,15,"F1",1000,0.5,0.1,"trait4",0,1,0,FALSE
1555,16,"F2",1000,0.5,0.1,"trait1",0,1,0,FALSE
1555,16,"F2",1000,0.5,0.1,"trait2",0,1,0,FALSE
1555,16,"F2",1000,0.5,0.1,"trait3",0,1,0,FALSE
1555,16,"F2",1000,0.5,0.1,"trait4",0.6,0.4,0,FALSE
1556,17,"F3",1000,0.5,0.1,"cont1",1,0,0,FALSE
1556,17,"F3",1000,0.5,0.1,"binary_trait",0,1,0,FALSE
1556,17,"F3",1000,0.5,0.1,"cat_trait=A",0,0.866666666666667,0.133333333333333,FALSE
1556,17,"F3",1000,0.5,0.1,"cat_trait=B",0,0.866666666666667,0.133333333333333,FALSE
1556,17,"F3",1000,0.5,0.1,"cat_trait=C",0,0.866666666666667,0.133333333333333,FALSE
1556,17,"F3",1000,0.5,0.1,"count_trait",0.8,0.2,0,FALSE
1557,18,"F1",100,1,0.1,"trait1",0.68421052631579,0,0.31578947368421,FALSE
1557,18,"F1",100,1,0.1,"trait2",0,1,0,FALSE
1557,18,"F1",100,1,0.1,"trait3",0,1,0,FALSE
1557,18,"F1",100,1,0.1,"trait4",0.736842105263158,0,0.263157894736842,FALSE
1558,19,"F2",100,1,0.1,"trait1",1,0,0,FALSE
1558,19,"F2",100,1,0.1,"trait2",1,0,0,FALSE
1558,19,"F2",100,1,0.1,"trait3",0,0.85,0.15,FALSE
1558,19,"F2",100,1,0.1,"trait4",0.611111111111111,0,0.388888888888889,FALSE
1559,20,"F3",100,1,0.1,"cont1",0.8,0.2,0,FALSE
1559,20,"F3",100,1,0.1,"binary_trait",0,0,1,TRUE
1559,20,"F3",100,1,0.1,"cat_trait=A",0,1,0,FALSE
1559,20,"F3",100,1,0.1,"cat_trait=B",0,1,0,FALSE
1559,20,"F3",100,1,0.1,"cat_trait=C",0,1,0,FALSE
1559,20,"F3",100,1,0.1,"count_trait",0.9375,0,0.0625,FALSE
1560,21,"F1",300,1,0.1,"trait1",0.842105263157895,0.0526315789473684,0.105263157894737,FALSE
1560,21,"F1",300,1,0.1,"trait2",0,1,0,FALSE
1560,21,"F1",300,1,0.1,"trait3",0,1,0,FALSE
1560,21,"F1",300,1,0.1,"trait4",0,1,0,FALSE
1561,22,"F2",300,1,0.1,"trait1",0,1,0,FALSE
1561,22,"F2",300,1,0.1,"trait2",1,0,0,FALSE
1561,22,"F2",300,1,0.1,"trait3",0,0.8,0.2,FALSE
1561,22,"F2",300,1,0.1,"trait4",1,0,0,FALSE
1562,23,"F3",300,1,0.1,"cont1",0,1,0,FALSE
1562,23,"F3",300,1,0.1,"binary_trait",0,1,0,FALSE
1562,23,"F3",300,1,0.1,"cat_trait=A",0,1,0,FALSE
1562,23,"F3",300,1,0.1,"cat_trait=B",0,1,0,FALSE
1562,23,"F3",300,1,0.1,"cat_trait=C",0,1,0,FALSE
1562,23,"F3",300,1,0.1,"count_trait",0,0.75,0.25,FALSE
1563,24,"F1",1000,1,0.1,"trait1",0.45,0.55,0,FALSE
1563,24,"F1",1000,1,0.1,"trait2",0,1,0,FALSE
1563,24,"F1",1000,1,0.1,"trait3",0,1,0,FALSE
1563,24,"F1",1000,1,0.1,"trait4",0,1,0,FALSE
1564,25,"F2",1000,1,0.1,"trait1",0,1,0,FALSE
1564,25,"F2",1000,1,0.1,"trait2",0.3,0.7,0,FALSE
1564,25,"F2",1000,1,0.1,"trait3",0.95,0,0.05,FALSE
1564,25,"F2",1000,1,0.1,"trait4",1,0,0,FALSE
1565,26,"F3",1000,1,0.1,"cont1",0,0.95,0.05,FALSE
1565,26,"F3",1000,1,0.1,"binary_trait",0,1,0,FALSE
1565,26,"F3",1000,1,0.1,"cat_trait=A",0,1,0,FALSE
1565,26,"F3",1000,1,0.1,"cat_trait=B",0,1,0,FALSE
1565,26,"F3",1000,1,0.1,"cat_trait=C",0,1,0,FALSE
1565,26,"F3",1000,1,0.1,"count_trait",0,1,0,FALSE
1566,27,"F1",100,0.2,0.3,"trait1",1,0,0,FALSE
1566,27,"F1",100,0.2,0.3,"trait2",0,0,1,TRUE
1566,27,"F1",100,0.2,0.3,"trait3",1,0,0,FALSE
1566,27,"F1",100,0.2,0.3,"trait4",0,1,0,FALSE
1567,28,"F2",100,0.2,0.3,"trait1",0,0,1,TRUE
1567,28,"F2",100,0.2,0.3,"trait2",0,1,0,FALSE
1567,28,"F2",100,0.2,0.3,"trait3",0,0,1,TRUE
1567,28,"F2",100,0.2,0.3,"trait4",0,0,1,TRUE
1568,29,"F3",100,0.2,0.3,"cont1",0,1,0,FALSE
1568,29,"F3",100,0.2,0.3,"binary_trait",0,1,0,FALSE
1568,29,"F3",100,0.2,0.3,"cat_trait=A",0,0,1,TRUE
1568,29,"F3",100,0.2,0.3,"cat_trait=B",0,0,1,TRUE
1568,29,"F3",100,0.2,0.3,"cat_trait=C",0,0,1,TRUE
1568,29,"F3",100,0.2,0.3,"count_trait",0,1,0,FALSE
1569,30,"F1",300,0.2,0.3,"trait1",0.8,0.2,0,FALSE
1569,30,"F1",300,0.2,0.3,"trait2",1,0,0,FALSE
1569,30,"F1",300,0.2,0.3,"trait3",1,0,0,FALSE
1569,30,"F1",300,0.2,0.3,"trait4",0,1,0,FALSE
1570,31,"F2",300,0.2,0.3,"trait1",0.842105263157895,0.157894736842105,0,FALSE
1570,31,"F2",300,0.2,0.3,"trait2",1,0,0,FALSE
1570,31,"F2",300,0.2,0.3,"trait3",0,1,0,FALSE
1570,31,"F2",300,0.2,0.3,"trait4",1,0,0,FALSE
1571,32,"F3",300,0.2,0.3,"cont1",0,1,0,FALSE
1571,32,"F3",300,0.2,0.3,"binary_trait",0.105263157894737,0,0.894736842105263,FALSE
1571,32,"F3",300,0.2,0.3,"cat_trait=A",0,0,1,TRUE
1571,32,"F3",300,0.2,0.3,"cat_trait=B",0,0,1,TRUE
1571,32,"F3",300,0.2,0.3,"cat_trait=C",0,0,1,TRUE
1571,32,"F3",300,0.2,0.3,"count_trait",1,0,0,FALSE
1572,33,"F1",1000,0.2,0.3,"trait1",1,0,0,FALSE
1572,33,"F1",1000,0.2,0.3,"trait2",1,0,0,FALSE
1572,33,"F1",1000,0.2,0.3,"trait3",0,1,0,FALSE
1572,33,"F1",1000,0.2,0.3,"trait4",0,1,0,FALSE
1573,34,"F2",1000,0.2,0.3,"trait1",1,0,0,FALSE
1573,34,"F2",1000,0.2,0.3,"trait2",1,0,0,FALSE
1573,34,"F2",1000,0.2,0.3,"trait3",0,1,0,FALSE
1573,34,"F2",1000,0.2,0.3,"trait4",1,0,0,FALSE
1574,35,"F3",1000,0.2,0.3,"cont1",0,1,0,FALSE
1574,35,"F3",1000,0.2,0.3,"binary_trait",0,1,0,FALSE
1574,35,"F3",1000,0.2,0.3,"cat_trait=A",0,0,1,TRUE
1574,35,"F3",1000,0.2,0.3,"cat_trait=B",0,0,1,TRUE
1574,35,"F3",1000,0.2,0.3,"cat_trait=C",0,0,1,TRUE
1574,35,"F3",1000,0.2,0.3,"count_trait",0,0,1,TRUE
1575,36,"F1",100,0.5,0.3,"trait1",0,1,0,FALSE
1575,36,"F1",100,0.5,0.3,"trait2",1,0,0,FALSE
1575,36,"F1",100,0.5,0.3,"trait3",0,1,0,FALSE
1575,36,"F1",100,0.5,0.3,"trait4",0,0,1,TRUE
1576,37,"F2",100,0.5,0.3,"trait1",0,1,0,FALSE
1576,37,"F2",100,0.5,0.3,"trait2",0,0,1,TRUE
1576,37,"F2",100,0.5,0.3,"trait3",0,0,1,TRUE
1576,37,"F2",100,0.5,0.3,"trait4",0,0,1,TRUE
1577,38,"F3",100,0.5,0.3,"cont1",0.9,0.1,0,FALSE
1577,38,"F3",100,0.5,0.3,"binary_trait",0,1,0,FALSE
1577,38,"F3",100,0.5,0.3,"cat_trait=A",0,1,0,FALSE
1577,38,"F3",100,0.5,0.3,"cat_trait=B",0,1,0,FALSE
1577,38,"F3",100,0.5,0.3,"cat_trait=C",0,1,0,FALSE
1577,38,"F3",100,0.5,0.3,"count_trait",1,0,0,FALSE
1578,39,"F1",300,0.5,0.3,"trait1",0,1,0,FALSE
1578,39,"F1",300,0.5,0.3,"trait2",0,1,0,FALSE
1578,39,"F1",300,0.5,0.3,"trait3",0.555555555555556,0,0.444444444444444,FALSE
1578,39,"F1",300,0.5,0.3,"trait4",0,1,0,FALSE
1579,40,"F2",300,0.5,0.3,"trait1",0,1,0,FALSE
1579,40,"F2",300,0.5,0.3,"trait2",0,1,0,FALSE
1579,40,"F2",300,0.5,0.3,"trait3",0,1,0,FALSE
1579,40,"F2",300,0.5,0.3,"trait4",1,0,0,FALSE
1580,41,"F3",300,0.5,0.3,"cont1",0,1,0,FALSE
1580,41,"F3",300,0.5,0.3,"binary_trait",0,1,0,FALSE
1580,41,"F3",300,0.5,0.3,"cat_trait=A",0,1,0,FALSE
1580,41,"F3",300,0.5,0.3,"cat_trait=B",0,1,0,FALSE
1580,41,"F3",300,0.5,0.3,"cat_trait=C",0,1,0,FALSE
1580,41,"F3",300,0.5,0.3,"count_trait",0,1,0,FALSE
1581,42,"F1",1000,0.5,0.3,"trait1",0,0.85,0.15,FALSE
1581,42,"F1",1000,0.5,0.3,"trait2",0,1,0,FALSE
1581,42,"F1",1000,0.5,0.3,"trait3",0.8,0.2,0,FALSE
1581,42,"F1",1000,0.5,0.3,"trait4",0,0.7,0.3,FALSE
1582,43,"F2",1000,0.5,0.3,"trait1",0,1,0,FALSE
1582,43,"F2",1000,0.5,0.3,"trait2",0,1,0,FALSE
1582,43,"F2",1000,0.5,0.3,"trait3",0,1,0,FALSE
1582,43,"F2",1000,0.5,0.3,"trait4",1,0,0,FALSE
1583,44,"F3",1000,0.5,0.3,"cont1",0.421052631578947,0.578947368421053,0,FALSE
1583,44,"F3",1000,0.5,0.3,"binary_trait",0,1,0,FALSE
1583,44,"F3",1000,0.5,0.3,"cat_trait=A",0,1,0,FALSE
1583,44,"F3",1000,0.5,0.3,"cat_trait=B",0,1,0,FALSE
1583,44,"F3",1000,0.5,0.3,"cat_trait=C",0,1,0,FALSE
1583,44,"F3",1000,0.5,0.3,"count_trait",0,1,0,FALSE
1584,45,"F1",100,1,0.3,"trait1",0,0.947368421052632,0.0526315789473684,FALSE
1584,45,"F1",100,1,0.3,"trait2",1,0,0,FALSE
1584,45,"F1",100,1,0.3,"trait3",0,1,0,FALSE
1584,45,"F1",100,1,0.3,"trait4",0,1,0,FALSE
1585,46,"F2",100,1,0.3,"trait1",0,1,0,FALSE
1585,46,"F2",100,1,0.3,"trait2",0,1,0,FALSE
1585,46,"F2",100,1,0.3,"trait3",0,0,1,TRUE
1585,46,"F2",100,1,0.3,"trait4",1,0,0,FALSE
1586,47,"F3",100,1,0.3,"cont1",0,1,0,FALSE
1586,47,"F3",100,1,0.3,"binary_trait",0,0,1,TRUE
1586,47,"F3",100,1,0.3,"cat_trait=A",0,0,1,TRUE
1586,47,"F3",100,1,0.3,"cat_trait=B",0,0,1,TRUE
1586,47,"F3",100,1,0.3,"cat_trait=C",0,0,1,TRUE
1586,47,"F3",100,1,0.3,"count_trait",0,1,0,FALSE
1587,48,"F1",300,1,0.3,"trait1",0.578947368421053,0.421052631578947,0,FALSE
1587,48,"F1",300,1,0.3,"trait2",0,1,0,FALSE
1587,48,"F1",300,1,0.3,"trait3",0,0.95,0.05,FALSE
1587,48,"F1",300,1,0.3,"trait4",0,1,0,FALSE
1588,49,"F2",300,1,0.3,"trait1",0,1,0,FALSE
1588,49,"F2",300,1,0.3,"trait2",0.8,0,0.2,FALSE
1588,49,"F2",300,1,0.3,"trait3",0.5,0.285714285714286,0.214285714285714,FALSE
1588,49,"F2",300,1,0.3,"trait4",0.809523809523809,0.142857142857143,0.0476190476190476,FALSE
1589,50,"F3",300,1,0.3,"cont1",0,1,0,FALSE
1589,50,"F3",300,1,0.3,"binary_trait",0,1,0,FALSE
1589,50,"F3",300,1,0.3,"cat_trait=A",0,1,0,FALSE
1589,50,"F3",300,1,0.3,"cat_trait=B",0,1,0,FALSE
1589,50,"F3",300,1,0.3,"cat_trait=C",0,1,0,FALSE
1589,50,"F3",300,1,0.3,"count_trait",0,1,0,FALSE
1590,51,"F1",1000,1,0.3,"trait1",1,0,0,FALSE
1590,51,"F1",1000,1,0.3,"trait2",0.95,0.05,0,FALSE
1590,51,"F1",1000,1,0.3,"trait3",0,1,0,FALSE
1590,51,"F1",1000,1,0.3,"trait4",0,1,0,FALSE
1591,52,"F2",1000,1,0.3,"trait1",0.35,0.65,0,FALSE
1591,52,"F2",1000,1,0.3,"trait2",0,1,0,FALSE
1591,52,"F2",1000,1,0.3,"trait3",0.666666666666667,0.222222222222222,0.111111111111111,FALSE
1591,52,"F2",1000,1,0.3,"trait4",1,0,0,FALSE
1592,53,"F3",1000,1,0.3,"cont1",0,1,0,FALSE
1592,53,"F3",1000,1,0.3,"binary_trait",0,1,0,FALSE
1592,53,"F3",1000,1,0.3,"cat_trait=A",0,0.1,0.9,FALSE
1592,53,"F3",1000,1,0.3,"cat_trait=B",0,0.1,0.9,FALSE
1592,53,"F3",1000,1,0.3,"cat_trait=C",0,0.1,0.9,FALSE
1592,53,"F3",1000,1,0.3,"count_trait",0.263157894736842,0.68421052631579,0.0526315789473684,FALSE
1593,54,"F1",100,0.2,0.5,"trait1",0,0.625,0.375,FALSE
1593,54,"F1",100,0.2,0.5,"trait2",0,1,0,FALSE
1593,54,"F1",100,0.2,0.5,"trait3",0,0,1,TRUE
1593,54,"F1",100,0.2,0.5,"trait4",1,0,0,FALSE
1594,55,"F2",100,0.2,0.5,"trait1",1,0,0,FALSE
1594,55,"F2",100,0.2,0.5,"trait2",0,0,1,TRUE
1594,55,"F2",100,0.2,0.5,"trait3",0,0,1,TRUE
1594,55,"F2",100,0.2,0.5,"trait4",0,0,1,TRUE
1595,56,"F3",100,0.2,0.5,"cont1",0,1,0,FALSE
1595,56,"F3",100,0.2,0.5,"binary_trait",0,1,0,FALSE
1595,56,"F3",100,0.2,0.5,"cat_trait=A",0,0,1,TRUE
1595,56,"F3",100,0.2,0.5,"cat_trait=B",0,0,1,TRUE
1595,56,"F3",100,0.2,0.5,"cat_trait=C",0,0,1,TRUE
1595,56,"F3",100,0.2,0.5,"count_trait",0,0,1,TRUE
1596,57,"F1",300,0.2,0.5,"trait1",0,0,1,TRUE
1596,57,"F1",300,0.2,0.5,"trait2",1,0,0,FALSE
1596,57,"F1",300,0.2,0.5,"trait3",1,0,0,FALSE
1596,57,"F1",300,0.2,0.5,"trait4",0,1,0,FALSE
1597,58,"F2",300,0.2,0.5,"trait1",0,1,0,FALSE
1597,58,"F2",300,0.2,0.5,"trait2",0,0,1,TRUE
1597,58,"F2",300,0.2,0.5,"trait3",0,0,1,TRUE
1597,58,"F2",300,0.2,0.5,"trait4",0,1,0,FALSE
1598,59,"F3",300,0.2,0.5,"cont1",0,1,0,FALSE
1598,59,"F3",300,0.2,0.5,"binary_trait",0,0,1,TRUE
1598,59,"F3",300,0.2,0.5,"cat_trait=A",0,0,1,TRUE
1598,59,"F3",300,0.2,0.5,"cat_trait=B",0,0,1,TRUE
1598,59,"F3",300,0.2,0.5,"cat_trait=C",0,0,1,TRUE
1598,59,"F3",300,0.2,0.5,"count_trait",0,0,1,TRUE
1599,60,"F1",1000,0.2,0.5,"trait1",0,1,0,FALSE
1599,60,"F1",1000,0.2,0.5,"trait2",0,0,1,TRUE
1599,60,"F1",1000,0.2,0.5,"trait3",0,1,0,FALSE
1599,60,"F1",1000,0.2,0.5,"trait4",0,1,0,FALSE
1600,61,"F2",1000,0.2,0.5,"trait1",1,0,0,FALSE
1600,61,"F2",1000,0.2,0.5,"trait2",1,0,0,FALSE
1600,61,"F2",1000,0.2,0.5,"trait3",0,1,0,FALSE
1600,61,"F2",1000,0.2,0.5,"trait4",0,1,0,FALSE
1601,62,"F3",1000,0.2,0.5,"cont1",0,1,0,FALSE
1601,62,"F3",1000,0.2,0.5,"binary_trait",0,1,0,FALSE
1601,62,"F3",1000,0.2,0.5,"cat_trait=A",0,0,1,TRUE
1601,62,"F3",1000,0.2,0.5,"cat_trait=B",0,0,1,TRUE
1601,62,"F3",1000,0.2,0.5,"cat_trait=C",0,0,1,TRUE
1601,62,"F3",1000,0.2,0.5,"count_trait",0,0,1,TRUE
1602,63,"F1",100,0.5,0.5,"trait1",1,0,0,FALSE
1602,63,"F1",100,0.5,0.5,"trait2",0,1,0,FALSE
1602,63,"F1",100,0.5,0.5,"trait3",0.65,0.35,0,FALSE
1602,63,"F1",100,0.5,0.5,"trait4",0,0,1,TRUE
1603,64,"F2",100,0.5,0.5,"trait1",1,0,0,FALSE
1603,64,"F2",100,0.5,0.5,"trait2",0,1,0,FALSE
1603,64,"F2",100,0.5,0.5,"trait3",0,0,1,TRUE
1603,64,"F2",100,0.5,0.5,"trait4",0,0,1,TRUE
1604,65,"F3",100,0.5,0.5,"cont1",0,0,1,TRUE
1604,65,"F3",100,0.5,0.5,"binary_trait",0,0,1,TRUE
1604,65,"F3",100,0.5,0.5,"cat_trait=A",0,0,1,TRUE
1604,65,"F3",100,0.5,0.5,"cat_trait=B",0,0,1,TRUE
1604,65,"F3",100,0.5,0.5,"cat_trait=C",0,0,1,TRUE
1604,65,"F3",100,0.5,0.5,"count_trait",0,0,1,TRUE
1605,66,"F1",300,0.5,0.5,"trait1",0,0,1,TRUE
1605,66,"F1",300,0.5,0.5,"trait2",0,1,0,FALSE
1605,66,"F1",300,0.5,0.5,"trait3",0.764705882352941,0,0.235294117647059,FALSE
1605,66,"F1",300,0.5,0.5,"trait4",0,1,0,FALSE
1606,67,"F2",300,0.5,0.5,"trait1",1,0,0,FALSE
1606,67,"F2",300,0.5,0.5,"trait2",1,0,0,FALSE
1606,67,"F2",300,0.5,0.5,"trait3",0,0,1,TRUE
1606,67,"F2",300,0.5,0.5,"trait4",0,0,1,TRUE
1607,68,"F3",300,0.5,0.5,"cont1",1,0,0,FALSE
1607,68,"F3",300,0.5,0.5,"binary_trait",0,1,0,FALSE
1607,68,"F3",300,0.5,0.5,"cat_trait=A",0,0,1,TRUE
1607,68,"F3",300,0.5,0.5,"cat_trait=B",0,0,1,TRUE
1607,68,"F3",300,0.5,0.5,"cat_trait=C",0,0,1,TRUE
1607,68,"F3",300,0.5,0.5,"count_trait",0.1,0.9,0,FALSE
1608,69,"F1",1000,0.5,0.5,"trait1",0.2,0.8,0,FALSE
1608,69,"F1",1000,0.5,0.5,"trait2",0.0555555555555556,0.944444444444444,0,FALSE
1608,69,"F1",1000,0.5,0.5,"trait3",0,1,0,FALSE
1608,69,"F1",1000,0.5,0.5,"trait4",0,1,0,FALSE
1609,70,"F2",1000,0.5,0.5,"trait1",0,1,0,FALSE
1609,70,"F2",1000,0.5,0.5,"trait2",1,0,0,FALSE
1609,70,"F2",1000,0.5,0.5,"trait3",0,1,0,FALSE
1609,70,"F2",1000,0.5,0.5,"trait4",0.65,0.35,0,FALSE
1610,71,"F3",1000,0.5,0.5,"cont1",0,1,0,FALSE
1610,71,"F3",1000,0.5,0.5,"binary_trait",0,0,1,TRUE
1610,71,"F3",1000,0.5,0.5,"cat_trait=A",0,0.105263157894737,0.894736842105263,FALSE
1610,71,"F3",1000,0.5,0.5,"cat_trait=B",0,0.105263157894737,0.894736842105263,FALSE
1610,71,"F3",1000,0.5,0.5,"cat_trait=C",0,0.105263157894737,0.894736842105263,FALSE
1610,71,"F3",1000,0.5,0.5,"count_trait",0.45,0.55,0,FALSE
1611,72,"F1",100,1,0.5,"trait1",0,1,0,FALSE
1611,72,"F1",100,1,0.5,"trait2",0,1,0,FALSE
1611,72,"F1",100,1,0.5,"trait3",0,1,0,FALSE
1611,72,"F1",100,1,0.5,"trait4",0,0,1,TRUE
1612,73,"F2",100,1,0.5,"trait1",0.631578947368421,0,0.368421052631579,FALSE
1612,73,"F2",100,1,0.5,"trait2",0,1,0,FALSE
1612,73,"F2",100,1,0.5,"trait3",0,1,0,FALSE
1612,73,"F2",100,1,0.5,"trait4",0,0,1,TRUE
1613,74,"F3",100,1,0.5,"cont1",0,1,0,FALSE
1613,74,"F3",100,1,0.5,"binary_trait",0,1,0,FALSE
1613,74,"F3",100,1,0.5,"cat_trait=A",0,1,0,FALSE
1613,74,"F3",100,1,0.5,"cat_trait=B",0,1,0,FALSE
1613,74,"F3",100,1,0.5,"cat_trait=C",0,1,0,FALSE
1613,74,"F3",100,1,0.5,"count_trait",0.1,0.9,0,FALSE
1614,75,"F1",300,1,0.5,"trait1",0,1,0,FALSE
1614,75,"F1",300,1,0.5,"trait2",1,0,0,FALSE
1614,75,"F1",300,1,0.5,"trait3",0,0.95,0.05,FALSE
1614,75,"F1",300,1,0.5,"trait4",1,0,0,FALSE
1615,76,"F2",300,1,0.5,"trait1",0,0.9,0.1,FALSE
1615,76,"F2",300,1,0.5,"trait2",0.4,0.6,0,FALSE
1615,76,"F2",300,1,0.5,"trait3",0,1,0,FALSE
1615,76,"F2",300,1,0.5,"trait4",0,1,0,FALSE
1616,77,"F3",300,1,0.5,"cont1",0.6,0.4,0,FALSE
1616,77,"F3",300,1,0.5,"binary_trait",0,1,0,FALSE
1616,77,"F3",300,1,0.5,"cat_trait=A",0,1,0,FALSE
1616,77,"F3",300,1,0.5,"cat_trait=B",0,1,0,FALSE
1616,77,"F3",300,1,0.5,"cat_trait=C",0,1,0,FALSE
1616,77,"F3",300,1,0.5,"count_trait",0,1,0,FALSE
1617,78,"F1",1000,1,0.5,"trait1",0,1,0,FALSE
1617,78,"F1",1000,1,0.5,"trait2",0.55,0.45,0,FALSE
1617,78,"F1",1000,1,0.5,"trait3",0,1,0,FALSE
1617,78,"F1",1000,1,0.5,"trait4",0,1,0,FALSE
1618,79,"F2",1000,1,0.5,"trait1",0,1,0,FALSE
1618,79,"F2",1000,1,0.5,"trait2",0,0.95,0.05,FALSE
1618,79,"F2",1000,1,0.5,"trait3",0.388888888888889,0.222222222222222,0.388888888888889,FALSE
1618,79,"F2",1000,1,0.5,"trait4",1,0,0,FALSE
1619,80,"F3",1000,1,0.5,"cont1",0,1,0,FALSE
1619,80,"F3",1000,1,0.5,"binary_trait",0,1,0,FALSE
1619,80,"F3",1000,1,0.5,"cat_trait=A",0,1,0,FALSE
1619,80,"F3",1000,1,0.5,"cat_trait=B",0,1,0,FALSE
1619,80,"F3",1000,1,0.5,"cat_trait=C",0,1,0,FALSE
1619,80,"F3",1000,1,0.5,"count_trait",0.388888888888889,0.611111111111111,0,FALSE
1620,0,"F1",100,0.2,0.1,"trait1",0,1,0,FALSE
1620,0,"F1",100,0.2,0.1,"trait2",0,0,1,TRUE
1620,0,"F1",100,0.2,0.1,"trait3",0,0,1,TRUE
1620,0,"F1",100,0.2,0.1,"trait4",0,0,1,TRUE
1621,1,"F2",100,0.2,0.1,"trait1",0,0,1,TRUE
1621,1,"F2",100,0.2,0.1,"trait2",1,0,0,FALSE
1621,1,"F2",100,0.2,0.1,"trait3",0,0,1,TRUE
1621,1,"F2",100,0.2,0.1,"trait4",1,0,0,FALSE
1622,2,"F3",100,0.2,0.1,"cont1",0.6,0.4,0,FALSE
1622,2,"F3",100,0.2,0.1,"binary_trait",0,0,1,TRUE
1622,2,"F3",100,0.2,0.1,"cat_trait=A",0,0,1,TRUE
1622,2,"F3",100,0.2,0.1,"cat_trait=B",0,0,1,TRUE
1622,2,"F3",100,0.2,0.1,"cat_trait=C",0,0,1,TRUE
1622,2,"F3",100,0.2,0.1,"count_trait",1,0,0,FALSE
1623,3,"F1",300,0.2,0.1,"trait1",1,0,0,FALSE
1623,3,"F1",300,0.2,0.1,"trait2",0.3125,0.6875,0,FALSE
1623,3,"F1",300,0.2,0.1,"trait3",0,0.75,0.25,FALSE
1623,3,"F1",300,0.2,0.1,"trait4",0.588235294117647,0,0.411764705882353,FALSE
1624,4,"F2",300,0.2,0.1,"trait1",0,0,1,TRUE
1624,4,"F2",300,0.2,0.1,"trait2",1,0,0,FALSE
1624,4,"F2",300,0.2,0.1,"trait3",1,0,0,FALSE
1624,4,"F2",300,0.2,0.1,"trait4",1,0,0,FALSE
1625,5,"F3",300,0.2,0.1,"cont1",0,1,0,FALSE
1625,5,"F3",300,0.2,0.1,"binary_trait",0,0,1,TRUE
1625,5,"F3",300,0.2,0.1,"cat_trait=A",0,0,1,TRUE
1625,5,"F3",300,0.2,0.1,"cat_trait=B",0,0,1,TRUE
1625,5,"F3",300,0.2,0.1,"cat_trait=C",0,0,1,TRUE
1625,5,"F3",300,0.2,0.1,"count_trait",0,0,1,TRUE
1626,6,"F1",1000,0.2,0.1,"trait1",0,1,0,FALSE
1626,6,"F1",1000,0.2,0.1,"trait2",1,0,0,FALSE
1626,6,"F1",1000,0.2,0.1,"trait3",0,1,0,FALSE
1626,6,"F1",1000,0.2,0.1,"trait4",0,1,0,FALSE
1627,7,"F2",1000,0.2,0.1,"trait1",1,0,0,FALSE
1627,7,"F2",1000,0.2,0.1,"trait2",1,0,0,FALSE
1627,7,"F2",1000,0.2,0.1,"trait3",0,0.6,0.4,FALSE
1627,7,"F2",1000,0.2,0.1,"trait4",1,0,0,FALSE
1628,8,"F3",1000,0.2,0.1,"cont1",0,1,0,FALSE
1628,8,"F3",1000,0.2,0.1,"binary_trait",0,1,0,FALSE
1628,8,"F3",1000,0.2,0.1,"cat_trait=A",0,0,1,TRUE
1628,8,"F3",1000,0.2,0.1,"cat_trait=B",0,0,1,TRUE
1628,8,"F3",1000,0.2,0.1,"cat_trait=C",0,0,1,TRUE
1628,8,"F3",1000,0.2,0.1,"count_trait",1,0,0,FALSE
1629,9,"F1",100,0.5,0.1,"trait1",0.866666666666667,0,0.133333333333333,FALSE
1629,9,"F1",100,0.5,0.1,"trait2",0,0,1,TRUE
1629,9,"F1",100,0.5,0.1,"trait3",0,1,0,FALSE
1629,9,"F1",100,0.5,0.1,"trait4",0,1,0,FALSE
1630,10,"F2",100,0.5,0.1,"trait1",0,1,0,FALSE
1630,10,"F2",100,0.5,0.1,"trait2",1,0,0,FALSE
1630,10,"F2",100,0.5,0.1,"trait3",0,0,1,TRUE
1630,10,"F2",100,0.5,0.1,"trait4",0,1,0,FALSE
1631,11,"F3",100,0.5,0.1,"cont1",1,0,0,FALSE
1631,11,"F3",100,0.5,0.1,"binary_trait",0,0,1,TRUE
1631,11,"F3",100,0.5,0.1,"cat_trait=A",0,1,0,FALSE
1631,11,"F3",100,0.5,0.1,"cat_trait=B",0,1,0,FALSE
1631,11,"F3",100,0.5,0.1,"cat_trait=C",0,1,0,FALSE
1631,11,"F3",100,0.5,0.1,"count_trait",0,0,1,TRUE
1632,12,"F1",300,0.5,0.1,"trait1",0,1,0,FALSE
1632,12,"F1",300,0.5,0.1,"trait2",0,0.95,0.05,FALSE
1632,12,"F1",300,0.5,0.1,"trait3",0,1,0,FALSE
1632,12,"F1",300,0.5,0.1,"trait4",0.0555555555555556,0.888888888888889,0.0555555555555556,FALSE
1633,13,"F2",300,0.5,0.1,"trait1",0,1,0,FALSE
1633,13,"F2",300,0.5,0.1,"trait2",1,0,0,FALSE
1633,13,"F2",300,0.5,0.1,"trait3",0,1,0,FALSE
1633,13,"F2",300,0.5,0.1,"trait4",0.9,0,0.1,FALSE
1634,14,"F3",300,0.5,0.1,"cont1",0,1,0,FALSE
1634,14,"F3",300,0.5,0.1,"binary_trait",0,1,0,FALSE
1634,14,"F3",300,0.5,0.1,"cat_trait=A",0,1,0,FALSE
1634,14,"F3",300,0.5,0.1,"cat_trait=B",0,1,0,FALSE
1634,14,"F3",300,0.5,0.1,"cat_trait=C",0,1,0,FALSE
1634,14,"F3",300,0.5,0.1,"count_trait",0,1,0,FALSE
1635,15,"F1",1000,0.5,0.1,"trait1",0,1,0,FALSE
1635,15,"F1",1000,0.5,0.1,"trait2",0,1,0,FALSE
1635,15,"F1",1000,0.5,0.1,"trait3",0,1,0,FALSE
1635,15,"F1",1000,0.5,0.1,"trait4",0,1,0,FALSE
1636,16,"F2",1000,0.5,0.1,"trait1",0,1,0,FALSE
1636,16,"F2",1000,0.5,0.1,"trait2",1,0,0,FALSE
1636,16,"F2",1000,0.5,0.1,"trait3",0,1,0,FALSE
1636,16,"F2",1000,0.5,0.1,"trait4",1,0,0,FALSE
1637,17,"F3",1000,0.5,0.1,"cont1",0.4,0.6,0,FALSE
1637,17,"F3",1000,0.5,0.1,"binary_trait",0,1,0,FALSE
1637,17,"F3",1000,0.5,0.1,"cat_trait=A",0,0.611111111111111,0.388888888888889,FALSE
1637,17,"F3",1000,0.5,0.1,"cat_trait=B",0,0.611111111111111,0.388888888888889,FALSE
1637,17,"F3",1000,0.5,0.1,"cat_trait=C",0,0.611111111111111,0.388888888888889,FALSE
1637,17,"F3",1000,0.5,0.1,"count_trait",0,1,0,FALSE
1638,18,"F1",100,1,0.1,"trait1",0.5,0.45,0.05,FALSE
1638,18,"F1",100,1,0.1,"trait2",1,0,0,FALSE
1638,18,"F1",100,1,0.1,"trait3",0,1,0,FALSE
1638,18,"F1",100,1,0.1,"trait4",0,0.95,0.05,FALSE
1639,19,"F2",100,1,0.1,"trait1",0,0.7,0.3,FALSE
1639,19,"F2",100,1,0.1,"trait2",0.947368421052632,0,0.0526315789473684,FALSE
1639,19,"F2",100,1,0.1,"trait3",0,0,1,TRUE
1639,19,"F2",100,1,0.1,"trait4",1,0,0,FALSE
1640,20,"F3",100,1,0.1,"cont1",0,1,0,FALSE
1640,20,"F3",100,1,0.1,"binary_trait",0,0,1,TRUE
1640,20,"F3",100,1,0.1,"cat_trait=A",0,0,1,TRUE
1640,20,"F3",100,1,0.1,"cat_trait=B",0,0,1,TRUE
1640,20,"F3",100,1,0.1,"cat_trait=C",0,0,1,TRUE
1640,20,"F3",100,1,0.1,"count_trait",1,0,0,FALSE
1641,21,"F1",300,1,0.1,"trait1",0.9,0.1,0,FALSE
1641,21,"F1",300,1,0.1,"trait2",0.45,0.55,0,FALSE
1641,21,"F1",300,1,0.1,"trait3",0,1,0,FALSE
1641,21,"F1",300,1,0.1,"trait4",0,1,0,FALSE
1642,22,"F2",300,1,0.1,"trait1",0,1,0,FALSE
1642,22,"F2",300,1,0.1,"trait2",0.05,0.95,0,FALSE
1642,22,"F2",300,1,0.1,"trait3",0,1,0,FALSE
1642,22,"F2",300,1,0.1,"trait4",0.45,0.55,0,FALSE
1643,23,"F3",300,1,0.1,"cont1",0,1,0,FALSE
1643,23,"F3",300,1,0.1,"binary_trait",0,1,0,FALSE
1643,23,"F3",300,1,0.1,"cat_trait=A",0,0.3,0.7,FALSE
1643,23,"F3",300,1,0.1,"cat_trait=B",0,0.3,0.7,FALSE
1643,23,"F3",300,1,0.1,"cat_trait=C",0,0.3,0.7,FALSE
1643,23,"F3",300,1,0.1,"count_trait",0,0.7,0.3,FALSE
1644,24,"F1",1000,1,0.1,"trait1",0,1,0,FALSE
1644,24,"F1",1000,1,0.1,"trait2",0,1,0,FALSE
1644,24,"F1",1000,1,0.1,"trait3",0,1,0,FALSE
1644,24,"F1",1000,1,0.1,"trait4",0,1,0,FALSE
1645,25,"F2",1000,1,0.1,"trait1",0.8,0.2,0,FALSE
1645,25,"F2",1000,1,0.1,"trait2",1,0,0,FALSE
1645,25,"F2",1000,1,0.1,"trait3",0,1,0,FALSE
1645,25,"F2",1000,1,0.1,"trait4",0,1,0,FALSE
1646,26,"F3",1000,1,0.1,"cont1",0,1,0,FALSE
1646,26,"F3",1000,1,0.1,"binary_trait",0,1,0,FALSE
1646,26,"F3",1000,1,0.1,"cat_trait=A",0,1,0,FALSE
1646,26,"F3",1000,1,0.1,"cat_trait=B",0,1,0,FALSE
1646,26,"F3",1000,1,0.1,"cat_trait=C",0,1,0,FALSE
1646,26,"F3",1000,1,0.1,"count_trait",0,0.55,0.45,FALSE
1647,27,"F1",100,0.2,0.3,"trait1",0,1,0,FALSE
1647,27,"F1",100,0.2,0.3,"trait2",0,0,1,TRUE
1647,27,"F1",100,0.2,0.3,"trait3",0,0,1,TRUE
1647,27,"F1",100,0.2,0.3,"trait4",0,0,1,TRUE
1648,28,"F2",100,0.2,0.3,"trait1",0,0,1,TRUE
1648,28,"F2",100,0.2,0.3,"trait2",0,0,1,TRUE
1648,28,"F2",100,0.2,0.3,"trait3",0,1,0,FALSE
1648,28,"F2",100,0.2,0.3,"trait4",0,0,1,TRUE
1649,29,"F3",100,0.2,0.3,"cont1",0,1,0,FALSE
1649,29,"F3",100,0.2,0.3,"binary_trait",0,1,0,FALSE
1649,29,"F3",100,0.2,0.3,"cat_trait=A",0,0,1,TRUE
1649,29,"F3",100,0.2,0.3,"cat_trait=B",0,0,1,TRUE
1649,29,"F3",100,0.2,0.3,"cat_trait=C",0,0,1,TRUE
1649,29,"F3",100,0.2,0.3,"count_trait",0,1,0,FALSE
1650,30,"F1",300,0.2,0.3,"trait1",0,0,1,TRUE
1650,30,"F1",300,0.2,0.3,"trait2",0,0,1,TRUE
1650,30,"F1",300,0.2,0.3,"trait3",0,0,1,TRUE
1650,30,"F1",300,0.2,0.3,"trait4",1,0,0,FALSE
1651,31,"F2",300,0.2,0.3,"trait1",0,1,0,FALSE
1651,31,"F2",300,0.2,0.3,"trait2",0,0,1,TRUE
1651,31,"F2",300,0.2,0.3,"trait3",0,0,1,TRUE
1651,31,"F2",300,0.2,0.3,"trait4",0,0,1,TRUE
1652,32,"F3",300,0.2,0.3,"cont1",0,1,0,FALSE
1652,32,"F3",300,0.2,0.3,"binary_trait",0,0,1,TRUE
1652,32,"F3",300,0.2,0.3,"cat_trait=A",0,0.631578947368421,0.368421052631579,FALSE
1652,32,"F3",300,0.2,0.3,"cat_trait=B",0,0.631578947368421,0.368421052631579,FALSE
1652,32,"F3",300,0.2,0.3,"cat_trait=C",0,0.631578947368421,0.368421052631579,FALSE
1652,32,"F3",300,0.2,0.3,"count_trait",0,1,0,FALSE
1653,33,"F1",1000,0.2,0.3,"trait1",0,1,0,FALSE
1653,33,"F1",1000,0.2,0.3,"trait2",0,0.7,0.3,FALSE
1653,33,"F1",1000,0.2,0.3,"trait3",0,0.9,0.1,FALSE
1653,33,"F1",1000,0.2,0.3,"trait4",0,1,0,FALSE
1654,34,"F2",1000,0.2,0.3,"trait1",1,0,0,FALSE
1654,34,"F2",1000,0.2,0.3,"trait2",0,1,0,FALSE
1654,34,"F2",1000,0.2,0.3,"trait3",0,0,1,TRUE
1654,34,"F2",1000,0.2,0.3,"trait4",1,0,0,FALSE
1655,35,"F3",1000,0.2,0.3,"cont1",1,0,0,FALSE
1655,35,"F3",1000,0.2,0.3,"binary_trait",0,0.8,0.2,FALSE
1655,35,"F3",1000,0.2,0.3,"cat_trait=A",0,1,0,FALSE
1655,35,"F3",1000,0.2,0.3,"cat_trait=B",0,1,0,FALSE
1655,35,"F3",1000,0.2,0.3,"cat_trait=C",0,1,0,FALSE
1655,35,"F3",1000,0.2,0.3,"count_trait",0,1,0,FALSE
1656,36,"F1",100,0.5,0.3,"trait1",0,1,0,FALSE
1656,36,"F1",100,0.5,0.3,"trait2",1,0,0,FALSE
1656,36,"F1",100,0.5,0.3,"trait3",0,1,0,FALSE
1656,36,"F1",100,0.5,0.3,"trait4",0,0.9,0.1,FALSE
1657,37,"F2",100,0.5,0.3,"trait1",0.7,0.3,0,FALSE
1657,37,"F2",100,0.5,0.3,"trait2",0.5,0.5,0,FALSE
1657,37,"F2",100,0.5,0.3,"trait3",0,0,1,TRUE
1657,37,"F2",100,0.5,0.3,"trait4",0,0,1,TRUE
1658,38,"F3",100,0.5,0.3,"cont1",0,0.294117647058824,0.705882352941177,FALSE
1658,38,"F3",100,0.5,0.3,"binary_trait",0,0,1,TRUE
1658,38,"F3",100,0.5,0.3,"cat_trait=A",0,1,0,FALSE
1658,38,"F3",100,0.5,0.3,"cat_trait=B",0,1,0,FALSE
1658,38,"F3",100,0.5,0.3,"cat_trait=C",0,1,0,FALSE
1658,38,"F3",100,0.5,0.3,"count_trait",0,1,0,FALSE
1659,39,"F1",300,0.5,0.3,"trait1",0,1,0,FALSE
1659,39,"F1",300,0.5,0.3,"trait2",1,0,0,FALSE
1659,39,"F1",300,0.5,0.3,"trait3",0,1,0,FALSE
1659,39,"F1",300,0.5,0.3,"trait4",0.05,0.95,0,FALSE
1660,40,"F2",300,0.5,0.3,"trait1",0,1,0,FALSE
1660,40,"F2",300,0.5,0.3,"trait2",0.888888888888889,0,0.111111111111111,FALSE
1660,40,"F2",300,0.5,0.3,"trait3",0,0,1,TRUE
1660,40,"F2",300,0.5,0.3,"trait4",1,0,0,FALSE
1661,41,"F3",300,0.5,0.3,"cont1",0,1,0,FALSE
1661,41,"F3",300,0.5,0.3,"binary_trait",0,1,0,FALSE
1661,41,"F3",300,0.5,0.3,"cat_trait=A",0,1,0,FALSE
1661,41,"F3",300,0.5,0.3,"cat_trait=B",0,1,0,FALSE
1661,41,"F3",300,0.5,0.3,"cat_trait=C",0,1,0,FALSE
1661,41,"F3",300,0.5,0.3,"count_trait",0,1,0,FALSE
1662,42,"F1",1000,0.5,0.3,"trait1",0,1,0,FALSE
1662,42,"F1",1000,0.5,0.3,"trait2",0,1,0,FALSE
1662,42,"F1",1000,0.5,0.3,"trait3",0,1,0,FALSE
1662,42,"F1",1000,0.5,0.3,"trait4",0,1,0,FALSE
1663,43,"F2",1000,0.5,0.3,"trait1",1,0,0,FALSE
1663,43,"F2",1000,0.5,0.3,"trait2",1,0,0,FALSE
1663,43,"F2",1000,0.5,0.3,"trait3",0,1,0,FALSE
1663,43,"F2",1000,0.5,0.3,"trait4",1,0,0,FALSE
1664,44,"F3",1000,0.5,0.3,"cont1",1,0,0,FALSE
1664,44,"F3",1000,0.5,0.3,"binary_trait",0,0,1,TRUE
1664,44,"F3",1000,0.5,0.3,"cat_trait=A",0,1,0,FALSE
1664,44,"F3",1000,0.5,0.3,"cat_trait=B",0,1,0,FALSE
1664,44,"F3",1000,0.5,0.3,"cat_trait=C",0,1,0,FALSE
1664,44,"F3",1000,0.5,0.3,"count_trait",0,1,0,FALSE
1665,45,"F1",100,1,0.3,"trait1",1,0,0,FALSE
1665,45,"F1",100,1,0.3,"trait2",0,1,0,FALSE
1665,45,"F1",100,1,0.3,"trait3",0,1,0,FALSE
1665,45,"F1",100,1,0.3,"trait4",0,0.95,0.05,FALSE
1666,46,"F2",100,1,0.3,"trait1",0,1,0,FALSE
1666,46,"F2",100,1,0.3,"trait2",0,1,0,FALSE
1666,46,"F2",100,1,0.3,"trait3",0,0,1,TRUE
1666,46,"F2",100,1,0.3,"trait4",0,0.352941176470588,0.647058823529412,FALSE
1667,47,"F3",100,1,0.3,"cont1",0,1,0,FALSE
1667,47,"F3",100,1,0.3,"binary_trait",0,1,0,FALSE
1667,47,"F3",100,1,0.3,"cat_trait=A",0,0,1,TRUE
1667,47,"F3",100,1,0.3,"cat_trait=B",0,0,1,TRUE
1667,47,"F3",100,1,0.3,"cat_trait=C",0,0,1,TRUE
1667,47,"F3",100,1,0.3,"count_trait",1,0,0,FALSE
1668,48,"F1",300,1,0.3,"trait1",0,1,0,FALSE
1668,48,"F1",300,1,0.3,"trait2",0,0.75,0.25,FALSE
1668,48,"F1",300,1,0.3,"trait3",0,1,0,FALSE
1668,48,"F1",300,1,0.3,"trait4",0,1,0,FALSE
1669,49,"F2",300,1,0.3,"trait1",0,1,0,FALSE
1669,49,"F2",300,1,0.3,"trait2",0.95,0.05,0,FALSE
1669,49,"F2",300,1,0.3,"trait3",0,0.45,0.55,FALSE
1669,49,"F2",300,1,0.3,"trait4",0.88235294117647,0,0.117647058823529,FALSE
1670,50,"F3",300,1,0.3,"cont1",0.947368421052632,0.0526315789473684,0,FALSE
1670,50,"F3",300,1,0.3,"binary_trait",0,1,0,FALSE
1670,50,"F3",300,1,0.3,"cat_trait=A",0,1,0,FALSE
1670,50,"F3",300,1,0.3,"cat_trait=B",0,1,0,FALSE
1670,50,"F3",300,1,0.3,"cat_trait=C",0,1,0,FALSE
1670,50,"F3",300,1,0.3,"count_trait",0,1,0,FALSE
1671,51,"F1",1000,1,0.3,"trait1",0.45,0.55,0,FALSE
1671,51,"F1",1000,1,0.3,"trait2",0,1,0,FALSE
1671,51,"F1",1000,1,0.3,"trait3",0,1,0,FALSE
1671,51,"F1",1000,1,0.3,"trait4",0,1,0,FALSE
1672,52,"F2",1000,1,0.3,"trait1",0,1,0,FALSE
1672,52,"F2",1000,1,0.3,"trait2",0.944444444444444,0.0555555555555556,0,FALSE
1672,52,"F2",1000,1,0.3,"trait3",0,0.65,0.35,FALSE
1672,52,"F2",1000,1,0.3,"trait4",0.473684210526316,0.421052631578947,0.105263157894737,FALSE
1673,53,"F3",1000,1,0.3,"cont1",0,1,0,FALSE
1673,53,"F3",1000,1,0.3,"binary_trait",0,1,0,FALSE
1673,53,"F3",1000,1,0.3,"cat_trait=A",0,1,0,FALSE
1673,53,"F3",1000,1,0.3,"cat_trait=B",0,1,0,FALSE
1673,53,"F3",1000,1,0.3,"cat_trait=C",0,1,0,FALSE
1673,53,"F3",1000,1,0.3,"count_trait",0.0526315789473684,0.789473684210526,0.157894736842105,FALSE
1674,54,"F1",100,0.2,0.5,"trait1",0,0,1,TRUE
1674,54,"F1",100,0.2,0.5,"trait2",0,0,1,TRUE
1674,54,"F1",100,0.2,0.5,"trait3",0,0,1,TRUE
1674,54,"F1",100,0.2,0.5,"trait4",0,1,0,FALSE
1675,55,"F2",100,0.2,0.5,"trait1",0,0,1,TRUE
1675,55,"F2",100,0.2,0.5,"trait2",1,0,0,FALSE
1675,55,"F2",100,0.2,0.5,"trait3",0,0,1,TRUE
1675,55,"F2",100,0.2,0.5,"trait4",0.764705882352941,0.235294117647059,0,FALSE
1676,56,"F3",100,0.2,0.5,"cont1",0,0,1,TRUE
1676,56,"F3",100,0.2,0.5,"binary_trait",0,0,1,TRUE
1676,56,"F3",100,0.2,0.5,"cat_trait=A",0,0,1,TRUE
1676,56,"F3",100,0.2,0.5,"cat_trait=B",0,0,1,TRUE
1676,56,"F3",100,0.2,0.5,"cat_trait=C",0,0,1,TRUE
1676,56,"F3",100,0.2,0.5,"count_trait",0,0,1,TRUE
1677,57,"F1",300,0.2,0.5,"trait1",1,0,0,FALSE
1677,57,"F1",300,0.2,0.5,"trait2",0,0,1,TRUE
1677,57,"F1",300,0.2,0.5,"trait3",1,0,0,FALSE
1677,57,"F1",300,0.2,0.5,"trait4",0,0.95,0.05,FALSE
1678,58,"F2",300,0.2,0.5,"trait1",0,1,0,FALSE
1678,58,"F2",300,0.2,0.5,"trait2",1,0,0,FALSE
1678,58,"F2",300,0.2,0.5,"trait3",0,1,0,FALSE
1678,58,"F2",300,0.2,0.5,"trait4",1,0,0,FALSE
1679,59,"F3",300,0.2,0.5,"cont1",0,1,0,FALSE
1679,59,"F3",300,0.2,0.5,"binary_trait",0,0,1,TRUE
1679,59,"F3",300,0.2,0.5,"cat_trait=A",0,0,1,TRUE
1679,59,"F3",300,0.2,0.5,"cat_trait=B",0,0,1,TRUE
1679,59,"F3",300,0.2,0.5,"cat_trait=C",0,0,1,TRUE
1679,59,"F3",300,0.2,0.5,"count_trait",0,0,1,TRUE
1680,60,"F1",1000,0.2,0.5,"trait1",1,0,0,FALSE
1680,60,"F1",1000,0.2,0.5,"trait2",0,0,1,TRUE
1680,60,"F1",1000,0.2,0.5,"trait3",0,1,0,FALSE
1680,60,"F1",1000,0.2,0.5,"trait4",0,1,0,FALSE
1681,61,"F2",1000,0.2,0.5,"trait1",0,1,0,FALSE
1681,61,"F2",1000,0.2,0.5,"trait2",0,1,0,FALSE
1681,61,"F2",1000,0.2,0.5,"trait3",0,1,0,FALSE
1681,61,"F2",1000,0.2,0.5,"trait4",0,1,0,FALSE
1682,62,"F3",1000,0.2,0.5,"cont1",0,1,0,FALSE
1682,62,"F3",1000,0.2,0.5,"binary_trait",0,0.444444444444444,0.555555555555556,FALSE
1682,62,"F3",1000,0.2,0.5,"cat_trait=A",0,1,0,FALSE
1682,62,"F3",1000,0.2,0.5,"cat_trait=B",0,1,0,FALSE
1682,62,"F3",1000,0.2,0.5,"cat_trait=C",0,1,0,FALSE
1682,62,"F3",1000,0.2,0.5,"count_trait",0,1,0,FALSE
1683,63,"F1",100,0.5,0.5,"trait1",1,0,0,FALSE
1683,63,"F1",100,0.5,0.5,"trait2",0,1,0,FALSE
1683,63,"F1",100,0.5,0.5,"trait3",1,0,0,FALSE
1683,63,"F1",100,0.5,0.5,"trait4",0,0,1,TRUE
1684,64,"F2",100,0.5,0.5,"trait1",0,1,0,FALSE
1684,64,"F2",100,0.5,0.5,"trait2",0,0.9,0.1,FALSE
1684,64,"F2",100,0.5,0.5,"trait3",0,0,1,TRUE
1684,64,"F2",100,0.5,0.5,"trait4",0.473684210526316,0,0.526315789473684,FALSE
1685,65,"F3",100,0.5,0.5,"cont1",0,1,0,FALSE
1685,65,"F3",100,0.5,0.5,"binary_trait",0,1,0,FALSE
1685,65,"F3",100,0.5,0.5,"cat_trait=A",0,0,1,TRUE
1685,65,"F3",100,0.5,0.5,"cat_trait=B",0,0,1,TRUE
1685,65,"F3",100,0.5,0.5,"cat_trait=C",0,0,1,TRUE
1685,65,"F3",100,0.5,0.5,"count_trait",0,0,1,TRUE
1686,66,"F1",300,0.5,0.5,"trait1",0,1,0,FALSE
1686,66,"F1",300,0.5,0.5,"trait2",0,0,1,TRUE
1686,66,"F1",300,0.5,0.5,"trait3",0,0.75,0.25,FALSE
1686,66,"F1",300,0.5,0.5,"trait4",0,0.65,0.35,FALSE
1687,67,"F2",300,0.5,0.5,"trait1",0,1,0,FALSE
1687,67,"F2",300,0.5,0.5,"trait2",0,1,0,FALSE
1687,67,"F2",300,0.5,0.5,"trait3",0,1,0,FALSE
1687,67,"F2",300,0.5,0.5,"trait4",0,1,0,FALSE
1688,68,"F3",300,0.5,0.5,"cont1",0,1,0,FALSE
1688,68,"F3",300,0.5,0.5,"binary_trait",0,1,0,FALSE
1688,68,"F3",300,0.5,0.5,"cat_trait=A",0,1,0,FALSE
1688,68,"F3",300,0.5,0.5,"cat_trait=B",0,1,0,FALSE
1688,68,"F3",300,0.5,0.5,"cat_trait=C",0,1,0,FALSE
1688,68,"F3",300,0.5,0.5,"count_trait",0,1,0,FALSE
1689,69,"F1",1000,0.5,0.5,"trait1",0,0.75,0.25,FALSE
1689,69,"F1",1000,0.5,0.5,"trait2",0,1,0,FALSE
1689,69,"F1",1000,0.5,0.5,"trait3",0,0.421052631578947,0.578947368421053,FALSE
1689,69,"F1",1000,0.5,0.5,"trait4",0,1,0,FALSE
1690,70,"F2",1000,0.5,0.5,"trait1",0,0.9,0.1,FALSE
1690,70,"F2",1000,0.5,0.5,"trait2",0.7,0.3,0,FALSE
1690,70,"F2",1000,0.5,0.5,"trait3",0,1,0,FALSE
1690,70,"F2",1000,0.5,0.5,"trait4",1,0,0,FALSE
1691,71,"F3",1000,0.5,0.5,"cont1",0,1,0,FALSE
1691,71,"F3",1000,0.5,0.5,"binary_trait",0,0.75,0.25,FALSE
1691,71,"F3",1000,0.5,0.5,"cat_trait=A",0,0,1,TRUE
1691,71,"F3",1000,0.5,0.5,"cat_trait=B",0,0,1,TRUE
1691,71,"F3",1000,0.5,0.5,"cat_trait=C",0,0,1,TRUE
1691,71,"F3",1000,0.5,0.5,"count_trait",0,1,0,FALSE
1692,72,"F1",100,1,0.5,"trait1",0,1,0,FALSE
1692,72,"F1",100,1,0.5,"trait2",0,1,0,FALSE
1692,72,"F1",100,1,0.5,"trait3",0,1,0,FALSE
1692,72,"F1",100,1,0.5,"trait4",0,1,0,FALSE
1693,73,"F2",100,1,0.5,"trait1",0,1,0,FALSE
1693,73,"F2",100,1,0.5,"trait2",0,1,0,FALSE
1693,73,"F2",100,1,0.5,"trait3",1,0,0,FALSE
1693,73,"F2",100,1,0.5,"trait4",0,1,0,FALSE
1694,74,"F3",100,1,0.5,"cont1",1,0,0,FALSE
1694,74,"F3",100,1,0.5,"binary_trait",0,0,1,TRUE
1694,74,"F3",100,1,0.5,"cat_trait=A",0,0,1,TRUE
1694,74,"F3",100,1,0.5,"cat_trait=B",0,0,1,TRUE
1694,74,"F3",100,1,0.5,"cat_trait=C",0,0,1,TRUE
1694,74,"F3",100,1,0.5,"count_trait",1,0,0,FALSE
1695,75,"F1",300,1,0.5,"trait1",0.3,0.5,0.2,FALSE
1695,75,"F1",300,1,0.5,"trait2",0,1,0,FALSE
1695,75,"F1",300,1,0.5,"trait3",0,1,0,FALSE
1695,75,"F1",300,1,0.5,"trait4",0,1,0,FALSE
1696,76,"F2",300,1,0.5,"trait1",0,1,0,FALSE
1696,76,"F2",300,1,0.5,"trait2",0.578947368421053,0,0.421052631578947,FALSE
1696,76,"F2",300,1,0.5,"trait3",0,0,1,TRUE
1696,76,"F2",300,1,0.5,"trait4",0,1,0,FALSE
1697,77,"F3",300,1,0.5,"cont1",0,1,0,FALSE
1697,77,"F3",300,1,0.5,"binary_trait",0,1,0,FALSE
1697,77,"F3",300,1,0.5,"cat_trait=A",0.15,0,0.85,FALSE
1697,77,"F3",300,1,0.5,"cat_trait=B",0.15,0,0.85,FALSE
1697,77,"F3",300,1,0.5,"cat_trait=C",0.15,0,0.85,FALSE
1697,77,"F3",300,1,0.5,"count_trait",0.6,0,0.4,FALSE
1698,78,"F1",1000,1,0.5,"trait1",1,0,0,FALSE
1698,78,"F1",1000,1,0.5,"trait2",0,1,0,FALSE
1698,78,"F1",1000,1,0.5,"trait3",0,1,0,FALSE
1698,78,"F1",1000,1,0.5,"trait4",0,1,0,FALSE
1699,79,"F2",1000,1,0.5,"trait1",0.111111111111111,0.888888888888889,0,FALSE
1699,79,"F2",1000,1,0.5,"trait2",0,1,0,FALSE
1699,79,"F2",1000,1,0.5,"trait3",0.333333333333333,0.333333333333333,0.333333333333333,FALSE
1699,79,"F2",1000,1,0.5,"trait4",0.05,0.95,0,FALSE
1700,80,"F3",1000,1,0.5,"cont1",0,1,0,FALSE
1700,80,"F3",1000,1,0.5,"binary_trait",0,1,0,FALSE
1700,80,"F3",1000,1,0.5,"cat_trait=A",0.05,0,0.95,FALSE
1700,80,"F3",1000,1,0.5,"cat_trait=B",0.05,0,0.95,FALSE
1700,80,"F3",1000,1,0.5,"cat_trait=C",0.05,0,0.95,FALSE
1700,80,"F3",1000,1,0.5,"count_trait",0,1,0,FALSE
1701,0,"F1",100,0.2,0.1,"trait1",1,0,0,FALSE
1701,0,"F1",100,0.2,0.1,"trait2",0,0,1,TRUE
1701,0,"F1",100,0.2,0.1,"trait3",0,0,1,TRUE
1701,0,"F1",100,0.2,0.1,"trait4",0,0,1,TRUE
1702,1,"F2",100,0.2,0.1,"trait1",0,0,1,TRUE
1702,1,"F2",100,0.2,0.1,"trait2",1,0,0,FALSE
1702,1,"F2",100,0.2,0.1,"trait3",0,1,0,FALSE
1702,1,"F2",100,0.2,0.1,"trait4",0,0,1,TRUE
1703,2,"F3",100,0.2,0.1,"cont1",0,1,0,FALSE
1703,2,"F3",100,0.2,0.1,"binary_trait",0.3,0,0.7,FALSE
1703,2,"F3",100,0.2,0.1,"cat_trait=A",0,0,1,TRUE
1703,2,"F3",100,0.2,0.1,"cat_trait=B",0,0,1,TRUE
1703,2,"F3",100,0.2,0.1,"cat_trait=C",0,0,1,TRUE
1703,2,"F3",100,0.2,0.1,"count_trait",0,0,1,TRUE
1704,3,"F1",300,0.2,0.1,"trait1",1,0,0,FALSE
1704,3,"F1",300,0.2,0.1,"trait2",1,0,0,FALSE
1704,3,"F1",300,0.2,0.1,"trait3",0,0,1,TRUE
1704,3,"F1",300,0.2,0.1,"trait4",0,1,0,FALSE
1705,4,"F2",300,0.2,0.1,"trait1",0,1,0,FALSE
1705,4,"F2",300,0.2,0.1,"trait2",1,0,0,FALSE
1705,4,"F2",300,0.2,0.1,"trait3",1,0,0,FALSE
1705,4,"F2",300,0.2,0.1,"trait4",1,0,0,FALSE
1706,5,"F3",300,0.2,0.1,"cont1",1,0,0,FALSE
1706,5,"F3",300,0.2,0.1,"binary_trait",0,0,1,TRUE
1706,5,"F3",300,0.2,0.1,"cat_trait=A",0,1,0,FALSE
1706,5,"F3",300,0.2,0.1,"cat_trait=B",0,1,0,FALSE
1706,5,"F3",300,0.2,0.1,"cat_trait=C",0,1,0,FALSE
1706,5,"F3",300,0.2,0.1,"count_trait",1,0,0,FALSE
1707,6,"F1",1000,0.2,0.1,"trait1",0,1,0,FALSE
1707,6,"F1",1000,0.2,0.1,"trait2",0,1,0,FALSE
1707,6,"F1",1000,0.2,0.1,"trait3",0,1,0,FALSE
1707,6,"F1",1000,0.2,0.1,"trait4",0,1,0,FALSE
1708,7,"F2",1000,0.2,0.1,"trait1",0,1,0,FALSE
1708,7,"F2",1000,0.2,0.1,"trait2",0.8,0,0.2,FALSE
1708,7,"F2",1000,0.2,0.1,"trait3",0,0.5,0.5,FALSE
1708,7,"F2",1000,0.2,0.1,"trait4",1,0,0,FALSE
1709,8,"F3",1000,0.2,0.1,"cont1",0,1,0,FALSE
1709,8,"F3",1000,0.2,0.1,"binary_trait",0,1,0,FALSE
1709,8,"F3",1000,0.2,0.1,"cat_trait=A",0,1,0,FALSE
1709,8,"F3",1000,0.2,0.1,"cat_trait=B",0,1,0,FALSE
1709,8,"F3",1000,0.2,0.1,"cat_trait=C",0,1,0,FALSE
1709,8,"F3",1000,0.2,0.1,"count_trait",0,0,1,TRUE
1710,9,"F1",100,0.5,0.1,"trait1",1,0,0,FALSE
1710,9,"F1",100,0.5,0.1,"trait2",0,1,0,FALSE
1710,9,"F1",100,0.5,0.1,"trait3",0.65,0.35,0,FALSE
1710,9,"F1",100,0.5,0.1,"trait4",0,1,0,FALSE
1711,10,"F2",100,0.5,0.1,"trait1",0,1,0,FALSE
1711,10,"F2",100,0.5,0.1,"trait2",0.588235294117647,0,0.411764705882353,FALSE
1711,10,"F2",100,0.5,0.1,"trait3",0,0,1,TRUE
1711,10,"F2",100,0.5,0.1,"trait4",1,0,0,FALSE
1712,11,"F3",100,0.5,0.1,"cont1",0,1,0,FALSE
1712,11,"F3",100,0.5,0.1,"binary_trait",0,1,0,FALSE
1712,11,"F3",100,0.5,0.1,"cat_trait=A",0,1,0,FALSE
1712,11,"F3",100,0.5,0.1,"cat_trait=B",0,1,0,FALSE
1712,11,"F3",100,0.5,0.1,"cat_trait=C",0,1,0,FALSE
1712,11,"F3",100,0.5,0.1,"count_trait",0,0,1,TRUE
1713,12,"F1",300,0.5,0.1,"trait1",0,0.3,0.7,FALSE
1713,12,"F1",300,0.5,0.1,"trait2",0.8,0.2,0,FALSE
1713,12,"F1",300,0.5,0.1,"trait3",0,1,0,FALSE
1713,12,"F1",300,0.5,0.1,"trait4",0,1,0,FALSE
1714,13,"F2",300,0.5,0.1,"trait1",0,1,0,FALSE
1714,13,"F2",300,0.5,0.1,"trait2",1,0,0,FALSE
1714,13,"F2",300,0.5,0.1,"trait3",0,1,0,FALSE
1714,13,"F2",300,0.5,0.1,"trait4",0,1,0,FALSE
1715,14,"F3",300,0.5,0.1,"cont1",1,0,0,FALSE
1715,14,"F3",300,0.5,0.1,"binary_trait",0,1,0,FALSE
1715,14,"F3",300,0.5,0.1,"cat_trait=A",0,1,0,FALSE
1715,14,"F3",300,0.5,0.1,"cat_trait=B",0,1,0,FALSE
1715,14,"F3",300,0.5,0.1,"cat_trait=C",0,1,0,FALSE
1715,14,"F3",300,0.5,0.1,"count_trait",0,1,0,FALSE
1716,15,"F1",1000,0.5,0.1,"trait1",0,1,0,FALSE
1716,15,"F1",1000,0.5,0.1,"trait2",0,1,0,FALSE
1716,15,"F1",1000,0.5,0.1,"trait3",0,1,0,FALSE
1716,15,"F1",1000,0.5,0.1,"trait4",0,1,0,FALSE
1717,16,"F2",1000,0.5,0.1,"trait1",0,1,0,FALSE
1717,16,"F2",1000,0.5,0.1,"trait2",1,0,0,FALSE
1717,16,"F2",1000,0.5,0.1,"trait3",0,1,0,FALSE
1717,16,"F2",1000,0.5,0.1,"trait4",1,0,0,FALSE
1718,17,"F3",1000,0.5,0.1,"cont1",0,1,0,FALSE
1718,17,"F3",1000,0.5,0.1,"binary_trait",0,1,0,FALSE
1718,17,"F3",1000,0.5,0.1,"cat_trait=A",0,0.25,0.75,FALSE
1718,17,"F3",1000,0.5,0.1,"cat_trait=B",0,0.25,0.75,FALSE
1718,17,"F3",1000,0.5,0.1,"cat_trait=C",0,0.25,0.75,FALSE
1718,17,"F3",1000,0.5,0.1,"count_trait",0,1,0,FALSE
1719,18,"F1",100,1,0.1,"trait1",0.263157894736842,0.736842105263158,0,FALSE
1719,18,"F1",100,1,0.1,"trait2",0,1,0,FALSE
1719,18,"F1",100,1,0.1,"trait3",0,1,0,FALSE
1719,18,"F1",100,1,0.1,"trait4",0.15,0.85,0,FALSE
1720,19,"F2",100,1,0.1,"trait1",0,0.95,0.05,FALSE
1720,19,"F2",100,1,0.1,"trait2",1,0,0,FALSE
1720,19,"F2",100,1,0.1,"trait3",0,0.2,0.8,FALSE
1720,19,"F2",100,1,0.1,"trait4",0,1,0,FALSE
1721,20,"F3",100,1,0.1,"cont1",0,1,0,FALSE
1721,20,"F3",100,1,0.1,"binary_trait",0,0,1,TRUE
1721,20,"F3",100,1,0.1,"cat_trait=A",0,0,1,TRUE
1721,20,"F3",100,1,0.1,"cat_trait=B",0,0,1,TRUE
1721,20,"F3",100,1,0.1,"cat_trait=C",0,0,1,TRUE
1721,20,"F3",100,1,0.1,"count_trait",0,0.9,0.1,FALSE
1722,21,"F1",300,1,0.1,"trait1",0,1,0,FALSE
1722,21,"F1",300,1,0.1,"trait2",0.947368421052632,0,0.0526315789473684,FALSE
1722,21,"F1",300,1,0.1,"trait3",0.4,0.6,0,FALSE
1722,21,"F1",300,1,0.1,"trait4",0,1,0,FALSE
1723,22,"F2",300,1,0.1,"trait1",0.95,0.05,0,FALSE
1723,22,"F2",300,1,0.1,"trait2",0.9,0,0.1,FALSE
1723,22,"F2",300,1,0.1,"trait3",0.6,0,0.4,FALSE
1723,22,"F2",300,1,0.1,"trait4",1,0,0,FALSE
1724,23,"F3",300,1,0.1,"cont1",1,0,0,FALSE
1724,23,"F3",300,1,0.1,"binary_trait",0,1,0,FALSE
1724,23,"F3",300,1,0.1,"cat_trait=A",0,0,1,TRUE
1724,23,"F3",300,1,0.1,"cat_trait=B",0,0,1,TRUE
1724,23,"F3",300,1,0.1,"cat_trait=C",0,0,1,TRUE
1724,23,"F3",300,1,0.1,"count_trait",1,0,0,FALSE
1725,24,"F1",1000,1,0.1,"trait1",0,1,0,FALSE
1725,24,"F1",1000,1,0.1,"trait2",0,1,0,FALSE
1725,24,"F1",1000,1,0.1,"trait3",0,1,0,FALSE
1725,24,"F1",1000,1,0.1,"trait4",0,1,0,FALSE
1726,25,"F2",1000,1,0.1,"trait1",1,0,0,FALSE
1726,25,"F2",1000,1,0.1,"trait2",0.95,0,0.05,FALSE
1726,25,"F2",1000,1,0.1,"trait3",0.45,0.2,0.35,FALSE
1726,25,"F2",1000,1,0.1,"trait4",0.85,0,0.15,FALSE
1727,26,"F3",1000,1,0.1,"cont1",0,1,0,FALSE
1727,26,"F3",1000,1,0.1,"binary_trait",0,1,0,FALSE
1727,26,"F3",1000,1,0.1,"cat_trait=A",0,0.05,0.95,FALSE
1727,26,"F3",1000,1,0.1,"cat_trait=B",0,0.05,0.95,FALSE
1727,26,"F3",1000,1,0.1,"cat_trait=C",0,0.05,0.95,FALSE
1727,26,"F3",1000,1,0.1,"count_trait",0,1,0,FALSE
1728,27,"F1",100,0.2,0.3,"trait1",0,1,0,FALSE
1728,27,"F1",100,0.2,0.3,"trait2",0,1,0,FALSE
1728,27,"F1",100,0.2,0.3,"trait3",0,0,1,TRUE
1728,27,"F1",100,0.2,0.3,"trait4",0,0,1,TRUE
1729,28,"F2",100,0.2,0.3,"trait1",0,1,0,FALSE
1729,28,"F2",100,0.2,0.3,"trait2",0,1,0,FALSE
1729,28,"F2",100,0.2,0.3,"trait3",0,0,1,TRUE
1729,28,"F2",100,0.2,0.3,"trait4",0.0833333333333333,0,0.916666666666667,FALSE
1730,29,"F3",100,0.2,0.3,"cont1",1,0,0,FALSE
1730,29,"F3",100,0.2,0.3,"binary_trait",0,0,1,TRUE
1730,29,"F3",100,0.2,0.3,"cat_trait=A",0,1,0,FALSE
1730,29,"F3",100,0.2,0.3,"cat_trait=B",0,1,0,FALSE
1730,29,"F3",100,0.2,0.3,"cat_trait=C",0,1,0,FALSE
1730,29,"F3",100,0.2,0.3,"count_trait",1,0,0,FALSE
1731,30,"F1",300,0.2,0.3,"trait1",0,0,1,TRUE
1731,30,"F1",300,0.2,0.3,"trait2",0,0,1,TRUE
1731,30,"F1",300,0.2,0.3,"trait3",0,0,1,TRUE
1731,30,"F1",300,0.2,0.3,"trait4",0,1,0,FALSE
1732,31,"F2",300,0.2,0.3,"trait1",0,1,0,FALSE
1732,31,"F2",300,0.2,0.3,"trait2",0.85,0,0.15,FALSE
1732,31,"F2",300,0.2,0.3,"trait3",0,0,1,TRUE
1732,31,"F2",300,0.2,0.3,"trait4",1,0,0,FALSE
1733,32,"F3",300,0.2,0.3,"cont1",0,1,0,FALSE
1733,32,"F3",300,0.2,0.3,"binary_trait",0,0,1,TRUE
1733,32,"F3",300,0.2,0.3,"cat_trait=A",0,0,1,TRUE
1733,32,"F3",300,0.2,0.3,"cat_trait=B",0,0,1,TRUE
1733,32,"F3",300,0.2,0.3,"cat_trait=C",0,0,1,TRUE
1733,32,"F3",300,0.2,0.3,"count_trait",0.5,0.4375,0.0625,FALSE
1734,33,"F1",1000,0.2,0.3,"trait1",0,1,0,FALSE
1734,33,"F1",1000,0.2,0.3,"trait2",0,1,0,FALSE
1734,33,"F1",1000,0.2,0.3,"trait3",0,1,0,FALSE
1734,33,"F1",1000,0.2,0.3,"trait4",0,0,1,TRUE
1735,34,"F2",1000,0.2,0.3,"trait1",1,0,0,FALSE
1735,34,"F2",1000,0.2,0.3,"trait2",1,0,0,FALSE
1735,34,"F2",1000,0.2,0.3,"trait3",0,1,0,FALSE
1735,34,"F2",1000,0.2,0.3,"trait4",0,1,0,FALSE
1736,35,"F3",1000,0.2,0.3,"cont1",0.9,0.1,0,FALSE
1736,35,"F3",1000,0.2,0.3,"binary_trait",0,0,1,TRUE
1736,35,"F3",1000,0.2,0.3,"cat_trait=A",0,1,0,FALSE
1736,35,"F3",1000,0.2,0.3,"cat_trait=B",0,1,0,FALSE
1736,35,"F3",1000,0.2,0.3,"cat_trait=C",0,1,0,FALSE
1736,35,"F3",1000,0.2,0.3,"count_trait",1,0,0,FALSE
1737,36,"F1",100,0.5,0.3,"trait1",0.7,0,0.3,FALSE
1737,36,"F1",100,0.5,0.3,"trait2",0,0,1,TRUE
1737,36,"F1",100,0.5,0.3,"trait3",0,1,0,FALSE
1737,36,"F1",100,0.5,0.3,"trait4",0,1,0,FALSE
1738,37,"F2",100,0.5,0.3,"trait1",0,1,0,FALSE
1738,37,"F2",100,0.5,0.3,"trait2",1,0,0,FALSE
1738,37,"F2",100,0.5,0.3,"trait3",0,1,0,FALSE
1738,37,"F2",100,0.5,0.3,"trait4",0,0,1,TRUE
1739,38,"F3",100,0.5,0.3,"cont1",1,0,0,FALSE
1739,38,"F3",100,0.5,0.3,"binary_trait",0,0,1,TRUE
1739,38,"F3",100,0.5,0.3,"cat_trait=A",0,1,0,FALSE
1739,38,"F3",100,0.5,0.3,"cat_trait=B",0,1,0,FALSE
1739,38,"F3",100,0.5,0.3,"cat_trait=C",0,1,0,FALSE
1739,38,"F3",100,0.5,0.3,"count_trait",0,0.702702702702703,0.297297297297297,FALSE
1740,39,"F1",300,0.5,0.3,"trait1",0,1,0,FALSE
1740,39,"F1",300,0.5,0.3,"trait2",0,1,0,FALSE
1740,39,"F1",300,0.5,0.3,"trait3",0,0,1,TRUE
1740,39,"F1",300,0.5,0.3,"trait4",1,0,0,FALSE
1741,40,"F2",300,0.5,0.3,"trait1",0,1,0,FALSE
1741,40,"F2",300,0.5,0.3,"trait2",1,0,0,FALSE
1741,40,"F2",300,0.5,0.3,"trait3",0,1,0,FALSE
1741,40,"F2",300,0.5,0.3,"trait4",0,0.454545454545455,0.545454545454545,FALSE
1742,41,"F3",300,0.5,0.3,"cont1",0,1,0,FALSE
1742,41,"F3",300,0.5,0.3,"binary_trait",0,1,0,FALSE
1742,41,"F3",300,0.5,0.3,"cat_trait=A",0,1,0,FALSE
1742,41,"F3",300,0.5,0.3,"cat_trait=B",0,1,0,FALSE
1742,41,"F3",300,0.5,0.3,"cat_trait=C",0,1,0,FALSE
1742,41,"F3",300,0.5,0.3,"count_trait",0,1,0,FALSE
1743,42,"F1",1000,0.5,0.3,"trait1",0.4,0.6,0,FALSE
1743,42,"F1",1000,0.5,0.3,"trait2",0,1,0,FALSE
1743,42,"F1",1000,0.5,0.3,"trait3",0,1,0,FALSE
1743,42,"F1",1000,0.5,0.3,"trait4",0,1,0,FALSE
1744,43,"F2",1000,0.5,0.3,"trait1",0.8,0.15,0.05,FALSE
1744,43,"F2",1000,0.5,0.3,"trait2",1,0,0,FALSE
1744,43,"F2",1000,0.5,0.3,"trait3",0,1,0,FALSE
1744,43,"F2",1000,0.5,0.3,"trait4",1,0,0,FALSE
1745,44,"F3",1000,0.5,0.3,"cont1",0,1,0,FALSE
1745,44,"F3",1000,0.5,0.3,"binary_trait",0,1,0,FALSE
1745,44,"F3",1000,0.5,0.3,"cat_trait=A",0,0,1,TRUE
1745,44,"F3",1000,0.5,0.3,"cat_trait=B",0,0,1,TRUE
1745,44,"F3",1000,0.5,0.3,"cat_trait=C",0,0,1,TRUE
1745,44,"F3",1000,0.5,0.3,"count_trait",0.888888888888889,0,0.111111111111111,FALSE
1746,45,"F1",100,1,0.3,"trait1",0,1,0,FALSE
1746,45,"F1",100,1,0.3,"trait2",0,1,0,FALSE
1746,45,"F1",100,1,0.3,"trait3",0,1,0,FALSE
1746,45,"F1",100,1,0.3,"trait4",0,1,0,FALSE
1747,46,"F2",100,1,0.3,"trait1",0,0,1,TRUE
1747,46,"F2",100,1,0.3,"trait2",1,0,0,FALSE
1747,46,"F2",100,1,0.3,"trait3",0,0,1,TRUE
1747,46,"F2",100,1,0.3,"trait4",1,0,0,FALSE
1748,47,"F3",100,1,0.3,"cont1",0,1,0,FALSE
1748,47,"F3",100,1,0.3,"binary_trait",0,1,0,FALSE
1748,47,"F3",100,1,0.3,"cat_trait=A",0,0,1,TRUE
1748,47,"F3",100,1,0.3,"cat_trait=B",0,0,1,TRUE
1748,47,"F3",100,1,0.3,"cat_trait=C",0,0,1,TRUE
1748,47,"F3",100,1,0.3,"count_trait",1,0,0,FALSE
1749,48,"F1",300,1,0.3,"trait1",0,1,0,FALSE
1749,48,"F1",300,1,0.3,"trait2",0,1,0,FALSE
1749,48,"F1",300,1,0.3,"trait3",0,1,0,FALSE
1749,48,"F1",300,1,0.3,"trait4",0,1,0,FALSE
1750,49,"F2",300,1,0.3,"trait1",0.526315789473684,0.473684210526316,0,FALSE
1750,49,"F2",300,1,0.3,"trait2",0.894736842105263,0,0.105263157894737,FALSE
1750,49,"F2",300,1,0.3,"trait3",0,0.95,0.05,FALSE
1750,49,"F2",300,1,0.3,"trait4",0,1,0,FALSE
1751,50,"F3",300,1,0.3,"cont1",0,1,0,FALSE
1751,50,"F3",300,1,0.3,"binary_trait",0,1,0,FALSE
1751,50,"F3",300,1,0.3,"cat_trait=A",0,0,1,TRUE
1751,50,"F3",300,1,0.3,"cat_trait=B",0,0,1,TRUE
1751,50,"F3",300,1,0.3,"cat_trait=C",0,0,1,TRUE
1751,50,"F3",300,1,0.3,"count_trait",0,1,0,FALSE
1752,51,"F1",1000,1,0.3,"trait1",0,1,0,FALSE
1752,51,"F1",1000,1,0.3,"trait2",0,0.9,0.1,FALSE
1752,51,"F1",1000,1,0.3,"trait3",0,1,0,FALSE
1752,51,"F1",1000,1,0.3,"trait4",0,1,0,FALSE
1753,52,"F2",1000,1,0.3,"trait1",1,0,0,FALSE
1753,52,"F2",1000,1,0.3,"trait2",0.55,0.45,0,FALSE
1753,52,"F2",1000,1,0.3,"trait3",0.6,0.15,0.25,FALSE
1753,52,"F2",1000,1,0.3,"trait4",0.8,0.2,0,FALSE
1754,53,"F3",1000,1,0.3,"cont1",0,1,0,FALSE
1754,53,"F3",1000,1,0.3,"binary_trait",0,1,0,FALSE
1754,53,"F3",1000,1,0.3,"cat_trait=A",0.05,0,0.95,FALSE
1754,53,"F3",1000,1,0.3,"cat_trait=B",0.05,0,0.95,FALSE
1754,53,"F3",1000,1,0.3,"cat_trait=C",0.05,0,0.95,FALSE
1754,53,"F3",1000,1,0.3,"count_trait",0,0.947368421052632,0.0526315789473684,FALSE
1755,54,"F1",100,0.2,0.5,"trait1",0,0,1,TRUE
1755,54,"F1",100,0.2,0.5,"trait2",1,0,0,FALSE
1755,54,"F1",100,0.2,0.5,"trait3",0,1,0,FALSE
1755,54,"F1",100,0.2,0.5,"trait4",0,0,1,TRUE
1756,55,"F2",100,0.2,0.5,"trait1",1,0,0,FALSE
1756,55,"F2",100,0.2,0.5,"trait2",1,0,0,FALSE
1756,55,"F2",100,0.2,0.5,"trait3",0,1,0,FALSE
1756,55,"F2",100,0.2,0.5,"trait4",0,0,1,TRUE
1757,56,"F3",100,0.2,0.5,"cont1",0,0,1,TRUE
1757,56,"F3",100,0.2,0.5,"binary_trait",0,0,1,TRUE
1757,56,"F3",100,0.2,0.5,"cat_trait=A",0,0,1,TRUE
1757,56,"F3",100,0.2,0.5,"cat_trait=B",0,0,1,TRUE
1757,56,"F3",100,0.2,0.5,"cat_trait=C",0,0,1,TRUE
1757,56,"F3",100,0.2,0.5,"count_trait",0,0,1,TRUE
1758,57,"F1",300,0.2,0.5,"trait1",0.5,0,0.5,FALSE
1758,57,"F1",300,0.2,0.5,"trait2",0,0,1,TRUE
1758,57,"F1",300,0.2,0.5,"trait3",0,1,0,FALSE
1758,57,"F1",300,0.2,0.5,"trait4",0,0,1,TRUE
1759,58,"F2",300,0.2,0.5,"trait1",1,0,0,FALSE
1759,58,"F2",300,0.2,0.5,"trait2",0,0,1,TRUE
1759,58,"F2",300,0.2,0.5,"trait3",0,1,0,FALSE
1759,58,"F2",300,0.2,0.5,"trait4",1,0,0,FALSE
1760,59,"F3",300,0.2,0.5,"cont1",0,1,0,FALSE
1760,59,"F3",300,0.2,0.5,"binary_trait",0,1,0,FALSE
1760,59,"F3",300,0.2,0.5,"cat_trait=A",0,0,1,TRUE
1760,59,"F3",300,0.2,0.5,"cat_trait=B",0,0,1,TRUE
1760,59,"F3",300,0.2,0.5,"cat_trait=C",0,0,1,TRUE
1760,59,"F3",300,0.2,0.5,"count_trait",0.888888888888889,0,0.111111111111111,FALSE
1761,60,"F1",1000,0.2,0.5,"trait1",0,1,0,FALSE
1761,60,"F1",1000,0.2,0.5,"trait2",0,1,0,FALSE
1761,60,"F1",1000,0.2,0.5,"trait3",0,1,0,FALSE
1761,60,"F1",1000,0.2,0.5,"trait4",0,1,0,FALSE
1762,61,"F2",1000,0.2,0.5,"trait1",0,1,0,FALSE
1762,61,"F2",1000,0.2,0.5,"trait2",0,1,0,FALSE
1762,61,"F2",1000,0.2,0.5,"trait3",0,0,1,TRUE
1762,61,"F2",1000,0.2,0.5,"trait4",1,0,0,FALSE
1763,62,"F3",1000,0.2,0.5,"cont1",0,0.5,0.5,FALSE
1763,62,"F3",1000,0.2,0.5,"binary_trait",0,1,0,FALSE
1763,62,"F3",1000,0.2,0.5,"cat_trait=A",0,0,1,TRUE
1763,62,"F3",1000,0.2,0.5,"cat_trait=B",0,0,1,TRUE
1763,62,"F3",1000,0.2,0.5,"cat_trait=C",0,0,1,TRUE
1763,62,"F3",1000,0.2,0.5,"count_trait",0,1,0,FALSE
1764,63,"F1",100,0.5,0.5,"trait1",1,0,0,FALSE
1764,63,"F1",100,0.5,0.5,"trait2",0,0,1,TRUE
1764,63,"F1",100,0.5,0.5,"trait3",0,1,0,FALSE
1764,63,"F1",100,0.5,0.5,"trait4",1,0,0,FALSE
1765,64,"F2",100,0.5,0.5,"trait1",0,1,0,FALSE
1765,64,"F2",100,0.5,0.5,"trait2",0,0,1,TRUE
1765,64,"F2",100,0.5,0.5,"trait3",0,0,1,TRUE
1765,64,"F2",100,0.5,0.5,"trait4",0,0,1,TRUE
1766,65,"F3",100,0.5,0.5,"cont1",0.55,0.45,0,FALSE
1766,65,"F3",100,0.5,0.5,"binary_trait",0,0,1,TRUE
1766,65,"F3",100,0.5,0.5,"cat_trait=A",0,0,1,TRUE
1766,65,"F3",100,0.5,0.5,"cat_trait=B",0,0,1,TRUE
1766,65,"F3",100,0.5,0.5,"cat_trait=C",0,0,1,TRUE
1766,65,"F3",100,0.5,0.5,"count_trait",0,0,1,TRUE
1767,66,"F1",300,0.5,0.5,"trait1",1,0,0,FALSE
1767,66,"F1",300,0.5,0.5,"trait2",1,0,0,FALSE
1767,66,"F1",300,0.5,0.5,"trait3",0,1,0,FALSE
1767,66,"F1",300,0.5,0.5,"trait4",0,1,0,FALSE
1768,67,"F2",300,0.5,0.5,"trait1",0,1,0,FALSE
1768,67,"F2",300,0.5,0.5,"trait2",0,0,1,TRUE
1768,67,"F2",300,0.5,0.5,"trait3",0,0,1,TRUE
1768,67,"F2",300,0.5,0.5,"trait4",0,0,1,TRUE
1769,68,"F3",300,0.5,0.5,"cont1",0.2,0.8,0,FALSE
1769,68,"F3",300,0.5,0.5,"binary_trait",0,1,0,FALSE
1769,68,"F3",300,0.5,0.5,"cat_trait=A",0,1,0,FALSE
1769,68,"F3",300,0.5,0.5,"cat_trait=B",0,1,0,FALSE
1769,68,"F3",300,0.5,0.5,"cat_trait=C",0,1,0,FALSE
1769,68,"F3",300,0.5,0.5,"count_trait",0,1,0,FALSE
1770,69,"F1",1000,0.5,0.5,"trait1",0,1,0,FALSE
1770,69,"F1",1000,0.5,0.5,"trait2",0,1,0,FALSE
1770,69,"F1",1000,0.5,0.5,"trait3",0.85,0.15,0,FALSE
1770,69,"F1",1000,0.5,0.5,"trait4",0,1,0,FALSE
1771,70,"F2",1000,0.5,0.5,"trait1",0,0.933333333333333,0.0666666666666667,FALSE
1771,70,"F2",1000,0.5,0.5,"trait2",1,0,0,FALSE
1771,70,"F2",1000,0.5,0.5,"trait3",0,1,0,FALSE
1771,70,"F2",1000,0.5,0.5,"trait4",0,0.833333333333333,0.166666666666667,FALSE
1772,71,"F3",1000,0.5,0.5,"cont1",0,1,0,FALSE
1772,71,"F3",1000,0.5,0.5,"binary_trait",0,0.85,0.15,FALSE
1772,71,"F3",1000,0.5,0.5,"cat_trait=A",0,1,0,FALSE
1772,71,"F3",1000,0.5,0.5,"cat_trait=B",0,1,0,FALSE
1772,71,"F3",1000,0.5,0.5,"cat_trait=C",0,1,0,FALSE
1772,71,"F3",1000,0.5,0.5,"count_trait",0,0.85,0.15,FALSE
1773,72,"F1",100,1,0.5,"trait1",1,0,0,FALSE
1773,72,"F1",100,1,0.5,"trait2",0.45,0.55,0,FALSE
1773,72,"F1",100,1,0.5,"trait3",1,0,0,FALSE
1773,72,"F1",100,1,0.5,"trait4",0,1,0,FALSE
1774,73,"F2",100,1,0.5,"trait1",0,0.6,0.4,FALSE
1774,73,"F2",100,1,0.5,"trait2",0,0,1,TRUE
1774,73,"F2",100,1,0.5,"trait3",0,0,1,TRUE
1774,73,"F2",100,1,0.5,"trait4",1,0,0,FALSE
1775,74,"F3",100,1,0.5,"cont1",0,1,0,FALSE
1775,74,"F3",100,1,0.5,"binary_trait",0,0,1,TRUE
1775,74,"F3",100,1,0.5,"cat_trait=A",0,0,1,TRUE
1775,74,"F3",100,1,0.5,"cat_trait=B",0,0,1,TRUE
1775,74,"F3",100,1,0.5,"cat_trait=C",0,0,1,TRUE
1775,74,"F3",100,1,0.5,"count_trait",0,0,1,TRUE
1776,75,"F1",300,1,0.5,"trait1",0.2,0.8,0,FALSE
1776,75,"F1",300,1,0.5,"trait2",0,1,0,FALSE
1776,75,"F1",300,1,0.5,"trait3",0,0.8,0.2,FALSE
1776,75,"F1",300,1,0.5,"trait4",0,1,0,FALSE
1777,76,"F2",300,1,0.5,"trait1",0.85,0.1,0.05,FALSE
1777,76,"F2",300,1,0.5,"trait2",0,0.6,0.4,FALSE
1777,76,"F2",300,1,0.5,"trait3",0.473684210526316,0.263157894736842,0.263157894736842,FALSE
1777,76,"F2",300,1,0.5,"trait4",0,1,0,FALSE
1778,77,"F3",300,1,0.5,"cont1",0,1,0,FALSE
1778,77,"F3",300,1,0.5,"binary_trait",0,1,0,FALSE
1778,77,"F3",300,1,0.5,"cat_trait=A",0,1,0,FALSE
1778,77,"F3",300,1,0.5,"cat_trait=B",0,1,0,FALSE
1778,77,"F3",300,1,0.5,"cat_trait=C",0,1,0,FALSE
1778,77,"F3",300,1,0.5,"count_trait",0,0.833333333333333,0.166666666666667,FALSE
1779,78,"F1",1000,1,0.5,"trait1",0,1,0,FALSE
1779,78,"F1",1000,1,0.5,"trait2",0,1,0,FALSE
1779,78,"F1",1000,1,0.5,"trait3",0,1,0,FALSE
1779,78,"F1",1000,1,0.5,"trait4",0,1,0,FALSE
1780,79,"F2",1000,1,0.5,"trait1",0,1,0,FALSE
1780,79,"F2",1000,1,0.5,"trait2",0.1,0.85,0.05,FALSE
1780,79,"F2",1000,1,0.5,"trait3",0,0.444444444444444,0.555555555555556,FALSE
1780,79,"F2",1000,1,0.5,"trait4",1,0,0,FALSE
1781,80,"F3",1000,1,0.5,"cont1",0,1,0,FALSE
1781,80,"F3",1000,1,0.5,"binary_trait",0,1,0,FALSE
1781,80,"F3",1000,1,0.5,"cat_trait=A",0,1,0,FALSE
1781,80,"F3",1000,1,0.5,"cat_trait=B",0,1,0,FALSE
1781,80,"F3",1000,1,0.5,"cat_trait=C",0,1,0,FALSE
1781,80,"F3",1000,1,0.5,"count_trait",0,1,0,FALSE
1782,0,"F1",100,0.2,0.1,"trait1",0,0,1,TRUE
1782,0,"F1",100,0.2,0.1,"trait2",0.4,0.6,0,FALSE
1782,0,"F1",100,0.2,0.1,"trait3",1,0,0,FALSE
1782,0,"F1",100,0.2,0.1,"trait4",0,0,1,TRUE
1783,1,"F2",100,0.2,0.1,"trait1",0,0,1,TRUE
1783,1,"F2",100,0.2,0.1,"trait2",0,0,1,TRUE
1783,1,"F2",100,0.2,0.1,"trait3",0,0,1,TRUE
1783,1,"F2",100,0.2,0.1,"trait4",1,0,0,FALSE
1784,2,"F3",100,0.2,0.1,"cont1",0,1,0,FALSE
1784,2,"F3",100,0.2,0.1,"binary_trait",0,0,1,TRUE
1784,2,"F3",100,0.2,0.1,"cat_trait=A",0,0,1,TRUE
1784,2,"F3",100,0.2,0.1,"cat_trait=B",0,0,1,TRUE
1784,2,"F3",100,0.2,0.1,"cat_trait=C",0,0,1,TRUE
1784,2,"F3",100,0.2,0.1,"count_trait",0,0,1,TRUE
1785,3,"F1",300,0.2,0.1,"trait1",1,0,0,FALSE
1785,3,"F1",300,0.2,0.1,"trait2",0,1,0,FALSE
1785,3,"F1",300,0.2,0.1,"trait3",0,1,0,FALSE
1785,3,"F1",300,0.2,0.1,"trait4",0,0,1,TRUE
1786,4,"F2",300,0.2,0.1,"trait1",0,1,0,FALSE
1786,4,"F2",300,0.2,0.1,"trait2",1,0,0,FALSE
1786,4,"F2",300,0.2,0.1,"trait3",0,0,1,TRUE
1786,4,"F2",300,0.2,0.1,"trait4",0,0,1,TRUE
1787,5,"F3",300,0.2,0.1,"cont1",0,1,0,FALSE
1787,5,"F3",300,0.2,0.1,"binary_trait",0,0,1,TRUE
1787,5,"F3",300,0.2,0.1,"cat_trait=A",0,0,1,TRUE
1787,5,"F3",300,0.2,0.1,"cat_trait=B",0,0,1,TRUE
1787,5,"F3",300,0.2,0.1,"cat_trait=C",0,0,1,TRUE
1787,5,"F3",300,0.2,0.1,"count_trait",0,1,0,FALSE
1788,6,"F1",1000,0.2,0.1,"trait1",1,0,0,FALSE
1788,6,"F1",1000,0.2,0.1,"trait2",1,0,0,FALSE
1788,6,"F1",1000,0.2,0.1,"trait3",0,1,0,FALSE
1788,6,"F1",1000,0.2,0.1,"trait4",0.4,0.6,0,FALSE
1789,7,"F2",1000,0.2,0.1,"trait1",0,0.75,0.25,FALSE
1789,7,"F2",1000,0.2,0.1,"trait2",0.9,0,0.1,FALSE
1789,7,"F2",1000,0.2,0.1,"trait3",0,1,0,FALSE
1789,7,"F2",1000,0.2,0.1,"trait4",1,0,0,FALSE
1790,8,"F3",1000,0.2,0.1,"cont1",0,1,0,FALSE
1790,8,"F3",1000,0.2,0.1,"binary_trait",0.45,0,0.55,FALSE
1790,8,"F3",1000,0.2,0.1,"cat_trait=A",0,1,0,FALSE
1790,8,"F3",1000,0.2,0.1,"cat_trait=B",0,1,0,FALSE
1790,8,"F3",1000,0.2,0.1,"cat_trait=C",0,1,0,FALSE
1790,8,"F3",1000,0.2,0.1,"count_trait",1,0,0,FALSE
1791,9,"F1",100,0.5,0.1,"trait1",1,0,0,FALSE
1791,9,"F1",100,0.5,0.1,"trait2",1,0,0,FALSE
1791,9,"F1",100,0.5,0.1,"trait3",0,0,1,TRUE
1791,9,"F1",100,0.5,0.1,"trait4",0,1,0,FALSE
1792,10,"F2",100,0.5,0.1,"trait1",1,0,0,FALSE
1792,10,"F2",100,0.5,0.1,"trait2",1,0,0,FALSE
1792,10,"F2",100,0.5,0.1,"trait3",0,0,1,TRUE
1792,10,"F2",100,0.5,0.1,"trait4",1,0,0,FALSE
1793,11,"F3",100,0.5,0.1,"cont1",0.65,0.35,0,FALSE
1793,11,"F3",100,0.5,0.1,"binary_trait",0,1,0,FALSE
1793,11,"F3",100,0.5,0.1,"cat_trait=A",0,0,1,TRUE
1793,11,"F3",100,0.5,0.1,"cat_trait=B",0,0,1,TRUE
1793,11,"F3",100,0.5,0.1,"cat_trait=C",0,0,1,TRUE
1793,11,"F3",100,0.5,0.1,"count_trait",0,0,1,TRUE
1794,12,"F1",300,0.5,0.1,"trait1",0.947368421052632,0,0.0526315789473684,FALSE
1794,12,"F1",300,0.5,0.1,"trait2",0.263157894736842,0.526315789473684,0.210526315789474,FALSE
1794,12,"F1",300,0.5,0.1,"trait3",0,1,0,FALSE
1794,12,"F1",300,0.5,0.1,"trait4",0,1,0,FALSE
1795,13,"F2",300,0.5,0.1,"trait1",0.736842105263158,0,0.263157894736842,FALSE
1795,13,"F2",300,0.5,0.1,"trait2",1,0,0,FALSE
1795,13,"F2",300,0.5,0.1,"trait3",0,1,0,FALSE
1795,13,"F2",300,0.5,0.1,"trait4",1,0,0,FALSE
1796,14,"F3",300,0.5,0.1,"cont1",1,0,0,FALSE
1796,14,"F3",300,0.5,0.1,"binary_trait",0,1,0,FALSE
1796,14,"F3",300,0.5,0.1,"cat_trait=A",0,1,0,FALSE
1796,14,"F3",300,0.5,0.1,"cat_trait=B",0,1,0,FALSE
1796,14,"F3",300,0.5,0.1,"cat_trait=C",0,1,0,FALSE
1796,14,"F3",300,0.5,0.1,"count_trait",0,1,0,FALSE
1797,15,"F1",1000,0.5,0.1,"trait1",0,1,0,FALSE
1797,15,"F1",1000,0.5,0.1,"trait2",0,1,0,FALSE
1797,15,"F1",1000,0.5,0.1,"trait3",0.35,0.65,0,FALSE
1797,15,"F1",1000,0.5,0.1,"trait4",0,1,0,FALSE
1798,16,"F2",1000,0.5,0.1,"trait1",1,0,0,FALSE
1798,16,"F2",1000,0.5,0.1,"trait2",1,0,0,FALSE
1798,16,"F2",1000,0.5,0.1,"trait3",0,1,0,FALSE
1798,16,"F2",1000,0.5,0.1,"trait4",1,0,0,FALSE
1799,17,"F3",1000,0.5,0.1,"cont1",0.75,0.25,0,FALSE
1799,17,"F3",1000,0.5,0.1,"binary_trait",0,1,0,FALSE
1799,17,"F3",1000,0.5,0.1,"cat_trait=A",0,0.25,0.75,FALSE
1799,17,"F3",1000,0.5,0.1,"cat_trait=B",0,0.25,0.75,FALSE
1799,17,"F3",1000,0.5,0.1,"cat_trait=C",0,0.25,0.75,FALSE
1799,17,"F3",1000,0.5,0.1,"count_trait",0,1,0,FALSE
1800,18,"F1",100,1,0.1,"trait1",0.25,0.75,0,FALSE
1800,18,"F1",100,1,0.1,"trait2",0,1,0,FALSE
1800,18,"F1",100,1,0.1,"trait3",0,1,0,FALSE
1800,18,"F1",100,1,0.1,"trait4",0,1,0,FALSE
1801,19,"F2",100,1,0.1,"trait1",0,1,0,FALSE
1801,19,"F2",100,1,0.1,"trait2",1,0,0,FALSE
1801,19,"F2",100,1,0.1,"trait3",0,0,1,TRUE
1801,19,"F2",100,1,0.1,"trait4",1,0,0,FALSE
1802,20,"F3",100,1,0.1,"cont1",1,0,0,FALSE
1802,20,"F3",100,1,0.1,"binary_trait",0,1,0,FALSE
1802,20,"F3",100,1,0.1,"cat_trait=A",0,0,1,TRUE
1802,20,"F3",100,1,0.1,"cat_trait=B",0,0,1,TRUE
1802,20,"F3",100,1,0.1,"cat_trait=C",0,0,1,TRUE
1802,20,"F3",100,1,0.1,"count_trait",0,0,1,TRUE
1803,21,"F1",300,1,0.1,"trait1",0,1,0,FALSE
1803,21,"F1",300,1,0.1,"trait2",0.6,0.4,0,FALSE
1803,21,"F1",300,1,0.1,"trait3",0,1,0,FALSE
1803,21,"F1",300,1,0.1,"trait4",0,1,0,FALSE
1804,22,"F2",300,1,0.1,"trait1",0.3,0.7,0,FALSE
1804,22,"F2",300,1,0.1,"trait2",0.777777777777778,0.222222222222222,0,FALSE
1804,22,"F2",300,1,0.1,"trait3",0.789473684210526,0,0.210526315789474,FALSE
1804,22,"F2",300,1,0.1,"trait4",1,0,0,FALSE
1805,23,"F3",300,1,0.1,"cont1",0,0.9,0.1,FALSE
1805,23,"F3",300,1,0.1,"binary_trait",0,1,0,FALSE
1805,23,"F3",300,1,0.1,"cat_trait=A",0,1,0,FALSE
1805,23,"F3",300,1,0.1,"cat_trait=B",0,1,0,FALSE
1805,23,"F3",300,1,0.1,"cat_trait=C",0,1,0,FALSE
1805,23,"F3",300,1,0.1,"count_trait",0,0.368421052631579,0.631578947368421,FALSE
1806,24,"F1",1000,1,0.1,"trait1",0,1,0,FALSE
1806,24,"F1",1000,1,0.1,"trait2",0,1,0,FALSE
1806,24,"F1",1000,1,0.1,"trait3",0.4,0.6,0,FALSE
1806,24,"F1",1000,1,0.1,"trait4",0,1,0,FALSE
1807,25,"F2",1000,1,0.1,"trait1",0.15,0.85,0,FALSE
1807,25,"F2",1000,1,0.1,"trait2",0.85,0.15,0,FALSE
1807,25,"F2",1000,1,0.1,"trait3",0,0.75,0.25,FALSE
1807,25,"F2",1000,1,0.1,"trait4",0.65,0.35,0,FALSE
1808,26,"F3",1000,1,0.1,"cont1",0,1,0,FALSE
1808,26,"F3",1000,1,0.1,"binary_trait",0,1,0,FALSE
1808,26,"F3",1000,1,0.1,"cat_trait=A",0,1,0,FALSE
1808,26,"F3",1000,1,0.1,"cat_trait=B",0,1,0,FALSE
1808,26,"F3",1000,1,0.1,"cat_trait=C",0,1,0,FALSE
1808,26,"F3",1000,1,0.1,"count_trait",0,0.75,0.25,FALSE
1809,27,"F1",100,0.2,0.3,"trait1",1,0,0,FALSE
1809,27,"F1",100,0.2,0.3,"trait2",0.75,0.25,0,FALSE
1809,27,"F1",100,0.2,0.3,"trait3",0,1,0,FALSE
1809,27,"F1",100,0.2,0.3,"trait4",0,0,1,TRUE
1810,28,"F2",100,0.2,0.3,"trait1",0,0,1,TRUE
1810,28,"F2",100,0.2,0.3,"trait2",0.85,0,0.15,FALSE
1810,28,"F2",100,0.2,0.3,"trait3",0,0,1,TRUE
1810,28,"F2",100,0.2,0.3,"trait4",0,0,1,TRUE
1811,29,"F3",100,0.2,0.3,"cont1",0,0,1,TRUE
1811,29,"F3",100,0.2,0.3,"binary_trait",0,0,1,TRUE
1811,29,"F3",100,0.2,0.3,"cat_trait=A",0,0,1,TRUE
1811,29,"F3",100,0.2,0.3,"cat_trait=B",0,0,1,TRUE
1811,29,"F3",100,0.2,0.3,"cat_trait=C",0,0,1,TRUE
1811,29,"F3",100,0.2,0.3,"count_trait",0,0,1,TRUE
1812,30,"F1",300,0.2,0.3,"trait1",0,1,0,FALSE
1812,30,"F1",300,0.2,0.3,"trait2",1,0,0,FALSE
1812,30,"F1",300,0.2,0.3,"trait3",0,1,0,FALSE
1812,30,"F1",300,0.2,0.3,"trait4",0,1,0,FALSE
1813,31,"F2",300,0.2,0.3,"trait1",1,0,0,FALSE
1813,31,"F2",300,0.2,0.3,"trait2",1,0,0,FALSE
1813,31,"F2",300,0.2,0.3,"trait3",0,1,0,FALSE
1813,31,"F2",300,0.2,0.3,"trait4",1,0,0,FALSE
1814,32,"F3",300,0.2,0.3,"cont1",0,1,0,FALSE
1814,32,"F3",300,0.2,0.3,"binary_trait",0,1,0,FALSE
1814,32,"F3",300,0.2,0.3,"cat_trait=A",0,0,1,TRUE
1814,32,"F3",300,0.2,0.3,"cat_trait=B",0,0,1,TRUE
1814,32,"F3",300,0.2,0.3,"cat_trait=C",0,0,1,TRUE
1814,32,"F3",300,0.2,0.3,"count_trait",0,1,0,FALSE
1815,33,"F1",1000,0.2,0.3,"trait1",0,0,1,TRUE
1815,33,"F1",1000,0.2,0.3,"trait2",1,0,0,FALSE
1815,33,"F1",1000,0.2,0.3,"trait3",0,1,0,FALSE
1815,33,"F1",1000,0.2,0.3,"trait4",0,0,1,TRUE
1816,34,"F2",1000,0.2,0.3,"trait1",0,0,1,TRUE
1816,34,"F2",1000,0.2,0.3,"trait2",1,0,0,FALSE
1816,34,"F2",1000,0.2,0.3,"trait3",0,1,0,FALSE
1816,34,"F2",1000,0.2,0.3,"trait4",1,0,0,FALSE
1817,35,"F3",1000,0.2,0.3,"cont1",0,1,0,FALSE
1817,35,"F3",1000,0.2,0.3,"binary_trait",0,0,1,TRUE
1817,35,"F3",1000,0.2,0.3,"cat_trait=A",0,0.85,0.15,FALSE
1817,35,"F3",1000,0.2,0.3,"cat_trait=B",0,0.85,0.15,FALSE
1817,35,"F3",1000,0.2,0.3,"cat_trait=C",0,0.85,0.15,FALSE
1817,35,"F3",1000,0.2,0.3,"count_trait",0,1,0,FALSE
1818,36,"F1",100,0.5,0.3,"trait1",0,0,1,TRUE
1818,36,"F1",100,0.5,0.3,"trait2",0.95,0.05,0,FALSE
1818,36,"F1",100,0.5,0.3,"trait3",0,0,1,TRUE
1818,36,"F1",100,0.5,0.3,"trait4",1,0,0,FALSE
1819,37,"F2",100,0.5,0.3,"trait1",0,1,0,FALSE
1819,37,"F2",100,0.5,0.3,"trait2",1,0,0,FALSE
1819,37,"F2",100,0.5,0.3,"trait3",0,1,0,FALSE
1819,37,"F2",100,0.5,0.3,"trait4",0.888888888888889,0,0.111111111111111,FALSE
1820,38,"F3",100,0.5,0.3,"cont1",0,1,0,FALSE
1820,38,"F3",100,0.5,0.3,"binary_trait",0,0,1,TRUE
1820,38,"F3",100,0.5,0.3,"cat_trait=A",0,1,0,FALSE
1820,38,"F3",100,0.5,0.3,"cat_trait=B",0,1,0,FALSE
1820,38,"F3",100,0.5,0.3,"cat_trait=C",0,1,0,FALSE
1820,38,"F3",100,0.5,0.3,"count_trait",0,1,0,FALSE
1821,39,"F1",300,0.5,0.3,"trait1",0,1,0,FALSE
1821,39,"F1",300,0.5,0.3,"trait2",0,1,0,FALSE
1821,39,"F1",300,0.5,0.3,"trait3",0.2,0.8,0,FALSE
1821,39,"F1",300,0.5,0.3,"trait4",0.142857142857143,0.642857142857143,0.214285714285714,FALSE
1822,40,"F2",300,0.5,0.3,"trait1",0.5625,0,0.4375,FALSE
1822,40,"F2",300,0.5,0.3,"trait2",0,0.8125,0.1875,FALSE
1822,40,"F2",300,0.5,0.3,"trait3",1,0,0,FALSE
1822,40,"F2",300,0.5,0.3,"trait4",1,0,0,FALSE
1823,41,"F3",300,0.5,0.3,"cont1",0,1,0,FALSE
1823,41,"F3",300,0.5,0.3,"binary_trait",0,1,0,FALSE
1823,41,"F3",300,0.5,0.3,"cat_trait=A",0,0,1,TRUE
1823,41,"F3",300,0.5,0.3,"cat_trait=B",0,0,1,TRUE
1823,41,"F3",300,0.5,0.3,"cat_trait=C",0,0,1,TRUE
1823,41,"F3",300,0.5,0.3,"count_trait",0,1,0,FALSE
1824,42,"F1",1000,0.5,0.3,"trait1",0,1,0,FALSE
1824,42,"F1",1000,0.5,0.3,"trait2",0,1,0,FALSE
1824,42,"F1",1000,0.5,0.3,"trait3",0,1,0,FALSE
1824,42,"F1",1000,0.5,0.3,"trait4",0,1,0,FALSE
1825,43,"F2",1000,0.5,0.3,"trait1",0.85,0.15,0,FALSE
1825,43,"F2",1000,0.5,0.3,"trait2",0.4,0.6,0,FALSE
1825,43,"F2",1000,0.5,0.3,"trait3",0,1,0,FALSE
1825,43,"F2",1000,0.5,0.3,"trait4",0,1,0,FALSE
1826,44,"F3",1000,0.5,0.3,"cont1",0.45,0.55,0,FALSE
1826,44,"F3",1000,0.5,0.3,"binary_trait",0,1,0,FALSE
1826,44,"F3",1000,0.5,0.3,"cat_trait=A",0,0,1,TRUE
1826,44,"F3",1000,0.5,0.3,"cat_trait=B",0,0,1,TRUE
1826,44,"F3",1000,0.5,0.3,"cat_trait=C",0,0,1,TRUE
1826,44,"F3",1000,0.5,0.3,"count_trait",0,1,0,FALSE
1827,45,"F1",100,1,0.3,"trait1",1,0,0,FALSE
1827,45,"F1",100,1,0.3,"trait2",0,0.8,0.2,FALSE
1827,45,"F1",100,1,0.3,"trait3",0,1,0,FALSE
1827,45,"F1",100,1,0.3,"trait4",0,0.85,0.15,FALSE
1828,46,"F2",100,1,0.3,"trait1",0.263157894736842,0.210526315789474,0.526315789473684,FALSE
1828,46,"F2",100,1,0.3,"trait2",0.95,0,0.05,FALSE
1828,46,"F2",100,1,0.3,"trait3",0,1,0,FALSE
1828,46,"F2",100,1,0.3,"trait4",0.852941176470588,0,0.147058823529412,FALSE
1829,47,"F3",100,1,0.3,"cont1",1,0,0,FALSE
1829,47,"F3",100,1,0.3,"binary_trait",0,0,1,TRUE
1829,47,"F3",100,1,0.3,"cat_trait=A",0,1,0,FALSE
1829,47,"F3",100,1,0.3,"cat_trait=B",0,1,0,FALSE
1829,47,"F3",100,1,0.3,"cat_trait=C",0,1,0,FALSE
1829,47,"F3",100,1,0.3,"count_trait",0,1,0,FALSE
1830,48,"F1",300,1,0.3,"trait1",0,1,0,FALSE
1830,48,"F1",300,1,0.3,"trait2",0,1,0,FALSE
1830,48,"F1",300,1,0.3,"trait3",0,1,0,FALSE
1830,48,"F1",300,1,0.3,"trait4",0,1,0,FALSE
1831,49,"F2",300,1,0.3,"trait1",0,1,0,FALSE
1831,49,"F2",300,1,0.3,"trait2",0,1,0,FALSE
1831,49,"F2",300,1,0.3,"trait3",0,0.55,0.45,FALSE
1831,49,"F2",300,1,0.3,"trait4",0.7,0.25,0.05,FALSE
1832,50,"F3",300,1,0.3,"cont1",0,1,0,FALSE
1832,50,"F3",300,1,0.3,"binary_trait",0,1,0,FALSE
1832,50,"F3",300,1,0.3,"cat_trait=A",0,1,0,FALSE
1832,50,"F3",300,1,0.3,"cat_trait=B",0,1,0,FALSE
1832,50,"F3",300,1,0.3,"cat_trait=C",0,1,0,FALSE
1832,50,"F3",300,1,0.3,"count_trait",0,1,0,FALSE
1833,51,"F1",1000,1,0.3,"trait1",0,1,0,FALSE
1833,51,"F1",1000,1,0.3,"trait2",0,1,0,FALSE
1833,51,"F1",1000,1,0.3,"trait3",0,1,0,FALSE
1833,51,"F1",1000,1,0.3,"trait4",0,1,0,FALSE
1834,52,"F2",1000,1,0.3,"trait1",0,1,0,FALSE
1834,52,"F2",1000,1,0.3,"trait2",0.85,0.05,0.1,FALSE
1834,52,"F2",1000,1,0.3,"trait3",0.05,0.6,0.35,FALSE
1834,52,"F2",1000,1,0.3,"trait4",0,1,0,FALSE
1835,53,"F3",1000,1,0.3,"cont1",0,1,0,FALSE
1835,53,"F3",1000,1,0.3,"binary_trait",0,1,0,FALSE
1835,53,"F3",1000,1,0.3,"cat_trait=A",0,1,0,FALSE
1835,53,"F3",1000,1,0.3,"cat_trait=B",0,1,0,FALSE
1835,53,"F3",1000,1,0.3,"cat_trait=C",0,1,0,FALSE
1835,53,"F3",1000,1,0.3,"count_trait",0,1,0,FALSE
1836,54,"F1",100,0.2,0.5,"trait1",0,0,1,TRUE
1836,54,"F1",100,0.2,0.5,"trait2",0,1,0,FALSE
1836,54,"F1",100,0.2,0.5,"trait3",0,1,0,FALSE
1836,54,"F1",100,0.2,0.5,"trait4",0,1,0,FALSE
1837,55,"F2",100,0.2,0.5,"trait1",0,0,1,TRUE
1837,55,"F2",100,0.2,0.5,"trait2",0,1,0,FALSE
1837,55,"F2",100,0.2,0.5,"trait3",0,0,1,TRUE
1837,55,"F2",100,0.2,0.5,"trait4",1,0,0,FALSE
1838,56,"F3",100,0.2,0.5,"cont1",0.95,0.05,0,FALSE
1838,56,"F3",100,0.2,0.5,"binary_trait",0,0,1,TRUE
1838,56,"F3",100,0.2,0.5,"cat_trait=A",0,0,1,TRUE
1838,56,"F3",100,0.2,0.5,"cat_trait=B",0,0,1,TRUE
1838,56,"F3",100,0.2,0.5,"cat_trait=C",0,0,1,TRUE
1838,56,"F3",100,0.2,0.5,"count_trait",0,0,1,TRUE
1839,57,"F1",300,0.2,0.5,"trait1",0,1,0,FALSE
1839,57,"F1",300,0.2,0.5,"trait2",0,1,0,FALSE
1839,57,"F1",300,0.2,0.5,"trait3",0,1,0,FALSE
1839,57,"F1",300,0.2,0.5,"trait4",0,1,0,FALSE
1840,58,"F2",300,0.2,0.5,"trait1",0,1,0,FALSE
1840,58,"F2",300,0.2,0.5,"trait2",0.0833333333333333,0,0.916666666666667,FALSE
1840,58,"F2",300,0.2,0.5,"trait3",0.35,0.65,0,FALSE
1840,58,"F2",300,0.2,0.5,"trait4",0,1,0,FALSE
1841,59,"F3",300,0.2,0.5,"cont1",0,0,1,TRUE
1841,59,"F3",300,0.2,0.5,"binary_trait",0,0,1,TRUE
1841,59,"F3",300,0.2,0.5,"cat_trait=A",0,0,1,TRUE
1841,59,"F3",300,0.2,0.5,"cat_trait=B",0,0,1,TRUE
1841,59,"F3",300,0.2,0.5,"cat_trait=C",0,0,1,TRUE
1841,59,"F3",300,0.2,0.5,"count_trait",0,0,1,TRUE
1842,60,"F1",1000,0.2,0.5,"trait1",1,0,0,FALSE
1842,60,"F1",1000,0.2,0.5,"trait2",0,1,0,FALSE
1842,60,"F1",1000,0.2,0.5,"trait3",0,1,0,FALSE
1842,60,"F1",1000,0.2,0.5,"trait4",0,0,1,TRUE
1843,61,"F2",1000,0.2,0.5,"trait1",0,1,0,FALSE
1843,61,"F2",1000,0.2,0.5,"trait2",0,1,0,FALSE
1843,61,"F2",1000,0.2,0.5,"trait3",0.875,0.125,0,FALSE
1843,61,"F2",1000,0.2,0.5,"trait4",0,1,0,FALSE
1844,62,"F3",1000,0.2,0.5,"cont1",0,1,0,FALSE
1844,62,"F3",1000,0.2,0.5,"binary_trait",0,1,0,FALSE
1844,62,"F3",1000,0.2,0.5,"cat_trait=A",0.2,0.65,0.15,FALSE
1844,62,"F3",1000,0.2,0.5,"cat_trait=B",0.2,0.65,0.15,FALSE
1844,62,"F3",1000,0.2,0.5,"cat_trait=C",0.2,0.65,0.15,FALSE
1844,62,"F3",1000,0.2,0.5,"count_trait",0,1,0,FALSE
1845,63,"F1",100,0.5,0.5,"trait1",0,1,0,FALSE
1845,63,"F1",100,0.5,0.5,"trait2",0,0.7,0.3,FALSE
1845,63,"F1",100,0.5,0.5,"trait3",0,0,1,TRUE
1845,63,"F1",100,0.5,0.5,"trait4",0,0,1,TRUE
1846,64,"F2",100,0.5,0.5,"trait1",1,0,0,FALSE
1846,64,"F2",100,0.5,0.5,"trait2",0,0,1,TRUE
1846,64,"F2",100,0.5,0.5,"trait3",0,0,1,TRUE
1846,64,"F2",100,0.5,0.5,"trait4",0,0,1,TRUE
1847,65,"F3",100,0.5,0.5,"cont1",0,0,1,TRUE
1847,65,"F3",100,0.5,0.5,"binary_trait",0,0,1,TRUE
1847,65,"F3",100,0.5,0.5,"cat_trait=A",0,0,1,TRUE
1847,65,"F3",100,0.5,0.5,"cat_trait=B",0,0,1,TRUE
1847,65,"F3",100,0.5,0.5,"cat_trait=C",0,0,1,TRUE
1847,65,"F3",100,0.5,0.5,"count_trait",0,0,1,TRUE
1848,66,"F1",300,0.5,0.5,"trait1",0,0,1,TRUE
1848,66,"F1",300,0.5,0.5,"trait2",0,1,0,FALSE
1848,66,"F1",300,0.5,0.5,"trait3",0,1,0,FALSE
1848,66,"F1",300,0.5,0.5,"trait4",0,1,0,FALSE
1849,67,"F2",300,0.5,0.5,"trait1",1,0,0,FALSE
1849,67,"F2",300,0.5,0.5,"trait2",1,0,0,FALSE
1849,67,"F2",300,0.5,0.5,"trait3",0,1,0,FALSE
1849,67,"F2",300,0.5,0.5,"trait4",1,0,0,FALSE
1850,68,"F3",300,0.5,0.5,"cont1",0,1,0,FALSE
1850,68,"F3",300,0.5,0.5,"binary_trait",0,0,1,TRUE
1850,68,"F3",300,0.5,0.5,"cat_trait=A",0,0,1,TRUE
1850,68,"F3",300,0.5,0.5,"cat_trait=B",0,0,1,TRUE
1850,68,"F3",300,0.5,0.5,"cat_trait=C",0,0,1,TRUE
1850,68,"F3",300,0.5,0.5,"count_trait",0,0,1,TRUE
1851,69,"F1",1000,0.5,0.5,"trait1",0,1,0,FALSE
1851,69,"F1",1000,0.5,0.5,"trait2",0,1,0,FALSE
1851,69,"F1",1000,0.5,0.5,"trait3",0,1,0,FALSE
1851,69,"F1",1000,0.5,0.5,"trait4",0,1,0,FALSE
1852,70,"F2",1000,0.5,0.5,"trait1",0.85,0.15,0,FALSE
1852,70,"F2",1000,0.5,0.5,"trait2",1,0,0,FALSE
1852,70,"F2",1000,0.5,0.5,"trait3",0,1,0,FALSE
1852,70,"F2",1000,0.5,0.5,"trait4",1,0,0,FALSE
1853,71,"F3",1000,0.5,0.5,"cont1",0.3,0.7,0,FALSE
1853,71,"F3",1000,0.5,0.5,"binary_trait",0,0.1,0.9,FALSE
1853,71,"F3",1000,0.5,0.5,"cat_trait=A",0.05,0.05,0.9,FALSE
1853,71,"F3",1000,0.5,0.5,"cat_trait=B",0.05,0.05,0.9,FALSE
1853,71,"F3",1000,0.5,0.5,"cat_trait=C",0.05,0.05,0.9,FALSE
1853,71,"F3",1000,0.5,0.5,"count_trait",0,0.95,0.05,FALSE
1854,72,"F1",100,1,0.5,"trait1",0,1,0,FALSE
1854,72,"F1",100,1,0.5,"trait2",0,1,0,FALSE
1854,72,"F1",100,1,0.5,"trait3",0.8,0,0.2,FALSE
1854,72,"F1",100,1,0.5,"trait4",0,1,0,FALSE
1855,73,"F2",100,1,0.5,"trait1",0,0.5,0.5,FALSE
1855,73,"F2",100,1,0.5,"trait2",1,0,0,FALSE
1855,73,"F2",100,1,0.5,"trait3",0,0.6,0.4,FALSE
1855,73,"F2",100,1,0.5,"trait4",1,0,0,FALSE
1856,74,"F3",100,1,0.5,"cont1",1,0,0,FALSE
1856,74,"F3",100,1,0.5,"binary_trait",0,1,0,FALSE
1856,74,"F3",100,1,0.5,"cat_trait=A",0,0,1,TRUE
1856,74,"F3",100,1,0.5,"cat_trait=B",0,0,1,TRUE
1856,74,"F3",100,1,0.5,"cat_trait=C",0,0,1,TRUE
1856,74,"F3",100,1,0.5,"count_trait",0,0,1,TRUE
1857,75,"F1",300,1,0.5,"trait1",0,1,0,FALSE
1857,75,"F1",300,1,0.5,"trait2",0,1,0,FALSE
1857,75,"F1",300,1,0.5,"trait3",0,1,0,FALSE
1857,75,"F1",300,1,0.5,"trait4",0,1,0,FALSE
1858,76,"F2",300,1,0.5,"trait1",1,0,0,FALSE
1858,76,"F2",300,1,0.5,"trait2",0,1,0,FALSE
1858,76,"F2",300,1,0.5,"trait3",0,0.2,0.8,FALSE
1858,76,"F2",300,1,0.5,"trait4",0.8125,0,0.1875,FALSE
1859,77,"F3",300,1,0.5,"cont1",0,1,0,FALSE
1859,77,"F3",300,1,0.5,"binary_trait",0,1,0,FALSE
1859,77,"F3",300,1,0.5,"cat_trait=A",0,0,1,TRUE
1859,77,"F3",300,1,0.5,"cat_trait=B",0,0,1,TRUE
1859,77,"F3",300,1,0.5,"cat_trait=C",0,0,1,TRUE
1859,77,"F3",300,1,0.5,"count_trait",0,1,0,FALSE
1860,78,"F1",1000,1,0.5,"trait1",1,0,0,FALSE
1860,78,"F1",1000,1,0.5,"trait2",0,1,0,FALSE
1860,78,"F1",1000,1,0.5,"trait3",0,1,0,FALSE
1860,78,"F1",1000,1,0.5,"trait4",0.5,0.5,0,FALSE
1861,79,"F2",1000,1,0.5,"trait1",0,1,0,FALSE
1861,79,"F2",1000,1,0.5,"trait2",0.25,0.65,0.1,FALSE
1861,79,"F2",1000,1,0.5,"trait3",0,1,0,FALSE
1861,79,"F2",1000,1,0.5,"trait4",0,1,0,FALSE
1862,80,"F3",1000,1,0.5,"cont1",0.631578947368421,0.31578947368421,0.0526315789473684,FALSE
1862,80,"F3",1000,1,0.5,"binary_trait",0,1,0,FALSE
1862,80,"F3",1000,1,0.5,"cat_trait=A",0,0.722222222222222,0.277777777777778,FALSE
1862,80,"F3",1000,1,0.5,"cat_trait=B",0,0.722222222222222,0.277777777777778,FALSE
1862,80,"F3",1000,1,0.5,"cat_trait=C",0,0.722222222222222,0.277777777777778,FALSE
1862,80,"F3",1000,1,0.5,"count_trait",0,1,0,FALSE
1863,0,"F1",100,0.2,0.1,"trait1",0,1,0,FALSE
1863,0,"F1",100,0.2,0.1,"trait2",0,0,1,TRUE
1863,0,"F1",100,0.2,0.1,"trait3",0,0,1,TRUE
1863,0,"F1",100,0.2,0.1,"trait4",0,1,0,FALSE
1864,1,"F2",100,0.2,0.1,"trait1",0,1,0,FALSE
1864,1,"F2",100,0.2,0.1,"trait2",0,0,1,TRUE
1864,1,"F2",100,0.2,0.1,"trait3",1,0,0,FALSE
1864,1,"F2",100,0.2,0.1,"trait4",1,0,0,FALSE
1865,2,"F3",100,0.2,0.1,"cont1",0,1,0,FALSE
1865,2,"F3",100,0.2,0.1,"binary_trait",0,0,1,TRUE
1865,2,"F3",100,0.2,0.1,"cat_trait=A",0,1,0,FALSE
1865,2,"F3",100,0.2,0.1,"cat_trait=B",0,1,0,FALSE
1865,2,"F3",100,0.2,0.1,"cat_trait=C",0,1,0,FALSE
1865,2,"F3",100,0.2,0.1,"count_trait",0,0,1,TRUE
1866,3,"F1",300,0.2,0.1,"trait1",0,1,0,FALSE
1866,3,"F1",300,0.2,0.1,"trait2",1,0,0,FALSE
1866,3,"F1",300,0.2,0.1,"trait3",0,1,0,FALSE
1866,3,"F1",300,0.2,0.1,"trait4",1,0,0,FALSE
1867,4,"F2",300,0.2,0.1,"trait1",0,0,1,TRUE
1867,4,"F2",300,0.2,0.1,"trait2",1,0,0,FALSE
1867,4,"F2",300,0.2,0.1,"trait3",0,0,1,TRUE
1867,4,"F2",300,0.2,0.1,"trait4",1,0,0,FALSE
1868,5,"F3",300,0.2,0.1,"cont1",1,0,0,FALSE
1868,5,"F3",300,0.2,0.1,"binary_trait",0,0,1,TRUE
1868,5,"F3",300,0.2,0.1,"cat_trait=A",0,0,1,TRUE
1868,5,"F3",300,0.2,0.1,"cat_trait=B",0,0,1,TRUE
1868,5,"F3",300,0.2,0.1,"cat_trait=C",0,0,1,TRUE
1868,5,"F3",300,0.2,0.1,"count_trait",1,0,0,FALSE
1869,6,"F1",1000,0.2,0.1,"trait1",0.75,0.25,0,FALSE
1869,6,"F1",1000,0.2,0.1,"trait2",0.8,0.2,0,FALSE
1869,6,"F1",1000,0.2,0.1,"trait3",0.2,0.8,0,FALSE
1869,6,"F1",1000,0.2,0.1,"trait4",0.3,0.7,0,FALSE
1870,7,"F2",1000,0.2,0.1,"trait1",0.75,0.25,0,FALSE
1870,7,"F2",1000,0.2,0.1,"trait2",1,0,0,FALSE
1870,7,"F2",1000,0.2,0.1,"trait3",0,0.5,0.5,FALSE
1870,7,"F2",1000,0.2,0.1,"trait4",1,0,0,FALSE
1871,8,"F3",1000,0.2,0.1,"cont1",0.75,0.25,0,FALSE
1871,8,"F3",1000,0.2,0.1,"binary_trait",0,0.944444444444444,0.0555555555555556,FALSE
1871,8,"F3",1000,0.2,0.1,"cat_trait=A",0,1,0,FALSE
1871,8,"F3",1000,0.2,0.1,"cat_trait=B",0,1,0,FALSE
1871,8,"F3",1000,0.2,0.1,"cat_trait=C",0,1,0,FALSE
1871,8,"F3",1000,0.2,0.1,"count_trait",0,1,0,FALSE
1872,9,"F1",100,0.5,0.1,"trait1",0,0.9,0.1,FALSE
1872,9,"F1",100,0.5,0.1,"trait2",1,0,0,FALSE
1872,9,"F1",100,0.5,0.1,"trait3",1,0,0,FALSE
1872,9,"F1",100,0.5,0.1,"trait4",0,1,0,FALSE
1873,10,"F2",100,0.5,0.1,"trait1",0.4,0.6,0,FALSE
1873,10,"F2",100,0.5,0.1,"trait2",1,0,0,FALSE
1873,10,"F2",100,0.5,0.1,"trait3",0,0.0769230769230769,0.923076923076923,FALSE
1873,10,"F2",100,0.5,0.1,"trait4",0.421052631578947,0.368421052631579,0.210526315789474,FALSE
1874,11,"F3",100,0.5,0.1,"cont1",0.647058823529412,0.352941176470588,0,FALSE
1874,11,"F3",100,0.5,0.1,"binary_trait",0,1,0,FALSE
1874,11,"F3",100,0.5,0.1,"cat_trait=A",0.3,0,0.7,FALSE
1874,11,"F3",100,0.5,0.1,"cat_trait=B",0.3,0,0.7,FALSE
1874,11,"F3",100,0.5,0.1,"cat_trait=C",0.3,0,0.7,FALSE
1874,11,"F3",100,0.5,0.1,"count_trait",0,0,1,TRUE
1875,12,"F1",300,0.5,0.1,"trait1",1,0,0,FALSE
1875,12,"F1",300,0.5,0.1,"trait2",0,1,0,FALSE
1875,12,"F1",300,0.5,0.1,"trait3",0,1,0,FALSE
1875,12,"F1",300,0.5,0.1,"trait4",0,1,0,FALSE
1876,13,"F2",300,0.5,0.1,"trait1",1,0,0,FALSE
1876,13,"F2",300,0.5,0.1,"trait2",1,0,0,FALSE
1876,13,"F2",300,0.5,0.1,"trait3",0,1,0,FALSE
1876,13,"F2",300,0.5,0.1,"trait4",1,0,0,FALSE
1877,14,"F3",300,0.5,0.1,"cont1",1,0,0,FALSE
1877,14,"F3",300,0.5,0.1,"binary_trait",0,1,0,FALSE
1877,14,"F3",300,0.5,0.1,"cat_trait=A",0,1,0,FALSE
1877,14,"F3",300,0.5,0.1,"cat_trait=B",0,1,0,FALSE
1877,14,"F3",300,0.5,0.1,"cat_trait=C",0,1,0,FALSE
1877,14,"F3",300,0.5,0.1,"count_trait",0,0,1,TRUE
1878,15,"F1",1000,0.5,0.1,"trait1",0.842105263157895,0.157894736842105,0,FALSE
1878,15,"F1",1000,0.5,0.1,"trait2",0.3,0.7,0,FALSE
1878,15,"F1",1000,0.5,0.1,"trait3",0.75,0.25,0,FALSE
1878,15,"F1",1000,0.5,0.1,"trait4",0,1,0,FALSE
1879,16,"F2",1000,0.5,0.1,"trait1",0,1,0,FALSE
1879,16,"F2",1000,0.5,0.1,"trait2",1,0,0,FALSE
1879,16,"F2",1000,0.5,0.1,"trait3",0,0.6,0.4,FALSE
1879,16,"F2",1000,0.5,0.1,"trait4",1,0,0,FALSE
1880,17,"F3",1000,0.5,0.1,"cont1",0,0.7,0.3,FALSE
1880,17,"F3",1000,0.5,0.1,"binary_trait",0,0.777777777777778,0.222222222222222,FALSE
1880,17,"F3",1000,0.5,0.1,"cat_trait=A",0.263157894736842,0.31578947368421,0.421052631578947,FALSE
1880,17,"F3",1000,0.5,0.1,"cat_trait=B",0.263157894736842,0.31578947368421,0.421052631578947,FALSE
1880,17,"F3",1000,0.5,0.1,"cat_trait=C",0.263157894736842,0.31578947368421,0.421052631578947,FALSE
1880,17,"F3",1000,0.5,0.1,"count_trait",0,1,0,FALSE
1881,18,"F1",100,1,0.1,"trait1",0,1,0,FALSE
1881,18,"F1",100,1,0.1,"trait2",0,1,0,FALSE
1881,18,"F1",100,1,0.1,"trait3",0,1,0,FALSE
1881,18,"F1",100,1,0.1,"trait4",0,1,0,FALSE
1882,19,"F2",100,1,0.1,"trait1",0,1,0,FALSE
1882,19,"F2",100,1,0.1,"trait2",1,0,0,FALSE
1882,19,"F2",100,1,0.1,"trait3",0,0,1,TRUE
1882,19,"F2",100,1,0.1,"trait4",0.75,0,0.25,FALSE
1883,20,"F3",100,1,0.1,"cont1",0,1,0,FALSE
1883,20,"F3",100,1,0.1,"binary_trait",0,1,0,FALSE
1883,20,"F3",100,1,0.1,"cat_trait=A",0,1,0,FALSE
1883,20,"F3",100,1,0.1,"cat_trait=B",0,1,0,FALSE
1883,20,"F3",100,1,0.1,"cat_trait=C",0,1,0,FALSE
1883,20,"F3",100,1,0.1,"count_trait",0,1,0,FALSE
1884,21,"F1",300,1,0.1,"trait1",0.8,0.15,0.05,FALSE
1884,21,"F1",300,1,0.1,"trait2",0,1,0,FALSE
1884,21,"F1",300,1,0.1,"trait3",0.1,0.9,0,FALSE
1884,21,"F1",300,1,0.1,"trait4",0.263157894736842,0.736842105263158,0,FALSE
1885,22,"F2",300,1,0.1,"trait1",0.85,0,0.15,FALSE
1885,22,"F2",300,1,0.1,"trait2",1,0,0,FALSE
1885,22,"F2",300,1,0.1,"trait3",0,0.7,0.3,FALSE
1885,22,"F2",300,1,0.1,"trait4",1,0,0,FALSE
1886,23,"F3",300,1,0.1,"cont1",1,0,0,FALSE
1886,23,"F3",300,1,0.1,"binary_trait",0.45,0,0.55,FALSE
1886,23,"F3",300,1,0.1,"cat_trait=A",0,1,0,FALSE
1886,23,"F3",300,1,0.1,"cat_trait=B",0,1,0,FALSE
1886,23,"F3",300,1,0.1,"cat_trait=C",0,1,0,FALSE
1886,23,"F3",300,1,0.1,"count_trait",0,1,0,FALSE
1887,24,"F1",1000,1,0.1,"trait1",0,1,0,FALSE
1887,24,"F1",1000,1,0.1,"trait2",0,1,0,FALSE
1887,24,"F1",1000,1,0.1,"trait3",0,1,0,FALSE
1887,24,"F1",1000,1,0.1,"trait4",0,1,0,FALSE
1888,25,"F2",1000,1,0.1,"trait1",0,1,0,FALSE
1888,25,"F2",1000,1,0.1,"trait2",1,0,0,FALSE
1888,25,"F2",1000,1,0.1,"trait3",0,0.8,0.2,FALSE
1888,25,"F2",1000,1,0.1,"trait4",0,1,0,FALSE
1889,26,"F3",1000,1,0.1,"cont1",0,1,0,FALSE
1889,26,"F3",1000,1,0.1,"binary_trait",0,1,0,FALSE
1889,26,"F3",1000,1,0.1,"cat_trait=A",0,1,0,FALSE
1889,26,"F3",1000,1,0.1,"cat_trait=B",0,1,0,FALSE
1889,26,"F3",1000,1,0.1,"cat_trait=C",0,1,0,FALSE
1889,26,"F3",1000,1,0.1,"count_trait",0,1,0,FALSE
1890,27,"F1",100,0.2,0.3,"trait1",1,0,0,FALSE
1890,27,"F1",100,0.2,0.3,"trait2",0,0,1,TRUE
1890,27,"F1",100,0.2,0.3,"trait3",0,0,1,TRUE
1890,27,"F1",100,0.2,0.3,"trait4",0,0,1,TRUE
1891,28,"F2",100,0.2,0.3,"trait1",1,0,0,FALSE
1891,28,"F2",100,0.2,0.3,"trait2",1,0,0,FALSE
1891,28,"F2",100,0.2,0.3,"trait3",0,0,1,TRUE
1891,28,"F2",100,0.2,0.3,"trait4",0,0,1,TRUE
1892,29,"F3",100,0.2,0.3,"cont1",0,1,0,FALSE
1892,29,"F3",100,0.2,0.3,"binary_trait",0,0,1,TRUE
1892,29,"F3",100,0.2,0.3,"cat_trait=A",0,0,1,TRUE
1892,29,"F3",100,0.2,0.3,"cat_trait=B",0,0,1,TRUE
1892,29,"F3",100,0.2,0.3,"cat_trait=C",0,0,1,TRUE
1892,29,"F3",100,0.2,0.3,"count_trait",0,1,0,FALSE
1893,30,"F1",300,0.2,0.3,"trait1",1,0,0,FALSE
1893,30,"F1",300,0.2,0.3,"trait2",0,1,0,FALSE
1893,30,"F1",300,0.2,0.3,"trait3",0,1,0,FALSE
1893,30,"F1",300,0.2,0.3,"trait4",1,0,0,FALSE
1894,31,"F2",300,0.2,0.3,"trait1",0,1,0,FALSE
1894,31,"F2",300,0.2,0.3,"trait2",1,0,0,FALSE
1894,31,"F2",300,0.2,0.3,"trait3",0,1,0,FALSE
1894,31,"F2",300,0.2,0.3,"trait4",1,0,0,FALSE
1895,32,"F3",300,0.2,0.3,"cont1",0.230769230769231,0.769230769230769,0,FALSE
1895,32,"F3",300,0.2,0.3,"binary_trait",0.1,0.4,0.5,FALSE
1895,32,"F3",300,0.2,0.3,"cat_trait=A",0,0,1,TRUE
1895,32,"F3",300,0.2,0.3,"cat_trait=B",0,0,1,TRUE
1895,32,"F3",300,0.2,0.3,"cat_trait=C",0,0,1,TRUE
1895,32,"F3",300,0.2,0.3,"count_trait",0.6,0.4,0,FALSE
1896,33,"F1",1000,0.2,0.3,"trait1",0.5,0.5,0,FALSE
1896,33,"F1",1000,0.2,0.3,"trait2",1,0,0,FALSE
1896,33,"F1",1000,0.2,0.3,"trait3",1,0,0,FALSE
1896,33,"F1",1000,0.2,0.3,"trait4",0,1,0,FALSE
1897,34,"F2",1000,0.2,0.3,"trait1",0,1,0,FALSE
1897,34,"F2",1000,0.2,0.3,"trait2",0,1,0,FALSE
1897,34,"F2",1000,0.2,0.3,"trait3",0,0.6,0.4,FALSE
1897,34,"F2",1000,0.2,0.3,"trait4",1,0,0,FALSE
1898,35,"F3",1000,0.2,0.3,"cont1",0,1,0,FALSE
1898,35,"F3",1000,0.2,0.3,"binary_trait",0,0.8,0.2,FALSE
1898,35,"F3",1000,0.2,0.3,"cat_trait=A",0,0,1,TRUE
1898,35,"F3",1000,0.2,0.3,"cat_trait=B",0,0,1,TRUE
1898,35,"F3",1000,0.2,0.3,"cat_trait=C",0,0,1,TRUE
1898,35,"F3",1000,0.2,0.3,"count_trait",0,0,1,TRUE
1899,36,"F1",100,0.5,0.3,"trait1",1,0,0,FALSE
1899,36,"F1",100,0.5,0.3,"trait2",1,0,0,FALSE
1899,36,"F1",100,0.5,0.3,"trait3",0,1,0,FALSE
1899,36,"F1",100,0.5,0.3,"trait4",1,0,0,FALSE
1900,37,"F2",100,0.5,0.3,"trait1",0,0,1,TRUE
1900,37,"F2",100,0.5,0.3,"trait2",0,1,0,FALSE
1900,37,"F2",100,0.5,0.3,"trait3",0,0,1,TRUE
1900,37,"F2",100,0.5,0.3,"trait4",0,1,0,FALSE
1901,38,"F3",100,0.5,0.3,"cont1",0,0,1,TRUE
1901,38,"F3",100,0.5,0.3,"binary_trait",0,0,1,TRUE
1901,38,"F3",100,0.5,0.3,"cat_trait=A",0,0,1,TRUE
1901,38,"F3",100,0.5,0.3,"cat_trait=B",0,0,1,TRUE
1901,38,"F3",100,0.5,0.3,"cat_trait=C",0,0,1,TRUE
1901,38,"F3",100,0.5,0.3,"count_trait",0,1,0,FALSE
1902,39,"F1",300,0.5,0.3,"trait1",0,1,0,FALSE
1902,39,"F1",300,0.5,0.3,"trait2",0,1,0,FALSE
1902,39,"F1",300,0.5,0.3,"trait3",0,0,1,TRUE
1902,39,"F1",300,0.5,0.3,"trait4",0,1,0,FALSE
1903,40,"F2",300,0.5,0.3,"trait1",0,1,0,FALSE
1903,40,"F2",300,0.5,0.3,"trait2",1,0,0,FALSE
1903,40,"F2",300,0.5,0.3,"trait3",0,1,0,FALSE
1903,40,"F2",300,0.5,0.3,"trait4",0,1,0,FALSE
1904,41,"F3",300,0.5,0.3,"cont1",0,1,0,FALSE
1904,41,"F3",300,0.5,0.3,"binary_trait",0,0,1,TRUE
1904,41,"F3",300,0.5,0.3,"cat_trait=A",0,0.35,0.65,FALSE
1904,41,"F3",300,0.5,0.3,"cat_trait=B",0,0.35,0.65,FALSE
1904,41,"F3",300,0.5,0.3,"cat_trait=C",0,0.35,0.65,FALSE
1904,41,"F3",300,0.5,0.3,"count_trait",0,1,0,FALSE
1905,42,"F1",1000,0.5,0.3,"trait1",0,1,0,FALSE
1905,42,"F1",1000,0.5,0.3,"trait2",0,1,0,FALSE
1905,42,"F1",1000,0.5,0.3,"trait3",0,1,0,FALSE
1905,42,"F1",1000,0.5,0.3,"trait4",0,1,0,FALSE
1906,43,"F2",1000,0.5,0.3,"trait1",0,1,0,FALSE
1906,43,"F2",1000,0.5,0.3,"trait2",0,1,0,FALSE
1906,43,"F2",1000,0.5,0.3,"trait3",0,0.85,0.15,FALSE
1906,43,"F2",1000,0.5,0.3,"trait4",0.31578947368421,0.68421052631579,0,FALSE
1907,44,"F3",1000,0.5,0.3,"cont1",0,1,0,FALSE
1907,44,"F3",1000,0.5,0.3,"binary_trait",0,0.75,0.25,FALSE
1907,44,"F3",1000,0.5,0.3,"cat_trait=A",0.1,0,0.9,FALSE
1907,44,"F3",1000,0.5,0.3,"cat_trait=B",0.1,0,0.9,FALSE
1907,44,"F3",1000,0.5,0.3,"cat_trait=C",0.1,0,0.9,FALSE
1907,44,"F3",1000,0.5,0.3,"count_trait",0,1,0,FALSE
1908,45,"F1",100,1,0.3,"trait1",0,1,0,FALSE
1908,45,"F1",100,1,0.3,"trait2",0,0.75,0.25,FALSE
1908,45,"F1",100,1,0.3,"trait3",0.636363636363636,0.363636363636364,0,FALSE
1908,45,"F1",100,1,0.3,"trait4",1,0,0,FALSE
1909,46,"F2",100,1,0.3,"trait1",0,1,0,FALSE
1909,46,"F2",100,1,0.3,"trait2",0,1,0,FALSE
1909,46,"F2",100,1,0.3,"trait3",0,0.31578947368421,0.68421052631579,FALSE
1909,46,"F2",100,1,0.3,"trait4",0,1,0,FALSE
1910,47,"F3",100,1,0.3,"cont1",0,0.7,0.3,FALSE
1910,47,"F3",100,1,0.3,"binary_trait",0,1,0,FALSE
1910,47,"F3",100,1,0.3,"cat_trait=A",0,0,1,TRUE
1910,47,"F3",100,1,0.3,"cat_trait=B",0,0,1,TRUE
1910,47,"F3",100,1,0.3,"cat_trait=C",0,0,1,TRUE
1910,47,"F3",100,1,0.3,"count_trait",0,0,1,TRUE
1911,48,"F1",300,1,0.3,"trait1",0,1,0,FALSE
1911,48,"F1",300,1,0.3,"trait2",0,1,0,FALSE
1911,48,"F1",300,1,0.3,"trait3",0,1,0,FALSE
1911,48,"F1",300,1,0.3,"trait4",0.894736842105263,0.0526315789473684,0.0526315789473684,FALSE
1912,49,"F2",300,1,0.3,"trait1",0.944444444444444,0,0.0555555555555556,FALSE
1912,49,"F2",300,1,0.3,"trait2",0,1,0,FALSE
1912,49,"F2",300,1,0.3,"trait3",0,1,0,FALSE
1912,49,"F2",300,1,0.3,"trait4",1,0,0,FALSE
1913,50,"F3",300,1,0.3,"cont1",0,1,0,FALSE
1913,50,"F3",300,1,0.3,"binary_trait",0,1,0,FALSE
1913,50,"F3",300,1,0.3,"cat_trait=A",0,1,0,FALSE
1913,50,"F3",300,1,0.3,"cat_trait=B",0,1,0,FALSE
1913,50,"F3",300,1,0.3,"cat_trait=C",0,1,0,FALSE
1913,50,"F3",300,1,0.3,"count_trait",0,0.9,0.1,FALSE
1914,51,"F1",1000,1,0.3,"trait1",0,1,0,FALSE
1914,51,"F1",1000,1,0.3,"trait2",0.45,0.55,0,FALSE
1914,51,"F1",1000,1,0.3,"trait3",0,1,0,FALSE
1914,51,"F1",1000,1,0.3,"trait4",0.25,0.75,0,FALSE
1915,52,"F2",1000,1,0.3,"trait1",0,1,0,FALSE
1915,52,"F2",1000,1,0.3,"trait2",0.95,0.05,0,FALSE
1915,52,"F2",1000,1,0.3,"trait3",0,1,0,FALSE
1915,52,"F2",1000,1,0.3,"trait4",0,1,0,FALSE
1916,53,"F3",1000,1,0.3,"cont1",0,1,0,FALSE
1916,53,"F3",1000,1,0.3,"binary_trait",0,1,0,FALSE
1916,53,"F3",1000,1,0.3,"cat_trait=A",0,1,0,FALSE
1916,53,"F3",1000,1,0.3,"cat_trait=B",0,1,0,FALSE
1916,53,"F3",1000,1,0.3,"cat_trait=C",0,1,0,FALSE
1916,53,"F3",1000,1,0.3,"count_trait",0,0.888888888888889,0.111111111111111,FALSE
1917,54,"F1",100,0.2,0.5,"trait1",0,0,1,TRUE
1917,54,"F1",100,0.2,0.5,"trait2",0.52,0.48,0,FALSE
1917,54,"F1",100,0.2,0.5,"trait3",0,0,1,TRUE
1917,54,"F1",100,0.2,0.5,"trait4",0,0,1,TRUE
1918,55,"F2",100,0.2,0.5,"trait1",0,0,1,TRUE
1918,55,"F2",100,0.2,0.5,"trait2",0.6,0.4,0,FALSE
1918,55,"F2",100,0.2,0.5,"trait3",0,0,1,TRUE
1918,55,"F2",100,0.2,0.5,"trait4",1,0,0,FALSE
1919,56,"F3",100,0.2,0.5,"cont1",0,0,1,TRUE
1919,56,"F3",100,0.2,0.5,"binary_trait",0,0,1,TRUE
1919,56,"F3",100,0.2,0.5,"cat_trait=A",0,0,1,TRUE
1919,56,"F3",100,0.2,0.5,"cat_trait=B",0,0,1,TRUE
1919,56,"F3",100,0.2,0.5,"cat_trait=C",0,0,1,TRUE
1919,56,"F3",100,0.2,0.5,"count_trait",1,0,0,FALSE
1920,57,"F1",300,0.2,0.5,"trait1",0,0,1,TRUE
1920,57,"F1",300,0.2,0.5,"trait2",0,0,1,TRUE
1920,57,"F1",300,0.2,0.5,"trait3",1,0,0,FALSE
1920,57,"F1",300,0.2,0.5,"trait4",0,0,1,TRUE
1921,58,"F2",300,0.2,0.5,"trait1",1,0,0,FALSE
1921,58,"F2",300,0.2,0.5,"trait2",1,0,0,FALSE
1921,58,"F2",300,0.2,0.5,"trait3",0.944444444444444,0,0.0555555555555556,FALSE
1921,58,"F2",300,0.2,0.5,"trait4",0,1,0,FALSE
1922,59,"F3",300,0.2,0.5,"cont1",0,1,0,FALSE
1922,59,"F3",300,0.2,0.5,"binary_trait",0,0,1,TRUE
1922,59,"F3",300,0.2,0.5,"cat_trait=A",0,0,1,TRUE
1922,59,"F3",300,0.2,0.5,"cat_trait=B",0,0,1,TRUE
1922,59,"F3",300,0.2,0.5,"cat_trait=C",0,0,1,TRUE
1922,59,"F3",300,0.2,0.5,"count_trait",0,0,1,TRUE
1923,60,"F1",1000,0.2,0.5,"trait1",0,1,0,FALSE
1923,60,"F1",1000,0.2,0.5,"trait2",0,1,0,FALSE
1923,60,"F1",1000,0.2,0.5,"trait3",1,0,0,FALSE
1923,60,"F1",1000,0.2,0.5,"trait4",1,0,0,FALSE
1924,61,"F2",1000,0.2,0.5,"trait1",1,0,0,FALSE
1924,61,"F2",1000,0.2,0.5,"trait2",1,0,0,FALSE
1924,61,"F2",1000,0.2,0.5,"trait3",0,1,0,FALSE
1924,61,"F2",1000,0.2,0.5,"trait4",0,1,0,FALSE
1925,62,"F3",1000,0.2,0.5,"cont1",0.5,0.5,0,FALSE
1925,62,"F3",1000,0.2,0.5,"binary_trait",0,1,0,FALSE
1925,62,"F3",1000,0.2,0.5,"cat_trait=A",0,1,0,FALSE
1925,62,"F3",1000,0.2,0.5,"cat_trait=B",0,1,0,FALSE
1925,62,"F3",1000,0.2,0.5,"cat_trait=C",0,1,0,FALSE
1925,62,"F3",1000,0.2,0.5,"count_trait",0.789473684210526,0,0.210526315789474,FALSE
1926,63,"F1",100,0.5,0.5,"trait1",0,0,1,TRUE
1926,63,"F1",100,0.5,0.5,"trait2",0,1,0,FALSE
1926,63,"F1",100,0.5,0.5,"trait3",1,0,0,FALSE
1926,63,"F1",100,0.5,0.5,"trait4",0.733333333333333,0,0.266666666666667,FALSE
1927,64,"F2",100,0.5,0.5,"trait1",0,0.7,0.3,FALSE
1927,64,"F2",100,0.5,0.5,"trait2",0,0,1,TRUE
1927,64,"F2",100,0.5,0.5,"trait3",0,1,0,FALSE
1927,64,"F2",100,0.5,0.5,"trait4",0,0,1,TRUE
1928,65,"F3",100,0.5,0.5,"cont1",0,1,0,FALSE
1928,65,"F3",100,0.5,0.5,"binary_trait",0,0,1,TRUE
1928,65,"F3",100,0.5,0.5,"cat_trait=A",0,1,0,FALSE
1928,65,"F3",100,0.5,0.5,"cat_trait=B",0,1,0,FALSE
1928,65,"F3",100,0.5,0.5,"cat_trait=C",0,1,0,FALSE
1928,65,"F3",100,0.5,0.5,"count_trait",0,0,1,TRUE
1929,66,"F1",300,0.5,0.5,"trait1",0,0,1,TRUE
1929,66,"F1",300,0.5,0.5,"trait2",1,0,0,FALSE
1929,66,"F1",300,0.5,0.5,"trait3",0,1,0,FALSE
1929,66,"F1",300,0.5,0.5,"trait4",0.85,0.1,0.05,FALSE
1930,67,"F2",300,0.5,0.5,"trait1",0.65,0.35,0,FALSE
1930,67,"F2",300,0.5,0.5,"trait2",0.875,0,0.125,FALSE
1930,67,"F2",300,0.5,0.5,"trait3",0,0,1,TRUE
1930,67,"F2",300,0.5,0.5,"trait4",1,0,0,FALSE
1931,68,"F3",300,0.5,0.5,"cont1",1,0,0,FALSE
1931,68,"F3",300,0.5,0.5,"binary_trait",0,0,1,TRUE
1931,68,"F3",300,0.5,0.5,"cat_trait=A",0.9,0,0.1,FALSE
1931,68,"F3",300,0.5,0.5,"cat_trait=B",0.9,0,0.1,FALSE
1931,68,"F3",300,0.5,0.5,"cat_trait=C",0.9,0,0.1,FALSE
1931,68,"F3",300,0.5,0.5,"count_trait",0,1,0,FALSE
1932,69,"F1",1000,0.5,0.5,"trait1",0,1,0,FALSE
1932,69,"F1",1000,0.5,0.5,"trait2",0,1,0,FALSE
1932,69,"F1",1000,0.5,0.5,"trait3",0,0.8,0.2,FALSE
1932,69,"F1",1000,0.5,0.5,"trait4",0,0.923076923076923,0.0769230769230769,FALSE
1933,70,"F2",1000,0.5,0.5,"trait1",0,1,0,FALSE
1933,70,"F2",1000,0.5,0.5,"trait2",0,1,0,FALSE
1933,70,"F2",1000,0.5,0.5,"trait3",0,1,0,FALSE
1933,70,"F2",1000,0.5,0.5,"trait4",0,1,0,FALSE
1934,71,"F3",1000,0.5,0.5,"cont1",0,1,0,FALSE
1934,71,"F3",1000,0.5,0.5,"binary_trait",0,0,1,TRUE
1934,71,"F3",1000,0.5,0.5,"cat_trait=A",0,1,0,FALSE
1934,71,"F3",1000,0.5,0.5,"cat_trait=B",0,1,0,FALSE
1934,71,"F3",1000,0.5,0.5,"cat_trait=C",0,1,0,FALSE
1934,71,"F3",1000,0.5,0.5,"count_trait",0,1,0,FALSE
1935,72,"F1",100,1,0.5,"trait1",0,1,0,FALSE
1935,72,"F1",100,1,0.5,"trait2",0,1,0,FALSE
1935,72,"F1",100,1,0.5,"trait3",1,0,0,FALSE
1935,72,"F1",100,1,0.5,"trait4",0.833333333333333,0,0.166666666666667,FALSE
1936,73,"F2",100,1,0.5,"trait1",0,1,0,FALSE
1936,73,"F2",100,1,0.5,"trait2",0,0.45,0.55,FALSE
1936,73,"F2",100,1,0.5,"trait3",0,1,0,FALSE
1936,73,"F2",100,1,0.5,"trait4",0.6,0.4,0,FALSE
1937,74,"F3",100,1,0.5,"cont1",0,1,0,FALSE
1937,74,"F3",100,1,0.5,"binary_trait",0,0,1,TRUE
1937,74,"F3",100,1,0.5,"cat_trait=A",0,0,1,TRUE
1937,74,"F3",100,1,0.5,"cat_trait=B",0,0,1,TRUE
1937,74,"F3",100,1,0.5,"cat_trait=C",0,0,1,TRUE
1937,74,"F3",100,1,0.5,"count_trait",0,0,1,TRUE
1938,75,"F1",300,1,0.5,"trait1",0,0.866666666666667,0.133333333333333,FALSE
1938,75,"F1",300,1,0.5,"trait2",0,1,0,FALSE
1938,75,"F1",300,1,0.5,"trait3",0,1,0,FALSE
1938,75,"F1",300,1,0.5,"trait4",0,1,0,FALSE
1939,76,"F2",300,1,0.5,"trait1",1,0,0,FALSE
1939,76,"F2",300,1,0.5,"trait2",1,0,0,FALSE
1939,76,"F2",300,1,0.5,"trait3",0,1,0,FALSE
1939,76,"F2",300,1,0.5,"trait4",1,0,0,FALSE
1940,77,"F3",300,1,0.5,"cont1",1,0,0,FALSE
1940,77,"F3",300,1,0.5,"binary_trait",0,0.111111111111111,0.888888888888889,FALSE
1940,77,"F3",300,1,0.5,"cat_trait=A",0,0,1,TRUE
1940,77,"F3",300,1,0.5,"cat_trait=B",0,0,1,TRUE
1940,77,"F3",300,1,0.5,"cat_trait=C",0,0,1,TRUE
1940,77,"F3",300,1,0.5,"count_trait",0.157894736842105,0,0.842105263157895,FALSE
1941,78,"F1",1000,1,0.5,"trait1",0,1,0,FALSE
1941,78,"F1",1000,1,0.5,"trait2",0,1,0,FALSE
1941,78,"F1",1000,1,0.5,"trait3",0,1,0,FALSE
1941,78,"F1",1000,1,0.5,"trait4",0,1,0,FALSE
1942,79,"F2",1000,1,0.5,"trait1",1,0,0,FALSE
1942,79,"F2",1000,1,0.5,"trait2",0,1,0,FALSE
1942,79,"F2",1000,1,0.5,"trait3",0.473684210526316,0,0.526315789473684,FALSE
1942,79,"F2",1000,1,0.5,"trait4",0,0.85,0.15,FALSE
1943,80,"F3",1000,1,0.5,"cont1",0,1,0,FALSE
1943,80,"F3",1000,1,0.5,"binary_trait",0,1,0,FALSE
1943,80,"F3",1000,1,0.5,"cat_trait=A",0,1,0,FALSE
1943,80,"F3",1000,1,0.5,"cat_trait=B",0,1,0,FALSE
1943,80,"F3",1000,1,0.5,"cat_trait=C",0,1,0,FALSE
1943,80,"F3",1000,1,0.5,"count_trait",0,1,0,FALSE
1944,0,"F1",100,0.2,0.1,"trait1",0,1,0,FALSE
1944,0,"F1",100,0.2,0.1,"trait2",0,1,0,FALSE
1944,0,"F1",100,0.2,0.1,"trait3",0,0,1,TRUE
1944,0,"F1",100,0.2,0.1,"trait4",0,1,0,FALSE
1945,1,"F2",100,0.2,0.1,"trait1",1,0,0,FALSE
1945,1,"F2",100,0.2,0.1,"trait2",1,0,0,FALSE
1945,1,"F2",100,0.2,0.1,"trait3",0,1,0,FALSE
1945,1,"F2",100,0.2,0.1,"trait4",0,0,1,TRUE
1946,2,"F3",100,0.2,0.1,"cont1",1,0,0,FALSE
1946,2,"F3",100,0.2,0.1,"binary_trait",0,1,0,FALSE
1946,2,"F3",100,0.2,0.1,"cat_trait=A",0,0,1,TRUE
1946,2,"F3",100,0.2,0.1,"cat_trait=B",0,0,1,TRUE
1946,2,"F3",100,0.2,0.1,"cat_trait=C",0,0,1,TRUE
1946,2,"F3",100,0.2,0.1,"count_trait",0,0,1,TRUE
1947,3,"F1",300,0.2,0.1,"trait1",0,1,0,FALSE
1947,3,"F1",300,0.2,0.1,"trait2",0,1,0,FALSE
1947,3,"F1",300,0.2,0.1,"trait3",0,1,0,FALSE
1947,3,"F1",300,0.2,0.1,"trait4",1,0,0,FALSE
1948,4,"F2",300,0.2,0.1,"trait1",1,0,0,FALSE
1948,4,"F2",300,0.2,0.1,"trait2",1,0,0,FALSE
1948,4,"F2",300,0.2,0.1,"trait3",0,0,1,TRUE
1948,4,"F2",300,0.2,0.1,"trait4",1,0,0,FALSE
1949,5,"F3",300,0.2,0.1,"cont1",1,0,0,FALSE
1949,5,"F3",300,0.2,0.1,"binary_trait",0,1,0,FALSE
1949,5,"F3",300,0.2,0.1,"cat_trait=A",0,0,1,TRUE
1949,5,"F3",300,0.2,0.1,"cat_trait=B",0,0,1,TRUE
1949,5,"F3",300,0.2,0.1,"cat_trait=C",0,0,1,TRUE
1949,5,"F3",300,0.2,0.1,"count_trait",0,0,1,TRUE
1950,6,"F1",1000,0.2,0.1,"trait1",1,0,0,FALSE
1950,6,"F1",1000,0.2,0.1,"trait2",0.9,0.1,0,FALSE
1950,6,"F1",1000,0.2,0.1,"trait3",0,1,0,FALSE
1950,6,"F1",1000,0.2,0.1,"trait4",0,1,0,FALSE
1951,7,"F2",1000,0.2,0.1,"trait1",0,1,0,FALSE
1951,7,"F2",1000,0.2,0.1,"trait2",1,0,0,FALSE
1951,7,"F2",1000,0.2,0.1,"trait3",0,1,0,FALSE
1951,7,"F2",1000,0.2,0.1,"trait4",1,0,0,FALSE
1952,8,"F3",1000,0.2,0.1,"cont1",0,1,0,FALSE
1952,8,"F3",1000,0.2,0.1,"binary_trait",0,1,0,FALSE
1952,8,"F3",1000,0.2,0.1,"cat_trait=A",0,0,1,TRUE
1952,8,"F3",1000,0.2,0.1,"cat_trait=B",0,0,1,TRUE
1952,8,"F3",1000,0.2,0.1,"cat_trait=C",0,0,1,TRUE
1952,8,"F3",1000,0.2,0.1,"count_trait",0,1,0,FALSE
1953,9,"F1",100,0.5,0.1,"trait1",1,0,0,FALSE
1953,9,"F1",100,0.5,0.1,"trait2",0.947368421052632,0,0.0526315789473684,FALSE
1953,9,"F1",100,0.5,0.1,"trait3",0,1,0,FALSE
1953,9,"F1",100,0.5,0.1,"trait4",0,0,1,TRUE
1954,10,"F2",100,0.5,0.1,"trait1",0,0,1,TRUE
1954,10,"F2",100,0.5,0.1,"trait2",1,0,0,FALSE
1954,10,"F2",100,0.5,0.1,"trait3",0,0,1,TRUE
1954,10,"F2",100,0.5,0.1,"trait4",0.65,0,0.35,FALSE
1955,11,"F3",100,0.5,0.1,"cont1",0,0.625,0.375,FALSE
1955,11,"F3",100,0.5,0.1,"binary_trait",0,1,0,FALSE
1955,11,"F3",100,0.5,0.1,"cat_trait=A",0,0.538461538461539,0.461538461538462,FALSE
1955,11,"F3",100,0.5,0.1,"cat_trait=B",0,0.538461538461539,0.461538461538462,FALSE
1955,11,"F3",100,0.5,0.1,"cat_trait=C",0,0.538461538461539,0.461538461538462,FALSE
1955,11,"F3",100,0.5,0.1,"count_trait",0,1,0,FALSE
1956,12,"F1",300,0.5,0.1,"trait1",0.6,0.4,0,FALSE
1956,12,"F1",300,0.5,0.1,"trait2",1,0,0,FALSE
1956,12,"F1",300,0.5,0.1,"trait3",1,0,0,FALSE
1956,12,"F1",300,0.5,0.1,"trait4",0,1,0,FALSE
1957,13,"F2",300,0.5,0.1,"trait1",0.9375,0,0.0625,FALSE
1957,13,"F2",300,0.5,0.1,"trait2",0.947368421052632,0,0.0526315789473684,FALSE
1957,13,"F2",300,0.5,0.1,"trait3",0,1,0,FALSE
1957,13,"F2",300,0.5,0.1,"trait4",1,0,0,FALSE
1958,14,"F3",300,0.5,0.1,"cont1",0.35,0.65,0,FALSE
1958,14,"F3",300,0.5,0.1,"binary_trait",0.05,0,0.95,FALSE
1958,14,"F3",300,0.5,0.1,"cat_trait=A",0,0.5,0.5,FALSE
1958,14,"F3",300,0.5,0.1,"cat_trait=B",0,0.5,0.5,FALSE
1958,14,"F3",300,0.5,0.1,"cat_trait=C",0,0.5,0.5,FALSE
1958,14,"F3",300,0.5,0.1,"count_trait",0,1,0,FALSE
1959,15,"F1",1000,0.5,0.1,"trait1",0,1,0,FALSE
1959,15,"F1",1000,0.5,0.1,"trait2",0,1,0,FALSE
1959,15,"F1",1000,0.5,0.1,"trait3",0,1,0,FALSE
1959,15,"F1",1000,0.5,0.1,"trait4",0,1,0,FALSE
1960,16,"F2",1000,0.5,0.1,"trait1",0.65,0.35,0,FALSE
1960,16,"F2",1000,0.5,0.1,"trait2",1,0,0,FALSE
1960,16,"F2",1000,0.5,0.1,"trait3",0,1,0,FALSE
1960,16,"F2",1000,0.5,0.1,"trait4",0.692307692307692,0.307692307692308,0,FALSE
1961,17,"F3",1000,0.5,0.1,"cont1",0.2,0.8,0,FALSE
1961,17,"F3",1000,0.5,0.1,"binary_trait",0,1,0,FALSE
1961,17,"F3",1000,0.5,0.1,"cat_trait=A",0,1,0,FALSE
1961,17,"F3",1000,0.5,0.1,"cat_trait=B",0,1,0,FALSE
1961,17,"F3",1000,0.5,0.1,"cat_trait=C",0,1,0,FALSE
1961,17,"F3",1000,0.5,0.1,"count_trait",0,1,0,FALSE
1962,18,"F1",100,1,0.1,"trait1",0.842105263157895,0,0.157894736842105,FALSE
1962,18,"F1",100,1,0.1,"trait2",0,1,0,FALSE
1962,18,"F1",100,1,0.1,"trait3",0,1,0,FALSE
1962,18,"F1",100,1,0.1,"trait4",0,1,0,FALSE
1963,19,"F2",100,1,0.1,"trait1",0,1,0,FALSE
1963,19,"F2",100,1,0.1,"trait2",0,1,0,FALSE
1963,19,"F2",100,1,0.1,"trait3",0,1,0,FALSE
1963,19,"F2",100,1,0.1,"trait4",0.8,0,0.2,FALSE
1964,20,"F3",100,1,0.1,"cont1",1,0,0,FALSE
1964,20,"F3",100,1,0.1,"binary_trait",0,1,0,FALSE
1964,20,"F3",100,1,0.1,"cat_trait=A",0,1,0,FALSE
1964,20,"F3",100,1,0.1,"cat_trait=B",0,1,0,FALSE
1964,20,"F3",100,1,0.1,"cat_trait=C",0,1,0,FALSE
1964,20,"F3",100,1,0.1,"count_trait",0,1,0,FALSE
1965,21,"F1",300,1,0.1,"trait1",0,1,0,FALSE
1965,21,"F1",300,1,0.1,"trait2",0,1,0,FALSE
1965,21,"F1",300,1,0.1,"trait3",0,1,0,FALSE
1965,21,"F1",300,1,0.1,"trait4",0,1,0,FALSE
1966,22,"F2",300,1,0.1,"trait1",1,0,0,FALSE
1966,22,"F2",300,1,0.1,"trait2",0.7,0.25,0.05,FALSE
1966,22,"F2",300,1,0.1,"trait3",0,0.85,0.15,FALSE
1966,22,"F2",300,1,0.1,"trait4",1,0,0,FALSE
1967,23,"F3",300,1,0.1,"cont1",0,1,0,FALSE
1967,23,"F3",300,1,0.1,"binary_trait",0,0.25,0.75,FALSE
1967,23,"F3",300,1,0.1,"cat_trait=A",0,1,0,FALSE
1967,23,"F3",300,1,0.1,"cat_trait=B",0,1,0,FALSE
1967,23,"F3",300,1,0.1,"cat_trait=C",0,1,0,FALSE
1967,23,"F3",300,1,0.1,"count_trait",0,1,0,FALSE
1968,24,"F1",1000,1,0.1,"trait1",0,1,0,FALSE
1968,24,"F1",1000,1,0.1,"trait2",0.2,0.8,0,FALSE
1968,24,"F1",1000,1,0.1,"trait3",0.35,0.65,0,FALSE
1968,24,"F1",1000,1,0.1,"trait4",0,1,0,FALSE
1969,25,"F2",1000,1,0.1,"trait1",0,1,0,FALSE
1969,25,"F2",1000,1,0.1,"trait2",0.9,0,0.1,FALSE
1969,25,"F2",1000,1,0.1,"trait3",0.888888888888889,0,0.111111111111111,FALSE
1969,25,"F2",1000,1,0.1,"trait4",0.85,0.15,0,FALSE
1970,26,"F3",1000,1,0.1,"cont1",0,1,0,FALSE
1970,26,"F3",1000,1,0.1,"binary_trait",0,1,0,FALSE
1970,26,"F3",1000,1,0.1,"cat_trait=A",0,1,0,FALSE
1970,26,"F3",1000,1,0.1,"cat_trait=B",0,1,0,FALSE
1970,26,"F3",1000,1,0.1,"cat_trait=C",0,1,0,FALSE
1970,26,"F3",1000,1,0.1,"count_trait",0,1,0,FALSE
1971,27,"F1",100,0.2,0.3,"trait1",0,1,0,FALSE
1971,27,"F1",100,0.2,0.3,"trait2",0,0,1,TRUE
1971,27,"F1",100,0.2,0.3,"trait3",0,1,0,FALSE
1971,27,"F1",100,0.2,0.3,"trait4",0,0,1,TRUE
1972,28,"F2",100,0.2,0.3,"trait1",0,0,1,TRUE
1972,28,"F2",100,0.2,0.3,"trait2",0,0,1,TRUE
1972,28,"F2",100,0.2,0.3,"trait3",0,0,1,TRUE
1972,28,"F2",100,0.2,0.3,"trait4",0,0,1,TRUE
1973,29,"F3",100,0.2,0.3,"cont1",0,0,1,TRUE
1973,29,"F3",100,0.2,0.3,"binary_trait",0,1,0,FALSE
1973,29,"F3",100,0.2,0.3,"cat_trait=A",0,1,0,FALSE
1973,29,"F3",100,0.2,0.3,"cat_trait=B",0,1,0,FALSE
1973,29,"F3",100,0.2,0.3,"cat_trait=C",0,1,0,FALSE
1973,29,"F3",100,0.2,0.3,"count_trait",0,0,1,TRUE
1974,30,"F1",300,0.2,0.3,"trait1",0,1,0,FALSE
1974,30,"F1",300,0.2,0.3,"trait2",0.5,0,0.5,FALSE
1974,30,"F1",300,0.2,0.3,"trait3",0,1,0,FALSE
1974,30,"F1",300,0.2,0.3,"trait4",0,0,1,TRUE
1975,31,"F2",300,0.2,0.3,"trait1",0.4,0,0.6,FALSE
1975,31,"F2",300,0.2,0.3,"trait2",1,0,0,FALSE
1975,31,"F2",300,0.2,0.3,"trait3",0,1,0,FALSE
1975,31,"F2",300,0.2,0.3,"trait4",1,0,0,FALSE
1976,32,"F3",300,0.2,0.3,"cont1",0,1,0,FALSE
1976,32,"F3",300,0.2,0.3,"binary_trait",0,0.105263157894737,0.894736842105263,FALSE
1976,32,"F3",300,0.2,0.3,"cat_trait=A",0,1,0,FALSE
1976,32,"F3",300,0.2,0.3,"cat_trait=B",0,1,0,FALSE
1976,32,"F3",300,0.2,0.3,"cat_trait=C",0,1,0,FALSE
1976,32,"F3",300,0.2,0.3,"count_trait",0,0,1,TRUE
1977,33,"F1",1000,0.2,0.3,"trait1",0,1,0,FALSE
1977,33,"F1",1000,0.2,0.3,"trait2",1,0,0,FALSE
1977,33,"F1",1000,0.2,0.3,"trait3",0,0,1,TRUE
1977,33,"F1",1000,0.2,0.3,"trait4",0,0,1,TRUE
1978,34,"F2",1000,0.2,0.3,"trait1",0,1,0,FALSE
1978,34,"F2",1000,0.2,0.3,"trait2",1,0,0,FALSE
1978,34,"F2",1000,0.2,0.3,"trait3",0,0,1,TRUE
1978,34,"F2",1000,0.2,0.3,"trait4",1,0,0,FALSE
1979,35,"F3",1000,0.2,0.3,"cont1",0,1,0,FALSE
1979,35,"F3",1000,0.2,0.3,"binary_trait",0,1,0,FALSE
1979,35,"F3",1000,0.2,0.3,"cat_trait=A",0,0,1,TRUE
1979,35,"F3",1000,0.2,0.3,"cat_trait=B",0,0,1,TRUE
1979,35,"F3",1000,0.2,0.3,"cat_trait=C",0,0,1,TRUE
1979,35,"F3",1000,0.2,0.3,"count_trait",0,0,1,TRUE
1980,36,"F1",100,0.5,0.3,"trait1",1,0,0,FALSE
1980,36,"F1",100,0.5,0.3,"trait2",0,0,1,TRUE
1980,36,"F1",100,0.5,0.3,"trait3",0,1,0,FALSE
1980,36,"F1",100,0.5,0.3,"trait4",0,1,0,FALSE
1981,37,"F2",100,0.5,0.3,"trait1",0,0,1,TRUE
1981,37,"F2",100,0.5,0.3,"trait2",0,0,1,TRUE
1981,37,"F2",100,0.5,0.3,"trait3",0,1,0,FALSE
1981,37,"F2",100,0.5,0.3,"trait4",0.55,0.45,0,FALSE
1982,38,"F3",100,0.5,0.3,"cont1",0,0,1,TRUE
1982,38,"F3",100,0.5,0.3,"binary_trait",0,0,1,TRUE
1982,38,"F3",100,0.5,0.3,"cat_trait=A",0,0,1,TRUE
1982,38,"F3",100,0.5,0.3,"cat_trait=B",0,0,1,TRUE
1982,38,"F3",100,0.5,0.3,"cat_trait=C",0,0,1,TRUE
1982,38,"F3",100,0.5,0.3,"count_trait",1,0,0,FALSE
1983,39,"F1",300,0.5,0.3,"trait1",0,1,0,FALSE
1983,39,"F1",300,0.5,0.3,"trait2",0,1,0,FALSE
1983,39,"F1",300,0.5,0.3,"trait3",0,1,0,FALSE
1983,39,"F1",300,0.5,0.3,"trait4",0,1,0,FALSE
1984,40,"F2",300,0.5,0.3,"trait1",0,1,0,FALSE
1984,40,"F2",300,0.5,0.3,"trait2",0,1,0,FALSE
1984,40,"F2",300,0.5,0.3,"trait3",0,1,0,FALSE
1984,40,"F2",300,0.5,0.3,"trait4",0,0,1,TRUE
1985,41,"F3",300,0.5,0.3,"cont1",1,0,0,FALSE
1985,41,"F3",300,0.5,0.3,"binary_trait",0,1,0,FALSE
1985,41,"F3",300,0.5,0.3,"cat_trait=A",0,0,1,TRUE
1985,41,"F3",300,0.5,0.3,"cat_trait=B",0,0,1,TRUE
1985,41,"F3",300,0.5,0.3,"cat_trait=C",0,0,1,TRUE
1985,41,"F3",300,0.5,0.3,"count_trait",0.85,0,0.15,FALSE
1986,42,"F1",1000,0.5,0.3,"trait1",0,1,0,FALSE
1986,42,"F1",1000,0.5,0.3,"trait2",0,1,0,FALSE
1986,42,"F1",1000,0.5,0.3,"trait3",0.9,0.1,0,FALSE
1986,42,"F1",1000,0.5,0.3,"trait4",0,1,0,FALSE
1987,43,"F2",1000,0.5,0.3,"trait1",1,0,0,FALSE
1987,43,"F2",1000,0.5,0.3,"trait2",1,0,0,FALSE
1987,43,"F2",1000,0.5,0.3,"trait3",0.15,0.85,0,FALSE
1987,43,"F2",1000,0.5,0.3,"trait4",0.9,0,0.1,FALSE
1988,44,"F3",1000,0.5,0.3,"cont1",0,1,0,FALSE
1988,44,"F3",1000,0.5,0.3,"binary_trait",0,1,0,FALSE
1988,44,"F3",1000,0.5,0.3,"cat_trait=A",0,1,0,FALSE
1988,44,"F3",1000,0.5,0.3,"cat_trait=B",0,1,0,FALSE
1988,44,"F3",1000,0.5,0.3,"cat_trait=C",0,1,0,FALSE
1988,44,"F3",1000,0.5,0.3,"count_trait",0,1,0,FALSE
1989,45,"F1",100,1,0.3,"trait1",0.85,0,0.15,FALSE
1989,45,"F1",100,1,0.3,"trait2",0,1,0,FALSE
1989,45,"F1",100,1,0.3,"trait3",0,1,0,FALSE
1989,45,"F1",100,1,0.3,"trait4",0,1,0,FALSE
1990,46,"F2",100,1,0.3,"trait1",0,1,0,FALSE
1990,46,"F2",100,1,0.3,"trait2",1,0,0,FALSE
1990,46,"F2",100,1,0.3,"trait3",0,0,1,TRUE
1990,46,"F2",100,1,0.3,"trait4",0,1,0,FALSE
1991,47,"F3",100,1,0.3,"cont1",0,0.875,0.125,FALSE
1991,47,"F3",100,1,0.3,"binary_trait",0,1,0,FALSE
1991,47,"F3",100,1,0.3,"cat_trait=A",0,1,0,FALSE
1991,47,"F3",100,1,0.3,"cat_trait=B",0,1,0,FALSE
1991,47,"F3",100,1,0.3,"cat_trait=C",0,1,0,FALSE
1991,47,"F3",100,1,0.3,"count_trait",0,0,1,TRUE
1992,48,"F1",300,1,0.3,"trait1",0.9,0.1,0,FALSE
1992,48,"F1",300,1,0.3,"trait2",0,1,0,FALSE
1992,48,"F1",300,1,0.3,"trait3",1,0,0,FALSE
1992,48,"F1",300,1,0.3,"trait4",0,1,0,FALSE
1993,49,"F2",300,1,0.3,"trait1",0.8,0,0.2,FALSE
1993,49,"F2",300,1,0.3,"trait2",0.888888888888889,0,0.111111111111111,FALSE
1993,49,"F2",300,1,0.3,"trait3",0,0.5,0.5,FALSE
1993,49,"F2",300,1,0.3,"trait4",0,1,0,FALSE
1994,50,"F3",300,1,0.3,"cont1",0,1,0,FALSE
1994,50,"F3",300,1,0.3,"binary_trait",0,0.210526315789474,0.789473684210526,FALSE
1994,50,"F3",300,1,0.3,"cat_trait=A",0,1,0,FALSE
1994,50,"F3",300,1,0.3,"cat_trait=B",0,1,0,FALSE
1994,50,"F3",300,1,0.3,"cat_trait=C",0,1,0,FALSE
1994,50,"F3",300,1,0.3,"count_trait",0,0.5,0.5,FALSE
1995,51,"F1",1000,1,0.3,"trait1",0,1,0,FALSE
1995,51,"F1",1000,1,0.3,"trait2",0,1,0,FALSE
1995,51,"F1",1000,1,0.3,"trait3",0,1,0,FALSE
1995,51,"F1",1000,1,0.3,"trait4",0,1,0,FALSE
1996,52,"F2",1000,1,0.3,"trait1",0,1,0,FALSE
1996,52,"F2",1000,1,0.3,"trait2",1,0,0,FALSE
1996,52,"F2",1000,1,0.3,"trait3",0,0.85,0.15,FALSE
1996,52,"F2",1000,1,0.3,"trait4",0.6,0.4,0,FALSE
1997,53,"F3",1000,1,0.3,"cont1",0,1,0,FALSE
1997,53,"F3",1000,1,0.3,"binary_trait",0,1,0,FALSE
1997,53,"F3",1000,1,0.3,"cat_trait=A",0,1,0,FALSE
1997,53,"F3",1000,1,0.3,"cat_trait=B",0,1,0,FALSE
1997,53,"F3",1000,1,0.3,"cat_trait=C",0,1,0,FALSE
1997,53,"F3",1000,1,0.3,"count_trait",0,1,0,FALSE
1998,54,"F1",100,0.2,0.5,"trait1",0,0,1,TRUE
1998,54,"F1",100,0.2,0.5,"trait2",0,1,0,FALSE
1998,54,"F1",100,0.2,0.5,"trait3",0,0,1,TRUE
1998,54,"F1",100,0.2,0.5,"trait4",0,0,1,TRUE
1999,55,"F2",100,0.2,0.5,"trait1",0,0,1,TRUE
1999,55,"F2",100,0.2,0.5,"trait2",0,0,1,TRUE
1999,55,"F2",100,0.2,0.5,"trait3",0,0,1,TRUE
1999,55,"F2",100,0.2,0.5,"trait4",0,0,1,TRUE
2000,56,"F3",100,0.2,0.5,"cont1",0,1,0,FALSE
2000,56,"F3",100,0.2,0.5,"binary_trait",0,0,1,TRUE
2000,56,"F3",100,0.2,0.5,"cat_trait=A",0,0,1,TRUE
2000,56,"F3",100,0.2,0.5,"cat_trait=B",0,0,1,TRUE
2000,56,"F3",100,0.2,0.5,"cat_trait=C",0,0,1,TRUE
2000,56,"F3",100,0.2,0.5,"count_trait",0,1,0,FALSE
2001,57,"F1",300,0.2,0.5,"trait1",0,1,0,FALSE
2001,57,"F1",300,0.2,0.5,"trait2",0,0,1,TRUE
2001,57,"F1",300,0.2,0.5,"trait3",0,1,0,FALSE
2001,57,"F1",300,0.2,0.5,"trait4",0,1,0,FALSE
2002,58,"F2",300,0.2,0.5,"trait1",0.5,0,0.5,FALSE
2002,58,"F2",300,0.2,0.5,"trait2",1,0,0,FALSE
2002,58,"F2",300,0.2,0.5,"trait3",0,1,0,FALSE
2002,58,"F2",300,0.2,0.5,"trait4",1,0,0,FALSE
2003,59,"F3",300,0.2,0.5,"cont1",0,0,1,TRUE
2003,59,"F3",300,0.2,0.5,"binary_trait",1,0,0,FALSE
2003,59,"F3",300,0.2,0.5,"cat_trait=A",0,1,0,FALSE
2003,59,"F3",300,0.2,0.5,"cat_trait=B",0,1,0,FALSE
2003,59,"F3",300,0.2,0.5,"cat_trait=C",0,1,0,FALSE
2003,59,"F3",300,0.2,0.5,"count_trait",1,0,0,FALSE
2004,60,"F1",1000,0.2,0.5,"trait1",1,0,0,FALSE
2004,60,"F1",1000,0.2,0.5,"trait2",0,1,0,FALSE
2004,60,"F1",1000,0.2,0.5,"trait3",0,1,0,FALSE
2004,60,"F1",1000,0.2,0.5,"trait4",0,1,0,FALSE
2005,61,"F2",1000,0.2,0.5,"trait1",0,1,0,FALSE
2005,61,"F2",1000,0.2,0.5,"trait2",0.55,0.45,0,FALSE
2005,61,"F2",1000,0.2,0.5,"trait3",0,0,1,TRUE
2005,61,"F2",1000,0.2,0.5,"trait4",0,1,0,FALSE
2006,62,"F3",1000,0.2,0.5,"cont1",0,0,1,TRUE
2006,62,"F3",1000,0.2,0.5,"binary_trait",0,1,0,FALSE
2006,62,"F3",1000,0.2,0.5,"cat_trait=A",0,1,0,FALSE
2006,62,"F3",1000,0.2,0.5,"cat_trait=B",0,1,0,FALSE
2006,62,"F3",1000,0.2,0.5,"cat_trait=C",0,1,0,FALSE
2006,62,"F3",1000,0.2,0.5,"count_trait",0.8,0.2,0,FALSE
2007,63,"F1",100,0.5,0.5,"trait1",0,1,0,FALSE
2007,63,"F1",100,0.5,0.5,"trait2",0,1,0,FALSE
2007,63,"F1",100,0.5,0.5,"trait3",0,1,0,FALSE
2007,63,"F1",100,0.5,0.5,"trait4",0.15,0.85,0,FALSE
2008,64,"F2",100,0.5,0.5,"trait1",0,1,0,FALSE
2008,64,"F2",100,0.5,0.5,"trait2",0,1,0,FALSE
2008,64,"F2",100,0.5,0.5,"trait3",0,0,1,TRUE
2008,64,"F2",100,0.5,0.5,"trait4",1,0,0,FALSE
2009,65,"F3",100,0.5,0.5,"cont1",0,1,0,FALSE
2009,65,"F3",100,0.5,0.5,"binary_trait",0,0,1,TRUE
2009,65,"F3",100,0.5,0.5,"cat_trait=A",0,0,1,TRUE
2009,65,"F3",100,0.5,0.5,"cat_trait=B",0,0,1,TRUE
2009,65,"F3",100,0.5,0.5,"cat_trait=C",0,0,1,TRUE
2009,65,"F3",100,0.5,0.5,"count_trait",0.95,0.05,0,FALSE
2010,66,"F1",300,0.5,0.5,"trait1",0,1,0,FALSE
2010,66,"F1",300,0.5,0.5,"trait2",0,1,0,FALSE
2010,66,"F1",300,0.5,0.5,"trait3",0,0,1,TRUE
2010,66,"F1",300,0.5,0.5,"trait4",0,0,1,TRUE
2011,67,"F2",300,0.5,0.5,"trait1",0,1,0,FALSE
2011,67,"F2",300,0.5,0.5,"trait2",0,1,0,FALSE
2011,67,"F2",300,0.5,0.5,"trait3",0,1,0,FALSE
2011,67,"F2",300,0.5,0.5,"trait4",0,0,1,TRUE
2012,68,"F3",300,0.5,0.5,"cont1",0.5,0.5,0,FALSE
2012,68,"F3",300,0.5,0.5,"binary_trait",0,1,0,FALSE
2012,68,"F3",300,0.5,0.5,"cat_trait=A",0,1,0,FALSE
2012,68,"F3",300,0.5,0.5,"cat_trait=B",0,1,0,FALSE
2012,68,"F3",300,0.5,0.5,"cat_trait=C",0,1,0,FALSE
2012,68,"F3",300,0.5,0.5,"count_trait",0,1,0,FALSE
2013,69,"F1",1000,0.5,0.5,"trait1",0.35,0.65,0,FALSE
2013,69,"F1",1000,0.5,0.5,"trait2",0,1,0,FALSE
2013,69,"F1",1000,0.5,0.5,"trait3",0,1,0,FALSE
2013,69,"F1",1000,0.5,0.5,"trait4",0,1,0,FALSE
2014,70,"F2",1000,0.5,0.5,"trait1",0.65,0.35,0,FALSE
2014,70,"F2",1000,0.5,0.5,"trait2",0,1,0,FALSE
2014,70,"F2",1000,0.5,0.5,"trait3",0,1,0,FALSE
2014,70,"F2",1000,0.5,0.5,"trait4",0,1,0,FALSE
2015,71,"F3",1000,0.5,0.5,"cont1",0,1,0,FALSE
2015,71,"F3",1000,0.5,0.5,"binary_trait",0,1,0,FALSE
2015,71,"F3",1000,0.5,0.5,"cat_trait=A",0,1,0,FALSE
2015,71,"F3",1000,0.5,0.5,"cat_trait=B",0,1,0,FALSE
2015,71,"F3",1000,0.5,0.5,"cat_trait=C",0,1,0,FALSE
2015,71,"F3",1000,0.5,0.5,"count_trait",0,1,0,FALSE
2016,72,"F1",100,1,0.5,"trait1",0,0.7,0.3,FALSE
2016,72,"F1",100,1,0.5,"trait2",0.7,0.3,0,FALSE
2016,72,"F1",100,1,0.5,"trait3",0,1,0,FALSE
2016,72,"F1",100,1,0.5,"trait4",0,0.75,0.25,FALSE
2017,73,"F2",100,1,0.5,"trait1",0,0,1,TRUE
2017,73,"F2",100,1,0.5,"trait2",0.9,0.1,0,FALSE
2017,73,"F2",100,1,0.5,"trait3",0,0,1,TRUE
2017,73,"F2",100,1,0.5,"trait4",1,0,0,FALSE
2018,74,"F3",100,1,0.5,"cont1",0,1,0,FALSE
2018,74,"F3",100,1,0.5,"binary_trait",0,1,0,FALSE
2018,74,"F3",100,1,0.5,"cat_trait=A",0,0,1,TRUE
2018,74,"F3",100,1,0.5,"cat_trait=B",0,0,1,TRUE
2018,74,"F3",100,1,0.5,"cat_trait=C",0,0,1,TRUE
2018,74,"F3",100,1,0.5,"count_trait",0.25,0.5,0.25,FALSE
2019,75,"F1",300,1,0.5,"trait1",0.9,0,0.1,FALSE
2019,75,"F1",300,1,0.5,"trait2",0.333333333333333,0.666666666666667,0,FALSE
2019,75,"F1",300,1,0.5,"trait3",0,1,0,FALSE
2019,75,"F1",300,1,0.5,"trait4",0,1,0,FALSE
2020,76,"F2",300,1,0.5,"trait1",0,1,0,FALSE
2020,76,"F2",300,1,0.5,"trait2",0,1,0,FALSE
2020,76,"F2",300,1,0.5,"trait3",0,0.7,0.3,FALSE
2020,76,"F2",300,1,0.5,"trait4",1,0,0,FALSE
2021,77,"F3",300,1,0.5,"cont1",0.75,0,0.25,FALSE
2021,77,"F3",300,1,0.5,"binary_trait",0,1,0,FALSE
2021,77,"F3",300,1,0.5,"cat_trait=A",0,1,0,FALSE
2021,77,"F3",300,1,0.5,"cat_trait=B",0,1,0,FALSE
2021,77,"F3",300,1,0.5,"cat_trait=C",0,1,0,FALSE
2021,77,"F3",300,1,0.5,"count_trait",0,0,1,TRUE
2022,78,"F1",1000,1,0.5,"trait1",0,1,0,FALSE
2022,78,"F1",1000,1,0.5,"trait2",0,1,0,FALSE
2022,78,"F1",1000,1,0.5,"trait3",0,1,0,FALSE
2022,78,"F1",1000,1,0.5,"trait4",0,1,0,FALSE
2023,79,"F2",1000,1,0.5,"trait1",0,1,0,FALSE
2023,79,"F2",1000,1,0.5,"trait2",0.95,0.05,0,FALSE
2023,79,"F2",1000,1,0.5,"trait3",0,0.95,0.05,FALSE
2023,79,"F2",1000,1,0.5,"trait4",0,1,0,FALSE
2024,80,"F3",1000,1,0.5,"cont1",0,1,0,FALSE
2024,80,"F3",1000,1,0.5,"binary_trait",0,0.4,0.6,FALSE
2024,80,"F3",1000,1,0.5,"cat_trait=A",0,1,0,FALSE
2024,80,"F3",1000,1,0.5,"cat_trait=B",0,1,0,FALSE
2024,80,"F3",1000,1,0.5,"cat_trait=C",0,1,0,FALSE
2024,80,"F3",1000,1,0.5,"count_trait",0,1,0,FALSE
2025,0,"F1",100,0.2,0.1,"trait1",0,0,1,TRUE
2025,0,"F1",100,0.2,0.1,"trait2",0,0,1,TRUE
2025,0,"F1",100,0.2,0.1,"trait3",0,0,1,TRUE
2025,0,"F1",100,0.2,0.1,"trait4",0,1,0,FALSE
2026,1,"F2",100,0.2,0.1,"trait1",0,0,1,TRUE
2026,1,"F2",100,0.2,0.1,"trait2",0.75,0,0.25,FALSE
2026,1,"F2",100,0.2,0.1,"trait3",0.65,0.35,0,FALSE
2026,1,"F2",100,0.2,0.1,"trait4",0,0,1,TRUE
2027,2,"F3",100,0.2,0.1,"cont1",0,1,0,FALSE
2027,2,"F3",100,0.2,0.1,"binary_trait",0,1,0,FALSE
2027,2,"F3",100,0.2,0.1,"cat_trait=A",0,0,1,TRUE
2027,2,"F3",100,0.2,0.1,"cat_trait=B",0,0,1,TRUE
2027,2,"F3",100,0.2,0.1,"cat_trait=C",0,0,1,TRUE
2027,2,"F3",100,0.2,0.1,"count_trait",0,0.9,0.1,FALSE
2028,3,"F1",300,0.2,0.1,"trait1",0,1,0,FALSE
2028,3,"F1",300,0.2,0.1,"trait2",0,0,1,TRUE
2028,3,"F1",300,0.2,0.1,"trait3",0,1,0,FALSE
2028,3,"F1",300,0.2,0.1,"trait4",0.35,0.65,0,FALSE
2029,4,"F2",300,0.2,0.1,"trait1",0,1,0,FALSE
2029,4,"F2",300,0.2,0.1,"trait2",1,0,0,FALSE
2029,4,"F2",300,0.2,0.1,"trait3",1,0,0,FALSE
2029,4,"F2",300,0.2,0.1,"trait4",1,0,0,FALSE
2030,5,"F3",300,0.2,0.1,"cont1",0,1,0,FALSE
2030,5,"F3",300,0.2,0.1,"binary_trait",0,0,1,TRUE
2030,5,"F3",300,0.2,0.1,"cat_trait=A",0,0,1,TRUE
2030,5,"F3",300,0.2,0.1,"cat_trait=B",0,0,1,TRUE
2030,5,"F3",300,0.2,0.1,"cat_trait=C",0,0,1,TRUE
2030,5,"F3",300,0.2,0.1,"count_trait",0,1,0,FALSE
2031,6,"F1",1000,0.2,0.1,"trait1",0,1,0,FALSE
2031,6,"F1",1000,0.2,0.1,"trait2",0,1,0,FALSE
2031,6,"F1",1000,0.2,0.1,"trait3",0,0.75,0.25,FALSE
2031,6,"F1",1000,0.2,0.1,"trait4",0,1,0,FALSE
2032,7,"F2",1000,0.2,0.1,"trait1",0.8,0.2,0,FALSE
2032,7,"F2",1000,0.2,0.1,"trait2",1,0,0,FALSE
2032,7,"F2",1000,0.2,0.1,"trait3",0,1,0,FALSE
2032,7,"F2",1000,0.2,0.1,"trait4",1,0,0,FALSE
2033,8,"F3",1000,0.2,0.1,"cont1",0,1,0,FALSE
2033,8,"F3",1000,0.2,0.1,"binary_trait",0,1,0,FALSE
2033,8,"F3",1000,0.2,0.1,"cat_trait=A",0,1,0,FALSE
2033,8,"F3",1000,0.2,0.1,"cat_trait=B",0,1,0,FALSE
2033,8,"F3",1000,0.2,0.1,"cat_trait=C",0,1,0,FALSE
2033,8,"F3",1000,0.2,0.1,"count_trait",0.95,0.05,0,FALSE
2034,9,"F1",100,0.5,0.1,"trait1",0,1,0,FALSE
2034,9,"F1",100,0.5,0.1,"trait2",1,0,0,FALSE
2034,9,"F1",100,0.5,0.1,"trait3",0,1,0,FALSE
2034,9,"F1",100,0.5,0.1,"trait4",0,1,0,FALSE
2035,10,"F2",100,0.5,0.1,"trait1",1,0,0,FALSE
2035,10,"F2",100,0.5,0.1,"trait2",0.285714285714286,0,0.714285714285714,FALSE
2035,10,"F2",100,0.5,0.1,"trait3",1,0,0,FALSE
2035,10,"F2",100,0.5,0.1,"trait4",0.777777777777778,0,0.222222222222222,FALSE
2036,11,"F3",100,0.5,0.1,"cont1",0,1,0,FALSE
2036,11,"F3",100,0.5,0.1,"binary_trait",0,0,1,TRUE
2036,11,"F3",100,0.5,0.1,"cat_trait=A",0,0,1,TRUE
2036,11,"F3",100,0.5,0.1,"cat_trait=B",0,0,1,TRUE
2036,11,"F3",100,0.5,0.1,"cat_trait=C",0,0,1,TRUE
2036,11,"F3",100,0.5,0.1,"count_trait",0.65,0.35,0,FALSE
2037,12,"F1",300,0.5,0.1,"trait1",1,0,0,FALSE
2037,12,"F1",300,0.5,0.1,"trait2",0.5,0.5,0,FALSE
2037,12,"F1",300,0.5,0.1,"trait3",0,1,0,FALSE
2037,12,"F1",300,0.5,0.1,"trait4",1,0,0,FALSE
2038,13,"F2",300,0.5,0.1,"trait1",1,0,0,FALSE
2038,13,"F2",300,0.5,0.1,"trait2",1,0,0,FALSE
2038,13,"F2",300,0.5,0.1,"trait3",0.45,0.55,0,FALSE
2038,13,"F2",300,0.5,0.1,"trait4",0,1,0,FALSE
2039,14,"F3",300,0.5,0.1,"cont1",0,1,0,FALSE
2039,14,"F3",300,0.5,0.1,"binary_trait",0.25,0,0.75,FALSE
2039,14,"F3",300,0.5,0.1,"cat_trait=A",0,0,1,TRUE
2039,14,"F3",300,0.5,0.1,"cat_trait=B",0,0,1,TRUE
2039,14,"F3",300,0.5,0.1,"cat_trait=C",0,0,1,TRUE
2039,14,"F3",300,0.5,0.1,"count_trait",0,1,0,FALSE
2040,15,"F1",1000,0.5,0.1,"trait1",0,1,0,FALSE
2040,15,"F1",1000,0.5,0.1,"trait2",0,1,0,FALSE
2040,15,"F1",1000,0.5,0.1,"trait3",0,1,0,FALSE
2040,15,"F1",1000,0.5,0.1,"trait4",0,1,0,FALSE
2041,16,"F2",1000,0.5,0.1,"trait1",0.65,0.35,0,FALSE
2041,16,"F2",1000,0.5,0.1,"trait2",1,0,0,FALSE
2041,16,"F2",1000,0.5,0.1,"trait3",1,0,0,FALSE
2041,16,"F2",1000,0.5,0.1,"trait4",1,0,0,FALSE
2042,17,"F3",1000,0.5,0.1,"cont1",0.8,0.2,0,FALSE
2042,17,"F3",1000,0.5,0.1,"binary_trait",0.3,0.45,0.25,FALSE
2042,17,"F3",1000,0.5,0.1,"cat_trait=A",0,1,0,FALSE
2042,17,"F3",1000,0.5,0.1,"cat_trait=B",0,1,0,FALSE
2042,17,"F3",1000,0.5,0.1,"cat_trait=C",0,1,0,FALSE
2042,17,"F3",1000,0.5,0.1,"count_trait",0.75,0.25,0,FALSE
2043,18,"F1",100,1,0.1,"trait1",0.65,0.3,0.05,FALSE
2043,18,"F1",100,1,0.1,"trait2",0,1,0,FALSE
2043,18,"F1",100,1,0.1,"trait3",0,1,0,FALSE
2043,18,"F1",100,1,0.1,"trait4",0,1,0,FALSE
2044,19,"F2",100,1,0.1,"trait1",1,0,0,FALSE
2044,19,"F2",100,1,0.1,"trait2",0,0.8,0.2,FALSE
2044,19,"F2",100,1,0.1,"trait3",0,0,1,TRUE
2044,19,"F2",100,1,0.1,"trait4",0.842105263157895,0,0.157894736842105,FALSE
2045,20,"F3",100,1,0.1,"cont1",0,0.95,0.05,FALSE
2045,20,"F3",100,1,0.1,"binary_trait",0,1,0,FALSE
2045,20,"F3",100,1,0.1,"cat_trait=A",0,1,0,FALSE
2045,20,"F3",100,1,0.1,"cat_trait=B",0,1,0,FALSE
2045,20,"F3",100,1,0.1,"cat_trait=C",0,1,0,FALSE
2045,20,"F3",100,1,0.1,"count_trait",0.3,0.7,0,FALSE
2046,21,"F1",300,1,0.1,"trait1",0,0.95,0.05,FALSE
2046,21,"F1",300,1,0.1,"trait2",0,0.8,0.2,FALSE
2046,21,"F1",300,1,0.1,"trait3",0.15,0.85,0,FALSE
2046,21,"F1",300,1,0.1,"trait4",0,1,0,FALSE
2047,22,"F2",300,1,0.1,"trait1",0,1,0,FALSE
2047,22,"F2",300,1,0.1,"trait2",0.85,0.05,0.1,FALSE
2047,22,"F2",300,1,0.1,"trait3",0,1,0,FALSE
2047,22,"F2",300,1,0.1,"trait4",1,0,0,FALSE
2048,23,"F3",300,1,0.1,"cont1",0,1,0,FALSE
2048,23,"F3",300,1,0.1,"binary_trait",0,1,0,FALSE
2048,23,"F3",300,1,0.1,"cat_trait=A",0,1,0,FALSE
2048,23,"F3",300,1,0.1,"cat_trait=B",0,1,0,FALSE
2048,23,"F3",300,1,0.1,"cat_trait=C",0,1,0,FALSE
2048,23,"F3",300,1,0.1,"count_trait",0,1,0,FALSE
2049,24,"F1",1000,1,0.1,"trait1",0,1,0,FALSE
2049,24,"F1",1000,1,0.1,"trait2",0,1,0,FALSE
2049,24,"F1",1000,1,0.1,"trait3",0,1,0,FALSE
2049,24,"F1",1000,1,0.1,"trait4",0,1,0,FALSE
2050,25,"F2",1000,1,0.1,"trait1",0,1,0,FALSE
2050,25,"F2",1000,1,0.1,"trait2",0.6,0.4,0,FALSE
2050,25,"F2",1000,1,0.1,"trait3",0.95,0,0.05,FALSE
2050,25,"F2",1000,1,0.1,"trait4",0,1,0,FALSE
2051,26,"F3",1000,1,0.1,"cont1",0,1,0,FALSE
2051,26,"F3",1000,1,0.1,"binary_trait",0,1,0,FALSE
2051,26,"F3",1000,1,0.1,"cat_trait=A",0,1,0,FALSE
2051,26,"F3",1000,1,0.1,"cat_trait=B",0,1,0,FALSE
2051,26,"F3",1000,1,0.1,"cat_trait=C",0,1,0,FALSE
2051,26,"F3",1000,1,0.1,"count_trait",0,1,0,FALSE
2052,27,"F1",100,0.2,0.3,"trait1",0,0,1,TRUE
2052,27,"F1",100,0.2,0.3,"trait2",0,0,1,TRUE
2052,27,"F1",100,0.2,0.3,"trait3",0,1,0,FALSE
2052,27,"F1",100,0.2,0.3,"trait4",0.15,0.85,0,FALSE
2053,28,"F2",100,0.2,0.3,"trait1",0,1,0,FALSE
2053,28,"F2",100,0.2,0.3,"trait2",0,0,1,TRUE
2053,28,"F2",100,0.2,0.3,"trait3",0,0,1,TRUE
2053,28,"F2",100,0.2,0.3,"trait4",0,0,1,TRUE
2054,29,"F3",100,0.2,0.3,"cont1",0.68421052631579,0,0.31578947368421,FALSE
2054,29,"F3",100,0.2,0.3,"binary_trait",0,0,1,TRUE
2054,29,"F3",100,0.2,0.3,"cat_trait=A",0,0,1,TRUE
2054,29,"F3",100,0.2,0.3,"cat_trait=B",0,0,1,TRUE
2054,29,"F3",100,0.2,0.3,"cat_trait=C",0,0,1,TRUE
2054,29,"F3",100,0.2,0.3,"count_trait",0.444444444444444,0.555555555555556,0,FALSE
2055,30,"F1",300,0.2,0.3,"trait1",0,0,1,TRUE
2055,30,"F1",300,0.2,0.3,"trait2",0,0,1,TRUE
2055,30,"F1",300,0.2,0.3,"trait3",0,1,0,FALSE
2055,30,"F1",300,0.2,0.3,"trait4",0,1,0,FALSE
2056,31,"F2",300,0.2,0.3,"trait1",0,1,0,FALSE
2056,31,"F2",300,0.2,0.3,"trait2",1,0,0,FALSE
2056,31,"F2",300,0.2,0.3,"trait3",0,0,1,TRUE
2056,31,"F2",300,0.2,0.3,"trait4",0.6,0,0.4,FALSE
2057,32,"F3",300,0.2,0.3,"cont1",0,1,0,FALSE
2057,32,"F3",300,0.2,0.3,"binary_trait",0,0.85,0.15,FALSE
2057,32,"F3",300,0.2,0.3,"cat_trait=A",0,0,1,TRUE
2057,32,"F3",300,0.2,0.3,"cat_trait=B",0,0,1,TRUE
2057,32,"F3",300,0.2,0.3,"cat_trait=C",0,0,1,TRUE
2057,32,"F3",300,0.2,0.3,"count_trait",0,0,1,TRUE
2058,33,"F1",1000,0.2,0.3,"trait1",1,0,0,FALSE
2058,33,"F1",1000,0.2,0.3,"trait2",0,0,1,TRUE
2058,33,"F1",1000,0.2,0.3,"trait3",0,1,0,FALSE
2058,33,"F1",1000,0.2,0.3,"trait4",0,1,0,FALSE
2059,34,"F2",1000,0.2,0.3,"trait1",1,0,0,FALSE
2059,34,"F2",1000,0.2,0.3,"trait2",1,0,0,FALSE
2059,34,"F2",1000,0.2,0.3,"trait3",0,1,0,FALSE
2059,34,"F2",1000,0.2,0.3,"trait4",1,0,0,FALSE
2060,35,"F3",1000,0.2,0.3,"cont1",0,1,0,FALSE
2060,35,"F3",1000,0.2,0.3,"binary_trait",0,1,0,FALSE
2060,35,"F3",1000,0.2,0.3,"cat_trait=A",0,0,1,TRUE
2060,35,"F3",1000,0.2,0.3,"cat_trait=B",0,0,1,TRUE
2060,35,"F3",1000,0.2,0.3,"cat_trait=C",0,0,1,TRUE
2060,35,"F3",1000,0.2,0.3,"count_trait",0,1,0,FALSE
2061,36,"F1",100,0.5,0.3,"trait1",0.35,0.65,0,FALSE
2061,36,"F1",100,0.5,0.3,"trait2",0,1,0,FALSE
2061,36,"F1",100,0.5,0.3,"trait3",0,1,0,FALSE
2061,36,"F1",100,0.5,0.3,"trait4",0,0,1,TRUE
2062,37,"F2",100,0.5,0.3,"trait1",1,0,0,FALSE
2062,37,"F2",100,0.5,0.3,"trait2",0,0,1,TRUE
2062,37,"F2",100,0.5,0.3,"trait3",0,1,0,FALSE
2062,37,"F2",100,0.5,0.3,"trait4",0,0,1,TRUE
2063,38,"F3",100,0.5,0.3,"cont1",0.555555555555556,0,0.444444444444444,FALSE
2063,38,"F3",100,0.5,0.3,"binary_trait",0,0,1,TRUE
2063,38,"F3",100,0.5,0.3,"cat_trait=A",0,0,1,TRUE
2063,38,"F3",100,0.5,0.3,"cat_trait=B",0,0,1,TRUE
2063,38,"F3",100,0.5,0.3,"cat_trait=C",0,0,1,TRUE
2063,38,"F3",100,0.5,0.3,"count_trait",0,1,0,FALSE
2064,39,"F1",300,0.5,0.3,"trait1",0,1,0,FALSE
2064,39,"F1",300,0.5,0.3,"trait2",1,0,0,FALSE
2064,39,"F1",300,0.5,0.3,"trait3",0,1,0,FALSE
2064,39,"F1",300,0.5,0.3,"trait4",0,0.55,0.45,FALSE
2065,40,"F2",300,0.5,0.3,"trait1",0,1,0,FALSE
2065,40,"F2",300,0.5,0.3,"trait2",1,0,0,FALSE
2065,40,"F2",300,0.5,0.3,"trait3",1,0,0,FALSE
2065,40,"F2",300,0.5,0.3,"trait4",0,1,0,FALSE
2066,41,"F3",300,0.5,0.3,"cont1",0,1,0,FALSE
2066,41,"F3",300,0.5,0.3,"binary_trait",0,1,0,FALSE
2066,41,"F3",300,0.5,0.3,"cat_trait=A",0,0,1,TRUE
2066,41,"F3",300,0.5,0.3,"cat_trait=B",0,0,1,TRUE
2066,41,"F3",300,0.5,0.3,"cat_trait=C",0,0,1,TRUE
2066,41,"F3",300,0.5,0.3,"count_trait",0,1,0,FALSE
2067,42,"F1",1000,0.5,0.3,"trait1",0.75,0.25,0,FALSE
2067,42,"F1",1000,0.5,0.3,"trait2",0.7,0.3,0,FALSE
2067,42,"F1",1000,0.5,0.3,"trait3",0,1,0,FALSE
2067,42,"F1",1000,0.5,0.3,"trait4",0,1,0,FALSE
2068,43,"F2",1000,0.5,0.3,"trait1",0.35,0.65,0,FALSE
2068,43,"F2",1000,0.5,0.3,"trait2",1,0,0,FALSE
2068,43,"F2",1000,0.5,0.3,"trait3",0,1,0,FALSE
2068,43,"F2",1000,0.5,0.3,"trait4",1,0,0,FALSE
2069,44,"F3",1000,0.5,0.3,"cont1",0,1,0,FALSE
2069,44,"F3",1000,0.5,0.3,"binary_trait",0,0.75,0.25,FALSE
2069,44,"F3",1000,0.5,0.3,"cat_trait=A",0,0,1,TRUE
2069,44,"F3",1000,0.5,0.3,"cat_trait=B",0,0,1,TRUE
2069,44,"F3",1000,0.5,0.3,"cat_trait=C",0,0,1,TRUE
2069,44,"F3",1000,0.5,0.3,"count_trait",0,1,0,FALSE
2070,45,"F1",100,1,0.3,"trait1",0.857142857142857,0,0.142857142857143,FALSE
2070,45,"F1",100,1,0.3,"trait2",0,0,1,TRUE
2070,45,"F1",100,1,0.3,"trait3",0.666666666666667,0,0.333333333333333,FALSE
2070,45,"F1",100,1,0.3,"trait4",0.5,0,0.5,FALSE
2071,46,"F2",100,1,0.3,"trait1",0,0.9,0.1,FALSE
2071,46,"F2",100,1,0.3,"trait2",1,0,0,FALSE
2071,46,"F2",100,1,0.3,"trait3",0,0.9,0.1,FALSE
2071,46,"F2",100,1,0.3,"trait4",1,0,0,FALSE
2072,47,"F3",100,1,0.3,"cont1",0.5,0.5,0,FALSE
2072,47,"F3",100,1,0.3,"binary_trait",0,0,1,TRUE
2072,47,"F3",100,1,0.3,"cat_trait=A",0,0,1,TRUE
2072,47,"F3",100,1,0.3,"cat_trait=B",0,0,1,TRUE
2072,47,"F3",100,1,0.3,"cat_trait=C",0,0,1,TRUE
2072,47,"F3",100,1,0.3,"count_trait",0.736842105263158,0,0.263157894736842,FALSE
2073,48,"F1",300,1,0.3,"trait1",0,1,0,FALSE
2073,48,"F1",300,1,0.3,"trait2",1,0,0,FALSE
2073,48,"F1",300,1,0.3,"trait3",0.4,0.4,0.2,FALSE
2073,48,"F1",300,1,0.3,"trait4",0,1,0,FALSE
2074,49,"F2",300,1,0.3,"trait1",1,0,0,FALSE
2074,49,"F2",300,1,0.3,"trait2",1,0,0,FALSE
2074,49,"F2",300,1,0.3,"trait3",0.0555555555555556,0,0.944444444444444,FALSE
2074,49,"F2",300,1,0.3,"trait4",0.95,0,0.05,FALSE
2075,50,"F3",300,1,0.3,"cont1",0,1,0,FALSE
2075,50,"F3",300,1,0.3,"binary_trait",0,1,0,FALSE
2075,50,"F3",300,1,0.3,"cat_trait=A",0,1,0,FALSE
2075,50,"F3",300,1,0.3,"cat_trait=B",0,1,0,FALSE
2075,50,"F3",300,1,0.3,"cat_trait=C",0,1,0,FALSE
2075,50,"F3",300,1,0.3,"count_trait",0,0.6,0.4,FALSE
2076,51,"F1",1000,1,0.3,"trait1",0,1,0,FALSE
2076,51,"F1",1000,1,0.3,"trait2",0,1,0,FALSE
2076,51,"F1",1000,1,0.3,"trait3",0,1,0,FALSE
2076,51,"F1",1000,1,0.3,"trait4",0,1,0,FALSE
2077,52,"F2",1000,1,0.3,"trait1",0.95,0.05,0,FALSE
2077,52,"F2",1000,1,0.3,"trait2",1,0,0,FALSE
2077,52,"F2",1000,1,0.3,"trait3",0,0.7,0.3,FALSE
2077,52,"F2",1000,1,0.3,"trait4",0.35,0.65,0,FALSE
2078,53,"F3",1000,1,0.3,"cont1",0,0.8,0.2,FALSE
2078,53,"F3",1000,1,0.3,"binary_trait",0,1,0,FALSE
2078,53,"F3",1000,1,0.3,"cat_trait=A",0.05,0,0.95,FALSE
2078,53,"F3",1000,1,0.3,"cat_trait=B",0.05,0,0.95,FALSE
2078,53,"F3",1000,1,0.3,"cat_trait=C",0.05,0,0.95,FALSE
2078,53,"F3",1000,1,0.3,"count_trait",0.85,0.15,0,FALSE
2079,54,"F1",100,0.2,0.5,"trait1",0,1,0,FALSE
2079,54,"F1",100,0.2,0.5,"trait2",0,1,0,FALSE
2079,54,"F1",100,0.2,0.5,"trait3",0,0,1,TRUE
2079,54,"F1",100,0.2,0.5,"trait4",0,0,1,TRUE
2080,55,"F2",100,0.2,0.5,"trait1",0,0,1,TRUE
2080,55,"F2",100,0.2,0.5,"trait2",0,0,1,TRUE
2080,55,"F2",100,0.2,0.5,"trait3",0,0,1,TRUE
2080,55,"F2",100,0.2,0.5,"trait4",0,1,0,FALSE
2081,56,"F3",100,0.2,0.5,"cont1",0,0,1,TRUE
2081,56,"F3",100,0.2,0.5,"binary_trait",0,0,1,TRUE
2081,56,"F3",100,0.2,0.5,"cat_trait=A",0,0,1,TRUE
2081,56,"F3",100,0.2,0.5,"cat_trait=B",0,0,1,TRUE
2081,56,"F3",100,0.2,0.5,"cat_trait=C",0,0,1,TRUE
2081,56,"F3",100,0.2,0.5,"count_trait",0,0,1,TRUE
2082,57,"F1",300,0.2,0.5,"trait1",0,0,1,TRUE
2082,57,"F1",300,0.2,0.5,"trait2",0,1,0,FALSE
2082,57,"F1",300,0.2,0.5,"trait3",0,1,0,FALSE
2082,57,"F1",300,0.2,0.5,"trait4",0,1,0,FALSE
2083,58,"F2",300,0.2,0.5,"trait1",0.25,0.75,0,FALSE
2083,58,"F2",300,0.2,0.5,"trait2",1,0,0,FALSE
2083,58,"F2",300,0.2,0.5,"trait3",0,0,1,TRUE
2083,58,"F2",300,0.2,0.5,"trait4",0,1,0,FALSE
2084,59,"F3",300,0.2,0.5,"cont1",0,1,0,FALSE
2084,59,"F3",300,0.2,0.5,"binary_trait",0,1,0,FALSE
2084,59,"F3",300,0.2,0.5,"cat_trait=A",0.111111111111111,0,0.888888888888889,FALSE
2084,59,"F3",300,0.2,0.5,"cat_trait=B",0.111111111111111,0,0.888888888888889,FALSE
2084,59,"F3",300,0.2,0.5,"cat_trait=C",0.111111111111111,0,0.888888888888889,FALSE
2084,59,"F3",300,0.2,0.5,"count_trait",0,0,1,TRUE
2085,60,"F1",1000,0.2,0.5,"trait1",0.8,0.2,0,FALSE
2085,60,"F1",1000,0.2,0.5,"trait2",0.125,0.0625,0.8125,FALSE
2085,60,"F1",1000,0.2,0.5,"trait3",0,1,0,FALSE
2085,60,"F1",1000,0.2,0.5,"trait4",0,1,0,FALSE
2086,61,"F2",1000,0.2,0.5,"trait1",0.857142857142857,0.0714285714285714,0.0714285714285714,FALSE
2086,61,"F2",1000,0.2,0.5,"trait2",1,0,0,FALSE
2086,61,"F2",1000,0.2,0.5,"trait3",0,0,1,TRUE
2086,61,"F2",1000,0.2,0.5,"trait4",1,0,0,FALSE
2087,62,"F3",1000,0.2,0.5,"cont1",0,1,0,FALSE
2087,62,"F3",1000,0.2,0.5,"binary_trait",0,0,1,TRUE
2087,62,"F3",1000,0.2,0.5,"cat_trait=A",0,1,0,FALSE
2087,62,"F3",1000,0.2,0.5,"cat_trait=B",0,1,0,FALSE
2087,62,"F3",1000,0.2,0.5,"cat_trait=C",0,1,0,FALSE
2087,62,"F3",1000,0.2,0.5,"count_trait",0,1,0,FALSE
2088,63,"F1",100,0.5,0.5,"trait1",0,0,1,TRUE
2088,63,"F1",100,0.5,0.5,"trait2",0,1,0,FALSE
2088,63,"F1",100,0.5,0.5,"trait3",0,0,1,TRUE
2088,63,"F1",100,0.5,0.5,"trait4",0,1,0,FALSE
2089,64,"F2",100,0.5,0.5,"trait1",0,1,0,FALSE
2089,64,"F2",100,0.5,0.5,"trait2",1,0,0,FALSE
2089,64,"F2",100,0.5,0.5,"trait3",0,0,1,TRUE
2089,64,"F2",100,0.5,0.5,"trait4",1,0,0,FALSE
2090,65,"F3",100,0.5,0.5,"cont1",0,1,0,FALSE
2090,65,"F3",100,0.5,0.5,"binary_trait",0,0,1,TRUE
2090,65,"F3",100,0.5,0.5,"cat_trait=A",0,1,0,FALSE
2090,65,"F3",100,0.5,0.5,"cat_trait=B",0,1,0,FALSE
2090,65,"F3",100,0.5,0.5,"cat_trait=C",0,1,0,FALSE
2090,65,"F3",100,0.5,0.5,"count_trait",0,0,1,TRUE
2091,66,"F1",300,0.5,0.5,"trait1",0.833333333333333,0,0.166666666666667,FALSE
2091,66,"F1",300,0.5,0.5,"trait2",0,0,1,TRUE
2091,66,"F1",300,0.5,0.5,"trait3",0,1,0,FALSE
2091,66,"F1",300,0.5,0.5,"trait4",0,1,0,FALSE
2092,67,"F2",300,0.5,0.5,"trait1",0.9,0.1,0,FALSE
2092,67,"F2",300,0.5,0.5,"trait2",1,0,0,FALSE
2092,67,"F2",300,0.5,0.5,"trait3",0.3,0.7,0,FALSE
2092,67,"F2",300,0.5,0.5,"trait4",1,0,0,FALSE
2093,68,"F3",300,0.5,0.5,"cont1",0,1,0,FALSE
2093,68,"F3",300,0.5,0.5,"binary_trait",0,1,0,FALSE
2093,68,"F3",300,0.5,0.5,"cat_trait=A",0,0,1,TRUE
2093,68,"F3",300,0.5,0.5,"cat_trait=B",0,0,1,TRUE
2093,68,"F3",300,0.5,0.5,"cat_trait=C",0,0,1,TRUE
2093,68,"F3",300,0.5,0.5,"count_trait",0,1,0,FALSE
2094,69,"F1",1000,0.5,0.5,"trait1",0,1,0,FALSE
2094,69,"F1",1000,0.5,0.5,"trait2",0,1,0,FALSE
2094,69,"F1",1000,0.5,0.5,"trait3",0,1,0,FALSE
2094,69,"F1",1000,0.5,0.5,"trait4",0,1,0,FALSE
2095,70,"F2",1000,0.5,0.5,"trait1",0,1,0,FALSE
2095,70,"F2",1000,0.5,0.5,"trait2",0.8,0.2,0,FALSE
2095,70,"F2",1000,0.5,0.5,"trait3",0,1,0,FALSE
2095,70,"F2",1000,0.5,0.5,"trait4",1,0,0,FALSE
2096,71,"F3",1000,0.5,0.5,"cont1",0,1,0,FALSE
2096,71,"F3",1000,0.5,0.5,"binary_trait",0,1,0,FALSE
2096,71,"F3",1000,0.5,0.5,"cat_trait=A",0,1,0,FALSE
2096,71,"F3",1000,0.5,0.5,"cat_trait=B",0,1,0,FALSE
2096,71,"F3",1000,0.5,0.5,"cat_trait=C",0,1,0,FALSE
2096,71,"F3",1000,0.5,0.5,"count_trait",0,1,0,FALSE
2097,72,"F1",100,1,0.5,"trait1",1,0,0,FALSE
2097,72,"F1",100,1,0.5,"trait2",0,1,0,FALSE
2097,72,"F1",100,1,0.5,"trait3",1,0,0,FALSE
2097,72,"F1",100,1,0.5,"trait4",0,1,0,FALSE
2098,73,"F2",100,1,0.5,"trait1",0.7,0,0.3,FALSE
2098,73,"F2",100,1,0.5,"trait2",0,1,0,FALSE
2098,73,"F2",100,1,0.5,"trait3",0,1,0,FALSE
2098,73,"F2",100,1,0.5,"trait4",0.838709677419355,0,0.161290322580645,FALSE
2099,74,"F3",100,1,0.5,"cont1",0,0.588235294117647,0.411764705882353,FALSE
2099,74,"F3",100,1,0.5,"binary_trait",0,1,0,FALSE
2099,74,"F3",100,1,0.5,"cat_trait=A",0,0,1,TRUE
2099,74,"F3",100,1,0.5,"cat_trait=B",0,0,1,TRUE
2099,74,"F3",100,1,0.5,"cat_trait=C",0,0,1,TRUE
2099,74,"F3",100,1,0.5,"count_trait",0,0,1,TRUE
2100,75,"F1",300,1,0.5,"trait1",0,1,0,FALSE
2100,75,"F1",300,1,0.5,"trait2",0,1,0,FALSE
2100,75,"F1",300,1,0.5,"trait3",0,1,0,FALSE
2100,75,"F1",300,1,0.5,"trait4",0,1,0,FALSE
2101,76,"F2",300,1,0.5,"trait1",0,1,0,FALSE
2101,76,"F2",300,1,0.5,"trait2",0,1,0,FALSE
2101,76,"F2",300,1,0.5,"trait3",0,1,0,FALSE
2101,76,"F2",300,1,0.5,"trait4",1,0,0,FALSE
2102,77,"F3",300,1,0.5,"cont1",0.65,0.35,0,FALSE
2102,77,"F3",300,1,0.5,"binary_trait",0,1,0,FALSE
2102,77,"F3",300,1,0.5,"cat_trait=A",0,1,0,FALSE
2102,77,"F3",300,1,0.5,"cat_trait=B",0,1,0,FALSE
2102,77,"F3",300,1,0.5,"cat_trait=C",0,1,0,FALSE
2102,77,"F3",300,1,0.5,"count_trait",0,1,0,FALSE
2103,78,"F1",1000,1,0.5,"trait1",0,1,0,FALSE
2103,78,"F1",1000,1,0.5,"trait2",0,1,0,FALSE
2103,78,"F1",1000,1,0.5,"trait3",0.45,0.55,0,FALSE
2103,78,"F1",1000,1,0.5,"trait4",0.388888888888889,0.611111111111111,0,FALSE
2104,79,"F2",1000,1,0.5,"trait1",0,1,0,FALSE
2104,79,"F2",1000,1,0.5,"trait2",0.6,0.4,0,FALSE
2104,79,"F2",1000,1,0.5,"trait3",0,1,0,FALSE
2104,79,"F2",1000,1,0.5,"trait4",1,0,0,FALSE
2105,80,"F3",1000,1,0.5,"cont1",0,1,0,FALSE
2105,80,"F3",1000,1,0.5,"binary_trait",0,1,0,FALSE
2105,80,"F3",1000,1,0.5,"cat_trait=A",0,1,0,FALSE
2105,80,"F3",1000,1,0.5,"cat_trait=B",0,1,0,FALSE
2105,80,"F3",1000,1,0.5,"cat_trait=C",0,1,0,FALSE
2105,80,"F3",1000,1,0.5,"count_trait",0,1,0,FALSE
2106,0,"F1",100,0.2,0.1,"trait1",0,0,1,TRUE
2106,0,"F1",100,0.2,0.1,"trait2",0,1,0,FALSE
2106,0,"F1",100,0.2,0.1,"trait3",0.75,0.25,0,FALSE
2106,0,"F1",100,0.2,0.1,"trait4",0,0,1,TRUE
2107,1,"F2",100,0.2,0.1,"trait1",1,0,0,FALSE
2107,1,"F2",100,0.2,0.1,"trait2",0,1,0,FALSE
2107,1,"F2",100,0.2,0.1,"trait3",0,0,1,TRUE
2107,1,"F2",100,0.2,0.1,"trait4",0,1,0,FALSE
2108,2,"F3",100,0.2,0.1,"cont1",0,0,1,TRUE
2108,2,"F3",100,0.2,0.1,"binary_trait",0,1,0,FALSE
2108,2,"F3",100,0.2,0.1,"cat_trait=A",0,0,1,TRUE
2108,2,"F3",100,0.2,0.1,"cat_trait=B",0,0,1,TRUE
2108,2,"F3",100,0.2,0.1,"cat_trait=C",0,0,1,TRUE
2108,2,"F3",100,0.2,0.1,"count_trait",0,0,1,TRUE
2109,3,"F1",300,0.2,0.1,"trait1",1,0,0,FALSE
2109,3,"F1",300,0.2,0.1,"trait2",0,1,0,FALSE
2109,3,"F1",300,0.2,0.1,"trait3",0,1,0,FALSE
2109,3,"F1",300,0.2,0.1,"trait4",0,0.8,0.2,FALSE
2110,4,"F2",300,0.2,0.1,"trait1",0.88235294117647,0,0.117647058823529,FALSE
2110,4,"F2",300,0.2,0.1,"trait2",1,0,0,FALSE
2110,4,"F2",300,0.2,0.1,"trait3",0,0,1,TRUE
2110,4,"F2",300,0.2,0.1,"trait4",1,0,0,FALSE
2111,5,"F3",300,0.2,0.1,"cont1",0.733333333333333,0,0.266666666666667,FALSE
2111,5,"F3",300,0.2,0.1,"binary_trait",0,1,0,FALSE
2111,5,"F3",300,0.2,0.1,"cat_trait=A",0,1,0,FALSE
2111,5,"F3",300,0.2,0.1,"cat_trait=B",0,1,0,FALSE
2111,5,"F3",300,0.2,0.1,"cat_trait=C",0,1,0,FALSE
2111,5,"F3",300,0.2,0.1,"count_trait",0,0,1,TRUE
2112,6,"F1",1000,0.2,0.1,"trait1",0,1,0,FALSE
2112,6,"F1",1000,0.2,0.1,"trait2",0,1,0,FALSE
2112,6,"F1",1000,0.2,0.1,"trait3",0,1,0,FALSE
2112,6,"F1",1000,0.2,0.1,"trait4",0.666666666666667,0.333333333333333,0,FALSE
2113,7,"F2",1000,0.2,0.1,"trait1",0.9,0,0.1,FALSE
2113,7,"F2",1000,0.2,0.1,"trait2",1,0,0,FALSE
2113,7,"F2",1000,0.2,0.1,"trait3",0,0.65,0.35,FALSE
2113,7,"F2",1000,0.2,0.1,"trait4",1,0,0,FALSE
2114,8,"F3",1000,0.2,0.1,"cont1",0,1,0,FALSE
2114,8,"F3",1000,0.2,0.1,"binary_trait",0.15,0.35,0.5,FALSE
2114,8,"F3",1000,0.2,0.1,"cat_trait=A",0,0.111111111111111,0.888888888888889,FALSE
2114,8,"F3",1000,0.2,0.1,"cat_trait=B",0,0.111111111111111,0.888888888888889,FALSE
2114,8,"F3",1000,0.2,0.1,"cat_trait=C",0,0.111111111111111,0.888888888888889,FALSE
2114,8,"F3",1000,0.2,0.1,"count_trait",0,1,0,FALSE
2115,9,"F1",100,0.5,0.1,"trait1",0,1,0,FALSE
2115,9,"F1",100,0.5,0.1,"trait2",0,0,1,TRUE
2115,9,"F1",100,0.5,0.1,"trait3",0,0,1,TRUE
2115,9,"F1",100,0.5,0.1,"trait4",0,1,0,FALSE
2116,10,"F2",100,0.5,0.1,"trait1",1,0,0,FALSE
2116,10,"F2",100,0.5,0.1,"trait2",0.45,0,0.55,FALSE
2116,10,"F2",100,0.5,0.1,"trait3",0,0,1,TRUE
2116,10,"F2",100,0.5,0.1,"trait4",1,0,0,FALSE
2117,11,"F3",100,0.5,0.1,"cont1",0.55,0.45,0,FALSE
2117,11,"F3",100,0.5,0.1,"binary_trait",0,0,1,TRUE
2117,11,"F3",100,0.5,0.1,"cat_trait=A",0,1,0,FALSE
2117,11,"F3",100,0.5,0.1,"cat_trait=B",0,1,0,FALSE
2117,11,"F3",100,0.5,0.1,"cat_trait=C",0,1,0,FALSE
2117,11,"F3",100,0.5,0.1,"count_trait",0,0,1,TRUE
2118,12,"F1",300,0.5,0.1,"trait1",0,1,0,FALSE
2118,12,"F1",300,0.5,0.1,"trait2",1,0,0,FALSE
2118,12,"F1",300,0.5,0.1,"trait3",0.941176470588235,0,0.0588235294117647,FALSE
2118,12,"F1",300,0.5,0.1,"trait4",0,1,0,FALSE
2119,13,"F2",300,0.5,0.1,"trait1",0,1,0,FALSE
2119,13,"F2",300,0.5,0.1,"trait2",0.95,0,0.05,FALSE
2119,13,"F2",300,0.5,0.1,"trait3",0,1,0,FALSE
2119,13,"F2",300,0.5,0.1,"trait4",0.65,0.35,0,FALSE
2120,14,"F3",300,0.5,0.1,"cont1",0,1,0,FALSE
2120,14,"F3",300,0.5,0.1,"binary_trait",0,1,0,FALSE
2120,14,"F3",300,0.5,0.1,"cat_trait=A",0,1,0,FALSE
2120,14,"F3",300,0.5,0.1,"cat_trait=B",0,1,0,FALSE
2120,14,"F3",300,0.5,0.1,"cat_trait=C",0,1,0,FALSE
2120,14,"F3",300,0.5,0.1,"count_trait",0,1,0,FALSE
2121,15,"F1",1000,0.5,0.1,"trait1",0,1,0,FALSE
2121,15,"F1",1000,0.5,0.1,"trait2",0,1,0,FALSE
2121,15,"F1",1000,0.5,0.1,"trait3",0,1,0,FALSE
2121,15,"F1",1000,0.5,0.1,"trait4",0,1,0,FALSE
2122,16,"F2",1000,0.5,0.1,"trait1",0.31578947368421,0.68421052631579,0,FALSE
2122,16,"F2",1000,0.5,0.1,"trait2",1,0,0,FALSE
2122,16,"F2",1000,0.5,0.1,"trait3",0,1,0,FALSE
2122,16,"F2",1000,0.5,0.1,"trait4",1,0,0,FALSE
2123,17,"F3",1000,0.5,0.1,"cont1",0,1,0,FALSE
2123,17,"F3",1000,0.5,0.1,"binary_trait",0,1,0,FALSE
2123,17,"F3",1000,0.5,0.1,"cat_trait=A",0,1,0,FALSE
2123,17,"F3",1000,0.5,0.1,"cat_trait=B",0,1,0,FALSE
2123,17,"F3",1000,0.5,0.1,"cat_trait=C",0,1,0,FALSE
2123,17,"F3",1000,0.5,0.1,"count_trait",0.65,0.35,0,FALSE
2124,18,"F1",100,1,0.1,"trait1",0.3,0.7,0,FALSE
2124,18,"F1",100,1,0.1,"trait2",0,0.85,0.15,FALSE
2124,18,"F1",100,1,0.1,"trait3",0,0.85,0.15,FALSE
2124,18,"F1",100,1,0.1,"trait4",0.833333333333333,0.0555555555555556,0.111111111111111,FALSE
2125,19,"F2",100,1,0.1,"trait1",0.578947368421053,0,0.421052631578947,FALSE
2125,19,"F2",100,1,0.1,"trait2",1,0,0,FALSE
2125,19,"F2",100,1,0.1,"trait3",0,1,0,FALSE
2125,19,"F2",100,1,0.1,"trait4",0.888888888888889,0,0.111111111111111,FALSE
2126,20,"F3",100,1,0.1,"cont1",0,1,0,FALSE
2126,20,"F3",100,1,0.1,"binary_trait",0,1,0,FALSE
2126,20,"F3",100,1,0.1,"cat_trait=A",0,0,1,TRUE
2126,20,"F3",100,1,0.1,"cat_trait=B",0,0,1,TRUE
2126,20,"F3",100,1,0.1,"cat_trait=C",0,0,1,TRUE
2126,20,"F3",100,1,0.1,"count_trait",0,0,1,TRUE
2127,21,"F1",300,1,0.1,"trait1",0,1,0,FALSE
2127,21,"F1",300,1,0.1,"trait2",0,1,0,FALSE
2127,21,"F1",300,1,0.1,"trait3",0,1,0,FALSE
2127,21,"F1",300,1,0.1,"trait4",0,0.95,0.05,FALSE
2128,22,"F2",300,1,0.1,"trait1",0,1,0,FALSE
2128,22,"F2",300,1,0.1,"trait2",1,0,0,FALSE
2128,22,"F2",300,1,0.1,"trait3",0,0.9,0.1,FALSE
2128,22,"F2",300,1,0.1,"trait4",1,0,0,FALSE
2129,23,"F3",300,1,0.1,"cont1",0.65,0.35,0,FALSE
2129,23,"F3",300,1,0.1,"binary_trait",0,1,0,FALSE
2129,23,"F3",300,1,0.1,"cat_trait=A",0,1,0,FALSE
2129,23,"F3",300,1,0.1,"cat_trait=B",0,1,0,FALSE
2129,23,"F3",300,1,0.1,"cat_trait=C",0,1,0,FALSE
2129,23,"F3",300,1,0.1,"count_trait",0,1,0,FALSE
2130,24,"F1",1000,1,0.1,"trait1",0,1,0,FALSE
2130,24,"F1",1000,1,0.1,"trait2",0,1,0,FALSE
2130,24,"F1",1000,1,0.1,"trait3",0,1,0,FALSE
2130,24,"F1",1000,1,0.1,"trait4",0,1,0,FALSE
2131,25,"F2",1000,1,0.1,"trait1",0.25,0.75,0,FALSE
2131,25,"F2",1000,1,0.1,"trait2",1,0,0,FALSE
2131,25,"F2",1000,1,0.1,"trait3",0,1,0,FALSE
2131,25,"F2",1000,1,0.1,"trait4",1,0,0,FALSE
2132,26,"F3",1000,1,0.1,"cont1",0,1,0,FALSE
2132,26,"F3",1000,1,0.1,"binary_trait",0,1,0,FALSE
2132,26,"F3",1000,1,0.1,"cat_trait=A",0,1,0,FALSE
2132,26,"F3",1000,1,0.1,"cat_trait=B",0,1,0,FALSE
2132,26,"F3",1000,1,0.1,"cat_trait=C",0,1,0,FALSE
2132,26,"F3",1000,1,0.1,"count_trait",0,0.68421052631579,0.31578947368421,FALSE
2133,27,"F1",100,0.2,0.3,"trait1",0,0,1,TRUE
2133,27,"F1",100,0.2,0.3,"trait2",0,0,1,TRUE
2133,27,"F1",100,0.2,0.3,"trait3",0,0,1,TRUE
2133,27,"F1",100,0.2,0.3,"trait4",0,0,1,TRUE
2134,28,"F2",100,0.2,0.3,"trait1",0,0,1,TRUE
2134,28,"F2",100,0.2,0.3,"trait2",0,1,0,FALSE
2134,28,"F2",100,0.2,0.3,"trait3",0,0,1,TRUE
2134,28,"F2",100,0.2,0.3,"trait4",0,0,1,TRUE
2135,29,"F3",100,0.2,0.3,"cont1",1,0,0,FALSE
2135,29,"F3",100,0.2,0.3,"binary_trait",0,1,0,FALSE
2135,29,"F3",100,0.2,0.3,"cat_trait=A",0,0,1,TRUE
2135,29,"F3",100,0.2,0.3,"cat_trait=B",0,0,1,TRUE
2135,29,"F3",100,0.2,0.3,"cat_trait=C",0,0,1,TRUE
2135,29,"F3",100,0.2,0.3,"count_trait",0,0,1,TRUE
2136,30,"F1",300,0.2,0.3,"trait1",0,0,1,TRUE
2136,30,"F1",300,0.2,0.3,"trait2",0,0,1,TRUE
2136,30,"F1",300,0.2,0.3,"trait3",1,0,0,FALSE
2136,30,"F1",300,0.2,0.3,"trait4",0.55,0.45,0,FALSE
2137,31,"F2",300,0.2,0.3,"trait1",0,1,0,FALSE
2137,31,"F2",300,0.2,0.3,"trait2",1,0,0,FALSE
2137,31,"F2",300,0.2,0.3,"trait3",1,0,0,FALSE
2137,31,"F2",300,0.2,0.3,"trait4",1,0,0,FALSE
2138,32,"F3",300,0.2,0.3,"cont1",0,0,1,TRUE
2138,32,"F3",300,0.2,0.3,"binary_trait",0,1,0,FALSE
2138,32,"F3",300,0.2,0.3,"cat_trait=A",0,0,1,TRUE
2138,32,"F3",300,0.2,0.3,"cat_trait=B",0,0,1,TRUE
2138,32,"F3",300,0.2,0.3,"cat_trait=C",0,0,1,TRUE
2138,32,"F3",300,0.2,0.3,"count_trait",0.235294117647059,0.764705882352941,0,FALSE
2139,33,"F1",1000,0.2,0.3,"trait1",1,0,0,FALSE
2139,33,"F1",1000,0.2,0.3,"trait2",1,0,0,FALSE
2139,33,"F1",1000,0.2,0.3,"trait3",0.75,0.25,0,FALSE
2139,33,"F1",1000,0.2,0.3,"trait4",0,1,0,FALSE
2140,34,"F2",1000,0.2,0.3,"trait1",0,1,0,FALSE
2140,34,"F2",1000,0.2,0.3,"trait2",1,0,0,FALSE
2140,34,"F2",1000,0.2,0.3,"trait3",0.666666666666667,0,0.333333333333333,FALSE
2140,34,"F2",1000,0.2,0.3,"trait4",1,0,0,FALSE
2141,35,"F3",1000,0.2,0.3,"cont1",1,0,0,FALSE
2141,35,"F3",1000,0.2,0.3,"binary_trait",0,0.733333333333333,0.266666666666667,FALSE
2141,35,"F3",1000,0.2,0.3,"cat_trait=A",0,0.421052631578947,0.578947368421053,FALSE
2141,35,"F3",1000,0.2,0.3,"cat_trait=B",0,0.421052631578947,0.578947368421053,FALSE
2141,35,"F3",1000,0.2,0.3,"cat_trait=C",0,0.421052631578947,0.578947368421053,FALSE
2141,35,"F3",1000,0.2,0.3,"count_trait",0.45,0.55,0,FALSE
2142,36,"F1",100,0.5,0.3,"trait1",0,0.3,0.7,FALSE
2142,36,"F1",100,0.5,0.3,"trait2",0.631578947368421,0,0.368421052631579,FALSE
2142,36,"F1",100,0.5,0.3,"trait3",0,0.0769230769230769,0.923076923076923,FALSE
2142,36,"F1",100,0.5,0.3,"trait4",1,0,0,FALSE
2143,37,"F2",100,0.5,0.3,"trait1",0,0,1,TRUE
2143,37,"F2",100,0.5,0.3,"trait2",0,0,1,TRUE
2143,37,"F2",100,0.5,0.3,"trait3",0,0,1,TRUE
2143,37,"F2",100,0.5,0.3,"trait4",0,0,1,TRUE
2144,38,"F3",100,0.5,0.3,"cont1",1,0,0,FALSE
2144,38,"F3",100,0.5,0.3,"binary_trait",0,1,0,FALSE
2144,38,"F3",100,0.5,0.3,"cat_trait=A",0,0,1,TRUE
2144,38,"F3",100,0.5,0.3,"cat_trait=B",0,0,1,TRUE
2144,38,"F3",100,0.5,0.3,"cat_trait=C",0,0,1,TRUE
2144,38,"F3",100,0.5,0.3,"count_trait",0,0,1,TRUE
2145,39,"F1",300,0.5,0.3,"trait1",0,1,0,FALSE
2145,39,"F1",300,0.5,0.3,"trait2",1,0,0,FALSE
2145,39,"F1",300,0.5,0.3,"trait3",0,1,0,FALSE
2145,39,"F1",300,0.5,0.3,"trait4",0,1,0,FALSE
2146,40,"F2",300,0.5,0.3,"trait1",0.55,0.45,0,FALSE
2146,40,"F2",300,0.5,0.3,"trait2",1,0,0,FALSE
2146,40,"F2",300,0.5,0.3,"trait3",0,0.8,0.2,FALSE
2146,40,"F2",300,0.5,0.3,"trait4",0.6,0,0.4,FALSE
2147,41,"F3",300,0.5,0.3,"cont1",0.875,0,0.125,FALSE
2147,41,"F3",300,0.5,0.3,"binary_trait",0,0.666666666666667,0.333333333333333,FALSE
2147,41,"F3",300,0.5,0.3,"cat_trait=A",0,1,0,FALSE
2147,41,"F3",300,0.5,0.3,"cat_trait=B",0,1,0,FALSE
2147,41,"F3",300,0.5,0.3,"cat_trait=C",0,1,0,FALSE
2147,41,"F3",300,0.5,0.3,"count_trait",0,1,0,FALSE
2148,42,"F1",1000,0.5,0.3,"trait1",0,1,0,FALSE
2148,42,"F1",1000,0.5,0.3,"trait2",0,1,0,FALSE
2148,42,"F1",1000,0.5,0.3,"trait3",0,1,0,FALSE
2148,42,"F1",1000,0.5,0.3,"trait4",0,1,0,FALSE
2149,43,"F2",1000,0.5,0.3,"trait1",0,0.65,0.35,FALSE
2149,43,"F2",1000,0.5,0.3,"trait2",0,1,0,FALSE
2149,43,"F2",1000,0.5,0.3,"trait3",0.75,0.25,0,FALSE
2149,43,"F2",1000,0.5,0.3,"trait4",0.55,0.45,0,FALSE
2150,44,"F3",1000,0.5,0.3,"cont1",0,1,0,FALSE
2150,44,"F3",1000,0.5,0.3,"binary_trait",0,1,0,FALSE
2150,44,"F3",1000,0.5,0.3,"cat_trait=A",0,0,1,TRUE
2150,44,"F3",1000,0.5,0.3,"cat_trait=B",0,0,1,TRUE
2150,44,"F3",1000,0.5,0.3,"cat_trait=C",0,0,1,TRUE
2150,44,"F3",1000,0.5,0.3,"count_trait",0,1,0,FALSE
2151,45,"F1",100,1,0.3,"trait1",0.65,0.1,0.25,FALSE
2151,45,"F1",100,1,0.3,"trait2",0,1,0,FALSE
2151,45,"F1",100,1,0.3,"trait3",1,0,0,FALSE
2151,45,"F1",100,1,0.3,"trait4",1,0,0,FALSE
2152,46,"F2",100,1,0.3,"trait1",1,0,0,FALSE
2152,46,"F2",100,1,0.3,"trait2",0.8,0.2,0,FALSE
2152,46,"F2",100,1,0.3,"trait3",0,0,1,TRUE
2152,46,"F2",100,1,0.3,"trait4",0.8,0.2,0,FALSE
2153,47,"F3",100,1,0.3,"cont1",0,0,1,TRUE
2153,47,"F3",100,1,0.3,"binary_trait",0,1,0,FALSE
2153,47,"F3",100,1,0.3,"cat_trait=A",0,0,1,TRUE
2153,47,"F3",100,1,0.3,"cat_trait=B",0,0,1,TRUE
2153,47,"F3",100,1,0.3,"cat_trait=C",0,0,1,TRUE
2153,47,"F3",100,1,0.3,"count_trait",0,1,0,FALSE
2154,48,"F1",300,1,0.3,"trait1",0,1,0,FALSE
2154,48,"F1",300,1,0.3,"trait2",0,0.75,0.25,FALSE
2154,48,"F1",300,1,0.3,"trait3",0.85,0.15,0,FALSE
2154,48,"F1",300,1,0.3,"trait4",0,1,0,FALSE
2155,49,"F2",300,1,0.3,"trait1",0.25,0.75,0,FALSE
2155,49,"F2",300,1,0.3,"trait2",0.55,0.45,0,FALSE
2155,49,"F2",300,1,0.3,"trait3",0.736842105263158,0,0.263157894736842,FALSE
2155,49,"F2",300,1,0.3,"trait4",0.45,0.55,0,FALSE
2156,50,"F3",300,1,0.3,"cont1",0,1,0,FALSE
2156,50,"F3",300,1,0.3,"binary_trait",0,1,0,FALSE
2156,50,"F3",300,1,0.3,"cat_trait=A",0,1,0,FALSE
2156,50,"F3",300,1,0.3,"cat_trait=B",0,1,0,FALSE
2156,50,"F3",300,1,0.3,"cat_trait=C",0,1,0,FALSE
2156,50,"F3",300,1,0.3,"count_trait",0,0.85,0.15,FALSE
2157,51,"F1",1000,1,0.3,"trait1",0,1,0,FALSE
2157,51,"F1",1000,1,0.3,"trait2",0,1,0,FALSE
2157,51,"F1",1000,1,0.3,"trait3",0,1,0,FALSE
2157,51,"F1",1000,1,0.3,"trait4",0,0.95,0.05,FALSE
2158,52,"F2",1000,1,0.3,"trait1",0,1,0,FALSE
2158,52,"F2",1000,1,0.3,"trait2",0.85,0.15,0,FALSE
2158,52,"F2",1000,1,0.3,"trait3",0,0.75,0.25,FALSE
2158,52,"F2",1000,1,0.3,"trait4",0.31578947368421,0.421052631578947,0.263157894736842,FALSE
2159,53,"F3",1000,1,0.3,"cont1",0.7,0.3,0,FALSE
2159,53,"F3",1000,1,0.3,"binary_trait",0,1,0,FALSE
2159,53,"F3",1000,1,0.3,"cat_trait=A",0.0526315789473684,0.0526315789473684,0.894736842105263,FALSE
2159,53,"F3",1000,1,0.3,"cat_trait=B",0.0526315789473684,0.0526315789473684,0.894736842105263,FALSE
2159,53,"F3",1000,1,0.3,"cat_trait=C",0.0526315789473684,0.0526315789473684,0.894736842105263,FALSE
2159,53,"F3",1000,1,0.3,"count_trait",0,1,0,FALSE
2160,54,"F1",100,0.2,0.5,"trait1",0,1,0,FALSE
2160,54,"F1",100,0.2,0.5,"trait2",0,0,1,TRUE
2160,54,"F1",100,0.2,0.5,"trait3",0,0,1,TRUE
2160,54,"F1",100,0.2,0.5,"trait4",0,0.333333333333333,0.666666666666667,FALSE
2161,55,"F2",100,0.2,0.5,"trait1",0,1,0,FALSE
2161,55,"F2",100,0.2,0.5,"trait2",0,0,1,TRUE
2161,55,"F2",100,0.2,0.5,"trait3",0,0,1,TRUE
2161,55,"F2",100,0.2,0.5,"trait4",0,0,1,TRUE
2162,56,"F3",100,0.2,0.5,"cont1",0.9,0.1,0,FALSE
2162,56,"F3",100,0.2,0.5,"binary_trait",0,1,0,FALSE
2162,56,"F3",100,0.2,0.5,"cat_trait=A",0,0,1,TRUE
2162,56,"F3",100,0.2,0.5,"cat_trait=B",0,0,1,TRUE
2162,56,"F3",100,0.2,0.5,"cat_trait=C",0,0,1,TRUE
2162,56,"F3",100,0.2,0.5,"count_trait",0,0,1,TRUE
2163,57,"F1",300,0.2,0.5,"trait1",0.625,0.25,0.125,FALSE
2163,57,"F1",300,0.2,0.5,"trait2",0,1,0,FALSE
2163,57,"F1",300,0.2,0.5,"trait3",1,0,0,FALSE
2163,57,"F1",300,0.2,0.5,"trait4",0,0,1,TRUE
2164,58,"F2",300,0.2,0.5,"trait1",1,0,0,FALSE
2164,58,"F2",300,0.2,0.5,"trait2",0,1,0,FALSE
2164,58,"F2",300,0.2,0.5,"trait3",0,0,1,TRUE
2164,58,"F2",300,0.2,0.5,"trait4",1,0,0,FALSE
2165,59,"F3",300,0.2,0.5,"cont1",0,0,1,TRUE
2165,59,"F3",300,0.2,0.5,"binary_trait",0,0,1,TRUE
2165,59,"F3",300,0.2,0.5,"cat_trait=A",0,0,1,TRUE
2165,59,"F3",300,0.2,0.5,"cat_trait=B",0,0,1,TRUE
2165,59,"F3",300,0.2,0.5,"cat_trait=C",0,0,1,TRUE
2165,59,"F3",300,0.2,0.5,"count_trait",0,0,1,TRUE
2166,60,"F1",1000,0.2,0.5,"trait1",0.15,0.85,0,FALSE
2166,60,"F1",1000,0.2,0.5,"trait2",0,1,0,FALSE
2166,60,"F1",1000,0.2,0.5,"trait3",1,0,0,FALSE
2166,60,"F1",1000,0.2,0.5,"trait4",0,1,0,FALSE
2167,61,"F2",1000,0.2,0.5,"trait1",0.25,0.6875,0.0625,FALSE
2167,61,"F2",1000,0.2,0.5,"trait2",1,0,0,FALSE
2167,61,"F2",1000,0.2,0.5,"trait3",0,1,0,FALSE
2167,61,"F2",1000,0.2,0.5,"trait4",0,0,1,TRUE
2168,62,"F3",1000,0.2,0.5,"cont1",0,1,0,FALSE
2168,62,"F3",1000,0.2,0.5,"binary_trait",0,0,1,TRUE
2168,62,"F3",1000,0.2,0.5,"cat_trait=A",0,0,1,TRUE
2168,62,"F3",1000,0.2,0.5,"cat_trait=B",0,0,1,TRUE
2168,62,"F3",1000,0.2,0.5,"cat_trait=C",0,0,1,TRUE
2168,62,"F3",1000,0.2,0.5,"count_trait",0,1,0,FALSE
2169,63,"F1",100,0.5,0.5,"trait1",1,0,0,FALSE
2169,63,"F1",100,0.5,0.5,"trait2",0,1,0,FALSE
2169,63,"F1",100,0.5,0.5,"trait3",0,1,0,FALSE
2169,63,"F1",100,0.5,0.5,"trait4",0,0,1,TRUE
2170,64,"F2",100,0.5,0.5,"trait1",0,1,0,FALSE
2170,64,"F2",100,0.5,0.5,"trait2",0,1,0,FALSE
2170,64,"F2",100,0.5,0.5,"trait3",0,1,0,FALSE
2170,64,"F2",100,0.5,0.5,"trait4",0,1,0,FALSE
2171,65,"F3",100,0.5,0.5,"cont1",1,0,0,FALSE
2171,65,"F3",100,0.5,0.5,"binary_trait",0,0,1,TRUE
2171,65,"F3",100,0.5,0.5,"cat_trait=A",0,0,1,TRUE
2171,65,"F3",100,0.5,0.5,"cat_trait=B",0,0,1,TRUE
2171,65,"F3",100,0.5,0.5,"cat_trait=C",0,0,1,TRUE
2171,65,"F3",100,0.5,0.5,"count_trait",0,0,1,TRUE
2172,66,"F1",300,0.5,0.5,"trait1",0,1,0,FALSE
2172,66,"F1",300,0.5,0.5,"trait2",0,1,0,FALSE
2172,66,"F1",300,0.5,0.5,"trait3",0,1,0,FALSE
2172,66,"F1",300,0.5,0.5,"trait4",0,1,0,FALSE
2173,67,"F2",300,0.5,0.5,"trait1",0,1,0,FALSE
2173,67,"F2",300,0.5,0.5,"trait2",0,0.8,0.2,FALSE
2173,67,"F2",300,0.5,0.5,"trait3",0,1,0,FALSE
2173,67,"F2",300,0.5,0.5,"trait4",1,0,0,FALSE
2174,68,"F3",300,0.5,0.5,"cont1",0,0.65,0.35,FALSE
2174,68,"F3",300,0.5,0.5,"binary_trait",0,1,0,FALSE
2174,68,"F3",300,0.5,0.5,"cat_trait=A",0,1,0,FALSE
2174,68,"F3",300,0.5,0.5,"cat_trait=B",0,1,0,FALSE
2174,68,"F3",300,0.5,0.5,"cat_trait=C",0,1,0,FALSE
2174,68,"F3",300,0.5,0.5,"count_trait",0.5,0.5,0,FALSE
2175,69,"F1",1000,0.5,0.5,"trait1",0,1,0,FALSE
2175,69,"F1",1000,0.5,0.5,"trait2",0.88235294117647,0,0.117647058823529,FALSE
2175,69,"F1",1000,0.5,0.5,"trait3",0,1,0,FALSE
2175,69,"F1",1000,0.5,0.5,"trait4",0.764705882352941,0,0.235294117647059,FALSE
2176,70,"F2",1000,0.5,0.5,"trait1",0,1,0,FALSE
2176,70,"F2",1000,0.5,0.5,"trait2",0.5,0.2,0.3,FALSE
2176,70,"F2",1000,0.5,0.5,"trait3",0,0.368421052631579,0.631578947368421,FALSE
2176,70,"F2",1000,0.5,0.5,"trait4",1,0,0,FALSE
2177,71,"F3",1000,0.5,0.5,"cont1",0,1,0,FALSE
2177,71,"F3",1000,0.5,0.5,"binary_trait",0,1,0,FALSE
2177,71,"F3",1000,0.5,0.5,"cat_trait=A",0,1,0,FALSE
2177,71,"F3",1000,0.5,0.5,"cat_trait=B",0,1,0,FALSE
2177,71,"F3",1000,0.5,0.5,"cat_trait=C",0,1,0,FALSE
2177,71,"F3",1000,0.5,0.5,"count_trait",0,1,0,FALSE
2178,72,"F1",100,1,0.5,"trait1",0,1,0,FALSE
2178,72,"F1",100,1,0.5,"trait2",0,1,0,FALSE
2178,72,"F1",100,1,0.5,"trait3",0.95,0,0.05,FALSE
2178,72,"F1",100,1,0.5,"trait4",0,1,0,FALSE
2179,73,"F2",100,1,0.5,"trait1",0,0.85,0.15,FALSE
2179,73,"F2",100,1,0.5,"trait2",0.425,0.5,0.075,FALSE
2179,73,"F2",100,1,0.5,"trait3",1,0,0,FALSE
2179,73,"F2",100,1,0.5,"trait4",0,1,0,FALSE
2180,74,"F3",100,1,0.5,"cont1",0,1,0,FALSE
2180,74,"F3",100,1,0.5,"binary_trait",0,0,1,TRUE
2180,74,"F3",100,1,0.5,"cat_trait=A",0,1,0,FALSE
2180,74,"F3",100,1,0.5,"cat_trait=B",0,1,0,FALSE
2180,74,"F3",100,1,0.5,"cat_trait=C",0,1,0,FALSE
2180,74,"F3",100,1,0.5,"count_trait",1,0,0,FALSE
2181,75,"F1",300,1,0.5,"trait1",0,1,0,FALSE
2181,75,"F1",300,1,0.5,"trait2",0.75,0.25,0,FALSE
2181,75,"F1",300,1,0.5,"trait3",0,1,0,FALSE
2181,75,"F1",300,1,0.5,"trait4",0.1,0.9,0,FALSE
2182,76,"F2",300,1,0.5,"trait1",0,1,0,FALSE
2182,76,"F2",300,1,0.5,"trait2",0,1,0,FALSE
2182,76,"F2",300,1,0.5,"trait3",0,0.6,0.4,FALSE
2182,76,"F2",300,1,0.5,"trait4",1,0,0,FALSE
2183,77,"F3",300,1,0.5,"cont1",0,1,0,FALSE
2183,77,"F3",300,1,0.5,"binary_trait",0,1,0,FALSE
2183,77,"F3",300,1,0.5,"cat_trait=A",0,1,0,FALSE
2183,77,"F3",300,1,0.5,"cat_trait=B",0,1,0,FALSE
2183,77,"F3",300,1,0.5,"cat_trait=C",0,1,0,FALSE
2183,77,"F3",300,1,0.5,"count_trait",0,0.6,0.4,FALSE
2184,78,"F1",1000,1,0.5,"trait1",0,1,0,FALSE
2184,78,"F1",1000,1,0.5,"trait2",0,1,0,FALSE
2184,78,"F1",1000,1,0.5,"trait3",0,1,0,FALSE
2184,78,"F1",1000,1,0.5,"trait4",0,0.9,0.1,FALSE
2185,79,"F2",1000,1,0.5,"trait1",0.6,0.4,0,FALSE
2185,79,"F2",1000,1,0.5,"trait2",0,1,0,FALSE
2185,79,"F2",1000,1,0.5,"trait3",0.75,0.25,0,FALSE
2185,79,"F2",1000,1,0.5,"trait4",1,0,0,FALSE
2186,80,"F3",1000,1,0.5,"cont1",0,1,0,FALSE
2186,80,"F3",1000,1,0.5,"binary_trait",0,1,0,FALSE
2186,80,"F3",1000,1,0.5,"cat_trait=A",0,1,0,FALSE
2186,80,"F3",1000,1,0.5,"cat_trait=B",0,1,0,FALSE
2186,80,"F3",1000,1,0.5,"cat_trait=C",0,1,0,FALSE
2186,80,"F3",1000,1,0.5,"count_trait",0,1,0,FALSE
2187,0,"F1",100,0.2,0.1,"trait1",0,1,0,FALSE
2187,0,"F1",100,0.2,0.1,"trait2",0,0,1,TRUE
2187,0,"F1",100,0.2,0.1,"trait3",0,0,1,TRUE
2187,0,"F1",100,0.2,0.1,"trait4",0,0,1,TRUE
2188,1,"F2",100,0.2,0.1,"trait1",0,1,0,FALSE
2188,1,"F2",100,0.2,0.1,"trait2",0,0,1,TRUE
2188,1,"F2",100,0.2,0.1,"trait3",1,0,0,FALSE
2188,1,"F2",100,0.2,0.1,"trait4",1,0,0,FALSE
2189,2,"F3",100,0.2,0.1,"cont1",0,1,0,FALSE
2189,2,"F3",100,0.2,0.1,"binary_trait",0,1,0,FALSE
2189,2,"F3",100,0.2,0.1,"cat_trait=A",0,0,1,TRUE
2189,2,"F3",100,0.2,0.1,"cat_trait=B",0,0,1,TRUE
2189,2,"F3",100,0.2,0.1,"cat_trait=C",0,0,1,TRUE
2189,2,"F3",100,0.2,0.1,"count_trait",0,1,0,FALSE
2190,3,"F1",300,0.2,0.1,"trait1",0,1,0,FALSE
2190,3,"F1",300,0.2,0.1,"trait2",0,1,0,FALSE
2190,3,"F1",300,0.2,0.1,"trait3",0,0,1,TRUE
2190,3,"F1",300,0.2,0.1,"trait4",0.65,0,0.35,FALSE
2191,4,"F2",300,0.2,0.1,"trait1",0,1,0,FALSE
2191,4,"F2",300,0.2,0.1,"trait2",1,0,0,FALSE
2191,4,"F2",300,0.2,0.1,"trait3",0,0,1,TRUE
2191,4,"F2",300,0.2,0.1,"trait4",1,0,0,FALSE
2192,5,"F3",300,0.2,0.1,"cont1",0.4,0.6,0,FALSE
2192,5,"F3",300,0.2,0.1,"binary_trait",0,1,0,FALSE
2192,5,"F3",300,0.2,0.1,"cat_trait=A",0,0,1,TRUE
2192,5,"F3",300,0.2,0.1,"cat_trait=B",0,0,1,TRUE
2192,5,"F3",300,0.2,0.1,"cat_trait=C",0,0,1,TRUE
2192,5,"F3",300,0.2,0.1,"count_trait",0,1,0,FALSE
2193,6,"F1",1000,0.2,0.1,"trait1",0,1,0,FALSE
2193,6,"F1",1000,0.2,0.1,"trait2",0,1,0,FALSE
2193,6,"F1",1000,0.2,0.1,"trait3",0,1,0,FALSE
2193,6,"F1",1000,0.2,0.1,"trait4",0,1,0,FALSE
2194,7,"F2",1000,0.2,0.1,"trait1",1,0,0,FALSE
2194,7,"F2",1000,0.2,0.1,"trait2",1,0,0,FALSE
2194,7,"F2",1000,0.2,0.1,"trait3",0,0,1,TRUE
2194,7,"F2",1000,0.2,0.1,"trait4",1,0,0,FALSE
2195,8,"F3",1000,0.2,0.1,"cont1",0,0.454545454545455,0.545454545454545,FALSE
2195,8,"F3",1000,0.2,0.1,"binary_trait",0,1,0,FALSE
2195,8,"F3",1000,0.2,0.1,"cat_trait=A",0,1,0,FALSE
2195,8,"F3",1000,0.2,0.1,"cat_trait=B",0,1,0,FALSE
2195,8,"F3",1000,0.2,0.1,"cat_trait=C",0,1,0,FALSE
2195,8,"F3",1000,0.2,0.1,"count_trait",0,1,0,FALSE
2196,9,"F1",100,0.5,0.1,"trait1",1,0,0,FALSE
2196,9,"F1",100,0.5,0.1,"trait2",0,0,1,TRUE
2196,9,"F1",100,0.5,0.1,"trait3",0.611111111111111,0.388888888888889,0,FALSE
2196,9,"F1",100,0.5,0.1,"trait4",0,0.923076923076923,0.0769230769230769,FALSE
2197,10,"F2",100,0.5,0.1,"trait1",0,0,1,TRUE
2197,10,"F2",100,0.5,0.1,"trait2",0,1,0,FALSE
2197,10,"F2",100,0.5,0.1,"trait3",0,1,0,FALSE
2197,10,"F2",100,0.5,0.1,"trait4",0,0,1,TRUE
2198,11,"F3",100,0.5,0.1,"cont1",0,0,1,TRUE
2198,11,"F3",100,0.5,0.1,"binary_trait",0,0,1,TRUE
2198,11,"F3",100,0.5,0.1,"cat_trait=A",0,0,1,TRUE
2198,11,"F3",100,0.5,0.1,"cat_trait=B",0,0,1,TRUE
2198,11,"F3",100,0.5,0.1,"cat_trait=C",0,0,1,TRUE
2198,11,"F3",100,0.5,0.1,"count_trait",0.9375,0,0.0625,FALSE
2199,12,"F1",300,0.5,0.1,"trait1",1,0,0,FALSE
2199,12,"F1",300,0.5,0.1,"trait2",0,1,0,FALSE
2199,12,"F1",300,0.5,0.1,"trait3",0,1,0,FALSE
2199,12,"F1",300,0.5,0.1,"trait4",0,1,0,FALSE
2200,13,"F2",300,0.5,0.1,"trait1",0,1,0,FALSE
2200,13,"F2",300,0.5,0.1,"trait2",1,0,0,FALSE
2200,13,"F2",300,0.5,0.1,"trait3",0,0,1,TRUE
2200,13,"F2",300,0.5,0.1,"trait4",1,0,0,FALSE
2201,14,"F3",300,0.5,0.1,"cont1",0.4,0.6,0,FALSE
2201,14,"F3",300,0.5,0.1,"binary_trait",0,1,0,FALSE
2201,14,"F3",300,0.5,0.1,"cat_trait=A",0,0,1,TRUE
2201,14,"F3",300,0.5,0.1,"cat_trait=B",0,0,1,TRUE
2201,14,"F3",300,0.5,0.1,"cat_trait=C",0,0,1,TRUE
2201,14,"F3",300,0.5,0.1,"count_trait",0,1,0,FALSE
2202,15,"F1",1000,0.5,0.1,"trait1",1,0,0,FALSE
2202,15,"F1",1000,0.5,0.1,"trait2",0.7,0.3,0,FALSE
2202,15,"F1",1000,0.5,0.1,"trait3",0,1,0,FALSE
2202,15,"F1",1000,0.5,0.1,"trait4",0,1,0,FALSE
2203,16,"F2",1000,0.5,0.1,"trait1",1,0,0,FALSE
2203,16,"F2",1000,0.5,0.1,"trait2",1,0,0,FALSE
2203,16,"F2",1000,0.5,0.1,"trait3",0,1,0,FALSE
2203,16,"F2",1000,0.5,0.1,"trait4",1,0,0,FALSE
2204,17,"F3",1000,0.5,0.1,"cont1",1,0,0,FALSE
2204,17,"F3",1000,0.5,0.1,"binary_trait",0,1,0,FALSE
2204,17,"F3",1000,0.5,0.1,"cat_trait=A",0,1,0,FALSE
2204,17,"F3",1000,0.5,0.1,"cat_trait=B",0,1,0,FALSE
2204,17,"F3",1000,0.5,0.1,"cat_trait=C",0,1,0,FALSE
2204,17,"F3",1000,0.5,0.1,"count_trait",1,0,0,FALSE
2205,18,"F1",100,1,0.1,"trait1",1,0,0,FALSE
2205,18,"F1",100,1,0.1,"trait2",0,0.55,0.45,FALSE
2205,18,"F1",100,1,0.1,"trait3",0.470588235294118,0,0.529411764705882,FALSE
2205,18,"F1",100,1,0.1,"trait4",0,1,0,FALSE
2206,19,"F2",100,1,0.1,"trait1",0,1,0,FALSE
2206,19,"F2",100,1,0.1,"trait2",0,1,0,FALSE
2206,19,"F2",100,1,0.1,"trait3",0,0,1,TRUE
2206,19,"F2",100,1,0.1,"trait4",0,1,0,FALSE
2207,20,"F3",100,1,0.1,"cont1",0,1,0,FALSE
2207,20,"F3",100,1,0.1,"binary_trait",0,0,1,TRUE
2207,20,"F3",100,1,0.1,"cat_trait=A",0,0,1,TRUE
2207,20,"F3",100,1,0.1,"cat_trait=B",0,0,1,TRUE
2207,20,"F3",100,1,0.1,"cat_trait=C",0,0,1,TRUE
2207,20,"F3",100,1,0.1,"count_trait",0,0.85,0.15,FALSE
2208,21,"F1",300,1,0.1,"trait1",0,1,0,FALSE
2208,21,"F1",300,1,0.1,"trait2",1,0,0,FALSE
2208,21,"F1",300,1,0.1,"trait3",0,1,0,FALSE
2208,21,"F1",300,1,0.1,"trait4",0.3,0.7,0,FALSE
2209,22,"F2",300,1,0.1,"trait1",0,1,0,FALSE
2209,22,"F2",300,1,0.1,"trait2",1,0,0,FALSE
2209,22,"F2",300,1,0.1,"trait3",0,0.45,0.55,FALSE
2209,22,"F2",300,1,0.1,"trait4",1,0,0,FALSE
2210,23,"F3",300,1,0.1,"cont1",0,1,0,FALSE
2210,23,"F3",300,1,0.1,"binary_trait",0,1,0,FALSE
2210,23,"F3",300,1,0.1,"cat_trait=A",0,0.3,0.7,FALSE
2210,23,"F3",300,1,0.1,"cat_trait=B",0,0.3,0.7,FALSE
2210,23,"F3",300,1,0.1,"cat_trait=C",0,0.3,0.7,FALSE
2210,23,"F3",300,1,0.1,"count_trait",0,0.65,0.35,FALSE
2211,24,"F1",1000,1,0.1,"trait1",0.25,0.75,0,FALSE
2211,24,"F1",1000,1,0.1,"trait2",0,1,0,FALSE
2211,24,"F1",1000,1,0.1,"trait3",0,1,0,FALSE
2211,24,"F1",1000,1,0.1,"trait4",0,1,0,FALSE
2212,25,"F2",1000,1,0.1,"trait1",1,0,0,FALSE
2212,25,"F2",1000,1,0.1,"trait2",0.68421052631579,0.31578947368421,0,FALSE
2212,25,"F2",1000,1,0.1,"trait3",0,1,0,FALSE
2212,25,"F2",1000,1,0.1,"trait4",1,0,0,FALSE
2213,26,"F3",1000,1,0.1,"cont1",0,1,0,FALSE
2213,26,"F3",1000,1,0.1,"binary_trait",0,1,0,FALSE
2213,26,"F3",1000,1,0.1,"cat_trait=A",0,1,0,FALSE
2213,26,"F3",1000,1,0.1,"cat_trait=B",0,1,0,FALSE
2213,26,"F3",1000,1,0.1,"cat_trait=C",0,1,0,FALSE
2213,26,"F3",1000,1,0.1,"count_trait",0,1,0,FALSE
2214,27,"F1",100,0.2,0.3,"trait1",0,0,1,TRUE
2214,27,"F1",100,0.2,0.3,"trait2",1,0,0,FALSE
2214,27,"F1",100,0.2,0.3,"trait3",0,0,1,TRUE
2214,27,"F1",100,0.2,0.3,"trait4",0,0,1,TRUE
2215,28,"F2",100,0.2,0.3,"trait1",0,0,1,TRUE
2215,28,"F2",100,0.2,0.3,"trait2",0.9,0,0.1,FALSE
2215,28,"F2",100,0.2,0.3,"trait3",0,0,1,TRUE
2215,28,"F2",100,0.2,0.3,"trait4",0,0,1,TRUE
2216,29,"F3",100,0.2,0.3,"cont1",1,0,0,FALSE
2216,29,"F3",100,0.2,0.3,"binary_trait",0,0,1,TRUE
2216,29,"F3",100,0.2,0.3,"cat_trait=A",0,0,1,TRUE
2216,29,"F3",100,0.2,0.3,"cat_trait=B",0,0,1,TRUE
2216,29,"F3",100,0.2,0.3,"cat_trait=C",0,0,1,TRUE
2216,29,"F3",100,0.2,0.3,"count_trait",1,0,0,FALSE
2217,30,"F1",300,0.2,0.3,"trait1",1,0,0,FALSE
2217,30,"F1",300,0.2,0.3,"trait2",0,1,0,FALSE
2217,30,"F1",300,0.2,0.3,"trait3",0,0.833333333333333,0.166666666666667,FALSE
2217,30,"F1",300,0.2,0.3,"trait4",0,1,0,FALSE
2218,31,"F2",300,0.2,0.3,"trait1",0,0,1,TRUE
2218,31,"F2",300,0.2,0.3,"trait2",0.8,0.133333333333333,0.0666666666666667,FALSE
2218,31,"F2",300,0.2,0.3,"trait3",0,0,1,TRUE
2218,31,"F2",300,0.2,0.3,"trait4",0.578947368421053,0,0.421052631578947,FALSE
2219,32,"F3",300,0.2,0.3,"cont1",1,0,0,FALSE
2219,32,"F3",300,0.2,0.3,"binary_trait",0,1,0,FALSE
2219,32,"F3",300,0.2,0.3,"cat_trait=A",0,0,1,TRUE
2219,32,"F3",300,0.2,0.3,"cat_trait=B",0,0,1,TRUE
2219,32,"F3",300,0.2,0.3,"cat_trait=C",0,0,1,TRUE
2219,32,"F3",300,0.2,0.3,"count_trait",0,1,0,FALSE
2220,33,"F1",1000,0.2,0.3,"trait1",1,0,0,FALSE
2220,33,"F1",1000,0.2,0.3,"trait2",0,1,0,FALSE
2220,33,"F1",1000,0.2,0.3,"trait3",0,1,0,FALSE
2220,33,"F1",1000,0.2,0.3,"trait4",0,1,0,FALSE
2221,34,"F2",1000,0.2,0.3,"trait1",1,0,0,FALSE
2221,34,"F2",1000,0.2,0.3,"trait2",0.7,0.3,0,FALSE
2221,34,"F2",1000,0.2,0.3,"trait3",0,0.789473684210526,0.210526315789474,FALSE
2221,34,"F2",1000,0.2,0.3,"trait4",1,0,0,FALSE
2222,35,"F3",1000,0.2,0.3,"cont1",0,1,0,FALSE
2222,35,"F3",1000,0.2,0.3,"binary_trait",0.368421052631579,0.526315789473684,0.105263157894737,FALSE
2222,35,"F3",1000,0.2,0.3,"cat_trait=A",0,0,1,TRUE
2222,35,"F3",1000,0.2,0.3,"cat_trait=B",0,0,1,TRUE
2222,35,"F3",1000,0.2,0.3,"cat_trait=C",0,0,1,TRUE
2222,35,"F3",1000,0.2,0.3,"count_trait",0,1,0,FALSE
2223,36,"F1",100,0.5,0.3,"trait1",0,1,0,FALSE
2223,36,"F1",100,0.5,0.3,"trait2",0,1,0,FALSE
2223,36,"F1",100,0.5,0.3,"trait3",0,0,1,TRUE
2223,36,"F1",100,0.5,0.3,"trait4",0,1,0,FALSE
2224,37,"F2",100,0.5,0.3,"trait1",1,0,0,FALSE
2224,37,"F2",100,0.5,0.3,"trait2",0.88235294117647,0.117647058823529,0,FALSE
2224,37,"F2",100,0.5,0.3,"trait3",0,1,0,FALSE
2224,37,"F2",100,0.5,0.3,"trait4",1,0,0,FALSE
2225,38,"F3",100,0.5,0.3,"cont1",0,1,0,FALSE
2225,38,"F3",100,0.5,0.3,"binary_trait",0,1,0,FALSE
2225,38,"F3",100,0.5,0.3,"cat_trait=A",0,1,0,FALSE
2225,38,"F3",100,0.5,0.3,"cat_trait=B",0,1,0,FALSE
2225,38,"F3",100,0.5,0.3,"cat_trait=C",0,1,0,FALSE
2225,38,"F3",100,0.5,0.3,"count_trait",0,0.8,0.2,FALSE
2226,39,"F1",300,0.5,0.3,"trait1",0,1,0,FALSE
2226,39,"F1",300,0.5,0.3,"trait2",1,0,0,FALSE
2226,39,"F1",300,0.5,0.3,"trait3",0.666666666666667,0,0.333333333333333,FALSE
2226,39,"F1",300,0.5,0.3,"trait4",0,1,0,FALSE
2227,40,"F2",300,0.5,0.3,"trait1",0,1,0,FALSE
2227,40,"F2",300,0.5,0.3,"trait2",1,0,0,FALSE
2227,40,"F2",300,0.5,0.3,"trait3",0,1,0,FALSE
2227,40,"F2",300,0.5,0.3,"trait4",1,0,0,FALSE
2228,41,"F3",300,0.5,0.3,"cont1",1,0,0,FALSE
2228,41,"F3",300,0.5,0.3,"binary_trait",0,1,0,FALSE
2228,41,"F3",300,0.5,0.3,"cat_trait=A",0.2,0,0.8,FALSE
2228,41,"F3",300,0.5,0.3,"cat_trait=B",0.2,0,0.8,FALSE
2228,41,"F3",300,0.5,0.3,"cat_trait=C",0.2,0,0.8,FALSE
2228,41,"F3",300,0.5,0.3,"count_trait",1,0,0,FALSE
2229,42,"F1",1000,0.5,0.3,"trait1",0,1,0,FALSE
2229,42,"F1",1000,0.5,0.3,"trait2",0,1,0,FALSE
2229,42,"F1",1000,0.5,0.3,"trait3",0,1,0,FALSE
2229,42,"F1",1000,0.5,0.3,"trait4",0,1,0,FALSE
2230,43,"F2",1000,0.5,0.3,"trait1",0,1,0,FALSE
2230,43,"F2",1000,0.5,0.3,"trait2",0,1,0,FALSE
2230,43,"F2",1000,0.5,0.3,"trait3",0,1,0,FALSE
2230,43,"F2",1000,0.5,0.3,"trait4",0.55,0.45,0,FALSE
2231,44,"F3",1000,0.5,0.3,"cont1",0,1,0,FALSE
2231,44,"F3",1000,0.5,0.3,"binary_trait",0,1,0,FALSE
2231,44,"F3",1000,0.5,0.3,"cat_trait=A",0,1,0,FALSE
2231,44,"F3",1000,0.5,0.3,"cat_trait=B",0,1,0,FALSE
2231,44,"F3",1000,0.5,0.3,"cat_trait=C",0,1,0,FALSE
2231,44,"F3",1000,0.5,0.3,"count_trait",0.7,0.3,0,FALSE
2232,45,"F1",100,1,0.3,"trait1",1,0,0,FALSE
2232,45,"F1",100,1,0.3,"trait2",0,1,0,FALSE
2232,45,"F1",100,1,0.3,"trait3",0,1,0,FALSE
2232,45,"F1",100,1,0.3,"trait4",0.55,0.45,0,FALSE
2233,46,"F2",100,1,0.3,"trait1",0,1,0,FALSE
2233,46,"F2",100,1,0.3,"trait2",0,1,0,FALSE
2233,46,"F2",100,1,0.3,"trait3",0,1,0,FALSE
2233,46,"F2",100,1,0.3,"trait4",0,1,0,FALSE
2234,47,"F3",100,1,0.3,"cont1",0,0.9,0.1,FALSE
2234,47,"F3",100,1,0.3,"binary_trait",0,0.5,0.5,FALSE
2234,47,"F3",100,1,0.3,"cat_trait=A",0,0,1,TRUE
2234,47,"F3",100,1,0.3,"cat_trait=B",0,0,1,TRUE
2234,47,"F3",100,1,0.3,"cat_trait=C",0,0,1,TRUE
2234,47,"F3",100,1,0.3,"count_trait",0,1,0,FALSE
2235,48,"F1",300,1,0.3,"trait1",0.85,0.15,0,FALSE
2235,48,"F1",300,1,0.3,"trait2",1,0,0,FALSE
2235,48,"F1",300,1,0.3,"trait3",0,1,0,FALSE
2235,48,"F1",300,1,0.3,"trait4",0,1,0,FALSE
2236,49,"F2",300,1,0.3,"trait1",0.105263157894737,0.736842105263158,0.157894736842105,FALSE
2236,49,"F2",300,1,0.3,"trait2",0,1,0,FALSE
2236,49,"F2",300,1,0.3,"trait3",0.15,0.4,0.45,FALSE
2236,49,"F2",300,1,0.3,"trait4",1,0,0,FALSE
2237,50,"F3",300,1,0.3,"cont1",0,1,0,FALSE
2237,50,"F3",300,1,0.3,"binary_trait",0,1,0,FALSE
2237,50,"F3",300,1,0.3,"cat_trait=A",0,1,0,FALSE
2237,50,"F3",300,1,0.3,"cat_trait=B",0,1,0,FALSE
2237,50,"F3",300,1,0.3,"cat_trait=C",0,1,0,FALSE
2237,50,"F3",300,1,0.3,"count_trait",0.789473684210526,0,0.210526315789474,FALSE
2238,51,"F1",1000,1,0.3,"trait1",0,1,0,FALSE
2238,51,"F1",1000,1,0.3,"trait2",0,1,0,FALSE
2238,51,"F1",1000,1,0.3,"trait3",0,1,0,FALSE
2238,51,"F1",1000,1,0.3,"trait4",0,1,0,FALSE
2239,52,"F2",1000,1,0.3,"trait1",0,1,0,FALSE
2239,52,"F2",1000,1,0.3,"trait2",1,0,0,FALSE
2239,52,"F2",1000,1,0.3,"trait3",0,1,0,FALSE
2239,52,"F2",1000,1,0.3,"trait4",0,1,0,FALSE
2240,53,"F3",1000,1,0.3,"cont1",0,1,0,FALSE
2240,53,"F3",1000,1,0.3,"binary_trait",0,1,0,FALSE
2240,53,"F3",1000,1,0.3,"cat_trait=A",0,1,0,FALSE
2240,53,"F3",1000,1,0.3,"cat_trait=B",0,1,0,FALSE
2240,53,"F3",1000,1,0.3,"cat_trait=C",0,1,0,FALSE
2240,53,"F3",1000,1,0.3,"count_trait",0.473684210526316,0.31578947368421,0.210526315789474,FALSE
2241,54,"F1",100,0.2,0.5,"trait1",0,1,0,FALSE
2241,54,"F1",100,0.2,0.5,"trait2",0,0,1,TRUE
2241,54,"F1",100,0.2,0.5,"trait3",1,0,0,FALSE
2241,54,"F1",100,0.2,0.5,"trait4",0,0,1,TRUE
2242,55,"F2",100,0.2,0.5,"trait1",0,0,1,TRUE
2242,55,"F2",100,0.2,0.5,"trait2",0,1,0,FALSE
2242,55,"F2",100,0.2,0.5,"trait3",0,0,1,TRUE
2242,55,"F2",100,0.2,0.5,"trait4",0,1,0,FALSE
2243,56,"F3",100,0.2,0.5,"cont1",0,0,1,TRUE
2243,56,"F3",100,0.2,0.5,"binary_trait",0,0,1,TRUE
2243,56,"F3",100,0.2,0.5,"cat_trait=A",0,0,1,TRUE
2243,56,"F3",100,0.2,0.5,"cat_trait=B",0,0,1,TRUE
2243,56,"F3",100,0.2,0.5,"cat_trait=C",0,0,1,TRUE
2243,56,"F3",100,0.2,0.5,"count_trait",0,0,1,TRUE
2244,57,"F1",300,0.2,0.5,"trait1",0,1,0,FALSE
2244,57,"F1",300,0.2,0.5,"trait2",1,0,0,FALSE
2244,57,"F1",300,0.2,0.5,"trait3",0,0,1,TRUE
2244,57,"F1",300,0.2,0.5,"trait4",0,0,1,TRUE
2245,58,"F2",300,0.2,0.5,"trait1",0.45,0.55,0,FALSE
2245,58,"F2",300,0.2,0.5,"trait2",0,0,1,TRUE
2245,58,"F2",300,0.2,0.5,"trait3",0,1,0,FALSE
2245,58,"F2",300,0.2,0.5,"trait4",1,0,0,FALSE
2246,59,"F3",300,0.2,0.5,"cont1",0.272727272727273,0.727272727272727,0,FALSE
2246,59,"F3",300,0.2,0.5,"binary_trait",0,0,1,TRUE
2246,59,"F3",300,0.2,0.5,"cat_trait=A",0,0,1,TRUE
2246,59,"F3",300,0.2,0.5,"cat_trait=B",0,0,1,TRUE
2246,59,"F3",300,0.2,0.5,"cat_trait=C",0,0,1,TRUE
2246,59,"F3",300,0.2,0.5,"count_trait",0,0,1,TRUE
2247,60,"F1",1000,0.2,0.5,"trait1",0,0.866666666666667,0.133333333333333,FALSE
2247,60,"F1",1000,0.2,0.5,"trait2",0,1,0,FALSE
2247,60,"F1",1000,0.2,0.5,"trait3",0,1,0,FALSE
2247,60,"F1",1000,0.2,0.5,"trait4",0,1,0,FALSE
2248,61,"F2",1000,0.2,0.5,"trait1",0,1,0,FALSE
2248,61,"F2",1000,0.2,0.5,"trait2",0,1,0,FALSE
2248,61,"F2",1000,0.2,0.5,"trait3",1,0,0,FALSE
2248,61,"F2",1000,0.2,0.5,"trait4",1,0,0,FALSE
2249,62,"F3",1000,0.2,0.5,"cont1",0,1,0,FALSE
2249,62,"F3",1000,0.2,0.5,"binary_trait",0,1,0,FALSE
2249,62,"F3",1000,0.2,0.5,"cat_trait=A",0,0.5625,0.4375,FALSE
2249,62,"F3",1000,0.2,0.5,"cat_trait=B",0,0.5625,0.4375,FALSE
2249,62,"F3",1000,0.2,0.5,"cat_trait=C",0,0.5625,0.4375,FALSE
2249,62,"F3",1000,0.2,0.5,"count_trait",1,0,0,FALSE
2250,63,"F1",100,0.5,0.5,"trait1",1,0,0,FALSE
2250,63,"F1",100,0.5,0.5,"trait2",1,0,0,FALSE
2250,63,"F1",100,0.5,0.5,"trait3",0,1,0,FALSE
2250,63,"F1",100,0.5,0.5,"trait4",0,0,1,TRUE
2251,64,"F2",100,0.5,0.5,"trait1",0,0,1,TRUE
2251,64,"F2",100,0.5,0.5,"trait2",0,1,0,FALSE
2251,64,"F2",100,0.5,0.5,"trait3",0,0,1,TRUE
2251,64,"F2",100,0.5,0.5,"trait4",0,0,1,TRUE
2252,65,"F3",100,0.5,0.5,"cont1",0,0,1,TRUE
2252,65,"F3",100,0.5,0.5,"binary_trait",0,0,1,TRUE
2252,65,"F3",100,0.5,0.5,"cat_trait=A",0,0,1,TRUE
2252,65,"F3",100,0.5,0.5,"cat_trait=B",0,0,1,TRUE
2252,65,"F3",100,0.5,0.5,"cat_trait=C",0,0,1,TRUE
2252,65,"F3",100,0.5,0.5,"count_trait",0,1,0,FALSE
2253,66,"F1",300,0.5,0.5,"trait1",0,1,0,FALSE
2253,66,"F1",300,0.5,0.5,"trait2",1,0,0,FALSE
2253,66,"F1",300,0.5,0.5,"trait3",1,0,0,FALSE
2253,66,"F1",300,0.5,0.5,"trait4",0,1,0,FALSE
2254,67,"F2",300,0.5,0.5,"trait1",0,1,0,FALSE
2254,67,"F2",300,0.5,0.5,"trait2",0,1,0,FALSE
2254,67,"F2",300,0.5,0.5,"trait3",0,1,0,FALSE
2254,67,"F2",300,0.5,0.5,"trait4",1,0,0,FALSE
2255,68,"F3",300,0.5,0.5,"cont1",1,0,0,FALSE
2255,68,"F3",300,0.5,0.5,"binary_trait",0,0,1,TRUE
2255,68,"F3",300,0.5,0.5,"cat_trait=A",0,1,0,FALSE
2255,68,"F3",300,0.5,0.5,"cat_trait=B",0,1,0,FALSE
2255,68,"F3",300,0.5,0.5,"cat_trait=C",0,1,0,FALSE
2255,68,"F3",300,0.5,0.5,"count_trait",0,1,0,FALSE
2256,69,"F1",1000,0.5,0.5,"trait1",0,1,0,FALSE
2256,69,"F1",1000,0.5,0.5,"trait2",0,1,0,FALSE
2256,69,"F1",1000,0.5,0.5,"trait3",0.842105263157895,0,0.157894736842105,FALSE
2256,69,"F1",1000,0.5,0.5,"trait4",0,1,0,FALSE
2257,70,"F2",1000,0.5,0.5,"trait1",0,1,0,FALSE
2257,70,"F2",1000,0.5,0.5,"trait2",1,0,0,FALSE
2257,70,"F2",1000,0.5,0.5,"trait3",0.55,0.45,0,FALSE
2257,70,"F2",1000,0.5,0.5,"trait4",0,1,0,FALSE
2258,71,"F3",1000,0.5,0.5,"cont1",0,1,0,FALSE
2258,71,"F3",1000,0.5,0.5,"binary_trait",0,1,0,FALSE
2258,71,"F3",1000,0.5,0.5,"cat_trait=A",0,1,0,FALSE
2258,71,"F3",1000,0.5,0.5,"cat_trait=B",0,1,0,FALSE
2258,71,"F3",1000,0.5,0.5,"cat_trait=C",0,1,0,FALSE
2258,71,"F3",1000,0.5,0.5,"count_trait",0.35,0.65,0,FALSE
2259,72,"F1",100,1,0.5,"trait1",0,0.9,0.1,FALSE
2259,72,"F1",100,1,0.5,"trait2",1,0,0,FALSE
2259,72,"F1",100,1,0.5,"trait3",0,0,1,TRUE
2259,72,"F1",100,1,0.5,"trait4",0,0.6,0.4,FALSE
2260,73,"F2",100,1,0.5,"trait1",0.8,0,0.2,FALSE
2260,73,"F2",100,1,0.5,"trait2",0.137931034482759,0,0.862068965517241,FALSE
2260,73,"F2",100,1,0.5,"trait3",1,0,0,FALSE
2260,73,"F2",100,1,0.5,"trait4",0,1,0,FALSE
2261,74,"F3",100,1,0.5,"cont1",0,1,0,FALSE
2261,74,"F3",100,1,0.5,"binary_trait",0,1,0,FALSE
2261,74,"F3",100,1,0.5,"cat_trait=A",0,0,1,TRUE
2261,74,"F3",100,1,0.5,"cat_trait=B",0,0,1,TRUE
2261,74,"F3",100,1,0.5,"cat_trait=C",0,0,1,TRUE
2261,74,"F3",100,1,0.5,"count_trait",0,1,0,FALSE
2262,75,"F1",300,1,0.5,"trait1",0,1,0,FALSE
2262,75,"F1",300,1,0.5,"trait2",0,1,0,FALSE
2262,75,"F1",300,1,0.5,"trait3",0,1,0,FALSE
2262,75,"F1",300,1,0.5,"trait4",0,1,0,FALSE
2263,76,"F2",300,1,0.5,"trait1",0.4,0.6,0,FALSE
2263,76,"F2",300,1,0.5,"trait2",0.7,0.3,0,FALSE
2263,76,"F2",300,1,0.5,"trait3",0,0.35,0.65,FALSE
2263,76,"F2",300,1,0.5,"trait4",0.5,0.5,0,FALSE
2264,77,"F3",300,1,0.5,"cont1",0.944444444444444,0,0.0555555555555556,FALSE
2264,77,"F3",300,1,0.5,"binary_trait",0,1,0,FALSE
2264,77,"F3",300,1,0.5,"cat_trait=A",0,0,1,TRUE
2264,77,"F3",300,1,0.5,"cat_trait=B",0,0,1,TRUE
2264,77,"F3",300,1,0.5,"cat_trait=C",0,0,1,TRUE
2264,77,"F3",300,1,0.5,"count_trait",0,0.9,0.1,FALSE
2265,78,"F1",1000,1,0.5,"trait1",0,1,0,FALSE
2265,78,"F1",1000,1,0.5,"trait2",0,1,0,FALSE
2265,78,"F1",1000,1,0.5,"trait3",0,1,0,FALSE
2265,78,"F1",1000,1,0.5,"trait4",0,1,0,FALSE
2266,79,"F2",1000,1,0.5,"trait1",0,1,0,FALSE
2266,79,"F2",1000,1,0.5,"trait2",0,1,0,FALSE
2266,79,"F2",1000,1,0.5,"trait3",0,0.95,0.05,FALSE
2266,79,"F2",1000,1,0.5,"trait4",1,0,0,FALSE
2267,80,"F3",1000,1,0.5,"cont1",0,1,0,FALSE
2267,80,"F3",1000,1,0.5,"binary_trait",0,1,0,FALSE
2267,80,"F3",1000,1,0.5,"cat_trait=A",0,0,1,TRUE
2267,80,"F3",1000,1,0.5,"cat_trait=B",0,0,1,TRUE
2267,80,"F3",1000,1,0.5,"cat_trait=C",0,0,1,TRUE
2267,80,"F3",1000,1,0.5,"count_trait",0,1,0,FALSE
2268,0,"F1",100,0.2,0.1,"trait1",0,0,1,TRUE
2268,0,"F1",100,0.2,0.1,"trait2",0,1,0,FALSE
2268,0,"F1",100,0.2,0.1,"trait3",0,0.7,0.3,FALSE
2268,0,"F1",100,0.2,0.1,"trait4",0,1,0,FALSE
2269,1,"F2",100,0.2,0.1,"trait1",0,0,1,TRUE
2269,1,"F2",100,0.2,0.1,"trait2",1,0,0,FALSE
2269,1,"F2",100,0.2,0.1,"trait3",0,0,1,TRUE
2269,1,"F2",100,0.2,0.1,"trait4",1,0,0,FALSE
2270,2,"F3",100,0.2,0.1,"cont1",0,0,1,TRUE
2270,2,"F3",100,0.2,0.1,"binary_trait",0,0,1,TRUE
2270,2,"F3",100,0.2,0.1,"cat_trait=A",0,0,1,TRUE
2270,2,"F3",100,0.2,0.1,"cat_trait=B",0,0,1,TRUE
2270,2,"F3",100,0.2,0.1,"cat_trait=C",0,0,1,TRUE
2270,2,"F3",100,0.2,0.1,"count_trait",1,0,0,FALSE
2271,3,"F1",300,0.2,0.1,"trait1",1,0,0,FALSE
2271,3,"F1",300,0.2,0.1,"trait2",0,1,0,FALSE
2271,3,"F1",300,0.2,0.1,"trait3",0,0.4,0.6,FALSE
2271,3,"F1",300,0.2,0.1,"trait4",1,0,0,FALSE
2272,4,"F2",300,0.2,0.1,"trait1",0,1,0,FALSE
2272,4,"F2",300,0.2,0.1,"trait2",1,0,0,FALSE
2272,4,"F2",300,0.2,0.1,"trait3",1,0,0,FALSE
2272,4,"F2",300,0.2,0.1,"trait4",1,0,0,FALSE
2273,5,"F3",300,0.2,0.1,"cont1",0,1,0,FALSE
2273,5,"F3",300,0.2,0.1,"binary_trait",0,0,1,TRUE
2273,5,"F3",300,0.2,0.1,"cat_trait=A",0,0.05,0.95,FALSE
2273,5,"F3",300,0.2,0.1,"cat_trait=B",0,0.05,0.95,FALSE
2273,5,"F3",300,0.2,0.1,"cat_trait=C",0,0.05,0.95,FALSE
2273,5,"F3",300,0.2,0.1,"count_trait",0,1,0,FALSE
2274,6,"F1",1000,0.2,0.1,"trait1",0.8,0.2,0,FALSE
2274,6,"F1",1000,0.2,0.1,"trait2",0.45,0.55,0,FALSE
2274,6,"F1",1000,0.2,0.1,"trait3",0,1,0,FALSE
2274,6,"F1",1000,0.2,0.1,"trait4",0,1,0,FALSE
2275,7,"F2",1000,0.2,0.1,"trait1",0,1,0,FALSE
2275,7,"F2",1000,0.2,0.1,"trait2",1,0,0,FALSE
2275,7,"F2",1000,0.2,0.1,"trait3",0.733333333333333,0.266666666666667,0,FALSE
2275,7,"F2",1000,0.2,0.1,"trait4",1,0,0,FALSE
2276,8,"F3",1000,0.2,0.1,"cont1",0,1,0,FALSE
2276,8,"F3",1000,0.2,0.1,"binary_trait",0,0,1,TRUE
2276,8,"F3",1000,0.2,0.1,"cat_trait=A",0,1,0,FALSE
2276,8,"F3",1000,0.2,0.1,"cat_trait=B",0,1,0,FALSE
2276,8,"F3",1000,0.2,0.1,"cat_trait=C",0,1,0,FALSE
2276,8,"F3",1000,0.2,0.1,"count_trait",0.8,0.2,0,FALSE
2277,9,"F1",100,0.5,0.1,"trait1",0,0.875,0.125,FALSE
2277,9,"F1",100,0.5,0.1,"trait2",0,1,0,FALSE
2277,9,"F1",100,0.5,0.1,"trait3",0,1,0,FALSE
2277,9,"F1",100,0.5,0.1,"trait4",1,0,0,FALSE
2278,10,"F2",100,0.5,0.1,"trait1",0,1,0,FALSE
2278,10,"F2",100,0.5,0.1,"trait2",1,0,0,FALSE
2278,10,"F2",100,0.5,0.1,"trait3",0,0,1,TRUE
2278,10,"F2",100,0.5,0.1,"trait4",1,0,0,FALSE
2279,11,"F3",100,0.5,0.1,"cont1",1,0,0,FALSE
2279,11,"F3",100,0.5,0.1,"binary_trait",0.3,0,0.7,FALSE
2279,11,"F3",100,0.5,0.1,"cat_trait=A",0,0,1,TRUE
2279,11,"F3",100,0.5,0.1,"cat_trait=B",0,0,1,TRUE
2279,11,"F3",100,0.5,0.1,"cat_trait=C",0,0,1,TRUE
2279,11,"F3",100,0.5,0.1,"count_trait",1,0,0,FALSE
2280,12,"F1",300,0.5,0.1,"trait1",1,0,0,FALSE
2280,12,"F1",300,0.5,0.1,"trait2",0.75,0.25,0,FALSE
2280,12,"F1",300,0.5,0.1,"trait3",0.8,0.2,0,FALSE
2280,12,"F1",300,0.5,0.1,"trait4",1,0,0,FALSE
2281,13,"F2",300,0.5,0.1,"trait1",0,1,0,FALSE
2281,13,"F2",300,0.5,0.1,"trait2",1,0,0,FALSE
2281,13,"F2",300,0.5,0.1,"trait3",0,1,0,FALSE
2281,13,"F2",300,0.5,0.1,"trait4",1,0,0,FALSE
2282,14,"F3",300,0.5,0.1,"cont1",0,1,0,FALSE
2282,14,"F3",300,0.5,0.1,"binary_trait",0.2,0,0.8,FALSE
2282,14,"F3",300,0.5,0.1,"cat_trait=A",0,1,0,FALSE
2282,14,"F3",300,0.5,0.1,"cat_trait=B",0,1,0,FALSE
2282,14,"F3",300,0.5,0.1,"cat_trait=C",0,1,0,FALSE
2282,14,"F3",300,0.5,0.1,"count_trait",0,1,0,FALSE
2283,15,"F1",1000,0.5,0.1,"trait1",0,1,0,FALSE
2283,15,"F1",1000,0.5,0.1,"trait2",0,1,0,FALSE
2283,15,"F1",1000,0.5,0.1,"trait3",0,1,0,FALSE
2283,15,"F1",1000,0.5,0.1,"trait4",0,1,0,FALSE
2284,16,"F2",1000,0.5,0.1,"trait1",0,1,0,FALSE
2284,16,"F2",1000,0.5,0.1,"trait2",1,0,0,FALSE
2284,16,"F2",1000,0.5,0.1,"trait3",0.55,0.45,0,FALSE
2284,16,"F2",1000,0.5,0.1,"trait4",1,0,0,FALSE
2285,17,"F3",1000,0.5,0.1,"cont1",0,1,0,FALSE
2285,17,"F3",1000,0.5,0.1,"binary_trait",0.05,0.05,0.9,FALSE
2285,17,"F3",1000,0.5,0.1,"cat_trait=A",0,1,0,FALSE
2285,17,"F3",1000,0.5,0.1,"cat_trait=B",0,1,0,FALSE
2285,17,"F3",1000,0.5,0.1,"cat_trait=C",0,1,0,FALSE
2285,17,"F3",1000,0.5,0.1,"count_trait",0,1,0,FALSE
2286,18,"F1",100,1,0.1,"trait1",0,1,0,FALSE
2286,18,"F1",100,1,0.1,"trait2",1,0,0,FALSE
2286,18,"F1",100,1,0.1,"trait3",0,0.95,0.05,FALSE
2286,18,"F1",100,1,0.1,"trait4",0,1,0,FALSE
2287,19,"F2",100,1,0.1,"trait1",1,0,0,FALSE
2287,19,"F2",100,1,0.1,"trait2",0.9,0,0.1,FALSE
2287,19,"F2",100,1,0.1,"trait3",0.0714285714285714,0.571428571428571,0.357142857142857,FALSE
2287,19,"F2",100,1,0.1,"trait4",0.31578947368421,0,0.68421052631579,FALSE
2288,20,"F3",100,1,0.1,"cont1",1,0,0,FALSE
2288,20,"F3",100,1,0.1,"binary_trait",0,1,0,FALSE
2288,20,"F3",100,1,0.1,"cat_trait=A",0,0,1,TRUE
2288,20,"F3",100,1,0.1,"cat_trait=B",0,0,1,TRUE
2288,20,"F3",100,1,0.1,"cat_trait=C",0,0,1,TRUE
2288,20,"F3",100,1,0.1,"count_trait",0,1,0,FALSE
2289,21,"F1",300,1,0.1,"trait1",0.5,0.5,0,FALSE
2289,21,"F1",300,1,0.1,"trait2",1,0,0,FALSE
2289,21,"F1",300,1,0.1,"trait3",0,1,0,FALSE
2289,21,"F1",300,1,0.1,"trait4",0.473684210526316,0.526315789473684,0,FALSE
2290,22,"F2",300,1,0.1,"trait1",0.888888888888889,0,0.111111111111111,FALSE
2290,22,"F2",300,1,0.1,"trait2",1,0,0,FALSE
2290,22,"F2",300,1,0.1,"trait3",0.823529411764706,0,0.176470588235294,FALSE
2290,22,"F2",300,1,0.1,"trait4",0,1,0,FALSE
2291,23,"F3",300,1,0.1,"cont1",0,1,0,FALSE
2291,23,"F3",300,1,0.1,"binary_trait",0,1,0,FALSE
2291,23,"F3",300,1,0.1,"cat_trait=A",0,0,1,TRUE
2291,23,"F3",300,1,0.1,"cat_trait=B",0,0,1,TRUE
2291,23,"F3",300,1,0.1,"cat_trait=C",0,0,1,TRUE
2291,23,"F3",300,1,0.1,"count_trait",0.2,0.8,0,FALSE
2292,24,"F1",1000,1,0.1,"trait1",0,1,0,FALSE
2292,24,"F1",1000,1,0.1,"trait2",0,1,0,FALSE
2292,24,"F1",1000,1,0.1,"trait3",0,1,0,FALSE
2292,24,"F1",1000,1,0.1,"trait4",0,1,0,FALSE
2293,25,"F2",1000,1,0.1,"trait1",0,1,0,FALSE
2293,25,"F2",1000,1,0.1,"trait2",1,0,0,FALSE
2293,25,"F2",1000,1,0.1,"trait3",0,0.65,0.35,FALSE
2293,25,"F2",1000,1,0.1,"trait4",1,0,0,FALSE
2294,26,"F3",1000,1,0.1,"cont1",0,1,0,FALSE
2294,26,"F3",1000,1,0.1,"binary_trait",0,1,0,FALSE
2294,26,"F3",1000,1,0.1,"cat_trait=A",0,1,0,FALSE
2294,26,"F3",1000,1,0.1,"cat_trait=B",0,1,0,FALSE
2294,26,"F3",1000,1,0.1,"cat_trait=C",0,1,0,FALSE
2294,26,"F3",1000,1,0.1,"count_trait",0,0.888888888888889,0.111111111111111,FALSE
2295,27,"F1",100,0.2,0.3,"trait1",0,0,1,TRUE
2295,27,"F1",100,0.2,0.3,"trait2",1,0,0,FALSE
2295,27,"F1",100,0.2,0.3,"trait3",0,0,1,TRUE
2295,27,"F1",100,0.2,0.3,"trait4",1,0,0,FALSE
2296,28,"F2",100,0.2,0.3,"trait1",0,0,1,TRUE
2296,28,"F2",100,0.2,0.3,"trait2",0,0,1,TRUE
2296,28,"F2",100,0.2,0.3,"trait3",0,0,1,TRUE
2296,28,"F2",100,0.2,0.3,"trait4",0,0,1,TRUE
2297,29,"F3",100,0.2,0.3,"cont1",0,0,1,TRUE
2297,29,"F3",100,0.2,0.3,"binary_trait",0,0,1,TRUE
2297,29,"F3",100,0.2,0.3,"cat_trait=A",0,0,1,TRUE
2297,29,"F3",100,0.2,0.3,"cat_trait=B",0,0,1,TRUE
2297,29,"F3",100,0.2,0.3,"cat_trait=C",0,0,1,TRUE
2297,29,"F3",100,0.2,0.3,"count_trait",0,0,1,TRUE
2298,30,"F1",300,0.2,0.3,"trait1",0,0,1,TRUE
2298,30,"F1",300,0.2,0.3,"trait2",0,0,1,TRUE
2298,30,"F1",300,0.2,0.3,"trait3",0,1,0,FALSE
2298,30,"F1",300,0.2,0.3,"trait4",0,0.65,0.35,FALSE
2299,31,"F2",300,0.2,0.3,"trait1",0,1,0,FALSE
2299,31,"F2",300,0.2,0.3,"trait2",1,0,0,FALSE
2299,31,"F2",300,0.2,0.3,"trait3",0,1,0,FALSE
2299,31,"F2",300,0.2,0.3,"trait4",0,0,1,TRUE
2300,32,"F3",300,0.2,0.3,"cont1",1,0,0,FALSE
2300,32,"F3",300,0.2,0.3,"binary_trait",0,1,0,FALSE
2300,32,"F3",300,0.2,0.3,"cat_trait=A",0,0,1,TRUE
2300,32,"F3",300,0.2,0.3,"cat_trait=B",0,0,1,TRUE
2300,32,"F3",300,0.2,0.3,"cat_trait=C",0,0,1,TRUE
2300,32,"F3",300,0.2,0.3,"count_trait",0,0,1,TRUE
2301,33,"F1",1000,0.2,0.3,"trait1",1,0,0,FALSE
2301,33,"F1",1000,0.2,0.3,"trait2",0,1,0,FALSE
2301,33,"F1",1000,0.2,0.3,"trait3",0,1,0,FALSE
2301,33,"F1",1000,0.2,0.3,"trait4",0,1,0,FALSE
2302,34,"F2",1000,0.2,0.3,"trait1",0.705882352941177,0.294117647058824,0,FALSE
2302,34,"F2",1000,0.2,0.3,"trait2",1,0,0,FALSE
2302,34,"F2",1000,0.2,0.3,"trait3",0,0,1,TRUE
2302,34,"F2",1000,0.2,0.3,"trait4",1,0,0,FALSE
2303,35,"F3",1000,0.2,0.3,"cont1",1,0,0,FALSE
2303,35,"F3",1000,0.2,0.3,"binary_trait",0,1,0,FALSE
2303,35,"F3",1000,0.2,0.3,"cat_trait=A",0,1,0,FALSE
2303,35,"F3",1000,0.2,0.3,"cat_trait=B",0,1,0,FALSE
2303,35,"F3",1000,0.2,0.3,"cat_trait=C",0,1,0,FALSE
2303,35,"F3",1000,0.2,0.3,"count_trait",0,0,1,TRUE
2304,36,"F1",100,0.5,0.3,"trait1",0,0,1,TRUE
2304,36,"F1",100,0.5,0.3,"trait2",0,1,0,FALSE
2304,36,"F1",100,0.5,0.3,"trait3",1,0,0,FALSE
2304,36,"F1",100,0.5,0.3,"trait4",0,0,1,TRUE
2305,37,"F2",100,0.5,0.3,"trait1",0,0.777777777777778,0.222222222222222,FALSE
2305,37,"F2",100,0.5,0.3,"trait2",0,0,1,TRUE
2305,37,"F2",100,0.5,0.3,"trait3",0,0,1,TRUE
2305,37,"F2",100,0.5,0.3,"trait4",0,0,1,TRUE
2306,38,"F3",100,0.5,0.3,"cont1",0,1,0,FALSE
2306,38,"F3",100,0.5,0.3,"binary_trait",0,1,0,FALSE
2306,38,"F3",100,0.5,0.3,"cat_trait=A",0,0,1,TRUE
2306,38,"F3",100,0.5,0.3,"cat_trait=B",0,0,1,TRUE
2306,38,"F3",100,0.5,0.3,"cat_trait=C",0,0,1,TRUE
2306,38,"F3",100,0.5,0.3,"count_trait",1,0,0,FALSE
2307,39,"F1",300,0.5,0.3,"trait1",0,1,0,FALSE
2307,39,"F1",300,0.5,0.3,"trait2",0,1,0,FALSE
2307,39,"F1",300,0.5,0.3,"trait3",0.5,0.5,0,FALSE
2307,39,"F1",300,0.5,0.3,"trait4",0,1,0,FALSE
2308,40,"F2",300,0.5,0.3,"trait1",0.2,0.8,0,FALSE
2308,40,"F2",300,0.5,0.3,"trait2",1,0,0,FALSE
2308,40,"F2",300,0.5,0.3,"trait3",1,0,0,FALSE
2308,40,"F2",300,0.5,0.3,"trait4",0.333333333333333,0,0.666666666666667,FALSE
2309,41,"F3",300,0.5,0.3,"cont1",0,1,0,FALSE
2309,41,"F3",300,0.5,0.3,"binary_trait",0,1,0,FALSE
2309,41,"F3",300,0.5,0.3,"cat_trait=A",0,1,0,FALSE
2309,41,"F3",300,0.5,0.3,"cat_trait=B",0,1,0,FALSE
2309,41,"F3",300,0.5,0.3,"cat_trait=C",0,1,0,FALSE
2309,41,"F3",300,0.5,0.3,"count_trait",0,1,0,FALSE
2310,42,"F1",1000,0.5,0.3,"trait1",0,1,0,FALSE
2310,42,"F1",1000,0.5,0.3,"trait2",0,1,0,FALSE
2310,42,"F1",1000,0.5,0.3,"trait3",1,0,0,FALSE
2310,42,"F1",1000,0.5,0.3,"trait4",0,1,0,FALSE
2311,43,"F2",1000,0.5,0.3,"trait1",0,1,0,FALSE
2311,43,"F2",1000,0.5,0.3,"trait2",0,1,0,FALSE
2311,43,"F2",1000,0.5,0.3,"trait3",0.4,0.6,0,FALSE
2311,43,"F2",1000,0.5,0.3,"trait4",1,0,0,FALSE
2312,44,"F3",1000,0.5,0.3,"cont1",0,0.75,0.25,FALSE
2312,44,"F3",1000,0.5,0.3,"binary_trait",0,0,1,TRUE
2312,44,"F3",1000,0.5,0.3,"cat_trait=A",0,0,1,TRUE
2312,44,"F3",1000,0.5,0.3,"cat_trait=B",0,0,1,TRUE
2312,44,"F3",1000,0.5,0.3,"cat_trait=C",0,0,1,TRUE
2312,44,"F3",1000,0.5,0.3,"count_trait",0,0.944444444444444,0.0555555555555556,FALSE
2313,45,"F1",100,1,0.3,"trait1",0,1,0,FALSE
2313,45,"F1",100,1,0.3,"trait2",1,0,0,FALSE
2313,45,"F1",100,1,0.3,"trait3",0,0.8,0.2,FALSE
2313,45,"F1",100,1,0.3,"trait4",0,1,0,FALSE
2314,46,"F2",100,1,0.3,"trait1",0,1,0,FALSE
2314,46,"F2",100,1,0.3,"trait2",0,1,0,FALSE
2314,46,"F2",100,1,0.3,"trait3",0,0.75,0.25,FALSE
2314,46,"F2",100,1,0.3,"trait4",1,0,0,FALSE
2315,47,"F3",100,1,0.3,"cont1",0,1,0,FALSE
2315,47,"F3",100,1,0.3,"binary_trait",0,0,1,TRUE
2315,47,"F3",100,1,0.3,"cat_trait=A",0,0,1,TRUE
2315,47,"F3",100,1,0.3,"cat_trait=B",0,0,1,TRUE
2315,47,"F3",100,1,0.3,"cat_trait=C",0,0,1,TRUE
2315,47,"F3",100,1,0.3,"count_trait",0,0.823529411764706,0.176470588235294,FALSE
2316,48,"F1",300,1,0.3,"trait1",0,1,0,FALSE
2316,48,"F1",300,1,0.3,"trait2",0,1,0,FALSE
2316,48,"F1",300,1,0.3,"trait3",0,1,0,FALSE
2316,48,"F1",300,1,0.3,"trait4",0,1,0,FALSE
2317,49,"F2",300,1,0.3,"trait1",0,1,0,FALSE
2317,49,"F2",300,1,0.3,"trait2",0,1,0,FALSE
2317,49,"F2",300,1,0.3,"trait3",0,0.35,0.65,FALSE
2317,49,"F2",300,1,0.3,"trait4",0.5,0.0909090909090909,0.409090909090909,FALSE
2318,50,"F3",300,1,0.3,"cont1",1,0,0,FALSE
2318,50,"F3",300,1,0.3,"binary_trait",0,1,0,FALSE
2318,50,"F3",300,1,0.3,"cat_trait=A",0,1,0,FALSE
2318,50,"F3",300,1,0.3,"cat_trait=B",0,1,0,FALSE
2318,50,"F3",300,1,0.3,"cat_trait=C",0,1,0,FALSE
2318,50,"F3",300,1,0.3,"count_trait",0.1,0.45,0.45,FALSE
2319,51,"F1",1000,1,0.3,"trait1",0,1,0,FALSE
2319,51,"F1",1000,1,0.3,"trait2",0,0.894736842105263,0.105263157894737,FALSE
2319,51,"F1",1000,1,0.3,"trait3",0,1,0,FALSE
2319,51,"F1",1000,1,0.3,"trait4",0,1,0,FALSE
2320,52,"F2",1000,1,0.3,"trait1",0,1,0,FALSE
2320,52,"F2",1000,1,0.3,"trait2",0.3,0.7,0,FALSE
2320,52,"F2",1000,1,0.3,"trait3",0,0.7,0.3,FALSE
2320,52,"F2",1000,1,0.3,"trait4",0.75,0.25,0,FALSE
2321,53,"F3",1000,1,0.3,"cont1",0,1,0,FALSE
2321,53,"F3",1000,1,0.3,"binary_trait",0,1,0,FALSE
2321,53,"F3",1000,1,0.3,"cat_trait=A",0.2,0.05,0.75,FALSE
2321,53,"F3",1000,1,0.3,"cat_trait=B",0.2,0.05,0.75,FALSE
2321,53,"F3",1000,1,0.3,"cat_trait=C",0.2,0.05,0.75,FALSE
2321,53,"F3",1000,1,0.3,"count_trait",0.55,0.45,0,FALSE
2322,54,"F1",100,0.2,0.5,"trait1",0,0,1,TRUE
2322,54,"F1",100,0.2,0.5,"trait2",0,0,1,TRUE
2322,54,"F1",100,0.2,0.5,"trait3",0,1,0,FALSE
2322,54,"F1",100,0.2,0.5,"trait4",0,1,0,FALSE
2323,55,"F2",100,0.2,0.5,"trait1",0,1,0,FALSE
2323,55,"F2",100,0.2,0.5,"trait2",0,0,1,TRUE
2323,55,"F2",100,0.2,0.5,"trait3",0,0,1,TRUE
2323,55,"F2",100,0.2,0.5,"trait4",0,0,1,TRUE
2324,56,"F3",100,0.2,0.5,"cont1",0,1,0,FALSE
2324,56,"F3",100,0.2,0.5,"binary_trait",0,0,1,TRUE
2324,56,"F3",100,0.2,0.5,"cat_trait=A",0,0,1,TRUE
2324,56,"F3",100,0.2,0.5,"cat_trait=B",0,0,1,TRUE
2324,56,"F3",100,0.2,0.5,"cat_trait=C",0,0,1,TRUE
2324,56,"F3",100,0.2,0.5,"count_trait",0,1,0,FALSE
2325,57,"F1",300,0.2,0.5,"trait1",0,1,0,FALSE
2325,57,"F1",300,0.2,0.5,"trait2",0,0.9,0.1,FALSE
2325,57,"F1",300,0.2,0.5,"trait3",0.4,0.6,0,FALSE
2325,57,"F1",300,0.2,0.5,"trait4",0,1,0,FALSE
2326,58,"F2",300,0.2,0.5,"trait1",0.9,0.1,0,FALSE
2326,58,"F2",300,0.2,0.5,"trait2",1,0,0,FALSE
2326,58,"F2",300,0.2,0.5,"trait3",0,0,1,TRUE
2326,58,"F2",300,0.2,0.5,"trait4",1,0,0,FALSE
2327,59,"F3",300,0.2,0.5,"cont1",0,0,1,TRUE
2327,59,"F3",300,0.2,0.5,"binary_trait",0,0,1,TRUE
2327,59,"F3",300,0.2,0.5,"cat_trait=A",0,0,1,TRUE
2327,59,"F3",300,0.2,0.5,"cat_trait=B",0,0,1,TRUE
2327,59,"F3",300,0.2,0.5,"cat_trait=C",0,0,1,TRUE
2327,59,"F3",300,0.2,0.5,"count_trait",0,0,1,TRUE
2328,60,"F1",1000,0.2,0.5,"trait1",0,0.85,0.15,FALSE
2328,60,"F1",1000,0.2,0.5,"trait2",0,1,0,FALSE
2328,60,"F1",1000,0.2,0.5,"trait3",0,1,0,FALSE
2328,60,"F1",1000,0.2,0.5,"trait4",0,1,0,FALSE
2329,61,"F2",1000,0.2,0.5,"trait1",0.473684210526316,0.526315789473684,0,FALSE
2329,61,"F2",1000,0.2,0.5,"trait2",1,0,0,FALSE
2329,61,"F2",1000,0.2,0.5,"trait3",0,1,0,FALSE
2329,61,"F2",1000,0.2,0.5,"trait4",0,0.7,0.3,FALSE
2330,62,"F3",1000,0.2,0.5,"cont1",1,0,0,FALSE
2330,62,"F3",1000,0.2,0.5,"binary_trait",0,1,0,FALSE
2330,62,"F3",1000,0.2,0.5,"cat_trait=A",0,1,0,FALSE
2330,62,"F3",1000,0.2,0.5,"cat_trait=B",0,1,0,FALSE
2330,62,"F3",1000,0.2,0.5,"cat_trait=C",0,1,0,FALSE
2330,62,"F3",1000,0.2,0.5,"count_trait",1,0,0,FALSE
2331,63,"F1",100,0.5,0.5,"trait1",0,1,0,FALSE
2331,63,"F1",100,0.5,0.5,"trait2",0,0.133333333333333,0.866666666666667,FALSE
2331,63,"F1",100,0.5,0.5,"trait3",0,0,1,TRUE
2331,63,"F1",100,0.5,0.5,"trait4",0,1,0,FALSE
2332,64,"F2",100,0.5,0.5,"trait1",0,1,0,FALSE
2332,64,"F2",100,0.5,0.5,"trait2",0,0,1,TRUE
2332,64,"F2",100,0.5,0.5,"trait3",0,0.65,0.35,FALSE
2332,64,"F2",100,0.5,0.5,"trait4",0.6,0.4,0,FALSE
2333,65,"F3",100,0.5,0.5,"cont1",0,0,1,TRUE
2333,65,"F3",100,0.5,0.5,"binary_trait",0,1,0,FALSE
2333,65,"F3",100,0.5,0.5,"cat_trait=A",0,1,0,FALSE
2333,65,"F3",100,0.5,0.5,"cat_trait=B",0,1,0,FALSE
2333,65,"F3",100,0.5,0.5,"cat_trait=C",0,1,0,FALSE
2333,65,"F3",100,0.5,0.5,"count_trait",0,1,0,FALSE
2334,66,"F1",300,0.5,0.5,"trait1",0,1,0,FALSE
2334,66,"F1",300,0.5,0.5,"trait2",1,0,0,FALSE
2334,66,"F1",300,0.5,0.5,"trait3",0,1,0,FALSE
2334,66,"F1",300,0.5,0.5,"trait4",0,1,0,FALSE
2335,67,"F2",300,0.5,0.5,"trait1",0,0,1,TRUE
2335,67,"F2",300,0.5,0.5,"trait2",0,0,1,TRUE
2335,67,"F2",300,0.5,0.5,"trait3",0,1,0,FALSE
2335,67,"F2",300,0.5,0.5,"trait4",1,0,0,FALSE
2336,68,"F3",300,0.5,0.5,"cont1",0,0.4,0.6,FALSE
2336,68,"F3",300,0.5,0.5,"binary_trait",0,1,0,FALSE
2336,68,"F3",300,0.5,0.5,"cat_trait=A",0,0,1,TRUE
2336,68,"F3",300,0.5,0.5,"cat_trait=B",0,0,1,TRUE
2336,68,"F3",300,0.5,0.5,"cat_trait=C",0,0,1,TRUE
2336,68,"F3",300,0.5,0.5,"count_trait",1,0,0,FALSE
2337,69,"F1",1000,0.5,0.5,"trait1",0,1,0,FALSE
2337,69,"F1",1000,0.5,0.5,"trait2",0,1,0,FALSE
2337,69,"F1",1000,0.5,0.5,"trait3",0,1,0,FALSE
2337,69,"F1",1000,0.5,0.5,"trait4",0,1,0,FALSE
2338,70,"F2",1000,0.5,0.5,"trait1",0.933333333333333,0,0.0666666666666667,FALSE
2338,70,"F2",1000,0.5,0.5,"trait2",1,0,0,FALSE
2338,70,"F2",1000,0.5,0.5,"trait3",0,1,0,FALSE
2338,70,"F2",1000,0.5,0.5,"trait4",0,1,0,FALSE
2339,71,"F3",1000,0.5,0.5,"cont1",0.65,0.35,0,FALSE
2339,71,"F3",1000,0.5,0.5,"binary_trait",0.2,0,0.8,FALSE
2339,71,"F3",1000,0.5,0.5,"cat_trait=A",0,0,1,TRUE
2339,71,"F3",1000,0.5,0.5,"cat_trait=B",0,0,1,TRUE
2339,71,"F3",1000,0.5,0.5,"cat_trait=C",0,0,1,TRUE
2339,71,"F3",1000,0.5,0.5,"count_trait",0.894736842105263,0,0.105263157894737,FALSE
2340,72,"F1",100,1,0.5,"trait1",0.578947368421053,0.421052631578947,0,FALSE
2340,72,"F1",100,1,0.5,"trait2",0,0,1,TRUE
2340,72,"F1",100,1,0.5,"trait3",0,1,0,FALSE
2340,72,"F1",100,1,0.5,"trait4",0,1,0,FALSE
2341,73,"F2",100,1,0.5,"trait1",0,1,0,FALSE
2341,73,"F2",100,1,0.5,"trait2",0,1,0,FALSE
2341,73,"F2",100,1,0.5,"trait3",0,1,0,FALSE
2341,73,"F2",100,1,0.5,"trait4",1,0,0,FALSE
2342,74,"F3",100,1,0.5,"cont1",1,0,0,FALSE
2342,74,"F3",100,1,0.5,"binary_trait",0,1,0,FALSE
2342,74,"F3",100,1,0.5,"cat_trait=A",0,0,1,TRUE
2342,74,"F3",100,1,0.5,"cat_trait=B",0,0,1,TRUE
2342,74,"F3",100,1,0.5,"cat_trait=C",0,0,1,TRUE
2342,74,"F3",100,1,0.5,"count_trait",1,0,0,FALSE
2343,75,"F1",300,1,0.5,"trait1",0,1,0,FALSE
2343,75,"F1",300,1,0.5,"trait2",0,1,0,FALSE
2343,75,"F1",300,1,0.5,"trait3",0,1,0,FALSE
2343,75,"F1",300,1,0.5,"trait4",0,0.722222222222222,0.277777777777778,FALSE
2344,76,"F2",300,1,0.5,"trait1",0.2,0.8,0,FALSE
2344,76,"F2",300,1,0.5,"trait2",0.777777777777778,0,0.222222222222222,FALSE
2344,76,"F2",300,1,0.5,"trait3",1,0,0,FALSE
2344,76,"F2",300,1,0.5,"trait4",0.3,0.5,0.2,FALSE
2345,77,"F3",300,1,0.5,"cont1",0,1,0,FALSE
2345,77,"F3",300,1,0.5,"binary_trait",0,1,0,FALSE
2345,77,"F3",300,1,0.5,"cat_trait=A",0,1,0,FALSE
2345,77,"F3",300,1,0.5,"cat_trait=B",0,1,0,FALSE
2345,77,"F3",300,1,0.5,"cat_trait=C",0,1,0,FALSE
2345,77,"F3",300,1,0.5,"count_trait",0,1,0,FALSE
2346,78,"F1",1000,1,0.5,"trait1",0,0.9,0.1,FALSE
2346,78,"F1",1000,1,0.5,"trait2",0,1,0,FALSE
2346,78,"F1",1000,1,0.5,"trait3",0,1,0,FALSE
2346,78,"F1",1000,1,0.5,"trait4",0,1,0,FALSE
2347,79,"F2",1000,1,0.5,"trait1",0.2,0.8,0,FALSE
2347,79,"F2",1000,1,0.5,"trait2",1,0,0,FALSE
2347,79,"F2",1000,1,0.5,"trait3",0,0.75,0.25,FALSE
2347,79,"F2",1000,1,0.5,"trait4",1,0,0,FALSE
2348,80,"F3",1000,1,0.5,"cont1",0,1,0,FALSE
2348,80,"F3",1000,1,0.5,"binary_trait",0,1,0,FALSE
2348,80,"F3",1000,1,0.5,"cat_trait=A",0,1,0,FALSE
2348,80,"F3",1000,1,0.5,"cat_trait=B",0,1,0,FALSE
2348,80,"F3",1000,1,0.5,"cat_trait=C",0,1,0,FALSE
2348,80,"F3",1000,1,0.5,"count_trait",0,0.947368421052632,0.0526315789473684,FALSE
2349,0,"F1",100,0.2,0.1,"trait1",0,0,1,TRUE
2349,0,"F1",100,0.2,0.1,"trait2",0,0,1,TRUE
2349,0,"F1",100,0.2,0.1,"trait3",0,1,0,FALSE
2349,0,"F1",100,0.2,0.1,"trait4",0,0,1,TRUE
2350,1,"F2",100,0.2,0.1,"trait1",1,0,0,FALSE
2350,1,"F2",100,0.2,0.1,"trait2",1,0,0,FALSE
2350,1,"F2",100,0.2,0.1,"trait3",0,1,0,FALSE
2350,1,"F2",100,0.2,0.1,"trait4",1,0,0,FALSE
2351,2,"F3",100,0.2,0.1,"cont1",0,0,1,TRUE
2351,2,"F3",100,0.2,0.1,"binary_trait",0,0,1,TRUE
2351,2,"F3",100,0.2,0.1,"cat_trait=A",0,1,0,FALSE
2351,2,"F3",100,0.2,0.1,"cat_trait=B",0,1,0,FALSE
2351,2,"F3",100,0.2,0.1,"cat_trait=C",0,1,0,FALSE
2351,2,"F3",100,0.2,0.1,"count_trait",0,0,1,TRUE
2352,3,"F1",300,0.2,0.1,"trait1",0,1,0,FALSE
2352,3,"F1",300,0.2,0.1,"trait2",1,0,0,FALSE
2352,3,"F1",300,0.2,0.1,"trait3",0,1,0,FALSE
2352,3,"F1",300,0.2,0.1,"trait4",0.411764705882353,0.411764705882353,0.176470588235294,FALSE
2353,4,"F2",300,0.2,0.1,"trait1",1,0,0,FALSE
2353,4,"F2",300,0.2,0.1,"trait2",1,0,0,FALSE
2353,4,"F2",300,0.2,0.1,"trait3",0,0,1,TRUE
2353,4,"F2",300,0.2,0.1,"trait4",0,0,1,TRUE
2354,5,"F3",300,0.2,0.1,"cont1",0,1,0,FALSE
2354,5,"F3",300,0.2,0.1,"binary_trait",0,0,1,TRUE
2354,5,"F3",300,0.2,0.1,"cat_trait=A",0,0,1,TRUE
2354,5,"F3",300,0.2,0.1,"cat_trait=B",0,0,1,TRUE
2354,5,"F3",300,0.2,0.1,"cat_trait=C",0,0,1,TRUE
2354,5,"F3",300,0.2,0.1,"count_trait",1,0,0,FALSE
2355,6,"F1",1000,0.2,0.1,"trait1",0.55,0.45,0,FALSE
2355,6,"F1",1000,0.2,0.1,"trait2",0,1,0,FALSE
2355,6,"F1",1000,0.2,0.1,"trait3",1,0,0,FALSE
2355,6,"F1",1000,0.2,0.1,"trait4",0,1,0,FALSE
2356,7,"F2",1000,0.2,0.1,"trait1",1,0,0,FALSE
2356,7,"F2",1000,0.2,0.1,"trait2",1,0,0,FALSE
2356,7,"F2",1000,0.2,0.1,"trait3",0,1,0,FALSE
2356,7,"F2",1000,0.2,0.1,"trait4",1,0,0,FALSE
2357,8,"F3",1000,0.2,0.1,"cont1",0,1,0,FALSE
2357,8,"F3",1000,0.2,0.1,"binary_trait",0,1,0,FALSE
2357,8,"F3",1000,0.2,0.1,"cat_trait=A",0,0,1,TRUE
2357,8,"F3",1000,0.2,0.1,"cat_trait=B",0,0,1,TRUE
2357,8,"F3",1000,0.2,0.1,"cat_trait=C",0,0,1,TRUE
2357,8,"F3",1000,0.2,0.1,"count_trait",0,1,0,FALSE
2358,9,"F1",100,0.5,0.1,"trait1",0.65,0.35,0,FALSE
2358,9,"F1",100,0.5,0.1,"trait2",0,1,0,FALSE
2358,9,"F1",100,0.5,0.1,"trait3",0,0,1,TRUE
2358,9,"F1",100,0.5,0.1,"trait4",0,0.8,0.2,FALSE
2359,10,"F2",100,0.5,0.1,"trait1",0.941176470588235,0,0.0588235294117647,FALSE
2359,10,"F2",100,0.5,0.1,"trait2",0,0,1,TRUE
2359,10,"F2",100,0.5,0.1,"trait3",0.578947368421053,0,0.421052631578947,FALSE
2359,10,"F2",100,0.5,0.1,"trait4",0,0,1,TRUE
2360,11,"F3",100,0.5,0.1,"cont1",0,1,0,FALSE
2360,11,"F3",100,0.5,0.1,"binary_trait",0,0,1,TRUE
2360,11,"F3",100,0.5,0.1,"cat_trait=A",0,0,1,TRUE
2360,11,"F3",100,0.5,0.1,"cat_trait=B",0,0,1,TRUE
2360,11,"F3",100,0.5,0.1,"cat_trait=C",0,0,1,TRUE
2360,11,"F3",100,0.5,0.1,"count_trait",0,1,0,FALSE
2361,12,"F1",300,0.5,0.1,"trait1",0,1,0,FALSE
2361,12,"F1",300,0.5,0.1,"trait2",0,1,0,FALSE
2361,12,"F1",300,0.5,0.1,"trait3",0,1,0,FALSE
2361,12,"F1",300,0.5,0.1,"trait4",0,1,0,FALSE
2362,13,"F2",300,0.5,0.1,"trait1",0,0.9,0.1,FALSE
2362,13,"F2",300,0.5,0.1,"trait2",1,0,0,FALSE
2362,13,"F2",300,0.5,0.1,"trait3",0,0,1,TRUE
2362,13,"F2",300,0.5,0.1,"trait4",1,0,0,FALSE
2363,14,"F3",300,0.5,0.1,"cont1",0,0.823529411764706,0.176470588235294,FALSE
2363,14,"F3",300,0.5,0.1,"binary_trait",0,1,0,FALSE
2363,14,"F3",300,0.5,0.1,"cat_trait=A",0,0,1,TRUE
2363,14,"F3",300,0.5,0.1,"cat_trait=B",0,0,1,TRUE
2363,14,"F3",300,0.5,0.1,"cat_trait=C",0,0,1,TRUE
2363,14,"F3",300,0.5,0.1,"count_trait",0,1,0,FALSE
2364,15,"F1",1000,0.5,0.1,"trait1",0,1,0,FALSE
2364,15,"F1",1000,0.5,0.1,"trait2",0,1,0,FALSE
2364,15,"F1",1000,0.5,0.1,"trait3",0,1,0,FALSE
2364,15,"F1",1000,0.5,0.1,"trait4",0,1,0,FALSE
2365,16,"F2",1000,0.5,0.1,"trait1",0,1,0,FALSE
2365,16,"F2",1000,0.5,0.1,"trait2",0.7,0.3,0,FALSE
2365,16,"F2",1000,0.5,0.1,"trait3",0,0,1,TRUE
2365,16,"F2",1000,0.5,0.1,"trait4",0,1,0,FALSE
2366,17,"F3",1000,0.5,0.1,"cont1",0,1,0,FALSE
2366,17,"F3",1000,0.5,0.1,"binary_trait",0,1,0,FALSE
2366,17,"F3",1000,0.5,0.1,"cat_trait=A",0,0,1,TRUE
2366,17,"F3",1000,0.5,0.1,"cat_trait=B",0,0,1,TRUE
2366,17,"F3",1000,0.5,0.1,"cat_trait=C",0,0,1,TRUE
2366,17,"F3",1000,0.5,0.1,"count_trait",0,1,0,FALSE
2367,18,"F1",100,1,0.1,"trait1",1,0,0,FALSE
2367,18,"F1",100,1,0.1,"trait2",0,1,0,FALSE
2367,18,"F1",100,1,0.1,"trait3",0.68421052631579,0,0.31578947368421,FALSE
2367,18,"F1",100,1,0.1,"trait4",0,1,0,FALSE
2368,19,"F2",100,1,0.1,"trait1",1,0,0,FALSE
2368,19,"F2",100,1,0.1,"trait2",0,1,0,FALSE
2368,19,"F2",100,1,0.1,"trait3",0,0,1,TRUE
2368,19,"F2",100,1,0.1,"trait4",1,0,0,FALSE
2369,20,"F3",100,1,0.1,"cont1",0,0.7,0.3,FALSE
2369,20,"F3",100,1,0.1,"binary_trait",0,1,0,FALSE
2369,20,"F3",100,1,0.1,"cat_trait=A",0,0,1,TRUE
2369,20,"F3",100,1,0.1,"cat_trait=B",0,0,1,TRUE
2369,20,"F3",100,1,0.1,"cat_trait=C",0,0,1,TRUE
2369,20,"F3",100,1,0.1,"count_trait",0.3,0,0.7,FALSE
2370,21,"F1",300,1,0.1,"trait1",1,0,0,FALSE
2370,21,"F1",300,1,0.1,"trait2",0,1,0,FALSE
2370,21,"F1",300,1,0.1,"trait3",0,1,0,FALSE
2370,21,"F1",300,1,0.1,"trait4",0.736842105263158,0.210526315789474,0.0526315789473684,FALSE
2371,22,"F2",300,1,0.1,"trait1",0,1,0,FALSE
2371,22,"F2",300,1,0.1,"trait2",1,0,0,FALSE
2371,22,"F2",300,1,0.1,"trait3",0,0.5,0.5,FALSE
2371,22,"F2",300,1,0.1,"trait4",1,0,0,FALSE
2372,23,"F3",300,1,0.1,"cont1",0,1,0,FALSE
2372,23,"F3",300,1,0.1,"binary_trait",0,1,0,FALSE
2372,23,"F3",300,1,0.1,"cat_trait=A",0,0,1,TRUE
2372,23,"F3",300,1,0.1,"cat_trait=B",0,0,1,TRUE
2372,23,"F3",300,1,0.1,"cat_trait=C",0,0,1,TRUE
2372,23,"F3",300,1,0.1,"count_trait",0.8,0.2,0,FALSE
2373,24,"F1",1000,1,0.1,"trait1",0.5,0.5,0,FALSE
2373,24,"F1",1000,1,0.1,"trait2",0,1,0,FALSE
2373,24,"F1",1000,1,0.1,"trait3",0,1,0,FALSE
2373,24,"F1",1000,1,0.1,"trait4",0,1,0,FALSE
2374,25,"F2",1000,1,0.1,"trait1",0,1,0,FALSE
2374,25,"F2",1000,1,0.1,"trait2",0,1,0,FALSE
2374,25,"F2",1000,1,0.1,"trait3",0.4,0.6,0,FALSE
2374,25,"F2",1000,1,0.1,"trait4",1,0,0,FALSE
2375,26,"F3",1000,1,0.1,"cont1",0.3,0.7,0,FALSE
2375,26,"F3",1000,1,0.1,"binary_trait",0,1,0,FALSE
2375,26,"F3",1000,1,0.1,"cat_trait=A",0,1,0,FALSE
2375,26,"F3",1000,1,0.1,"cat_trait=B",0,1,0,FALSE
2375,26,"F3",1000,1,0.1,"cat_trait=C",0,1,0,FALSE
2375,26,"F3",1000,1,0.1,"count_trait",0,1,0,FALSE
2376,27,"F1",100,0.2,0.3,"trait1",0,0,1,TRUE
2376,27,"F1",100,0.2,0.3,"trait2",0,1,0,FALSE
2376,27,"F1",100,0.2,0.3,"trait3",0,1,0,FALSE
2376,27,"F1",100,0.2,0.3,"trait4",0,1,0,FALSE
2377,28,"F2",100,0.2,0.3,"trait1",0,0,1,TRUE
2377,28,"F2",100,0.2,0.3,"trait2",0,0,1,TRUE
2377,28,"F2",100,0.2,0.3,"trait3",0,1,0,FALSE
2377,28,"F2",100,0.2,0.3,"trait4",0,0,1,TRUE
2378,29,"F3",100,0.2,0.3,"cont1",1,0,0,FALSE
2378,29,"F3",100,0.2,0.3,"binary_trait",0,0,1,TRUE
2378,29,"F3",100,0.2,0.3,"cat_trait=A",0,0,1,TRUE
2378,29,"F3",100,0.2,0.3,"cat_trait=B",0,0,1,TRUE
2378,29,"F3",100,0.2,0.3,"cat_trait=C",0,0,1,TRUE
2378,29,"F3",100,0.2,0.3,"count_trait",1,0,0,FALSE
2379,30,"F1",300,0.2,0.3,"trait1",0,0,1,TRUE
2379,30,"F1",300,0.2,0.3,"trait2",1,0,0,FALSE
2379,30,"F1",300,0.2,0.3,"trait3",0,0,1,TRUE
2379,30,"F1",300,0.2,0.3,"trait4",0,0,1,TRUE
2380,31,"F2",300,0.2,0.3,"trait1",0,0.8,0.2,FALSE
2380,31,"F2",300,0.2,0.3,"trait2",1,0,0,FALSE
2380,31,"F2",300,0.2,0.3,"trait3",0,1,0,FALSE
2380,31,"F2",300,0.2,0.3,"trait4",0,0,1,TRUE
2381,32,"F3",300,0.2,0.3,"cont1",0,1,0,FALSE
2381,32,"F3",300,0.2,0.3,"binary_trait",0,0,1,TRUE
2381,32,"F3",300,0.2,0.3,"cat_trait=A",0,0,1,TRUE
2381,32,"F3",300,0.2,0.3,"cat_trait=B",0,0,1,TRUE
2381,32,"F3",300,0.2,0.3,"cat_trait=C",0,0,1,TRUE
2381,32,"F3",300,0.2,0.3,"count_trait",1,0,0,FALSE
2382,33,"F1",1000,0.2,0.3,"trait1",0,0,1,TRUE
2382,33,"F1",1000,0.2,0.3,"trait2",0,1,0,FALSE
2382,33,"F1",1000,0.2,0.3,"trait3",0.631578947368421,0.368421052631579,0,FALSE
2382,33,"F1",1000,0.2,0.3,"trait4",0,1,0,FALSE
2383,34,"F2",1000,0.2,0.3,"trait1",0,1,0,FALSE
2383,34,"F2",1000,0.2,0.3,"trait2",1,0,0,FALSE
2383,34,"F2",1000,0.2,0.3,"trait3",0,0,1,TRUE
2383,34,"F2",1000,0.2,0.3,"trait4",0.65,0.35,0,FALSE
2384,35,"F3",1000,0.2,0.3,"cont1",0.25,0,0.75,FALSE
2384,35,"F3",1000,0.2,0.3,"binary_trait",0,1,0,FALSE
2384,35,"F3",1000,0.2,0.3,"cat_trait=A",0,1,0,FALSE
2384,35,"F3",1000,0.2,0.3,"cat_trait=B",0,1,0,FALSE
2384,35,"F3",1000,0.2,0.3,"cat_trait=C",0,1,0,FALSE
2384,35,"F3",1000,0.2,0.3,"count_trait",0,1,0,FALSE
2385,36,"F1",100,0.5,0.3,"trait1",1,0,0,FALSE
2385,36,"F1",100,0.5,0.3,"trait2",1,0,0,FALSE
2385,36,"F1",100,0.5,0.3,"trait3",0,0,1,TRUE
2385,36,"F1",100,0.5,0.3,"trait4",0.7,0.3,0,FALSE
2386,37,"F2",100,0.5,0.3,"trait1",0,0.65,0.35,FALSE
2386,37,"F2",100,0.5,0.3,"trait2",1,0,0,FALSE
2386,37,"F2",100,0.5,0.3,"trait3",0,1,0,FALSE
2386,37,"F2",100,0.5,0.3,"trait4",1,0,0,FALSE
2387,38,"F3",100,0.5,0.3,"cont1",0,0,1,TRUE
2387,38,"F3",100,0.5,0.3,"binary_trait",0,0,1,TRUE
2387,38,"F3",100,0.5,0.3,"cat_trait=A",0,0,1,TRUE
2387,38,"F3",100,0.5,0.3,"cat_trait=B",0,0,1,TRUE
2387,38,"F3",100,0.5,0.3,"cat_trait=C",0,0,1,TRUE
2387,38,"F3",100,0.5,0.3,"count_trait",1,0,0,FALSE
2388,39,"F1",300,0.5,0.3,"trait1",0,0.473684210526316,0.526315789473684,FALSE
2388,39,"F1",300,0.5,0.3,"trait2",1,0,0,FALSE
2388,39,"F1",300,0.5,0.3,"trait3",0,1,0,FALSE
2388,39,"F1",300,0.5,0.3,"trait4",0,1,0,FALSE
2389,40,"F2",300,0.5,0.3,"trait1",0,1,0,FALSE
2389,40,"F2",300,0.5,0.3,"trait2",0.764705882352941,0,0.235294117647059,FALSE
2389,40,"F2",300,0.5,0.3,"trait3",0,0,1,TRUE
2389,40,"F2",300,0.5,0.3,"trait4",1,0,0,FALSE
2390,41,"F3",300,0.5,0.3,"cont1",0,1,0,FALSE
2390,41,"F3",300,0.5,0.3,"binary_trait",0,1,0,FALSE
2390,41,"F3",300,0.5,0.3,"cat_trait=A",0,0,1,TRUE
2390,41,"F3",300,0.5,0.3,"cat_trait=B",0,0,1,TRUE
2390,41,"F3",300,0.5,0.3,"cat_trait=C",0,0,1,TRUE
2390,41,"F3",300,0.5,0.3,"count_trait",0,0,1,TRUE
2391,42,"F1",1000,0.5,0.3,"trait1",0,1,0,FALSE
2391,42,"F1",1000,0.5,0.3,"trait2",0,1,0,FALSE
2391,42,"F1",1000,0.5,0.3,"trait3",0.25,0.75,0,FALSE
2391,42,"F1",1000,0.5,0.3,"trait4",0,1,0,FALSE
2392,43,"F2",1000,0.5,0.3,"trait1",0.6,0.4,0,FALSE
2392,43,"F2",1000,0.5,0.3,"trait2",0.8,0.2,0,FALSE
2392,43,"F2",1000,0.5,0.3,"trait3",0,1,0,FALSE
2392,43,"F2",1000,0.5,0.3,"trait4",0,0.947368421052632,0.0526315789473684,FALSE
2393,44,"F3",1000,0.5,0.3,"cont1",0,1,0,FALSE
2393,44,"F3",1000,0.5,0.3,"binary_trait",0,0,1,TRUE
2393,44,"F3",1000,0.5,0.3,"cat_trait=A",0,1,0,FALSE
2393,44,"F3",1000,0.5,0.3,"cat_trait=B",0,1,0,FALSE
2393,44,"F3",1000,0.5,0.3,"cat_trait=C",0,1,0,FALSE
2393,44,"F3",1000,0.5,0.3,"count_trait",0,1,0,FALSE
2394,45,"F1",100,1,0.3,"trait1",0.842105263157895,0,0.157894736842105,FALSE
2394,45,"F1",100,1,0.3,"trait2",0,1,0,FALSE
2394,45,"F1",100,1,0.3,"trait3",0,1,0,FALSE
2394,45,"F1",100,1,0.3,"trait4",0,1,0,FALSE
2395,46,"F2",100,1,0.3,"trait1",0,0.65,0.35,FALSE
2395,46,"F2",100,1,0.3,"trait2",0,1,0,FALSE
2395,46,"F2",100,1,0.3,"trait3",0,0,1,TRUE
2395,46,"F2",100,1,0.3,"trait4",0.526315789473684,0.157894736842105,0.31578947368421,FALSE
2396,47,"F3",100,1,0.3,"cont1",0,1,0,FALSE
2396,47,"F3",100,1,0.3,"binary_trait",0,1,0,FALSE
2396,47,"F3",100,1,0.3,"cat_trait=A",0,0,1,TRUE
2396,47,"F3",100,1,0.3,"cat_trait=B",0,0,1,TRUE
2396,47,"F3",100,1,0.3,"cat_trait=C",0,0,1,TRUE
2396,47,"F3",100,1,0.3,"count_trait",0,1,0,FALSE
2397,48,"F1",300,1,0.3,"trait1",1,0,0,FALSE
2397,48,"F1",300,1,0.3,"trait2",1,0,0,FALSE
2397,48,"F1",300,1,0.3,"trait3",0,1,0,FALSE
2397,48,"F1",300,1,0.3,"trait4",0.0625,0.8125,0.125,FALSE
2398,49,"F2",300,1,0.3,"trait1",0,1,0,FALSE
2398,49,"F2",300,1,0.3,"trait2",1,0,0,FALSE
2398,49,"F2",300,1,0.3,"trait3",0,0.4,0.6,FALSE
2398,49,"F2",300,1,0.3,"trait4",0.875,0,0.125,FALSE
2399,50,"F3",300,1,0.3,"cont1",0,1,0,FALSE
2399,50,"F3",300,1,0.3,"binary_trait",0,1,0,FALSE
2399,50,"F3",300,1,0.3,"cat_trait=A",0,1,0,FALSE
2399,50,"F3",300,1,0.3,"cat_trait=B",0,1,0,FALSE
2399,50,"F3",300,1,0.3,"cat_trait=C",0,1,0,FALSE
2399,50,"F3",300,1,0.3,"count_trait",0.35,0.2,0.45,FALSE
2400,51,"F1",1000,1,0.3,"trait1",0,1,0,FALSE
2400,51,"F1",1000,1,0.3,"trait2",0,1,0,FALSE
2400,51,"F1",1000,1,0.3,"trait3",0,1,0,FALSE
2400,51,"F1",1000,1,0.3,"trait4",0,1,0,FALSE
2401,52,"F2",1000,1,0.3,"trait1",0,1,0,FALSE
2401,52,"F2",1000,1,0.3,"trait2",0,1,0,FALSE
2401,52,"F2",1000,1,0.3,"trait3",0,0.7,0.3,FALSE
2401,52,"F2",1000,1,0.3,"trait4",0,1,0,FALSE
2402,53,"F3",1000,1,0.3,"cont1",0,1,0,FALSE
2402,53,"F3",1000,1,0.3,"binary_trait",0,1,0,FALSE
2402,53,"F3",1000,1,0.3,"cat_trait=A",0,1,0,FALSE
2402,53,"F3",1000,1,0.3,"cat_trait=B",0,1,0,FALSE
2402,53,"F3",1000,1,0.3,"cat_trait=C",0,1,0,FALSE
2402,53,"F3",1000,1,0.3,"count_trait",0,1,0,FALSE
2403,54,"F1",100,0.2,0.5,"trait1",1,0,0,FALSE
2403,54,"F1",100,0.2,0.5,"trait2",0,1,0,FALSE
2403,54,"F1",100,0.2,0.5,"trait3",0,0,1,TRUE
2403,54,"F1",100,0.2,0.5,"trait4",0,0,1,TRUE
2404,55,"F2",100,0.2,0.5,"trait1",0,0,1,TRUE
2404,55,"F2",100,0.2,0.5,"trait2",1,0,0,FALSE
2404,55,"F2",100,0.2,0.5,"trait3",0,0,1,TRUE
2404,55,"F2",100,0.2,0.5,"trait4",0,0,1,TRUE
2405,56,"F3",100,0.2,0.5,"cont1",0,0.0909090909090909,0.909090909090909,FALSE
2405,56,"F3",100,0.2,0.5,"binary_trait",0,0,1,TRUE
2405,56,"F3",100,0.2,0.5,"cat_trait=A",0,0,1,TRUE
2405,56,"F3",100,0.2,0.5,"cat_trait=B",0,0,1,TRUE
2405,56,"F3",100,0.2,0.5,"cat_trait=C",0,0,1,TRUE
2405,56,"F3",100,0.2,0.5,"count_trait",0,0,1,TRUE
2406,57,"F1",300,0.2,0.5,"trait1",0,0,1,TRUE
2406,57,"F1",300,0.2,0.5,"trait2",0,1,0,FALSE
2406,57,"F1",300,0.2,0.5,"trait3",0,1,0,FALSE
2406,57,"F1",300,0.2,0.5,"trait4",0,0,1,TRUE
2407,58,"F2",300,0.2,0.5,"trait1",1,0,0,FALSE
2407,58,"F2",300,0.2,0.5,"trait2",0,1,0,FALSE
2407,58,"F2",300,0.2,0.5,"trait3",0,0,1,TRUE
2407,58,"F2",300,0.2,0.5,"trait4",1,0,0,FALSE
2408,59,"F3",300,0.2,0.5,"cont1",0,1,0,FALSE
2408,59,"F3",300,0.2,0.5,"binary_trait",0,1,0,FALSE
2408,59,"F3",300,0.2,0.5,"cat_trait=A",0,1,0,FALSE
2408,59,"F3",300,0.2,0.5,"cat_trait=B",0,1,0,FALSE
2408,59,"F3",300,0.2,0.5,"cat_trait=C",0,1,0,FALSE
2408,59,"F3",300,0.2,0.5,"count_trait",0,0,1,TRUE
2409,60,"F1",1000,0.2,0.5,"trait1",0.15,0.85,0,FALSE
2409,60,"F1",1000,0.2,0.5,"trait2",0,0,1,TRUE
2409,60,"F1",1000,0.2,0.5,"trait3",0,1,0,FALSE
2409,60,"F1",1000,0.2,0.5,"trait4",0,1,0,FALSE
2410,61,"F2",1000,0.2,0.5,"trait1",1,0,0,FALSE
2410,61,"F2",1000,0.2,0.5,"trait2",1,0,0,FALSE
2410,61,"F2",1000,0.2,0.5,"trait3",0,1,0,FALSE
2410,61,"F2",1000,0.2,0.5,"trait4",1,0,0,FALSE
2411,62,"F3",1000,0.2,0.5,"cont1",0.55,0.45,0,FALSE
2411,62,"F3",1000,0.2,0.5,"binary_trait",0,0.888888888888889,0.111111111111111,FALSE
2411,62,"F3",1000,0.2,0.5,"cat_trait=A",0,0,1,TRUE
2411,62,"F3",1000,0.2,0.5,"cat_trait=B",0,0,1,TRUE
2411,62,"F3",1000,0.2,0.5,"cat_trait=C",0,0,1,TRUE
2411,62,"F3",1000,0.2,0.5,"count_trait",0,0,1,TRUE
2412,63,"F1",100,0.5,0.5,"trait1",0,0,1,TRUE
2412,63,"F1",100,0.5,0.5,"trait2",0,0,1,TRUE
2412,63,"F1",100,0.5,0.5,"trait3",1,0,0,FALSE
2412,63,"F1",100,0.5,0.5,"trait4",0,0.95,0.05,FALSE
2413,64,"F2",100,0.5,0.5,"trait1",0,1,0,FALSE
2413,64,"F2",100,0.5,0.5,"trait2",0,0,1,TRUE
2413,64,"F2",100,0.5,0.5,"trait3",0,0,1,TRUE
2413,64,"F2",100,0.5,0.5,"trait4",0,0,1,TRUE
2414,65,"F3",100,0.5,0.5,"cont1",0,0,1,TRUE
2414,65,"F3",100,0.5,0.5,"binary_trait",0,0,1,TRUE
2414,65,"F3",100,0.5,0.5,"cat_trait=A",0,0,1,TRUE
2414,65,"F3",100,0.5,0.5,"cat_trait=B",0,0,1,TRUE
2414,65,"F3",100,0.5,0.5,"cat_trait=C",0,0,1,TRUE
2414,65,"F3",100,0.5,0.5,"count_trait",0,1,0,FALSE
2415,66,"F1",300,0.5,0.5,"trait1",0,1,0,FALSE
2415,66,"F1",300,0.5,0.5,"trait2",0.6,0,0.4,FALSE
2415,66,"F1",300,0.5,0.5,"trait3",0,1,0,FALSE
2415,66,"F1",300,0.5,0.5,"trait4",0,0.85,0.15,FALSE
2416,67,"F2",300,0.5,0.5,"trait1",0,1,0,FALSE
2416,67,"F2",300,0.5,0.5,"trait2",1,0,0,FALSE
2416,67,"F2",300,0.5,0.5,"trait3",0,1,0,FALSE
2416,67,"F2",300,0.5,0.5,"trait4",0,0.5,0.5,FALSE
2417,68,"F3",300,0.5,0.5,"cont1",0,0,1,TRUE
2417,68,"F3",300,0.5,0.5,"binary_trait",0,0,1,TRUE
2417,68,"F3",300,0.5,0.5,"cat_trait=A",0,0,1,TRUE
2417,68,"F3",300,0.5,0.5,"cat_trait=B",0,0,1,TRUE
2417,68,"F3",300,0.5,0.5,"cat_trait=C",0,0,1,TRUE
2417,68,"F3",300,0.5,0.5,"count_trait",0,0,1,TRUE
2418,69,"F1",1000,0.5,0.5,"trait1",0,1,0,FALSE
2418,69,"F1",1000,0.5,0.5,"trait2",0,1,0,FALSE
2418,69,"F1",1000,0.5,0.5,"trait3",0,1,0,FALSE
2418,69,"F1",1000,0.5,0.5,"trait4",0,1,0,FALSE
2419,70,"F2",1000,0.5,0.5,"trait1",0,1,0,FALSE
2419,70,"F2",1000,0.5,0.5,"trait2",0,1,0,FALSE
2419,70,"F2",1000,0.5,0.5,"trait3",0,1,0,FALSE
2419,70,"F2",1000,0.5,0.5,"trait4",0,1,0,FALSE
2420,71,"F3",1000,0.5,0.5,"cont1",0,1,0,FALSE
2420,71,"F3",1000,0.5,0.5,"binary_trait",0,1,0,FALSE
2420,71,"F3",1000,0.5,0.5,"cat_trait=A",0,1,0,FALSE
2420,71,"F3",1000,0.5,0.5,"cat_trait=B",0,1,0,FALSE
2420,71,"F3",1000,0.5,0.5,"cat_trait=C",0,1,0,FALSE
2420,71,"F3",1000,0.5,0.5,"count_trait",0,1,0,FALSE
2421,72,"F1",100,1,0.5,"trait1",0,1,0,FALSE
2421,72,"F1",100,1,0.5,"trait2",0,0.975,0.025,FALSE
2421,72,"F1",100,1,0.5,"trait3",0,1,0,FALSE
2421,72,"F1",100,1,0.5,"trait4",0,1,0,FALSE
2422,73,"F2",100,1,0.5,"trait1",0.789473684210526,0,0.210526315789474,FALSE
2422,73,"F2",100,1,0.5,"trait2",1,0,0,FALSE
2422,73,"F2",100,1,0.5,"trait3",0,1,0,FALSE
2422,73,"F2",100,1,0.5,"trait4",0,1,0,FALSE
2423,74,"F3",100,1,0.5,"cont1",0,1,0,FALSE
2423,74,"F3",100,1,0.5,"binary_trait",0,1,0,FALSE
2423,74,"F3",100,1,0.5,"cat_trait=A",0,0.4,0.6,FALSE
2423,74,"F3",100,1,0.5,"cat_trait=B",0,0.4,0.6,FALSE
2423,74,"F3",100,1,0.5,"cat_trait=C",0,0.4,0.6,FALSE
2423,74,"F3",100,1,0.5,"count_trait",1,0,0,FALSE
2424,75,"F1",300,1,0.5,"trait1",0.947368421052632,0,0.0526315789473684,FALSE
2424,75,"F1",300,1,0.5,"trait2",0,0.95,0.05,FALSE
2424,75,"F1",300,1,0.5,"trait3",0.75,0.25,0,FALSE
2424,75,"F1",300,1,0.5,"trait4",0,1,0,FALSE
2425,76,"F2",300,1,0.5,"trait1",0,1,0,FALSE
2425,76,"F2",300,1,0.5,"trait2",1,0,0,FALSE
2425,76,"F2",300,1,0.5,"trait3",0,0.7,0.3,FALSE
2425,76,"F2",300,1,0.5,"trait4",0.8,0,0.2,FALSE
2426,77,"F3",300,1,0.5,"cont1",0,1,0,FALSE
2426,77,"F3",300,1,0.5,"binary_trait",0,1,0,FALSE
2426,77,"F3",300,1,0.5,"cat_trait=A",0,1,0,FALSE
2426,77,"F3",300,1,0.5,"cat_trait=B",0,1,0,FALSE
2426,77,"F3",300,1,0.5,"cat_trait=C",0,1,0,FALSE
2426,77,"F3",300,1,0.5,"count_trait",0,0.7,0.3,FALSE
2427,78,"F1",1000,1,0.5,"trait1",0.7,0.3,0,FALSE
2427,78,"F1",1000,1,0.5,"trait2",0,1,0,FALSE
2427,78,"F1",1000,1,0.5,"trait3",1,0,0,FALSE
2427,78,"F1",1000,1,0.5,"trait4",0,0.95,0.05,FALSE
2428,79,"F2",1000,1,0.5,"trait1",0,1,0,FALSE
2428,79,"F2",1000,1,0.5,"trait2",0.947368421052632,0,0.0526315789473684,FALSE
2428,79,"F2",1000,1,0.5,"trait3",0,1,0,FALSE
2428,79,"F2",1000,1,0.5,"trait4",1,0,0,FALSE
2429,80,"F3",1000,1,0.5,"cont1",0,1,0,FALSE
2429,80,"F3",1000,1,0.5,"binary_trait",0,1,0,FALSE
2429,80,"F3",1000,1,0.5,"cat_trait=A",0,1,0,FALSE
2429,80,"F3",1000,1,0.5,"cat_trait=B",0,1,0,FALSE
2429,80,"F3",1000,1,0.5,"cat_trait=C",0,1,0,FALSE
2429,80,"F3",1000,1,0.5,"count_trait",0,0.95,0.05,FALSE
