"set","tag","n","lambda","rho","seed","converged","n_attempts","drift","ess_min","ess_med","ess_frac_low","input_fix"
"bace","rubin_types_mixed_BM_l0.3_r0_mcar0.3_n300_M20_s1",300,0.3,0,1,FALSE,1,1.25491150991783,1.75904599556059,1600,0.0227835562159485,""
"bace","rubin_types_mixed_BM_l0.3_r0_mcar0.3_n300_M20_s10",300,0.3,0,10,FALSE,1,0.799429524552594,18.4444945941539,1600,0.00495294700346706,""
"bace","rubin_types_mixed_BM_l0.3_r0_mcar0.3_n300_M20_s100",300,0.3,0,100,FALSE,1,0.288340465273806,1.47733011612782,1600,0.111936602278356,""
"bace","rubin_types_mixed_BM_l0.3_r0_mcar0.3_n300_M20_s11",300,0.3,0,11,FALSE,1,0.952967087189229,1.07729459940717,1600,0.0554730064388311,""
"bace","rubin_types_mixed_BM_l0.3_r0_mcar0.3_n300_M20_s12",300,0.3,0,12,FALSE,1,1.70120941952172,33.3016271224055,1600,0.00891530460624071,""
"bace","rubin_types_mixed_BM_l0.3_r0_mcar0.3_n300_M20_s13",300,0.3,0,13,FALSE,1,3,20.8363810021274,1600,0.00643883110450718,""
"bace","rubin_types_mixed_BM_l0.3_r0_mcar0.3_n300_M20_s14",300,0.3,0,14,FALSE,1,0.402842633364805,33.0157593246789,1600,0.0133729569093611,""
"bace","rubin_types_mixed_BM_l0.3_r0_mcar0.3_n300_M20_s15",300,0.3,0,15,FALSE,1,0.25,0.9278279809286,1599.39834299353,0.062407132243685,""
"bace","rubin_types_mixed_BM_l0.3_r0_mcar0.3_n300_M20_s16",300,0.3,0,16,FALSE,1,1.17548593518052,1.57095739369446,1600,0.0861812778603269,""
"bace","rubin_types_mixed_BM_l0.3_r0_mcar0.3_n300_M20_s17",300,0.3,0,17,FALSE,1,0.555715426248454,1.09990218546817,1600,0.0544824170381377,""
"bace","rubin_types_mixed_BM_l0.3_r0_mcar0.3_n300_M20_s18",300,0.3,0,18,FALSE,1,0.192307692307692,22.7491134588805,1600,0.00643883110450718,""
"bace","rubin_types_mixed_BM_l0.3_r0_mcar0.3_n300_M20_s19",300,0.3,0,19,FALSE,1,0.954334468629431,1.19578005829238,1600,0.0520059435364042,""
"bace","rubin_types_mixed_BM_l0.3_r0_mcar0.3_n300_M20_s2",300,0.3,0,2,FALSE,1,2.72120855837158,54.3507192060828,1600,0.00346706290242694,""
"bace","rubin_types_mixed_BM_l0.3_r0_mcar0.3_n300_M20_s20",300,0.3,0,20,FALSE,1,0.153846153846154,2.17521332185232,1600,0.0480435859336305,""
"bace","rubin_types_mixed_BM_l0.3_r0_mcar0.3_n300_M20_s21",300,0.3,0,21,TRUE,1,0.210526315789474,42.4023213567124,1600,0.00891530460624071,""
"bace","rubin_types_mixed_BM_l0.3_r0_mcar0.3_n300_M20_s22",300,0.3,0,22,FALSE,1,0.35,1.18906347473534,1600,0.105993065874195,""
"bace","rubin_types_mixed_BM_l0.3_r0_mcar0.3_n300_M20_s23",300,0.3,0,23,TRUE,1,0.229050279329609,2.06061940742996,1600,0.0926201089648341,""
"bace","rubin_types_mixed_BM_l0.3_r0_mcar0.3_n300_M20_s24",300,0.3,0,24,FALSE,1,0.783763480969653,1.77974442090597,1600,0.0153541357107479,""
"bace","rubin_types_mixed_BM_l0.3_r0_mcar0.3_n300_M20_s25",300,0.3,0,25,FALSE,1,0.75,2.38594231024942,1600,0.0906389301634472,""
"bace","rubin_types_mixed_BM_l0.3_r0_mcar0.3_n300_M20_s26",300,0.3,0,26,FALSE,1,1.12338790891234,46.3382763360384,1600,0.00842000990589401,""
"bace","rubin_types_mixed_BM_l0.3_r0_mcar0.3_n300_M20_s27",300,0.3,0,27,TRUE,1,0.344928059559489,1.51097865786231,1600,0.0460624071322437,""
"bace","rubin_types_mixed_BM_l0.3_r0_mcar0.3_n300_M20_s28",300,0.3,0,28,FALSE,1,1,2.22454708621251,1460.9678106994,0.0579494799405646,""
"bace","rubin_types_mixed_BM_l0.3_r0_mcar0.3_n300_M20_s29",300,0.3,0,29,TRUE,1,0.5,1.3440988363242,1600,0.0643883110450718,""
"bace","rubin_types_mixed_BM_l0.3_r0_mcar0.3_n300_M20_s3",300,0.3,0,3,FALSE,1,1.53039350798381,13.0755530004322,1600,0.00891530460624071,""
"bace","rubin_types_mixed_BM_l0.3_r0_mcar0.3_n300_M20_s30",300,0.3,0,30,FALSE,1,0.190092555648742,4.62727059108646,1600,0.0178306092124814,""
"bace","rubin_types_mixed_BM_l0.3_r0_mcar0.3_n300_M20_s31",300,0.3,0,31,FALSE,1,1.53437896360369,21.4506541407785,1600,0.00495294700346706,""
"bace","rubin_types_mixed_BM_l0.3_r0_mcar0.3_n300_M20_s32",300,0.3,0,32,TRUE,1,0.529566092532776,7.10157175001691,1600,0.0148588410104012,""
"bace","rubin_types_mixed_BM_l0.3_r0_mcar0.3_n300_M20_s33",300,0.3,0,33,TRUE,1,0.25,1.43596832397902,1600,0.0297176820208024,""
"bace","rubin_types_mixed_BM_l0.3_r0_mcar0.3_n300_M20_s34",300,0.3,0,34,FALSE,1,0.785714285714286,2.1666662634932,1600,0.0133729569093611,""
"bace","rubin_types_mixed_BM_l0.3_r0_mcar0.3_n300_M20_s35",300,0.3,0,35,FALSE,1,0.161290322580645,43.2744682962909,1600,0.00643883110450718,""
"bace","rubin_types_mixed_BM_l0.3_r0_mcar0.3_n300_M20_s36",300,0.3,0,36,FALSE,1,0.5,2.04327994353263,1600,0.0921248142644874,""
"bace","rubin_types_mixed_BM_l0.3_r0_mcar0.3_n300_M20_s37",300,0.3,0,37,FALSE,1,0.290307603920714,59.060384103862,1600,0.00346706290242694,""
"bace","rubin_types_mixed_BM_l0.3_r0_mcar0.3_n300_M20_s38",300,0.3,0,38,FALSE,1,0.296745629123333,36.4191429863063,1600,0.00643883110450718,""
"bace","rubin_types_mixed_BM_l0.3_r0_mcar0.3_n300_M20_s39",300,0.3,0,39,FALSE,1,1.06392664700533,1.17419725316839,1600,0.0143635463100545,""
"bace","rubin_types_mixed_BM_l0.3_r0_mcar0.3_n300_M20_s4",300,0.3,0,4,FALSE,1,0.428571428571428,2.62745261897512,1600,0.0965824665676077,""
"bace","rubin_types_mixed_BM_l0.3_r0_mcar0.3_n300_M20_s40",300,0.3,0,40,FALSE,1,4.35240852245211,31.719107601693,1600,0.00643883110450718,""
"bace","rubin_types_mixed_BM_l0.3_r0_mcar0.3_n300_M20_s41",300,0.3,0,41,FALSE,1,0.216094083671736,1.64979380242579,1600,0.0856859831599802,""
"bace","rubin_types_mixed_BM_l0.3_r0_mcar0.3_n300_M20_s42",300,0.3,0,42,FALSE,1,0.623177792119578,44.3359794835422,1600,0.00693412580485389,""
"bace","rubin_types_mixed_BM_l0.3_r0_mcar0.3_n300_M20_s43",300,0.3,0,43,FALSE,1,0.256902565142318,2.22475171843846,1600,0.0257553244180287,""
"bace","rubin_types_mixed_BM_l0.3_r0_mcar0.3_n300_M20_s44",300,0.3,0,44,FALSE,1,0.98247845396196,53.5339911452732,1600,0.00396235760277365,""
"bace","rubin_types_mixed_BM_l0.3_r0_mcar0.3_n300_M20_s45",300,0.3,0,45,TRUE,1,0.437376874141759,3.74596047149784,1600,0.0376423972263497,""
"bace","rubin_types_mixed_BM_l0.3_r0_mcar0.3_n300_M20_s46",300,0.3,0,46,FALSE,1,0.306063537342278,40.1267184652646,1600,0.00544824170381377,""
"bace","rubin_types_mixed_BM_l0.3_r0_mcar0.3_n300_M20_s47",300,0.3,0,47,FALSE,1,0.289057144179764,1.83365800393598,1600,0.0277365032194156,""
"bace","rubin_types_mixed_BM_l0.3_r0_mcar0.3_n300_M20_s48",300,0.3,0,48,FALSE,1,0.161290322580645,47.3576987561229,1600,0.00396235760277365,""
"bace","rubin_types_mixed_BM_l0.3_r0_mcar0.3_n300_M20_s49",300,0.3,0,49,FALSE,1,0.633430203960399,2.37989625634995,1600,0.0277365032194156,""
"bace","rubin_types_mixed_BM_l0.3_r0_mcar0.3_n300_M20_s5",300,0.3,0,5,FALSE,1,0.214285714285714,59.7467470682639,1600,0.00594353640416048,""
"bace","rubin_types_mixed_BM_l0.3_r0_mcar0.3_n300_M20_s50",300,0.3,0,50,FALSE,1,0.362747263104475,28.2008257350187,1600,0.00742942050520059,""
"bace","rubin_types_mixed_BM_l0.3_r0_mcar0.3_n300_M20_s51",300,0.3,0,51,FALSE,1,0.4895378820346,1.29695656565861,1600,0.12778603268945,""
"bace","rubin_types_mixed_BM_l0.3_r0_mcar0.3_n300_M20_s52",300,0.3,0,52,FALSE,1,2.96322480175375,0.978969193272121,1600,0.0381376919266964,""
"bace","rubin_types_mixed_BM_l0.3_r0_mcar0.3_n300_M20_s53",300,0.3,0,53,TRUE,1,0.333333333333333,2.71378566235724,1600,0.0227835562159485,""
"bace","rubin_types_mixed_BM_l0.3_r0_mcar0.3_n300_M20_s54",300,0.3,0,54,FALSE,1,0.318021116937585,49.8631885812398,1600,0.00594353640416048,""
"bace","rubin_types_mixed_BM_l0.3_r0_mcar0.3_n300_M20_s55",300,0.3,0,55,FALSE,1,0.428571428571428,53.6099704224116,1600,0.00346706290242694,""
"bace","rubin_types_mixed_BM_l0.3_r0_mcar0.3_n300_M20_s56",300,0.3,0,56,FALSE,1,1,1.78576620203979,1600,0.0975730559683011,""
"bace","rubin_types_mixed_BM_l0.3_r0_mcar0.3_n300_M20_s57",300,0.3,0,57,FALSE,1,1.6545680645408,1.26625669077035,1600,0.0807330361565131,""
"bace","rubin_types_mixed_BM_l0.3_r0_mcar0.3_n300_M20_s58",300,0.3,0,58,FALSE,1,0.534865128773371,44.2502065935617,1600,0.00544824170381377,""
"bace","rubin_types_mixed_BM_l0.3_r0_mcar0.3_n300_M20_s59",300,0.3,0,59,FALSE,1,0.715652772679506,53.993311774398,1600,0.00297176820208024,""
"bace","rubin_types_mixed_BM_l0.3_r0_mcar0.3_n300_M20_s6",300,0.3,0,6,FALSE,1,0.236992061786489,12.9521920416814,1600,0.0108964834076275,""
"bace","rubin_types_mixed_BM_l0.3_r0_mcar0.3_n300_M20_s60",300,0.3,0,60,TRUE,1,11.9959029988006,1.09264435787505,1600,0.0307082714214958,""
"bace","rubin_types_mixed_BM_l0.3_r0_mcar0.3_n300_M20_s61",300,0.3,0,61,FALSE,1,0.666432158793649,1.3557170775067,1600,0.100544824170381,""
"bace","rubin_types_mixed_BM_l0.3_r0_mcar0.3_n300_M20_s62",300,0.3,0,62,TRUE,1,0.135135135135135,3.35347624571669,1600,0.0143635463100545,""
"bace","rubin_types_mixed_BM_l0.3_r0_mcar0.3_n300_M20_s63",300,0.3,0,63,FALSE,1,0.569619514243853,48.010972780886,1600,0.00742942050520059,""
"bace","rubin_types_mixed_BM_l0.3_r0_mcar0.3_n300_M20_s64",300,0.3,0,64,FALSE,1,1.14744034824282,40.0195123276354,1600,0.00396235760277365,""
"bace","rubin_types_mixed_BM_l0.3_r0_mcar0.3_n300_M20_s65",300,0.3,0,65,FALSE,1,0.792781047225686,49.1886868686955,1600,0.00445765230312036,""
"bace","rubin_types_mixed_BM_l0.3_r0_mcar0.3_n300_M20_s66",300,0.3,0,66,FALSE,1,3.50857003085033,1.93850233350676,1600,0.0381376919266964,""
"bace","rubin_types_mixed_BM_l0.3_r0_mcar0.3_n300_M20_s67",300,0.3,0,67,FALSE,1,0.241379310344828,2.63008526672129,1600,0.102030708271421,""
"bace","rubin_types_mixed_BM_l0.3_r0_mcar0.3_n300_M20_s68",300,0.3,0,68,FALSE,1,1.94723237854018,22.8458570353213,1600,0.0079247152055473,""
"bace","rubin_types_mixed_BM_l0.3_r0_mcar0.3_n300_M20_s69",300,0.3,0,69,FALSE,1,1.58319944309678,1.92985648963242,1600,0.0356612184249629,""
"bace","rubin_types_mixed_BM_l0.3_r0_mcar0.3_n300_M20_s7",300,0.3,0,7,FALSE,1,0.257649616852735,1.95216423182801,1600,0.0470529965329371,""
"bace","rubin_types_mixed_BM_l0.3_r0_mcar0.3_n300_M20_s70",300,0.3,0,70,FALSE,1,0.230769230769231,1.74050624678799,1600,0.0282317979197623,""
"bace","rubin_types_mixed_BM_l0.3_r0_mcar0.3_n300_M20_s71",300,0.3,0,71,FALSE,1,0.320766816549233,1.16610299647866,1600,0.0297176820208024,""
"bace","rubin_types_mixed_BM_l0.3_r0_mcar0.3_n300_M20_s72",300,0.3,0,72,FALSE,1,79.3979545551898,27.8476793809451,1600,0.00643883110450718,""
"bace","rubin_types_mixed_BM_l0.3_r0_mcar0.3_n300_M20_s73",300,0.3,0,73,TRUE,1,1.56622937377102,1.86732795873885,1600,0.0698365527488856,""
"bace","rubin_types_mixed_BM_l0.3_r0_mcar0.3_n300_M20_s74",300,0.3,0,74,FALSE,1,35.692720871593,44.5126664030911,1600,0.00594353640416048,""
"bace","rubin_types_mixed_BM_l0.3_r0_mcar0.3_n300_M20_s75",300,0.3,0,75,FALSE,1,24.8819939182893,2.8050068474657,1600,0.0113917781079742,""
"bace","rubin_types_mixed_BM_l0.3_r0_mcar0.3_n300_M20_s76",300,0.3,0,76,FALSE,1,0.475677937207636,42.5163896229814,1600,0.00396235760277365,""
"bace","rubin_types_mixed_BM_l0.3_r0_mcar0.3_n300_M20_s77",300,0.3,0,77,FALSE,1,0.70849898925215,32.6491101419166,1600,0.00495294700346706,""
"bace","rubin_types_mixed_BM_l0.3_r0_mcar0.3_n300_M20_s78",300,0.3,0,78,FALSE,1,0.75,40.2849754024199,1600,0.00346706290242694,""
"bace","rubin_types_mixed_BM_l0.3_r0_mcar0.3_n300_M20_s79",300,0.3,0,79,FALSE,1,0.435296000514004,1.91596194891795,1600,0.00742942050520059,""
"bace","rubin_types_mixed_BM_l0.3_r0_mcar0.3_n300_M20_s8",300,0.3,0,8,TRUE,1,0.352417217932773,1.04576105851551,1600,0.117384843982169,""
"bace","rubin_types_mixed_BM_l0.3_r0_mcar0.3_n300_M20_s80",300,0.3,0,80,FALSE,1,0.296296296296296,34.5698134539866,1600,0.00396235760277365,""
"bace","rubin_types_mixed_BM_l0.3_r0_mcar0.3_n300_M20_s81",300,0.3,0,81,TRUE,1,0.583585759052224,4.17207577775133,1600,0.00544824170381377,""
"bace","rubin_types_mixed_BM_l0.3_r0_mcar0.3_n300_M20_s82",300,0.3,0,82,FALSE,1,7.52334671311399,36.8106278616017,1600,0.00396235760277365,""
"bace","rubin_types_mixed_BM_l0.3_r0_mcar0.3_n300_M20_s83",300,0.3,0,83,FALSE,1,0.235294117647059,3.0568855281849,1600,0.0153541357107479,""
"bace","rubin_types_mixed_BM_l0.3_r0_mcar0.3_n300_M20_s84",300,0.3,0,84,TRUE,1,0.934613260819343,38.0255940941959,1600,0.0079247152055473,""
"bace","rubin_types_mixed_BM_l0.3_r0_mcar0.3_n300_M20_s85",300,0.3,0,85,FALSE,1,2.99995416411444,50.8688030172441,1600,0.00247647350173353,""
"bace","rubin_types_mixed_BM_l0.3_r0_mcar0.3_n300_M20_s86",300,0.3,0,86,TRUE,1,0.133535660091047,1.6305491667238,1600,0.112927191679049,""
"bace","rubin_types_mixed_BM_l0.3_r0_mcar0.3_n300_M20_s87",300,0.3,0,87,TRUE,1,3.17041443125362,1.58608485608299,1555.50544905943,0.0827142149579,""
"bace","rubin_types_mixed_BM_l0.3_r0_mcar0.3_n300_M20_s88",300,0.3,0,88,FALSE,1,3.59122003041611,1.85132107641197,1600,0.0683506686478455,""
"bace","rubin_types_mixed_BM_l0.3_r0_mcar0.3_n300_M20_s89",300,0.3,0,89,TRUE,1,1,2.41974852234109,1600,0.0282317979197623,""
"bace","rubin_types_mixed_BM_l0.3_r0_mcar0.3_n300_M20_s9",300,0.3,0,9,FALSE,1,0.267337473060431,2.01439848916431,1600,0.0941059930658742,""
"bace","rubin_types_mixed_BM_l0.3_r0_mcar0.3_n300_M20_s90",300,0.3,0,90,FALSE,1,5.24471425572195,33.1544229933396,1600,0.00742942050520059,""
"bace","rubin_types_mixed_BM_l0.3_r0_mcar0.3_n300_M20_s91",300,0.3,0,91,TRUE,1,0.352941176470588,1.37610165863242,1600,0.149578999504705,""
"bace","rubin_types_mixed_BM_l0.3_r0_mcar0.3_n300_M20_s92",300,0.3,0,92,FALSE,1,0.696581182590896,1.18142762145614,1600,0.0846953937592868,""
"bace","rubin_types_mixed_BM_l0.3_r0_mcar0.3_n300_M20_s93",300,0.3,0,93,FALSE,1,0.328358208955224,2.25387249955691,1600,0.0321941555225359,""
"bace","rubin_types_mixed_BM_l0.3_r0_mcar0.3_n300_M20_s94",300,0.3,0,94,FALSE,1,0.857142857142857,26.4394368971533,1600,0.0153541357107479,""
"bace","rubin_types_mixed_BM_l0.3_r0_mcar0.3_n300_M20_s95",300,0.3,0,95,FALSE,1,0.75,1.22702086119548,1487.33123384341,0.0856859831599802,""
"bace","rubin_types_mixed_BM_l0.3_r0_mcar0.3_n300_M20_s96",300,0.3,0,96,TRUE,1,0.423985158926291,28.9403762762891,1600,0.00693412580485389,""
"bace","rubin_types_mixed_BM_l0.3_r0_mcar0.3_n300_M20_s97",300,0.3,0,97,FALSE,1,0.170731707317073,1.44337538543509,1600,0.110450718177315,""
"bace","rubin_types_mixed_BM_l0.3_r0_mcar0.3_n300_M20_s98",300,0.3,0,98,FALSE,1,0.713778110816598,1.26423106657279,1600,0.0406141654284299,""
"bace","rubin_types_mixed_BM_l0.3_r0_mcar0.3_n300_M20_s99",300,0.3,0,99,FALSE,1,1.25222021015243,78.2513831287677,1600,0.00148588410104012,""
"bace","rubin_types_mixed_BM_l0.3_r0.5_mcar0.3_n300_M20_s1",300,0.3,0.5,1,TRUE,1,0.153846153846154,1.16355086728021,1600,0.0435859336305102,""
"bace","rubin_types_mixed_BM_l0.3_r0.5_mcar0.3_n300_M20_s10",300,0.3,0.5,10,FALSE,1,0.333333333333333,1.32200479882601,1600,0.0406141654284299,""
"bace","rubin_types_mixed_BM_l0.3_r0.5_mcar0.3_n300_M20_s100",300,0.3,0.5,100,FALSE,1,0.285228203544515,32.9606588673044,1600,0.00445765230312036,""
"bace","rubin_types_mixed_BM_l0.3_r0.5_mcar0.3_n300_M20_s11",300,0.3,0.5,11,TRUE,1,0.124947173588859,35.3327725988547,1600,0.00495294700346706,""
"bace","rubin_types_mixed_BM_l0.3_r0.5_mcar0.3_n300_M20_s12",300,0.3,0.5,12,TRUE,1,0.109541725592993,38.2797953627713,1600,0.00544824170381377,""
"bace","rubin_types_mixed_BM_l0.3_r0.5_mcar0.3_n300_M20_s13",300,0.3,0.5,13,TRUE,1,0.0575109386961222,1.55301999260607,1600,0.0425953442298167,""
"bace","rubin_types_mixed_BM_l0.3_r0.5_mcar0.3_n300_M20_s14",300,0.3,0.5,14,TRUE,1,0.25,2.24281405866204,1600,0.0500247647350173,""
"bace","rubin_types_mixed_BM_l0.3_r0.5_mcar0.3_n300_M20_s15",300,0.3,0.5,15,TRUE,1,0.0686040689500584,3.08392273389466,1600,0.0752847944526994,""
"bace","rubin_types_mixed_BM_l0.3_r0.5_mcar0.3_n300_M20_s16",300,0.3,0.5,16,FALSE,1,0.181818181818182,32.8695485706086,1600,0.00297176820208024,""
"bace","rubin_types_mixed_BM_l0.3_r0.5_mcar0.3_n300_M20_s17",300,0.3,0.5,17,FALSE,1,0.202387829980514,1.91643536179994,1600,0.110946012877662,""
"bace","rubin_types_mixed_BM_l0.3_r0.5_mcar0.3_n300_M20_s18",300,0.3,0.5,18,TRUE,1,0.0338983050847458,2.20998913646013,1600,0.0143635463100545,""
"bace","rubin_types_mixed_BM_l0.3_r0.5_mcar0.3_n300_M20_s19",300,0.3,0.5,19,TRUE,1,0.164238337012669,1.06784224291171,1600,0.0742942050520059,""
"bace","rubin_types_mixed_BM_l0.3_r0.5_mcar0.3_n300_M20_s2",300,0.3,0.5,2,FALSE,1,0.2,13.8187149429757,1600,0.00643883110450718,""
"bace","rubin_types_mixed_BM_l0.3_r0.5_mcar0.3_n300_M20_s20",300,0.3,0.5,20,FALSE,1,0.0743375621190095,3.01307435566084,1600,0.0510153541357107,""
"bace","rubin_types_mixed_BM_l0.3_r0.5_mcar0.3_n300_M20_s21",300,0.3,0.5,21,TRUE,1,0.151388190953535,3.6129759887018,1600,0.0128776622090144,""
"bace","rubin_types_mixed_BM_l0.3_r0.5_mcar0.3_n300_M20_s22",300,0.3,0.5,22,FALSE,1,0.05,3.00862604398954,1600,0.0728083209509658,""
"bace","rubin_types_mixed_BM_l0.3_r0.5_mcar0.3_n300_M20_s23",300,0.3,0.5,23,TRUE,1,0.0857142857142857,4.74455572447727,1600,0.0970777612679544,""
"bace","rubin_types_mixed_BM_l0.3_r0.5_mcar0.3_n300_M20_s24",300,0.3,0.5,24,FALSE,1,0.0434782608695652,60.6261877239706,1600,0.00247647350173353,""
"bace","rubin_types_mixed_BM_l0.3_r0.5_mcar0.3_n300_M20_s25",300,0.3,0.5,25,TRUE,1,0.214285714285714,1.5790430062662,1600,0.12332838038633,""
"bace","rubin_types_mixed_BM_l0.3_r0.5_mcar0.3_n300_M20_s26",300,0.3,0.5,26,TRUE,1,0.214285714285714,2.73307365378165,1600,0.0341753343239227,""
"bace","rubin_types_mixed_BM_l0.3_r0.5_mcar0.3_n300_M20_s27",300,0.3,0.5,27,FALSE,1,0.131578947368421,46.9005175122487,1600,0.000990589400693413,""
"bace","rubin_types_mixed_BM_l0.3_r0.5_mcar0.3_n300_M20_s28",300,0.3,0.5,28,TRUE,1,0.0448998720124633,1.18168755359689,1600,0.0381376919266964,""
"bace","rubin_types_mixed_BM_l0.3_r0.5_mcar0.3_n300_M20_s29",300,0.3,0.5,29,FALSE,1,0.081967213114754,3.25230418184903,1600,0.020307082714215,""
"bace","rubin_types_mixed_BM_l0.3_r0.5_mcar0.3_n300_M20_s3",300,0.3,0.5,3,FALSE,1,0.162229049850402,1.30246338612243,1600,0.0950965824665676,""
"bace","rubin_types_mixed_BM_l0.3_r0.5_mcar0.3_n300_M20_s30",300,0.3,0.5,30,FALSE,1,0.2,44.7977701339798,1600,0.00396235760277365,""
"bace","rubin_types_mixed_BM_l0.3_r0.5_mcar0.3_n300_M20_s31",300,0.3,0.5,31,TRUE,1,0.0694444444444443,1.95043519653201,1600,0.105993065874195,""
"bace","rubin_types_mixed_BM_l0.3_r0.5_mcar0.3_n300_M20_s32",300,0.3,0.5,32,TRUE,1,0.229952379405666,2.33893653748962,1600,0.0212976721149084,""
"bace","rubin_types_mixed_BM_l0.3_r0.5_mcar0.3_n300_M20_s33",300,0.3,0.5,33,TRUE,1,0.0769230769230768,2.63763259208522,1600,0.0104011887072808,""
"bace","rubin_types_mixed_BM_l0.3_r0.5_mcar0.3_n300_M20_s34",300,0.3,0.5,34,TRUE,1,0.193548387096774,23.3468494287208,1600,0.00742942050520059,""
"bace","rubin_types_mixed_BM_l0.3_r0.5_mcar0.3_n300_M20_s35",300,0.3,0.5,35,FALSE,1,0.116279069767442,1.18878001511483,1600,0.0891530460624071,""
"bace","rubin_types_mixed_BM_l0.3_r0.5_mcar0.3_n300_M20_s36",300,0.3,0.5,36,TRUE,1,0.0909090909090909,1.26544973949244,1600,0.0515106488360575,""
"bace","rubin_types_mixed_BM_l0.3_r0.5_mcar0.3_n300_M20_s37",300,0.3,0.5,37,FALSE,1,0.153846153846154,2.93009118639388,1600,0.107478949975235,""
"bace","rubin_types_mixed_BM_l0.3_r0.5_mcar0.3_n300_M20_s38",300,0.3,0.5,38,FALSE,1,0.0698416488198626,41.7317603948541,1600,0.00198117880138683,""
"bace","rubin_types_mixed_BM_l0.3_r0.5_mcar0.3_n300_M20_s39",300,0.3,0.5,39,TRUE,1,0.594338746256837,1.86468583977841,1600,0.0272412085190688,""
"bace","rubin_types_mixed_BM_l0.3_r0.5_mcar0.3_n300_M20_s4",300,0.3,0.5,4,TRUE,1,0.5,4.17541399241739,1600,0.0832095096582467,""
"bace","rubin_types_mixed_BM_l0.3_r0.5_mcar0.3_n300_M20_s40",300,0.3,0.5,40,FALSE,1,0.348341523586469,11.5951355981398,1600,0.0104011887072808,""
"bace","rubin_types_mixed_BM_l0.3_r0.5_mcar0.3_n300_M20_s41",300,0.3,0.5,41,FALSE,1,0.163711300130782,1.61106683727642,1600,0.0772659732540862,""
"bace","rubin_types_mixed_BM_l0.3_r0.5_mcar0.3_n300_M20_s42",300,0.3,0.5,42,FALSE,1,0.12,61.0980583535644,1600,0.00396235760277365,""
"bace","rubin_types_mixed_BM_l0.3_r0.5_mcar0.3_n300_M20_s43",300,0.3,0.5,43,FALSE,1,0.142831495422783,27.2784243782258,1600,0.00544824170381377,""
"bace","rubin_types_mixed_BM_l0.3_r0.5_mcar0.3_n300_M20_s44",300,0.3,0.5,44,TRUE,1,0.0506123213838428,79.3347709450347,1600,0.00198117880138683,""
"bace","rubin_types_mixed_BM_l0.3_r0.5_mcar0.3_n300_M20_s45",300,0.3,0.5,45,FALSE,1,0.261723434422338,2.2987161971651,1600,0.0475482912332838,""
"bace","rubin_types_mixed_BM_l0.3_r0.5_mcar0.3_n300_M20_s46",300,0.3,0.5,46,FALSE,1,0.16,6.64669028951726,1600,0.0079247152055473,""
"bace","rubin_types_mixed_BM_l0.3_r0.5_mcar0.3_n300_M20_s47",300,0.3,0.5,47,FALSE,1,0.166666666666667,38.3050244369097,1600,0.00495294700346706,""
"bace","rubin_types_mixed_BM_l0.3_r0.5_mcar0.3_n300_M20_s48",300,0.3,0.5,48,FALSE,1,0.474573772018137,69.9380339157126,1600,0.00247647350173353,""
"bace","rubin_types_mixed_BM_l0.3_r0.5_mcar0.3_n300_M20_s49",300,0.3,0.5,49,TRUE,1,0.867547047538714,1.65412428220418,1600,0.0153541357107479,""
"bace","rubin_types_mixed_BM_l0.3_r0.5_mcar0.3_n300_M20_s5",300,0.3,0.5,5,FALSE,1,0.342657633447196,25.6346551426623,1600,0.00445765230312036,""
"bace","rubin_types_mixed_BM_l0.3_r0.5_mcar0.3_n300_M20_s50",300,0.3,0.5,50,FALSE,1,0.0869565217391306,2.12447814459538,1600,0.0123823675086677,""
"bace","rubin_types_mixed_BM_l0.3_r0.5_mcar0.3_n300_M20_s51",300,0.3,0.5,51,FALSE,1,0.076923076923077,3.48135791111142,1600,0.0921248142644874,""
"bace","rubin_types_mixed_BM_l0.3_r0.5_mcar0.3_n300_M20_s52",300,0.3,0.5,52,TRUE,1,0.198161569278698,72.6113974426641,1600,0.00148588410104012,""
"bace","rubin_types_mixed_BM_l0.3_r0.5_mcar0.3_n300_M20_s53",300,0.3,0.5,53,FALSE,1,0.151359923759274,1.22109405726229,1600,0.0381376919266964,""
"bace","rubin_types_mixed_BM_l0.3_r0.5_mcar0.3_n300_M20_s54",300,0.3,0.5,54,FALSE,1,0.214285714285714,56.7356756369425,1600,0.00148588410104012,""
"bace","rubin_types_mixed_BM_l0.3_r0.5_mcar0.3_n300_M20_s55",300,0.3,0.5,55,FALSE,1,0.25,1.29262690374037,1600,0.0272412085190688,""
"bace","rubin_types_mixed_BM_l0.3_r0.5_mcar0.3_n300_M20_s56",300,0.3,0.5,56,FALSE,1,0.2,2.08752400340458,1600,0.0955918771669143,""
"bace","rubin_types_mixed_BM_l0.3_r0.5_mcar0.3_n300_M20_s57",300,0.3,0.5,57,TRUE,1,0.211281370279225,1.54465435520214,1600,0.0762753838533928,""
"bace","rubin_types_mixed_BM_l0.3_r0.5_mcar0.3_n300_M20_s58",300,0.3,0.5,58,TRUE,1,0.0909090909090909,1.6021994261453,1600,0.0193164933135215,""
"bace","rubin_types_mixed_BM_l0.3_r0.5_mcar0.3_n300_M20_s59",300,0.3,0.5,59,FALSE,1,0.142857142857143,1.73963849847514,1600,0.067360079247152,""
"bace","rubin_types_mixed_BM_l0.3_r0.5_mcar0.3_n300_M20_s6",300,0.3,0.5,6,FALSE,1,0.0869565217391306,52.7780920888672,1600,0.00247647350173353,""
"bace","rubin_types_mixed_BM_l0.3_r0.5_mcar0.3_n300_M20_s60",300,0.3,0.5,60,FALSE,1,0.129032258064516,40.0581078639578,1600,0.00198117880138683,""
"bace","rubin_types_mixed_BM_l0.3_r0.5_mcar0.3_n300_M20_s61",300,0.3,0.5,61,TRUE,1,0.199715487645749,8.66710711982202,1600,0.0153541357107479,""
"bace","rubin_types_mixed_BM_l0.3_r0.5_mcar0.3_n300_M20_s62",300,0.3,0.5,62,TRUE,1,0.118753155620208,47.6725031884112,1600,0.00594353640416048,""
"bace","rubin_types_mixed_BM_l0.3_r0.5_mcar0.3_n300_M20_s63",300,0.3,0.5,63,TRUE,1,0.0454545454545454,5.08384126640928,1600,0.0193164933135215,""
"bace","rubin_types_mixed_BM_l0.3_r0.5_mcar0.3_n300_M20_s64",300,0.3,0.5,64,FALSE,1,0.115384615384616,3.18131720627046,1600,0.0153541357107479,""
"bace","rubin_types_mixed_BM_l0.3_r0.5_mcar0.3_n300_M20_s65",300,0.3,0.5,65,FALSE,1,0.0476190476190476,4.27907038723355,1600,0.00445765230312036,""
"bace","rubin_types_mixed_BM_l0.3_r0.5_mcar0.3_n300_M20_s66",300,0.3,0.5,66,FALSE,1,0.144335962214058,1.49316381108834,1600,0.0158494304110946,""
"bace","rubin_types_mixed_BM_l0.3_r0.5_mcar0.3_n300_M20_s67",300,0.3,0.5,67,TRUE,1,0.135135135135135,2.37595128847775,1600,0.0817236255572065,""
"bace","rubin_types_mixed_BM_l0.3_r0.5_mcar0.3_n300_M20_s68",300,0.3,0.5,68,FALSE,1,0.111111111111111,29.300103178349,1600,0.00495294700346706,""
"bace","rubin_types_mixed_BM_l0.3_r0.5_mcar0.3_n300_M20_s69",300,0.3,0.5,69,FALSE,1,0.202757999828558,1.86606469072284,1600,0.0653789004457652,""
"bace","rubin_types_mixed_BM_l0.3_r0.5_mcar0.3_n300_M20_s7",300,0.3,0.5,7,FALSE,1,0.0668133351579043,1.23356233298485,1600,0.0406141654284299,""
"bace","rubin_types_mixed_BM_l0.3_r0.5_mcar0.3_n300_M20_s70",300,0.3,0.5,70,TRUE,1,0.108377140423419,49.8270265306036,1600,0.00148588410104012,""
"bace","rubin_types_mixed_BM_l0.3_r0.5_mcar0.3_n300_M20_s71",300,0.3,0.5,71,TRUE,1,0.0479860950464321,2.86818241704869,1600,0.00742942050520059,""
"bace","rubin_types_mixed_BM_l0.3_r0.5_mcar0.3_n300_M20_s72",300,0.3,0.5,72,FALSE,1,0.650657918794696,3.06380173160478,1600,0.0079247152055473,""
"bace","rubin_types_mixed_BM_l0.3_r0.5_mcar0.3_n300_M20_s73",300,0.3,0.5,73,TRUE,1,0.125,2.41270925320718,1600,0.0713224368499257,""
"bace","rubin_types_mixed_BM_l0.3_r0.5_mcar0.3_n300_M20_s74",300,0.3,0.5,74,TRUE,1,0.0632134514514836,26.9400654624603,1600,0.0133729569093611,""
"bace","rubin_types_mixed_BM_l0.3_r0.5_mcar0.3_n300_M20_s75",300,0.3,0.5,75,FALSE,1,0.603519808902527,55.5726652876697,1600,0.00297176820208024,""
"bace","rubin_types_mixed_BM_l0.3_r0.5_mcar0.3_n300_M20_s76",300,0.3,0.5,76,FALSE,1,0.340442464836629,1.80971714262815,1600,0.0326894502228826,""
"bace","rubin_types_mixed_BM_l0.3_r0.5_mcar0.3_n300_M20_s77",300,0.3,0.5,77,FALSE,1,0.0384615384615385,2.31748976481428,1600,0.00693412580485389,""
"bace","rubin_types_mixed_BM_l0.3_r0.5_mcar0.3_n300_M20_s78",300,0.3,0.5,78,FALSE,1,0.117647058823529,53.9741469132553,1600,0.00297176820208024,""
"bace","rubin_types_mixed_BM_l0.3_r0.5_mcar0.3_n300_M20_s79",300,0.3,0.5,79,TRUE,1,0.0975609756097561,1.01819375832562,1600,0.037147102526003,""
"bace","rubin_types_mixed_BM_l0.3_r0.5_mcar0.3_n300_M20_s8",300,0.3,0.5,8,FALSE,1,0.25,1.88219744193628,1600,0.045567112431897,""
"bace","rubin_types_mixed_BM_l0.3_r0.5_mcar0.3_n300_M20_s80",300,0.3,0.5,80,TRUE,1,0.115161393671411,2.32183721526706,1600,0.0242694403169886,""
"bace","rubin_types_mixed_BM_l0.3_r0.5_mcar0.3_n300_M20_s81",300,0.3,0.5,81,TRUE,1,0.0769230769230769,46.1237497204972,1600,0.00198117880138683,""
"bace","rubin_types_mixed_BM_l0.3_r0.5_mcar0.3_n300_M20_s82",300,0.3,0.5,82,FALSE,1,0.24711084950489,4.46131369831905,1600,0.0282317979197623,""
"bace","rubin_types_mixed_BM_l0.3_r0.5_mcar0.3_n300_M20_s83",300,0.3,0.5,83,TRUE,1,0.0370370370370371,64.6755313637319,1600,0.00346706290242694,""
"bace","rubin_types_mixed_BM_l0.3_r0.5_mcar0.3_n300_M20_s84",300,0.3,0.5,84,TRUE,1,0.4,1.1582995954982,1600,0.058940069341258,""
"bace","rubin_types_mixed_BM_l0.3_r0.5_mcar0.3_n300_M20_s85",300,0.3,0.5,85,FALSE,1,0.14538432756556,3.42741798786468,1600,0.0326894502228826,""
"bace","rubin_types_mixed_BM_l0.3_r0.5_mcar0.3_n300_M20_s86",300,0.3,0.5,86,TRUE,1,0.083769810240891,1.26690112419618,1600,0.112927191679049,""
"bace","rubin_types_mixed_BM_l0.3_r0.5_mcar0.3_n300_M20_s87",300,0.3,0.5,87,FALSE,1,0.166666666666667,1.25107370573923,1600,0.0277365032194156,""
"bace","rubin_types_mixed_BM_l0.3_r0.5_mcar0.3_n300_M20_s88",300,0.3,0.5,88,FALSE,1,0.117647058823529,39.6925168087056,1600,0.00297176820208024,""
"bace","rubin_types_mixed_BM_l0.3_r0.5_mcar0.3_n300_M20_s89",300,0.3,0.5,89,FALSE,1,0.333333333333333,1.52426244233526,1600,0.0222882615156018,""
"bace","rubin_types_mixed_BM_l0.3_r0.5_mcar0.3_n300_M20_s9",300,0.3,0.5,9,TRUE,1,0.0689655172413794,1.70245284269123,1600,0.0604259534422982,""
"bace","rubin_types_mixed_BM_l0.3_r0.5_mcar0.3_n300_M20_s90",300,0.3,0.5,90,FALSE,1,0.42186848800303,3.11745926877818,1600,0.016840019811788,""
"bace","rubin_types_mixed_BM_l0.3_r0.5_mcar0.3_n300_M20_s91",300,0.3,0.5,91,FALSE,1,0.2,1.75410635130779,1600,0.0698365527488856,""
"bace","rubin_types_mixed_BM_l0.3_r0.5_mcar0.3_n300_M20_s92",300,0.3,0.5,92,TRUE,1,0.0434782608695653,4.07139718520018,1600,0.0128776622090144,""
"bace","rubin_types_mixed_BM_l0.3_r0.5_mcar0.3_n300_M20_s93",300,0.3,0.5,93,FALSE,1,0.0967741935483871,3.19337891614651,1600,0.0123823675086677,""
"bace","rubin_types_mixed_BM_l0.3_r0.5_mcar0.3_n300_M20_s94",300,0.3,0.5,94,TRUE,1,0.075492663751639,3.47864719010763,1600,0.0104011887072808,""
"bace","rubin_types_mixed_BM_l0.3_r0.5_mcar0.3_n300_M20_s95",300,0.3,0.5,95,FALSE,1,0.0925925925925926,1.44642367633527,1600,0.0693412580485389,""
"bace","rubin_types_mixed_BM_l0.3_r0.5_mcar0.3_n300_M20_s96",300,0.3,0.5,96,TRUE,1,0.136363636363636,2.13064473948506,1600,0.0366518078256563,""
"bace","rubin_types_mixed_BM_l0.3_r0.5_mcar0.3_n300_M20_s97",300,0.3,0.5,97,FALSE,1,0.0909090909090909,3.31342901201846,1600,0.108964834076275,""
"bace","rubin_types_mixed_BM_l0.3_r0.5_mcar0.3_n300_M20_s98",300,0.3,0.5,98,FALSE,1,0.334153511995881,1.68888189030275,1600,0.0376423972263497,""
"bace","rubin_types_mixed_BM_l0.3_r0.5_mcar0.3_n300_M20_s99",300,0.3,0.5,99,FALSE,1,0.548462296394821,62.7940921874643,1600,0.00396235760277365,""
"bace","rubin_types_mixed_BM_l0.7_r0_mcar0.3_n300_M20_s1",300,0.7,0,1,FALSE,1,0.285714285714286,1.68231709294831,1600,0.183259039128281,""
"bace","rubin_types_mixed_BM_l0.7_r0_mcar0.3_n300_M20_s10",300,0.7,0,10,TRUE,1,0.321662747044964,3.59977655911869,1453.70837835389,0.0802377414561664,""
"bace","rubin_types_mixed_BM_l0.7_r0_mcar0.3_n300_M20_s100",300,0.7,0,100,TRUE,1,0.19786146912757,2.0952392441683,1378.90510486662,0.226349678058445,""
"bace","rubin_types_mixed_BM_l0.7_r0_mcar0.3_n300_M20_s11",300,0.7,0,11,FALSE,1,0.233333333333333,1.34978846966906,1134.90357420206,0.205052005943536,""
"bace","rubin_types_mixed_BM_l0.7_r0_mcar0.3_n300_M20_s12",300,0.7,0,12,FALSE,1,1,1.51572771077536,1482.99123874425,0.143635463100545,""
"bace","rubin_types_mixed_BM_l0.7_r0_mcar0.3_n300_M20_s13",300,0.7,0,13,FALSE,1,0.555555555555556,1.55916913381554,1461.24218526545,0.178306092124814,""
"bace","rubin_types_mixed_BM_l0.7_r0_mcar0.3_n300_M20_s14",300,0.7,0,14,TRUE,1,0.166666666666667,1.20790635890793,1483.60369406318,0.24517087667162,""
"bace","rubin_types_mixed_BM_l0.7_r0_mcar0.3_n300_M20_s15",300,0.7,0,15,FALSE,1,0.25,2.20832351822362,1369.59417644547,0.126795443288757,""
"bace","rubin_types_mixed_BM_l0.7_r0_mcar0.3_n300_M20_s16",300,0.7,0,16,FALSE,1,0.137906605655411,1.71594525150192,1417.21506428419,0.20901436354631,""
"bace","rubin_types_mixed_BM_l0.7_r0_mcar0.3_n300_M20_s17",300,0.7,0,17,TRUE,1,0.0501786364865176,1.36684304729949,1385.24260357231,0.202080237741456,""
"bace","rubin_types_mixed_BM_l0.7_r0_mcar0.3_n300_M20_s18",300,0.7,0,18,FALSE,1,0.222222222222222,1.18595073389835,1291.95758306163,0.152550767706786,""
"bace","rubin_types_mixed_BM_l0.7_r0_mcar0.3_n300_M20_s19",300,0.7,0,19,FALSE,1,0.162162162162162,1.62468070519378,1357.00496221601,0.23051948051948,"ord: dropped 1 empty level(s)"
"bace","rubin_types_mixed_BM_l0.7_r0_mcar0.3_n300_M20_s2",300,0.7,0,2,FALSE,1,2.49034369611395,1.37780582887484,1600,0.0965824665676077,""
"bace","rubin_types_mixed_BM_l0.7_r0_mcar0.3_n300_M20_s20",300,0.7,0,20,TRUE,1,0.666666666666667,1.94061082910452,1419.64886274353,0.0936106983655275,""
"bace","rubin_types_mixed_BM_l0.7_r0_mcar0.3_n300_M20_s21",300,0.7,0,21,TRUE,1,0.0249999999999999,1.16628646303179,1515.84691776724,0.0772659732540862,""
"bace","rubin_types_mixed_BM_l0.7_r0_mcar0.3_n300_M20_s22",300,0.7,0,22,TRUE,1,0.212669683257919,2.0651549349137,1288.95505630728,0.292719167904903,""
"bace","rubin_types_mixed_BM_l0.7_r0_mcar0.3_n300_M20_s23",300,0.7,0,23,FALSE,1,0.122459994522099,0.703638468850143,1332.47045250656,0.142644873699851,""
"bace","rubin_types_mixed_BM_l0.7_r0_mcar0.3_n300_M20_s24",300,0.7,0,24,FALSE,1,0.666666666666667,1.06800009977462,1045.01250310097,0.280832095096582,""
"bace","rubin_types_mixed_BM_l0.7_r0_mcar0.3_n300_M20_s25",300,0.7,0,25,FALSE,1,1.02880285290849,0.939974754846248,1387.84701731513,0.341965471447543,"cat3: dropped 1 empty level(s)"
"bace","rubin_types_mixed_BM_l0.7_r0_mcar0.3_n300_M20_s26",300,0.7,0,26,FALSE,1,2.7870948988832,4.00540120877527,1446.47958005724,0.0742942050520059,""
"bace","rubin_types_mixed_BM_l0.7_r0_mcar0.3_n300_M20_s27",300,0.7,0,27,FALSE,1,0.231023102310231,1.51874767090535,1373.16414718685,0.203566121842496,""
"bace","rubin_types_mixed_BM_l0.7_r0_mcar0.3_n300_M20_s28",300,0.7,0,28,FALSE,1,0.5,2.14680805706426,1347.31387706334,0.268449727587915,""
"bace","rubin_types_mixed_BM_l0.7_r0_mcar0.3_n300_M20_s29",300,0.7,0,29,FALSE,1,0.6,2.5977147888982,1590.30889930234,0.133466135458167,"cat3: dropped 1 empty level(s)"
"bace","rubin_types_mixed_BM_l0.7_r0_mcar0.3_n300_M20_s3",300,0.7,0,3,TRUE,1,0.95192367518776,0.750884777500523,595.00455923853,0.393263992075285,""
"bace","rubin_types_mixed_BM_l0.7_r0_mcar0.3_n300_M20_s30",300,0.7,0,30,TRUE,1,0.227272727272727,1.35037907628321,1402.16300784736,0.0965824665676077,""
"bace","rubin_types_mixed_BM_l0.7_r0_mcar0.3_n300_M20_s31",300,0.7,0,31,FALSE,1,0.333333333333333,1.10018197229939,981.988074806649,0.170876671619614,""
"bace","rubin_types_mixed_BM_l0.7_r0_mcar0.3_n300_M20_s32",300,0.7,0,32,FALSE,1,0.136836502546204,1.85142807435306,1415.63453679058,0.193660227835562,""
"bace","rubin_types_mixed_BM_l0.7_r0_mcar0.3_n300_M20_s33",300,0.7,0,33,FALSE,1,0.2,2.19566741085365,1451.22637887317,0.20752847944527,""
"bace","rubin_types_mixed_BM_l0.7_r0_mcar0.3_n300_M20_s34",300,0.7,0,34,TRUE,1,1.2,3.20321727233152,1354.0725576108,0.104507181773155,""
"bace","rubin_types_mixed_BM_l0.7_r0_mcar0.3_n300_M20_s35",300,0.7,0,35,FALSE,1,0.111111111111111,1.56513241636834,1323.25046698297,0.175829618623081,""
"bace","rubin_types_mixed_BM_l0.7_r0_mcar0.3_n300_M20_s36",300,0.7,0,36,TRUE,1,0.039274914378337,1.15649082434596,1461.65877316643,0.189907038512616,"cat3: dropped 1 empty level(s)"
"bace","rubin_types_mixed_BM_l0.7_r0_mcar0.3_n300_M20_s37",300,0.7,0,37,FALSE,1,0.440777925762226,1.81751312148579,1551.27727866754,0.20307082714215,""
"bace","rubin_types_mixed_BM_l0.7_r0_mcar0.3_n300_M20_s38",300,0.7,0,38,FALSE,1,0.145421992588406,2.88114718112983,1457.17407957064,0.117384843982169,""
"bace","rubin_types_mixed_BM_l0.7_r0_mcar0.3_n300_M20_s39",300,0.7,0,39,TRUE,1,0.0855925804036803,1.28377257817927,1600,0.181773155027241,""
"bace","rubin_types_mixed_BM_l0.7_r0_mcar0.3_n300_M20_s4",300,0.7,0,4,TRUE,1,0.5,4.44727467145856,1600,0.0985636453689945,""
"bace","rubin_types_mixed_BM_l0.7_r0_mcar0.3_n300_M20_s40",300,0.7,0,40,FALSE,1,0.255956949792581,1.75070415331206,1445.29503686635,0.215948489351164,""
"bace","rubin_types_mixed_BM_l0.7_r0_mcar0.3_n300_M20_s41",300,0.7,0,41,TRUE,1,1111111.11111111,1.2580995500543,1013.11208888401,0.21347201584943,""
"bace","rubin_types_mixed_BM_l0.7_r0_mcar0.3_n300_M20_s42",300,0.7,0,42,TRUE,1,1.12681056489417,1.66334001452148,1225.87867212759,0.239722634967806,""
"bace","rubin_types_mixed_BM_l0.7_r0_mcar0.3_n300_M20_s43",300,0.7,0,43,FALSE,1,0.154560797164869,2.69804419036218,1484.31618337651,0.150569588905399,""
"bace","rubin_types_mixed_BM_l0.7_r0_mcar0.3_n300_M20_s44",300,0.7,0,44,FALSE,1,1,1.6346313913456,1449.01796475243,0.135710747894998,""
"bace","rubin_types_mixed_BM_l0.7_r0_mcar0.3_n300_M20_s45",300,0.7,0,45,FALSE,1,0.2,1.09033927606608,1353.751608012,0.195146111936602,""
"bace","rubin_types_mixed_BM_l0.7_r0_mcar0.3_n300_M20_s46",300,0.7,0,46,TRUE,1,0.115384615384615,1.30614856510582,1316.50365049545,0.126795443288757,""
"bace","rubin_types_mixed_BM_l0.7_r0_mcar0.3_n300_M20_s47",300,0.7,0,47,TRUE,1,0.0972222222222222,2.72364717753095,1380.15647733335,0.193660227835562,""
"bace","rubin_types_mixed_BM_l0.7_r0_mcar0.3_n300_M20_s48",300,0.7,0,48,TRUE,1,0.250624847683738,0.799419193919704,1479.32144070544,0.157008420009906,""
"bace","rubin_types_mixed_BM_l0.7_r0_mcar0.3_n300_M20_s49",300,0.7,0,49,FALSE,1,0.470435323379076,1.33231405850011,1127.77615803319,0.29172857850421,""
"bace","rubin_types_mixed_BM_l0.7_r0_mcar0.3_n300_M20_s5",300,0.7,0,5,FALSE,1,0.444444444444444,2.84477664813856,1555.84395852109,0.0183259039128281,""
"bace","rubin_types_mixed_BM_l0.7_r0_mcar0.3_n300_M20_s50",300,0.7,0,50,FALSE,1,0.166666666666667,1.88984572825746,1449.31371183664,0.173848439821694,""
"bace","rubin_types_mixed_BM_l0.7_r0_mcar0.3_n300_M20_s51",300,0.7,0,51,TRUE,1,0.5,1.15266937429758,1248.85235324877,0.406636948984646,""
"bace","rubin_types_mixed_BM_l0.7_r0_mcar0.3_n300_M20_s52",300,0.7,0,52,FALSE,1,1.5,1.77520311990907,1335.88083890896,0.189202575532442,""
"bace","rubin_types_mixed_BM_l0.7_r0_mcar0.3_n300_M20_s53",300,0.7,0,53,FALSE,1,0.2,1.96634513808744,1240.23738646834,0.157503714710253,""
"bace","rubin_types_mixed_BM_l0.7_r0_mcar0.3_n300_M20_s54",300,0.7,0,54,TRUE,1,0.152295941962226,0.659849867444919,1333.68734907124,0.268449727587915,""
"bace","rubin_types_mixed_BM_l0.7_r0_mcar0.3_n300_M20_s55",300,0.7,0,55,FALSE,1,1,1.93212248722418,1448.57038444862,0.212976721149084,""
"bace","rubin_types_mixed_BM_l0.7_r0_mcar0.3_n300_M20_s56",300,0.7,0,56,FALSE,1,1111111.11111111,0.92885828094083,1293.05193777403,0.335809806835067,""
"bace","rubin_types_mixed_BM_l0.7_r0_mcar0.3_n300_M20_s57",300,0.7,0,57,FALSE,1,0.623493917378692,1.92353950192349,1389.8267537817,0.200099058940069,""
"bace","rubin_types_mixed_BM_l0.7_r0_mcar0.3_n300_M20_s58",300,0.7,0,58,TRUE,1,0.115592140053715,1.12733219136912,1478.78241776573,0.17137196631996,""
"bace","rubin_types_mixed_BM_l0.7_r0_mcar0.3_n300_M20_s59",300,0.7,0,59,TRUE,1,1111111.11111111,0.717321033012493,1552.49324734476,0.155522535908866,""
"bace","rubin_types_mixed_BM_l0.7_r0_mcar0.3_n300_M20_s6",300,0.7,0,6,TRUE,1,0.101179459048746,0.727758120767223,1471.60479686879,0.232293214462605,""
"bace","rubin_types_mixed_BM_l0.7_r0_mcar0.3_n300_M20_s60",300,0.7,0,60,FALSE,1,0.333333333333333,1.38483379095541,1462.08852298096,0.164933135215453,""
"bace","rubin_types_mixed_BM_l0.7_r0_mcar0.3_n300_M20_s61",300,0.7,0,61,TRUE,1,0.0814363885085039,2.78717767858826,1465.1849950163,0.217929668152551,""
"bace","rubin_types_mixed_BM_l0.7_r0_mcar0.3_n300_M20_s62",300,0.7,0,62,FALSE,1,0.0453249154882166,1.75467791608345,1600,0.20752847944527,""
"bace","rubin_types_mixed_BM_l0.7_r0_mcar0.3_n300_M20_s63",300,0.7,0,63,TRUE,1,0.190476190476191,1.15665897247397,1254.30676493797,0.256562654779594,""
"bace","rubin_types_mixed_BM_l0.7_r0_mcar0.3_n300_M20_s64",300,0.7,0,64,FALSE,1,0.2,1.13699577280386,1466.57254632003,0.110946012877662,""
"bace","rubin_types_mixed_BM_l0.7_r0_mcar0.3_n300_M20_s65",300,0.7,0,65,FALSE,1,0.333333333333333,1.44141759582116,1334.29875730617,0.164437840515106,""
"bace","rubin_types_mixed_BM_l0.7_r0_mcar0.3_n300_M20_s66",300,0.7,0,66,FALSE,1,2.47052171279282,1.19270347257407,1463.92217473118,0.144130757800892,""
"bace","rubin_types_mixed_BM_l0.7_r0_mcar0.3_n300_M20_s67",300,0.7,0,67,TRUE,1,0.285714285714286,1.2173222222195,1327.23521561579,0.28875681030213,""
"bace","rubin_types_mixed_BM_l0.7_r0_mcar0.3_n300_M20_s68",300,0.7,0,68,FALSE,1,0.272727272727273,35.4983718824706,1600,0.0113917781079742,""
"bace","rubin_types_mixed_BM_l0.7_r0_mcar0.3_n300_M20_s69",300,0.7,0,69,TRUE,1,1,1.00276608373962,1384.45335801229,0.261020307082714,""
"bace","rubin_types_mixed_BM_l0.7_r0_mcar0.3_n300_M20_s7",300,0.7,0,7,FALSE,1,0.222222222222222,1.73119534968232,1352.1353167467,0.271916790490342,""
"bace","rubin_types_mixed_BM_l0.7_r0_mcar0.3_n300_M20_s70",300,0.7,0,70,FALSE,1,0.129032258064516,2.12563311507379,1322.53421999337,0.145616641901932,""
"bace","rubin_types_mixed_BM_l0.7_r0_mcar0.3_n300_M20_s71",300,0.7,0,71,TRUE,1,0.102564102564103,1.36920129290639,1372.44737229618,0.273897969291729,""
"bace","rubin_types_mixed_BM_l0.7_r0_mcar0.3_n300_M20_s72",300,0.7,0,72,FALSE,1,2.5,1.72069360505427,1453.56012017956,0.16840019811788,""
"bace","rubin_types_mixed_BM_l0.7_r0_mcar0.3_n300_M20_s73",300,0.7,0,73,FALSE,1,0.491536464550688,2.3303975793098,1430.23838611313,0.273897969291729,""
"bace","rubin_types_mixed_BM_l0.7_r0_mcar0.3_n300_M20_s74",300,0.7,0,74,FALSE,1,0.227272727272727,1.65892909355266,1483.6824652286,0.102526002971768,""
"bace","rubin_types_mixed_BM_l0.7_r0_mcar0.3_n300_M20_s75",300,0.7,0,75,FALSE,1,0.727272727272727,1.5895780710619,1312.69421062206,0.204061416542843,""
"bace","rubin_types_mixed_BM_l0.7_r0_mcar0.3_n300_M20_s76",300,0.7,0,76,TRUE,1,0.666666666666667,1.70691475335813,1459.34977408187,0.128776622090144,""
"bace","rubin_types_mixed_BM_l0.7_r0_mcar0.3_n300_M20_s77",300,0.7,0,77,FALSE,1,0.260869565217391,1.12665269562946,1443.83887487702,0.101535413571075,""
"bace","rubin_types_mixed_BM_l0.7_r0_mcar0.3_n300_M20_s78",300,0.7,0,78,FALSE,1,1111111.11111111,1.40263060115433,1600,0.137196631996038,""
"bace","rubin_types_mixed_BM_l0.7_r0_mcar0.3_n300_M20_s79",300,0.7,0,79,TRUE,1,0.0909090909090909,1.16341529744487,1376.98226380252,0.212976721149084,""
"bace","rubin_types_mixed_BM_l0.7_r0_mcar0.3_n300_M20_s8",300,0.7,0,8,TRUE,1,1.42245244206281,1.56539697619291,1271.41206620708,0.190688459633482,""
"bace","rubin_types_mixed_BM_l0.7_r0_mcar0.3_n300_M20_s80",300,0.7,0,80,FALSE,1,1,2.13786940710626,1600,0.033680039623576,""
"bace","rubin_types_mixed_BM_l0.7_r0_mcar0.3_n300_M20_s81",300,0.7,0,81,TRUE,1,0.0833333333333334,2.03284056280546,1465.99515948413,0.0802377414561664,""
"bace","rubin_types_mixed_BM_l0.7_r0_mcar0.3_n300_M20_s82",300,0.7,0,82,TRUE,1,0.0628946013755846,1.31392372075796,1600,0.155522535908866,""
"bace","rubin_types_mixed_BM_l0.7_r0_mcar0.3_n300_M20_s83",300,0.7,0,83,TRUE,1,0.079852921688684,1.31389838121543,1437.12984270682,0.138187221396731,""
"bace","rubin_types_mixed_BM_l0.7_r0_mcar0.3_n300_M20_s84",300,0.7,0,84,TRUE,1,0.2,1.3173497984346,1473.26846567543,0.179791976225854,""
"bace","rubin_types_mixed_BM_l0.7_r0_mcar0.3_n300_M20_s85",300,0.7,0,85,FALSE,1,0.784632657311398,1.38147388224371,1439.75282360516,0.216443784051511,""
"bace","rubin_types_mixed_BM_l0.7_r0_mcar0.3_n300_M20_s86",300,0.7,0,86,TRUE,1,0.272727272727273,1.35525531662219,1185.03061340337,0.353145121347202,""
"bace","rubin_types_mixed_BM_l0.7_r0_mcar0.3_n300_M20_s87",300,0.7,0,87,FALSE,1,0.396665143678505,1.83038053822495,1598.75001022895,0.109955423476969,""
"bace","rubin_types_mixed_BM_l0.7_r0_mcar0.3_n300_M20_s88",300,0.7,0,88,FALSE,1,0.1,1.34116705054082,1384.30084044414,0.214462605250124,""
"bace","rubin_types_mixed_BM_l0.7_r0_mcar0.3_n300_M20_s89",300,0.7,0,89,FALSE,1,0.5,1.59373997027587,1273.36266403883,0.197127290737989,""
"bace","rubin_types_mixed_BM_l0.7_r0_mcar0.3_n300_M20_s9",300,0.7,0,9,TRUE,1,0.0285714285714286,2.21456948136709,1268.21678182691,0.371966319960376,""
"bace","rubin_types_mixed_BM_l0.7_r0_mcar0.3_n300_M20_s90",300,0.7,0,90,FALSE,1,0.233231652427617,1.35228759862513,962.578737884155,0.294205052005944,""
"bace","rubin_types_mixed_BM_l0.7_r0_mcar0.3_n300_M20_s91",300,0.7,0,91,TRUE,1,0.0454545454545454,1.7879142747954,1279.26729066126,0.247152055473006,""
"bace","rubin_types_mixed_BM_l0.7_r0_mcar0.3_n300_M20_s92",300,0.7,0,92,FALSE,1,0.571428571428571,1.79852101456562,1570.65053295451,0.222387320455671,""
"bace","rubin_types_mixed_BM_l0.7_r0_mcar0.3_n300_M20_s93",300,0.7,0,93,FALSE,1,0.333333333333333,0.874061926372972,1396.15226140728,0.224863793957405,""
"bace","rubin_types_mixed_BM_l0.7_r0_mcar0.3_n300_M20_s94",300,0.7,0,94,FALSE,1,0.375,1.83066594272,1483.12094005489,0.211490837048044,""
"bace","rubin_types_mixed_BM_l0.7_r0_mcar0.3_n300_M20_s95",300,0.7,0,95,FALSE,1,17.0466550237765,0.996246774554557,714.892841145527,0.452204061416543,""
"bace","rubin_types_mixed_BM_l0.7_r0_mcar0.3_n300_M20_s96",300,0.7,0,96,TRUE,1,0.215306234805286,1.22739383812674,1474.30492724276,0.191679049034175,""
"bace","rubin_types_mixed_BM_l0.7_r0_mcar0.3_n300_M20_s97",300,0.7,0,97,TRUE,1,0.0646687697160884,1.80610770178909,1429.04331796189,0.258048538880634,""
"bace","rubin_types_mixed_BM_l0.7_r0_mcar0.3_n300_M20_s98",300,0.7,0,98,FALSE,1,1,1.72792915292178,1600,0.205547300643883,""
"bace","rubin_types_mixed_BM_l0.7_r0_mcar0.3_n300_M20_s99",300,0.7,0,99,FALSE,1,1,1.47986353738207,1309.13240808716,0.172857850421,""
"bace","rubin_types_mixed_BM_l0.7_r0.5_mcar0.3_n100_M20_s121",100,0.7,0.5,121,FALSE,1,0.5,1.31040780213447,107.494629109229,0.498266468548787,""
"bace","rubin_types_mixed_BM_l0.7_r0.5_mcar0.3_n100_M20_s122",100,0.7,0.5,122,FALSE,1,2,1.01091429982992,412.187391638036,0.459633481921743,""
"bace","rubin_types_mixed_BM_l0.7_r0.5_mcar0.3_n100_M20_s123",100,0.7,0.5,123,FALSE,1,0.583419964089544,1.66941284188891,307.380953592117,0.475978207033185,""
"bace","rubin_types_mixed_BM_l0.7_r0.5_mcar0.3_n100_M20_s124",100,0.7,0.5,124,TRUE,1,0.333333333333333,1.47259805905044,329.123476871551,0.480435859336305,""
"bace","rubin_types_mixed_BM_l0.7_r0.5_mcar0.3_n100_M20_s125",100,0.7,0.5,125,FALSE,1,0.595678596571438,0.951159593071187,71.1379956996663,0.510153541357107,""
"bace","rubin_types_mixed_BM_l0.7_r0.5_mcar0.3_n100_M20_s126",100,0.7,0.5,126,FALSE,1,0.666666666666667,1.04821732887616,192.103869289434,0.480435859336305,""
"bace","rubin_types_mixed_BM_l0.7_r0.5_mcar0.3_n100_M20_s127",100,0.7,0.5,127,FALSE,1,1,1.3983474661395,125.28384421808,0.488360574541852,""
"bace","rubin_types_mixed_BM_l0.7_r0.5_mcar0.3_n100_M20_s128",100,0.7,0.5,128,TRUE,1,1,0.899031054039738,70.6341893328625,0.516592372461615,""
"bace","rubin_types_mixed_BM_l0.7_r0.5_mcar0.3_n100_M20_s129",100,0.7,0.5,129,FALSE,1,0.375,1.59645444081873,199.606458484871,0.472015849430411,""
"bace","rubin_types_mixed_BM_l0.7_r0.5_mcar0.3_n100_M20_s130",100,0.7,0.5,130,FALSE,1,3.85473917896791,1.71770412240468,701.546390926684,0.468053491827637,""
"bace","rubin_types_mixed_BM_l0.7_r0.5_mcar0.3_n100_M20_s131",100,0.7,0.5,131,FALSE,1,0.2,1.41811595676099,1301.82508385634,0.454680534918276,""
"bace","rubin_types_mixed_BM_l0.7_r0.5_mcar0.3_n100_M20_s132",100,0.7,0.5,132,FALSE,1,0.230769230769231,1.53287202637625,152.294462347595,0.490341753343239,""
"bace","rubin_types_mixed_BM_l0.7_r0.5_mcar0.3_n100_M20_s133",100,0.7,0.5,133,FALSE,1,1,1.50375609440154,1061.53996955048,0.451213472015849,""
"bace","rubin_types_mixed_BM_l0.7_r0.5_mcar0.3_n100_M20_s134",100,0.7,0.5,134,FALSE,1,0.523732135385227,1.36669781201214,512.621980868137,0.472015849430411,""
"bace","rubin_types_mixed_BM_l0.7_r0.5_mcar0.3_n100_M20_s135",100,0.7,0.5,135,FALSE,1,0.3,1.01062031723365,944.369966172299,0.471520554730064,""
"bace","rubin_types_mixed_BM_l0.7_r0.5_mcar0.3_n100_M20_s136",100,0.7,0.5,136,FALSE,1,1e+07,1.32222602429127,171.598850652215,0.474492322932145,""
"bace","rubin_types_mixed_BM_l0.7_r0.5_mcar0.3_n100_M20_s137",100,0.7,0.5,137,FALSE,1,7.09048432048577,0.943826778834746,771.524634287425,0.445269935611689,""
"bace","rubin_types_mixed_BM_l0.7_r0.5_mcar0.3_n100_M20_s138",100,0.7,0.5,138,TRUE,1,0.960692463063289,1.6877653778348,624.764640716698,0.461119366022784,""
"bace","rubin_types_mixed_BM_l0.7_r0.5_mcar0.3_n100_M20_s139",100,0.7,0.5,139,FALSE,1,0.445876791608121,1.41020402233263,532.473985624703,0.449232293214463,""
"bace","rubin_types_mixed_BM_l0.7_r0.5_mcar0.3_n100_M20_s140",100,0.7,0.5,140,FALSE,1,0.471831927679113,1.51144785103119,233.725680507095,0.481921743437345,""
"bace","rubin_types_mixed_BM_l0.7_r0.5_mcar0.3_n100_M20_s141",100,0.7,0.5,141,TRUE,1,0.152627591573964,1.31564195515166,560.596492326775,0.466567607726597,""
"bace","rubin_types_mixed_BM_l0.7_r0.5_mcar0.3_n100_M20_s142",100,0.7,0.5,142,FALSE,1,0.201456338027377,1.9327590619197,207.905218948972,0.473501733531451,""
"bace","rubin_types_mixed_BM_l0.7_r0.5_mcar0.3_n100_M20_s143",100,0.7,0.5,143,FALSE,1,0.237569060773481,1.22036877801068,425.004137496115,0.475482912332838,""
"bace","rubin_types_mixed_BM_l0.7_r0.5_mcar0.3_n100_M20_s144",100,0.7,0.5,144,FALSE,1,0.917695441965687,1.28001093305922,715.243836977725,0.472015849430411,""
"bace","rubin_types_mixed_BM_l0.7_r0.5_mcar0.3_n100_M20_s145",100,0.7,0.5,145,FALSE,1,1.16666666666667,1.47863702937139,367.066283403726,0.479940564635958,""
"bace","rubin_types_mixed_BM_l0.7_r0.5_mcar0.3_n100_M20_s146",100,0.7,0.5,146,FALSE,1,0.525,0.822566645591422,20.0725626556315,0.591381872213967,""
"bace","rubin_types_mixed_BM_l0.7_r0.5_mcar0.3_n100_M20_s147",100,0.7,0.5,147,FALSE,1,0.142857142857143,1.39172309913302,32.8972635713645,0.554234769687964,""
"bace","rubin_types_mixed_BM_l0.7_r0.5_mcar0.3_n100_M20_s148",100,0.7,0.5,148,FALSE,1,0.1,1.10466590427738,622.083321492333,0.429915799900941,""
"bace","rubin_types_mixed_BM_l0.7_r0.5_mcar0.3_n100_M20_s149",100,0.7,0.5,149,FALSE,1,0.181818181818182,1.18518879631251,493.226391509864,0.438831104507182,""
"bace","rubin_types_mixed_BM_l0.7_r0.5_mcar0.3_n100_M20_s150",100,0.7,0.5,150,FALSE,1,0.350909273125835,1.75082378843256,139.655316036214,0.488360574541852,""
"bace","rubin_types_mixed_BM_l0.7_r0.5_mcar0.3_n100_M20_s151",100,0.7,0.5,151,FALSE,1,0.0769230769230769,2.12406788272577,1099.46478265664,0.381142098273572,"cat3: dropped 1 empty level(s)"
"bace","rubin_types_mixed_BM_l0.7_r0.5_mcar0.3_n100_M20_s152",100,0.7,0.5,152,FALSE,1,1,1.94689065627797,604.220097645678,0.449727587914809,""
"bace","rubin_types_mixed_BM_l0.7_r0.5_mcar0.3_n100_M20_s153",100,0.7,0.5,153,FALSE,1,0.307692307692308,1.36553034521175,226.682795156479,0.480931154036652,""
"bace","rubin_types_mixed_BM_l0.7_r0.5_mcar0.3_n100_M20_s154",100,0.7,0.5,154,FALSE,1,0.625,1.79920247084965,404.37841687603,0.474492322932145,""
"bace","rubin_types_mixed_BM_l0.7_r0.5_mcar0.3_n100_M20_s155",100,0.7,0.5,155,TRUE,1,0.074074074074074,1.11142220324498,171.432990328287,0.497294372294372,"ord: dropped 1 empty level(s)"
"bace","rubin_types_mixed_BM_l0.7_r0.5_mcar0.3_n100_M20_s156",100,0.7,0.5,156,FALSE,1,2,1.58417233139286,444.042029551235,0.470529965329371,""
"bace","rubin_types_mixed_BM_l0.7_r0.5_mcar0.3_n100_M20_s157",100,0.7,0.5,157,FALSE,1,0.5,1.47407109215755,684.250920705528,0.468053491827637,""
"bace","rubin_types_mixed_BM_l0.7_r0.5_mcar0.3_n100_M20_s158",100,0.7,0.5,158,FALSE,1,0.835038877925993,1.06719482995623,624.115100135893,0.393263992075285,""
"bace","rubin_types_mixed_BM_l0.7_r0.5_mcar0.3_n100_M20_s159",100,0.7,0.5,159,FALSE,1,0.75,1.52204273489712,1154.27214925543,0.431896978702328,""
"bace","rubin_types_mixed_BM_l0.7_r0.5_mcar0.3_n100_M20_s160",100,0.7,0.5,160,FALSE,1,0.636363636363636,1.74326773493045,302.80809998751,0.481426448736999,""
"bace","rubin_types_mixed_BM_l0.7_r0.5_mcar0.3_n100_M20_s161",100,0.7,0.5,161,FALSE,1,4.71095382070618,0.90806549848805,883.930822799789,0.366533864541833,"cat3: dropped 1 empty level(s)"
"bace","rubin_types_mixed_BM_l0.7_r0.5_mcar0.3_n100_M20_s162",100,0.7,0.5,162,FALSE,1,0.121352564070824,1.76348103199179,172.152596825956,0.481426448736999,""
"bace","rubin_types_mixed_BM_l0.7_r0.5_mcar0.3_n100_M20_s163",100,0.7,0.5,163,FALSE,1,0.168680715969139,1.31652809655372,405.52070242203,0.475978207033185,""
"bace","rubin_types_mixed_BM_l0.7_r0.5_mcar0.3_n100_M20_s164",100,0.7,0.5,164,TRUE,1,0.0115941705182592,1.31117330487943,1357.85532463568,0.286852589641434,"cat3: dropped 1 empty level(s)"
"bace","rubin_types_mixed_BM_l0.7_r0.5_mcar0.3_n100_M20_s165",100,0.7,0.5,165,TRUE,1,0.593432315917307,1.99023585476964,350.049510519213,0.469539375928678,""
"bace","rubin_types_mixed_BM_l0.7_r0.5_mcar0.3_n100_M20_s166",100,0.7,0.5,166,FALSE,1,1.94692296657261,1.50005226941467,296.854568400988,0.480931154036652,""
"bace","rubin_types_mixed_BM_l0.7_r0.5_mcar0.3_n100_M20_s167",100,0.7,0.5,167,TRUE,1,0.115384615384615,1.40382867098559,417.29590955357,0.46458642892521,""
"bace","rubin_types_mixed_BM_l0.7_r0.5_mcar0.3_n100_M20_s168",100,0.7,0.5,168,FALSE,1,0.153846153846154,1.34499059241615,764.038385591363,0.470034670629024,""
"bace","rubin_types_mixed_BM_l0.7_r0.5_mcar0.3_n100_M20_s169",100,0.7,0.5,169,FALSE,1,0.275935321406367,1.47666719360246,355.170952384181,0.478454680534918,""
"bace","rubin_types_mixed_BM_l0.7_r0.5_mcar0.3_n100_M20_s170",100,0.7,0.5,170,TRUE,1,0.961538901278278,1.16049638184924,76.1698657121237,0.508646392367323,"ord: dropped 2 empty level(s)"
"bace","rubin_types_mixed_BM_l0.7_r0.5_mcar0.3_n100_M20_s171",100,0.7,0.5,171,FALSE,1,0.130434782608696,1.30926076727307,539.185731340934,0.470779220779221,"ord: dropped 1 empty level(s)"
"bace","rubin_types_mixed_BM_l0.7_r0.5_mcar0.3_n100_M20_s172",100,0.7,0.5,172,FALSE,1,0.666666666666667,1.35985928200595,417.003349456908,0.449232293214463,""
"bace","rubin_types_mixed_BM_l0.7_r0.5_mcar0.3_n100_M20_s173",100,0.7,0.5,173,FALSE,1,0.666666666666667,0.791263301241611,576.660523965649,0.469539375928678,""
"bace","rubin_types_mixed_BM_l0.7_r0.5_mcar0.3_n100_M20_s174",100,0.7,0.5,174,FALSE,1,0.2,1.74813673722801,837.746001497236,0.441307578008915,""
"bace","rubin_types_mixed_BM_l0.7_r0.5_mcar0.3_n100_M20_s175",100,0.7,0.5,175,FALSE,1,2,1.90583059216344,749.325087935759,0.469539375928678,""
"bace","rubin_types_mixed_BM_l0.7_r0.5_mcar0.3_n100_M20_s176",100,0.7,0.5,176,FALSE,1,0.81822888285073,1.15642978366884,703.927996175377,0.469539375928678,""
"bace","rubin_types_mixed_BM_l0.7_r0.5_mcar0.3_n100_M20_s177",100,0.7,0.5,177,FALSE,1,1.38498793858753,1.64236113712155,756.983596308668,0.45567112431897,""
"bace","rubin_types_mixed_BM_l0.7_r0.5_mcar0.3_n100_M20_s178",100,0.7,0.5,178,FALSE,1,1,1.39154688639152,517.716150019243,0.478949975235265,""
"bace","rubin_types_mixed_BM_l0.7_r0.5_mcar0.3_n100_M20_s179",100,0.7,0.5,179,FALSE,1,0.6,1.97607527632322,283.380888077592,0.473501733531451,""
"bace","rubin_types_mixed_BM_l0.7_r0.5_mcar0.3_n100_M20_s180",100,0.7,0.5,180,FALSE,1,0.142857142857143,1.15393164686863,255.411074311103,0.483902922238732,""
"bace","rubin_types_mixed_BM_l0.7_r0.5_mcar0.3_n100_M20_s181",100,0.7,0.5,181,FALSE,1,0.25,1.72248905775457,976.922315906574,0.462109955423477,""
"bace","rubin_types_mixed_BM_l0.7_r0.5_mcar0.3_n100_M20_s182",100,0.7,0.5,182,FALSE,1,1,1.21359988403415,110.062894073721,0.4962852897474,""
"bace","rubin_types_mixed_BM_l0.7_r0.5_mcar0.3_n100_M20_s183",100,0.7,0.5,183,FALSE,1,1,1.76885763694716,394.381378725287,0.473997028231798,""
"bace","rubin_types_mixed_BM_l0.7_r0.5_mcar0.3_n100_M20_s184",100,0.7,0.5,184,TRUE,1,0.333333333333333,1.56827772409965,919.053568867117,0.456175298804781,"cat3: dropped 1 empty level(s)"
"bace","rubin_types_mixed_BM_l0.7_r0.5_mcar0.3_n100_M20_s185",100,0.7,0.5,185,FALSE,1,0.519040686080225,1.41438565051479,371.879682272495,0.472015849430411,""
"bace","rubin_types_mixed_BM_l0.7_r0.5_mcar0.3_n100_M20_s186",100,0.7,0.5,186,TRUE,1,1,1.38917633180318,178.033297864431,0.481426448736999,""
"bace","rubin_types_mixed_BM_l0.7_r0.5_mcar0.3_n100_M20_s187",100,0.7,0.5,187,FALSE,1,0.25,1.21105317254499,244.128764913027,0.488360574541852,""
"bace","rubin_types_mixed_BM_l0.7_r0.5_mcar0.3_n100_M20_s188",100,0.7,0.5,188,FALSE,1,1.71259175484793,1.52898622103298,815.449873015134,0.400198117880139,""
"bace","rubin_types_mixed_BM_l0.7_r0.5_mcar0.3_n100_M20_s189",100,0.7,0.5,189,FALSE,1,0.333333333333333,1.79956747150977,549.092039941918,0.451708766716196,""
"bace","rubin_types_mixed_BM_l0.7_r0.5_mcar0.3_n100_M20_s190",100,0.7,0.5,190,FALSE,1,0.266666666666667,1.43277871517891,674.498933251534,0.438831104507182,""
"bace","rubin_types_mixed_BM_l0.7_r0.5_mcar0.3_n100_M20_s191",100,0.7,0.5,191,TRUE,1,0.180981509156903,1.34458865524603,169.649883807952,0.480435859336305,""
"bace","rubin_types_mixed_BM_l0.7_r0.5_mcar0.3_n100_M20_s192",100,0.7,0.5,192,FALSE,1,0.181818181818182,1.8288480452669,534.098171261177,0.468548786527984,""
"bace","rubin_types_mixed_BM_l0.7_r0.5_mcar0.3_n100_M20_s193",100,0.7,0.5,193,FALSE,1,0.308288009136053,1.43651092440466,437.977764895847,0.453689945517583,""
"bace","rubin_types_mixed_BM_l0.7_r0.5_mcar0.3_n100_M20_s194",100,0.7,0.5,194,FALSE,1,0.175362787860577,1.37686462411316,298.409177177617,0.469539375928678,""
"bace","rubin_types_mixed_BM_l0.7_r0.5_mcar0.3_n100_M20_s195",100,0.7,0.5,195,FALSE,1,3.39820711450608,1.20429020319615,23.9907711672675,0.614660723130263,""
"bace","rubin_types_mixed_BM_l0.7_r0.5_mcar0.3_n100_M20_s196",100,0.7,0.5,196,FALSE,1,0.153846153846154,1.57436072483718,688.891548301184,0.469539375928678,""
"bace","rubin_types_mixed_BM_l0.7_r0.5_mcar0.3_n100_M20_s197",100,0.7,0.5,197,FALSE,1,0.25,1.51139455441052,996.944777996271,0.430411094601288,""
"bace","rubin_types_mixed_BM_l0.7_r0.5_mcar0.3_n100_M20_s198",100,0.7,0.5,198,TRUE,1,0.2,1.16417538051968,443.350189485012,0.464091134224864,""
"bace","rubin_types_mixed_BM_l0.7_r0.5_mcar0.3_n100_M20_s199",100,0.7,0.5,199,FALSE,1,0.333333333333333,1.55782036888379,172.002362404752,0.484893511639425,""
"bace","rubin_types_mixed_BM_l0.7_r0.5_mcar0.3_n100_M20_s200",100,0.7,0.5,200,FALSE,1,0.225915128417326,1.58484189072883,738.527702828279,0.433878157503715,""
"bace","rubin_types_mixed_BM_l0.7_r0.5_mcar0.3_n300_M20_s1",300,0.7,0.5,1,TRUE,1,0.333333333333333,1.09074051598118,1363.28979699748,0.269935611688955,""
"bace","rubin_types_mixed_BM_l0.7_r0.5_mcar0.3_n300_M20_s10",300,0.7,0.5,10,FALSE,1,0.0909090909090909,2.27913250170838,1600,0.0946012877662209,""
"bace","rubin_types_mixed_BM_l0.7_r0.5_mcar0.3_n300_M20_s100",300,0.7,0.5,100,FALSE,1,0.428571428571428,4.03056720078008,1455.83954147479,0.196631996037642,""
"bace","rubin_types_mixed_BM_l0.7_r0.5_mcar0.3_n300_M20_s11",300,0.7,0.5,11,TRUE,1,0.0760046266578272,1.84631086754441,1369.65744748782,0.191679049034175,""
"bace","rubin_types_mixed_BM_l0.7_r0.5_mcar0.3_n300_M20_s12",300,0.7,0.5,12,TRUE,1,0.135742508974698,1.04931941406615,1487.17400891277,0.12778603268945,""
"bace","rubin_types_mixed_BM_l0.7_r0.5_mcar0.3_n300_M20_s13",300,0.7,0.5,13,FALSE,1,0.166666666666667,1.11675176054485,1422.95792217506,0.181277860326894,""
"bace","rubin_types_mixed_BM_l0.7_r0.5_mcar0.3_n300_M20_s14",300,0.7,0.5,14,FALSE,1,0.333333333333333,2.12106594816592,1435.1145567038,0.20307082714215,""
"bace","rubin_types_mixed_BM_l0.7_r0.5_mcar0.3_n300_M20_s15",300,0.7,0.5,15,TRUE,1,0.0714285714285714,2.2385404424368,1427.73562600256,0.21050024764735,""
"bace","rubin_types_mixed_BM_l0.7_r0.5_mcar0.3_n300_M20_s16",300,0.7,0.5,16,FALSE,1,0.454206039486784,1.26444624847419,1309.34198686709,0.25408618127786,""
"bace","rubin_types_mixed_BM_l0.7_r0.5_mcar0.3_n300_M20_s17",300,0.7,0.5,17,TRUE,1,0.0333333333333334,0.877923566534914,1485.99607123188,0.245666171371966,""
"bace","rubin_types_mixed_BM_l0.7_r0.5_mcar0.3_n300_M20_s18",300,0.7,0.5,18,TRUE,1,0.0714285714285714,1.48874736858449,1286.00223270557,0.212976721149084,""
"bace","rubin_types_mixed_BM_l0.7_r0.5_mcar0.3_n300_M20_s19",300,0.7,0.5,19,TRUE,1,0.111150272959786,1.17306530478641,1600,0.178801386825161,""
"bace","rubin_types_mixed_BM_l0.7_r0.5_mcar0.3_n300_M20_s2",300,0.7,0.5,2,FALSE,1,0.171345787322509,1.13203821708367,1600,0.200594353640416,""
"bace","rubin_types_mixed_BM_l0.7_r0.5_mcar0.3_n300_M20_s20",300,0.7,0.5,20,TRUE,1,0.0465116279069768,1.20949230613774,1469.40614574178,0.21198613174839,""
"bace","rubin_types_mixed_BM_l0.7_r0.5_mcar0.3_n300_M20_s21",300,0.7,0.5,21,TRUE,1,0.111111111111111,2.96971952978247,1600,0.0648836057454185,""
"bace","rubin_types_mixed_BM_l0.7_r0.5_mcar0.3_n300_M20_s22",300,0.7,0.5,22,FALSE,1,0.0909090909090909,2.99081004494357,1404.51294113557,0.185240217929668,""
"bace","rubin_types_mixed_BM_l0.7_r0.5_mcar0.3_n300_M20_s23",300,0.7,0.5,23,TRUE,1,0.0277777777777778,1.88037036530545,1206.01859242253,0.281327389796929,""
"bace","rubin_types_mixed_BM_l0.7_r0.5_mcar0.3_n300_M20_s24",300,0.7,0.5,24,TRUE,1,0.374879459804314,0.78948625234294,1048.63218114535,0.313026250619118,""
"bace","rubin_types_mixed_BM_l0.7_r0.5_mcar0.3_n300_M20_s25",300,0.7,0.5,25,TRUE,1,6.09868176560631,1.00383207667951,1208.9999184285,0.324913323427439,""
"bace","rubin_types_mixed_BM_l0.7_r0.5_mcar0.3_n300_M20_s26",300,0.7,0.5,26,TRUE,1,0.0555555555555556,1.10700836382178,1550.67074526784,0.053987122337791,""
"bace","rubin_types_mixed_BM_l0.7_r0.5_mcar0.3_n300_M20_s27",300,0.7,0.5,27,TRUE,1,0.208333333333333,2.33290170360895,1489.63914646671,0.150074294205052,""
"bace","rubin_types_mixed_BM_l0.7_r0.5_mcar0.3_n300_M20_s28",300,0.7,0.5,28,TRUE,1,0.143388043980109,1.59945423075352,1328.99966261796,0.205052005943536,""
"bace","rubin_types_mixed_BM_l0.7_r0.5_mcar0.3_n300_M20_s29",300,0.7,0.5,29,FALSE,1,1,0.936520493528019,1341.9318379228,0.349678058444775,""
"bace","rubin_types_mixed_BM_l0.7_r0.5_mcar0.3_n300_M20_s3",300,0.7,0.5,3,FALSE,1,0.250103573273477,0.937195374222373,1294.77458071337,0.232788509162952,""
"bace","rubin_types_mixed_BM_l0.7_r0.5_mcar0.3_n300_M20_s30",300,0.7,0.5,30,TRUE,1,0.03125,1.2181928468776,1482.43051467715,0.0926201089648341,""
"bace","rubin_types_mixed_BM_l0.7_r0.5_mcar0.3_n300_M20_s31",300,0.7,0.5,31,FALSE,1,0.0624999999999999,1.1576052947712,1257.42908614768,0.234769687964339,""
"bace","rubin_types_mixed_BM_l0.7_r0.5_mcar0.3_n300_M20_s32",300,0.7,0.5,32,TRUE,1,0.125,2.12127879136703,1365.34086517666,0.289252105002477,""
"bace","rubin_types_mixed_BM_l0.7_r0.5_mcar0.3_n300_M20_s33",300,0.7,0.5,33,FALSE,1,0.0909090909090909,1.4236632774723,1404.45834429308,0.230807330361565,""
"bace","rubin_types_mixed_BM_l0.7_r0.5_mcar0.3_n300_M20_s34",300,0.7,0.5,34,TRUE,1,0.0769230769230768,2.21685212497475,1324.04481951547,0.265477959385835,""
"bace","rubin_types_mixed_BM_l0.7_r0.5_mcar0.3_n300_M20_s35",300,0.7,0.5,35,TRUE,1,0.0270270270270271,1.58017606463563,1364.76914370214,0.176324913323427,""
"bace","rubin_types_mixed_BM_l0.7_r0.5_mcar0.3_n300_M20_s36",300,0.7,0.5,36,FALSE,1,0.384289391299765,1.44945583554287,1306.34666823834,0.217434373452204,""
"bace","rubin_types_mixed_BM_l0.7_r0.5_mcar0.3_n300_M20_s37",300,0.7,0.5,37,TRUE,1,0.0410958904109589,1.88322542736034,1305.25816585048,0.255076770678554,""
"bace","rubin_types_mixed_BM_l0.7_r0.5_mcar0.3_n300_M20_s38",300,0.7,0.5,38,FALSE,1,0.157252835911499,2.05154034444378,1461.79725208173,0.17137196631996,""
"bace","rubin_types_mixed_BM_l0.7_r0.5_mcar0.3_n300_M20_s39",300,0.7,0.5,39,TRUE,1,0.0571428571428572,1.46821476547318,1539.48339142867,0.179791976225854,""
"bace","rubin_types_mixed_BM_l0.7_r0.5_mcar0.3_n300_M20_s4",300,0.7,0.5,4,TRUE,1,0.034092450793199,1.55799115224643,1438.84076220615,0.3382862803368,""
"bace","rubin_types_mixed_BM_l0.7_r0.5_mcar0.3_n300_M20_s40",300,0.7,0.5,40,TRUE,1,0.5,2.90934311146486,1600,0.134224863793957,""
"bace","rubin_types_mixed_BM_l0.7_r0.5_mcar0.3_n300_M20_s41",300,0.7,0.5,41,TRUE,1,0.0771622176428717,0.939688348677965,1232.35411508399,0.25260029717682,""
"bace","rubin_types_mixed_BM_l0.7_r0.5_mcar0.3_n300_M20_s42",300,0.7,0.5,42,FALSE,1,0.30259411897291,1.71380735478589,1600,0.127290737989104,""
"bace","rubin_types_mixed_BM_l0.7_r0.5_mcar0.3_n300_M20_s43",300,0.7,0.5,43,TRUE,1,0.090909090909091,1.23088833837924,1482.14452971717,0.187716691431402,""
"bace","rubin_types_mixed_BM_l0.7_r0.5_mcar0.3_n300_M20_s44",300,0.7,0.5,44,TRUE,1,0.2,1.24449578341191,1457.75499387985,0.146607231302625,""
"bace","rubin_types_mixed_BM_l0.7_r0.5_mcar0.3_n300_M20_s45",300,0.7,0.5,45,FALSE,1,0.2,3.51605123375682,1448.28725324357,0.193164933135215,""
"bace","rubin_types_mixed_BM_l0.7_r0.5_mcar0.3_n300_M20_s46",300,0.7,0.5,46,TRUE,1,0.0392156862745099,5.66108971338484,1600,0.0747894997523526,""
"bace","rubin_types_mixed_BM_l0.7_r0.5_mcar0.3_n300_M20_s47",300,0.7,0.5,47,TRUE,1,0.0714285714285714,2.31890759711851,1445.23910895128,0.186230807330362,""
"bace","rubin_types_mixed_BM_l0.7_r0.5_mcar0.3_n300_M20_s48",300,0.7,0.5,48,TRUE,1,0.112855104992861,1.37185719461987,1600,0.133234274393264,""
"bace","rubin_types_mixed_BM_l0.7_r0.5_mcar0.3_n300_M20_s49",300,0.7,0.5,49,TRUE,1,0.089006008318728,1.17877803441323,1373.50317565398,0.194155522535909,""
"bace","rubin_types_mixed_BM_l0.7_r0.5_mcar0.3_n300_M20_s5",300,0.7,0.5,5,FALSE,1,0.137622863255302,1.72065970212181,1600,0.0837048043585934,""
"bace","rubin_types_mixed_BM_l0.7_r0.5_mcar0.3_n300_M20_s50",300,0.7,0.5,50,FALSE,1,0.0588235294117648,3.9019925483239,1446.98814825015,0.177810797424468,""
"bace","rubin_types_mixed_BM_l0.7_r0.5_mcar0.3_n300_M20_s51",300,0.7,0.5,51,TRUE,1,2.68721768890785,1.59761886673135,1445.81047094947,0.202080237741456,""
"bace","rubin_types_mixed_BM_l0.7_r0.5_mcar0.3_n300_M20_s52",300,0.7,0.5,52,TRUE,1,0.0555555555555555,3.90726239374884,1447.00037861084,0.215948489351164,""
"bace","rubin_types_mixed_BM_l0.7_r0.5_mcar0.3_n300_M20_s53",300,0.7,0.5,53,TRUE,1,0.0188679245283018,1.29244711201017,1463.35871008806,0.127290737989104,""
"bace","rubin_types_mixed_BM_l0.7_r0.5_mcar0.3_n300_M20_s54",300,0.7,0.5,54,FALSE,1,0.271222190594745,1.1591055019506,1407.57832081426,0.189202575532442,""
"bace","rubin_types_mixed_BM_l0.7_r0.5_mcar0.3_n300_M20_s55",300,0.7,0.5,55,FALSE,1,1,0.932702882870453,1404.98936467452,0.277056277056277,"ord: dropped 1 empty level(s)"
"bace","rubin_types_mixed_BM_l0.7_r0.5_mcar0.3_n300_M20_s56",300,0.7,0.5,56,TRUE,1,0.333333333333333,1.26711613427857,1196.32584084578,0.280336800396236,""
"bace","rubin_types_mixed_BM_l0.7_r0.5_mcar0.3_n300_M20_s57",300,0.7,0.5,57,TRUE,1,0.125,2.09433132897272,1430.5409744483,0.218424962852897,""
"bace","rubin_types_mixed_BM_l0.7_r0.5_mcar0.3_n300_M20_s58",300,0.7,0.5,58,TRUE,1,0.125,2.42498782507296,1469.03280078455,0.179296681525508,""
"bace","rubin_types_mixed_BM_l0.7_r0.5_mcar0.3_n300_M20_s59",300,0.7,0.5,59,TRUE,1,0.0476505539173821,1.38074247618527,1436.05782973879,0.165923724616147,""
"bace","rubin_types_mixed_BM_l0.7_r0.5_mcar0.3_n300_M20_s6",300,0.7,0.5,6,FALSE,1,0.172413793103448,0.954528371862918,1600,0.218424962852897,""
"bace","rubin_types_mixed_BM_l0.7_r0.5_mcar0.3_n300_M20_s60",300,0.7,0.5,60,TRUE,1,0.0333333333333332,1.43135721584679,1556.52710294436,0.0554730064388311,""
"bace","rubin_types_mixed_BM_l0.7_r0.5_mcar0.3_n300_M20_s61",300,0.7,0.5,61,FALSE,1,1.69252802220272,1.40852952481061,1457.80225141411,0.220406141654284,""
"bace","rubin_types_mixed_BM_l0.7_r0.5_mcar0.3_n300_M20_s62",300,0.7,0.5,62,FALSE,1,0.111111111111111,1.67635186884823,1484.04351058562,0.175334323922734,""
"bace","rubin_types_mixed_BM_l0.7_r0.5_mcar0.3_n300_M20_s63",300,0.7,0.5,63,FALSE,1,0.2,1.61014756662475,1474.42136784818,0.151560178306092,""
"bace","rubin_types_mixed_BM_l0.7_r0.5_mcar0.3_n300_M20_s64",300,0.7,0.5,64,TRUE,1,0.5,1.40592015453799,1501.26006029469,0.195641406636949,""
"bace","rubin_types_mixed_BM_l0.7_r0.5_mcar0.3_n300_M20_s65",300,0.7,0.5,65,TRUE,1,0.108993337871077,1.88925245704599,1600,0.0718177315502724,""
"bace","rubin_types_mixed_BM_l0.7_r0.5_mcar0.3_n300_M20_s66",300,0.7,0.5,66,TRUE,1,0.0769230769230768,1.85839488288152,1600,0.0832095096582467,""
"bace","rubin_types_mixed_BM_l0.7_r0.5_mcar0.3_n300_M20_s67",300,0.7,0.5,67,FALSE,1,0.117647058823529,1.27963284877576,1380.05832924763,0.294205052005944,""
"bace","rubin_types_mixed_BM_l0.7_r0.5_mcar0.3_n300_M20_s68",300,0.7,0.5,68,TRUE,1,0.4,2.02613342440119,1465.7519147442,0.177315502724121,""
"bace","rubin_types_mixed_BM_l0.7_r0.5_mcar0.3_n300_M20_s69",300,0.7,0.5,69,FALSE,1,0.307780892921197,1.2422165935515,1302.01038550392,0.294205052005944,""
"bace","rubin_types_mixed_BM_l0.7_r0.5_mcar0.3_n300_M20_s7",300,0.7,0.5,7,FALSE,1,0.206896551724138,1.38017668455483,1527.41376434777,0.274888558692422,""
"bace","rubin_types_mixed_BM_l0.7_r0.5_mcar0.3_n300_M20_s70",300,0.7,0.5,70,TRUE,1,0.0747510879757749,1.30250437309188,1443.45019375029,0.145121347201585,""
"bace","rubin_types_mixed_BM_l0.7_r0.5_mcar0.3_n300_M20_s71",300,0.7,0.5,71,TRUE,1,0.0343347639484977,1.06157576543084,1269.1633702873,0.278138528138528,"ord: dropped 1 empty level(s)"
"bace","rubin_types_mixed_BM_l0.7_r0.5_mcar0.3_n300_M20_s72",300,0.7,0.5,72,TRUE,1,0.0434782608695653,2.36880480949369,1566.6371461822,0.232788509162952,""
"bace","rubin_types_mixed_BM_l0.7_r0.5_mcar0.3_n300_M20_s73",300,0.7,0.5,73,TRUE,1,0.0870173634602853,1.34400882449379,1420.92312492156,0.225359088657751,""
"bace","rubin_types_mixed_BM_l0.7_r0.5_mcar0.3_n300_M20_s74",300,0.7,0.5,74,TRUE,1,0.0491803278688524,1.43042668492729,1412.98413212195,0.191183754333829,""
"bace","rubin_types_mixed_BM_l0.7_r0.5_mcar0.3_n300_M20_s75",300,0.7,0.5,75,FALSE,1,0.147058823529412,0.891964414778677,1600,0.0361565131253096,""
"bace","rubin_types_mixed_BM_l0.7_r0.5_mcar0.3_n300_M20_s76",300,0.7,0.5,76,TRUE,1,0.0511432961477656,1.70856774450438,1456.23049334936,0.152055473006439,""
"bace","rubin_types_mixed_BM_l0.7_r0.5_mcar0.3_n300_M20_s77",300,0.7,0.5,77,FALSE,1,0.2,4.0505959210618,1526.90303418615,0.0881624566617137,""
"bace","rubin_types_mixed_BM_l0.7_r0.5_mcar0.3_n300_M20_s78",300,0.7,0.5,78,FALSE,1,0.166666666666667,1.18489078147586,1478.17363284148,0.162951956414066,""
"bace","rubin_types_mixed_BM_l0.7_r0.5_mcar0.3_n300_M20_s79",300,0.7,0.5,79,TRUE,1,0.227236321766776,1.49999614454643,1460.11266358989,0.157503714710253,""
"bace","rubin_types_mixed_BM_l0.7_r0.5_mcar0.3_n300_M20_s8",300,0.7,0.5,8,FALSE,1,0.142857142857143,0.93536317564083,1469.28491112844,0.12630014858841,""
"bace","rubin_types_mixed_BM_l0.7_r0.5_mcar0.3_n300_M20_s80",300,0.7,0.5,80,TRUE,1,0.064516129032258,3.89787117389564,1514.62596064895,0.025260029717682,""
"bace","rubin_types_mixed_BM_l0.7_r0.5_mcar0.3_n300_M20_s81",300,0.7,0.5,81,TRUE,1,0.069767441860465,1.93508316195045,1357.03625436535,0.272907379891035,""
"bace","rubin_types_mixed_BM_l0.7_r0.5_mcar0.3_n300_M20_s82",300,0.7,0.5,82,TRUE,1,0.106682922705868,1.84736628820131,1465.14194782331,0.198117880138683,""
"bace","rubin_types_mixed_BM_l0.7_r0.5_mcar0.3_n300_M20_s83",300,0.7,0.5,83,FALSE,1,0.107142857142857,1.19865747169591,1347.32853595717,0.121347201584943,""
"bace","rubin_types_mixed_BM_l0.7_r0.5_mcar0.3_n300_M20_s84",300,0.7,0.5,84,FALSE,1,0.285714285714286,2.21216469071601,1600,0.176324913323427,""
"bace","rubin_types_mixed_BM_l0.7_r0.5_mcar0.3_n300_M20_s85",300,0.7,0.5,85,TRUE,1,0.0416666666666667,1.32591187867858,1443.70310843037,0.286775631500743,""
"bace","rubin_types_mixed_BM_l0.7_r0.5_mcar0.3_n300_M20_s86",300,0.7,0.5,86,TRUE,1,0.25,1.17978822542482,1401.72447003058,0.187221396731055,""
"bace","rubin_types_mixed_BM_l0.7_r0.5_mcar0.3_n300_M20_s87",300,0.7,0.5,87,TRUE,1,0.125,0.997500923410119,1600,0.160475482912333,""
"bace","rubin_types_mixed_BM_l0.7_r0.5_mcar0.3_n300_M20_s88",300,0.7,0.5,88,TRUE,1,0.0555555555555555,2.75940951081545,1432.27102704206,0.257553244180287,""
"bace","rubin_types_mixed_BM_l0.7_r0.5_mcar0.3_n300_M20_s89",300,0.7,0.5,89,FALSE,1,2,2.40615386962566,1422.12123173943,0.210995542347697,""
"bace","rubin_types_mixed_BM_l0.7_r0.5_mcar0.3_n300_M20_s9",300,0.7,0.5,9,TRUE,1,0.205386950360795,1.93200767713232,1299.47527765136,0.276374442793462,""
"bace","rubin_types_mixed_BM_l0.7_r0.5_mcar0.3_n300_M20_s90",300,0.7,0.5,90,TRUE,1,0.0833333333333334,3.03533291860708,1463.59158154084,0.202575532441803,""
"bace","rubin_types_mixed_BM_l0.7_r0.5_mcar0.3_n300_M20_s91",300,0.7,0.5,91,FALSE,1,0.75,2.18853489295058,1243.72949389867,0.265477959385835,""
"bace","rubin_types_mixed_BM_l0.7_r0.5_mcar0.3_n300_M20_s92",300,0.7,0.5,92,TRUE,1,0.1,1.57418427362583,1411.31604061439,0.205547300643883,""
"bace","rubin_types_mixed_BM_l0.7_r0.5_mcar0.3_n300_M20_s93",300,0.7,0.5,93,FALSE,1,0.25,0.996030397570467,1482.72355150464,0.117880138682516,""
"bace","rubin_types_mixed_BM_l0.7_r0.5_mcar0.3_n300_M20_s94",300,0.7,0.5,94,TRUE,1,0.0588235294117646,1.94575947002518,1456.96575440109,0.154531946508172,""
"bace","rubin_types_mixed_BM_l0.7_r0.5_mcar0.3_n300_M20_s95",300,0.7,0.5,95,TRUE,1,0.441849780597525,1.28687575713767,1194.08841625515,0.37295690936107,""
"bace","rubin_types_mixed_BM_l0.7_r0.5_mcar0.3_n300_M20_s96",300,0.7,0.5,96,TRUE,1,0.0476190476190477,0.692265657269815,1600,0.155522535908866,""
"bace","rubin_types_mixed_BM_l0.7_r0.5_mcar0.3_n300_M20_s97",300,0.7,0.5,97,TRUE,1,0.00638513303546351,1.24050579083129,1487.07759279227,0.20604259534423,""
"bace","rubin_types_mixed_BM_l0.7_r0.5_mcar0.3_n300_M20_s98",300,0.7,0.5,98,FALSE,1,0.0368731292446596,0.878738590217477,1454.81493296783,0.138187221396731,""
"bace","rubin_types_mixed_BM_l0.7_r0.5_mcar0.3_n300_M20_s99",300,0.7,0.5,99,FALSE,1,0.138834423941727,1.07544187822855,1455.5225831893,0.120851906884596,""
"bace","rubin_types_mixed_BM_l1_r0_mcar0.3_n100_M20_s1",100,1,0,1,FALSE,1,0.857142857142857,0.758831183000314,41.5870062959448,0.548291233283804,""
"bace","rubin_types_mixed_BM_l1_r0_mcar0.3_n100_M20_s100",100,1,0,100,TRUE,1,0.114724495824437,1.23145209749451,106.514413409695,0.4962852897474,""
"bace","rubin_types_mixed_BM_l1_r0_mcar0.3_n100_M20_s102",100,1,0,102,FALSE,1,0.223431345112488,1.41119511075902,106.897437079286,0.4962852897474,""
"bace","rubin_types_mixed_BM_l1_r0_mcar0.3_n100_M20_s103",100,1,0,103,TRUE,1,0.125,0.841226567537442,954.874314770413,0.391935483870968,"ord: dropped 2 empty level(s);cat3: dropped 1 empty level(s)"
"bace","rubin_types_mixed_BM_l1_r0_mcar0.3_n100_M20_s104",100,1,0,104,FALSE,1,3333333.33333333,1.54248892508185,77.8571746972306,0.508658008658009,"ord: dropped 1 empty level(s)"
"bace","rubin_types_mixed_BM_l1_r0_mcar0.3_n100_M20_s105",100,1,0,105,TRUE,1,0.0662251655629139,1.53023206998182,204.576955480881,0.489177489177489,"ord: dropped 1 empty level(s)"
"bace","rubin_types_mixed_BM_l1_r0_mcar0.3_n100_M20_s106",100,1,0,106,FALSE,1,0.333333333333333,1.18276823164581,63.6534056906017,0.517316017316017,"ord: dropped 1 empty level(s)"
"bace","rubin_types_mixed_BM_l1_r0_mcar0.3_n100_M20_s107",100,1,0,107,FALSE,1,0.0370083790200982,1.11317589563405,116.715862335882,0.486874690440812,""
"bace","rubin_types_mixed_BM_l1_r0_mcar0.3_n100_M20_s108",100,1,0,108,FALSE,1,0.2,1.51340231730779,84.2777492254648,0.516097077761268,""
"bace","rubin_types_mixed_BM_l1_r0_mcar0.3_n100_M20_s109",100,1,0,109,TRUE,1,0.5,1.63437036118045,137.666295349131,0.489351163942546,""
"bace","rubin_types_mixed_BM_l1_r0_mcar0.3_n100_M20_s11",100,1,0,11,FALSE,1,0.333333333333333,1.55783231861103,661.823234262779,0.40978886756238,"bin: left out (1 observed class);ord: dropped 1 empty level(s);cat3: dropped 1 empty level(s)"
"bace","rubin_types_mixed_BM_l1_r0_mcar0.3_n100_M20_s110",100,1,0,110,FALSE,1,0.166666666666667,1.76341286361139,158.044175247588,0.489846458642893,""
"bace","rubin_types_mixed_BM_l1_r0_mcar0.3_n100_M20_s111",100,1,0,111,FALSE,1,0.363636363636364,1.73747504093677,84.4876479302088,0.505411255411255,"ord: dropped 1 empty level(s)"
"bace","rubin_types_mixed_BM_l1_r0_mcar0.3_n100_M20_s112",100,1,0,112,FALSE,1,0.333333333333333,1.59668215773664,555.521065459713,0.388446215139442,"cat3: dropped 1 empty level(s)"
"bace","rubin_types_mixed_BM_l1_r0_mcar0.3_n100_M20_s113",100,1,0,113,TRUE,1,0.333333333333333,1.86655808110532,195.01185864094,0.483005366726297,"ord: dropped 2 empty level(s)"
"bace","rubin_types_mixed_BM_l1_r0_mcar0.3_n100_M20_s114",100,1,0,114,TRUE,1,0.00826446280991733,1.77768684410093,350.18279964043,0.420247632920612,"ord: dropped 1 empty level(s);cat3: dropped 1 empty level(s)"
"bace","rubin_types_mixed_BM_l1_r0_mcar0.3_n100_M20_s115",100,1,0,115,TRUE,1,0.089411630361647,0.692707063414502,34.3490490838876,0.5789995047053,""
"bace","rubin_types_mixed_BM_l1_r0_mcar0.3_n100_M20_s116",100,1,0,116,TRUE,1,0.142857142857143,1.19716555241558,764.068701578295,0.383831026948288,"ord: dropped 1 empty level(s);cat3: dropped 1 empty level(s)"
"bace","rubin_types_mixed_BM_l1_r0_mcar0.3_n100_M20_s117",100,1,0,117,TRUE,1,0.117647058823529,1.54106504542571,512.809954288597,0.381142098273572,"cat3: dropped 1 empty level(s)"
"bace","rubin_types_mixed_BM_l1_r0_mcar0.3_n100_M20_s118",100,1,0,118,FALSE,1,3333333.33333333,1.26339718908361,65.7756492220713,0.549281822684497,""
"bace","rubin_types_mixed_BM_l1_r0_mcar0.3_n100_M20_s119",100,1,0,119,FALSE,1,0.166666666666667,0.917714458809326,35.7258696759052,0.550324675324675,"ord: dropped 1 empty level(s)"
"bace","rubin_types_mixed_BM_l1_r0_mcar0.3_n100_M20_s12",100,1,0,12,FALSE,1,11.8968001839836,1.22631308006447,52.6370006797097,0.53987122337791,""
"bace","rubin_types_mixed_BM_l1_r0_mcar0.3_n100_M20_s120",100,1,0,120,FALSE,1,1,1.07297693044397,182.371463524114,0.468053491827637,""
"bace","rubin_types_mixed_BM_l1_r0_mcar0.3_n100_M20_s121",100,1,0,121,FALSE,1,0.2,1.47248278902687,78.2419414690801,0.505695889053987,""
"bace","rubin_types_mixed_BM_l1_r0_mcar0.3_n100_M20_s122",100,1,0,122,FALSE,1,6666666.66666667,1.67738370727915,257.114649217129,0.458715596330275,"bin: left out (1 observed class);ord: dropped 2 empty level(s)"
"bace","rubin_types_mixed_BM_l1_r0_mcar0.3_n100_M20_s123",100,1,0,123,FALSE,1,0.2,1.46785371228741,95.7652475026659,0.502724120851907,""
"bace","rubin_types_mixed_BM_l1_r0_mcar0.3_n100_M20_s124",100,1,0,124,FALSE,1,1,2.37510443640293,796.735137291553,0.283109404990403,"bin: left out (1 observed class);ord: dropped 1 empty level(s);cat3: dropped 1 empty level(s)"
"bace","rubin_types_mixed_BM_l1_r0_mcar0.3_n100_M20_s125",100,1,0,125,FALSE,1,0.548789494080205,0.974680315530555,688.843161041678,0.405710491367862,"cat3: dropped 1 empty level(s)"
"bace","rubin_types_mixed_BM_l1_r0_mcar0.3_n100_M20_s126",100,1,0,126,TRUE,1,0.0985307429785876,1.11636899036415,878.360827747019,0.325365205843293,"cat3: dropped 1 empty level(s)"
"bace","rubin_types_mixed_BM_l1_r0_mcar0.3_n100_M20_s127",100,1,0,127,TRUE,1,0.333333333333333,2.16060498701353,89.5969119381416,0.507677067855374,""
"bace","rubin_types_mixed_BM_l1_r0_mcar0.3_n100_M20_s128",100,1,0,128,FALSE,1,0.333333333333333,1.54398443156009,614.165601721245,0.394027676620539,"ord: dropped 1 empty level(s);cat3: dropped 1 empty level(s)"
"bace","rubin_types_mixed_BM_l1_r0_mcar0.3_n100_M20_s129",100,1,0,129,TRUE,1,0.2,1.33025893187718,54.6234670176478,0.522361359570662,"ord: dropped 2 empty level(s)"
"bace","rubin_types_mixed_BM_l1_r0_mcar0.3_n100_M20_s13",100,1,0,13,TRUE,1,0.333333333333333,1.56536903645621,545.327312671859,0.399126001456664,"ord: dropped 1 empty level(s);cat3: dropped 1 empty level(s)"
"bace","rubin_types_mixed_BM_l1_r0_mcar0.3_n100_M20_s130",100,1,0,130,FALSE,1,0.516509391688558,1.32372491730815,95.2553796523619,0.50074294205052,""
"bace","rubin_types_mixed_BM_l1_r0_mcar0.3_n100_M20_s131",100,1,0,131,FALSE,1,1,2.74227366543132,801.286679552594,0.376547705753824,"ord: dropped 1 empty level(s);cat3: dropped 1 empty level(s)"
"bace","rubin_types_mixed_BM_l1_r0_mcar0.3_n100_M20_s132",100,1,0,132,FALSE,1,2,1.31961384392804,39.9554570385906,0.555720653789004,""
"bace","rubin_types_mixed_BM_l1_r0_mcar0.3_n100_M20_s133",100,1,0,133,FALSE,1,1,1.7033363304511,43.4573372290568,0.557701832590391,""
"bace","rubin_types_mixed_BM_l1_r0_mcar0.3_n100_M20_s134",100,1,0,134,FALSE,1,0.0263157894736843,1.32142343172612,126.047335019042,0.495789995047053,""
"bace","rubin_types_mixed_BM_l1_r0_mcar0.3_n100_M20_s135",100,1,0,135,FALSE,1,0.333333333333333,1.86408936958813,663.859955514228,0.383831026948288,"ord: dropped 1 empty level(s);cat3: dropped 1 empty level(s)"
"bace","rubin_types_mixed_BM_l1_r0_mcar0.3_n100_M20_s136",100,1,0,136,TRUE,1,1,1.49156631832845,167.897299740016,0.483407627538385,""
"bace","rubin_types_mixed_BM_l1_r0_mcar0.3_n100_M20_s138",100,1,0,138,TRUE,1,0.230769230769231,1.11596000115153,92.5957825895478,0.505695889053987,""
"bace","rubin_types_mixed_BM_l1_r0_mcar0.3_n100_M20_s14",100,1,0,14,TRUE,1,0.25,1.44047867771956,127.507482747005,0.492322932144626,""
"bace","rubin_types_mixed_BM_l1_r0_mcar0.3_n100_M20_s140",100,1,0,140,FALSE,1,1,1.38596174078749,92.9120864781457,0.502724120851907,""
"bace","rubin_types_mixed_BM_l1_r0_mcar0.3_n100_M20_s141",100,1,0,141,TRUE,1,0.0416666666666667,1.6481588269857,778.894780948472,0.387472687545521,"ord: dropped 1 empty level(s);cat3: dropped 1 empty level(s)"
"bace","rubin_types_mixed_BM_l1_r0_mcar0.3_n100_M20_s142",100,1,0,142,FALSE,1,0.5,1.40860828950894,746.289802430301,0.380478087649402,"cat3: dropped 1 empty level(s)"
"bace","rubin_types_mixed_BM_l1_r0_mcar0.3_n100_M20_s143",100,1,0,143,TRUE,1,0.429544992642946,0.958633108324293,29.5565877616962,0.58008658008658,"ord: dropped 1 empty level(s)"
"bace","rubin_types_mixed_BM_l1_r0_mcar0.3_n100_M20_s144",100,1,0,144,TRUE,1,0.5,1.21552984909778,122.453709495421,0.491827637444279,""
"bace","rubin_types_mixed_BM_l1_r0_mcar0.3_n100_M20_s145",100,1,0,145,FALSE,1,3333333.33333333,0.953598161760046,82.1829673948819,0.505952380952381,"ord: dropped 1 empty level(s)"
"bace","rubin_types_mixed_BM_l1_r0_mcar0.3_n100_M20_s146",100,1,0,146,FALSE,1,3333333.33333333,0.892585858392843,39.0358872695809,0.54491341991342,"ord: dropped 1 empty level(s)"
"bace","rubin_types_mixed_BM_l1_r0_mcar0.3_n100_M20_s147",100,1,0,147,FALSE,1,0.111111111111111,1.2656916050286,300.113027861405,0.450186799501868,"bin: left out (1 observed class)"
"bace","rubin_types_mixed_BM_l1_r0_mcar0.3_n100_M20_s148",100,1,0,148,TRUE,1,0.285714285714286,1.88602124065752,130.154938081088,0.476446034585569,"ord: dropped 2 empty level(s)"
"bace","rubin_types_mixed_BM_l1_r0_mcar0.3_n100_M20_s149",100,1,0,149,FALSE,1,0.5,1.76032455598543,169.792162676967,0.488636363636364,"ord: dropped 1 empty level(s)"
"bace","rubin_types_mixed_BM_l1_r0_mcar0.3_n100_M20_s150",100,1,0,150,TRUE,1,0.125,1.65831404289932,157.160799218686,0.488855869242199,""
"bace","rubin_types_mixed_BM_l1_r0_mcar0.3_n100_M20_s151",100,1,0,151,FALSE,1,0.225735810309224,1.01986275440931,25.0379211168065,0.633481921743437,""
"bace","rubin_types_mixed_BM_l1_r0_mcar0.3_n100_M20_s152",100,1,0,152,FALSE,1,0.5,1.02615759631408,48.917943954519,0.518939393939394,"ord: dropped 1 empty level(s)"
"bace","rubin_types_mixed_BM_l1_r0_mcar0.3_n100_M20_s153",100,1,0,153,TRUE,1,0.0084033613445379,1.84323543249346,637.003873223622,0.381646030589949,"ord: dropped 1 empty level(s);cat3: dropped 1 empty level(s)"
"bace","rubin_types_mixed_BM_l1_r0_mcar0.3_n100_M20_s154",100,1,0,154,TRUE,1,0.2,1.01693029552235,69.770923131681,0.518398268398268,"ord: dropped 1 empty level(s)"
"bace","rubin_types_mixed_BM_l1_r0_mcar0.3_n100_M20_s156",100,1,0,156,TRUE,1,0.2,1.15944891087406,241.877899061935,0.463744588744589,"ord: dropped 1 empty level(s)"
"bace","rubin_types_mixed_BM_l1_r0_mcar0.3_n100_M20_s159",100,1,0,159,TRUE,1,0.0384615384615384,1.34332134860514,142.424311174704,0.481812760882528,"ord: dropped 2 empty level(s)"
"bace","rubin_types_mixed_BM_l1_r0_mcar0.3_n100_M20_s16",100,1,0,16,TRUE,1,0.333333333333333,1.36699021732648,80.9844780940526,0.505411255411255,"ord: dropped 1 empty level(s)"
"bace","rubin_types_mixed_BM_l1_r0_mcar0.3_n100_M20_s160",100,1,0,160,FALSE,1,4,1.35723960435354,619.446915548232,0.384462151394422,"cat3: dropped 1 empty level(s)"
"bace","rubin_types_mixed_BM_l1_r0_mcar0.3_n100_M20_s161",100,1,0,161,TRUE,1,0.5,2.11644560497653,690.592983885137,0.302303262955854,"bin: left out (1 observed class);ord: dropped 1 empty level(s);cat3: dropped 1 empty level(s)"
"bace","rubin_types_mixed_BM_l1_r0_mcar0.3_n100_M20_s162",100,1,0,162,FALSE,1,1,1.04982800784331,67.8824626350782,0.524021792966815,""
"bace","rubin_types_mixed_BM_l1_r0_mcar0.3_n100_M20_s163",100,1,0,163,TRUE,1,0.111111111111111,0.921077224145196,616.585281738012,0.47609561752988,"cat3: dropped 1 empty level(s)"
"bace","rubin_types_mixed_BM_l1_r0_mcar0.3_n100_M20_s164",100,1,0,164,TRUE,1,0.0219848888082325,0.767491813124585,75.8508348309444,0.50520059435364,""
"bace","rubin_types_mixed_BM_l1_r0_mcar0.3_n100_M20_s165",100,1,0,165,FALSE,1,3333333.33333333,1.2070771268141,153.625301523409,0.487865279841506,""
"bace","rubin_types_mixed_BM_l1_r0_mcar0.3_n100_M20_s166",100,1,0,166,FALSE,1,0.2,1.73086248961568,124.946904159727,0.492818226844973,""
"bace","rubin_types_mixed_BM_l1_r0_mcar0.3_n100_M20_s167",100,1,0,167,TRUE,1,0.0769230769230769,1.14855218757315,87.1508721614958,0.503875968992248,"ord: dropped 2 empty level(s)"
"bace","rubin_types_mixed_BM_l1_r0_mcar0.3_n100_M20_s168",100,1,0,168,TRUE,1,2.33457885173222,1.39158557710339,155.548535739578,0.490837048043586,""
"bace","rubin_types_mixed_BM_l1_r0_mcar0.3_n100_M20_s169",100,1,0,169,TRUE,1,0.160746582608062,0.985823809334255,57.7267712355854,0.511639425458148,""
"bace","rubin_types_mixed_BM_l1_r0_mcar0.3_n100_M20_s17",100,1,0,17,TRUE,1,0.0666666666666667,1.3286922220198,137.092921969807,0.486379395740466,""
"bace","rubin_types_mixed_BM_l1_r0_mcar0.3_n100_M20_s170",100,1,0,170,TRUE,1,0.291585775863307,1.24961604044654,695.41867808037,0.483180428134557,"bin: left out (1 observed class);ord: dropped 2 empty level(s)"
"bace","rubin_types_mixed_BM_l1_r0_mcar0.3_n100_M20_s171",100,1,0,171,FALSE,1,0.11052044501448,1.06903321482842,32.6522715574721,0.576027736503219,""
"bace","rubin_types_mixed_BM_l1_r0_mcar0.3_n100_M20_s173",100,1,0,173,TRUE,1,0.876142376023006,0.763737842477304,620.994726586829,0.479032258064516,"ord: dropped 2 empty level(s);cat3: dropped 1 empty level(s)"
"bace","rubin_types_mixed_BM_l1_r0_mcar0.3_n100_M20_s174",100,1,0,174,FALSE,1,1,1.42699788305763,104.139356803371,0.498761763249133,""
"bace","rubin_types_mixed_BM_l1_r0_mcar0.3_n100_M20_s175",100,1,0,175,FALSE,1,0.111111111111111,0.783996714482099,45.8037209992735,0.548786527984151,""
"bace","rubin_types_mixed_BM_l1_r0_mcar0.3_n100_M20_s176",100,1,0,176,FALSE,1,3333333.33333333,1.65513815292726,96.3850160293929,0.501082251082251,"ord: dropped 1 empty level(s)"
"bace","rubin_types_mixed_BM_l1_r0_mcar0.3_n100_M20_s177",100,1,0,177,TRUE,1,0.096190384593743,1.65391965682125,468.961636389765,0.461038961038961,"ord: dropped 1 empty level(s)"
"bace","rubin_types_mixed_BM_l1_r0_mcar0.3_n100_M20_s178",100,1,0,178,FALSE,1,0.555555555555556,1.3137737395001,161.97970704754,0.481426448736999,""
"bace","rubin_types_mixed_BM_l1_r0_mcar0.3_n100_M20_s179",100,1,0,179,TRUE,1,0.0112028251012946,1.49955628874206,110.21590334958,0.495789995047053,""
"bace","rubin_types_mixed_BM_l1_r0_mcar0.3_n100_M20_s18",100,1,0,18,TRUE,1,0.25,0.912947323235061,104.188626287134,0.499752352649827,""
"bace","rubin_types_mixed_BM_l1_r0_mcar0.3_n100_M20_s180",100,1,0,180,TRUE,1,0.333333333333333,1.06977359834209,818.90277582056,0.397669337217771,"ord: dropped 1 empty level(s);cat3: dropped 1 empty level(s)"
"bace","rubin_types_mixed_BM_l1_r0_mcar0.3_n100_M20_s181",100,1,0,181,TRUE,1,4,1.5456439273583,222.393789837816,0.476190476190476,"ord: dropped 1 empty level(s)"
"bace","rubin_types_mixed_BM_l1_r0_mcar0.3_n100_M20_s182",100,1,0,182,FALSE,1,3.01161039188309,1.21817324629858,42.9679314249805,0.547619047619048,"ord: dropped 1 empty level(s)"
"bace","rubin_types_mixed_BM_l1_r0_mcar0.3_n100_M20_s183",100,1,0,183,FALSE,1,0.25,1.86527087105032,102.212478385644,0.499458874458874,"ord: dropped 1 empty level(s)"
"bace","rubin_types_mixed_BM_l1_r0_mcar0.3_n100_M20_s184",100,1,0,184,FALSE,1,0.5,1.41335667255277,238.513575367389,0.467889908256881,"bin: left out (1 observed class);ord: dropped 2 empty level(s)"
"bace","rubin_types_mixed_BM_l1_r0_mcar0.3_n100_M20_s185",100,1,0,185,FALSE,1,0.690402476780186,1.26244891118905,36.2331233602027,0.546536796536797,"ord: dropped 1 empty level(s)"
"bace","rubin_types_mixed_BM_l1_r0_mcar0.3_n100_M20_s186",100,1,0,186,TRUE,1,0.1,1.24958052267206,99.6195805132077,0.500247647350173,""
"bace","rubin_types_mixed_BM_l1_r0_mcar0.3_n100_M20_s187",100,1,0,187,TRUE,1,0.1,1.31271330920961,569.85531366493,0.399734395750332,"cat3: dropped 1 empty level(s)"
"bace","rubin_types_mixed_BM_l1_r0_mcar0.3_n100_M20_s188",100,1,0,188,TRUE,1,0.5,1.05727229626926,264.650405818668,0.464091134224864,""
"bace","rubin_types_mixed_BM_l1_r0_mcar0.3_n100_M20_s189",100,1,0,189,TRUE,1,0.142857142857143,1.38646518426197,58.6317117880616,0.526002971768202,""
"bace","rubin_types_mixed_BM_l1_r0_mcar0.3_n100_M20_s191",100,1,0,191,FALSE,1,0.396806147849658,1.41751764675506,37.6825015835601,0.579990094105993,""
"bace","rubin_types_mixed_BM_l1_r0_mcar0.3_n100_M20_s192",100,1,0,192,FALSE,1,3333333.33333333,1.11250030986825,27.4117797246437,0.62852897473997,""
"bace","rubin_types_mixed_BM_l1_r0_mcar0.3_n100_M20_s193",100,1,0,193,TRUE,1,1.36129749445128,1.07483458850802,94.9731463406292,0.501733531451213,""
"bace","rubin_types_mixed_BM_l1_r0_mcar0.3_n100_M20_s194",100,1,0,194,FALSE,1,0.355555555555556,0.957875209519604,20.7647460854146,0.595344229816741,""
"bace","rubin_types_mixed_BM_l1_r0_mcar0.3_n100_M20_s195",100,1,0,195,FALSE,1,3333333.33333333,1.89012810024176,120.023560745013,0.492965367965368,"ord: dropped 1 empty level(s)"
"bace","rubin_types_mixed_BM_l1_r0_mcar0.3_n100_M20_s196",100,1,0,196,TRUE,1,0.25,1.53957036147042,923.289977755608,0.366001734605377,"bin: left out (1 observed class);cat3: dropped 1 empty level(s)"
"bace","rubin_types_mixed_BM_l1_r0_mcar0.3_n100_M20_s197",100,1,0,197,FALSE,1,0.2,1.43620746679429,844.143577820028,0.347941567065073,"cat3: dropped 1 empty level(s)"
"bace","rubin_types_mixed_BM_l1_r0_mcar0.3_n100_M20_s198",100,1,0,198,FALSE,1,1,0.820854935775823,16.5038621628194,0.621753246753247,"ord: dropped 1 empty level(s)"
"bace","rubin_types_mixed_BM_l1_r0_mcar0.3_n100_M20_s199",100,1,0,199,FALSE,1,0.359763410952765,1.5071520125956,55.4911628486833,0.558197127290738,""
"bace","rubin_types_mixed_BM_l1_r0_mcar0.3_n100_M20_s2",100,1,0,2,TRUE,1,2.27732599763043,1.48947967172849,97.0165511095484,0.50074294205052,""
"bace","rubin_types_mixed_BM_l1_r0_mcar0.3_n100_M20_s20",100,1,0,20,TRUE,1,0.137931034482759,1.45485141438756,36.9847421831119,0.58197127290738,""
"bace","rubin_types_mixed_BM_l1_r0_mcar0.3_n100_M20_s200",100,1,0,200,TRUE,1,0.285714285714286,1.17012648221262,80.6767907518094,0.504329004329004,"ord: dropped 1 empty level(s)"
"bace","rubin_types_mixed_BM_l1_r0_mcar0.3_n100_M20_s21",100,1,0,21,TRUE,1,0.266666666666667,1.46632878262808,121.628081965659,0.495789995047053,""
"bace","rubin_types_mixed_BM_l1_r0_mcar0.3_n100_M20_s22",100,1,0,22,TRUE,1,0.090909090909091,1.8110838452785,185.24569633108,0.483766233766234,"ord: dropped 1 empty level(s)"
"bace","rubin_types_mixed_BM_l1_r0_mcar0.3_n100_M20_s23",100,1,0,23,TRUE,1,0.0416666666666667,1.77551380943287,750.960479035976,0.365622723962127,"ord: dropped 1 empty level(s);cat3: dropped 1 empty level(s)"
"bace","rubin_types_mixed_BM_l1_r0_mcar0.3_n100_M20_s24",100,1,0,24,TRUE,1,1,1.11049935279518,766.150057734506,0.377822045152722,"cat3: dropped 1 empty level(s)"
"bace","rubin_types_mixed_BM_l1_r0_mcar0.3_n100_M20_s25",100,1,0,25,FALSE,1,0.0625,1.26251148163385,110.452694100376,0.498266468548787,""
"bace","rubin_types_mixed_BM_l1_r0_mcar0.3_n100_M20_s26",100,1,0,26,TRUE,1,0.0122274550165792,1.02114816139449,208.425621365094,0.460624071322437,""
"bace","rubin_types_mixed_BM_l1_r0_mcar0.3_n100_M20_s27",100,1,0,27,FALSE,1,0.230769230769231,1.32922062694373,505.231081432301,0.391114348142753,"ord: dropped 1 empty level(s);cat3: dropped 1 empty level(s)"
"bace","rubin_types_mixed_BM_l1_r0_mcar0.3_n100_M20_s28",100,1,0,28,FALSE,1,0.25,1.52253901985263,46.5257750462567,0.53987122337791,""
"bace","rubin_types_mixed_BM_l1_r0_mcar0.3_n100_M20_s29",100,1,0,29,TRUE,1,0.111111111111111,1.08624070161459,86.8191201047986,0.503787878787879,"ord: dropped 1 empty level(s)"
"bace","rubin_types_mixed_BM_l1_r0_mcar0.3_n100_M20_s3",100,1,0,3,FALSE,1,0.1,1.17279854648369,88.4822434382169,0.503219415552254,""
"bace","rubin_types_mixed_BM_l1_r0_mcar0.3_n100_M20_s30",100,1,0,30,TRUE,1,0.0714285714285714,1.84289841394177,126.773974141926,0.497294372294372,"ord: dropped 1 empty level(s)"
"bace","rubin_types_mixed_BM_l1_r0_mcar0.3_n100_M20_s31",100,1,0,31,TRUE,1,0.125,1.1905805140274,78.015275353506,0.510648836057454,""
"bace","rubin_types_mixed_BM_l1_r0_mcar0.3_n100_M20_s32",100,1,0,32,TRUE,1,0.25,1.48260734834755,512.180206727903,0.388709677419355,"ord: dropped 2 empty level(s);cat3: dropped 1 empty level(s)"
"bace","rubin_types_mixed_BM_l1_r0_mcar0.3_n100_M20_s33",100,1,0,33,FALSE,1,0.0592193381414531,0.979369636917337,86.4312868401018,0.515106488360574,""
"bace","rubin_types_mixed_BM_l1_r0_mcar0.3_n100_M20_s34",100,1,0,34,FALSE,1,0.424971625174261,1.73764259344126,606.257757969555,0.442097596504006,"ord: dropped 1 empty level(s);cat3: dropped 1 empty level(s)"
"bace","rubin_types_mixed_BM_l1_r0_mcar0.3_n100_M20_s35",100,1,0,35,TRUE,1,0.0714779264817848,0.974509278761229,203.024148285365,0.440812283308569,""
"bace","rubin_types_mixed_BM_l1_r0_mcar0.3_n100_M20_s36",100,1,0,36,TRUE,1,0.0666666666666667,1.02262215788449,45.8322589145661,0.546805349182764,""
"bace","rubin_types_mixed_BM_l1_r0_mcar0.3_n100_M20_s37",100,1,0,37,TRUE,1,0.25,1.63119402864095,381.451557116096,0.448736998514116,""
"bace","rubin_types_mixed_BM_l1_r0_mcar0.3_n100_M20_s38",100,1,0,38,FALSE,1,0.0773650213962854,1.1779441974034,38.0701342193994,0.571570084200099,""
"bace","rubin_types_mixed_BM_l1_r0_mcar0.3_n100_M20_s39",100,1,0,39,TRUE,1,0.222222222222222,1.43952805054846,83.220904006862,0.509162951956414,""
"bace","rubin_types_mixed_BM_l1_r0_mcar0.3_n100_M20_s4",100,1,0,4,TRUE,1,0.00611862338030809,1.57905466654899,621.624630579047,0.375819373634377,"ord: dropped 1 empty level(s);cat3: dropped 1 empty level(s)"
"bace","rubin_types_mixed_BM_l1_r0_mcar0.3_n100_M20_s40",100,1,0,40,FALSE,1,0.153846153846154,1.68654200825045,79.9706221458349,0.515106488360574,""
"bace","rubin_types_mixed_BM_l1_r0_mcar0.3_n100_M20_s41",100,1,0,41,FALSE,1,0.117647058823529,1.44327154271474,56.1883417229172,0.516233766233766,"ord: dropped 1 empty level(s)"
"bace","rubin_types_mixed_BM_l1_r0_mcar0.3_n100_M20_s42",100,1,0,42,TRUE,1,0.0857142857142856,1.44393740814265,93.1819497673249,0.505411255411255,"ord: dropped 1 empty level(s)"
"bace","rubin_types_mixed_BM_l1_r0_mcar0.3_n100_M20_s43",100,1,0,43,FALSE,1,0.125,1.27763461820196,335.103684409927,0.467558197127291,""
"bace","rubin_types_mixed_BM_l1_r0_mcar0.3_n100_M20_s45",100,1,0,45,TRUE,1,0.36441826617003,1.13135480235832,55.3264907307687,0.53838533927687,""
"bace","rubin_types_mixed_BM_l1_r0_mcar0.3_n100_M20_s46",100,1,0,46,TRUE,1,0.181818181818182,1.54676429490496,126.893393370987,0.49331352154532,""
"bace","rubin_types_mixed_BM_l1_r0_mcar0.3_n100_M20_s47",100,1,0,47,TRUE,1,0.125,1.06898359986005,132.497233466917,0.486874690440812,""
"bace","rubin_types_mixed_BM_l1_r0_mcar0.3_n100_M20_s48",100,1,0,48,FALSE,1,0.074074074074074,1.86643207006879,174.519008027506,0.48479427549195,"ord: dropped 2 empty level(s)"
"bace","rubin_types_mixed_BM_l1_r0_mcar0.3_n100_M20_s49",100,1,0,49,TRUE,1,0.0523512685152412,1.63763562623486,36.2552969004535,0.548701298701299,"ord: dropped 1 empty level(s)"
"bace","rubin_types_mixed_BM_l1_r0_mcar0.3_n100_M20_s5",100,1,0,5,TRUE,1,0.375,1.68203799230271,848.389930917972,0.27447216890595,"ord: dropped 1 empty level(s);cat3: left out (1 observed class)"
"bace","rubin_types_mixed_BM_l1_r0_mcar0.3_n100_M20_s50",100,1,0,50,FALSE,1,0.0769230769230769,1.19173622513262,54.4503914579831,0.551948051948052,"ord: dropped 1 empty level(s)"
"bace","rubin_types_mixed_BM_l1_r0_mcar0.3_n100_M20_s51",100,1,0,51,FALSE,1,1.5593220338983,1.13179037074433,471.876219727293,0.412350597609562,"cat3: dropped 1 empty level(s)"
"bace","rubin_types_mixed_BM_l1_r0_mcar0.3_n100_M20_s52",100,1,0,52,FALSE,1,0.100478468899522,1.43975241034351,117.313854418722,0.493506493506494,"ord: dropped 1 empty level(s)"
"bace","rubin_types_mixed_BM_l1_r0_mcar0.3_n100_M20_s53",100,1,0,53,FALSE,1,0.444444444444444,2.21209781867255,100.843486449949,0.498761763249133,""
"bace","rubin_types_mixed_BM_l1_r0_mcar0.3_n100_M20_s54",100,1,0,54,FALSE,1,0.2,1.37367092914877,75.3891142899601,0.520021645021645,"ord: dropped 1 empty level(s)"
"bace","rubin_types_mixed_BM_l1_r0_mcar0.3_n100_M20_s55",100,1,0,55,TRUE,1,0.125,1.87127140309849,852.325152864174,0.393094289508632,"cat3: dropped 1 empty level(s)"
"bace","rubin_types_mixed_BM_l1_r0_mcar0.3_n100_M20_s56",100,1,0,56,FALSE,1,0.25,1.89698658772187,693.407375225132,0.385126162018592,"cat3: dropped 1 empty level(s)"
"bace","rubin_types_mixed_BM_l1_r0_mcar0.3_n100_M20_s57",100,1,0,57,TRUE,1,0.111111111111111,1.29136775153038,91.9857855741264,0.505695889053987,""
"bace","rubin_types_mixed_BM_l1_r0_mcar0.3_n100_M20_s6",100,1,0,6,FALSE,1,0.111111111111111,1.44540536269513,259.08580363809,0.469044081228331,""
"bace","rubin_types_mixed_BM_l1_r0_mcar0.3_n100_M20_s60",100,1,0,60,TRUE,1,0.308474775234987,1.28951088652159,102.031429893847,0.498761763249133,""
"bace","rubin_types_mixed_BM_l1_r0_mcar0.3_n100_M20_s61",100,1,0,61,TRUE,1,0.333333333333333,1.64668065049179,464.589818314972,0.40203932993445,"ord: dropped 1 empty level(s);cat3: dropped 1 empty level(s)"
"bace","rubin_types_mixed_BM_l1_r0_mcar0.3_n100_M20_s62",100,1,0,62,TRUE,1,0.0714285714285714,1.3890392042424,118.480475175491,0.491883116883117,"ord: dropped 1 empty level(s)"
"bace","rubin_types_mixed_BM_l1_r0_mcar0.3_n100_M20_s64",100,1,0,64,TRUE,1,4.31562384619907,1.53376978759358,167.578052096753,0.473484848484849,"ord: dropped 1 empty level(s)"
"bace","rubin_types_mixed_BM_l1_r0_mcar0.3_n100_M20_s65",100,1,0,65,FALSE,1,1.4805577902563,1.19957607109917,111.271679621093,0.491332342743933,""
"bace","rubin_types_mixed_BM_l1_r0_mcar0.3_n100_M20_s66",100,1,0,66,TRUE,1,0.4,1.82429047440497,73.5505133988744,0.517316017316017,"ord: dropped 1 empty level(s)"
"bace","rubin_types_mixed_BM_l1_r0_mcar0.3_n100_M20_s67",100,1,0,67,TRUE,1,0.0245632756129333,2.29314740592094,743.073905354742,0.280230326295585,"bin: left out (1 observed class);ord: dropped 1 empty level(s);cat3: dropped 1 empty level(s)"
"bace","rubin_types_mixed_BM_l1_r0_mcar0.3_n100_M20_s68",100,1,0,68,TRUE,1,0.125,1.04231389223667,107.99540182198,0.4962852897474,""
"bace","rubin_types_mixed_BM_l1_r0_mcar0.3_n100_M20_s69",100,1,0,69,FALSE,1,0.181818181818182,1.0860183770183,608.966913191175,0.430336307481126,"bin: left out (1 observed class);ord: dropped 1 empty level(s)"
"bace","rubin_types_mixed_BM_l1_r0_mcar0.3_n100_M20_s7",100,1,0,7,TRUE,1,0.0312499999999999,2.42415942023604,600.297019568228,0.414550446122169,"bin: left out (1 observed class);ord: dropped 1 empty level(s)"
"bace","rubin_types_mixed_BM_l1_r0_mcar0.3_n100_M20_s70",100,1,0,70,FALSE,1,0.0969485753918938,1.15158735377862,123.48875857942,0.492424242424242,"ord: dropped 1 empty level(s)"
"bace","rubin_types_mixed_BM_l1_r0_mcar0.3_n100_M20_s71",100,1,0,71,FALSE,1,1,1.47596604279008,110.30923536191,0.49479940564636,""
"bace","rubin_types_mixed_BM_l1_r0_mcar0.3_n100_M20_s72",100,1,0,72,TRUE,1,0.5,0.925811200471106,99.1166673771781,0.50074294205052,""
"bace","rubin_types_mixed_BM_l1_r0_mcar0.3_n100_M20_s73",100,1,0,73,FALSE,1,0.25,1.898205735167,141.192088596491,0.480931154036652,""
"bace","rubin_types_mixed_BM_l1_r0_mcar0.3_n100_M20_s74",100,1,0,74,FALSE,1,0.142857142857143,0.904947972926368,154.396593767062,0.491827637444279,""
"bace","rubin_types_mixed_BM_l1_r0_mcar0.3_n100_M20_s75",100,1,0,75,TRUE,1,0.0330578512396694,0.860606015532185,489.72291905557,0.493080844865259,"ord: dropped 1 empty level(s);cat3: dropped 1 empty level(s)"
"bace","rubin_types_mixed_BM_l1_r0_mcar0.3_n100_M20_s76",100,1,0,76,TRUE,1,1.40074979549,0.90174674834523,27.0113927630325,0.569588905398712,""
"bace","rubin_types_mixed_BM_l1_r0_mcar0.3_n100_M20_s77",100,1,0,77,TRUE,1,0.142857142857143,1.75272695787627,710.594895132089,0.424311926605505,"bin: left out (1 observed class);ord: dropped 2 empty level(s)"
"bace","rubin_types_mixed_BM_l1_r0_mcar0.3_n100_M20_s78",100,1,0,78,TRUE,1,0.142857142857143,1.22834323704919,820.55423332445,0.437886067261496,"bin: left out (1 observed class);ord: dropped 1 empty level(s)"
"bace","rubin_types_mixed_BM_l1_r0_mcar0.3_n100_M20_s79",100,1,0,79,FALSE,1,0.111111111111111,1.10906820183992,34.3454310518191,0.517316017316017,"ord: dropped 1 empty level(s)"
"bace","rubin_types_mixed_BM_l1_r0_mcar0.3_n100_M20_s8",100,1,0,8,TRUE,1,0.0155440414507771,1.60696240371088,912.710449612331,0.319011815252417,"ord: dropped 2 empty level(s);cat3: left out (1 observed class)"
"bace","rubin_types_mixed_BM_l1_r0_mcar0.3_n100_M20_s80",100,1,0,80,TRUE,1,0.25,1.64831952846319,80.3016988701619,0.519480519480519,"ord: dropped 1 empty level(s)"
"bace","rubin_types_mixed_BM_l1_r0_mcar0.3_n100_M20_s81",100,1,0,81,TRUE,1,4.9182721186288,1.21900668061236,41.4566502102907,0.532937097573056,""
"bace","rubin_types_mixed_BM_l1_r0_mcar0.3_n100_M20_s82",100,1,0,82,TRUE,1,0.0119047619047619,1.71340374053329,196.057940617262,0.485930735930736,"ord: dropped 1 empty level(s)"
"bace","rubin_types_mixed_BM_l1_r0_mcar0.3_n100_M20_s83",100,1,0,83,TRUE,1,3,0.814437296006869,1132.91134689701,0.269673704414587,"ord: dropped 1 empty level(s);cat3: left out (1 observed class)"
"bace","rubin_types_mixed_BM_l1_r0_mcar0.3_n100_M20_s84",100,1,0,84,TRUE,1,0.333333333333333,1.86252328751282,205.101880167205,0.482912332838039,""
"bace","rubin_types_mixed_BM_l1_r0_mcar0.3_n100_M20_s85",100,1,0,85,TRUE,1,0.194114192805642,1.76823147332672,127.305896036259,0.486874690440812,""
"bace","rubin_types_mixed_BM_l1_r0_mcar0.3_n100_M20_s86",100,1,0,86,FALSE,1,1,1.05257078819594,37.223307314434,0.571428571428571,"ord: dropped 1 empty level(s)"
"bace","rubin_types_mixed_BM_l1_r0_mcar0.3_n100_M20_s87",100,1,0,87,FALSE,1,1,1.42123183472525,813.017311687457,0.434814275309541,"ord: dropped 1 empty level(s);cat3: dropped 1 empty level(s)"
"bace","rubin_types_mixed_BM_l1_r0_mcar0.3_n100_M20_s88",100,1,0,88,TRUE,1,0.666666666666667,1.23323814142127,146.652271336401,0.485390578413834,"ord: dropped 2 empty level(s)"
"bace","rubin_types_mixed_BM_l1_r0_mcar0.3_n100_M20_s89",100,1,0,89,TRUE,1,0.6,1.13187548518832,41.2321738400614,0.535908865775136,""
"bace","rubin_types_mixed_BM_l1_r0_mcar0.3_n100_M20_s9",100,1,0,9,TRUE,1,0.0114285714285714,1.14623782598161,423.83749756069,0.453671928620453,"bin: left out (1 observed class);ord: dropped 1 empty level(s)"
"bace","rubin_types_mixed_BM_l1_r0_mcar0.3_n100_M20_s90",100,1,0,90,TRUE,1,0.25,1.4176623402492,747.838465973815,0.390386016023307,"ord: dropped 1 empty level(s);cat3: dropped 1 empty level(s)"
"bace","rubin_types_mixed_BM_l1_r0_mcar0.3_n100_M20_s91",100,1,0,91,TRUE,1,0.0769230769230769,1.2093646495985,303.787229959487,0.483902922238732,""
"bace","rubin_types_mixed_BM_l1_r0_mcar0.3_n100_M20_s92",100,1,0,92,TRUE,1,0.2,1.78085395755636,192.9660692166,0.476190476190476,"ord: dropped 1 empty level(s)"
"bace","rubin_types_mixed_BM_l1_r0_mcar0.3_n100_M20_s94",100,1,0,94,FALSE,1,1,1.57171951430785,64.1525713917814,0.526498266468549,""
"bace","rubin_types_mixed_BM_l1_r0_mcar0.3_n100_M20_s95",100,1,0,95,FALSE,1,0.333333333333333,1.19905782538536,134.107213697591,0.489846458642893,""
"bace","rubin_types_mixed_BM_l1_r0_mcar0.3_n100_M20_s96",100,1,0,96,TRUE,1,0.148084411468842,0.956048776528954,69.0136980496395,0.517590936195587,"ord: dropped 2 empty level(s)"
"bace","rubin_types_mixed_BM_l1_r0_mcar0.3_n100_M20_s97",100,1,0,97,FALSE,1,0.329375755971781,1.37236936641441,134.739898434929,0.491332342743933,""
"bace","rubin_types_mixed_BM_l1_r0_mcar0.3_n100_M20_s98",100,1,0,98,TRUE,1,0.0138337129784077,1.61069549545576,174.933339830476,0.485884101040119,""
"bace","rubin_types_mixed_BM_l1_r0_mcar0.3_n100_M20_s99",100,1,0,99,TRUE,1,0.045641911700292,0.905119902475246,175.001923890944,0.488360574541852,""
"bace","rubin_types_mixed_BM_l1_r0_mcar0.3_n300_M20_s1",300,1,0,1,TRUE,1,0.0103069288567902,1.08167884559991,529.54480849687,0.349269588313413,"cat3: dropped 1 empty level(s)"
"bace","rubin_types_mixed_BM_l1_r0_mcar0.3_n300_M20_s10",300,1,0,10,TRUE,1,0.106247866495232,1.93644347629041,176.051209917088,0.471025260029718,""
"bace","rubin_types_mixed_BM_l1_r0_mcar0.3_n300_M20_s100",300,1,0,100,TRUE,1,0.00560216087080485,3.04441463390275,186.695837938704,0.465081723625557,""
"bace","rubin_types_mixed_BM_l1_r0_mcar0.3_n300_M20_s12",300,1,0,12,TRUE,1,0.06,2.83529680736181,602.523006652475,0.330361565131253,""
"bace","rubin_types_mixed_BM_l1_r0_mcar0.3_n300_M20_s13",300,1,0,13,TRUE,1,0.0077519379844961,1.2258635863786,158.25362479577,0.470779220779221,"ord: dropped 1 empty level(s)"
"bace","rubin_types_mixed_BM_l1_r0_mcar0.3_n300_M20_s14",300,1,0,14,TRUE,1,0.0232558139534883,1.04429328186652,736.135880283114,0.385287691187181,"ord: dropped 1 empty level(s);cat3: dropped 1 empty level(s)"
"bace","rubin_types_mixed_BM_l1_r0_mcar0.3_n300_M20_s15",300,1,0,15,FALSE,1,1111111.11111111,0.892946882520858,63.1495265138982,0.569093610698366,""
"bace","rubin_types_mixed_BM_l1_r0_mcar0.3_n300_M20_s16",300,1,0,16,TRUE,1,0.0555555555555555,1.2196825746471,183.172695542419,0.4745670995671,"ord: dropped 1 empty level(s)"
"bace","rubin_types_mixed_BM_l1_r0_mcar0.3_n300_M20_s17",300,1,0,17,TRUE,1,0.32580846366598,0.948078644928462,81.9282283111333,0.514115898959881,""
"bace","rubin_types_mixed_BM_l1_r0_mcar0.3_n300_M20_s18",300,1,0,18,TRUE,1,0.0270270270270269,3.19330724517574,687.891156135711,0.313182811361981,"ord: dropped 1 empty level(s);cat3: dropped 1 empty level(s)"
"bace","rubin_types_mixed_BM_l1_r0_mcar0.3_n300_M20_s19",300,1,0,19,TRUE,1,0.0357142857142858,2.75531121573376,271.668030433141,0.457960644007156,"ord: dropped 2 empty level(s)"
"bace","rubin_types_mixed_BM_l1_r0_mcar0.3_n300_M20_s2",300,1,0,2,TRUE,1,0.00509884606563757,1.40155561115531,209.814126111815,0.46161466072313,""
"bace","rubin_types_mixed_BM_l1_r0_mcar0.3_n300_M20_s20",300,1,0,20,FALSE,1,0.24262797626334,2.54664838809639,209.94414537699,0.446428571428571,"ord: dropped 1 empty level(s)"
"bace","rubin_types_mixed_BM_l1_r0_mcar0.3_n300_M20_s21",300,1,0,21,TRUE,1,0.0132450331125827,1.339363116947,246.533293809801,0.434373452204061,""
"bace","rubin_types_mixed_BM_l1_r0_mcar0.3_n300_M20_s22",300,1,0,22,FALSE,1,0.0384615384615383,1.71848423350157,103.340895591844,0.497294372294372,"ord: dropped 1 empty level(s)"
"bace","rubin_types_mixed_BM_l1_r0_mcar0.3_n300_M20_s23",300,1,0,23,TRUE,1,0.408322998382606,0.731070843986759,174.322584767198,0.462151394422311,"cat3: dropped 1 empty level(s)"
"bace","rubin_types_mixed_BM_l1_r0_mcar0.3_n300_M20_s24",300,1,0,24,TRUE,1,0.0522420316529725,0.856272491803066,440.775880732216,0.460305899490168,"ord: dropped 1 empty level(s);cat3: dropped 1 empty level(s)"
"bace","rubin_types_mixed_BM_l1_r0_mcar0.3_n300_M20_s25",300,1,0,25,TRUE,1,0.0282766403216864,5.12734955133137,917.147906771152,0.253490870032223,"ord: dropped 2 empty level(s);cat3: left out (1 observed class)"
"bace","rubin_types_mixed_BM_l1_r0_mcar0.3_n300_M20_s26",300,1,0,26,TRUE,1,0.0696900112835038,1.23210391996285,157.183902203257,0.45864289252105,""
"bace","rubin_types_mixed_BM_l1_r0_mcar0.3_n300_M20_s27",300,1,0,27,TRUE,1,0.153846153846154,3.61509844631581,343.821723249304,0.434373452204061,""
"bace","rubin_types_mixed_BM_l1_r0_mcar0.3_n300_M20_s28",300,1,0,28,TRUE,1,0.0357142857142858,1.59601676248627,90.1970761639225,0.512630014858841,""
"bace","rubin_types_mixed_BM_l1_r0_mcar0.3_n300_M20_s29",300,1,0,29,TRUE,1,0.00111798029035801,2.85099672072984,1117.25807711079,0.220294882914137,"cat3: left out (1 observed class)"
"bace","rubin_types_mixed_BM_l1_r0_mcar0.3_n300_M20_s3",300,1,0,3,TRUE,1,1.57878396020286,1.36006861806109,383.526113947385,0.462121212121212,"ord: dropped 1 empty level(s)"
"bace","rubin_types_mixed_BM_l1_r0_mcar0.3_n300_M20_s30",300,1,0,30,TRUE,1,0.0303030303030302,1.35825903357889,292.581923462613,0.446969696969697,"ord: dropped 1 empty level(s)"
"bace","rubin_types_mixed_BM_l1_r0_mcar0.3_n300_M20_s31",300,1,0,31,FALSE,1,0.5,1.89696523312581,545.049307585744,0.22896790980052,"bin: left out (1 observed class);cat3: dropped 1 empty level(s)"
"bace","rubin_types_mixed_BM_l1_r0_mcar0.3_n300_M20_s32",300,1,0,32,TRUE,1,0.0196078431372548,1.66563405834666,304.583410984334,0.427439326399208,""
"bace","rubin_types_mixed_BM_l1_r0_mcar0.3_n300_M20_s33",300,1,0,33,TRUE,1,0.0124378109452736,2.10863209903658,328.658948020928,0.435364041604755,""
"bace","rubin_types_mixed_BM_l1_r0_mcar0.3_n300_M20_s34",300,1,0,34,TRUE,1,0.0138244961314679,1.7613841594033,179.602711599934,0.472402597402597,"ord: dropped 1 empty level(s)"
"bace","rubin_types_mixed_BM_l1_r0_mcar0.3_n300_M20_s36",300,1,0,36,TRUE,1,0.00806451612903223,5.03836307273923,1012.19138329231,0.184735472679965,"bin: left out (1 observed class);cat3: dropped 1 empty level(s)"
"bace","rubin_types_mixed_BM_l1_r0_mcar0.3_n300_M20_s37",300,1,0,37,TRUE,1,0.0394763203956707,0.968657364410591,53.4513455364033,0.56439393939394,"ord: dropped 1 empty level(s)"
"bace","rubin_types_mixed_BM_l1_r0_mcar0.3_n300_M20_s38",300,1,0,38,TRUE,1,0.0232558139534883,1.80109861229075,242.39040922679,0.448736998514116,""
"bace","rubin_types_mixed_BM_l1_r0_mcar0.3_n300_M20_s39",300,1,0,39,TRUE,1,0.0408163265306123,2.27876540216467,530.00537306396,0.392430278884462,"cat3: dropped 1 empty level(s)"
"bace","rubin_types_mixed_BM_l1_r0_mcar0.3_n300_M20_s4",300,1,0,4,TRUE,1,0.00202839756592291,1.46157637515499,355.982375641471,0.428429915799901,""
"bace","rubin_types_mixed_BM_l1_r0_mcar0.3_n300_M20_s40",300,1,0,40,TRUE,1,0.0588235294117648,1.30815657591836,217.079874477444,0.456168831168831,"ord: dropped 1 empty level(s)"
"bace","rubin_types_mixed_BM_l1_r0_mcar0.3_n300_M20_s41",300,1,0,41,TRUE,1,0.0714285714285714,1.26688673417664,207.702209864438,0.457792207792208,"ord: dropped 1 empty level(s)"
"bace","rubin_types_mixed_BM_l1_r0_mcar0.3_n300_M20_s42",300,1,0,42,TRUE,1,0.110772377413191,2.72895844733427,265.648701097381,0.403665180782566,""
"bace","rubin_types_mixed_BM_l1_r0_mcar0.3_n300_M20_s43",300,1,0,43,TRUE,1,0.0434782608695653,1.57827186175442,270.851524822227,0.443288756810302,""
"bace","rubin_types_mixed_BM_l1_r0_mcar0.3_n300_M20_s44",300,1,0,44,TRUE,1,0.0370370370370371,2.54938767644086,298.718307239069,0.452593917710197,"ord: dropped 2 empty level(s)"
"bace","rubin_types_mixed_BM_l1_r0_mcar0.3_n300_M20_s45",300,1,0,45,TRUE,1,0.0465116279069767,2.46778593612986,129.762855032071,0.480931154036652,""
"bace","rubin_types_mixed_BM_l1_r0_mcar0.3_n300_M20_s46",300,1,0,46,TRUE,1,0.0218203593930005,1.28860220787547,188.430473202653,0.455175829618623,""
"bace","rubin_types_mixed_BM_l1_r0_mcar0.3_n300_M20_s47",300,1,0,47,TRUE,1,0.166666666666667,1.58913405748564,118.001293345395,0.473997028231798,""
"bace","rubin_types_mixed_BM_l1_r0_mcar0.3_n300_M20_s48",300,1,0,48,TRUE,1,0.0557958918621894,1.16956095752272,449.963253501357,0.399232245681382,"bin: left out (1 observed class);ord: dropped 1 empty level(s);cat3: dropped 1 empty level(s)"
"bace","rubin_types_mixed_BM_l1_r0_mcar0.3_n300_M20_s49",300,1,0,49,TRUE,1,0.25,1.09691107887877,112.601420151484,0.497294372294372,"ord: dropped 1 empty level(s)"
"bace","rubin_types_mixed_BM_l1_r0_mcar0.3_n300_M20_s5",300,1,0,5,TRUE,1,0.5,1.37826388799682,232.75494631567,0.446969696969697,"ord: dropped 1 empty level(s)"
"bace","rubin_types_mixed_BM_l1_r0_mcar0.3_n300_M20_s50",300,1,0,50,TRUE,1,0.0312499999999999,2.97276701845629,364.265962302465,0.426448736998514,""
"bace","rubin_types_mixed_BM_l1_r0_mcar0.3_n300_M20_s51",300,1,0,51,FALSE,1,0.142857142857143,2.77822730507064,849.135417421148,0.227233304423244,"bin: left out (1 observed class);cat3: dropped 1 empty level(s)"
"bace","rubin_types_mixed_BM_l1_r0_mcar0.3_n300_M20_s52",300,1,0,52,TRUE,1,0.0545454545454545,2.50012271238775,296.870603565287,0.426448736998514,""
"bace","rubin_types_mixed_BM_l1_r0_mcar0.3_n300_M20_s53",300,1,0,53,TRUE,1,0.010893246187364,2.08968336635461,288.230140177652,0.423160173160173,"ord: dropped 1 empty level(s)"
"bace","rubin_types_mixed_BM_l1_r0_mcar0.3_n300_M20_s54",300,1,0,54,TRUE,1,0.00871459694989121,1.86065554909838,550.226196474983,0.323379461034232,"ord: dropped 1 empty level(s);cat3: dropped 1 empty level(s)"
"bace","rubin_types_mixed_BM_l1_r0_mcar0.3_n300_M20_s55",300,1,0,55,FALSE,1,0.570426553407247,1.8412140112429,470.71368753285,0.400373599003736,"bin: left out (1 observed class)"
"bace","rubin_types_mixed_BM_l1_r0_mcar0.3_n300_M20_s56",300,1,0,56,TRUE,1,0.767784365134094,1.01595999603345,42.1787755653003,0.573055968301139,""
"bace","rubin_types_mixed_BM_l1_r0_mcar0.3_n300_M20_s57",300,1,0,57,TRUE,1,0.0123088911107153,1.55068213814805,793.593953156322,0.314077025232404,"cat3: dropped 1 empty level(s)"
"bace","rubin_types_mixed_BM_l1_r0_mcar0.3_n300_M20_s58",300,1,0,58,TRUE,1,0.0188679245283018,2.00568029379898,299.527253783046,0.472271914132379,"ord: dropped 2 empty level(s)"
"bace","rubin_types_mixed_BM_l1_r0_mcar0.3_n300_M20_s6",300,1,0,6,TRUE,1,0.00421940928270041,2.37345747162348,1221.92773915822,0.277121374865736,"bin: left out (1 observed class);ord: dropped 2 empty level(s);cat3: dropped 1 empty level(s)"
"bace","rubin_types_mixed_BM_l1_r0_mcar0.3_n300_M20_s60",300,1,0,60,TRUE,1,0.0399999999999999,1.49969627494812,179.910034185222,0.473484848484849,"ord: dropped 1 empty level(s)"
"bace","rubin_types_mixed_BM_l1_r0_mcar0.3_n300_M20_s61",300,1,0,61,TRUE,1,0.0312499999999999,2.1704605984187,266.887809315964,0.457251082251082,"ord: dropped 1 empty level(s)"
"bace","rubin_types_mixed_BM_l1_r0_mcar0.3_n300_M20_s63",300,1,0,63,TRUE,1,0.0138157757116128,1.78223056199949,488.658725832969,0.380189366351056,"ord: dropped 1 empty level(s);cat3: dropped 1 empty level(s)"
"bace","rubin_types_mixed_BM_l1_r0_mcar0.3_n300_M20_s64",300,1,0,64,FALSE,1,0.125,1.7794646769505,156.28115997992,0.487012987012987,"ord: dropped 1 empty level(s)"
"bace","rubin_types_mixed_BM_l1_r0_mcar0.3_n300_M20_s65",300,1,0,65,TRUE,1,0.333333333333333,1.82422499784145,462.575120339942,0.354838709677419,"bin: left out (1 observed class);ord: dropped 1 empty level(s)"
"bace","rubin_types_mixed_BM_l1_r0_mcar0.3_n300_M20_s66",300,1,0,66,TRUE,1,0.0355672009112856,1.27516446063033,992.205739792392,0.328021248339973,"cat3: dropped 1 empty level(s)"
"bace","rubin_types_mixed_BM_l1_r0_mcar0.3_n300_M20_s67",300,1,0,67,TRUE,1,0.0769230769230768,2.02568277228863,458.654895645788,0.418524021792967,""
"bace","rubin_types_mixed_BM_l1_r0_mcar0.3_n300_M20_s7",300,1,0,7,TRUE,1,0.0370370370370371,1.07589863128885,178.657074956111,0.444774640911342,""
"bace","rubin_types_mixed_BM_l1_r0_mcar0.3_n300_M20_s70",300,1,0,70,TRUE,1,0.0652173913043477,2.33694942896975,290.495765532805,0.451298701298701,"ord: dropped 1 empty level(s)"
"bace","rubin_types_mixed_BM_l1_r0_mcar0.3_n300_M20_s71",300,1,0,71,TRUE,1,0.0434782608695653,1.98642595643869,631.01774073458,0.412235979606701,"ord: dropped 1 empty level(s);cat3: dropped 1 empty level(s)"
"bace","rubin_types_mixed_BM_l1_r0_mcar0.3_n300_M20_s72",300,1,0,72,TRUE,1,0.0275278212959546,1.09715037900093,86.9184674310838,0.510648836057454,""
"bace","rubin_types_mixed_BM_l1_r0_mcar0.3_n300_M20_s73",300,1,0,73,TRUE,1,0.0651142666819186,1.7514761973039,659.280977956593,0.370517928286853,"cat3: dropped 1 empty level(s)"
"bace","rubin_types_mixed_BM_l1_r0_mcar0.3_n300_M20_s74",300,1,0,74,TRUE,1,0.0357142857142858,3.61702852399858,659.234169038635,0.283532536520584,"cat3: dropped 1 empty level(s)"
"bace","rubin_types_mixed_BM_l1_r0_mcar0.3_n300_M20_s75",300,1,0,75,TRUE,1,0.2,2.68363934446853,498.509531205516,0.344621513944223,"cat3: dropped 1 empty level(s)"
"bace","rubin_types_mixed_BM_l1_r0_mcar0.3_n300_M20_s76",300,1,0,76,TRUE,1,0.0999999999999999,1.06557973728767,109.707629030868,0.488095238095238,"ord: dropped 1 empty level(s)"
"bace","rubin_types_mixed_BM_l1_r0_mcar0.3_n300_M20_s77",300,1,0,77,TRUE,1,0.0392156862745099,1.28529059752689,286.631022942173,0.411589895988113,""
"bace","rubin_types_mixed_BM_l1_r0_mcar0.3_n300_M20_s78",300,1,0,78,TRUE,1,0.0158730158730158,2.49092933522937,856.162600427552,0.280212483399734,"cat3: dropped 1 empty level(s)"
"bace","rubin_types_mixed_BM_l1_r0_mcar0.3_n300_M20_s79",300,1,0,79,TRUE,1,0.0119047619047619,1.77008212521331,175.018258081683,0.451708766716196,""
"bace","rubin_types_mixed_BM_l1_r0_mcar0.3_n300_M20_s8",300,1,0,8,TRUE,1,0.0222222222222221,1.62627118440023,801.738105999979,0.308812818645302,"ord: dropped 1 empty level(s);cat3: dropped 1 empty level(s)"
"bace","rubin_types_mixed_BM_l1_r0_mcar0.3_n300_M20_s80",300,1,0,80,TRUE,1,0.0434782608695652,2.40925475418007,739.457618977742,0.326029216467463,"cat3: dropped 1 empty level(s)"
"bace","rubin_types_mixed_BM_l1_r0_mcar0.3_n300_M20_s81",300,1,0,81,TRUE,1,0.0588235294117648,3.20582508947141,198.331387623383,0.452204061416543,""
"bace","rubin_types_mixed_BM_l1_r0_mcar0.3_n300_M20_s82",300,1,0,82,TRUE,1,0.0833333333333332,3.1484887965823,174.450521245865,0.469155844155844,"ord: dropped 1 empty level(s)"
"bace","rubin_types_mixed_BM_l1_r0_mcar0.3_n300_M20_s83",300,1,0,83,TRUE,1,0.666666666666667,1.50781787047365,143.207590664352,0.478454680534918,""
"bace","rubin_types_mixed_BM_l1_r0_mcar0.3_n300_M20_s84",300,1,0,84,TRUE,1,0.0384615384615383,2.14208869254058,182.709751216289,0.466450216450216,"ord: dropped 1 empty level(s)"
"bace","rubin_types_mixed_BM_l1_r0_mcar0.3_n300_M20_s85",300,1,0,85,TRUE,1,0.04785631137103,1.35337733072407,305.067728467685,0.471320346320346,"ord: dropped 1 empty level(s)"
"bace","rubin_types_mixed_BM_l1_r0_mcar0.3_n300_M20_s86",300,1,0,86,TRUE,1,0.0357142857142858,1.45281792762445,171.517501453069,0.479940564635958,""
"bace","rubin_types_mixed_BM_l1_r0_mcar0.3_n300_M20_s87",300,1,0,87,FALSE,1,1.09011763603133,1.15941825433865,102.987159253953,0.496753246753247,"ord: dropped 1 empty level(s)"
"bace","rubin_types_mixed_BM_l1_r0_mcar0.3_n300_M20_s88",300,1,0,88,TRUE,1,0.0370370370370371,1.1367363680706,203.719559869607,0.464285714285714,"ord: dropped 1 empty level(s)"
"bace","rubin_types_mixed_BM_l1_r0_mcar0.3_n300_M20_s89",300,1,0,89,TRUE,1,0.0812792746942962,2.55526154234353,820.356037025493,0.258157389635317,"bin: left out (1 observed class);ord: dropped 1 empty level(s);cat3: dropped 1 empty level(s)"
"bace","rubin_types_mixed_BM_l1_r0_mcar0.3_n300_M20_s9",300,1,0,9,TRUE,1,0.154686296500806,1.07131111923684,101.275172292794,0.498266468548787,""
"bace","rubin_types_mixed_BM_l1_r0_mcar0.3_n300_M20_s90",300,1,0,90,TRUE,1,0.180293131447658,2.23108486174823,349.515868941594,0.319389110225764,"cat3: dropped 1 empty level(s)"
"bace","rubin_types_mixed_BM_l1_r0_mcar0.3_n300_M20_s91",300,1,0,91,TRUE,1,0.0400000000000001,1.23286657366214,463.658248027971,0.420009905894007,""
"bace","rubin_types_mixed_BM_l1_r0_mcar0.3_n300_M20_s92",300,1,0,92,TRUE,1,0.0285714285714286,1.32321665245428,929.526718762846,0.371449380917698,"ord: dropped 1 empty level(s);cat3: dropped 1 empty level(s)"
"bace","rubin_types_mixed_BM_l1_r0_mcar0.3_n300_M20_s93",300,1,0,93,TRUE,1,0.0021487526902615,4.47012171539983,650.419087761835,0.397391901166781,"bin: left out (1 observed class);ord: dropped 1 empty level(s)"
"bace","rubin_types_mixed_BM_l1_r0_mcar0.3_n300_M20_s95",300,1,0,95,TRUE,1,0.0104466114319842,2.03452467805837,1078.06973335094,0.246641074856046,"ord: dropped 1 empty level(s);cat3: left out (1 observed class)"
"bace","rubin_types_mixed_BM_l1_r0_mcar0.3_n300_M20_s96",300,1,0,96,TRUE,1,1111111.11111111,1.26610706190169,141.813986317707,0.487012987012987,"ord: dropped 1 empty level(s)"
"bace","rubin_types_mixed_BM_l1_r0_mcar0.3_n300_M20_s97",300,1,0,97,TRUE,1,0.0416666666666667,2.27400129006511,201.304947885242,0.447251114413076,""
"bace","rubin_types_mixed_BM_l1_r0_mcar0.3_n300_M20_s98",300,1,0,98,TRUE,1,0.0416666666666667,1.22890238096515,245.287916019478,0.428571428571429,"ord: dropped 1 empty level(s)"
"bace","rubin_types_mixed_BM_l1_r0_mcar0.3_n300_M20_s99",300,1,0,99,TRUE,1,0.0270270270270271,2.77610505380715,193.19766101521,0.437770562770563,"ord: dropped 1 empty level(s)"
"bace","rubin_types_mixed_BM_l1_r0.5_mcar0.3_n100_M20_s1",100,1,0.5,1,TRUE,1,0.5,2.56432376584632,822.61448922835,0.393299344501092,"ord: dropped 1 empty level(s);cat3: dropped 1 empty level(s)"
"bace","rubin_types_mixed_BM_l1_r0.5_mcar0.3_n100_M20_s10",100,1,0.5,10,FALSE,1,0.181818181818182,1.64725214357079,128.931182687656,0.488636363636364,"ord: dropped 1 empty level(s)"
"bace","rubin_types_mixed_BM_l1_r0.5_mcar0.3_n100_M20_s100",100,1,0.5,100,FALSE,1,0.245246952001538,1.01349803843254,59.437607676135,0.521645021645022,"ord: dropped 1 empty level(s)"
"bace","rubin_types_mixed_BM_l1_r0.5_mcar0.3_n100_M20_s101",100,1,0.5,101,FALSE,1,0.25,1.18875194618162,159.00151034209,0.461119366022784,""
"bace","rubin_types_mixed_BM_l1_r0.5_mcar0.3_n100_M20_s102",100,1,0.5,102,TRUE,1,0.0909090909090909,1.29226647465138,106.002950318113,0.495789995047053,""
"bace","rubin_types_mixed_BM_l1_r0.5_mcar0.3_n100_M20_s104",100,1,0.5,104,TRUE,1,0.0833333333333335,1.8410556840976,47.2439582161105,0.539502164502164,"ord: dropped 1 empty level(s)"
"bace","rubin_types_mixed_BM_l1_r0.5_mcar0.3_n100_M20_s105",100,1,0.5,105,FALSE,1,0.5,2.11460472554611,1037.01328208566,0.359229747675963,"cat3: dropped 1 empty level(s)"
"bace","rubin_types_mixed_BM_l1_r0.5_mcar0.3_n100_M20_s106",100,1,0.5,106,TRUE,1,0.25,1.12327511394897,109.455680245397,0.498509242695289,"ord: dropped 2 empty level(s)"
"bace","rubin_types_mixed_BM_l1_r0.5_mcar0.3_n100_M20_s107",100,1,0.5,107,TRUE,1,0.0565786409940474,1.45102738088617,77.7206809836494,0.526498266468549,""
"bace","rubin_types_mixed_BM_l1_r0.5_mcar0.3_n100_M20_s108",100,1,0.5,108,FALSE,1,0.1,1.73432829335061,59.7669060099799,0.526515151515151,"ord: dropped 1 empty level(s)"
"bace","rubin_types_mixed_BM_l1_r0.5_mcar0.3_n100_M20_s109",100,1,0.5,109,TRUE,1,0.039692814327232,1.09877807725809,59.9384684161885,0.536255411255411,"ord: dropped 1 empty level(s)"
"bace","rubin_types_mixed_BM_l1_r0.5_mcar0.3_n100_M20_s11",100,1,0.5,11,FALSE,1,0.227272727272727,1.02481833636476,207.951948559529,0.484848484848485,"ord: dropped 1 empty level(s)"
"bace","rubin_types_mixed_BM_l1_r0.5_mcar0.3_n100_M20_s110",100,1,0.5,110,TRUE,1,0.233967865628237,1.32961059390245,88.1062154232346,0.504210004952947,""
"bace","rubin_types_mixed_BM_l1_r0.5_mcar0.3_n100_M20_s111",100,1,0.5,111,FALSE,1,0.333333333333333,1.53199642562061,141.138858692718,0.487865279841506,""
"bace","rubin_types_mixed_BM_l1_r0.5_mcar0.3_n100_M20_s112",100,1,0.5,112,TRUE,1,0.75,1.34063285929181,188.146608500941,0.469044081228331,""
"bace","rubin_types_mixed_BM_l1_r0.5_mcar0.3_n100_M20_s113",100,1,0.5,113,FALSE,1,0.363636363636364,0.805000175895753,23.7723035192095,0.586165772212284,"ord: dropped 2 empty level(s)"
"bace","rubin_types_mixed_BM_l1_r0.5_mcar0.3_n100_M20_s114",100,1,0.5,114,FALSE,1,0.225080464980431,0.892308805756804,22.6911493909949,0.622835497835498,"ord: dropped 1 empty level(s)"
"bace","rubin_types_mixed_BM_l1_r0.5_mcar0.3_n100_M20_s115",100,1,0.5,115,FALSE,1,0.111111111111111,1.27202884496429,747.344487316238,0.387783115991764,"bin: left out (1 observed class);ord: dropped 1 empty level(s)"
"bace","rubin_types_mixed_BM_l1_r0.5_mcar0.3_n100_M20_s116",100,1,0.5,116,FALSE,1,1.5,2.6864627032686,662.508072960798,0.378732702112163,"ord: dropped 1 empty level(s);cat3: dropped 1 empty level(s)"
"bace","rubin_types_mixed_BM_l1_r0.5_mcar0.3_n100_M20_s117",100,1,0.5,117,TRUE,1,0.118190509983923,1.37282963449048,218.929558428124,0.479978354978355,"ord: dropped 1 empty level(s)"
"bace","rubin_types_mixed_BM_l1_r0.5_mcar0.3_n100_M20_s118",100,1,0.5,118,TRUE,1,0.666666666666667,1.70908560948101,159.535283167471,0.483407627538385,""
"bace","rubin_types_mixed_BM_l1_r0.5_mcar0.3_n100_M20_s119",100,1,0.5,119,TRUE,1,0.25,1.6987937059662,592.19932717814,0.397669337217771,"ord: dropped 1 empty level(s);cat3: dropped 1 empty level(s)"
"bace","rubin_types_mixed_BM_l1_r0.5_mcar0.3_n100_M20_s12",100,1,0.5,12,FALSE,1,0.251057107856628,1.28668312566653,56.8108036136628,0.522535908865775,""
"bace","rubin_types_mixed_BM_l1_r0.5_mcar0.3_n100_M20_s120",100,1,0.5,120,TRUE,1,0.166666666666667,0.968847384302057,918.95702200313,0.39227895392279,"bin: left out (1 observed class)"
"bace","rubin_types_mixed_BM_l1_r0.5_mcar0.3_n100_M20_s121",100,1,0.5,121,FALSE,1,1,1.13853285773351,131.669874899358,0.49025974025974,"ord: dropped 1 empty level(s)"
"bace","rubin_types_mixed_BM_l1_r0.5_mcar0.3_n100_M20_s122",100,1,0.5,122,TRUE,1,0.2,2.60120423097045,344.802601686765,0.464067278287462,"bin: left out (1 observed class);ord: dropped 2 empty level(s)"
"bace","rubin_types_mixed_BM_l1_r0.5_mcar0.3_n100_M20_s123",100,1,0.5,123,FALSE,1,0.571428571428571,1.14608465657827,32.5571180074109,0.558692421991085,""
"bace","rubin_types_mixed_BM_l1_r0.5_mcar0.3_n100_M20_s124",100,1,0.5,124,TRUE,1,0.137931034482759,1.21164657112593,56.5934692895574,0.51520572450805,"ord: dropped 2 empty level(s)"
"bace","rubin_types_mixed_BM_l1_r0.5_mcar0.3_n100_M20_s125",100,1,0.5,125,TRUE,1,0.0727272727272728,1.24388255632233,572.247193211755,0.389774236387782,"cat3: dropped 1 empty level(s)"
"bace","rubin_types_mixed_BM_l1_r0.5_mcar0.3_n100_M20_s126",100,1,0.5,126,FALSE,1,0.125,0.737330187268999,412.2180571439,0.455044612216884,"bin: left out (1 observed class);ord: dropped 1 empty level(s)"
"bace","rubin_types_mixed_BM_l1_r0.5_mcar0.3_n100_M20_s127",100,1,0.5,127,FALSE,1,3,1.09486555365642,45.9101736547566,0.531305903398927,"ord: dropped 2 empty level(s)"
"bace","rubin_types_mixed_BM_l1_r0.5_mcar0.3_n100_M20_s128",100,1,0.5,128,FALSE,1,0.333333333333333,1.02773159609279,625.575293333473,0.357237715803453,"cat3: dropped 1 empty level(s)"
"bace","rubin_types_mixed_BM_l1_r0.5_mcar0.3_n100_M20_s129",100,1,0.5,129,TRUE,1,0.222222222222222,1.42117173296355,92.0251231834121,0.501623376623377,"ord: dropped 1 empty level(s)"
"bace","rubin_types_mixed_BM_l1_r0.5_mcar0.3_n100_M20_s130",100,1,0.5,130,FALSE,1,0.63373815367528,1.19271626848888,524.940066906453,0.398406374501992,"cat3: dropped 1 empty level(s)"
"bace","rubin_types_mixed_BM_l1_r0.5_mcar0.3_n100_M20_s132",100,1,0.5,132,FALSE,1,0.285714285714286,0.971415506436837,103.781754433336,0.497275879148093,""
"bace","rubin_types_mixed_BM_l1_r0.5_mcar0.3_n100_M20_s133",100,1,0.5,133,FALSE,1,0.593185792364346,0.821010933103011,42.333158836454,0.554730064388311,""
"bace","rubin_types_mixed_BM_l1_r0.5_mcar0.3_n100_M20_s134",100,1,0.5,134,TRUE,1,0.142857142857143,1.64431871779275,253.121662958064,0.460497835497836,"ord: dropped 1 empty level(s)"
"bace","rubin_types_mixed_BM_l1_r0.5_mcar0.3_n100_M20_s135",100,1,0.5,135,FALSE,1,0.60655737704918,1.3200308761881,439.362031004078,0.443559096945551,"cat3: dropped 1 empty level(s)"
"bace","rubin_types_mixed_BM_l1_r0.5_mcar0.3_n100_M20_s136",100,1,0.5,136,TRUE,1,0.0124223602484473,2.00497533314306,337.211970544084,0.381806108897742,"cat3: dropped 1 empty level(s)"
"bace","rubin_types_mixed_BM_l1_r0.5_mcar0.3_n100_M20_s137",100,1,0.5,137,FALSE,1,0.659613154410039,1.2984927324507,73.9862874288476,0.505664877757901,"ord: dropped 2 empty level(s)"
"bace","rubin_types_mixed_BM_l1_r0.5_mcar0.3_n100_M20_s138",100,1,0.5,138,TRUE,1,0.125,1.44119472593662,85.4723879013279,0.508667657256067,""
"bace","rubin_types_mixed_BM_l1_r0.5_mcar0.3_n100_M20_s139",100,1,0.5,139,TRUE,1,0.0487952603250272,0.887126788522934,39.1288904474977,0.534287418008348,"ord: dropped 2 empty level(s)"
"bace","rubin_types_mixed_BM_l1_r0.5_mcar0.3_n100_M20_s14",100,1,0.5,14,FALSE,1,0.25,0.990859810493472,29.2889839072634,0.565131253095592,""
"bace","rubin_types_mixed_BM_l1_r0.5_mcar0.3_n100_M20_s140",100,1,0.5,140,TRUE,1,1.9878464542358,1.70806996018656,40.1723787620091,0.546310054482417,""
"bace","rubin_types_mixed_BM_l1_r0.5_mcar0.3_n100_M20_s142",100,1,0.5,142,TRUE,1,0.090909090909091,1.38501637110681,135.792440769575,0.492322932144626,""
"bace","rubin_types_mixed_BM_l1_r0.5_mcar0.3_n100_M20_s144",100,1,0.5,144,TRUE,1,0.226290321264176,1.13740731081721,121.87733160153,0.492818226844973,""
"bace","rubin_types_mixed_BM_l1_r0.5_mcar0.3_n100_M20_s145",100,1,0.5,145,TRUE,1,0.133333333333333,1.04649786222864,101.675621208,0.498917748917749,"ord: dropped 1 empty level(s)"
"bace","rubin_types_mixed_BM_l1_r0.5_mcar0.3_n100_M20_s146",100,1,0.5,146,FALSE,1,0.111111111111111,1.04307388152156,21.0431012445737,0.607726597325409,""
"bace","rubin_types_mixed_BM_l1_r0.5_mcar0.3_n100_M20_s148",100,1,0.5,148,FALSE,1,0.122954410176888,0.827546674526875,481.727656187129,0.433651344319167,"bin: left out (1 observed class);cat3: dropped 1 empty level(s)"
"bace","rubin_types_mixed_BM_l1_r0.5_mcar0.3_n100_M20_s149",100,1,0.5,149,FALSE,1,0.0625,0.934525600527471,283.597615123807,0.453363914373089,"bin: left out (1 observed class);ord: dropped 2 empty level(s)"
"bace","rubin_types_mixed_BM_l1_r0.5_mcar0.3_n100_M20_s15",100,1,0.5,15,FALSE,1,0.296520638882164,1.40293100314826,111.35409096983,0.489846458642893,""
"bace","rubin_types_mixed_BM_l1_r0.5_mcar0.3_n100_M20_s150",100,1,0.5,150,TRUE,1,0.0810810810810812,0.944499861669091,85.0785866636861,0.509162951956414,""
"bace","rubin_types_mixed_BM_l1_r0.5_mcar0.3_n100_M20_s151",100,1,0.5,151,FALSE,1,0.194444444444445,1.02553097234949,153.325372867929,0.465471447543161,"cat3: dropped 1 empty level(s)"
"bace","rubin_types_mixed_BM_l1_r0.5_mcar0.3_n100_M20_s152",100,1,0.5,152,TRUE,1,0.277227722772277,1.03615464250045,18.0181673181471,0.674096087171867,""
"bace","rubin_types_mixed_BM_l1_r0.5_mcar0.3_n100_M20_s153",100,1,0.5,153,TRUE,1,0.105004826230524,1.30029047122376,705.911492548049,0.365642994241843,"ord: dropped 1 empty level(s);cat3: left out (1 observed class)"
"bace","rubin_types_mixed_BM_l1_r0.5_mcar0.3_n100_M20_s154",100,1,0.5,154,FALSE,1,0.333333333333333,1.51814626318616,78.3101043379955,0.515601783060921,""
"bace","rubin_types_mixed_BM_l1_r0.5_mcar0.3_n100_M20_s155",100,1,0.5,155,TRUE,1,0.282475623842832,1.51609325234601,409.877702389581,0.448652585579024,"ord: dropped 1 empty level(s);cat3: dropped 1 empty level(s)"
"bace","rubin_types_mixed_BM_l1_r0.5_mcar0.3_n100_M20_s156",100,1,0.5,156,FALSE,1,0.6,1.27657743548574,152.657232893644,0.481921743437345,""
"bace","rubin_types_mixed_BM_l1_r0.5_mcar0.3_n100_M20_s157",100,1,0.5,157,FALSE,1,1e+07,1.15964875406549,1005.19692079489,0.407137654770575,"ord: dropped 1 empty level(s);cat3: dropped 1 empty level(s)"
"bace","rubin_types_mixed_BM_l1_r0.5_mcar0.3_n100_M20_s158",100,1,0.5,158,FALSE,1,0.191886761775117,1.34536404719469,266.936192617269,0.423412204234122,"bin: left out (1 observed class)"
"bace","rubin_types_mixed_BM_l1_r0.5_mcar0.3_n100_M20_s159",100,1,0.5,159,TRUE,1,0.285714285714286,1.37629130758248,113.536080714704,0.494047619047619,"ord: dropped 1 empty level(s)"
"bace","rubin_types_mixed_BM_l1_r0.5_mcar0.3_n100_M20_s160",100,1,0.5,160,TRUE,1,0.6,1.4764872957785,553.991007191921,0.371845949535193,"cat3: dropped 1 empty level(s)"
"bace","rubin_types_mixed_BM_l1_r0.5_mcar0.3_n100_M20_s161",100,1,0.5,161,FALSE,1,1,2.0137261058503,671.934530873542,0.373173970783533,"cat3: dropped 1 empty level(s)"
"bace","rubin_types_mixed_BM_l1_r0.5_mcar0.3_n100_M20_s163",100,1,0.5,163,TRUE,1,0.0434782608695653,1.7363693130714,174.026829646636,0.488095238095238,"ord: dropped 1 empty level(s)"
"bace","rubin_types_mixed_BM_l1_r0.5_mcar0.3_n100_M20_s164",100,1,0.5,164,TRUE,1,0.290204685812981,1.58388611162739,800.819291441247,0.339982653946227,"cat3: left out (1 observed class)"
"bace","rubin_types_mixed_BM_l1_r0.5_mcar0.3_n100_M20_s165",100,1,0.5,165,TRUE,1,0.00799999999999997,1.31161586144164,186.932167613694,0.473997028231798,""
"bace","rubin_types_mixed_BM_l1_r0.5_mcar0.3_n100_M20_s166",100,1,0.5,166,FALSE,1,0.57441863237876,1.39671763459964,176.998662075332,0.490341753343239,""
"bace","rubin_types_mixed_BM_l1_r0.5_mcar0.3_n100_M20_s167",100,1,0.5,167,TRUE,1,0.115384615384615,1.26007127686732,555.125218647553,0.372509960159363,"cat3: dropped 1 empty level(s)"
"bace","rubin_types_mixed_BM_l1_r0.5_mcar0.3_n100_M20_s168",100,1,0.5,168,FALSE,1,0.428571428571428,1.25787401042919,223.211587629545,0.460624071322437,""
"bace","rubin_types_mixed_BM_l1_r0.5_mcar0.3_n100_M20_s169",100,1,0.5,169,TRUE,1,0.0833333333333335,1.54222687963354,123.037122107517,0.490341753343239,""
"bace","rubin_types_mixed_BM_l1_r0.5_mcar0.3_n100_M20_s17",100,1,0.5,17,TRUE,1,1.5,1.08425837915035,83.1001587905941,0.5037147102526,""
"bace","rubin_types_mixed_BM_l1_r0.5_mcar0.3_n100_M20_s170",100,1,0.5,170,TRUE,1,1.68641825124927,1.02949372981294,29.7085167532993,0.543828264758497,"ord: dropped 2 empty level(s)"
"bace","rubin_types_mixed_BM_l1_r0.5_mcar0.3_n100_M20_s171",100,1,0.5,171,FALSE,1,0.0969846594805212,1.0404259734166,30.4780317796956,0.579990094105993,""
"bace","rubin_types_mixed_BM_l1_r0.5_mcar0.3_n100_M20_s173",100,1,0.5,173,TRUE,1,0.0857142857142857,1.49583852682291,1096.91444442878,0.268714011516315,"bin: left out (1 observed class);ord: dropped 1 empty level(s);cat3: dropped 1 empty level(s)"
"bace","rubin_types_mixed_BM_l1_r0.5_mcar0.3_n100_M20_s174",100,1,0.5,174,FALSE,1,0.4,2.29385221006545,73.3307674411714,0.514115898959881,""
"bace","rubin_types_mixed_BM_l1_r0.5_mcar0.3_n100_M20_s176",100,1,0.5,176,FALSE,1,0.1,1.57209014469431,191.771246867154,0.483766233766234,"ord: dropped 1 empty level(s)"
"bace","rubin_types_mixed_BM_l1_r0.5_mcar0.3_n100_M20_s177",100,1,0.5,177,TRUE,1,0.323048490384821,1.34747246962282,81.4326866842123,0.517087667161961,""
"bace","rubin_types_mixed_BM_l1_r0.5_mcar0.3_n100_M20_s178",100,1,0.5,178,TRUE,1,0.666666666666667,1.43527146003855,97.9457371490206,0.5,"ord: dropped 1 empty level(s)"
"bace","rubin_types_mixed_BM_l1_r0.5_mcar0.3_n100_M20_s179",100,1,0.5,179,TRUE,1,0.333333333333333,1.46625002765024,87.2071937068475,0.507181773155027,""
"bace","rubin_types_mixed_BM_l1_r0.5_mcar0.3_n100_M20_s180",100,1,0.5,180,TRUE,1,0.0605160380346268,1.49701962545193,55.5604352040536,0.524150268336315,"ord: dropped 2 empty level(s)"
"bace","rubin_types_mixed_BM_l1_r0.5_mcar0.3_n100_M20_s181",100,1,0.5,181,TRUE,1,0.458904109589041,1.00116439951984,200.897600108799,0.485986881335719,"ord: dropped 2 empty level(s)"
"bace","rubin_types_mixed_BM_l1_r0.5_mcar0.3_n100_M20_s182",100,1,0.5,182,TRUE,1,0.819575080888219,2.24402746480202,66.9462561166378,0.516398330351819,"ord: dropped 2 empty level(s)"
"bace","rubin_types_mixed_BM_l1_r0.5_mcar0.3_n100_M20_s183",100,1,0.5,183,FALSE,1,3.54668635540808,1.28998030842894,130.869034868468,0.49331352154532,""
"bace","rubin_types_mixed_BM_l1_r0.5_mcar0.3_n100_M20_s184",100,1,0.5,184,TRUE,1,0.111111111111111,1.57025298664626,695.699477325562,0.467589220684632,"ord: dropped 1 empty level(s);cat3: dropped 1 empty level(s)"
"bace","rubin_types_mixed_BM_l1_r0.5_mcar0.3_n100_M20_s185",100,1,0.5,185,TRUE,1,0.1875,2.14023848284347,188.744716345553,0.485986881335719,"ord: dropped 2 empty level(s)"
"bace","rubin_types_mixed_BM_l1_r0.5_mcar0.3_n100_M20_s186",100,1,0.5,186,TRUE,1,0.233449477351916,1.12208470927345,13.5893262837161,0.642892521050025,""
"bace","rubin_types_mixed_BM_l1_r0.5_mcar0.3_n100_M20_s187",100,1,0.5,187,TRUE,1,0.434815856308852,0.962918555635457,37.7323896318232,0.548786527984151,""
"bace","rubin_types_mixed_BM_l1_r0.5_mcar0.3_n100_M20_s189",100,1,0.5,189,TRUE,1,0.125,1.58961828067399,81.9623878512499,0.50974025974026,"ord: dropped 1 empty level(s)"
"bace","rubin_types_mixed_BM_l1_r0.5_mcar0.3_n100_M20_s19",100,1,0.5,19,FALSE,1,0.395319689316599,0.927415029896602,20.9170107820328,0.59469696969697,"ord: dropped 1 empty level(s)"
"bace","rubin_types_mixed_BM_l1_r0.5_mcar0.3_n100_M20_s190",100,1,0.5,190,TRUE,1,0.0344224473161938,1.21398717845105,95.4417314656733,0.500541125541126,"ord: dropped 1 empty level(s)"
"bace","rubin_types_mixed_BM_l1_r0.5_mcar0.3_n100_M20_s191",100,1,0.5,191,FALSE,1,0.255121536912921,1.67544033434699,105.844366751304,0.496780584447746,""
"bace","rubin_types_mixed_BM_l1_r0.5_mcar0.3_n100_M20_s194",100,1,0.5,194,TRUE,1,0.0666666666666667,1.30379112922017,38.0985819312275,0.538419913419913,"ord: dropped 1 empty level(s)"
"bace","rubin_types_mixed_BM_l1_r0.5_mcar0.3_n100_M20_s195",100,1,0.5,195,TRUE,1,0.4,1.39101100453231,305.399818501582,0.472402597402597,"ord: dropped 1 empty level(s)"
"bace","rubin_types_mixed_BM_l1_r0.5_mcar0.3_n100_M20_s196",100,1,0.5,196,TRUE,1,0.1,1.96234790604365,804.503157858922,0.404255319148936,"bin: left out (1 observed class);ord: dropped 1 empty level(s)"
"bace","rubin_types_mixed_BM_l1_r0.5_mcar0.3_n100_M20_s197",100,1,0.5,197,FALSE,1,0.1,1.33943216993266,678.272188287599,0.376494023904382,"cat3: dropped 1 empty level(s)"
"bace","rubin_types_mixed_BM_l1_r0.5_mcar0.3_n100_M20_s198",100,1,0.5,198,TRUE,1,1,2.61519948507287,984.161113016698,0.272552783109405,"bin: left out (1 observed class);ord: dropped 1 empty level(s);cat3: dropped 1 empty level(s)"
"bace","rubin_types_mixed_BM_l1_r0.5_mcar0.3_n100_M20_s2",100,1,0.5,2,TRUE,1,1,1.36521190741228,100.502124356929,0.499752352649827,""
"bace","rubin_types_mixed_BM_l1_r0.5_mcar0.3_n100_M20_s200",100,1,0.5,200,TRUE,1,0.125,1.4224791421698,167.015339710956,0.492965367965368,"ord: dropped 1 empty level(s)"
"bace","rubin_types_mixed_BM_l1_r0.5_mcar0.3_n100_M20_s21",100,1,0.5,21,FALSE,1,0.142857142857143,1.02063680242062,137.903050639441,0.489846458642893,""
"bace","rubin_types_mixed_BM_l1_r0.5_mcar0.3_n100_M20_s22",100,1,0.5,22,TRUE,1,0.0588235294117647,2.11856778593305,449.631403869116,0.46482683982684,"ord: dropped 1 empty level(s)"
"bace","rubin_types_mixed_BM_l1_r0.5_mcar0.3_n100_M20_s23",100,1,0.5,23,TRUE,1,0.3,1.49437796534795,160.891058749999,0.485388806339772,""
"bace","rubin_types_mixed_BM_l1_r0.5_mcar0.3_n100_M20_s24",100,1,0.5,24,FALSE,1,0.15,1.46925525149824,162.077220532809,0.476473501733531,""
"bace","rubin_types_mixed_BM_l1_r0.5_mcar0.3_n100_M20_s25",100,1,0.5,25,FALSE,1,0.333333333333333,1.13448674983118,45.809122046279,0.548786527984151,""
"bace","rubin_types_mixed_BM_l1_r0.5_mcar0.3_n100_M20_s26",100,1,0.5,26,TRUE,1,0.0115315566637324,1.14875716493948,239.282144981017,0.459633481921743,""
"bace","rubin_types_mixed_BM_l1_r0.5_mcar0.3_n100_M20_s28",100,1,0.5,28,TRUE,1,0.0769230769230769,1.05191516316071,114.359334398551,0.4962852897474,""
"bace","rubin_types_mixed_BM_l1_r0.5_mcar0.3_n100_M20_s29",100,1,0.5,29,FALSE,1,0.1,1.21780675033336,133.871712461105,0.490341753343239,""
"bace","rubin_types_mixed_BM_l1_r0.5_mcar0.3_n100_M20_s3",100,1,0.5,3,FALSE,1,0.150993507632499,1.28855091118142,490.69258294936,0.420298879202989,"bin: left out (1 observed class)"
"bace","rubin_types_mixed_BM_l1_r0.5_mcar0.3_n100_M20_s30",100,1,0.5,30,FALSE,1,1,1.09710661052358,29.4379805360403,0.603764239722635,""
"bace","rubin_types_mixed_BM_l1_r0.5_mcar0.3_n100_M20_s31",100,1,0.5,31,TRUE,1,0.090909090909091,1.74358383942606,869.32105973864,0.373634377276038,"ord: dropped 1 empty level(s);cat3: dropped 1 empty level(s)"
"bace","rubin_types_mixed_BM_l1_r0.5_mcar0.3_n100_M20_s32",100,1,0.5,32,TRUE,1,0.1,1.26321650988198,284.102836536294,0.468694096601073,"ord: dropped 2 empty level(s)"
"bace","rubin_types_mixed_BM_l1_r0.5_mcar0.3_n100_M20_s33",100,1,0.5,33,FALSE,1,13333333.3333333,2.15842242169988,408.523878730966,0.407845579078456,"bin: left out (1 observed class)"
"bace","rubin_types_mixed_BM_l1_r0.5_mcar0.3_n100_M20_s34",100,1,0.5,34,FALSE,1,0.645817690660056,1.50079977612078,50.5571295901829,0.552489177489177,"ord: dropped 1 empty level(s)"
"bace","rubin_types_mixed_BM_l1_r0.5_mcar0.3_n100_M20_s35",100,1,0.5,35,TRUE,1,0.0555555555555555,1.51005110086378,655.66294030104,0.389788293897883,"bin: left out (1 observed class)"
"bace","rubin_types_mixed_BM_l1_r0.5_mcar0.3_n100_M20_s37",100,1,0.5,37,TRUE,1,0.181818181818182,1.48280106551951,97.0088683824872,0.50222882615156,""
"bace","rubin_types_mixed_BM_l1_r0.5_mcar0.3_n100_M20_s39",100,1,0.5,39,TRUE,1,0.111111111111111,1.41590691354848,164.696100336816,0.484307359307359,"ord: dropped 1 empty level(s)"
"bace","rubin_types_mixed_BM_l1_r0.5_mcar0.3_n100_M20_s4",100,1,0.5,4,TRUE,1,0.090909090909091,1.70149375673666,195.829727055295,0.465081723625557,""
"bace","rubin_types_mixed_BM_l1_r0.5_mcar0.3_n100_M20_s40",100,1,0.5,40,TRUE,1,0.133333333333333,1.39678465309269,123.496713124935,0.49331352154532,""
"bace","rubin_types_mixed_BM_l1_r0.5_mcar0.3_n100_M20_s41",100,1,0.5,41,TRUE,1,6666666.66666667,0.977378552525974,104.004611852791,0.4962852897474,""
"bace","rubin_types_mixed_BM_l1_r0.5_mcar0.3_n100_M20_s42",100,1,0.5,42,TRUE,1,0.126984126984127,1.03881296595203,163.085339047418,0.491341991341991,"ord: dropped 1 empty level(s)"
"bace","rubin_types_mixed_BM_l1_r0.5_mcar0.3_n100_M20_s43",100,1,0.5,43,FALSE,1,0.197060847530112,1.37204190130954,162.936372768389,0.486874690440812,""
"bace","rubin_types_mixed_BM_l1_r0.5_mcar0.3_n100_M20_s45",100,1,0.5,45,TRUE,1,0.106777285207285,1.25208329487124,334.305419579532,0.444749485243651,"bin: left out (1 observed class);ord: dropped 1 empty level(s)"
"bace","rubin_types_mixed_BM_l1_r0.5_mcar0.3_n100_M20_s46",100,1,0.5,46,FALSE,1,0.854989038102602,1.66623514064535,167.292912286098,0.487865279841506,""
"bace","rubin_types_mixed_BM_l1_r0.5_mcar0.3_n100_M20_s47",100,1,0.5,47,TRUE,1,6.0884721350033,0.782446189878738,92.3068903020538,0.501082251082251,"ord: dropped 1 empty level(s)"
"bace","rubin_types_mixed_BM_l1_r0.5_mcar0.3_n100_M20_s48",100,1,0.5,48,FALSE,1,0.181818181818182,1.44160804499887,141.180973885064,0.484307359307359,"ord: dropped 1 empty level(s)"
"bace","rubin_types_mixed_BM_l1_r0.5_mcar0.3_n100_M20_s49",100,1,0.5,49,TRUE,1,0.5,1.59314985329202,133.998263635901,0.49025974025974,"ord: dropped 1 empty level(s)"
"bace","rubin_types_mixed_BM_l1_r0.5_mcar0.3_n100_M20_s5",100,1,0.5,5,TRUE,1,0.125,1.28346179835836,258.016568970258,0.481765834932821,"ord: dropped 1 empty level(s);cat3: left out (1 observed class)"
"bace","rubin_types_mixed_BM_l1_r0.5_mcar0.3_n100_M20_s50",100,1,0.5,50,TRUE,1,0.333333333333333,1.26526915358321,104.803938155674,0.497294372294372,"ord: dropped 1 empty level(s)"
"bace","rubin_types_mixed_BM_l1_r0.5_mcar0.3_n100_M20_s51",100,1,0.5,51,FALSE,1,0.666666666666667,2.50967826131453,425.926596350895,0.396212672978878,"ord: dropped 1 empty level(s);cat3: dropped 1 empty level(s)"
"bace","rubin_types_mixed_BM_l1_r0.5_mcar0.3_n100_M20_s52",100,1,0.5,52,TRUE,1,0.375,0.959400362377043,87.5558128314611,0.510648836057454,""
"bace","rubin_types_mixed_BM_l1_r0.5_mcar0.3_n100_M20_s53",100,1,0.5,53,FALSE,1,0.333333333333333,1.65397589189368,91.4360120112348,0.507677067855374,""
"bace","rubin_types_mixed_BM_l1_r0.5_mcar0.3_n100_M20_s54",100,1,0.5,54,TRUE,1,0.1,1.3355302327941,97.3200674609932,0.501238236750867,""
"bace","rubin_types_mixed_BM_l1_r0.5_mcar0.3_n100_M20_s55",100,1,0.5,55,FALSE,1,0.666666666666667,1.56938977438733,206.023514402884,0.465081723625557,""
"bace","rubin_types_mixed_BM_l1_r0.5_mcar0.3_n100_M20_s57",100,1,0.5,57,TRUE,1,0.125,1.3746323960011,660.912880495618,0.370517928286853,"cat3: dropped 1 empty level(s)"
"bace","rubin_types_mixed_BM_l1_r0.5_mcar0.3_n100_M20_s58",100,1,0.5,58,TRUE,1,0.75,1.17739873074831,44.8603175518684,0.539502164502164,"ord: dropped 1 empty level(s)"
"bace","rubin_types_mixed_BM_l1_r0.5_mcar0.3_n100_M20_s6",100,1,0.5,6,TRUE,1,0.131529820854529,1.18063836131094,824.855881422908,0.383134130146082,"cat3: dropped 1 empty level(s)"
"bace","rubin_types_mixed_BM_l1_r0.5_mcar0.3_n100_M20_s61",100,1,0.5,61,FALSE,1,0.176470588235294,1.5010418721777,488.304545635866,0.379814077025232,"cat3: dropped 1 empty level(s)"
"bace","rubin_types_mixed_BM_l1_r0.5_mcar0.3_n100_M20_s62",100,1,0.5,62,TRUE,1,0.25,1.07314753229887,66.2577069814053,0.525507677067855,""
"bace","rubin_types_mixed_BM_l1_r0.5_mcar0.3_n100_M20_s63",100,1,0.5,63,FALSE,1,0.5,1.29707258669793,598.428117037054,0.417741935483871,"ord: dropped 2 empty level(s);cat3: dropped 1 empty level(s)"
"bace","rubin_types_mixed_BM_l1_r0.5_mcar0.3_n100_M20_s64",100,1,0.5,64,FALSE,1,0.166666666666667,2.24399823219963,795.080976470302,0.353969410050983,"ord: dropped 1 empty level(s);cat3: dropped 1 empty level(s)"
"bace","rubin_types_mixed_BM_l1_r0.5_mcar0.3_n100_M20_s65",100,1,0.5,65,FALSE,1,0.333333333333333,1.52567370723361,149.50583065032,0.485884101040119,""
"bace","rubin_types_mixed_BM_l1_r0.5_mcar0.3_n100_M20_s66",100,1,0.5,66,FALSE,1,0.5,1.62371132425639,99.5665486420432,0.500541125541126,"ord: dropped 1 empty level(s)"
"bace","rubin_types_mixed_BM_l1_r0.5_mcar0.3_n100_M20_s67",100,1,0.5,67,TRUE,1,0.203290158981406,1.25395816721385,824.918938331525,0.408594319009468,"ord: dropped 1 empty level(s);cat3: dropped 1 empty level(s)"
"bace","rubin_types_mixed_BM_l1_r0.5_mcar0.3_n100_M20_s68",100,1,0.5,68,TRUE,1,0.0574712643678162,1.0774553928171,90.6095224825798,0.50074294205052,""
"bace","rubin_types_mixed_BM_l1_r0.5_mcar0.3_n100_M20_s69",100,1,0.5,69,FALSE,1,0.833333333333333,2.06191130968255,417.773266128515,0.422166874221669,"bin: left out (1 observed class)"
"bace","rubin_types_mixed_BM_l1_r0.5_mcar0.3_n100_M20_s70",100,1,0.5,70,FALSE,1,1.22018103744398,1.02278721500082,16.7962001915532,0.643883110450718,""
"bace","rubin_types_mixed_BM_l1_r0.5_mcar0.3_n100_M20_s71",100,1,0.5,71,TRUE,1,0.111111111111111,2.71807368533262,945.208419385414,0.369992716678806,"ord: dropped 1 empty level(s);cat3: dropped 1 empty level(s)"
"bace","rubin_types_mixed_BM_l1_r0.5_mcar0.3_n100_M20_s72",100,1,0.5,72,FALSE,1,2.51217577909371,1.03992863066066,24.7877308645024,0.658741951461119,""
"bace","rubin_types_mixed_BM_l1_r0.5_mcar0.3_n100_M20_s73",100,1,0.5,73,TRUE,1,0.0714285714285714,1.37163327186612,747.874867863381,0.375819373634377,"ord: dropped 1 empty level(s);cat3: dropped 1 empty level(s)"
"bace","rubin_types_mixed_BM_l1_r0.5_mcar0.3_n100_M20_s74",100,1,0.5,74,FALSE,1,0.117647058823529,1.16556961477372,147.075546824503,0.483902922238732,""
"bace","rubin_types_mixed_BM_l1_r0.5_mcar0.3_n100_M20_s75",100,1,0.5,75,TRUE,1,0.142857142857143,1.56838550184474,175.514747425823,0.484197972570066,"ord: dropped 2 empty level(s)"
"bace","rubin_types_mixed_BM_l1_r0.5_mcar0.3_n100_M20_s78",100,1,0.5,78,FALSE,1,0.5,1.61177554191631,154.067598756833,0.48538961038961,"ord: dropped 1 empty level(s)"
"bace","rubin_types_mixed_BM_l1_r0.5_mcar0.3_n100_M20_s80",100,1,0.5,80,FALSE,1,0.666666666666667,1.94593204542567,123.623792895507,0.491949910554562,"ord: dropped 2 empty level(s)"
"bace","rubin_types_mixed_BM_l1_r0.5_mcar0.3_n100_M20_s81",100,1,0.5,81,FALSE,1,0.709058288189954,0.868874745549871,26.7478970118045,0.656760772659733,""
"bace","rubin_types_mixed_BM_l1_r0.5_mcar0.3_n100_M20_s82",100,1,0.5,82,TRUE,1,0.0317460317460316,2.05894628531347,606.701387286257,0.337811900191939,"ord: dropped 1 empty level(s);cat3: left out (1 observed class)"
"bace","rubin_types_mixed_BM_l1_r0.5_mcar0.3_n100_M20_s83",100,1,0.5,83,TRUE,1,0.125,1.37424233132518,742.844740684327,0.361981063364894,"ord: dropped 1 empty level(s);cat3: dropped 1 empty level(s)"
"bace","rubin_types_mixed_BM_l1_r0.5_mcar0.3_n100_M20_s84",100,1,0.5,84,FALSE,1,0.927781679594151,0.965453308901287,58.8678328469728,0.533432392273403,""
"bace","rubin_types_mixed_BM_l1_r0.5_mcar0.3_n100_M20_s85",100,1,0.5,85,FALSE,1,0.4,1.42371594092705,148.544340205976,0.494588744588745,"ord: dropped 1 empty level(s)"
"bace","rubin_types_mixed_BM_l1_r0.5_mcar0.3_n100_M20_s87",100,1,0.5,87,TRUE,1,0.00778210116731515,2.2597839428524,1219.07163127151,0.26679462571977,"ord: dropped 1 empty level(s);cat3: left out (1 observed class)"
"bace","rubin_types_mixed_BM_l1_r0.5_mcar0.3_n100_M20_s88",100,1,0.5,88,TRUE,1,1,1.36948912904276,177.779228374422,0.484398216939079,""
"bace","rubin_types_mixed_BM_l1_r0.5_mcar0.3_n100_M20_s89",100,1,0.5,89,FALSE,1,0.142857142857143,0.976449414833603,60.3021890437375,0.519068845963348,""
"bace","rubin_types_mixed_BM_l1_r0.5_mcar0.3_n100_M20_s9",100,1,0.5,9,FALSE,1,3333333.33333333,1.76596619495802,330.946488027598,0.418668496911462,"bin: left out (1 observed class);ord: dropped 1 empty level(s)"
"bace","rubin_types_mixed_BM_l1_r0.5_mcar0.3_n100_M20_s90",100,1,0.5,90,TRUE,1,0.142857142857143,1.21892087183503,87.822419350967,0.505952380952381,"ord: dropped 1 empty level(s)"
"bace","rubin_types_mixed_BM_l1_r0.5_mcar0.3_n100_M20_s91",100,1,0.5,91,FALSE,1,0.2,1.42141963387197,295.166183733081,0.470034670629024,""
"bace","rubin_types_mixed_BM_l1_r0.5_mcar0.3_n100_M20_s92",100,1,0.5,92,FALSE,1,0.2,1.32875828411483,128.551840699863,0.49512987012987,"ord: dropped 1 empty level(s)"
"bace","rubin_types_mixed_BM_l1_r0.5_mcar0.3_n100_M20_s94",100,1,0.5,94,FALSE,1,0.272727272727273,1.64241968378795,216.350456933408,0.482417038137692,""
"bace","rubin_types_mixed_BM_l1_r0.5_mcar0.3_n100_M20_s95",100,1,0.5,95,TRUE,1,0.524426698280576,0.855794285811321,17.0001085472553,0.616341991341991,"ord: dropped 1 empty level(s)"
"bace","rubin_types_mixed_BM_l1_r0.5_mcar0.3_n100_M20_s96",100,1,0.5,96,TRUE,1,0.219525348495661,0.955722683008174,479.703502129712,0.427622841965471,"cat3: dropped 1 empty level(s)"
"bace","rubin_types_mixed_BM_l1_r0.5_mcar0.3_n100_M20_s97",100,1,0.5,97,FALSE,1,0.180757825867453,1.51884530673444,36.9344653100582,0.576523031203566,""
"bace","rubin_types_mixed_BM_l1_r0.5_mcar0.3_n100_M20_s98",100,1,0.5,98,TRUE,1,0.131638579882242,1.25029687956853,112.501478054066,0.498266468548787,""
"bace","rubin_types_mixed_BM_l1_r0.5_mcar0.3_n100_M20_s99",100,1,0.5,99,FALSE,1,1,1.75219163588735,140.011867305207,0.487865279841506,""
"bace","rubin_types_mixed_BM_l1_r0.5_mcar0.3_n300_M20_s1",300,1,0.5,1,TRUE,1,0.25,1.33822461585965,775.062566113319,0.367807720320466,"ord: dropped 1 empty level(s);cat3: dropped 1 empty level(s)"
"bace","rubin_types_mixed_BM_l1_r0.5_mcar0.3_n300_M20_s10",300,1,0.5,10,TRUE,1,0.996783726002331,1.12278365234988,46.0540878614992,0.593614718614719,"ord: dropped 1 empty level(s)"
"bace","rubin_types_mixed_BM_l1_r0.5_mcar0.3_n300_M20_s100",300,1,0.5,100,TRUE,1,0.0909090909090909,1.65448889217296,307.237419544508,0.422981674096087,""
"bace","rubin_types_mixed_BM_l1_r0.5_mcar0.3_n300_M20_s11",300,1,0.5,11,TRUE,1,0.0114942528735632,2.72653211576435,1183.6510163103,0.217692974848222,"cat3: left out (1 observed class)"
"bace","rubin_types_mixed_BM_l1_r0.5_mcar0.3_n300_M20_s12",300,1,0.5,12,TRUE,1,0.0588235294117648,1.89070239786749,245.937078054698,0.420505200594354,""
"bace","rubin_types_mixed_BM_l1_r0.5_mcar0.3_n300_M20_s13",300,1,0.5,13,TRUE,1,0.0799999999999999,1.4406509148278,391.629156930117,0.387320455671124,""
"bace","rubin_types_mixed_BM_l1_r0.5_mcar0.3_n300_M20_s14",300,1,0.5,14,TRUE,1,0.0714285714285715,2.82021569943887,883.659651398038,0.337946103423161,"ord: dropped 1 empty level(s);cat3: dropped 1 empty level(s)"
"bace","rubin_types_mixed_BM_l1_r0.5_mcar0.3_n300_M20_s15",300,1,0.5,15,TRUE,1,0.0114942528735632,1.74506639904564,267.784740734659,0.431896978702328,""
"bace","rubin_types_mixed_BM_l1_r0.5_mcar0.3_n300_M20_s16",300,1,0.5,16,TRUE,1,0.0357142857142858,1.79575993301979,159.435185326173,0.466072313026251,""
"bace","rubin_types_mixed_BM_l1_r0.5_mcar0.3_n300_M20_s17",300,1,0.5,17,TRUE,1,0.0354410993792935,1.12948345691824,344.945055509213,0.468073593073593,"ord: dropped 1 empty level(s)"
"bace","rubin_types_mixed_BM_l1_r0.5_mcar0.3_n300_M20_s18",300,1,0.5,18,TRUE,1,0.176470588235294,2.0606748222628,567.72077493478,0.326292789512017,"ord: dropped 1 empty level(s);cat3: dropped 1 empty level(s)"
"bace","rubin_types_mixed_BM_l1_r0.5_mcar0.3_n300_M20_s19",300,1,0.5,19,TRUE,1,0.0909090909090909,1.90753467965974,207.951687725546,0.472402597402597,"ord: dropped 1 empty level(s)"
"bace","rubin_types_mixed_BM_l1_r0.5_mcar0.3_n300_M20_s2",300,1,0.5,2,TRUE,1,0.090202192249599,0.885718103282423,30.5581106753372,0.587662337662338,"ord: dropped 1 empty level(s)"
"bace","rubin_types_mixed_BM_l1_r0.5_mcar0.3_n300_M20_s20",300,1,0.5,20,TRUE,1,0.00616177870410042,1.21958894192537,128.429925287292,0.488095238095238,"ord: dropped 1 empty level(s)"
"bace","rubin_types_mixed_BM_l1_r0.5_mcar0.3_n300_M20_s21",300,1,0.5,21,TRUE,1,0.00220750551876379,3.23783416327711,813.018852490319,0.270916334661355,"cat3: dropped 1 empty level(s)"
"bace","rubin_types_mixed_BM_l1_r0.5_mcar0.3_n300_M20_s22",300,1,0.5,22,TRUE,1,0.0588235294117646,1.64609418331224,134.305866772058,0.473006438831104,""
"bace","rubin_types_mixed_BM_l1_r0.5_mcar0.3_n300_M20_s23",300,1,0.5,23,TRUE,1,0.0745264381774944,1.25994995052741,286.52154619889,0.451213472015849,""
"bace","rubin_types_mixed_BM_l1_r0.5_mcar0.3_n300_M20_s24",300,1,0.5,24,TRUE,1,1,1.14575757972194,630.453844228566,0.395484340859432,"ord: dropped 1 empty level(s);cat3: dropped 1 empty level(s)"
"bace","rubin_types_mixed_BM_l1_r0.5_mcar0.3_n300_M20_s25",300,1,0.5,25,TRUE,1,0.0896690820432405,1.2825957113472,553.198261156539,0.411507647487254,"ord: dropped 1 empty level(s);cat3: dropped 1 empty level(s)"
"bace","rubin_types_mixed_BM_l1_r0.5_mcar0.3_n300_M20_s26",300,1,0.5,26,TRUE,1,0.0651787565348968,0.777966429216453,32.5011098455762,0.583333333333333,"ord: dropped 1 empty level(s)"
"bace","rubin_types_mixed_BM_l1_r0.5_mcar0.3_n300_M20_s27",300,1,0.5,27,TRUE,1,0.111111111111111,2.75536845625042,393.890453586866,0.408122833085686,""
"bace","rubin_types_mixed_BM_l1_r0.5_mcar0.3_n300_M20_s28",300,1,0.5,28,TRUE,1,0.0392494542727961,1.60071936491142,92.4785902508673,0.502724120851907,""
"bace","rubin_types_mixed_BM_l1_r0.5_mcar0.3_n300_M20_s29",300,1,0.5,29,FALSE,1,0.166666666666667,1.21712505927648,213.946859900898,0.421646746347942,"cat3: dropped 1 empty level(s)"
"bace","rubin_types_mixed_BM_l1_r0.5_mcar0.3_n300_M20_s3",300,1,0.5,3,TRUE,1,0.161290322580645,1.38508687744071,158.255737218379,0.487865279841506,""
"bace","rubin_types_mixed_BM_l1_r0.5_mcar0.3_n300_M20_s30",300,1,0.5,30,TRUE,1,0.0952380952380953,3.09020698503797,310.459103510824,0.444264069264069,"ord: dropped 1 empty level(s)"
"bace","rubin_types_mixed_BM_l1_r0.5_mcar0.3_n300_M20_s31",300,1,0.5,31,TRUE,1,0.5,1.31155277596314,368.258178227931,0.39227895392279,"bin: left out (1 observed class)"
"bace","rubin_types_mixed_BM_l1_r0.5_mcar0.3_n300_M20_s32",300,1,0.5,32,TRUE,1,1,1.20327292940471,119.513664128037,0.482142857142857,"ord: dropped 1 empty level(s)"
"bace","rubin_types_mixed_BM_l1_r0.5_mcar0.3_n300_M20_s33",300,1,0.5,33,TRUE,1,0.0512820512820512,1.13495737847874,213.030262247929,0.467558197127291,""
"bace","rubin_types_mixed_BM_l1_r0.5_mcar0.3_n300_M20_s34",300,1,0.5,34,TRUE,1,0.0740740740740742,1.76755864738303,198.409900592166,0.461119366022784,""
"bace","rubin_types_mixed_BM_l1_r0.5_mcar0.3_n300_M20_s35",300,1,0.5,35,TRUE,1,0.00619834710743816,1.85714390170904,405.78099386842,0.438311688311688,"ord: dropped 1 empty level(s)"
"bace","rubin_types_mixed_BM_l1_r0.5_mcar0.3_n300_M20_s37",300,1,0.5,37,TRUE,1,0.0523255813953488,1.07704247802531,382.234386302151,0.433870967741936,"ord: dropped 2 empty level(s);cat3: dropped 1 empty level(s)"
"bace","rubin_types_mixed_BM_l1_r0.5_mcar0.3_n300_M20_s38",300,1,0.5,38,TRUE,1,0.018867924528302,1.94697226430681,174.127898167703,0.475253428741801,"ord: dropped 2 empty level(s)"
"bace","rubin_types_mixed_BM_l1_r0.5_mcar0.3_n300_M20_s39",300,1,0.5,39,TRUE,1,0.0400000000000001,1.30427105166087,241.470098750864,0.45418524021793,""
"bace","rubin_types_mixed_BM_l1_r0.5_mcar0.3_n300_M20_s4",300,1,0.5,4,TRUE,1,0.0500000000000001,2.50849590620465,136.636751435217,0.484307359307359,"ord: dropped 1 empty level(s)"
"bace","rubin_types_mixed_BM_l1_r0.5_mcar0.3_n300_M20_s41",300,1,0.5,41,TRUE,1,0.112712928939134,1.18082834261977,43.8252514998758,0.589895988112927,""
"bace","rubin_types_mixed_BM_l1_r0.5_mcar0.3_n300_M20_s42",300,1,0.5,42,TRUE,1,0.119913646710993,2.17917796409982,266.81542631685,0.42248637939574,""
"bace","rubin_types_mixed_BM_l1_r0.5_mcar0.3_n300_M20_s43",300,1,0.5,43,TRUE,1,0.0160491112604187,2.48448515728485,368.683366557262,0.434868746904408,""
"bace","rubin_types_mixed_BM_l1_r0.5_mcar0.3_n300_M20_s44",300,1,0.5,44,TRUE,1,0.0113397412284301,1.56241275779922,81.1355220205953,0.520059435364042,""
"bace","rubin_types_mixed_BM_l1_r0.5_mcar0.3_n300_M20_s45",300,1,0.5,45,TRUE,1,0.0270270270270269,1.86059455512761,107.958356465749,0.494304110946013,""
"bace","rubin_types_mixed_BM_l1_r0.5_mcar0.3_n300_M20_s46",300,1,0.5,46,TRUE,1,0.00138053490256518,1.34502755963644,61.330137162804,0.54284299157999,""
"bace","rubin_types_mixed_BM_l1_r0.5_mcar0.3_n300_M20_s47",300,1,0.5,47,TRUE,1,0.333333333333333,1.09406543852169,194.815968531334,0.445269935611689,""
"bace","rubin_types_mixed_BM_l1_r0.5_mcar0.3_n300_M20_s48",300,1,0.5,48,TRUE,1,0.0128980323905853,0.967518787243675,188.734608599784,0.477693891557996,"bin: left out (1 observed class);ord: dropped 1 empty level(s)"
"bace","rubin_types_mixed_BM_l1_r0.5_mcar0.3_n300_M20_s49",300,1,0.5,49,TRUE,1,0.0114942528735632,2.19119328551472,244.936756961746,0.448419797257007,"ord: dropped 2 empty level(s)"
"bace","rubin_types_mixed_BM_l1_r0.5_mcar0.3_n300_M20_s5",300,1,0.5,5,FALSE,1,0.166666666666667,1.15760703249571,158.057426446006,0.484848484848485,"ord: dropped 1 empty level(s)"
"bace","rubin_types_mixed_BM_l1_r0.5_mcar0.3_n300_M20_s50",300,1,0.5,50,TRUE,1,0.125,1.12099784568749,236.566239282671,0.466072313026251,""
"bace","rubin_types_mixed_BM_l1_r0.5_mcar0.3_n300_M20_s51",300,1,0.5,51,TRUE,1,0.040995191421277,1.61920843073468,583.092455379435,0.331341301460823,"cat3: dropped 1 empty level(s)"
"bace","rubin_types_mixed_BM_l1_r0.5_mcar0.3_n300_M20_s52",300,1,0.5,52,TRUE,1,0.0135135135135136,2.48634844613726,713.397784102255,0.328685258964143,"cat3: dropped 1 empty level(s)"
"bace","rubin_types_mixed_BM_l1_r0.5_mcar0.3_n300_M20_s53",300,1,0.5,53,TRUE,1,0.0125000000000001,2.01225208924308,492.262309321639,0.356573705179283,"cat3: dropped 1 empty level(s)"
"bace","rubin_types_mixed_BM_l1_r0.5_mcar0.3_n300_M20_s54",300,1,0.5,54,TRUE,1,0.0502529470012774,1.29941464380335,113.15143844601,0.488636363636364,"ord: dropped 1 empty level(s)"
"bace","rubin_types_mixed_BM_l1_r0.5_mcar0.3_n300_M20_s55",300,1,0.5,55,TRUE,1,0.00435659860392333,4.69684483205135,899.970235720373,0.217850287907869,"bin: left out (1 observed class);ord: dropped 1 empty level(s);cat3: dropped 1 empty level(s)"
"bace","rubin_types_mixed_BM_l1_r0.5_mcar0.3_n300_M20_s56",300,1,0.5,56,TRUE,1,0.396758581283911,1.21670949194651,110.939395369471,0.487865279841506,""
"bace","rubin_types_mixed_BM_l1_r0.5_mcar0.3_n300_M20_s57",300,1,0.5,57,TRUE,1,0.25,2.06834633819152,759.28625035949,0.386454183266932,"cat3: dropped 1 empty level(s)"
"bace","rubin_types_mixed_BM_l1_r0.5_mcar0.3_n300_M20_s58",300,1,0.5,58,TRUE,1,0.0303030303030303,2.40246389797583,273.80501401047,0.431896978702328,""
"bace","rubin_types_mixed_BM_l1_r0.5_mcar0.3_n300_M20_s59",300,1,0.5,59,TRUE,1,0.166666666666667,1.45219686024931,386.347995649852,0.443053070960048,"ord: dropped 2 empty level(s)"
"bace","rubin_types_mixed_BM_l1_r0.5_mcar0.3_n300_M20_s6",300,1,0.5,6,TRUE,1,0.05000155521373,1.57000946436044,1031.57512029178,0.359677419354839,"ord: dropped 2 empty level(s);cat3: dropped 1 empty level(s)"
"bace","rubin_types_mixed_BM_l1_r0.5_mcar0.3_n300_M20_s60",300,1,0.5,60,TRUE,1,0.0277777777777777,2.79146701017102,407.886805279449,0.433982683982684,"ord: dropped 1 empty level(s)"
"bace","rubin_types_mixed_BM_l1_r0.5_mcar0.3_n300_M20_s61",300,1,0.5,61,TRUE,1,0.0440763358521597,2.12255794568867,520.049325489195,0.438852813852814,"ord: dropped 1 empty level(s)"
"bace","rubin_types_mixed_BM_l1_r0.5_mcar0.3_n300_M20_s62",300,1,0.5,62,TRUE,1,0.0106939410374841,2.2192108475994,792.089904259394,0.353917662682603,"cat3: dropped 1 empty level(s)"
"bace","rubin_types_mixed_BM_l1_r0.5_mcar0.3_n300_M20_s64",300,1,0.5,64,TRUE,1,0.00340136054421768,1.77903729670811,136.841878068286,0.475482912332838,""
"bace","rubin_types_mixed_BM_l1_r0.5_mcar0.3_n300_M20_s65",300,1,0.5,65,TRUE,1,0.00628930817610061,1.40974399894168,429.12441891882,0.360329444063143,"bin: left out (1 observed class);ord: dropped 1 empty level(s)"
"bace","rubin_types_mixed_BM_l1_r0.5_mcar0.3_n300_M20_s66",300,1,0.5,66,TRUE,1,0.375,1.26607740355078,747.717251888539,0.410358565737052,"cat3: dropped 1 empty level(s)"
"bace","rubin_types_mixed_BM_l1_r0.5_mcar0.3_n300_M20_s67",300,1,0.5,67,TRUE,1,0.111111111111111,1.855599851067,372.673251505886,0.430906389301634,""
"bace","rubin_types_mixed_BM_l1_r0.5_mcar0.3_n300_M20_s69",300,1,0.5,69,TRUE,1,0.285714285714286,0.681879285503251,463.292023217569,0.436999271667881,"ord: dropped 1 empty level(s);cat3: dropped 1 empty level(s)"
"bace","rubin_types_mixed_BM_l1_r0.5_mcar0.3_n300_M20_s7",300,1,0.5,7,TRUE,1,0.0416681555154119,1.70066614009263,125.892068668804,0.474492322932145,""
"bace","rubin_types_mixed_BM_l1_r0.5_mcar0.3_n300_M20_s70",300,1,0.5,70,TRUE,1,0.0294726155750599,1.04113474949325,62.567773966028,0.542748917748918,"ord: dropped 1 empty level(s)"
"bace","rubin_types_mixed_BM_l1_r0.5_mcar0.3_n300_M20_s71",300,1,0.5,71,TRUE,1,0.025,1.82098935281992,681.294290778099,0.403225806451613,"ord: dropped 2 empty level(s);cat3: dropped 1 empty level(s)"
"bace","rubin_types_mixed_BM_l1_r0.5_mcar0.3_n300_M20_s72",300,1,0.5,72,TRUE,1,0.0416666666666667,3.00813774369576,831.589566648024,0.361221779548473,"cat3: dropped 1 empty level(s)"
"bace","rubin_types_mixed_BM_l1_r0.5_mcar0.3_n300_M20_s73",300,1,0.5,73,TRUE,1,0.554655189003446,1.25631166398246,132.421299949324,0.480435859336305,""
"bace","rubin_types_mixed_BM_l1_r0.5_mcar0.3_n300_M20_s74",300,1,0.5,74,TRUE,1,0.00378787878787877,1.64271542542736,582.244928263217,0.348871085214858,"ord: dropped 1 empty level(s);cat3: dropped 1 empty level(s)"
"bace","rubin_types_mixed_BM_l1_r0.5_mcar0.3_n300_M20_s75",300,1,0.5,75,TRUE,1,0.0400000000000001,1.35186121849305,492.122908794778,0.446428571428571,"ord: dropped 1 empty level(s)"
"bace","rubin_types_mixed_BM_l1_r0.5_mcar0.3_n300_M20_s76",300,1,0.5,76,TRUE,1,0.0155316204549016,1.37193353623207,285.315848295759,0.427934621099554,""
"bace","rubin_types_mixed_BM_l1_r0.5_mcar0.3_n300_M20_s77",300,1,0.5,77,TRUE,1,0.168224299065421,1.24442596571451,75.7320029804163,0.519564140663695,""
"bace","rubin_types_mixed_BM_l1_r0.5_mcar0.3_n300_M20_s78",300,1,0.5,78,TRUE,1,0.0769230769230768,1.80354528199143,790.111680720177,0.314741035856574,"cat3: dropped 1 empty level(s)"
"bace","rubin_types_mixed_BM_l1_r0.5_mcar0.3_n300_M20_s79",300,1,0.5,79,TRUE,1,0.0909090909090909,2.07727023191815,371.718589562306,0.428429915799901,""
"bace","rubin_types_mixed_BM_l1_r0.5_mcar0.3_n300_M20_s8",300,1,0.5,8,TRUE,1,0.00327822462772445,1.52982610531244,798.017877838736,0.286188579017264,"cat3: dropped 1 empty level(s)"
"bace","rubin_types_mixed_BM_l1_r0.5_mcar0.3_n300_M20_s80",300,1,0.5,80,TRUE,1,1,1.15434048532269,141.456895581043,0.46458642892521,""
"bace","rubin_types_mixed_BM_l1_r0.5_mcar0.3_n300_M20_s81",300,1,0.5,81,TRUE,1,0.0367892976588629,1.98490598340182,307.248716487496,0.433382862803368,""
"bace","rubin_types_mixed_BM_l1_r0.5_mcar0.3_n300_M20_s82",300,1,0.5,82,TRUE,1,0.044673342409029,2.23467538733496,209.239514089456,0.461580086580087,"ord: dropped 1 empty level(s)"
"bace","rubin_types_mixed_BM_l1_r0.5_mcar0.3_n300_M20_s83",300,1,0.5,83,TRUE,1,0.0357142857142858,1.79429359808624,397.604980475299,0.417533432392273,""
"bace","rubin_types_mixed_BM_l1_r0.5_mcar0.3_n300_M20_s84",300,1,0.5,84,TRUE,1,0.00484261501210652,1.5488400500446,148.983078815634,0.469539375928678,""
"bace","rubin_types_mixed_BM_l1_r0.5_mcar0.3_n300_M20_s85",300,1,0.5,85,TRUE,1,0.0719969348542301,0.655631966149797,41.687190113366,0.5864289252105,""
"bace","rubin_types_mixed_BM_l1_r0.5_mcar0.3_n300_M20_s86",300,1,0.5,86,TRUE,1,0.00706623966221036,4.05485855456708,280.884931057222,0.453786523553965,"ord: dropped 2 empty level(s)"
"bace","rubin_types_mixed_BM_l1_r0.5_mcar0.3_n300_M20_s88",300,1,0.5,88,TRUE,1,0.0333333333333334,1.13896163815871,307.972899492765,0.455175829618623,""
"bace","rubin_types_mixed_BM_l1_r0.5_mcar0.3_n300_M20_s89",300,1,0.5,89,TRUE,1,0.125,0.978136562085584,114.901874784354,0.490341753343239,""
"bace","rubin_types_mixed_BM_l1_r0.5_mcar0.3_n300_M20_s9",300,1,0.5,9,TRUE,1,0.0522029670013591,1.6275146397957,67.5441706562805,0.525012382367509,""
"bace","rubin_types_mixed_BM_l1_r0.5_mcar0.3_n300_M20_s90",300,1,0.5,90,TRUE,1,16.7254652312548,1.09866905169888,209.93018878626,0.466072313026251,""
"bace","rubin_types_mixed_BM_l1_r0.5_mcar0.3_n300_M20_s91",300,1,0.5,91,TRUE,1,0.00414364640883976,1.44708999221872,162.175902031529,0.472511144130758,""
"bace","rubin_types_mixed_BM_l1_r0.5_mcar0.3_n300_M20_s92",300,1,0.5,92,TRUE,1,0.0322580645161291,1.88906414124579,171.488670746033,0.471520554730064,""
"bace","rubin_types_mixed_BM_l1_r0.5_mcar0.3_n300_M20_s93",300,1,0.5,93,TRUE,1,0.0425531914893618,1.16609484725203,124.002031441904,0.484307359307359,"ord: dropped 1 empty level(s)"
"bace","rubin_types_mixed_BM_l1_r0.5_mcar0.3_n300_M20_s94",300,1,0.5,94,TRUE,1,0.0172911379674199,1.61732462617854,271.731229505156,0.437345220406142,""
"bace","rubin_types_mixed_BM_l1_r0.5_mcar0.3_n300_M20_s95",300,1,0.5,95,TRUE,1,0.0205403077030205,0.738166463294977,236.337793045088,0.444223107569721,"cat3: dropped 1 empty level(s)"
"bace","rubin_types_mixed_BM_l1_r0.5_mcar0.3_n300_M20_s96",300,1,0.5,96,TRUE,1,0.00401756589277103,1.20486414719024,132.407596565778,0.481601731601732,"ord: dropped 1 empty level(s)"
"bace","rubin_types_mixed_BM_l1_r0.5_mcar0.3_n300_M20_s97",300,1,0.5,97,FALSE,1,0.5,3.1072279209342,194.439071843106,0.446428571428571,"ord: dropped 1 empty level(s)"
"bace","rubin_types_mixed_BM_l1_r0.5_mcar0.3_n300_M20_s98",300,1,0.5,98,FALSE,1,0.111111111111111,1.19884967825777,373.516181860802,0.407627538385339,""
"bace","rubin_types_mixed_BM_l1_r0.5_mcar0.3_n300_M20_s99",300,1,0.5,99,TRUE,1,0.0217391304347828,1.68591088513348,224.93093986782,0.462121212121212,"ord: dropped 1 empty level(s)"
"bace","rubin_types_mixed_BM_l0.3_r0_mcar0.3_n100_M20_s1",100,0.3,0,1,FALSE,1,2,1.53510166774887,346.901333120037,0.469539375928678,""
"bace","rubin_types_mixed_BM_l0.3_r0_mcar0.3_n100_M20_s10",100,0.3,0,10,FALSE,1,0.333333333333333,1.47211137362536,1245.58318353126,0.411094601287766,""
"bace","rubin_types_mixed_BM_l0.3_r0_mcar0.3_n100_M20_s100",100,0.3,0,100,FALSE,1,16666666.6666667,1.29526968612019,855.656483021572,0.37592867756315,""
"bace","rubin_types_mixed_BM_l0.3_r0_mcar0.3_n100_M20_s101",100,0.3,0,101,FALSE,1,2.55425305144054,1.32567259601279,927.712598360849,0.459138187221397,""
"bace","rubin_types_mixed_BM_l0.3_r0_mcar0.3_n100_M20_s102",100,0.3,0,102,FALSE,1,0.366748693980803,1.28188047494042,508.710613533445,0.459633481921743,""
"bace","rubin_types_mixed_BM_l0.3_r0_mcar0.3_n100_M20_s103",100,0.3,0,103,FALSE,1,0.882534795428711,1.74445621207383,1054.15870922744,0.403665180782566,""
"bace","rubin_types_mixed_BM_l0.3_r0_mcar0.3_n100_M20_s104",100,0.3,0,104,FALSE,1,0.666666666666667,1.4288656112879,917.496375415454,0.435364041604755,""
"bace","rubin_types_mixed_BM_l0.3_r0_mcar0.3_n100_M20_s105",100,0.3,0,105,FALSE,1,0.666666666666667,1.3834230745727,1415.85858136701,0.398712233779099,""
"bace","rubin_types_mixed_BM_l0.3_r0_mcar0.3_n100_M20_s106",100,0.3,0,106,FALSE,1,0.428378896288853,1.28593266107175,923.66750112755,0.443784051510649,""
"bace","rubin_types_mixed_BM_l0.3_r0_mcar0.3_n100_M20_s107",100,0.3,0,107,FALSE,1,3.54707834408999,1.27034523572446,975.984125876664,0.441307578008915,""
"bace","rubin_types_mixed_BM_l0.3_r0_mcar0.3_n100_M20_s108",100,0.3,0,108,FALSE,1,4.670601703179,1.48896292803416,990.282901769843,0.454680534918276,""
"bace","rubin_types_mixed_BM_l0.3_r0_mcar0.3_n100_M20_s109",100,0.3,0,109,FALSE,1,1.15828040695853,1.58221862066947,1374.04889681075,0.378405151064884,""
"bace","rubin_types_mixed_BM_l0.3_r0_mcar0.3_n100_M20_s11",100,0.3,0,11,FALSE,1,3.51550614768709,1.50923841959876,1153.30605747788,0.438335809806835,""
"bace","rubin_types_mixed_BM_l0.3_r0_mcar0.3_n100_M20_s110",100,0.3,0,110,FALSE,1,0.976631448574313,1.60655897784029,1094.16377506218,0.420009905894007,""
"bace","rubin_types_mixed_BM_l0.3_r0_mcar0.3_n100_M20_s111",100,0.3,0,111,FALSE,1,3.01024630903615,1.07234726178852,926.568963974815,0.453689945517583,""
"bace","rubin_types_mixed_BM_l0.3_r0_mcar0.3_n100_M20_s112",100,0.3,0,112,FALSE,1,1.58886897895378,1.33998820285475,1175.77528345839,0.412580485388806,""
"bace","rubin_types_mixed_BM_l0.3_r0_mcar0.3_n100_M20_s113",100,0.3,0,113,TRUE,1,0.25,1.35916719017559,1267.94455580157,0.443288756810302,""
"bace","rubin_types_mixed_BM_l0.3_r0_mcar0.3_n100_M20_s114",100,0.3,0,114,FALSE,1,0.644823490230512,1.22149371238587,504.755976555838,0.472015849430411,""
"bace","rubin_types_mixed_BM_l0.3_r0_mcar0.3_n100_M20_s115",100,0.3,0,115,FALSE,1,0.714285714285714,1.06421214216542,1048.11224311078,0.447746409113423,""
"bace","rubin_types_mixed_BM_l0.3_r0_mcar0.3_n100_M20_s116",100,0.3,0,116,FALSE,1,2,1.24909231720606,1434.28456636055,0.354135710747895,""
"bace","rubin_types_mixed_BM_l0.3_r0_mcar0.3_n100_M20_s117",100,0.3,0,117,FALSE,1,2.66666666666667,1.40811515959257,837.585989995912,0.410104011887073,""
"bace","rubin_types_mixed_BM_l0.3_r0_mcar0.3_n100_M20_s118",100,0.3,0,118,FALSE,1,0.444444444444444,1.46831720564922,1277.51441998588,0.358593363051015,""
"bace","rubin_types_mixed_BM_l0.3_r0_mcar0.3_n100_M20_s119",100,0.3,0,119,FALSE,1,0.666666666666667,1.04173048275008,930.654070289224,0.433878157503715,""
"bace","rubin_types_mixed_BM_l0.3_r0_mcar0.3_n100_M20_s12",100,0.3,0,12,FALSE,1,4.32017999939804,1.07938009581315,1307.287293259,0.408122833085686,""
"bace","rubin_types_mixed_BM_l0.3_r0_mcar0.3_n100_M20_s120",100,0.3,0,120,FALSE,1,2.56825256347071,1.44212325063431,1314.18601351911,0.379395740465577,""
"bace","rubin_types_mixed_BM_l0.3_r0_mcar0.3_n100_M20_s121",100,0.3,0,121,FALSE,1,0.4,1.76220900159601,315.587935592596,0.468548786527984,""
"bace","rubin_types_mixed_BM_l0.3_r0_mcar0.3_n100_M20_s122",100,0.3,0,122,FALSE,1,1,1.27381533715733,783.387126409138,0.459138187221397,""
"bace","rubin_types_mixed_BM_l0.3_r0_mcar0.3_n100_M20_s123",100,0.3,0,123,FALSE,1,2.21078577817589,1.732797996291,1097.74378217775,0.426944031698861,""
"bace","rubin_types_mixed_BM_l0.3_r0_mcar0.3_n100_M20_s124",100,0.3,0,124,FALSE,1,1.0799872394136,1.08574585108102,1114.46638923912,0.422981674096087,""
"bace","rubin_types_mixed_BM_l0.3_r0_mcar0.3_n100_M20_s125",100,0.3,0,125,FALSE,1,0.5,1.0389828477838,875.459071698155,0.434373452204061,""
"bace","rubin_types_mixed_BM_l0.3_r0_mcar0.3_n100_M20_s126",100,0.3,0,126,FALSE,1,0.255221935690793,1.59869953233576,1109.76725402432,0.450718177315503,""
"bace","rubin_types_mixed_BM_l0.3_r0_mcar0.3_n100_M20_s127",100,0.3,0,127,FALSE,1,0.427672955974843,2.21169785201318,1183.95353820778,0.402179296681526,""
"bace","rubin_types_mixed_BM_l0.3_r0_mcar0.3_n100_M20_s128",100,0.3,0,128,FALSE,1,0.565776942793107,1.13944213406542,814.540170322161,0.393759286775631,""
"bace","rubin_types_mixed_BM_l0.3_r0_mcar0.3_n100_M20_s129",100,0.3,0,129,FALSE,1,0.908255964239042,1.60002764324442,914.668572757922,0.407627538385339,""
"bace","rubin_types_mixed_BM_l0.3_r0_mcar0.3_n100_M20_s13",100,0.3,0,13,FALSE,1,1.10618669195621,1.53885366389111,1285.74212402653,0.372461614660723,""
"bace","rubin_types_mixed_BM_l0.3_r0_mcar0.3_n100_M20_s130",100,0.3,0,130,FALSE,1,0.945042738193403,1.93840093547847,1195.86096687409,0.440812283308569,""
"bace","rubin_types_mixed_BM_l0.3_r0_mcar0.3_n100_M20_s131",100,0.3,0,131,FALSE,1,0.75,1.49968105374516,1430.66599632741,0.334323922734027,""
"bace","rubin_types_mixed_BM_l0.3_r0_mcar0.3_n100_M20_s132",100,0.3,0,132,FALSE,1,2.76105999180923,1.36819080299304,1223.85749618667,0.418524021792967,""
"bace","rubin_types_mixed_BM_l0.3_r0_mcar0.3_n100_M20_s133",100,0.3,0,133,FALSE,1,1.69575012386292,1.50627758511148,1465.14897913527,0.358098068350669,""
"bace","rubin_types_mixed_BM_l0.3_r0_mcar0.3_n100_M20_s134",100,0.3,0,134,FALSE,1,8.78208739113972,1.32691879298019,875.656441083736,0.460624071322437,""
"bace","rubin_types_mixed_BM_l0.3_r0_mcar0.3_n100_M20_s135",100,0.3,0,135,FALSE,1,0.559889088817782,1.28888155422989,1263.68075189641,0.397721644378405,""
"bace","rubin_types_mixed_BM_l0.3_r0_mcar0.3_n100_M20_s136",100,0.3,0,136,FALSE,1,0.444444444444445,1.52927027357444,417.934552625094,0.45864289252105,""
"bace","rubin_types_mixed_BM_l0.3_r0_mcar0.3_n100_M20_s137",100,0.3,0,137,FALSE,1,10.7036134121626,1.42674992458489,1262.74346058563,0.390787518573551,""
"bace","rubin_types_mixed_BM_l0.3_r0_mcar0.3_n100_M20_s138",100,0.3,0,138,FALSE,1,1,1.08714089751173,1257.9498107386,0.430906389301634,""
"bace","rubin_types_mixed_BM_l0.3_r0_mcar0.3_n100_M20_s139",100,0.3,0,139,FALSE,1,3333333.33333333,1.09214885120166,1174.24870793437,0.383853392768697,""
"bace","rubin_types_mixed_BM_l0.3_r0_mcar0.3_n100_M20_s14",100,0.3,0,14,FALSE,1,2,1.81170496764605,1122.25275650898,0.392768697374938,""
"bace","rubin_types_mixed_BM_l0.3_r0_mcar0.3_n100_M20_s140",100,0.3,0,140,FALSE,1,0.458823529411765,1.25135246350872,759.667696733876,0.407627538385339,""
"bace","rubin_types_mixed_BM_l0.3_r0_mcar0.3_n100_M20_s141",100,0.3,0,141,FALSE,1,0.467829628574233,1.93700471594618,766.280832943773,0.434868746904408,""
"bace","rubin_types_mixed_BM_l0.3_r0_mcar0.3_n100_M20_s142",100,0.3,0,142,FALSE,1,52.4746269335095,1.73307534232668,646.484038864506,0.462605250123824,""
"bace","rubin_types_mixed_BM_l0.3_r0_mcar0.3_n100_M20_s143",100,0.3,0,143,FALSE,1,0.222222222222222,1.54201201575706,404.019751226806,0.468548786527984,""
"bace","rubin_types_mixed_BM_l0.3_r0_mcar0.3_n100_M20_s144",100,0.3,0,144,FALSE,1,0.580614898177549,1.20412989932039,1131.7409740702,0.419019316493314,""
"bace","rubin_types_mixed_BM_l0.3_r0_mcar0.3_n100_M20_s145",100,0.3,0,145,FALSE,1,0.601754372143385,1.49539818771964,972.774151280542,0.414561664190193,""
"bace","rubin_types_mixed_BM_l0.3_r0_mcar0.3_n100_M20_s146",100,0.3,0,146,FALSE,1,1.3329892191446,1.64138827080136,652.851208126327,0.453194650817236,""
"bace","rubin_types_mixed_BM_l0.3_r0_mcar0.3_n100_M20_s147",100,0.3,0,147,FALSE,1,0.932594504237696,1.65959457279096,398.022805609798,0.471520554730064,""
"bace","rubin_types_mixed_BM_l0.3_r0_mcar0.3_n100_M20_s148",100,0.3,0,148,FALSE,1,0.428571428571429,1.48279425806757,1217.65948410892,0.352154531946508,""
"bace","rubin_types_mixed_BM_l0.3_r0_mcar0.3_n100_M20_s149",100,0.3,0,149,FALSE,1,0.357142857142857,1.76965542938478,861.106152141291,0.377909856364537,""
"bace","rubin_types_mixed_BM_l0.3_r0_mcar0.3_n100_M20_s15",100,0.3,0,15,FALSE,1,1.21432300779882,1.3365258612147,980.103582300608,0.453194650817236,""
"bace","rubin_types_mixed_BM_l0.3_r0_mcar0.3_n100_M20_s150",100,0.3,0,150,FALSE,1,19.4536284474204,1.40803990043234,833.496757759191,0.451708766716196,""
"bace","rubin_types_mixed_BM_l0.3_r0_mcar0.3_n100_M20_s151",100,0.3,0,151,FALSE,1,0.68076142142309,1.59722836823407,1177.82007369659,0.443784051510649,""
"bace","rubin_types_mixed_BM_l0.3_r0_mcar0.3_n100_M20_s152",100,0.3,0,152,FALSE,1,0.428571428571428,1.55139011883535,1235.57170063048,0.38187221396731,""
"bace","rubin_types_mixed_BM_l0.3_r0_mcar0.3_n100_M20_s153",100,0.3,0,153,FALSE,1,0.365879338350397,1.28746619464023,1257.39893790378,0.419019316493314,""
"bace","rubin_types_mixed_BM_l0.3_r0_mcar0.3_n100_M20_s154",100,0.3,0,154,FALSE,1,0.874752190106638,1.56360140647773,1161.8129830416,0.41059930658742,""
"bace","rubin_types_mixed_BM_l0.3_r0_mcar0.3_n100_M20_s155",100,0.3,0,155,FALSE,1,2.05118341435397,1.44443595699136,752.183360384916,0.45418524021793,""
"bace","rubin_types_mixed_BM_l0.3_r0_mcar0.3_n100_M20_s156",100,0.3,0,156,FALSE,1,4.22936968242322,1.45647099262925,1023.19021196431,0.425458147597821,""
"bace","rubin_types_mixed_BM_l0.3_r0_mcar0.3_n100_M20_s157",100,0.3,0,157,FALSE,1,0.416666666666667,1.39356735193248,1398.48321474601,0.356612184249629,""
"bace","rubin_types_mixed_BM_l0.3_r0_mcar0.3_n100_M20_s158",100,0.3,0,158,FALSE,1,0.571428571428571,1.29459766811534,1031.38017000306,0.417533432392273,""
"bace","rubin_types_mixed_BM_l0.3_r0_mcar0.3_n100_M20_s159",100,0.3,0,159,FALSE,1,11.3036754263264,1.38049236563188,1411.56585118696,0.353640416047548,""
"bace","rubin_types_mixed_BM_l0.3_r0_mcar0.3_n100_M20_s16",100,0.3,0,16,FALSE,1,0.324791544768456,1.36476604936194,538.269725721948,0.459633481921743,""
"bace","rubin_types_mixed_BM_l0.3_r0_mcar0.3_n100_M20_s160",100,0.3,0,160,FALSE,1,1.06579807461527,1.55316763852693,669.405692447927,0.459138187221397,""
"bace","rubin_types_mixed_BM_l0.3_r0_mcar0.3_n100_M20_s161",100,0.3,0,161,FALSE,1,0.615384615384616,1.51984076555725,1196.57208333502,0.400198117880139,""
"bace","rubin_types_mixed_BM_l0.3_r0_mcar0.3_n100_M20_s162",100,0.3,0,162,FALSE,1,0.276869911508418,0.866155815831518,1391.4931772633,0.355126300148588,""
"bace","rubin_types_mixed_BM_l0.3_r0_mcar0.3_n100_M20_s163",100,0.3,0,163,FALSE,1,26.6073699771261,1.3314737238581,1464.83525276703,0.368994551758296,""
"bace","rubin_types_mixed_BM_l0.3_r0_mcar0.3_n100_M20_s164",100,0.3,0,164,FALSE,1,0.423722995132683,0.837966381296302,368.049958618215,0.473501733531451,""
"bace","rubin_types_mixed_BM_l0.3_r0_mcar0.3_n100_M20_s165",100,0.3,0,165,FALSE,1,0.305419530104567,1.41683590399153,1238.45513045896,0.428925210500248,""
"bace","rubin_types_mixed_BM_l0.3_r0_mcar0.3_n100_M20_s166",100,0.3,0,166,FALSE,1,2.26764084788553,1.31652241516769,1242.15939776908,0.397721644378405,""
"bace","rubin_types_mixed_BM_l0.3_r0_mcar0.3_n100_M20_s167",100,0.3,0,167,FALSE,1,16666666.6666667,1.33650463448381,799.934324223941,0.447251114413076,""
"bace","rubin_types_mixed_BM_l0.3_r0_mcar0.3_n100_M20_s168",100,0.3,0,168,TRUE,1,0.832231378725581,0.997082086032502,1328.02253044851,0.389796929172858,""
"bace","rubin_types_mixed_BM_l0.3_r0_mcar0.3_n100_M20_s169",100,0.3,0,169,FALSE,1,1.13721037002791,1.29129009845803,1059.06213240448,0.449232293214463,""
"bace","rubin_types_mixed_BM_l0.3_r0_mcar0.3_n100_M20_s17",100,0.3,0,17,FALSE,1,0.333333333333333,1.38061648130779,1402.01632973522,0.37295690936107,""
"bace","rubin_types_mixed_BM_l0.3_r0_mcar0.3_n100_M20_s170",100,0.3,0,170,FALSE,1,0.489528472039606,1.19336661483826,574.359547694763,0.467062902426944,""
"bace","rubin_types_mixed_BM_l0.3_r0_mcar0.3_n100_M20_s171",100,0.3,0,171,FALSE,1,0.153846153846154,1.40605498836122,751.765094992595,0.46161466072313,""
"bace","rubin_types_mixed_BM_l0.3_r0_mcar0.3_n100_M20_s172",100,0.3,0,172,FALSE,1,0.820649409017013,1.4448136355824,894.193001900101,0.41505695889054,""
"bace","rubin_types_mixed_BM_l0.3_r0_mcar0.3_n100_M20_s173",100,0.3,0,173,FALSE,1,0.544095665171898,0.98737960792165,1104.24551786928,0.474492322932145,""
"bace","rubin_types_mixed_BM_l0.3_r0_mcar0.3_n100_M20_s174",100,0.3,0,174,FALSE,1,0.639496052008214,1.71403941573335,1265.33345829463,0.391282813273898,""
"bace","rubin_types_mixed_BM_l0.3_r0_mcar0.3_n100_M20_s175",100,0.3,0,175,FALSE,1,4.90666555928811,1.44501002791782,1028.99448919815,0.420009905894007,""
"bace","rubin_types_mixed_BM_l0.3_r0_mcar0.3_n100_M20_s176",100,0.3,0,176,TRUE,1,0.0939129459372608,1.50344360451809,1290.06913615324,0.45269935611689,""
"bace","rubin_types_mixed_BM_l0.3_r0_mcar0.3_n100_M20_s177",100,0.3,0,177,FALSE,1,0.640335035323423,1.0518565624914,1380.44090831386,0.367013372956909,""
"bace","rubin_types_mixed_BM_l0.3_r0_mcar0.3_n100_M20_s178",100,0.3,0,178,FALSE,1,0.7,1.54482945726305,350.744841767743,0.475482912332838,""
"bace","rubin_types_mixed_BM_l0.3_r0_mcar0.3_n100_M20_s179",100,0.3,0,179,FALSE,1,1,1.6093786132666,1166.64381623073,0.377909856364537,""
"bace","rubin_types_mixed_BM_l0.3_r0_mcar0.3_n100_M20_s18",100,0.3,0,18,FALSE,1,1.37916149051815,1.67707523696458,598.504587785144,0.466072313026251,""
"bace","rubin_types_mixed_BM_l0.3_r0_mcar0.3_n100_M20_s180",100,0.3,0,180,FALSE,1,0.701838139634316,1.44642224591744,1147.75847214444,0.435364041604755,""
"bace","rubin_types_mixed_BM_l0.3_r0_mcar0.3_n100_M20_s181",100,0.3,0,181,FALSE,1,0.641304552754169,1.34646057938889,1399.58534897544,0.391778107974245,""
"bace","rubin_types_mixed_BM_l0.3_r0_mcar0.3_n100_M20_s182",100,0.3,0,182,FALSE,1,1.10683184995306,1.54711464763142,381.008891865949,0.473501733531451,""
"bace","rubin_types_mixed_BM_l0.3_r0_mcar0.3_n100_M20_s183",100,0.3,0,183,FALSE,1,0.333333333333333,1.51017299853573,1015.03102143023,0.403665180782566,""
"bace","rubin_types_mixed_BM_l0.3_r0_mcar0.3_n100_M20_s184",100,0.3,0,184,FALSE,1,1.84704741944883,1.46050060702048,1213.50731780208,0.407132243684993,""
"bace","rubin_types_mixed_BM_l0.3_r0_mcar0.3_n100_M20_s185",100,0.3,0,185,FALSE,1,1.02590161758442,1.32987158885422,779.679438679086,0.446755819712729,""
"bace","rubin_types_mixed_BM_l0.3_r0_mcar0.3_n100_M20_s186",100,0.3,0,186,FALSE,1,1.18510108315783,1.58921748339424,681.34929477675,0.459633481921743,""
"bace","rubin_types_mixed_BM_l0.3_r0_mcar0.3_n100_M20_s187",100,0.3,0,187,FALSE,1,0.558227349070582,1.51792350285404,861.798505075936,0.443288756810302,""
"bace","rubin_types_mixed_BM_l0.3_r0_mcar0.3_n100_M20_s188",100,0.3,0,188,FALSE,1,1.07362519950333,0.997171672069014,1456.03322561956,0.323922734026746,""
"bace","rubin_types_mixed_BM_l0.3_r0_mcar0.3_n100_M20_s189",100,0.3,0,189,TRUE,1,0.29632746633761,1.24554529114148,1125.93442619758,0.414066369489846,""
"bace","rubin_types_mixed_BM_l0.3_r0_mcar0.3_n100_M20_s19",100,0.3,0,19,FALSE,1,1.54648552443013,1.9179074522524,1440.11628124379,0.37741456166419,""
"bace","rubin_types_mixed_BM_l0.3_r0_mcar0.3_n100_M20_s190",100,0.3,0,190,FALSE,1,1.5,1.37418848100762,1350.91482240259,0.345220406141654,""
"bace","rubin_types_mixed_BM_l0.3_r0_mcar0.3_n100_M20_s191",100,0.3,0,191,FALSE,1,0.251908396946565,1.71483350866192,1310.73970513591,0.383853392768697,""
"bace","rubin_types_mixed_BM_l0.3_r0_mcar0.3_n100_M20_s192",100,0.3,0,192,FALSE,1,0.644052551860333,1.38941577267429,1257.16891317353,0.427439326399208,""
"bace","rubin_types_mixed_BM_l0.3_r0_mcar0.3_n100_M20_s193",100,0.3,0,193,FALSE,1,0.75237246424004,1.31767123569767,1086.22768948103,0.392273402674591,""
"bace","rubin_types_mixed_BM_l0.3_r0_mcar0.3_n100_M20_s194",100,0.3,0,194,FALSE,1,0.666666666666667,1.55911285343937,1259.52407644323,0.395740465577018,""
"bace","rubin_types_mixed_BM_l0.3_r0_mcar0.3_n100_M20_s195",100,0.3,0,195,FALSE,1,3,0.816009025922848,875.722133120245,0.41654284299158,""
"bace","rubin_types_mixed_BM_l0.3_r0_mcar0.3_n100_M20_s196",100,0.3,0,196,TRUE,1,0.818181818181818,1.07379660572809,1260.5421743523,0.405646359583952,""
"bace","rubin_types_mixed_BM_l0.3_r0_mcar0.3_n100_M20_s197",100,0.3,0,197,FALSE,1,0.696343488933592,1.5872449152392,1476.01285270752,0.3308568598316,""
"bace","rubin_types_mixed_BM_l0.3_r0_mcar0.3_n100_M20_s198",100,0.3,0,198,FALSE,1,0.5,1.36920979236746,988.895374842023,0.41059930658742,""
"bace","rubin_types_mixed_BM_l0.3_r0_mcar0.3_n100_M20_s199",100,0.3,0,199,FALSE,1,13.0604176847627,1.27067777243626,1252.57996622712,0.347696879643388,""
"bace","rubin_types_mixed_BM_l0.3_r0_mcar0.3_n100_M20_s2",100,0.3,0,2,FALSE,1,13.405901143277,1.84004383583293,1409.94771976065,0.383358098068351,""
"bace","rubin_types_mixed_BM_l0.3_r0_mcar0.3_n100_M20_s20",100,0.3,0,20,FALSE,1,0.416666666666667,1.61437561466315,1166.78626266461,0.395740465577018,""
"bace","rubin_types_mixed_BM_l0.3_r0_mcar0.3_n100_M20_s200",100,0.3,0,200,FALSE,1,0.3125,1.78902926133913,1377.50284525288,0.391778107974245,""
"bace","rubin_types_mixed_BM_l0.3_r0_mcar0.3_n100_M20_s21",100,0.3,0,21,FALSE,1,46.7961621972541,1.50811104310157,1154.65974400707,0.407132243684993,""
"bace","rubin_types_mixed_BM_l0.3_r0_mcar0.3_n100_M20_s22",100,0.3,0,22,FALSE,1,2.18372473457008,1.49008030799946,1357.63885344318,0.382862803368004,""
"bace","rubin_types_mixed_BM_l0.3_r0_mcar0.3_n100_M20_s23",100,0.3,0,23,FALSE,1,0.586609096197263,1.84306368434663,500.243617884783,0.473006438831104,""
"bace","rubin_types_mixed_BM_l0.3_r0_mcar0.3_n100_M20_s24",100,0.3,0,24,TRUE,1,1.51316801990765,1.31035250455489,298.507455052473,0.474492322932145,""
"bace","rubin_types_mixed_BM_l0.3_r0_mcar0.3_n100_M20_s25",100,0.3,0,25,FALSE,1,0.379366195042041,1.29621713698472,1372.87267815664,0.387320455671124,""
"bace","rubin_types_mixed_BM_l0.3_r0_mcar0.3_n100_M20_s26",100,0.3,0,26,FALSE,1,0.645260134256215,1.40138597239106,1358.3065221695,0.37295690936107,""
"bace","rubin_types_mixed_BM_l0.3_r0_mcar0.3_n100_M20_s27",100,0.3,0,27,FALSE,1,32.7872533700749,1.13636608675625,1335.91884634667,0.41208519068846,""
"bace","rubin_types_mixed_BM_l0.3_r0_mcar0.3_n100_M20_s28",100,0.3,0,28,FALSE,1,0.571428571428571,1.86181712884129,1182.66757728101,0.402179296681526,""
"bace","rubin_types_mixed_BM_l0.3_r0_mcar0.3_n100_M20_s29",100,0.3,0,29,FALSE,1,0.634475941426618,1.80442591302705,813.897514458809,0.459633481921743,""
"bace","rubin_types_mixed_BM_l0.3_r0_mcar0.3_n100_M20_s3",100,0.3,0,3,FALSE,1,1.31242196190713,1.70067505103266,1191.87990025018,0.463595839524517,""
"bace","rubin_types_mixed_BM_l0.3_r0_mcar0.3_n100_M20_s30",100,0.3,0,30,FALSE,1,0.5,1.1850025695686,1029.04920652988,0.399702823179792,""
"bace","rubin_types_mixed_BM_l0.3_r0_mcar0.3_n100_M20_s31",100,0.3,0,31,FALSE,1,21.6838430980873,1.52510243942891,1318.27132194047,0.376423972263497,""
"bace","rubin_types_mixed_BM_l0.3_r0_mcar0.3_n100_M20_s32",100,0.3,0,32,FALSE,1,0.5,1.45229327579961,780.849179882726,0.449727587914809,""
"bace","rubin_types_mixed_BM_l0.3_r0_mcar0.3_n100_M20_s33",100,0.3,0,33,FALSE,1,0.5,1.52868615015394,1392.40826977346,0.37147102526003,""
"bace","rubin_types_mixed_BM_l0.3_r0_mcar0.3_n100_M20_s34",100,0.3,0,34,FALSE,1,0.148351648351648,1.55108042224836,1188.85583982218,0.441307578008915,""
"bace","rubin_types_mixed_BM_l0.3_r0_mcar0.3_n100_M20_s35",100,0.3,0,35,FALSE,1,12.7079837297814,1.86058574807234,1241.21688953418,0.328875681030213,""
"bace","rubin_types_mixed_BM_l0.3_r0_mcar0.3_n100_M20_s36",100,0.3,0,36,FALSE,1,2.60968094861398,1.627980022185,1117.10792337819,0.397721644378405,""
"bace","rubin_types_mixed_BM_l0.3_r0_mcar0.3_n100_M20_s37",100,0.3,0,37,FALSE,1,1.66666666666667,1.26636604585692,965.706898903582,0.432887568103021,""
"bace","rubin_types_mixed_BM_l0.3_r0_mcar0.3_n100_M20_s38",100,0.3,0,38,TRUE,1,0.230383715449679,1.51863605895302,1382.153905854,0.388311045071818,""
"bace","rubin_types_mixed_BM_l0.3_r0_mcar0.3_n100_M20_s39",100,0.3,0,39,FALSE,1,2.42011913393335,1.81754060026043,1215.80932083497,0.439326399207528,""
"bace","rubin_types_mixed_BM_l0.3_r0_mcar0.3_n100_M20_s4",100,0.3,0,4,FALSE,1,1.21214799667929,1.48159751397534,1155.80534643523,0.45269935611689,""
"bace","rubin_types_mixed_BM_l0.3_r0_mcar0.3_n100_M20_s40",100,0.3,0,40,FALSE,1,1.16666666666667,1.91920866041766,359.360164346857,0.473501733531451,""
"bace","rubin_types_mixed_BM_l0.3_r0_mcar0.3_n100_M20_s41",100,0.3,0,41,FALSE,1,1.33333333333333,1.35965385573291,1392.58004841935,0.385834571570084,""
"bace","rubin_types_mixed_BM_l0.3_r0_mcar0.3_n100_M20_s42",100,0.3,0,42,FALSE,1,1.52658279865,1.10698709729084,1168.07246758566,0.430906389301634,""
"bace","rubin_types_mixed_BM_l0.3_r0_mcar0.3_n100_M20_s43",100,0.3,0,43,FALSE,1,6.14624204542393,1.66555795217751,1089.2321923832,0.423972263496781,""
"bace","rubin_types_mixed_BM_l0.3_r0_mcar0.3_n100_M20_s44",100,0.3,0,44,FALSE,1,0.75,0.983736490022022,1311.3406593291,0.41802872709262,""
"bace","rubin_types_mixed_BM_l0.3_r0_mcar0.3_n100_M20_s45",100,0.3,0,45,FALSE,1,3.41154386412852,1.20905207022771,1188.45444743287,0.396731054977712,""
"bace","rubin_types_mixed_BM_l0.3_r0_mcar0.3_n100_M20_s46",100,0.3,0,46,FALSE,1,1.60540742158573,1.35576856784141,1129.76248132806,0.41802872709262,""
"bace","rubin_types_mixed_BM_l0.3_r0_mcar0.3_n100_M20_s47",100,0.3,0,47,FALSE,1,15.6144439391672,1.19033769548719,1016.13053642638,0.458147597820703,""
"bace","rubin_types_mixed_BM_l0.3_r0_mcar0.3_n100_M20_s48",100,0.3,0,48,FALSE,1,1.09397163396936,1.72246709303979,982.325867765507,0.437345220406142,""
"bace","rubin_types_mixed_BM_l0.3_r0_mcar0.3_n100_M20_s49",100,0.3,0,49,FALSE,1,2.75770650940666,1.80957194739372,1244.29815957751,0.41654284299158,""
"bace","rubin_types_mixed_BM_l0.3_r0_mcar0.3_n100_M20_s5",100,0.3,0,5,FALSE,1,1.07758011491449,0.779633696459788,24.0648321711435,0.54730064388311,""
"bace","rubin_types_mixed_BM_l0.3_r0_mcar0.3_n100_M20_s50",100,0.3,0,50,TRUE,1,0.73304101881709,1.92581415667812,1003.94204013597,0.398216939078752,""
"bace","rubin_types_mixed_BM_l0.3_r0_mcar0.3_n100_M20_s51",100,0.3,0,51,FALSE,1,1.04350449654192,1.14122172191515,964.868941377948,0.457652303120357,""
"bace","rubin_types_mixed_BM_l0.3_r0_mcar0.3_n100_M20_s52",100,0.3,0,52,FALSE,1,0.72961373390558,1.43500707588912,1166.01906343811,0.41059930658742,""
"bace","rubin_types_mixed_BM_l0.3_r0_mcar0.3_n100_M20_s53",100,0.3,0,53,FALSE,1,0.454545454545455,1.61876764603079,289.744360972994,0.481426448736999,""
"bace","rubin_types_mixed_BM_l0.3_r0_mcar0.3_n100_M20_s54",100,0.3,0,54,FALSE,1,0.442921733176782,1.31617767813846,1245.778308625,0.408618127786033,""
"bace","rubin_types_mixed_BM_l0.3_r0_mcar0.3_n100_M20_s55",100,0.3,0,55,FALSE,1,0.454545454545454,1.57206243900613,414.030685567689,0.465081723625557,""
"bace","rubin_types_mixed_BM_l0.3_r0_mcar0.3_n100_M20_s56",100,0.3,0,56,FALSE,1,0.881673089835461,1.57489940624652,350.513466587273,0.479940564635958,""
"bace","rubin_types_mixed_BM_l0.3_r0_mcar0.3_n100_M20_s57",100,0.3,0,57,FALSE,1,0.333333333333333,2.16585247138618,1405.0415841697,0.412580485388806,""
"bace","rubin_types_mixed_BM_l0.3_r0_mcar0.3_n100_M20_s58",100,0.3,0,58,FALSE,1,3.46412220849787,1.44703497058029,1052.19258518368,0.41654284299158,""
"bace","rubin_types_mixed_BM_l0.3_r0_mcar0.3_n100_M20_s59",100,0.3,0,59,FALSE,1,3.33625532979993,1.74627964999489,739.302774234395,0.462109955423477,""
"bace","rubin_types_mixed_BM_l0.3_r0_mcar0.3_n100_M20_s6",100,0.3,0,6,FALSE,1,0.150872355099222,1.63561388385184,1265.74324562988,0.419019316493314,""
"bace","rubin_types_mixed_BM_l0.3_r0_mcar0.3_n100_M20_s60",100,0.3,0,60,FALSE,1,13.2563175680937,1.58224873037492,1056.68326960012,0.46458642892521,""
"bace","rubin_types_mixed_BM_l0.3_r0_mcar0.3_n100_M20_s61",100,0.3,0,61,FALSE,1,7.04321904767642,1.27219143634197,650.392592342959,0.461119366022784,""
"bace","rubin_types_mixed_BM_l0.3_r0_mcar0.3_n100_M20_s62",100,0.3,0,62,FALSE,1,3333333.33333333,1.38017408468876,1063.58840236827,0.400198117880139,""
"bace","rubin_types_mixed_BM_l0.3_r0_mcar0.3_n100_M20_s63",100,0.3,0,63,FALSE,1,1e+07,1.23518987984992,1342.21736286216,0.397721644378405,""
"bace","rubin_types_mixed_BM_l0.3_r0_mcar0.3_n100_M20_s64",100,0.3,0,64,FALSE,1,0.322518082534589,1.36531955285349,1194.16305316373,0.453194650817236,""
"bace","rubin_types_mixed_BM_l0.3_r0_mcar0.3_n100_M20_s65",100,0.3,0,65,FALSE,1,1,1.36291888442134,1443.45141510563,0.302129767211491,""
"bace","rubin_types_mixed_BM_l0.3_r0_mcar0.3_n100_M20_s66",100,0.3,0,66,FALSE,1,1.5,1.42322646865077,1222.27861490961,0.425953442298167,""
"bace","rubin_types_mixed_BM_l0.3_r0_mcar0.3_n100_M20_s67",100,0.3,0,67,FALSE,1,1,1.23611345922709,1185.1433537817,0.365527488855869,""
"bace","rubin_types_mixed_BM_l0.3_r0_mcar0.3_n100_M20_s68",100,0.3,0,68,FALSE,1,1.01058239681916,1.1558592755565,1116.72280906408,0.403665180782566,""
"bace","rubin_types_mixed_BM_l0.3_r0_mcar0.3_n100_M20_s69",100,0.3,0,69,FALSE,1,0.372481984220018,1.4572583280653,255.746836102113,0.482417038137692,""
"bace","rubin_types_mixed_BM_l0.3_r0_mcar0.3_n100_M20_s7",100,0.3,0,7,FALSE,1,0.4,1.7436286952266,1044.33708444984,0.385834571570084,""
"bace","rubin_types_mixed_BM_l0.3_r0_mcar0.3_n100_M20_s70",100,0.3,0,70,FALSE,1,1.94240290604961,1.02715883289624,1327.93419183521,0.381376919266964,""
"bace","rubin_types_mixed_BM_l0.3_r0_mcar0.3_n100_M20_s71",100,0.3,0,71,FALSE,1,0.6,1.23620131297768,1038.11206221755,0.399702823179792,""
"bace","rubin_types_mixed_BM_l0.3_r0_mcar0.3_n100_M20_s72",100,0.3,0,72,FALSE,1,1.19753702005748,1.46784734451337,738.709425966304,0.465081723625557,""
"bace","rubin_types_mixed_BM_l0.3_r0_mcar0.3_n100_M20_s73",100,0.3,0,73,FALSE,1,0.333333333333333,1.16655739211675,1357.91701400861,0.421991084695394,""
"bace","rubin_types_mixed_BM_l0.3_r0_mcar0.3_n100_M20_s74",100,0.3,0,74,FALSE,1,0.833333333333333,1.75544103994764,790.185798741471,0.468548786527984,""
"bace","rubin_types_mixed_BM_l0.3_r0_mcar0.3_n100_M20_s75",100,0.3,0,75,TRUE,1,5.85780342474887,1.68969507582272,1318.82478607044,0.367013372956909,""
"bace","rubin_types_mixed_BM_l0.3_r0_mcar0.3_n100_M20_s76",100,0.3,0,76,FALSE,1,0.428571428571428,2.18440512346551,1113.43878628018,0.462109955423477,""
"bace","rubin_types_mixed_BM_l0.3_r0_mcar0.3_n100_M20_s77",100,0.3,0,77,FALSE,1,0.573936891338068,1.4626720076546,1267.45993811236,0.427934621099554,""
"bace","rubin_types_mixed_BM_l0.3_r0_mcar0.3_n100_M20_s78",100,0.3,0,78,FALSE,1,0.142857142857143,1.50978518690083,1018.73608416364,0.455175829618623,""
"bace","rubin_types_mixed_BM_l0.3_r0_mcar0.3_n100_M20_s79",100,0.3,0,79,FALSE,1,0.444444444444445,1.74429420864281,671.141781810737,0.46310054482417,""
"bace","rubin_types_mixed_BM_l0.3_r0_mcar0.3_n100_M20_s8",100,0.3,0,8,FALSE,1,0.879903909720861,1.2700532711681,1351.19879305851,0.359583952451709,""
"bace","rubin_types_mixed_BM_l0.3_r0_mcar0.3_n100_M20_s80",100,0.3,0,80,FALSE,1,0.6,1.29562162875052,1351.93000347438,0.392768697374938,""
"bace","rubin_types_mixed_BM_l0.3_r0_mcar0.3_n100_M20_s81",100,0.3,0,81,FALSE,1,1.61045459092348,0.952687126620688,1343.5526093888,0.396235760277365,""
"bace","rubin_types_mixed_BM_l0.3_r0_mcar0.3_n100_M20_s82",100,0.3,0,82,FALSE,1,0.682740816929258,1.42062646981441,1311.74638413865,0.445765230312036,""
"bace","rubin_types_mixed_BM_l0.3_r0_mcar0.3_n100_M20_s83",100,0.3,0,83,FALSE,1,1,1.45301282013862,1124.1072083226,0.41654284299158,""
"bace","rubin_types_mixed_BM_l0.3_r0_mcar0.3_n100_M20_s84",100,0.3,0,84,FALSE,1,0.5,1.48201900953018,721.157665918156,0.433382862803368,""
"bace","rubin_types_mixed_BM_l0.3_r0_mcar0.3_n100_M20_s85",100,0.3,0,85,TRUE,1,0.445363300708676,1.21717311042067,1421.08257220328,0.393263992075285,""
"bace","rubin_types_mixed_BM_l0.3_r0_mcar0.3_n100_M20_s86",100,0.3,0,86,FALSE,1,0.378241922593464,1.40964307439827,1094.09667122452,0.4210004952947,""
"bace","rubin_types_mixed_BM_l0.3_r0_mcar0.3_n100_M20_s87",100,0.3,0,87,FALSE,1,0.2,1.39977129348542,1088.93159035617,0.452204061416543,""
"bace","rubin_types_mixed_BM_l0.3_r0_mcar0.3_n100_M20_s88",100,0.3,0,88,TRUE,1,0.50182012907771,1.56598886416066,980.774720759103,0.404655770183259,""
"bace","rubin_types_mixed_BM_l0.3_r0_mcar0.3_n100_M20_s89",100,0.3,0,89,FALSE,1,0.444444444444445,1.63350822534181,799.886493629457,0.41208519068846,""
"bace","rubin_types_mixed_BM_l0.3_r0_mcar0.3_n100_M20_s9",100,0.3,0,9,FALSE,1,8,1.14381482034262,1350.76440671111,0.425458147597821,""
"bace","rubin_types_mixed_BM_l0.3_r0_mcar0.3_n100_M20_s90",100,0.3,0,90,FALSE,1,3.30249455433314,1.2504732969882,1349.57617923981,0.398712233779099,""
"bace","rubin_types_mixed_BM_l0.3_r0_mcar0.3_n100_M20_s91",100,0.3,0,91,FALSE,1,1.03124875104848,2.17478513426717,1287.01484262357,0.459138187221397,""
"bace","rubin_types_mixed_BM_l0.3_r0_mcar0.3_n100_M20_s92",100,0.3,0,92,FALSE,1,0.571428571428571,1.06769646672027,1281.93943777268,0.420505200594354,""
"bace","rubin_types_mixed_BM_l0.3_r0_mcar0.3_n100_M20_s93",100,0.3,0,93,FALSE,1,0.858469870917499,1.64809891800178,1065.07867263033,0.453194650817236,""
"bace","rubin_types_mixed_BM_l0.3_r0_mcar0.3_n100_M20_s94",100,0.3,0,94,FALSE,1,5.95834054794507,1.54786816288418,950.307101919032,0.448736998514116,""
"bace","rubin_types_mixed_BM_l0.3_r0_mcar0.3_n100_M20_s95",100,0.3,0,95,FALSE,1,4.80750631729421,1.49876298076613,816.821352827194,0.45269935611689,""
"bace","rubin_types_mixed_BM_l0.3_r0_mcar0.3_n100_M20_s96",100,0.3,0,96,TRUE,1,0.411334574210594,1.7134679450908,1450.81201926119,0.376919266963843,""
"bace","rubin_types_mixed_BM_l0.3_r0_mcar0.3_n100_M20_s97",100,0.3,0,97,FALSE,1,0.25,1.29274053074425,1174.10487318587,0.425953442298167,""
"bace","rubin_types_mixed_BM_l0.3_r0_mcar0.3_n100_M20_s98",100,0.3,0,98,FALSE,1,2.4986808314408,1.55446940624958,1260.86563788428,0.433382862803368,""
"bace","rubin_types_mixed_BM_l0.3_r0_mcar0.3_n100_M20_s99",100,0.3,0,99,FALSE,1,6.59401654623614,1.63474509231812,1194.13929493755,0.378405151064884,""
"bace","rubin_types_mixed_BM_l0.3_r0.5_mcar0.3_n100_M20_s1",100,0.3,0.5,1,FALSE,1,1,1.35293500054619,390.115893048049,0.478949975235265,""
"bace","rubin_types_mixed_BM_l0.3_r0.5_mcar0.3_n100_M20_s10",100,0.3,0.5,10,TRUE,1,0.5,2.03384524933339,259.124725087705,0.481426448736999,""
"bace","rubin_types_mixed_BM_l0.3_r0.5_mcar0.3_n100_M20_s100",100,0.3,0.5,100,FALSE,1,1.27303085824577,1.40807263717098,1356.03524347525,0.363546310054482,""
"bace","rubin_types_mixed_BM_l0.3_r0.5_mcar0.3_n100_M20_s101",100,0.3,0.5,101,FALSE,1,0.218746952520324,1.36481844587763,1433.00429595896,0.382862803368004,""
"bace","rubin_types_mixed_BM_l0.3_r0.5_mcar0.3_n100_M20_s102",100,0.3,0.5,102,FALSE,1,0.75,1.60684815144211,479.248817038677,0.467558197127291,""
"bace","rubin_types_mixed_BM_l0.3_r0.5_mcar0.3_n100_M20_s103",100,0.3,0.5,103,FALSE,1,0.333333333333333,1.35106084855549,1202.08849556404,0.37295690936107,""
"bace","rubin_types_mixed_BM_l0.3_r0.5_mcar0.3_n100_M20_s104",100,0.3,0.5,104,FALSE,1,0.125,1.38091473599983,1084.6490441139,0.376423972263497,""
"bace","rubin_types_mixed_BM_l0.3_r0.5_mcar0.3_n100_M20_s105",100,0.3,0.5,105,FALSE,1,1,1.29892183595156,994.473208058146,0.458147597820703,""
"bace","rubin_types_mixed_BM_l0.3_r0.5_mcar0.3_n100_M20_s106",100,0.3,0.5,106,FALSE,1,0.470199496574523,1.21347441488859,1283.40183131132,0.378405151064884,""
"bace","rubin_types_mixed_BM_l0.3_r0.5_mcar0.3_n100_M20_s107",100,0.3,0.5,107,FALSE,1,0.287375559680251,1.5123016743483,1243.78384480043,0.41059930658742,""
"bace","rubin_types_mixed_BM_l0.3_r0.5_mcar0.3_n100_M20_s108",100,0.3,0.5,108,FALSE,1,0.715979479332167,1.54353508123451,649.902385667419,0.466567607726597,""
"bace","rubin_types_mixed_BM_l0.3_r0.5_mcar0.3_n100_M20_s109",100,0.3,0.5,109,FALSE,1,1.96764498771187,1.51075140539359,1098.34810308227,0.436354631005448,""
"bace","rubin_types_mixed_BM_l0.3_r0.5_mcar0.3_n100_M20_s11",100,0.3,0.5,11,FALSE,1,1,1.18978403242915,1055.37457621402,0.406141654284299,""
"bace","rubin_types_mixed_BM_l0.3_r0.5_mcar0.3_n100_M20_s110",100,0.3,0.5,110,FALSE,1,0.605365807707412,1.37326591146553,1141.8037343952,0.437345220406142,""
"bace","rubin_types_mixed_BM_l0.3_r0.5_mcar0.3_n100_M20_s111",100,0.3,0.5,111,FALSE,1,6.93829351893743,1.84065254623829,811.423092903403,0.45567112431897,""
"bace","rubin_types_mixed_BM_l0.3_r0.5_mcar0.3_n100_M20_s112",100,0.3,0.5,112,FALSE,1,1,1.591010258531,1422.23042564107,0.324913323427439,""
"bace","rubin_types_mixed_BM_l0.3_r0.5_mcar0.3_n100_M20_s113",100,0.3,0.5,113,FALSE,1,0.217668585451814,1.29164077226487,746.101562072434,0.409608717186726,""
"bace","rubin_types_mixed_BM_l0.3_r0.5_mcar0.3_n100_M20_s114",100,0.3,0.5,114,FALSE,1,0.5,1.82361149609131,890.244913126093,0.465081723625557,""
"bace","rubin_types_mixed_BM_l0.3_r0.5_mcar0.3_n100_M20_s115",100,0.3,0.5,115,FALSE,1,0.75,1.57880860242467,1465.04217934262,0.391778107974245,""
"bace","rubin_types_mixed_BM_l0.3_r0.5_mcar0.3_n100_M20_s116",100,0.3,0.5,116,FALSE,1,1.23640234488992,1.81720091727642,1235.19222039974,0.37295690936107,""
"bace","rubin_types_mixed_BM_l0.3_r0.5_mcar0.3_n100_M20_s117",100,0.3,0.5,117,FALSE,1,1.06160520146045,1.83722811532032,873.07325000423,0.398216939078752,""
"bace","rubin_types_mixed_BM_l0.3_r0.5_mcar0.3_n100_M20_s118",100,0.3,0.5,118,FALSE,1,0.5,1.40453499751258,727.591978592843,0.451213472015849,""
"bace","rubin_types_mixed_BM_l0.3_r0.5_mcar0.3_n100_M20_s119",100,0.3,0.5,119,TRUE,1,0.833333333333333,1.73816640177682,1382.78511695899,0.390292223873205,""
"bace","rubin_types_mixed_BM_l0.3_r0.5_mcar0.3_n100_M20_s12",100,0.3,0.5,12,FALSE,1,0.671279434346311,1.65148665290091,1260.122608221,0.436849925705795,""
"bace","rubin_types_mixed_BM_l0.3_r0.5_mcar0.3_n100_M20_s120",100,0.3,0.5,120,FALSE,1,0.692669584226903,1.72439941538921,1425.02592619096,0.380881624566617,""
"bace","rubin_types_mixed_BM_l0.3_r0.5_mcar0.3_n100_M20_s13",100,0.3,0.5,13,FALSE,1,6666666.66666667,1.52070555043195,906.007549210934,0.443784051510649,""
"bace","rubin_types_mixed_BM_l0.3_r0.5_mcar0.3_n100_M20_s14",100,0.3,0.5,14,FALSE,1,0.333333333333333,1.1466288925446,1223.81451328224,0.407132243684993,""
"bace","rubin_types_mixed_BM_l0.3_r0.5_mcar0.3_n100_M20_s15",100,0.3,0.5,15,FALSE,1,0.271264838858607,2.22331921407429,656.246435989135,0.445765230312036,""
"bace","rubin_types_mixed_BM_l0.3_r0.5_mcar0.3_n100_M20_s16",100,0.3,0.5,16,FALSE,1,0.320483596596254,1.49580162153954,775.244064034518,0.471025260029718,""
"bace","rubin_types_mixed_BM_l0.3_r0.5_mcar0.3_n100_M20_s17",100,0.3,0.5,17,FALSE,1,1.33333333333333,1.45164028666427,1292.42867574344,0.426448736998514,""
"bace","rubin_types_mixed_BM_l0.3_r0.5_mcar0.3_n100_M20_s18",100,0.3,0.5,18,FALSE,1,1.35160738911364,1.66789856790498,765.548394526546,0.45864289252105,""
"bace","rubin_types_mixed_BM_l0.3_r0.5_mcar0.3_n100_M20_s19",100,0.3,0.5,19,FALSE,1,3.57355913820132,1.30906997173989,932.004590364724,0.453194650817236,""
"bace","rubin_types_mixed_BM_l0.3_r0.5_mcar0.3_n100_M20_s2",100,0.3,0.5,2,FALSE,1,3.34129446134861,1.69176230569521,874.633641788617,0.468548786527984,""
"bace","rubin_types_mixed_BM_l0.3_r0.5_mcar0.3_n100_M20_s20",100,0.3,0.5,20,FALSE,1,0.468150891833692,1.64489723951065,758.403018956441,0.464091134224864,""
"bace","rubin_types_mixed_BM_l0.3_r0.5_mcar0.3_n100_M20_s21",100,0.3,0.5,21,FALSE,1,0.731150045406236,1.71688664891056,847.659074135227,0.418524021792967,""
"bace","rubin_types_mixed_BM_l0.3_r0.5_mcar0.3_n100_M20_s22",100,0.3,0.5,22,FALSE,1,0.485854409926388,2.0178336935212,1072.14145283026,0.45864289252105,""
"bace","rubin_types_mixed_BM_l0.3_r0.5_mcar0.3_n100_M20_s23",100,0.3,0.5,23,FALSE,1,0.5,1.92998667477948,1012.04446337722,0.4135710747895,""
"bace","rubin_types_mixed_BM_l0.3_r0.5_mcar0.3_n100_M20_s24",100,0.3,0.5,24,TRUE,1,0.703380101043142,1.92080337425519,1220.28585113599,0.422981674096087,""
"bace","rubin_types_mixed_BM_l0.3_r0.5_mcar0.3_n100_M20_s25",100,0.3,0.5,25,FALSE,1,1.16123085372622,1.74527472442824,934.478383593554,0.448736998514116,""
"bace","rubin_types_mixed_BM_l0.3_r0.5_mcar0.3_n100_M20_s26",100,0.3,0.5,26,FALSE,1,0.1875,1.3710518559123,1301.86174268374,0.381376919266964,""
"bace","rubin_types_mixed_BM_l0.3_r0.5_mcar0.3_n100_M20_s27",100,0.3,0.5,27,FALSE,1,1.4191668273218,1.15851856208562,1466.31042781685,0.326399207528479,""
"bace","rubin_types_mixed_BM_l0.3_r0.5_mcar0.3_n100_M20_s28",100,0.3,0.5,28,FALSE,1,0.593495409130219,1.66045916762354,554.369137920705,0.473501733531451,""
"bace","rubin_types_mixed_BM_l0.3_r0.5_mcar0.3_n100_M20_s29",100,0.3,0.5,29,TRUE,1,5.7537758850079,1.64499382824502,1429.73249457197,0.354631005448242,""
"bace","rubin_types_mixed_BM_l0.3_r0.5_mcar0.3_n100_M20_s3",100,0.3,0.5,3,FALSE,1,0.560613773936042,1.0992265373797,1133.15190931494,0.458147597820703,""
"bace","rubin_types_mixed_BM_l0.3_r0.5_mcar0.3_n100_M20_s30",100,0.3,0.5,30,TRUE,1,0.698334769133335,1.47813539302296,841.445988034548,0.445765230312036,""
"bace","rubin_types_mixed_BM_l0.3_r0.5_mcar0.3_n100_M20_s31",100,0.3,0.5,31,FALSE,1,1,1.63304946978688,919.504300853372,0.424467558197127,""
"bace","rubin_types_mixed_BM_l0.3_r0.5_mcar0.3_n100_M20_s32",100,0.3,0.5,32,FALSE,1,1.33333333333333,1.16671748605352,748.03168584539,0.471025260029718,""
"bace","rubin_types_mixed_BM_l0.3_r0.5_mcar0.3_n100_M20_s33",100,0.3,0.5,33,TRUE,1,0.3,1.94859127114142,1027.21373436061,0.400693412580485,""
"bace","rubin_types_mixed_BM_l0.3_r0.5_mcar0.3_n100_M20_s34",100,0.3,0.5,34,FALSE,1,0.666666666666667,1.5133725704911,1018.81465238346,0.428429915799901,""
"bace","rubin_types_mixed_BM_l0.3_r0.5_mcar0.3_n100_M20_s35",100,0.3,0.5,35,FALSE,1,0.674839354583676,1.48486977532088,1257.0335857806,0.384348687469044,""
"bace","rubin_types_mixed_BM_l0.3_r0.5_mcar0.3_n100_M20_s36",100,0.3,0.5,36,TRUE,1,3.18341907190259,1.62125862796526,976.272939965908,0.457652303120357,""
"bace","rubin_types_mixed_BM_l0.3_r0.5_mcar0.3_n100_M20_s37",100,0.3,0.5,37,FALSE,1,1.46064822515255,1.23313917652075,1158.25324829354,0.418524021792967,""
"bace","rubin_types_mixed_BM_l0.3_r0.5_mcar0.3_n100_M20_s38",100,0.3,0.5,38,FALSE,1,0.285714285714286,1.43566385127716,1065.81006545949,0.424467558197127,""
"bace","rubin_types_mixed_BM_l0.3_r0.5_mcar0.3_n100_M20_s39",100,0.3,0.5,39,FALSE,1,0.375,2.11348678684367,1221.90153307686,0.462109955423477,""
"bace","rubin_types_mixed_BM_l0.3_r0.5_mcar0.3_n100_M20_s4",100,0.3,0.5,4,FALSE,1,1.31432986909922,1.768471236902,1268.92061583109,0.429420505200594,""
"bace","rubin_types_mixed_BM_l0.3_r0.5_mcar0.3_n100_M20_s40",100,0.3,0.5,40,FALSE,1,0.4,2.07105432226154,1100.27090182513,0.411589895988113,""
"bace","rubin_types_mixed_BM_l0.3_r0.5_mcar0.3_n100_M20_s41",100,0.3,0.5,41,FALSE,1,0.25,1.6399519904126,1538.99494924069,0.272244355909695,"cat3: dropped 1 empty level(s)"
"bace","rubin_types_mixed_BM_l0.3_r0.5_mcar0.3_n100_M20_s42",100,0.3,0.5,42,FALSE,1,0.555555555555556,1.51613167319296,1062.98761610051,0.457652303120357,""
"bace","rubin_types_mixed_BM_l0.3_r0.5_mcar0.3_n100_M20_s43",100,0.3,0.5,43,FALSE,1,1.00961574361125,1.05295398982072,999.580689817665,0.394254581475978,""
"bace","rubin_types_mixed_BM_l0.3_r0.5_mcar0.3_n100_M20_s44",100,0.3,0.5,44,FALSE,1,0.416666666666667,1.71709012379137,656.059221981412,0.45864289252105,""
"bace","rubin_types_mixed_BM_l0.3_r0.5_mcar0.3_n100_M20_s45",100,0.3,0.5,45,FALSE,1,0.372240273687579,1.76134992712358,1161.13604289211,0.455175829618623,""
"bace","rubin_types_mixed_BM_l0.3_r0.5_mcar0.3_n100_M20_s46",100,0.3,0.5,46,FALSE,1,0.6,1.46902102877225,764.131163251669,0.473501733531451,""
"bace","rubin_types_mixed_BM_l0.3_r0.5_mcar0.3_n100_M20_s47",100,0.3,0.5,47,FALSE,1,9.19256184948516,1.58711159539375,696.911944688116,0.418524021792967,""
"bace","rubin_types_mixed_BM_l0.3_r0.5_mcar0.3_n100_M20_s48",100,0.3,0.5,48,FALSE,1,0.487421690888552,0.827065374869714,1352.48742974565,0.399207528479445,""
"bace","rubin_types_mixed_BM_l0.3_r0.5_mcar0.3_n100_M20_s49",100,0.3,0.5,49,FALSE,1,7.19868454081542,1.53592223411283,804.41436079329,0.431896978702328,""
"bace","rubin_types_mixed_BM_l0.3_r0.5_mcar0.3_n100_M20_s5",100,0.3,0.5,5,TRUE,1,2.59671632153757,0.983683267919848,36.2841183719863,0.521050024764735,""
"bace","rubin_types_mixed_BM_l0.3_r0.5_mcar0.3_n100_M20_s50",100,0.3,0.5,50,FALSE,1,0.75,1.03032053573828,866.592665228022,0.466567607726597,""
"bace","rubin_types_mixed_BM_l0.3_r0.5_mcar0.3_n100_M20_s51",100,0.3,0.5,51,FALSE,1,3333333.33333333,1.10869874637737,103.112402122044,0.498761763249133,""
"bace","rubin_types_mixed_BM_l0.3_r0.5_mcar0.3_n100_M20_s52",100,0.3,0.5,52,FALSE,1,0.333333333333333,1.79916622644753,910.188869809498,0.455175829618623,""
"bace","rubin_types_mixed_BM_l0.3_r0.5_mcar0.3_n100_M20_s53",100,0.3,0.5,53,FALSE,1,1.45602474415246,2.00437404530008,416.224562695178,0.462109955423477,""
"bace","rubin_types_mixed_BM_l0.3_r0.5_mcar0.3_n100_M20_s54",100,0.3,0.5,54,FALSE,1,0.236923521878153,1.13965431511401,1361.62249202223,0.392273402674591,""
"bace","rubin_types_mixed_BM_l0.3_r0.5_mcar0.3_n100_M20_s55",100,0.3,0.5,55,FALSE,1,0.5,1.57271736837792,514.655768967084,0.465577018325904,""
"bace","rubin_types_mixed_BM_l0.3_r0.5_mcar0.3_n100_M20_s56",100,0.3,0.5,56,FALSE,1,0.4,1.86970355244864,833.662906573646,0.467558197127291,""
"bace","rubin_types_mixed_BM_l0.3_r0.5_mcar0.3_n100_M20_s57",100,0.3,0.5,57,FALSE,1,0.455713140475243,1.09934574042696,1230.62672066694,0.41654284299158,""
"bace","rubin_types_mixed_BM_l0.3_r0.5_mcar0.3_n100_M20_s58",100,0.3,0.5,58,FALSE,1,0.714285714285714,1.93995153643513,1321.61857072663,0.396235760277365,""
"bace","rubin_types_mixed_BM_l0.3_r0.5_mcar0.3_n100_M20_s59",100,0.3,0.5,59,FALSE,1,2.24821927365308,1.22532329538021,991.423012822723,0.45864289252105,""
"bace","rubin_types_mixed_BM_l0.3_r0.5_mcar0.3_n100_M20_s6",100,0.3,0.5,6,TRUE,1,1,1.8770432007913,821.374572315422,0.470529965329371,""
"bace","rubin_types_mixed_BM_l0.3_r0.5_mcar0.3_n100_M20_s60",100,0.3,0.5,60,TRUE,1,0.333333333333333,1.92834900293892,1193.94076212196,0.450222882615156,""
"bace","rubin_types_mixed_BM_l0.3_r0.5_mcar0.3_n100_M20_s61",100,0.3,0.5,61,TRUE,1,0.366905316141976,1.42389150417548,1162.74309550515,0.440316988608222,""
"bace","rubin_types_mixed_BM_l0.3_r0.5_mcar0.3_n100_M20_s62",100,0.3,0.5,62,FALSE,1,1.01455592580064,1.59083363698362,1173.95959085812,0.400198117880139,""
"bace","rubin_types_mixed_BM_l0.3_r0.5_mcar0.3_n100_M20_s63",100,0.3,0.5,63,FALSE,1,0.333333333333333,1.70481729547073,722.141617956171,0.458147597820703,""
"bace","rubin_types_mixed_BM_l0.3_r0.5_mcar0.3_n100_M20_s64",100,0.3,0.5,64,FALSE,1,11.220346813012,1.6382419783694,1263.90736302249,0.42248637939574,""
"bace","rubin_types_mixed_BM_l0.3_r0.5_mcar0.3_n100_M20_s65",100,0.3,0.5,65,FALSE,1,2.33486334483129,1.26769254024802,1226.70483720268,0.405646359583952,""
"bace","rubin_types_mixed_BM_l0.3_r0.5_mcar0.3_n100_M20_s66",100,0.3,0.5,66,FALSE,1,0.307692307692308,1.7977383223219,917.078547408168,0.454680534918276,""
"bace","rubin_types_mixed_BM_l0.3_r0.5_mcar0.3_n100_M20_s67",100,0.3,0.5,67,FALSE,1,0.333333333333333,1.48390021940762,1344.59472597914,0.396235760277365,""
"bace","rubin_types_mixed_BM_l0.3_r0.5_mcar0.3_n100_M20_s68",100,0.3,0.5,68,FALSE,1,0.762162478545848,1.34367475401498,1083.27350136981,0.372461614660723,""
"bace","rubin_types_mixed_BM_l0.3_r0.5_mcar0.3_n100_M20_s69",100,0.3,0.5,69,FALSE,1,0.756517766810239,1.75875611803097,1218.55464765047,0.422981674096087,""
"bace","rubin_types_mixed_BM_l0.3_r0.5_mcar0.3_n100_M20_s7",100,0.3,0.5,7,TRUE,1,0.252100840336134,1.29379455887495,525.534494308946,0.469539375928678,""
"bace","rubin_types_mixed_BM_l0.3_r0.5_mcar0.3_n100_M20_s70",100,0.3,0.5,70,TRUE,1,0.875925969063364,1.6388575713151,1055.85171358545,0.446755819712729,""
"bace","rubin_types_mixed_BM_l0.3_r0.5_mcar0.3_n100_M20_s71",100,0.3,0.5,71,TRUE,1,0.6,1.210831061429,758.565926629141,0.453194650817236,""
"bace","rubin_types_mixed_BM_l0.3_r0.5_mcar0.3_n100_M20_s72",100,0.3,0.5,72,FALSE,1,0.363636363636364,1.86381934551574,994.920104332904,0.434868746904408,""
"bace","rubin_types_mixed_BM_l0.3_r0.5_mcar0.3_n100_M20_s73",100,0.3,0.5,73,FALSE,1,0.348942869259204,1.31344427903177,1146.50954349899,0.46161466072313,""
"bace","rubin_types_mixed_BM_l0.3_r0.5_mcar0.3_n100_M20_s74",100,0.3,0.5,74,FALSE,1,0.375,1.88715653944341,808.531579576347,0.403169886082219,""
"bace","rubin_types_mixed_BM_l0.3_r0.5_mcar0.3_n100_M20_s75",100,0.3,0.5,75,FALSE,1,0.306359739509837,1.57272729092628,1284.04624847166,0.440812283308569,""
"bace","rubin_types_mixed_BM_l0.3_r0.5_mcar0.3_n100_M20_s76",100,0.3,0.5,76,FALSE,1,0.666666666666667,1.23468719601253,1316.65294999648,0.370975730559683,""
"bace","rubin_types_mixed_BM_l0.3_r0.5_mcar0.3_n100_M20_s77",100,0.3,0.5,77,FALSE,1,18.7005824559199,1.54804216863802,730.662762939844,0.453689945517583,""
"bace","rubin_types_mixed_BM_l0.3_r0.5_mcar0.3_n100_M20_s78",100,0.3,0.5,78,FALSE,1,0.25,1.24093583347228,1201.51415997004,0.446260525012382,""
"bace","rubin_types_mixed_BM_l0.3_r0.5_mcar0.3_n100_M20_s79",100,0.3,0.5,79,FALSE,1,4.55455898224817,0.905644262384792,1280.07053230497,0.403169886082219,""
"bace","rubin_types_mixed_BM_l0.3_r0.5_mcar0.3_n100_M20_s8",100,0.3,0.5,8,FALSE,1,0.416666666666667,1.6268309353072,1044.75237422875,0.398712233779099,""
"bace","rubin_types_mixed_BM_l0.3_r0.5_mcar0.3_n100_M20_s80",100,0.3,0.5,80,TRUE,1,0.454545454545455,2.21051064037467,259.622642488545,0.476968796433878,""
"bace","rubin_types_mixed_BM_l0.3_r0.5_mcar0.3_n100_M20_s81",100,0.3,0.5,81,FALSE,1,1.34006811753567,1.59895620831388,1365.77700139797,0.384843982169391,""
"bace","rubin_types_mixed_BM_l0.3_r0.5_mcar0.3_n100_M20_s82",100,0.3,0.5,82,FALSE,1,5.52471955016104,1.56011904052679,878.50539009679,0.458147597820703,""
"bace","rubin_types_mixed_BM_l0.3_r0.5_mcar0.3_n100_M20_s83",100,0.3,0.5,83,FALSE,1,0.29719076404609,1.37176694098454,1273.74435184917,0.389301634472511,""
"bace","rubin_types_mixed_BM_l0.3_r0.5_mcar0.3_n100_M20_s84",100,0.3,0.5,84,TRUE,1,0.666666666666667,1.55472891299596,1095.56216512326,0.444774640911342,""
"bace","rubin_types_mixed_BM_l0.3_r0.5_mcar0.3_n100_M20_s85",100,0.3,0.5,85,FALSE,1,0.23993965369307,1.60094808254861,1125.83038293497,0.420009905894007,""
"bace","rubin_types_mixed_BM_l0.3_r0.5_mcar0.3_n100_M20_s86",100,0.3,0.5,86,FALSE,1,1,1.09595445728731,1407.4051277925,0.419019316493314,""
"bace","rubin_types_mixed_BM_l0.3_r0.5_mcar0.3_n100_M20_s87",100,0.3,0.5,87,TRUE,1,1.5,1.08557649770872,1201.16654871328,0.387815750371471,""
"bace","rubin_types_mixed_BM_l0.3_r0.5_mcar0.3_n100_M20_s88",100,0.3,0.5,88,FALSE,1,3333333.33333333,1.1137658677982,1134.99703465128,0.414066369489846,""
"bace","rubin_types_mixed_BM_l0.3_r0.5_mcar0.3_n100_M20_s89",100,0.3,0.5,89,FALSE,1,0.181818181818182,0.767257125762878,1244.00759215722,0.426448736998514,""
"bace","rubin_types_mixed_BM_l0.3_r0.5_mcar0.3_n100_M20_s9",100,0.3,0.5,9,FALSE,1,0.75,1.91872213505248,1349.25240353719,0.404160475482912,""
"bace","rubin_types_mixed_BM_l0.3_r0.5_mcar0.3_n100_M20_s90",100,0.3,0.5,90,FALSE,1,0.138461538461539,1.47300945626055,786.391491471739,0.469539375928678,""
"bace","rubin_types_mixed_BM_l0.3_r0.5_mcar0.3_n100_M20_s91",100,0.3,0.5,91,FALSE,1,0.483102055001582,1.80462732777959,976.9462615917,0.462109955423477,""
"bace","rubin_types_mixed_BM_l0.3_r0.5_mcar0.3_n100_M20_s92",100,0.3,0.5,92,FALSE,1,6.61711976385887,1.90942942581072,1401.51781724544,0.405151064883606,""
"bace","rubin_types_mixed_BM_l0.3_r0.5_mcar0.3_n100_M20_s93",100,0.3,0.5,93,FALSE,1,0.550105080255683,1.33848496713769,1368.02470064992,0.408122833085686,""
"bace","rubin_types_mixed_BM_l0.3_r0.5_mcar0.3_n100_M20_s94",100,0.3,0.5,94,TRUE,1,0.428571428571428,1.98697152051401,554.893149882378,0.469539375928678,""
"bace","rubin_types_mixed_BM_l0.3_r0.5_mcar0.3_n100_M20_s95",100,0.3,0.5,95,FALSE,1,0.666666666666667,0.948173785360765,909.11163513701,0.395740465577018,""
"bace","rubin_types_mixed_BM_l0.3_r0.5_mcar0.3_n100_M20_s96",100,0.3,0.5,96,TRUE,1,0.143192952484825,1.38323528932021,1550.11023040684,0.32937097573056,""
"bace","rubin_types_mixed_BM_l0.3_r0.5_mcar0.3_n100_M20_s97",100,0.3,0.5,97,FALSE,1,0.286195695592913,1.63586194725081,468.338567058302,0.473501733531451,""
"bace","rubin_types_mixed_BM_l0.3_r0.5_mcar0.3_n100_M20_s98",100,0.3,0.5,98,FALSE,1,5.25162699248208,1.72547651340923,869.549743901235,0.46458642892521,""
"bace","rubin_types_mixed_BM_l0.3_r0.5_mcar0.3_n100_M20_s99",100,0.3,0.5,99,FALSE,1,0.833333333333333,1.88752958923112,986.82023529855,0.447746409113423,""
"bace","rubin_types_mixed_BM_l1_r0_mcar0.3_n100_M20_s15",100,1,0,15,FALSE,1,5.37398382162724,0.871494946705312,34.0644672285244,0.584447746409113,""
"bace","rubin_types_mixed_BM_l0.3_r0_mcar0.3_n300_M20_s101",300,0.3,0,101,TRUE,1,0.333333333333333,4.40026678151147,1600,0.00742942050520059,""
"bace","rubin_types_mixed_BM_l0.3_r0_mcar0.3_n300_M20_s102",300,0.3,0,102,FALSE,1,0.916666666666667,1.08421473747786,1600,0.0658741951461119,""
"bace","rubin_types_mixed_BM_l0.3_r0_mcar0.3_n300_M20_s103",300,0.3,0,103,FALSE,1,0.571428571428571,35.7214682200732,1600,0.00445765230312036,""
"bace","rubin_types_mixed_BM_l0.3_r0_mcar0.3_n300_M20_s104",300,0.3,0,104,FALSE,1,0.285714285714286,11.5156320067293,1600,0.011887072808321,""
"bace","rubin_types_mixed_BM_l0.3_r0_mcar0.3_n300_M20_s105",300,0.3,0,105,FALSE,1,0.303848946699741,30.8989454238084,1600,0.00495294700346706,""
"bace","rubin_types_mixed_BM_l0.3_r0_mcar0.3_n300_M20_s106",300,0.3,0,106,FALSE,1,34.4506479433486,1.44625288960594,1600,0.0495294700346706,""
"bace","rubin_types_mixed_BM_l0.3_r0_mcar0.3_n300_M20_s107",300,0.3,0,107,FALSE,1,0.323127744621636,2.01933294718108,1600,0.0257553244180287,""
"bace","rubin_types_mixed_BM_l0.3_r0_mcar0.3_n300_M20_s108",300,0.3,0,108,FALSE,1,1.22269375675188,49.4598109039771,1600,0.00544824170381377,""
"bace","rubin_types_mixed_BM_l0.3_r0_mcar0.3_n300_M20_s109",300,0.3,0,109,FALSE,1,0.35,39.2697261319711,1600,0.0104011887072808,""
"bace","rubin_types_mixed_BM_l0.3_r0_mcar0.3_n300_M20_s110",300,0.3,0,110,FALSE,1,1.30265914576995,1.83186924950267,1600,0.0153541357107479,""
"bace","rubin_types_mixed_BM_l0.3_r0_mcar0.3_n300_M20_s111",300,0.3,0,111,FALSE,1,0.4,2.28111759978385,1600,0.0104011887072808,""
"bace","rubin_types_mixed_BM_l0.3_r0_mcar0.3_n300_M20_s112",300,0.3,0,112,FALSE,1,1.11718074118298,1.95381905666116,1600,0.0658741951461119,""
"bace","rubin_types_mixed_BM_l0.3_r0_mcar0.3_n300_M20_s113",300,0.3,0,113,FALSE,1,0.324249022197523,2.90140199777778,1600,0.0104011887072808,""
"bace","rubin_types_mixed_BM_l0.3_r0_mcar0.3_n300_M20_s114",300,0.3,0,114,FALSE,1,0.423601986368877,36.3832091964204,1600,0.00693412580485389,""
"bace","rubin_types_mixed_BM_l0.3_r0_mcar0.3_n300_M20_s115",300,0.3,0,115,FALSE,1,3.45150796776137,59.694084740558,1600,0.00297176820208024,""
"bace","rubin_types_mixed_BM_l0.3_r0_mcar0.3_n300_M20_s116",300,0.3,0,116,FALSE,1,2.64897179533438,2.26585580231872,1600,0.0198117880138683,""
"bace","rubin_types_mixed_BM_l0.3_r0_mcar0.3_n300_M20_s117",300,0.3,0,117,FALSE,1,1.92517372801834,1.99537574729429,1600,0.0822189202575532,""
"bace","rubin_types_mixed_BM_l0.3_r0_mcar0.3_n300_M20_s118",300,0.3,0,118,FALSE,1,0.4,2.57679098702535,1600,0.0837048043585934,""
"bace","rubin_types_mixed_BM_l0.3_r0_mcar0.3_n300_M20_s119",300,0.3,0,119,FALSE,1,0.682568974592467,1.65260262331518,1600,0.0728083209509658,""
"bace","rubin_types_mixed_BM_l0.3_r0_mcar0.3_n300_M20_s120",300,0.3,0,120,FALSE,1,0.25,4.14889441271407,1600,0.0104011887072808,""
"bace","rubin_types_mixed_BM_l0.3_r0_mcar0.3_n300_M20_s121",300,0.3,0,121,FALSE,1,1,13.9637192901071,1600,0.0113917781079742,""
"bace","rubin_types_mixed_BM_l0.3_r0_mcar0.3_n300_M20_s122",300,0.3,0,122,FALSE,1,1.84415808513542,1.18732082112776,1600,0.0866765725606736,""
"bace","rubin_types_mixed_BM_l0.3_r0_mcar0.3_n300_M20_s123",300,0.3,0,123,FALSE,1,0.14906196214619,0.628325114508254,1600,0.215453194650817,""
"bace","rubin_types_mixed_BM_l0.3_r0_mcar0.3_n300_M20_s124",300,0.3,0,124,FALSE,1,3,1.79806653778334,1600,0.079247152055473,""
"bace","rubin_types_mixed_BM_l0.3_r0_mcar0.3_n300_M20_s125",300,0.3,0,125,FALSE,1,0.237208500811992,2.80397489225727,1600,0.0282317979197623,""
"bace","rubin_types_mixed_BM_l0.3_r0_mcar0.3_n300_M20_s126",300,0.3,0,126,FALSE,1,0.307692307692308,3.57331795986593,1600,0.0227835562159485,""
"bace","rubin_types_mixed_BM_l0.3_r0_mcar0.3_n300_M20_s127",300,0.3,0,127,FALSE,1,0.558952344789441,29.2601731053204,1600,0.0128776622090144,""
"bace","rubin_types_mixed_BM_l0.3_r0_mcar0.3_n300_M20_s128",300,0.3,0,128,FALSE,1,2.45097348539586,1.95626666034229,1600,0.0926201089648341,""
"bace","rubin_types_mixed_BM_l0.3_r0_mcar0.3_n300_M20_s129",300,0.3,0,129,TRUE,1,0.181818181818182,40.8111921581398,1600,0.00544824170381377,""
"bace","rubin_types_mixed_BM_l0.3_r0_mcar0.3_n300_M20_s130",300,0.3,0,130,FALSE,1,2.43451903585146,20.2208626809507,1600,0.00842000990589401,""
"bace","rubin_types_mixed_BM_l0.3_r0_mcar0.3_n300_M20_s131",300,0.3,0,131,FALSE,1,0.388386737216942,2.58364504132792,1600,0.12927191679049,""
"bace","rubin_types_mixed_BM_l0.3_r0_mcar0.3_n300_M20_s132",300,0.3,0,132,FALSE,1,1.2,2.9156366664689,1600,0.0955918771669143,""
"bace","rubin_types_mixed_BM_l0.3_r0_mcar0.3_n300_M20_s133",300,0.3,0,133,FALSE,1,0.91360823699063,2.72356627404517,1600,0.0525012382367509,""
"bace","rubin_types_mixed_BM_l0.3_r0_mcar0.3_n300_M20_s134",300,0.3,0,134,FALSE,1,0.911740386747477,1.71965804074761,1600,0.0668647845468053,""
"bace","rubin_types_mixed_BM_l0.3_r0_mcar0.3_n300_M20_s135",300,0.3,0,135,FALSE,1,2.70552507053478,1.40105873294386,1600,0.096087171867261,""
"bace","rubin_types_mixed_BM_l0.3_r0_mcar0.3_n300_M20_s136",300,0.3,0,136,FALSE,1,0.454545454545455,43.1868606169163,1600,0.00693412580485389,""
"bace","rubin_types_mixed_BM_l0.3_r0_mcar0.3_n300_M20_s137",300,0.3,0,137,FALSE,1,1,1.91968049803157,1600,0.0737989103516592,""
"bace","rubin_types_mixed_BM_l0.3_r0_mcar0.3_n300_M20_s138",300,0.3,0,138,FALSE,1,1.46308541313738,1.54472049699908,1600,0.0267459138187221,""
"bace","rubin_types_mixed_BM_l0.3_r0_mcar0.3_n300_M20_s139",300,0.3,0,139,FALSE,1,0.857142857142857,1.2468013287349,1600,0.0747894997523526,""
"bace","rubin_types_mixed_BM_l0.3_r0_mcar0.3_n300_M20_s140",300,0.3,0,140,FALSE,1,0.276285027116616,1.0997433742175,1600,0.0401188707280832,""
"bace","rubin_types_mixed_BM_l0.3_r0_mcar0.3_n300_M20_s141",300,0.3,0,141,FALSE,1,0.947931605760978,32.8250027305282,1600,0.00693412580485389,""
"bace","rubin_types_mixed_BM_l0.3_r0_mcar0.3_n300_M20_s142",300,0.3,0,142,FALSE,1,0.195652173913044,1.58637257024253,1600,0.0827142149579,""
"bace","rubin_types_mixed_BM_l0.3_r0_mcar0.3_n300_M20_s143",300,0.3,0,143,FALSE,1,1,1.60530949435733,1600,0.108469539375929,""
"bace","rubin_types_mixed_BM_l0.3_r0_mcar0.3_n300_M20_s144",300,0.3,0,144,FALSE,1,0.525708820183854,30.677687202459,1600,0.0104011887072808,""
"bace","rubin_types_mixed_BM_l0.3_r0_mcar0.3_n300_M20_s145",300,0.3,0,145,TRUE,1,0.538461538461539,1.27169068546347,1600,0.0787518573551263,""
"bace","rubin_types_mixed_BM_l0.3_r0_mcar0.3_n300_M20_s146",300,0.3,0,146,FALSE,1,0.565084645835177,1.19779603620136,1600,0.0316988608221892,""
"bace","rubin_types_mixed_BM_l0.3_r0_mcar0.3_n300_M20_s147",300,0.3,0,147,FALSE,1,0.171079429735234,38.4829971122667,1600,0.00396235760277365,""
"bace","rubin_types_mixed_BM_l0.3_r0_mcar0.3_n300_M20_s148",300,0.3,0,148,FALSE,1,0.656080200350187,1.3263923441402,1600,0.0851906884596335,""
"bace","rubin_types_mixed_BM_l0.3_r0_mcar0.3_n300_M20_s149",300,0.3,0,149,FALSE,1,0.5,36.4277819990349,1600,0.00990589400693413,""
"bace","rubin_types_mixed_BM_l0.3_r0_mcar0.3_n300_M20_s150",300,0.3,0,150,FALSE,1,0.756842592045636,33.9100840502566,1600,0.0104011887072808,""
"bace","rubin_types_mixed_BM_l0.3_r0_mcar0.3_n300_M20_s151",300,0.3,0,151,FALSE,1,1,1.84628758901144,1600,0.0549777117384844,""
"bace","rubin_types_mixed_BM_l0.3_r0_mcar0.3_n300_M20_s152",300,0.3,0,152,FALSE,1,0.382868104282337,28.3025418203756,1600,0.00544824170381377,""
"bace","rubin_types_mixed_BM_l0.3_r0_mcar0.3_n300_M20_s153",300,0.3,0,153,FALSE,1,1.1659988132726,1.80442991516953,1600,0.0643883110450718,""
"bace","rubin_types_mixed_BM_l0.3_r0_mcar0.3_n300_M20_s154",300,0.3,0,154,FALSE,1,6.86924962964053,1.74916185607563,1600,0.0297176820208024,""
"bace","rubin_types_mixed_BM_l0.3_r0_mcar0.3_n300_M20_s155",300,0.3,0,155,FALSE,1,0.286541126473505,1.73009051930691,1600,0.0208023774145617,""
"bace","rubin_types_mixed_BM_l0.3_r0_mcar0.3_n300_M20_s156",300,0.3,0,156,FALSE,1,0.240950222055218,1.81410215283741,1600,0.033680039623576,""
"bace","rubin_types_mixed_BM_l0.3_r0_mcar0.3_n300_M20_s157",300,0.3,0,157,FALSE,1,1.32882325333764,3.71163471160618,1600,0.0113917781079742,""
"bace","rubin_types_mixed_BM_l0.3_r0_mcar0.3_n300_M20_s158",300,0.3,0,158,FALSE,1,0.306602463187775,2.50621071234391,1600,0.0534918276374443,""
"bace","rubin_types_mixed_BM_l0.3_r0_mcar0.3_n300_M20_s159",300,0.3,0,159,FALSE,1,1.76553751203057,1.44582356242892,1600,0.0193164933135215,""
"bace","rubin_types_mixed_BM_l0.3_r0_mcar0.3_n300_M20_s160",300,0.3,0,160,FALSE,1,0.327402070595263,47.6967225412381,1600,0.00544824170381377,""
"bace","rubin_types_mixed_BM_l0.3_r0_mcar0.3_n300_M20_s161",300,0.3,0,161,FALSE,1,0.321554770318021,1.43331077881457,1600,0.053987122337791,""
"bace","rubin_types_mixed_BM_l0.3_r0_mcar0.3_n300_M20_s162",300,0.3,0,162,FALSE,1,0.350211400251916,1.75735587078634,1600,0.105993065874195,""
"bace","rubin_types_mixed_BM_l0.3_r0_mcar0.3_n300_M20_s163",300,0.3,0,163,TRUE,1,1.06418284507614,1.97611358113121,1600,0.0302129767211491,""
"bace","rubin_types_mixed_BM_l0.3_r0_mcar0.3_n300_M20_s164",300,0.3,0,164,FALSE,1,2222222.22222222,1.42098496566019,1485.47884542394,0.140168400198118,""
"bace","rubin_types_mixed_BM_l0.3_r0_mcar0.3_n300_M20_s165",300,0.3,0,165,FALSE,1,0.507810662960835,4.1962212674616,1600,0.0108964834076275,""
"bace","rubin_types_mixed_BM_l0.3_r0_mcar0.3_n300_M20_s166",300,0.3,0,166,FALSE,1,1.17810523879016,2.42054783956895,1600,0.0143635463100545,""
"bace","rubin_types_mixed_BM_l0.3_r0_mcar0.3_n300_M20_s167",300,0.3,0,167,FALSE,1,0.333333333333333,46.4119422043536,1600,0.00544824170381377,""
"bace","rubin_types_mixed_BM_l0.3_r0_mcar0.3_n300_M20_s168",300,0.3,0,168,FALSE,1,1.20127350963561,52.4184051983105,1600,0.00346706290242694,""
"bace","rubin_types_mixed_BM_l0.3_r0_mcar0.3_n300_M20_s169",300,0.3,0,169,FALSE,1,0.253854008540265,36.1989766195849,1600,0.00495294700346706,""
"bace","rubin_types_mixed_BM_l0.3_r0_mcar0.3_n300_M20_s170",300,0.3,0,170,FALSE,1,0.555924589205714,4.4197816818286,1460.45757747579,0.020307082714215,""
"bace","rubin_types_mixed_BM_l0.3_r0_mcar0.3_n300_M20_s171",300,0.3,0,171,FALSE,1,0.460732265760987,1.66959656676919,1600,0.0188211986131748,""
"bace","rubin_types_mixed_BM_l0.3_r0_mcar0.3_n300_M20_s172",300,0.3,0,172,FALSE,1,0.5625,1.16827759539651,1600,0.0648836057454185,""
"bace","rubin_types_mixed_BM_l0.3_r0_mcar0.3_n300_M20_s173",300,0.3,0,173,FALSE,1,0.193198370268797,1.47951488849086,1600,0.045567112431897,""
"bace","rubin_types_mixed_BM_l0.3_r0_mcar0.3_n300_M20_s174",300,0.3,0,174,FALSE,1,0.884901020113398,34.6135723128631,1600,0.00891530460624071,""
"bace","rubin_types_mixed_BM_l0.3_r0_mcar0.3_n300_M20_s175",300,0.3,0,175,TRUE,1,0.222222222222222,4.59413908762808,1600,0.0262506191183754,""
"bace","rubin_types_mixed_BM_l0.3_r0_mcar0.3_n300_M20_s176",300,0.3,0,176,FALSE,1,1.50615576689929,1.0461256609602,1600,0.0584447746409113,""
"bace","rubin_types_mixed_BM_l0.3_r0_mcar0.3_n300_M20_s177",300,0.3,0,177,FALSE,1,0.384615384615385,2.47442605929373,1600,0.116394254581476,""
"bace","rubin_types_mixed_BM_l0.3_r0_mcar0.3_n300_M20_s178",300,0.3,0,178,TRUE,1,0.833333333333333,1.53439332801182,1600,0.112927191679049,""
"bace","rubin_types_mixed_BM_l0.3_r0_mcar0.3_n300_M20_s179",300,0.3,0,179,TRUE,1,12.2710438751932,59.1306963762363,1600,0.00396235760277365,""
"bace","rubin_types_mixed_BM_l0.3_r0_mcar0.3_n300_M20_s180",300,0.3,0,180,FALSE,1,1.17682718336258,16.0170846664016,1600,0.00693412580485389,""
"bace","rubin_types_mixed_BM_l0.3_r0_mcar0.3_n300_M20_s181",300,0.3,0,181,FALSE,1,0.523635389096417,50.2270267429561,1600,0.00842000990589401,""
"bace","rubin_types_mixed_BM_l0.3_r0_mcar0.3_n300_M20_s182",300,0.3,0,182,FALSE,1,3.00122013628183,2.19309638560227,1600,0.045567112431897,""
"bace","rubin_types_mixed_BM_l0.3_r0_mcar0.3_n300_M20_s183",300,0.3,0,183,FALSE,1,0.6,1.95367984387848,1600,0.0698365527488856,""
"bace","rubin_types_mixed_BM_l0.3_r0_mcar0.3_n300_M20_s184",300,0.3,0,184,FALSE,1,1.40002900704878,14.7173232441517,1600,0.00742942050520059,""
"bace","rubin_types_mixed_BM_l0.3_r0_mcar0.3_n300_M20_s185",300,0.3,0,185,FALSE,1,1.125,1.09510997305612,1532.56653614388,0.0742942050520059,""
"bace","rubin_types_mixed_BM_l0.3_r0_mcar0.3_n300_M20_s186",300,0.3,0,186,FALSE,1,0.653718555830848,2.35564997351173,1482.02734298815,0.114413075780089,""
"bace","rubin_types_mixed_BM_l0.3_r0_mcar0.3_n300_M20_s187",300,0.3,0,187,FALSE,1,0.24113475177305,16.5905058035459,1600,0.0148588410104012,""
"bace","rubin_types_mixed_BM_l0.3_r0_mcar0.3_n300_M20_s188",300,0.3,0,188,FALSE,1,0.714285714285714,44.9509205181237,1600,0.00594353640416048,""
"bace","rubin_types_mixed_BM_l0.3_r0_mcar0.3_n300_M20_s189",300,0.3,0,189,FALSE,1,1.33396408249137,2.46295929947704,1600,0.0901436354631005,""
"bace","rubin_types_mixed_BM_l0.3_r0_mcar0.3_n300_M20_s190",300,0.3,0,190,FALSE,1,4.58180702098724,46.0766286229105,1600,0.00643883110450718,""
"bace","rubin_types_mixed_BM_l0.3_r0_mcar0.3_n300_M20_s191",300,0.3,0,191,TRUE,1,0.0881226053639847,1.53569100692188,1600,0.103021297672115,""
"bace","rubin_types_mixed_BM_l0.3_r0_mcar0.3_n300_M20_s192",300,0.3,0,192,FALSE,1,1.46866371034173,1.57006334383627,1600,0.105993065874195,""
"bace","rubin_types_mixed_BM_l0.3_r0_mcar0.3_n300_M20_s193",300,0.3,0,193,FALSE,1,0.205608666958534,12.2622337299226,1600,0.00941059930658742,""
"bace","rubin_types_mixed_BM_l0.3_r0_mcar0.3_n300_M20_s194",300,0.3,0,194,TRUE,1,0.714285714285714,2.16237166614114,1600,0.0851906884596335,""
"bace","rubin_types_mixed_BM_l0.3_r0_mcar0.3_n300_M20_s195",300,0.3,0,195,FALSE,1,0.76413663282287,2.99284768511297,1600,0.0148588410104012,""
"bace","rubin_types_mixed_BM_l0.3_r0_mcar0.3_n300_M20_s196",300,0.3,0,196,FALSE,1,0.217889908256881,3.79994976846788,1600,0.0217929668152551,""
"bace","rubin_types_mixed_BM_l0.3_r0_mcar0.3_n300_M20_s197",300,0.3,0,197,TRUE,1,0.813539905938686,2.74677947700904,1600,0.0104011887072808,""
"bace","rubin_types_mixed_BM_l0.3_r0_mcar0.3_n300_M20_s198",300,0.3,0,198,FALSE,1,0.344904910959876,3.12851378911482,1600,0.0450718177315503,""
"bace","rubin_types_mixed_BM_l0.3_r0_mcar0.3_n300_M20_s199",300,0.3,0,199,TRUE,1,0.218969930218432,54.8813710358767,1600,0.00297176820208024,""
"bace","rubin_types_mixed_BM_l0.3_r0_mcar0.3_n300_M20_s200",300,0.3,0,200,FALSE,1,1,2.16551901126962,1600,0.04210004952947,""
"bace","rubin_types_mixed_BM_l0.3_r0.5_mcar0.3_n100_M20_s121",100,0.3,0.5,121,FALSE,1,0.428571428571429,1.88468010456914,280.74983095774,0.478454680534918,""
"bace","rubin_types_mixed_BM_l0.3_r0.5_mcar0.3_n100_M20_s122",100,0.3,0.5,122,FALSE,1,0.666666666666667,1.63955340813127,429.856550703885,0.45269935611689,""
"bace","rubin_types_mixed_BM_l0.3_r0.5_mcar0.3_n100_M20_s123",100,0.3,0.5,123,FALSE,1,1.00718612065541,1.75098313022581,1211.14166321183,0.422981674096087,""
"bace","rubin_types_mixed_BM_l0.3_r0.5_mcar0.3_n100_M20_s124",100,0.3,0.5,124,FALSE,1,1.27560079904406,1.57234546609694,994.768059247375,0.420009905894007,""
"bace","rubin_types_mixed_BM_l0.3_r0.5_mcar0.3_n100_M20_s125",100,0.3,0.5,125,TRUE,1,0.333333333333333,1.38274646149017,717.287537129472,0.459138187221397,""
"bace","rubin_types_mixed_BM_l0.3_r0.5_mcar0.3_n100_M20_s126",100,0.3,0.5,126,FALSE,1,1.36579333659444,1.58833006400482,1300.42498429941,0.398712233779099,""
"bace","rubin_types_mixed_BM_l0.3_r0.5_mcar0.3_n100_M20_s127",100,0.3,0.5,127,FALSE,1,0.333333333333333,1.38814088947066,986.671269641233,0.429915799900941,""
"bace","rubin_types_mixed_BM_l0.3_r0.5_mcar0.3_n100_M20_s128",100,0.3,0.5,128,FALSE,1,19.8110076814553,1.75367665122685,530.584017275636,0.451708766716196,""
"bace","rubin_types_mixed_BM_l0.3_r0.5_mcar0.3_n100_M20_s129",100,0.3,0.5,129,FALSE,1,1.34510298033688,0.980197799714177,763.084950221887,0.453194650817236,""
"bace","rubin_types_mixed_BM_l0.3_r0.5_mcar0.3_n100_M20_s130",100,0.3,0.5,130,FALSE,1,1.71618977145845,1.70950217351358,1285.32802774142,0.445269935611689,""
"bace","rubin_types_mixed_BM_l0.3_r0.5_mcar0.3_n100_M20_s131",100,0.3,0.5,131,FALSE,1,2.70295988862585,1.79188830443523,1378.95096230096,0.411589895988113,""
"bace","rubin_types_mixed_BM_l0.3_r0.5_mcar0.3_n100_M20_s132",100,0.3,0.5,132,FALSE,1,6.12771904078003,1.31233679700168,1044.69380010352,0.442298167409609,""
"bace","rubin_types_mixed_BM_l0.3_r0.5_mcar0.3_n100_M20_s133",100,0.3,0.5,133,FALSE,1,0.5,1.36305068382809,1170.79483291448,0.370480435859336,""
"bace","rubin_types_mixed_BM_l0.3_r0.5_mcar0.3_n100_M20_s134",100,0.3,0.5,134,FALSE,1,0.5,1.00356182331718,1368.2329883643,0.41802872709262,""
"bace","rubin_types_mixed_BM_l0.3_r0.5_mcar0.3_n100_M20_s135",100,0.3,0.5,135,FALSE,1,0.5,1.55987724150708,905.099900587761,0.42248637939574,""
"bace","rubin_types_mixed_BM_l0.3_r0.5_mcar0.3_n100_M20_s136",100,0.3,0.5,136,FALSE,1,0.398333525213868,1.76712921954489,169.523816433122,0.488360574541852,""
"bace","rubin_types_mixed_BM_l0.3_r0.5_mcar0.3_n100_M20_s137",100,0.3,0.5,137,FALSE,1,2,1.53851373568876,1358.56204136978,0.385834571570084,""
"bace","rubin_types_mixed_BM_l0.3_r0.5_mcar0.3_n100_M20_s138",100,0.3,0.5,138,FALSE,1,0.428571428571428,1.59581009071021,962.320614236545,0.45864289252105,""
"bace","rubin_types_mixed_BM_l0.3_r0.5_mcar0.3_n100_M20_s139",100,0.3,0.5,139,FALSE,1,0.521739130434783,1.33745591101416,704.139907296672,0.4210004952947,""
"bace","rubin_types_mixed_BM_l0.3_r0.5_mcar0.3_n100_M20_s140",100,0.3,0.5,140,FALSE,1,1.69465952327914,1.4937405388023,422.915761586502,0.469044081228331,""
"bace","rubin_types_mixed_BM_l0.3_r0.5_mcar0.3_n100_M20_s141",100,0.3,0.5,141,FALSE,1,1,1.74280306701037,1432.58216113827,0.399207528479445,""
"bace","rubin_types_mixed_BM_l0.3_r0.5_mcar0.3_n100_M20_s142",100,0.3,0.5,142,FALSE,1,0.5,1.21608268226572,497.825537018875,0.462605250123824,""
"bace","rubin_types_mixed_BM_l0.3_r0.5_mcar0.3_n100_M20_s143",100,0.3,0.5,143,FALSE,1,0.149375749665908,1.47029381842987,406.463251691725,0.475482912332838,""
"bace","rubin_types_mixed_BM_l0.3_r0.5_mcar0.3_n100_M20_s144",100,0.3,0.5,144,FALSE,1,0.294961096077643,1.84901023622111,1000.86475269366,0.460624071322437,""
"bace","rubin_types_mixed_BM_l0.3_r0.5_mcar0.3_n100_M20_s145",100,0.3,0.5,145,FALSE,1,1.2205598017358,1.07206544882617,708.562153538182,0.465577018325904,""
"bace","rubin_types_mixed_BM_l0.3_r0.5_mcar0.3_n100_M20_s146",100,0.3,0.5,146,FALSE,1,0.484016900362043,1.69620575853668,803.935258637896,0.437840515106488,""
"bace","rubin_types_mixed_BM_l0.3_r0.5_mcar0.3_n100_M20_s147",100,0.3,0.5,147,FALSE,1,0.369497558412912,1.81997898162598,402.826651987596,0.469044081228331,""
"bace","rubin_types_mixed_BM_l0.3_r0.5_mcar0.3_n100_M20_s148",100,0.3,0.5,148,TRUE,1,0.130434782608696,1.42792181734527,782.707141586009,0.457652303120357,""
"bace","rubin_types_mixed_BM_l0.3_r0.5_mcar0.3_n100_M20_s149",100,0.3,0.5,149,FALSE,1,0.260491177177096,1.6932175606258,602.460268821927,0.429915799900941,""
"bace","rubin_types_mixed_BM_l0.3_r0.5_mcar0.3_n100_M20_s150",100,0.3,0.5,150,FALSE,1,0.571428571428571,2.03097834713124,347.572541192924,0.475978207033185,""
"bace","rubin_types_mixed_BM_l0.3_r0.5_mcar0.3_n100_M20_s151",100,0.3,0.5,151,FALSE,1,0.5,1.61523288625144,1029.89890908384,0.446755819712729,""
"bace","rubin_types_mixed_BM_l0.3_r0.5_mcar0.3_n100_M20_s152",100,0.3,0.5,152,TRUE,1,0.428571428571428,1.12297340520696,1176.07277202317,0.417533432392273,""
"bace","rubin_types_mixed_BM_l0.3_r0.5_mcar0.3_n100_M20_s153",100,0.3,0.5,153,FALSE,1,0.222222222222222,1.7553761904267,671.602164945225,0.459633481921743,""
"bace","rubin_types_mixed_BM_l0.3_r0.5_mcar0.3_n100_M20_s154",100,0.3,0.5,154,FALSE,1,0.636363636363636,1.68583387631639,1179.7753149316,0.465081723625557,""
"bace","rubin_types_mixed_BM_l0.3_r0.5_mcar0.3_n100_M20_s155",100,0.3,0.5,155,FALSE,1,0.112820350546294,1.71639270105178,825.045919994415,0.396235760277365,""
"bace","rubin_types_mixed_BM_l0.3_r0.5_mcar0.3_n100_M20_s156",100,0.3,0.5,156,FALSE,1,0.5,1.63648980563332,1043.42987498334,0.390292223873205,""
"bace","rubin_types_mixed_BM_l0.3_r0.5_mcar0.3_n100_M20_s157",100,0.3,0.5,157,FALSE,1,1.56648015476683,1.47934926692307,1359.50579821117,0.445269935611689,""
"bace","rubin_types_mixed_BM_l0.3_r0.5_mcar0.3_n100_M20_s158",100,0.3,0.5,158,FALSE,1,0.384618782307725,1.30459548500786,1058.63732923424,0.396235760277365,""
"bace","rubin_types_mixed_BM_l0.3_r0.5_mcar0.3_n100_M20_s159",100,0.3,0.5,159,FALSE,1,1.36766179913816,1.18100406551128,1439.3121391458,0.362555720653789,""
"bace","rubin_types_mixed_BM_l0.3_r0.5_mcar0.3_n100_M20_s160",100,0.3,0.5,160,FALSE,1,0.4,1.58576169016213,820.129354408509,0.45567112431897,""
"bace","rubin_types_mixed_BM_l0.3_r0.5_mcar0.3_n100_M20_s161",100,0.3,0.5,161,FALSE,1,0.422361752033404,1.32015003458669,1062.12499169576,0.429915799900941,""
"bace","rubin_types_mixed_BM_l0.3_r0.5_mcar0.3_n100_M20_s162",100,0.3,0.5,162,FALSE,1,0.5,1.2090683074987,988.589110462486,0.386329866270431,""
"bace","rubin_types_mixed_BM_l0.3_r0.5_mcar0.3_n100_M20_s163",100,0.3,0.5,163,TRUE,1,0.4,1.25730993053107,943.541079329254,0.46161466072313,""
"bace","rubin_types_mixed_BM_l0.3_r0.5_mcar0.3_n100_M20_s164",100,0.3,0.5,164,FALSE,1,0.533680621637754,1.37010371216696,1098.60874918591,0.428925210500248,""
"bace","rubin_types_mixed_BM_l0.3_r0.5_mcar0.3_n100_M20_s165",100,0.3,0.5,165,FALSE,1,1.95489697186187,1.98717256824698,901.196012514933,0.451708766716196,""
"bace","rubin_types_mixed_BM_l0.3_r0.5_mcar0.3_n100_M20_s166",100,0.3,0.5,166,FALSE,1,10.853932918077,1.14276997200725,519.341437833331,0.470529965329371,""
"bace","rubin_types_mixed_BM_l0.3_r0.5_mcar0.3_n100_M20_s167",100,0.3,0.5,167,FALSE,1,0.210526315789474,1.55971119385245,1159.85810151796,0.455175829618623,""
"bace","rubin_types_mixed_BM_l0.3_r0.5_mcar0.3_n100_M20_s168",100,0.3,0.5,168,FALSE,1,1.44900185135995,1.43812853200669,1182.46776213758,0.405151064883606,""
"bace","rubin_types_mixed_BM_l0.3_r0.5_mcar0.3_n100_M20_s169",100,0.3,0.5,169,FALSE,1,0.688341705001999,1.83145158034242,459.136317713037,0.469539375928678,""
"bace","rubin_types_mixed_BM_l0.3_r0.5_mcar0.3_n100_M20_s170",100,0.3,0.5,170,FALSE,1,0.166666666666667,1.16330323533229,412.047406089161,0.477464091134225,""
"bace","rubin_types_mixed_BM_l0.3_r0.5_mcar0.3_n100_M20_s171",100,0.3,0.5,171,FALSE,1,0.350033350054567,0.754995398638984,1131.79015631646,0.46161466072313,""
"bace","rubin_types_mixed_BM_l0.3_r0.5_mcar0.3_n100_M20_s172",100,0.3,0.5,172,TRUE,1,0.6,1.63344018329356,704.4433944033,0.407132243684993,""
"bace","rubin_types_mixed_BM_l0.3_r0.5_mcar0.3_n100_M20_s173",100,0.3,0.5,173,TRUE,1,0.5,1.02794205530153,1412.62359842393,0.401684001981179,""
"bace","rubin_types_mixed_BM_l0.3_r0.5_mcar0.3_n100_M20_s174",100,0.3,0.5,174,FALSE,1,0.571428571428571,1.34886832162491,746.008435061903,0.416047548291233,""
"bace","rubin_types_mixed_BM_l0.3_r0.5_mcar0.3_n100_M20_s175",100,0.3,0.5,175,FALSE,1,2.83650615956046,1.78214158355671,751.903632114049,0.464091134224864,""
"bace","rubin_types_mixed_BM_l0.3_r0.5_mcar0.3_n100_M20_s176",100,0.3,0.5,176,FALSE,1,0.4,1.17505191179127,1184.81818725189,0.46161466072313,""
"bace","rubin_types_mixed_BM_l0.3_r0.5_mcar0.3_n100_M20_s177",100,0.3,0.5,177,FALSE,1,0.821350350891748,1.52190332828664,1229.93689558786,0.437840515106488,""
"bace","rubin_types_mixed_BM_l0.3_r0.5_mcar0.3_n100_M20_s178",100,0.3,0.5,178,FALSE,1,0.673991418967497,1.28866320121202,901.488829453781,0.461119366022784,""
"bace","rubin_types_mixed_BM_l0.3_r0.5_mcar0.3_n100_M20_s179",100,0.3,0.5,179,FALSE,1,4.10151604068386,1.4403645832431,1195.38800775242,0.37444279346211,""
"bace","rubin_types_mixed_BM_l0.3_r0.5_mcar0.3_n100_M20_s180",100,0.3,0.5,180,FALSE,1,0.482633589099001,1.34028867363656,1449.00682369502,0.350668647845468,""
"bace","rubin_types_mixed_BM_l0.3_r0.5_mcar0.3_n100_M20_s181",100,0.3,0.5,181,FALSE,1,0.248069968145029,1.76628571467124,1296.226779304,0.416047548291233,""
"bace","rubin_types_mixed_BM_l0.3_r0.5_mcar0.3_n100_M20_s182",100,0.3,0.5,182,FALSE,1,0.152892113893263,1.73537306498614,564.46251525415,0.471520554730064,""
"bace","rubin_types_mixed_BM_l0.3_r0.5_mcar0.3_n100_M20_s183",100,0.3,0.5,183,FALSE,1,1,1.59888307429144,297.601678590963,0.478454680534918,""
"bace","rubin_types_mixed_BM_l0.3_r0.5_mcar0.3_n100_M20_s184",100,0.3,0.5,184,FALSE,1,0.391873702528132,1.19808677693331,556.209722943114,0.473501733531451,""
"bace","rubin_types_mixed_BM_l0.3_r0.5_mcar0.3_n100_M20_s185",100,0.3,0.5,185,FALSE,1,0.5,1.69593438410197,1307.45638416096,0.4210004952947,""
"bace","rubin_types_mixed_BM_l0.3_r0.5_mcar0.3_n100_M20_s186",100,0.3,0.5,186,FALSE,1,0.5,1.43246211703388,249.20564230901,0.481426448736999,""
"bace","rubin_types_mixed_BM_l0.3_r0.5_mcar0.3_n100_M20_s187",100,0.3,0.5,187,FALSE,1,0.284166716919063,1.18697604901331,1067.38309954698,0.404160475482912,""
"bace","rubin_types_mixed_BM_l0.3_r0.5_mcar0.3_n100_M20_s188",100,0.3,0.5,188,FALSE,1,0.156382897547222,1.58792677371321,1416.20357899648,0.38038632986627,""
"bace","rubin_types_mixed_BM_l0.3_r0.5_mcar0.3_n100_M20_s189",100,0.3,0.5,189,FALSE,1,0.5,1.75920172584184,996.697011129543,0.436354631005448,""
"bace","rubin_types_mixed_BM_l0.3_r0.5_mcar0.3_n100_M20_s190",100,0.3,0.5,190,TRUE,1,0.375,1.24780026150279,812.409316011912,0.450222882615156,""
"bace","rubin_types_mixed_BM_l0.3_r0.5_mcar0.3_n100_M20_s191",100,0.3,0.5,191,FALSE,1,4.20593787977534,1.11552260943209,1356.78523609401,0.386825160970778,""
"bace","rubin_types_mixed_BM_l0.3_r0.5_mcar0.3_n100_M20_s192",100,0.3,0.5,192,FALSE,1,0.438550324142185,1.49166661694661,893.922531521822,0.407132243684993,""
"bace","rubin_types_mixed_BM_l0.3_r0.5_mcar0.3_n100_M20_s193",100,0.3,0.5,193,FALSE,1,0.333333333333333,1.99403175452612,1284.72479772519,0.390787518573551,""
"bace","rubin_types_mixed_BM_l0.3_r0.5_mcar0.3_n100_M20_s194",100,0.3,0.5,194,FALSE,1,0.270073648189053,2.16306465229183,679.44388034858,0.398216939078752,""
"bace","rubin_types_mixed_BM_l0.3_r0.5_mcar0.3_n100_M20_s195",100,0.3,0.5,195,FALSE,1,0.75,1.43468623552332,603.751439766004,0.45567112431897,""
"bace","rubin_types_mixed_BM_l0.3_r0.5_mcar0.3_n100_M20_s196",100,0.3,0.5,196,FALSE,1,0.756390855868705,1.87228109163683,774.793776854899,0.438335809806835,""
"bace","rubin_types_mixed_BM_l0.3_r0.5_mcar0.3_n100_M20_s197",100,0.3,0.5,197,TRUE,1,0.619407258224177,1.50310908317626,1381.83960664101,0.4210004952947,""
"bace","rubin_types_mixed_BM_l0.3_r0.5_mcar0.3_n100_M20_s198",100,0.3,0.5,198,FALSE,1,0.916945942873356,1.07327359951753,785.585080496494,0.41654284299158,""
"bace","rubin_types_mixed_BM_l0.3_r0.5_mcar0.3_n100_M20_s199",100,0.3,0.5,199,FALSE,1,0.651294339933371,1.22285967450044,1071.73878942793,0.398216939078752,""
"bace","rubin_types_mixed_BM_l0.3_r0.5_mcar0.3_n100_M20_s200",100,0.3,0.5,200,TRUE,1,0.609449808742651,1.97484335914592,1146.60352045533,0.358593363051015,""
"bace","rubin_types_mixed_BM_l0.3_r0.5_mcar0.3_n300_M20_s101",300,0.3,0.5,101,FALSE,1,0.105263157894737,1.86903890726014,1600,0.0346706290242694,""
"bace","rubin_types_mixed_BM_l0.3_r0.5_mcar0.3_n300_M20_s102",300,0.3,0.5,102,FALSE,1,0.076923076923077,1.26449045642487,1600,0.070827142149579,""
"bace","rubin_types_mixed_BM_l0.3_r0.5_mcar0.3_n300_M20_s103",300,0.3,0.5,103,FALSE,1,0.272727272727273,58.4745263950097,1600,0.00297176820208024,""
"bace","rubin_types_mixed_BM_l0.3_r0.5_mcar0.3_n300_M20_s104",300,0.3,0.5,104,TRUE,1,0.166666666666667,3.0654986286443,1600,0.0307082714214958,""
"bace","rubin_types_mixed_BM_l0.3_r0.5_mcar0.3_n300_M20_s105",300,0.3,0.5,105,FALSE,1,0.153846153846154,4.19645155285548,1600,0.00990589400693413,""
"bace","rubin_types_mixed_BM_l0.3_r0.5_mcar0.3_n300_M20_s106",300,0.3,0.5,106,TRUE,1,0.0947838686424,1.22912115390577,1600,0.0757800891530461,""
"bace","rubin_types_mixed_BM_l0.3_r0.5_mcar0.3_n300_M20_s107",300,0.3,0.5,107,TRUE,1,0.0999999999999999,3.5540923176509,1600,0.0212976721149084,""
"bace","rubin_types_mixed_BM_l0.3_r0.5_mcar0.3_n300_M20_s108",300,0.3,0.5,108,TRUE,1,0.0555555555555556,4.06506278622225,1600,0.0232788509162952,""
"bace","rubin_types_mixed_BM_l0.3_r0.5_mcar0.3_n300_M20_s109",300,0.3,0.5,109,TRUE,1,0.214285714285714,1.79136446628964,1600,0.0406141654284299,""
"bace","rubin_types_mixed_BM_l0.3_r0.5_mcar0.3_n300_M20_s110",300,0.3,0.5,110,FALSE,1,0.0961584447820757,1.90323043167689,1600,0.0386329866270431,""
"bace","rubin_types_mixed_BM_l0.3_r0.5_mcar0.3_n300_M20_s111",300,0.3,0.5,111,FALSE,1,0.153846153846154,1.17634557391156,1600,0.0356612184249629,""
"bace","rubin_types_mixed_BM_l0.3_r0.5_mcar0.3_n300_M20_s112",300,0.3,0.5,112,FALSE,1,0.58803295890847,6.15787680929715,1600,0.0133729569093611,""
"bace","rubin_types_mixed_BM_l0.3_r0.5_mcar0.3_n300_M20_s113",300,0.3,0.5,113,TRUE,1,0.265425884758938,65.5627882998785,1600,0.00148588410104012,""
"bace","rubin_types_mixed_BM_l0.3_r0.5_mcar0.3_n300_M20_s114",300,0.3,0.5,114,TRUE,1,0.151910291094168,1.59285639888252,1600,0.0525012382367509,""
"bace","rubin_types_mixed_BM_l0.3_r0.5_mcar0.3_n300_M20_s115",300,0.3,0.5,115,FALSE,1,0.401847595305713,57.6958057477643,1600,0.00297176820208024,""
"bace","rubin_types_mixed_BM_l0.3_r0.5_mcar0.3_n300_M20_s116",300,0.3,0.5,116,FALSE,1,0.0993098975804504,1.25693765616289,1600,0.0361565131253096,""
"bace","rubin_types_mixed_BM_l0.3_r0.5_mcar0.3_n300_M20_s117",300,0.3,0.5,117,FALSE,1,0.208333333333333,1.32232053257111,1600,0.0742942050520059,""
"bace","rubin_types_mixed_BM_l0.3_r0.5_mcar0.3_n300_M20_s118",300,0.3,0.5,118,TRUE,1,2.04465029297003,1.21016687305045,1600,0.0866765725606736,""
"bace","rubin_types_mixed_BM_l0.3_r0.5_mcar0.3_n300_M20_s119",300,0.3,0.5,119,FALSE,1,1,1.41739139119365,1600,0.062407132243685,""
"bace","rubin_types_mixed_BM_l0.3_r0.5_mcar0.3_n300_M20_s120",300,0.3,0.5,120,TRUE,1,0.0270270270270269,2.77501593076513,1600,0.0217929668152551,""
"bace","rubin_types_mixed_BM_l0.3_r0.5_mcar0.3_n300_M20_s121",300,0.3,0.5,121,FALSE,1,0.176470588235294,55.1324161952586,1600,0.00297176820208024,""
"bace","rubin_types_mixed_BM_l0.3_r0.5_mcar0.3_n300_M20_s122",300,0.3,0.5,122,FALSE,1,0.0622710720399828,1.89409439551517,1600,0.0619118375433383,""
"bace","rubin_types_mixed_BM_l0.3_r0.5_mcar0.3_n300_M20_s123",300,0.3,0.5,123,TRUE,1,0.885385847351384,1.6314209725906,1600,0.0346706290242694,""
"bace","rubin_types_mixed_BM_l0.3_r0.5_mcar0.3_n300_M20_s124",300,0.3,0.5,124,FALSE,1,0.125,1.40347887791676,1600,0.0950965824665676,""
"bace","rubin_types_mixed_BM_l0.3_r0.5_mcar0.3_n300_M20_s125",300,0.3,0.5,125,TRUE,1,0.0666666666666668,3.55035801464731,1600,0.0406141654284299,""
"bace","rubin_types_mixed_BM_l0.3_r0.5_mcar0.3_n300_M20_s126",300,0.3,0.5,126,FALSE,1,2.18679764063593,3.10429722191471,1600,0.0807330361565131,""
"bace","rubin_types_mixed_BM_l0.3_r0.5_mcar0.3_n300_M20_s127",300,0.3,0.5,127,TRUE,1,0.0705341204632428,64.9186885967954,1600,0.00148588410104012,""
"bace","rubin_types_mixed_BM_l0.3_r0.5_mcar0.3_n300_M20_s128",300,0.3,0.5,128,TRUE,1,0.0815938267504763,2.70177400321696,1600,0.00891530460624071,""
"bace","rubin_types_mixed_BM_l0.3_r0.5_mcar0.3_n300_M20_s129",300,0.3,0.5,129,TRUE,1,0.125,50.2898992689647,1600,0.00346706290242694,""
"bace","rubin_types_mixed_BM_l0.3_r0.5_mcar0.3_n300_M20_s130",300,0.3,0.5,130,TRUE,1,0.5,7.36770792103009,1600,0.0143635463100545,""
"bace","rubin_types_mixed_BM_l0.3_r0.5_mcar0.3_n300_M20_s131",300,0.3,0.5,131,TRUE,1,1,2.83211438146166,1600,0.157503714710253,""
"bace","rubin_types_mixed_BM_l0.3_r0.5_mcar0.3_n300_M20_s132",300,0.3,0.5,132,FALSE,1,0.4,61.5067243667691,1600,0.00198117880138683,""
"bace","rubin_types_mixed_BM_l0.3_r0.5_mcar0.3_n300_M20_s133",300,0.3,0.5,133,TRUE,1,0.133333333333333,3.22972867325717,1600,0.0381376919266964,""
"bace","rubin_types_mixed_BM_l0.3_r0.5_mcar0.3_n300_M20_s134",300,0.3,0.5,134,TRUE,1,0.214285714285714,1.27893440534687,1600,0.00842000990589401,""
"bace","rubin_types_mixed_BM_l0.3_r0.5_mcar0.3_n300_M20_s135",300,0.3,0.5,135,FALSE,1,5.5523833384785,1.33169954839653,1600,0.0277365032194156,""
"bace","rubin_types_mixed_BM_l0.3_r0.5_mcar0.3_n300_M20_s136",300,0.3,0.5,136,FALSE,1,0.333333333333333,3.24024461808403,1600,0.0257553244180287,""
"bace","rubin_types_mixed_BM_l0.3_r0.5_mcar0.3_n300_M20_s137",300,0.3,0.5,137,TRUE,1,0.138888888888889,0.984923901263457,1600,0.0396235760277365,""
"bace","rubin_types_mixed_BM_l0.3_r0.5_mcar0.3_n300_M20_s138",300,0.3,0.5,138,TRUE,1,0.144007338053802,14.853371336568,1600,0.00495294700346706,""
"bace","rubin_types_mixed_BM_l0.3_r0.5_mcar0.3_n300_M20_s139",300,0.3,0.5,139,FALSE,1,0.145603407181291,63.4502775114169,1600,0.00148588410104012,""
"bace","rubin_types_mixed_BM_l0.3_r0.5_mcar0.3_n300_M20_s140",300,0.3,0.5,140,TRUE,1,0.0398388947105929,2.7703516570458,1600,0.0257553244180287,""
"bace","rubin_types_mixed_BM_l0.3_r0.5_mcar0.3_n300_M20_s141",300,0.3,0.5,141,TRUE,1,0.320798534080052,3.15603618542705,1600,0.0143635463100545,""
"bace","rubin_types_mixed_BM_l0.3_r0.5_mcar0.3_n300_M20_s142",300,0.3,0.5,142,FALSE,1,0.0689655172413792,2.16860605412154,1600,0.0559683011391778,""
"bace","rubin_types_mixed_BM_l0.3_r0.5_mcar0.3_n300_M20_s143",300,0.3,0.5,143,FALSE,1,0.0833333333333334,1.39938834566284,1600,0.12332838038633,""
"bace","rubin_types_mixed_BM_l0.3_r0.5_mcar0.3_n300_M20_s144",300,0.3,0.5,144,FALSE,1,0.144252739993698,2.31098423903055,1600,0.0723130262506191,""
"bace","rubin_types_mixed_BM_l0.3_r0.5_mcar0.3_n300_M20_s145",300,0.3,0.5,145,TRUE,1,0.06160688218272,1.17649367773269,1600,0.0747894997523526,""
"bace","rubin_types_mixed_BM_l0.3_r0.5_mcar0.3_n300_M20_s146",300,0.3,0.5,146,TRUE,1,0.212937521725825,2.07234864180635,1600,0.0797424467558197,""
"bace","rubin_types_mixed_BM_l0.3_r0.5_mcar0.3_n300_M20_s147",300,0.3,0.5,147,FALSE,1,0.152665113100958,51.4604158991859,1600,0.00198117880138683,""
"bace","rubin_types_mixed_BM_l0.3_r0.5_mcar0.3_n300_M20_s148",300,0.3,0.5,148,FALSE,1,0.0713865243551078,3.95718052079617,1600,0.0916295195641407,""
"bace","rubin_types_mixed_BM_l0.3_r0.5_mcar0.3_n300_M20_s149",300,0.3,0.5,149,FALSE,1,0.0476190476190477,48.2106274818027,1600,0.00297176820208024,""
"bace","rubin_types_mixed_BM_l0.3_r0.5_mcar0.3_n300_M20_s150",300,0.3,0.5,150,TRUE,1,0.117380772485472,2.04361767206489,1600,0.00445765230312036,""
"bace","rubin_types_mixed_BM_l0.3_r0.5_mcar0.3_n300_M20_s151",300,0.3,0.5,151,FALSE,1,0.25,2.26505556027949,1600,0.0643883110450718,""
"bace","rubin_types_mixed_BM_l0.3_r0.5_mcar0.3_n300_M20_s152",300,0.3,0.5,152,TRUE,1,0.125,2.58317080296102,1600,0.0158494304110946,""
"bace","rubin_types_mixed_BM_l0.3_r0.5_mcar0.3_n300_M20_s153",300,0.3,0.5,153,TRUE,1,0.1875,1.19720246032314,1600,0.0376423972263497,""
"bace","rubin_types_mixed_BM_l0.3_r0.5_mcar0.3_n300_M20_s154",300,0.3,0.5,154,FALSE,1,0.2,1.19710788526496,1600,0.0425953442298167,""
"bace","rubin_types_mixed_BM_l0.3_r0.5_mcar0.3_n300_M20_s155",300,0.3,0.5,155,FALSE,1,0.239747327271681,43.1505535833638,1600,0.00198117880138683,""
"bace","rubin_types_mixed_BM_l0.3_r0.5_mcar0.3_n300_M20_s156",300,0.3,0.5,156,FALSE,1,0.0857142857142857,3.93784407298637,1600,0.0198117880138683,""
"bace","rubin_types_mixed_BM_l0.3_r0.5_mcar0.3_n300_M20_s157",300,0.3,0.5,157,TRUE,1,0.0958014835484195,1.83764389417048,1600,0.0832095096582467,""
"bace","rubin_types_mixed_BM_l0.3_r0.5_mcar0.3_n300_M20_s158",300,0.3,0.5,158,FALSE,1,4.21721512884246,0.91309354548436,1600,0.117384843982169,""
"bace","rubin_types_mixed_BM_l0.3_r0.5_mcar0.3_n300_M20_s159",300,0.3,0.5,159,FALSE,1,0.11687034653175,2.37948003321035,1600,0.0975730559683011,""
"bace","rubin_types_mixed_BM_l0.3_r0.5_mcar0.3_n300_M20_s160",300,0.3,0.5,160,FALSE,1,0.143093922442262,1.95425142987522,1600,0.128776622090144,""
"bace","rubin_types_mixed_BM_l0.3_r0.5_mcar0.3_n300_M20_s161",300,0.3,0.5,161,FALSE,1,0.375,52.9777301631945,1600,0.00297176820208024,""
"bace","rubin_types_mixed_BM_l0.3_r0.5_mcar0.3_n300_M20_s162",300,0.3,0.5,162,FALSE,1,0.133333333333333,2.02580670091673,1600,0.0901436354631005,""
"bace","rubin_types_mixed_BM_l0.3_r0.5_mcar0.3_n300_M20_s163",300,0.3,0.5,163,TRUE,1,0.179848990971184,2.30667165905574,1600,0.0138682516097078,""
"bace","rubin_types_mixed_BM_l0.3_r0.5_mcar0.3_n300_M20_s164",300,0.3,0.5,164,TRUE,1,0.0555555555555555,0.861187456239268,1600,0.0871718672610203,""
"bace","rubin_types_mixed_BM_l0.3_r0.5_mcar0.3_n300_M20_s165",300,0.3,0.5,165,FALSE,1,0.412538368866616,63.0509396807498,1600,0.00297176820208024,""
"bace","rubin_types_mixed_BM_l0.3_r0.5_mcar0.3_n300_M20_s166",300,0.3,0.5,166,TRUE,1,1,2.00334352924534,1600,0.0341753343239227,""
"bace","rubin_types_mixed_BM_l0.3_r0.5_mcar0.3_n300_M20_s167",300,0.3,0.5,167,FALSE,1,0.25,2.6371979791601,1600,0.0123823675086677,""
"bace","rubin_types_mixed_BM_l0.3_r0.5_mcar0.3_n300_M20_s168",300,0.3,0.5,168,FALSE,1,0.251764944826422,45.54419333419,1600,0.00148588410104012,""
"bace","rubin_types_mixed_BM_l0.3_r0.5_mcar0.3_n300_M20_s169",300,0.3,0.5,169,TRUE,1,0.0825839720020652,13.7748309166878,1600,0.00941059930658742,""
"bace","rubin_types_mixed_BM_l0.3_r0.5_mcar0.3_n300_M20_s170",300,0.3,0.5,170,FALSE,1,0.149731006102796,2.22990348431987,1600,0.0827142149579,""
"bace","rubin_types_mixed_BM_l0.3_r0.5_mcar0.3_n300_M20_s171",300,0.3,0.5,171,FALSE,1,0.127146233961612,52.7654814817749,1600,0.00297176820208024,""
"bace","rubin_types_mixed_BM_l0.3_r0.5_mcar0.3_n300_M20_s172",300,0.3,0.5,172,TRUE,1,0.0526315789473684,3.73187017172066,1600,0.0079247152055473,""
"bace","rubin_types_mixed_BM_l0.3_r0.5_mcar0.3_n300_M20_s173",300,0.3,0.5,173,FALSE,1,0.176470588235294,55.9389429864418,1600,0.00148588410104012,""
"bace","rubin_types_mixed_BM_l0.3_r0.5_mcar0.3_n300_M20_s174",300,0.3,0.5,174,FALSE,1,0.0967814066286839,2.26075507917212,1600,0.0554730064388311,""
"bace","rubin_types_mixed_BM_l0.3_r0.5_mcar0.3_n300_M20_s175",300,0.3,0.5,175,TRUE,1,0.0333333333333334,1.30588176897664,1600,0.025260029717682,""
"bace","rubin_types_mixed_BM_l0.3_r0.5_mcar0.3_n300_M20_s176",300,0.3,0.5,176,TRUE,1,0.142857142857143,1.54074901978926,1600,0.133729569093611,""
"bace","rubin_types_mixed_BM_l0.3_r0.5_mcar0.3_n300_M20_s177",300,0.3,0.5,177,TRUE,1,0.0833333333333335,44.5096795080496,1600,0.000990589400693413,""
"bace","rubin_types_mixed_BM_l0.3_r0.5_mcar0.3_n300_M20_s178",300,0.3,0.5,178,TRUE,1,0.00893744270285433,2.89651534306104,1600,0.191183754333829,""
"bace","rubin_types_mixed_BM_l0.3_r0.5_mcar0.3_n300_M20_s179",300,0.3,0.5,179,TRUE,1,0.0999559224356412,44.8731062614934,1600,0.00396235760277365,""
"bace","rubin_types_mixed_BM_l0.3_r0.5_mcar0.3_n300_M20_s180",300,0.3,0.5,180,FALSE,1,0.190843018111006,2.11163132449152,1600,0.00842000990589401,""
"bace","rubin_types_mixed_BM_l0.3_r0.5_mcar0.3_n300_M20_s181",300,0.3,0.5,181,TRUE,1,0.278748068935656,1.30078583422818,1501.83458050316,0.150074294205052,""
"bace","rubin_types_mixed_BM_l0.3_r0.5_mcar0.3_n300_M20_s182",300,0.3,0.5,182,TRUE,1,0.0702827005392849,3.41587820676308,1600,0.011887072808321,""
"bace","rubin_types_mixed_BM_l0.3_r0.5_mcar0.3_n300_M20_s183",300,0.3,0.5,183,FALSE,1,0.75,2.77252791281218,1600,0.0916295195641407,""
"bace","rubin_types_mixed_BM_l0.3_r0.5_mcar0.3_n300_M20_s184",300,0.3,0.5,184,FALSE,1,0.142857142857143,1.41896227095017,1600,0.0594353640416048,""
"bace","rubin_types_mixed_BM_l0.3_r0.5_mcar0.3_n300_M20_s185",300,0.3,0.5,185,TRUE,1,0.1875,1.13366667261998,1600,0.0475482912332838,""
"bace","rubin_types_mixed_BM_l0.3_r0.5_mcar0.3_n300_M20_s186",300,0.3,0.5,186,FALSE,1,7.84897658959533,2.39489408685658,1600,0.0965824665676077,""
"bace","rubin_types_mixed_BM_l0.3_r0.5_mcar0.3_n300_M20_s187",300,0.3,0.5,187,FALSE,1,0.0625000000000001,50.438081708014,1600,0.00297176820208024,""
"bace","rubin_types_mixed_BM_l0.3_r0.5_mcar0.3_n300_M20_s188",300,0.3,0.5,188,TRUE,1,0.144011694283573,2.07013521163251,1600,0.0629024269440317,""
"bace","rubin_types_mixed_BM_l0.3_r0.5_mcar0.3_n300_M20_s189",300,0.3,0.5,189,TRUE,1,0.322670083975058,1.05137791532875,1600,0.0941059930658742,""
"bace","rubin_types_mixed_BM_l0.3_r0.5_mcar0.3_n300_M20_s190",300,0.3,0.5,190,FALSE,1,0.116666666666667,3.63868689092533,1600,0.00742942050520059,""
"bace","rubin_types_mixed_BM_l0.3_r0.5_mcar0.3_n300_M20_s191",300,0.3,0.5,191,TRUE,1,0.0352941176470588,0.902427170113176,1457.96618493773,0.289252105002477,""
"bace","rubin_types_mixed_BM_l0.3_r0.5_mcar0.3_n300_M20_s192",300,0.3,0.5,192,FALSE,1,0.155171644064484,2.26510570251324,1600,0.0653789004457652,""
"bace","rubin_types_mixed_BM_l0.3_r0.5_mcar0.3_n300_M20_s193",300,0.3,0.5,193,FALSE,1,1.82190638393981,1.34328904951209,1600,0.0163447251114413,""
"bace","rubin_types_mixed_BM_l0.3_r0.5_mcar0.3_n300_M20_s194",300,0.3,0.5,194,FALSE,1,0.125707663364497,66.2383047838186,1600,0.00346706290242694,""
"bace","rubin_types_mixed_BM_l0.3_r0.5_mcar0.3_n300_M20_s195",300,0.3,0.5,195,FALSE,1,0.0176183515880931,1.31302582480718,1600,0.0495294700346706,""
"bace","rubin_types_mixed_BM_l0.3_r0.5_mcar0.3_n300_M20_s196",300,0.3,0.5,196,FALSE,1,0.118315409062614,1.4219447571728,1600,0.0777612679544329,""
"bace","rubin_types_mixed_BM_l0.3_r0.5_mcar0.3_n300_M20_s197",300,0.3,0.5,197,FALSE,1,0.0952380952380953,1.65767203457943,1600,0.0579494799405646,""
"bace","rubin_types_mixed_BM_l0.3_r0.5_mcar0.3_n300_M20_s198",300,0.3,0.5,198,FALSE,1,0.107142857142857,35.6901743052943,1600,0.00346706290242694,""
"bace","rubin_types_mixed_BM_l0.3_r0.5_mcar0.3_n300_M20_s199",300,0.3,0.5,199,FALSE,1,0.135135135135135,2.01341897236749,1600,0.0138682516097078,""
"bace","rubin_types_mixed_BM_l0.3_r0.5_mcar0.3_n300_M20_s200",300,0.3,0.5,200,TRUE,1,0.137931034482759,3.84296321894647,1600,0.0331847449232293,""
"bace","rubin_types_mixed_BM_l0.7_r0_mcar0.3_n100_M20_s1",100,0.7,0,1,FALSE,1,3,1.22042260094229,259.453672791828,0.479445269935612,""
"bace","rubin_types_mixed_BM_l0.7_r0_mcar0.3_n100_M20_s10",100,0.7,0,10,FALSE,1,0.166666666666667,1.64492189064838,152.240393686097,0.486874690440812,""
"bace","rubin_types_mixed_BM_l0.7_r0_mcar0.3_n100_M20_s100",100,0.7,0,100,FALSE,1,6666666.66666667,1.41266964509003,476.387467573957,0.458147597820703,""
"bace","rubin_types_mixed_BM_l0.7_r0_mcar0.3_n100_M20_s101",100,0.7,0,101,FALSE,1,1.00434162445335,0.949910376856481,556.679679397223,0.468548786527984,""
"bace","rubin_types_mixed_BM_l0.7_r0_mcar0.3_n100_M20_s102",100,0.7,0,102,FALSE,1,0.4,1.86171629727648,134.078511331482,0.492322932144626,""
"bace","rubin_types_mixed_BM_l0.7_r0_mcar0.3_n100_M20_s103",100,0.7,0,103,TRUE,1,0.157683607466897,1.20547549524102,1051.88577632188,0.387815750371471,""
"bace","rubin_types_mixed_BM_l0.7_r0_mcar0.3_n100_M20_s104",100,0.7,0,104,FALSE,1,0.5,1.85138143839087,405.61681243542,0.472015849430411,""
"bace","rubin_types_mixed_BM_l0.7_r0_mcar0.3_n100_M20_s105",100,0.7,0,105,FALSE,1,0.794193598462014,1.54525191957836,764.970778626132,0.479940564635958,""
"bace","rubin_types_mixed_BM_l0.7_r0_mcar0.3_n100_M20_s106",100,0.7,0,106,FALSE,1,4.2791866481637,1.42638477832897,403.599866107645,0.413834227787716,"ord: dropped 2 empty level(s)"
"bace","rubin_types_mixed_BM_l0.7_r0_mcar0.3_n100_M20_s107",100,0.7,0,107,TRUE,1,0.295642878982026,1.49557519500815,173.33179355874,0.483902922238732,""
"bace","rubin_types_mixed_BM_l0.7_r0_mcar0.3_n100_M20_s108",100,0.7,0,108,FALSE,1,0.5,1.91545999062374,271.242388652949,0.477464091134225,""
"bace","rubin_types_mixed_BM_l0.7_r0_mcar0.3_n100_M20_s109",100,0.7,0,109,FALSE,1,0.6,1.64150823293653,370.720549920114,0.462109955423477,""
"bace","rubin_types_mixed_BM_l0.7_r0_mcar0.3_n100_M20_s11",100,0.7,0,11,FALSE,1,3,1.57033895570576,217.165993145425,0.480435859336305,""
"bace","rubin_types_mixed_BM_l0.7_r0_mcar0.3_n100_M20_s110",100,0.7,0,110,TRUE,1,0.666666666666667,0.775578488898276,582.714512793696,0.475482912332838,""
"bace","rubin_types_mixed_BM_l0.7_r0_mcar0.3_n100_M20_s111",100,0.7,0,111,FALSE,1,1.67336485370973,1.41551348663444,152.561205425789,0.49331352154532,""
"bace","rubin_types_mixed_BM_l0.7_r0_mcar0.3_n100_M20_s112",100,0.7,0,112,TRUE,1,0.285714285714286,1.3805761034312,348.385729039901,0.46161466072313,""
"bace","rubin_types_mixed_BM_l0.7_r0_mcar0.3_n100_M20_s113",100,0.7,0,113,FALSE,1,0.552033084736434,1.43429857708406,465.855924356354,0.440316988608222,""
"bace","rubin_types_mixed_BM_l0.7_r0_mcar0.3_n100_M20_s114",100,0.7,0,114,FALSE,1,0.314908446849413,0.900058083888359,777.538950382223,0.440316988608222,""
"bace","rubin_types_mixed_BM_l0.7_r0_mcar0.3_n100_M20_s115",100,0.7,0,115,FALSE,1,0.879422938195182,1.61621241216362,392.249435976564,0.467558197127291,""
"bace","rubin_types_mixed_BM_l0.7_r0_mcar0.3_n100_M20_s116",100,0.7,0,116,FALSE,1,0.5,1.15979429119992,911.836311544531,0.447251114413076,""
"bace","rubin_types_mixed_BM_l0.7_r0_mcar0.3_n100_M20_s117",100,0.7,0,117,FALSE,1,0.666666666666667,2.0069341453833,371.032653862901,0.429915799900941,""
"bace","rubin_types_mixed_BM_l0.7_r0_mcar0.3_n100_M20_s118",100,0.7,0,118,FALSE,1,1.33333333333333,2.06369028598066,568.313009471885,0.46310054482417,""
"bace","rubin_types_mixed_BM_l0.7_r0_mcar0.3_n100_M20_s119",100,0.7,0,119,FALSE,1,0.415801357600622,1.93927774240452,514.316772363211,0.469539375928678,""
"bace","rubin_types_mixed_BM_l0.7_r0_mcar0.3_n100_M20_s12",100,0.7,0,12,FALSE,1,0.513116048517284,1.8058084446945,532.775127970166,0.471025260029718,""
"bace","rubin_types_mixed_BM_l0.7_r0_mcar0.3_n100_M20_s120",100,0.7,0,120,FALSE,1,0.190476190476191,1.83256763385337,1221.7510288376,0.379891035165924,""
"bace","rubin_types_mixed_BM_l0.7_r0_mcar0.3_n100_M20_s121",100,0.7,0,121,FALSE,1,0.352941176470588,2.0171200108188,246.072824549749,0.469044081228331,""
"bace","rubin_types_mixed_BM_l0.7_r0_mcar0.3_n100_M20_s122",100,0.7,0,122,FALSE,1,0.142857142857143,1.39793854723568,283.67064825448,0.481601731601732,"ord: dropped 1 empty level(s)"
"bace","rubin_types_mixed_BM_l0.7_r0_mcar0.3_n100_M20_s123",100,0.7,0,123,FALSE,1,0.375,1.91639134943391,796.21854399484,0.436849925705795,""
"bace","rubin_types_mixed_BM_l0.7_r0_mcar0.3_n100_M20_s124",100,0.7,0,124,FALSE,1,3333333.33333333,1.52155755371139,651.594566625598,0.399750933997509,"bin: left out (1 observed class)"
"bace","rubin_types_mixed_BM_l0.7_r0_mcar0.3_n100_M20_s125",100,0.7,0,125,FALSE,1,0.4810913272533,0.787198553923017,1403.69878785092,0.429614873837981,"cat3: dropped 1 empty level(s)"
"bace","rubin_types_mixed_BM_l0.7_r0_mcar0.3_n100_M20_s126",100,0.7,0,126,FALSE,1,0.450265416058333,1.67351493888184,733.517118949078,0.468053491827637,""
"bace","rubin_types_mixed_BM_l0.7_r0_mcar0.3_n100_M20_s127",100,0.7,0,127,FALSE,1,1.5,1.45256621174013,369.835128109736,0.473501733531451,""
"bace","rubin_types_mixed_BM_l0.7_r0_mcar0.3_n100_M20_s128",100,0.7,0,128,FALSE,1,3,1.15716236308127,220.950742277987,0.481921743437345,""
"bace","rubin_types_mixed_BM_l0.7_r0_mcar0.3_n100_M20_s129",100,0.7,0,129,FALSE,1,0.5,0.807716461809652,49.9530688716501,0.520554730064388,""
"bace","rubin_types_mixed_BM_l0.7_r0_mcar0.3_n100_M20_s13",100,0.7,0,13,TRUE,1,0.166666666666667,1.185457155393,448.531598855644,0.475482912332838,""
"bace","rubin_types_mixed_BM_l0.7_r0_mcar0.3_n100_M20_s130",100,0.7,0,130,FALSE,1,17.7000601382564,1.91229379580066,228.202400846174,0.479445269935612,""
"bace","rubin_types_mixed_BM_l0.7_r0_mcar0.3_n100_M20_s131",100,0.7,0,131,FALSE,1,1,1.14627577083627,1241.40881673096,0.404160475482912,""
"bace","rubin_types_mixed_BM_l0.7_r0_mcar0.3_n100_M20_s132",100,0.7,0,132,FALSE,1,0.482931482579364,1.37094583924568,291.300632407314,0.480435859336305,""
"bace","rubin_types_mixed_BM_l0.7_r0_mcar0.3_n100_M20_s133",100,0.7,0,133,FALSE,1,0.465538026324376,1.78026036673736,1182.14197234204,0.443784051510649,""
"bace","rubin_types_mixed_BM_l0.7_r0_mcar0.3_n100_M20_s134",100,0.7,0,134,FALSE,1,0.625,1.11172710593494,300.404763874406,0.481921743437345,""
"bace","rubin_types_mixed_BM_l0.7_r0_mcar0.3_n100_M20_s135",100,0.7,0,135,FALSE,1,0.173913043478261,1.51919341007918,706.514720313245,0.46458642892521,""
"bace","rubin_types_mixed_BM_l0.7_r0_mcar0.3_n100_M20_s136",100,0.7,0,136,FALSE,1,0.291666666666667,2.11946065859471,145.395682763851,0.485884101040119,""
"bace","rubin_types_mixed_BM_l0.7_r0_mcar0.3_n100_M20_s137",100,0.7,0,137,FALSE,1,0.459113153302788,1.31129531448191,953.468897543726,0.407132243684993,""
"bace","rubin_types_mixed_BM_l0.7_r0_mcar0.3_n100_M20_s138",100,0.7,0,138,FALSE,1,0.583050444917252,1.47796915977439,826.520313448327,0.452204061416543,""
"bace","rubin_types_mixed_BM_l0.7_r0_mcar0.3_n100_M20_s139",100,0.7,0,139,FALSE,1,3333333.33333333,1.28987446124246,424.827379111696,0.444279346210996,""
"bace","rubin_types_mixed_BM_l0.7_r0_mcar0.3_n100_M20_s14",100,0.7,0,14,FALSE,1,0.208333333333333,1.68284492434698,393.045655477877,0.472511144130758,""
"bace","rubin_types_mixed_BM_l0.7_r0_mcar0.3_n100_M20_s140",100,0.7,0,140,FALSE,1,1.87334278473506,1.35028381629235,246.524464452936,0.475482912332838,""
"bace","rubin_types_mixed_BM_l0.7_r0_mcar0.3_n100_M20_s141",100,0.7,0,141,TRUE,1,4,2.07130326490663,505.415438851065,0.470529965329371,""
"bace","rubin_types_mixed_BM_l0.7_r0_mcar0.3_n100_M20_s142",100,0.7,0,142,FALSE,1,0.874449919511395,1.58371851388002,169.536363878922,0.489351163942546,""
"bace","rubin_types_mixed_BM_l0.7_r0_mcar0.3_n100_M20_s143",100,0.7,0,143,FALSE,1,0.135614220613927,1.47371355854098,258.896378736456,0.483407627538385,""
"bace","rubin_types_mixed_BM_l0.7_r0_mcar0.3_n100_M20_s144",100,0.7,0,144,FALSE,1,5.79249867504246,1.7301372361358,628.619923552211,0.439821693907875,""
"bace","rubin_types_mixed_BM_l0.7_r0_mcar0.3_n100_M20_s145",100,0.7,0,145,FALSE,1,0.306469119290837,1.36596519311422,311.194712640581,0.476968796433878,""
"bace","rubin_types_mixed_BM_l0.7_r0_mcar0.3_n100_M20_s146",100,0.7,0,146,FALSE,1,0.519731898977291,1.09285703208768,25.7817172587126,0.560178306092125,""
"bace","rubin_types_mixed_BM_l0.7_r0_mcar0.3_n100_M20_s147",100,0.7,0,147,FALSE,1,1,1.81381329535546,136.835654583888,0.489351163942546,""
"bace","rubin_types_mixed_BM_l0.7_r0_mcar0.3_n100_M20_s148",100,0.7,0,148,FALSE,1,0.5,1.0597894519672,1186.16838165367,0.378246753246753,"ord: dropped 1 empty level(s)"
"bace","rubin_types_mixed_BM_l0.7_r0_mcar0.3_n100_M20_s149",100,0.7,0,149,FALSE,1,0.666666666666667,1.59611286473162,413.853718983156,0.462109955423477,""
"bace","rubin_types_mixed_BM_l0.7_r0_mcar0.3_n100_M20_s15",100,0.7,0,15,FALSE,1,0.333333333333333,1.26867553639868,343.837561602969,0.478949975235265,""
"bace","rubin_types_mixed_BM_l0.7_r0_mcar0.3_n100_M20_s150",100,0.7,0,150,FALSE,1,0.333333333333333,1.84328088705153,224.735609063217,0.477464091134225,""
"bace","rubin_types_mixed_BM_l0.7_r0_mcar0.3_n100_M20_s151",100,0.7,0,151,FALSE,1,0.723088583173607,1.86217275319127,740.610831697223,0.385126162018592,"cat3: dropped 1 empty level(s)"
"bace","rubin_types_mixed_BM_l0.7_r0_mcar0.3_n100_M20_s152",100,0.7,0,152,TRUE,1,1,1.08313957094822,653.297718313036,0.45269935611689,""
"bace","rubin_types_mixed_BM_l0.7_r0_mcar0.3_n100_M20_s153",100,0.7,0,153,FALSE,1,0.285714285714286,1.61006362720307,676.07219078843,0.429915799900941,""
"bace","rubin_types_mixed_BM_l0.7_r0_mcar0.3_n100_M20_s154",100,0.7,0,154,TRUE,1,0.6,1.31385108349307,689.037787845698,0.445765230312036,""
"bace","rubin_types_mixed_BM_l0.7_r0_mcar0.3_n100_M20_s155",100,0.7,0,155,FALSE,1,0.714285714285714,1.5017274556944,366.028405901769,0.466567607726597,""
"bace","rubin_types_mixed_BM_l0.7_r0_mcar0.3_n100_M20_s156",100,0.7,0,156,FALSE,1,0.571428571428571,1.55367600591062,504.485805580542,0.457652303120357,""
"bace","rubin_types_mixed_BM_l0.7_r0_mcar0.3_n100_M20_s157",100,0.7,0,157,FALSE,1,0.183387658752794,1.85111725999352,918.19709242191,0.438831104507182,""
"bace","rubin_types_mixed_BM_l0.7_r0_mcar0.3_n100_M20_s158",100,0.7,0,158,FALSE,1,1,1.60821023258344,676.050034188406,0.42248637939574,""
"bace","rubin_types_mixed_BM_l0.7_r0_mcar0.3_n100_M20_s159",100,0.7,0,159,FALSE,1,0.329627246450882,1.50945643039387,827.410643040806,0.468053491827637,""
"bace","rubin_types_mixed_BM_l0.7_r0_mcar0.3_n100_M20_s16",100,0.7,0,16,FALSE,1,0.498398496874312,1.71012738077066,804.49089254816,0.355909694555113,"cat3: dropped 1 empty level(s)"
"bace","rubin_types_mixed_BM_l0.7_r0_mcar0.3_n100_M20_s160",100,0.7,0,160,FALSE,1,0.624213859731879,1.40537202481231,255.349814843075,0.483407627538385,""
"bace","rubin_types_mixed_BM_l0.7_r0_mcar0.3_n100_M20_s161",100,0.7,0,161,FALSE,1,0.5,1.28144467595979,172.305533538055,0.49331352154532,""
"bace","rubin_types_mixed_BM_l0.7_r0_mcar0.3_n100_M20_s162",100,0.7,0,162,FALSE,1,0.333333333333333,1.90167840705761,1340.12683418116,0.383358098068351,""
"bace","rubin_types_mixed_BM_l0.7_r0_mcar0.3_n100_M20_s163",100,0.7,0,163,FALSE,1,0.382317788379744,1.86444402521834,321.180146428981,0.477959385834572,""
"bace","rubin_types_mixed_BM_l0.7_r0_mcar0.3_n100_M20_s164",100,0.7,0,164,FALSE,1,1.13871914082129,1.22161214682494,28.2016875693085,0.544824170381377,""
"bace","rubin_types_mixed_BM_l0.7_r0_mcar0.3_n100_M20_s165",100,0.7,0,165,TRUE,1,0.186293266003019,1.35829025205533,142.089948494998,0.494304110946013,""
"bace","rubin_types_mixed_BM_l0.7_r0_mcar0.3_n100_M20_s166",100,0.7,0,166,FALSE,1,1.22789493027017,1.8071902148254,282.625626796463,0.484893511639425,""
"bace","rubin_types_mixed_BM_l0.7_r0_mcar0.3_n100_M20_s167",100,0.7,0,167,FALSE,1,1.0685083424152,1.46221978003846,577.976638203465,0.469155844155844,"ord: dropped 1 empty level(s)"
"bace","rubin_types_mixed_BM_l0.7_r0_mcar0.3_n100_M20_s168",100,0.7,0,168,FALSE,1,0.695917135836542,1.78229571840413,881.036319327704,0.404160475482912,""
"bace","rubin_types_mixed_BM_l0.7_r0_mcar0.3_n100_M20_s169",100,0.7,0,169,FALSE,1,0.517241379310345,1.32984195365323,401.087066385211,0.472511144130758,""
"bace","rubin_types_mixed_BM_l0.7_r0_mcar0.3_n100_M20_s17",100,0.7,0,17,FALSE,1,0.4,1.56779000400165,303.040519456303,0.476968796433878,""
"bace","rubin_types_mixed_BM_l0.7_r0_mcar0.3_n100_M20_s170",100,0.7,0,170,FALSE,1,0.373740056850478,1.87060715170058,157.788989151104,0.492424242424242,"ord: dropped 1 empty level(s)"
"bace","rubin_types_mixed_BM_l0.7_r0_mcar0.3_n100_M20_s171",100,0.7,0,171,FALSE,1,0.333333333333333,1.41324607067588,793.809898441978,0.46012877662209,""
"bace","rubin_types_mixed_BM_l0.7_r0_mcar0.3_n100_M20_s172",100,0.7,0,172,FALSE,1,1.33333333333333,1.72986653285876,264.031587513105,0.467062902426944,""
"bace","rubin_types_mixed_BM_l0.7_r0_mcar0.3_n100_M20_s173",100,0.7,0,173,TRUE,1,1,1.22057928879004,92.7896976603342,0.502705627705628,"ord: dropped 1 empty level(s)"
"bace","rubin_types_mixed_BM_l0.7_r0_mcar0.3_n100_M20_s174",100,0.7,0,174,FALSE,1,0.3125,1.29385108039094,650.413292269643,0.439821693907875,""
"bace","rubin_types_mixed_BM_l0.7_r0_mcar0.3_n100_M20_s175",100,0.7,0,175,TRUE,1,0.714285714285714,1.682228206834,372.118564721734,0.462605250123824,""
"bace","rubin_types_mixed_BM_l0.7_r0_mcar0.3_n100_M20_s176",100,0.7,0,176,FALSE,1,0.428571428571428,1.2454975731091,956.704537391425,0.456661713719663,""
"bace","rubin_types_mixed_BM_l0.7_r0_mcar0.3_n100_M20_s177",100,0.7,0,177,FALSE,1,0.316551384977012,1.4463063712382,623.459599772425,0.452204061416543,""
"bace","rubin_types_mixed_BM_l0.7_r0_mcar0.3_n100_M20_s178",100,0.7,0,178,FALSE,1,1.57662437326612,1.30693318026457,358.733839916158,0.476968796433878,""
"bace","rubin_types_mixed_BM_l0.7_r0_mcar0.3_n100_M20_s179",100,0.7,0,179,FALSE,1,0.5,1.94579533900162,211.407678258715,0.479940564635958,""
"bace","rubin_types_mixed_BM_l0.7_r0_mcar0.3_n100_M20_s18",100,0.7,0,18,FALSE,1,14.7339247292787,1.71427319903337,382.713763851305,0.474987617632491,""
"bace","rubin_types_mixed_BM_l0.7_r0_mcar0.3_n100_M20_s180",100,0.7,0,180,TRUE,1,1,1.07368826431904,48.3946229898626,0.517582961862308,""
"bace","rubin_types_mixed_BM_l0.7_r0_mcar0.3_n100_M20_s181",100,0.7,0,181,FALSE,1,3,1.10678219699262,1106.11139310919,0.430411094601288,""
"bace","rubin_types_mixed_BM_l0.7_r0_mcar0.3_n100_M20_s182",100,0.7,0,182,FALSE,1,3333333.33333333,1.2498350546907,146.800186687351,0.490341753343239,""
"bace","rubin_types_mixed_BM_l0.7_r0_mcar0.3_n100_M20_s183",100,0.7,0,183,FALSE,1,0.699901389774246,1.31960060242994,316.552804489002,0.472511144130758,""
"bace","rubin_types_mixed_BM_l0.7_r0_mcar0.3_n100_M20_s184",100,0.7,0,184,FALSE,1,0.444444444444445,1.05701321468319,1224.73676574674,0.405151064883606,""
"bace","rubin_types_mixed_BM_l0.7_r0_mcar0.3_n100_M20_s185",100,0.7,0,185,FALSE,1,1,1.51191744648833,202.184987410837,0.486471861471861,"ord: dropped 1 empty level(s)"
"bace","rubin_types_mixed_BM_l0.7_r0_mcar0.3_n100_M20_s186",100,0.7,0,186,FALSE,1,0.403176528758081,1.53578803049961,225.8849094956,0.484398216939079,""
"bace","rubin_types_mixed_BM_l0.7_r0_mcar0.3_n100_M20_s187",100,0.7,0,187,FALSE,1,0.636363636363636,1.14972285446846,115.668156226095,0.497275879148093,""
"bace","rubin_types_mixed_BM_l0.7_r0_mcar0.3_n100_M20_s188",100,0.7,0,188,FALSE,1,0.193877551020408,1.51646357856716,1210.77699746877,0.435364041604755,""
"bace","rubin_types_mixed_BM_l0.7_r0_mcar0.3_n100_M20_s189",100,0.7,0,189,FALSE,1,1.5,1.89465510061143,377.076613484979,0.473997028231798,""
"bace","rubin_types_mixed_BM_l0.7_r0_mcar0.3_n100_M20_s19",100,0.7,0,19,FALSE,1,3333333.33333333,1.30824238313882,1132.790607337,0.401684001981179,""
"bace","rubin_types_mixed_BM_l0.7_r0_mcar0.3_n100_M20_s190",100,0.7,0,190,FALSE,1,1,1.43939481801354,786.535304860244,0.396731054977712,""
"bace","rubin_types_mixed_BM_l0.7_r0_mcar0.3_n100_M20_s191",100,0.7,0,191,FALSE,1,0.222913304181693,1.76421490498537,844.565874299565,0.45864289252105,""
"bace","rubin_types_mixed_BM_l0.7_r0_mcar0.3_n100_M20_s192",100,0.7,0,192,FALSE,1,0.375,1.76323799007255,309.326699947472,0.478949975235265,""
"bace","rubin_types_mixed_BM_l0.7_r0_mcar0.3_n100_M20_s193",100,0.7,0,193,FALSE,1,0.5,1.59666461104262,456.934220987478,0.45715700842001,""
"bace","rubin_types_mixed_BM_l0.7_r0_mcar0.3_n100_M20_s194",100,0.7,0,194,TRUE,1,0.272727272727273,1.00513220339868,390.820186910539,0.443288756810302,""
"bace","rubin_types_mixed_BM_l0.7_r0_mcar0.3_n100_M20_s195",100,0.7,0,195,FALSE,1,1.20824418729271,1.00054490692169,31.4595149346621,0.569093610698366,""
"bace","rubin_types_mixed_BM_l0.7_r0_mcar0.3_n100_M20_s196",100,0.7,0,196,FALSE,1,1.87679326281091,1.47622066339185,519.426460226099,0.406636948984646,""
"bace","rubin_types_mixed_BM_l0.7_r0_mcar0.3_n100_M20_s197",100,0.7,0,197,FALSE,1,0.444444444444444,1.33901617224116,1011.27314259973,0.439821693907875,""
"bace","rubin_types_mixed_BM_l0.7_r0_mcar0.3_n100_M20_s198",100,0.7,0,198,FALSE,1,1.25,1.04979090900005,734.085791512787,0.41802872709262,""
"bace","rubin_types_mixed_BM_l0.7_r0_mcar0.3_n100_M20_s199",100,0.7,0,199,FALSE,1,0.959295386069178,1.75609449997725,299.374563125797,0.477959385834572,""
"bace","rubin_types_mixed_BM_l0.7_r0_mcar0.3_n100_M20_s2",100,0.7,0,2,FALSE,1,0.617960180427763,1.93457566740846,349.081369078612,0.480435859336305,""
"bace","rubin_types_mixed_BM_l0.7_r0_mcar0.3_n100_M20_s20",100,0.7,0,20,TRUE,1,1,1.44271044958966,270.995455733601,0.467558197127291,""
"bace","rubin_types_mixed_BM_l0.7_r0_mcar0.3_n100_M20_s200",100,0.7,0,200,TRUE,1,0.11513659300215,1.59240720882646,367.549475878788,0.480931154036652,""
"bace","rubin_types_mixed_BM_l0.7_r0_mcar0.3_n100_M20_s21",100,0.7,0,21,FALSE,1,0.887837506571654,1.58419161104037,656.447943852139,0.441307578008915,""
"bace","rubin_types_mixed_BM_l0.7_r0_mcar0.3_n100_M20_s22",100,0.7,0,22,FALSE,1,0.440414812120477,1.63607876980002,641.275001323432,0.462605250123824,""
"bace","rubin_types_mixed_BM_l0.7_r0_mcar0.3_n100_M20_s23",100,0.7,0,23,FALSE,1,0.303030303030303,0.893273367372797,21.3397610338638,0.612679544328876,""
"bace","rubin_types_mixed_BM_l0.7_r0_mcar0.3_n100_M20_s24",100,0.7,0,24,FALSE,1,0.348722359004541,1.02132670723793,134.569593583721,0.486379395740466,""
"bace","rubin_types_mixed_BM_l0.7_r0_mcar0.3_n100_M20_s25",100,0.7,0,25,FALSE,1,6666666.66666667,1.70510615819138,455.060801554711,0.479445269935612,""
"bace","rubin_types_mixed_BM_l0.7_r0_mcar0.3_n100_M20_s26",100,0.7,0,26,FALSE,1,0.4,1.41566714315564,256.928115198628,0.475482912332838,""
"bace","rubin_types_mixed_BM_l0.7_r0_mcar0.3_n100_M20_s27",100,0.7,0,27,FALSE,1,1.62356481600597,1.58460212368378,1087.70284766261,0.433878157503715,""
"bace","rubin_types_mixed_BM_l0.7_r0_mcar0.3_n100_M20_s28",100,0.7,0,28,FALSE,1,0.5,1.45995091072114,584.163519287485,0.465081723625557,""
"bace","rubin_types_mixed_BM_l0.7_r0_mcar0.3_n100_M20_s29",100,0.7,0,29,FALSE,1,0.166666666666667,1.68849961605979,301.372350340952,0.481426448736999,""
"bace","rubin_types_mixed_BM_l0.7_r0_mcar0.3_n100_M20_s3",100,0.7,0,3,FALSE,1,0.142857142857143,1.386998943086,1158.97232681108,0.45567112431897,""
"bace","rubin_types_mixed_BM_l0.7_r0_mcar0.3_n100_M20_s30",100,0.7,0,30,FALSE,1,0.676923076923077,0.881597236741567,23.888127767104,0.58494304110946,""
"bace","rubin_types_mixed_BM_l0.7_r0_mcar0.3_n100_M20_s31",100,0.7,0,31,FALSE,1,0.835831665761989,1.43041702070774,640.637453984684,0.459633481921743,""
"bace","rubin_types_mixed_BM_l0.7_r0_mcar0.3_n100_M20_s32",100,0.7,0,32,FALSE,1,0.6,1.06982752791475,278.206088420849,0.470034670629024,""
"bace","rubin_types_mixed_BM_l0.7_r0_mcar0.3_n100_M20_s33",100,0.7,0,33,FALSE,1,0.333333333333333,2.06289677605401,662.104179788096,0.41802872709262,""
"bace","rubin_types_mixed_BM_l0.7_r0_mcar0.3_n100_M20_s34",100,0.7,0,34,FALSE,1,0.427354082478157,1.58998435165241,1143.39789133489,0.401188707280832,""
"bace","rubin_types_mixed_BM_l0.7_r0_mcar0.3_n100_M20_s35",100,0.7,0,35,FALSE,1,0.298462569113379,1.49139218331007,1101.37019979441,0.449727587914809,""
"bace","rubin_types_mixed_BM_l0.7_r0_mcar0.3_n100_M20_s36",100,0.7,0,36,FALSE,1,2,1.14539799161273,1120.20761519863,0.447746409113423,""
"bace","rubin_types_mixed_BM_l0.7_r0_mcar0.3_n100_M20_s37",100,0.7,0,37,TRUE,1,1.38064932621846,1.4766683235492,1134.04715991148,0.418524021792967,""
"bace","rubin_types_mixed_BM_l0.7_r0_mcar0.3_n100_M20_s38",100,0.7,0,38,FALSE,1,0.108266702413302,2.10120786162216,402.292088054211,0.478454680534918,""
"bace","rubin_types_mixed_BM_l0.7_r0_mcar0.3_n100_M20_s39",100,0.7,0,39,FALSE,1,0.5,1.28388265029496,656.265244568272,0.472015849430411,""
"bace","rubin_types_mixed_BM_l0.7_r0_mcar0.3_n100_M20_s4",100,0.7,0,4,FALSE,1,0.21875,1.38880305802233,1014.35077735517,0.457652303120357,""
"bace","rubin_types_mixed_BM_l0.7_r0_mcar0.3_n100_M20_s40",100,0.7,0,40,TRUE,1,0.302460254433133,1.19300640234849,260.372054276713,0.477464091134225,""
"bace","rubin_types_mixed_BM_l0.7_r0_mcar0.3_n100_M20_s41",100,0.7,0,41,TRUE,1,0.31314741534407,1.09540726865289,56.5355738200958,0.516097077761268,""
"bace","rubin_types_mixed_BM_l0.7_r0_mcar0.3_n100_M20_s42",100,0.7,0,42,FALSE,1,17.7416774037686,0.998268927230418,502.587728948727,0.446755819712729,""
"bace","rubin_types_mixed_BM_l0.7_r0_mcar0.3_n100_M20_s43",100,0.7,0,43,TRUE,1,1.23396697398172,1.0479138602021,597.313446944601,0.444279346210996,""
"bace","rubin_types_mixed_BM_l0.7_r0_mcar0.3_n100_M20_s44",100,0.7,0,44,FALSE,1,2.08270626139664,1.04316457893972,528.478917094658,0.438335809806835,""
"bace","rubin_types_mixed_BM_l0.7_r0_mcar0.3_n100_M20_s45",100,0.7,0,45,FALSE,1,0.699158689248262,1.14627839861647,41.2555187596964,0.523526498266469,""
"bace","rubin_types_mixed_BM_l0.7_r0_mcar0.3_n100_M20_s46",100,0.7,0,46,FALSE,1,0.373175418082312,1.92881564574153,737.046673754417,0.46310054482417,""
"bace","rubin_types_mixed_BM_l0.7_r0_mcar0.3_n100_M20_s47",100,0.7,0,47,FALSE,1,1.98103108225473,1.39095287640065,663.641950634733,0.471025260029718,""
"bace","rubin_types_mixed_BM_l0.7_r0_mcar0.3_n100_M20_s48",100,0.7,0,48,FALSE,1,0.420842423661853,1.50773433210967,38.7740324230025,0.533927686973749,""
"bace","rubin_types_mixed_BM_l0.7_r0_mcar0.3_n100_M20_s49",100,0.7,0,49,FALSE,1,0.803738317757009,1.44606171647685,112.138501325444,0.498376623376623,"ord: dropped 1 empty level(s)"
"bace","rubin_types_mixed_BM_l0.7_r0_mcar0.3_n100_M20_s5",100,0.7,0,5,FALSE,1,0.074074074074074,1.46713192211376,1068.56518982401,0.384559359067735,"ord: dropped 1 empty level(s);cat3: dropped 1 empty level(s)"
"bace","rubin_types_mixed_BM_l0.7_r0_mcar0.3_n100_M20_s50",100,0.7,0,50,FALSE,1,1.04274425571585,0.905256041282994,34.2038741339275,0.57751362060426,""
"bace","rubin_types_mixed_BM_l0.7_r0_mcar0.3_n100_M20_s51",100,0.7,0,51,FALSE,1,2.22920263879645,1.49671627796568,620.482900571958,0.464091134224864,""
"bace","rubin_types_mixed_BM_l0.7_r0_mcar0.3_n100_M20_s52",100,0.7,0,52,FALSE,1,0.25,1.69813799440058,1153.77109282157,0.377909856364537,""
"bace","rubin_types_mixed_BM_l0.7_r0_mcar0.3_n100_M20_s53",100,0.7,0,53,FALSE,1,0.976785065824814,1.4996807080744,196.678258753715,0.474492322932145,""
"bace","rubin_types_mixed_BM_l0.7_r0_mcar0.3_n100_M20_s54",100,0.7,0,54,FALSE,1,0.2,0.950448706130924,630.200809209768,0.474987617632491,""
"bace","rubin_types_mixed_BM_l0.7_r0_mcar0.3_n100_M20_s55",100,0.7,0,55,FALSE,1,0.666666666666667,1.86658380494804,201.908034131624,0.480435859336305,""
"bace","rubin_types_mixed_BM_l0.7_r0_mcar0.3_n100_M20_s56",100,0.7,0,56,FALSE,1,0.5,1.31121948243353,67.7561670457061,0.509658246656761,""
"bace","rubin_types_mixed_BM_l0.7_r0_mcar0.3_n100_M20_s57",100,0.7,0,57,FALSE,1,0.573569155212953,1.53551993353872,928.652354696805,0.466567607726597,""
"bace","rubin_types_mixed_BM_l0.7_r0_mcar0.3_n100_M20_s58",100,0.7,0,58,FALSE,1,0.530864618921022,1.86213145701414,336.231670087725,0.472943722943723,"ord: dropped 1 empty level(s)"
"bace","rubin_types_mixed_BM_l0.7_r0_mcar0.3_n100_M20_s59",100,0.7,0,59,FALSE,1,0.166666666666667,1.07118301302372,1115.44901920253,0.443722943722944,"ord: dropped 1 empty level(s)"
"bace","rubin_types_mixed_BM_l0.7_r0_mcar0.3_n100_M20_s6",100,0.7,0,6,FALSE,1,1.30413223614424,1.73433144612766,809.651331940577,0.447746409113423,""
"bace","rubin_types_mixed_BM_l0.7_r0_mcar0.3_n100_M20_s60",100,0.7,0,60,FALSE,1,3333333.33333333,1.20361999742696,971.537300606379,0.459138187221397,""
"bace","rubin_types_mixed_BM_l0.7_r0_mcar0.3_n100_M20_s61",100,0.7,0,61,FALSE,1,3333333.33333333,1.05820399187005,145.316909663682,0.488855869242199,""
"bace","rubin_types_mixed_BM_l0.7_r0_mcar0.3_n100_M20_s62",100,0.7,0,62,FALSE,1,4.41079505127014,1.13322348955913,182.590796579436,0.470034670629024,""
"bace","rubin_types_mixed_BM_l0.7_r0_mcar0.3_n100_M20_s63",100,0.7,0,63,FALSE,1,3333333.33333333,1.27778558142278,64.8764431301276,0.522040614165428,""
"bace","rubin_types_mixed_BM_l0.7_r0_mcar0.3_n100_M20_s64",100,0.7,0,64,FALSE,1,0.263502530984531,1.3761479923889,327.806468450364,0.490837048043586,""
"bace","rubin_types_mixed_BM_l0.7_r0_mcar0.3_n100_M20_s65",100,0.7,0,65,FALSE,1,1,1.37314762606767,385.878664531376,0.474987617632491,""
"bace","rubin_types_mixed_BM_l0.7_r0_mcar0.3_n100_M20_s66",100,0.7,0,66,FALSE,1,0.485685138398874,1.7436176373477,95.903982703237,0.501238236750867,""
"bace","rubin_types_mixed_BM_l0.7_r0_mcar0.3_n100_M20_s67",100,0.7,0,67,FALSE,1,2,0.888007164476899,746.57732554824,0.448241703813769,""
"bace","rubin_types_mixed_BM_l0.7_r0_mcar0.3_n100_M20_s68",100,0.7,0,68,FALSE,1,1,1.19854486022465,758.84678616439,0.441307578008915,""
"bace","rubin_types_mixed_BM_l0.7_r0_mcar0.3_n100_M20_s69",100,0.7,0,69,FALSE,1,0.593799878690401,1.08337537006507,91.7528898441349,0.501733531451213,""
"bace","rubin_types_mixed_BM_l0.7_r0_mcar0.3_n100_M20_s7",100,0.7,0,7,FALSE,1,0.455882352941176,1.75959504485086,431.311609753029,0.470034670629024,""
"bace","rubin_types_mixed_BM_l0.7_r0_mcar0.3_n100_M20_s70",100,0.7,0,70,FALSE,1,3.43975115862418,0.863836086965476,407.15990751906,0.477959385834572,""
"bace","rubin_types_mixed_BM_l0.7_r0_mcar0.3_n100_M20_s71",100,0.7,0,71,FALSE,1,2,1.39434940488333,164.312255138305,0.483407627538385,""
"bace","rubin_types_mixed_BM_l0.7_r0_mcar0.3_n100_M20_s72",100,0.7,0,72,FALSE,1,0.384302373319469,1.67075231421285,228.075729890093,0.484398216939079,""
"bace","rubin_types_mixed_BM_l0.7_r0_mcar0.3_n100_M20_s73",100,0.7,0,73,FALSE,1,0.5,1.60736255826061,466.071418686223,0.469539375928678,""
"bace","rubin_types_mixed_BM_l0.7_r0_mcar0.3_n100_M20_s74",100,0.7,0,74,FALSE,1,0.3,1.86244811448555,580.952556950297,0.470529965329371,""
"bace","rubin_types_mixed_BM_l0.7_r0_mcar0.3_n100_M20_s75",100,0.7,0,75,FALSE,1,0.285714285714286,1.03142155649697,143.344274682679,0.492818226844973,""
"bace","rubin_types_mixed_BM_l0.7_r0_mcar0.3_n100_M20_s76",100,0.7,0,76,FALSE,1,1,1.67396046885499,449.12164586441,0.479940564635958,""
"bace","rubin_types_mixed_BM_l0.7_r0_mcar0.3_n100_M20_s77",100,0.7,0,77,FALSE,1,0.250896002135541,1.2621251112622,37.1358038023848,0.534918276374443,""
"bace","rubin_types_mixed_BM_l0.7_r0_mcar0.3_n100_M20_s78",100,0.7,0,78,FALSE,1,1.16666666666667,1.54004120831804,764.352908389521,0.470034670629024,""
"bace","rubin_types_mixed_BM_l0.7_r0_mcar0.3_n100_M20_s79",100,0.7,0,79,FALSE,1,0.176470588235294,1.49824398935606,289.650426585707,0.475978207033185,""
"bace","rubin_types_mixed_BM_l0.7_r0_mcar0.3_n100_M20_s8",100,0.7,0,8,FALSE,1,1,1.30837592012406,758.919440293702,0.441307578008915,""
"bace","rubin_types_mixed_BM_l0.7_r0_mcar0.3_n100_M20_s80",100,0.7,0,80,TRUE,1,0.0662468266997085,1.33823720146065,256.251939015223,0.474492322932145,""
"bace","rubin_types_mixed_BM_l0.7_r0_mcar0.3_n100_M20_s81",100,0.7,0,81,FALSE,1,1.52728354582526,1.37962744201485,355.013357054019,0.451708766716196,""
"bace","rubin_types_mixed_BM_l0.7_r0_mcar0.3_n100_M20_s82",100,0.7,0,82,FALSE,1,0.363636363636364,0.957526422012109,619.438337784027,0.478454680534918,""
"bace","rubin_types_mixed_BM_l0.7_r0_mcar0.3_n100_M20_s83",100,0.7,0,83,FALSE,1,1,1.33801283169264,973.289109527109,0.477959385834572,""
"bace","rubin_types_mixed_BM_l0.7_r0_mcar0.3_n100_M20_s84",100,0.7,0,84,FALSE,1,0.623214856175141,2.07594185981385,394.147387096484,0.476968796433878,""
"bace","rubin_types_mixed_BM_l0.7_r0_mcar0.3_n100_M20_s85",100,0.7,0,85,FALSE,1,0.272727272727273,2.38777350741009,1069.8594710779,0.417533432392273,""
"bace","rubin_types_mixed_BM_l0.7_r0_mcar0.3_n100_M20_s86",100,0.7,0,86,FALSE,1,0.6,0.917827237229056,421.645231846473,0.483407627538385,""
"bace","rubin_types_mixed_BM_l0.7_r0_mcar0.3_n100_M20_s87",100,0.7,0,87,FALSE,1,0.444444444444445,1.1970372985802,538.272526414771,0.471520554730064,""
"bace","rubin_types_mixed_BM_l0.7_r0_mcar0.3_n100_M20_s88",100,0.7,0,88,TRUE,1,1.69005804866757,1.37740624389752,827.086187123403,0.403665180782566,""
"bace","rubin_types_mixed_BM_l0.7_r0_mcar0.3_n100_M20_s89",100,0.7,0,89,FALSE,1,0.2,1.52491682887949,386.817438506472,0.475482912332838,""
"bace","rubin_types_mixed_BM_l0.7_r0_mcar0.3_n100_M20_s9",100,0.7,0,9,FALSE,1,0.5,1.68080399543222,446.522489481607,0.4745670995671,"ord: dropped 1 empty level(s)"
"bace","rubin_types_mixed_BM_l0.7_r0_mcar0.3_n100_M20_s90",100,0.7,0,90,FALSE,1,0.4,1.28898117782465,1449.6033307989,0.330677290836653,"cat3: dropped 1 empty level(s)"
"bace","rubin_types_mixed_BM_l0.7_r0_mcar0.3_n100_M20_s91",100,0.7,0,91,FALSE,1,0.562622782703974,1.62799569805647,725.384632893842,0.467558197127291,""
"bace","rubin_types_mixed_BM_l0.7_r0_mcar0.3_n100_M20_s92",100,0.7,0,92,FALSE,1,4.51445963176049,1.40248969439605,315.12002762929,0.473501733531451,""
"bace","rubin_types_mixed_BM_l0.7_r0_mcar0.3_n100_M20_s93",100,0.7,0,93,FALSE,1,0.1,1.16978499381911,306.369405678054,0.483902922238732,""
"bace","rubin_types_mixed_BM_l0.7_r0_mcar0.3_n100_M20_s94",100,0.7,0,94,FALSE,1,0.413980294077078,1.5399025847813,228.590650372738,0.481426448736999,""
"bace","rubin_types_mixed_BM_l0.7_r0_mcar0.3_n100_M20_s95",100,0.7,0,95,TRUE,1,0.176470588235294,1.69707350826175,764.090106523275,0.45715700842001,""
"bace","rubin_types_mixed_BM_l0.7_r0_mcar0.3_n100_M20_s96",100,0.7,0,96,TRUE,1,0.333333333333333,1.69597493697959,565.57915887274,0.467532467532468,"ord: dropped 1 empty level(s)"
"bace","rubin_types_mixed_BM_l0.7_r0_mcar0.3_n100_M20_s97",100,0.7,0,97,FALSE,1,13.766796116191,1.29680017244376,138.525102127341,0.49331352154532,""
"bace","rubin_types_mixed_BM_l0.7_r0_mcar0.3_n100_M20_s98",100,0.7,0,98,FALSE,1,0.654662858261873,1.49827185503113,571.528066120998,0.462605250123824,""
"bace","rubin_types_mixed_BM_l0.7_r0_mcar0.3_n100_M20_s99",100,0.7,0,99,FALSE,1,0.222222222222222,1.22299130398884,980.337442984426,0.384843982169391,""
"bace","rubin_types_mixed_BM_l0.7_r0_mcar0.3_n300_M20_s101",300,0.7,0,101,FALSE,1,0.444444444444444,1.42248888243256,1468.87946054166,0.050520059435364,""
"bace","rubin_types_mixed_BM_l0.7_r0_mcar0.3_n300_M20_s102",300,0.7,0,102,TRUE,1,0.068411299254637,1.8630060882213,1256.82057177071,0.246161466072313,""
"bace","rubin_types_mixed_BM_l0.7_r0_mcar0.3_n300_M20_s103",300,0.7,0,103,TRUE,1,1,2.55978411323839,1247.17424593183,0.0926201089648341,""
"bace","rubin_types_mixed_BM_l0.7_r0_mcar0.3_n300_M20_s104",300,0.7,0,104,TRUE,1,0.153846153846154,1.9563274647248,1565.37082181259,0.0450718177315503,""
"bace","rubin_types_mixed_BM_l0.7_r0_mcar0.3_n300_M20_s105",300,0.7,0,105,FALSE,1,0.292367023631115,1.07164620936507,1583.99722458952,0.105002476473502,""
"bace","rubin_types_mixed_BM_l0.7_r0_mcar0.3_n300_M20_s106",300,0.7,0,106,TRUE,1,0.538842748103735,2.490411858042,1412.84321860923,0.111441307578009,""
"bace","rubin_types_mixed_BM_l0.7_r0_mcar0.3_n300_M20_s107",300,0.7,0,107,FALSE,1,4.23305436296467,1.83347550262526,1436.92063458911,0.115403665180783,""
"bace","rubin_types_mixed_BM_l0.7_r0_mcar0.3_n300_M20_s108",300,0.7,0,108,FALSE,1,0.227659574468085,1.78373374947731,1577.60179367249,0.119366022783556,""
"bace","rubin_types_mixed_BM_l0.7_r0_mcar0.3_n300_M20_s109",300,0.7,0,109,FALSE,1,0.13719512195122,1.78539903891186,1244.5001621617,0.232293214462605,""
"bace","rubin_types_mixed_BM_l0.7_r0_mcar0.3_n300_M20_s110",300,0.7,0,110,FALSE,1,1.14549976614165,1.50538641217049,1382.49558643454,0.205547300643883,""
"bace","rubin_types_mixed_BM_l0.7_r0_mcar0.3_n300_M20_s111",300,0.7,0,111,FALSE,1,0.939712026736362,2.01759567719647,1600,0.110450718177315,""
"bace","rubin_types_mixed_BM_l0.7_r0_mcar0.3_n300_M20_s112",300,0.7,0,112,FALSE,1,806.554408524505,1.21843397910119,1410.16344396485,0.12332838038633,""
"bace","rubin_types_mixed_BM_l0.7_r0_mcar0.3_n300_M20_s113",300,0.7,0,113,FALSE,1,0.482226675593246,1.09789804425227,1410.6840268694,0.257553244180287,""
"bace","rubin_types_mixed_BM_l0.7_r0_mcar0.3_n300_M20_s114",300,0.7,0,114,FALSE,1,0.0860357765274674,1.43144342056491,1269.16171548186,0.258048538880634,""
"bace","rubin_types_mixed_BM_l0.7_r0_mcar0.3_n300_M20_s115",300,0.7,0,115,FALSE,1,2222222.22222222,1.20715133432574,1466.20439098462,0.102030708271421,""
"bace","rubin_types_mixed_BM_l0.7_r0_mcar0.3_n300_M20_s116",300,0.7,0,116,FALSE,1,1,1.1581763024086,1125.85957075982,0.32937097573056,""
"bace","rubin_types_mixed_BM_l0.7_r0_mcar0.3_n300_M20_s117",300,0.7,0,117,FALSE,1,0.142857142857143,1.22016741037225,1399.18654487114,0.38187221396731,""
"bace","rubin_types_mixed_BM_l0.7_r0_mcar0.3_n300_M20_s118",300,0.7,0,118,FALSE,1,0.13353115727003,2.47719716097716,1450.63892340139,0.214957899950471,""
"bace","rubin_types_mixed_BM_l0.7_r0_mcar0.3_n300_M20_s119",300,0.7,0,119,FALSE,1,0.19342109083355,2.71721437229247,1417.61879598696,0.143140168400198,""
"bace","rubin_types_mixed_BM_l0.7_r0_mcar0.3_n300_M20_s120",300,0.7,0,120,TRUE,1,1,1.01058011723269,1432.63270899618,0.164437840515106,""
"bace","rubin_types_mixed_BM_l0.7_r0_mcar0.3_n300_M20_s121",300,0.7,0,121,FALSE,1,1111111.11111111,0.699953460145378,791.254427225467,0.274888558692422,""
"bace","rubin_types_mixed_BM_l0.7_r0_mcar0.3_n300_M20_s122",300,0.7,0,122,FALSE,1,0.500538798197819,1.41722808426422,1425.89304081724,0.129767211490837,""
"bace","rubin_types_mixed_BM_l0.7_r0_mcar0.3_n300_M20_s123",300,0.7,0,123,FALSE,1,1111111.11111111,1.31433416468615,1480.25711718161,0.0227272727272727,"ord: dropped 1 empty level(s)"
"bace","rubin_types_mixed_BM_l0.7_r0_mcar0.3_n300_M20_s124",300,0.7,0,124,FALSE,1,2.52814191343645,1.4595292060366,1411.64233957853,0.189202575532442,""
"bace","rubin_types_mixed_BM_l0.7_r0_mcar0.3_n300_M20_s125",300,0.7,0,125,FALSE,1,1.26607584416771,2.01959170582647,1302.02789238469,0.194155522535909,""
"bace","rubin_types_mixed_BM_l0.7_r0_mcar0.3_n300_M20_s126",300,0.7,0,126,FALSE,1,0.158509539427868,1.43224161528126,1600,0.20604259534423,""
"bace","rubin_types_mixed_BM_l0.7_r0_mcar0.3_n300_M20_s127",300,0.7,0,127,FALSE,1,0.134788977935659,1.83014279825121,1315.84756205228,0.107974244675582,""
"bace","rubin_types_mixed_BM_l0.7_r0_mcar0.3_n300_M20_s128",300,0.7,0,128,TRUE,1,0.163024399825553,1.03253062147043,1097.2076043706,0.296681525507677,""
"bace","rubin_types_mixed_BM_l0.7_r0_mcar0.3_n300_M20_s129",300,0.7,0,129,FALSE,1,0.0555555555555555,2.84986375012297,1600,0.138682516097078,""
"bace","rubin_types_mixed_BM_l0.7_r0_mcar0.3_n300_M20_s130",300,0.7,0,130,FALSE,1,0.428571428571429,1.284448286337,1600,0.210995542347697,""
"bace","rubin_types_mixed_BM_l0.7_r0_mcar0.3_n300_M20_s131",300,0.7,0,131,FALSE,1,0.0909090909090909,1.43819104967218,1041.34144692735,0.29024269440317,""
"bace","rubin_types_mixed_BM_l0.7_r0_mcar0.3_n300_M20_s132",300,0.7,0,132,FALSE,1,1,1.47950999564346,1106.55935253106,0.20455671124319,""
"bace","rubin_types_mixed_BM_l0.7_r0_mcar0.3_n300_M20_s133",300,0.7,0,133,FALSE,1,0.304175312775336,2.10899649813242,1479.66507410809,0.0534918276374443,""
"bace","rubin_types_mixed_BM_l0.7_r0_mcar0.3_n300_M20_s134",300,0.7,0,134,TRUE,1,1.25035233129556,2.89091104707507,1600,0.133234274393264,""
"bace","rubin_types_mixed_BM_l0.7_r0_mcar0.3_n300_M20_s135",300,0.7,0,135,FALSE,1,0.2,2.66381382470699,1392.72425602414,0.238236750866766,""
"bace","rubin_types_mixed_BM_l0.7_r0_mcar0.3_n300_M20_s136",300,0.7,0,136,FALSE,1,0.428571428571428,1.47249113942411,1339.21829078078,0.166419019316493,""
"bace","rubin_types_mixed_BM_l0.7_r0_mcar0.3_n300_M20_s137",300,0.7,0,137,FALSE,1,0.294117647058824,2.5189623733308,1382.05923140783,0.129482071713147,"cat3: dropped 1 empty level(s)"
"bace","rubin_types_mixed_BM_l0.7_r0_mcar0.3_n300_M20_s138",300,0.7,0,138,FALSE,1,0.636363636363636,2.04088700320165,1430.70393971045,0.142149578999505,""
"bace","rubin_types_mixed_BM_l0.7_r0_mcar0.3_n300_M20_s139",300,0.7,0,139,FALSE,1,3.5729353402758,1.07801915128557,1410.91170080939,0.12184249628529,""
"bace","rubin_types_mixed_BM_l0.7_r0_mcar0.3_n300_M20_s140",300,0.7,0,140,FALSE,1,0.142857142857143,1.38762937617227,1472.40081080274,0.192174343734522,""
"bace","rubin_types_mixed_BM_l0.7_r0_mcar0.3_n300_M20_s141",300,0.7,0,141,FALSE,1,0.903236072738207,1.09637451848267,1474.68386243811,0.105002476473502,""
"bace","rubin_types_mixed_BM_l0.7_r0_mcar0.3_n300_M20_s142",300,0.7,0,142,FALSE,1,0.333333333333333,2.55994009184614,1330.96792880331,0.147102526002972,""
"bace","rubin_types_mixed_BM_l0.7_r0_mcar0.3_n300_M20_s143",300,0.7,0,143,FALSE,1,1111111.11111111,1.12133758328753,1328.36560276453,0.264982664685488,""
"bace","rubin_types_mixed_BM_l0.7_r0_mcar0.3_n300_M20_s144",300,0.7,0,144,FALSE,1,2,16.9071079941001,1600,0.00396235760277365,""
"bace","rubin_types_mixed_BM_l0.7_r0_mcar0.3_n300_M20_s145",300,0.7,0,145,FALSE,1,1.5,0.948714252088402,1303.89667322094,0.382367508667657,""
"bace","rubin_types_mixed_BM_l0.7_r0_mcar0.3_n300_M20_s146",300,0.7,0,146,FALSE,1,0.111111111111111,1.53372946971234,1600,0.1654284299158,""
"bace","rubin_types_mixed_BM_l0.7_r0_mcar0.3_n300_M20_s147",300,0.7,0,147,TRUE,1,0.107142857142857,1.98200394589768,1387.78015897055,0.24665676077266,""
"bace","rubin_types_mixed_BM_l0.7_r0_mcar0.3_n300_M20_s148",300,0.7,0,148,FALSE,1,0.0542912778987411,2.11899321601779,1341.475543807,0.279346210995542,""
"bace","rubin_types_mixed_BM_l0.7_r0_mcar0.3_n300_M20_s149",300,0.7,0,149,FALSE,1,0.5,2.14092663757266,1597.53678206473,0.0351659237246161,""
"bace","rubin_types_mixed_BM_l0.7_r0_mcar0.3_n300_M20_s150",300,0.7,0,150,TRUE,1,1.11528050001598,1.63634008040339,1239.80501733139,0.273402674591382,""
"bace","rubin_types_mixed_BM_l0.7_r0_mcar0.3_n300_M20_s151",300,0.7,0,151,FALSE,1,1,1.16107327208613,1205.22309696657,0.352272727272727,"ord: dropped 1 empty level(s)"
"bace","rubin_types_mixed_BM_l0.7_r0_mcar0.3_n300_M20_s152",300,0.7,0,152,FALSE,1,0.665305549972709,1.67715083206743,1462.06020320467,0.045567112431897,""
"bace","rubin_types_mixed_BM_l0.7_r0_mcar0.3_n300_M20_s153",300,0.7,0,153,FALSE,1,0.404691324045904,1.87102156677046,1431.12918609449,0.248637939574047,""
"bace","rubin_types_mixed_BM_l0.7_r0_mcar0.3_n300_M20_s154",300,0.7,0,154,FALSE,1,1.31096593964547,1.35261805383376,1438.26616601551,0.134720158494304,""
"bace","rubin_types_mixed_BM_l0.7_r0_mcar0.3_n300_M20_s155",300,0.7,0,155,FALSE,1,0.224066455089877,1.05047954672622,1470.58620927049,0.192174343734522,""
"bace","rubin_types_mixed_BM_l0.7_r0_mcar0.3_n300_M20_s156",300,0.7,0,156,TRUE,1,0.109052288028563,0.817357489915094,1418.96382162616,0.243189697870233,""
"bace","rubin_types_mixed_BM_l0.7_r0_mcar0.3_n300_M20_s157",300,0.7,0,157,TRUE,1,0.304812834224599,1.86628748470604,1600,0.0609212481426449,""
"bace","rubin_types_mixed_BM_l0.7_r0_mcar0.3_n300_M20_s158",300,0.7,0,158,TRUE,1,0.0483870967741935,2.38524621292963,1437.72240364433,0.198117880138683,""
"bace","rubin_types_mixed_BM_l0.7_r0_mcar0.3_n300_M20_s159",300,0.7,0,159,FALSE,1,0.238343947486673,1.76509683068599,1283.99293211781,0.134224863793957,""
"bace","rubin_types_mixed_BM_l0.7_r0_mcar0.3_n300_M20_s160",300,0.7,0,160,FALSE,1,0.0900419019851585,1.08971078536586,1370.67799950589,0.16988608221892,""
"bace","rubin_types_mixed_BM_l0.7_r0_mcar0.3_n300_M20_s161",300,0.7,0,161,TRUE,1,1.11655646081485,1.97193560507844,1401.61416744237,0.211490837048044,""
"bace","rubin_types_mixed_BM_l0.7_r0_mcar0.3_n300_M20_s162",300,0.7,0,162,TRUE,1,0.285714285714286,1.47658036844249,1071.76432830926,0.306587419514611,""
"bace","rubin_types_mixed_BM_l0.7_r0_mcar0.3_n300_M20_s163",300,0.7,0,163,FALSE,1,0.461538461538462,1.91900377133462,1290.22366340119,0.21198613174839,""
"bace","rubin_types_mixed_BM_l0.7_r0_mcar0.3_n300_M20_s164",300,0.7,0,164,TRUE,1,0.573328669551174,0.618839791814299,1357.82927968819,0.376423972263497,""
"bace","rubin_types_mixed_BM_l0.7_r0_mcar0.3_n300_M20_s165",300,0.7,0,165,FALSE,1,0.0930232558139535,1.56738221813461,1406.58688167201,0.134720158494304,""
"bace","rubin_types_mixed_BM_l0.7_r0_mcar0.3_n300_M20_s166",300,0.7,0,166,FALSE,1,0.571493850103236,1.42603804355744,1455.44731716155,0.205547300643883,""
"bace","rubin_types_mixed_BM_l0.7_r0_mcar0.3_n300_M20_s167",300,0.7,0,167,FALSE,1,0.181818181818182,1.105267793655,1281.51715762008,0.187716691431402,""
"bace","rubin_types_mixed_BM_l0.7_r0_mcar0.3_n300_M20_s168",300,0.7,0,168,FALSE,1,0.333333333333333,2.07759239191889,1470.26692632465,0.197622585438336,""
"bace","rubin_types_mixed_BM_l0.7_r0_mcar0.3_n300_M20_s169",300,0.7,0,169,TRUE,1,0.0350877192982456,1.87750023933508,1575.78264710402,0.033680039623576,""
"bace","rubin_types_mixed_BM_l0.7_r0_mcar0.3_n300_M20_s170",300,0.7,0,170,TRUE,1,0.37402793487521,1.45241913006325,1086.47008310062,0.381376919266964,""
"bace","rubin_types_mixed_BM_l0.7_r0_mcar0.3_n300_M20_s171",300,0.7,0,171,FALSE,1,0.0677966101694915,1.79155618550113,1482.00704732275,0.193660227835562,""
"bace","rubin_types_mixed_BM_l0.7_r0_mcar0.3_n300_M20_s172",300,0.7,0,172,FALSE,1,0.666666666666667,1.8541690275973,1475.1005112038,0.266468548786528,""
"bace","rubin_types_mixed_BM_l0.7_r0_mcar0.3_n300_M20_s173",300,0.7,0,173,TRUE,1,0.285714285714286,2.22903694612973,1600,0.135710747894998,""
"bace","rubin_types_mixed_BM_l0.7_r0_mcar0.3_n300_M20_s174",300,0.7,0,174,FALSE,1,0.2,1.55920245215986,1399.48538233066,0.204061416542843,""
"bace","rubin_types_mixed_BM_l0.7_r0_mcar0.3_n300_M20_s175",300,0.7,0,175,TRUE,1,0.333333333333333,1.70164285837878,1389.98170952216,0.108964834076275,""
"bace","rubin_types_mixed_BM_l0.7_r0_mcar0.3_n300_M20_s176",300,0.7,0,176,TRUE,1,0.517303497615289,0.893889018617196,1338.28246499204,0.334819217434373,""
"bace","rubin_types_mixed_BM_l0.7_r0_mcar0.3_n300_M20_s177",300,0.7,0,177,FALSE,1,0.5,1.46858724659608,1426.95272307281,0.20455671124319,""
"bace","rubin_types_mixed_BM_l0.7_r0_mcar0.3_n300_M20_s178",300,0.7,0,178,TRUE,1,0.0423894538807197,1.91253406279696,1475.188092689,0.215139442231076,"cat3: dropped 1 empty level(s)"
"bace","rubin_types_mixed_BM_l0.7_r0_mcar0.3_n300_M20_s179",300,0.7,0,179,FALSE,1,0.0952380952380954,1.87910995801561,1401.89648359181,0.227340267459138,""
"bace","rubin_types_mixed_BM_l0.7_r0_mcar0.3_n300_M20_s180",300,0.7,0,180,FALSE,1,0.489935120336249,2.55570054428748,1441.33952845869,0.0965824665676077,""
"bace","rubin_types_mixed_BM_l0.7_r0_mcar0.3_n300_M20_s181",300,0.7,0,181,FALSE,1,0.0833333333333334,2.06109768525067,1351.23062132155,0.116889549281823,""
"bace","rubin_types_mixed_BM_l0.7_r0_mcar0.3_n300_M20_s182",300,0.7,0,182,TRUE,1,0.131578947368421,1.64028436117101,1374.48479779538,0.288261515601783,""
"bace","rubin_types_mixed_BM_l0.7_r0_mcar0.3_n300_M20_s183",300,0.7,0,183,FALSE,1,1,1.08439936622589,1447.17724383848,0.110946012877662,""
"bace","rubin_types_mixed_BM_l0.7_r0_mcar0.3_n300_M20_s184",300,0.7,0,184,FALSE,1,0.5,1.25462254218591,1350.84005456762,0.20901436354631,""
"bace","rubin_types_mixed_BM_l0.7_r0_mcar0.3_n300_M20_s185",300,0.7,0,185,TRUE,1,0.109917960470299,0.977842087451624,1600,0.12778603268945,""
"bace","rubin_types_mixed_BM_l0.7_r0_mcar0.3_n300_M20_s186",300,0.7,0,186,FALSE,1,0.5,1.94211152403189,1600,0.146082337317397,"cat3: dropped 1 empty level(s)"
"bace","rubin_types_mixed_BM_l0.7_r0_mcar0.3_n300_M20_s187",300,0.7,0,187,FALSE,1,0.4,1.544973398735,1572.41203070488,0.185240217929668,""
"bace","rubin_types_mixed_BM_l0.7_r0_mcar0.3_n300_M20_s188",300,0.7,0,188,FALSE,1,0.75,1.43022245602707,1600,0.125309559187717,""
"bace","rubin_types_mixed_BM_l0.7_r0_mcar0.3_n300_M20_s189",300,0.7,0,189,TRUE,1,0.83818765671751,1.32736491928534,1319.91434015263,0.212481426448737,""
"bace","rubin_types_mixed_BM_l0.7_r0_mcar0.3_n300_M20_s190",300,0.7,0,190,FALSE,1,1,2.52440244919356,1464.08908724805,0.053987122337791,""
"bace","rubin_types_mixed_BM_l0.7_r0_mcar0.3_n300_M20_s191",300,0.7,0,191,TRUE,1,0.105097330367435,0.86935980852049,441.791566732192,0.475978207033185,""
"bace","rubin_types_mixed_BM_l0.7_r0_mcar0.3_n300_M20_s192",300,0.7,0,192,TRUE,1,1.07560853875025,1.5852817686257,1548.35433998673,0.187716691431402,""
"bace","rubin_types_mixed_BM_l0.7_r0_mcar0.3_n300_M20_s193",300,0.7,0,193,FALSE,1,0.214354917735607,2.22030462133789,1379.71280695175,0.123823675086677,""
"bace","rubin_types_mixed_BM_l0.7_r0_mcar0.3_n300_M20_s194",300,0.7,0,194,FALSE,1,4.08479817606863,1.05573131651162,1439.06520703776,0.220901436354631,""
"bace","rubin_types_mixed_BM_l0.7_r0_mcar0.3_n300_M20_s195",300,0.7,0,195,FALSE,1,0.666666666666667,1.18100832885233,1481.93385580324,0.125309559187717,""
"bace","rubin_types_mixed_BM_l0.7_r0_mcar0.3_n300_M20_s196",300,0.7,0,196,TRUE,1,0.117647058823529,2.35942413582007,1405.06687842852,0.195641406636949,""
"bace","rubin_types_mixed_BM_l0.7_r0_mcar0.3_n300_M20_s197",300,0.7,0,197,FALSE,1,0.75,2.23532896862228,1600,0.109955423476969,""
"bace","rubin_types_mixed_BM_l0.7_r0_mcar0.3_n300_M20_s198",300,0.7,0,198,FALSE,1,0.2,0.888175712160705,1376.2254157563,0.187221396731055,""
"bace","rubin_types_mixed_BM_l0.7_r0_mcar0.3_n300_M20_s199",300,0.7,0,199,TRUE,1,0.0666666666666668,3.22343393351861,1486.58430263087,0.128281327389797,""
"bace","rubin_types_mixed_BM_l0.7_r0_mcar0.3_n300_M20_s200",300,0.7,0,200,TRUE,1,0.0782312925170068,1.08540627743218,1310.86467901352,0.227835562159485,""
"bace","rubin_types_mixed_BM_l0.7_r0.5_mcar0.3_n100_M20_s1",100,0.7,0.5,1,FALSE,1,1,0.898586859634632,54.8602134904455,0.532937097573056,""
"bace","rubin_types_mixed_BM_l0.7_r0.5_mcar0.3_n100_M20_s10",100,0.7,0.5,10,FALSE,1,1,1.85960642695489,190.24760410708,0.477464091134225,""
"bace","rubin_types_mixed_BM_l0.7_r0.5_mcar0.3_n100_M20_s100",100,0.7,0.5,100,FALSE,1,1,1.43285064996189,577.633017319584,0.464091134224864,""
"bace","rubin_types_mixed_BM_l0.7_r0.5_mcar0.3_n100_M20_s101",100,0.7,0.5,101,FALSE,1,0.442259238184225,1.40424856798645,505.04088587801,0.450718177315503,""
"bace","rubin_types_mixed_BM_l0.7_r0.5_mcar0.3_n100_M20_s102",100,0.7,0.5,102,FALSE,1,0.95864515271795,1.29195060951563,113.470690828607,0.494304110946013,""
"bace","rubin_types_mixed_BM_l0.7_r0.5_mcar0.3_n100_M20_s103",100,0.7,0.5,103,FALSE,1,0.230769230769231,1.11873182878881,867.375907286672,0.437345220406142,""
"bace","rubin_types_mixed_BM_l0.7_r0.5_mcar0.3_n100_M20_s104",100,0.7,0.5,104,TRUE,1,0.214285714285714,1.59781489351799,360.011352987371,0.478949975235265,""
"bace","rubin_types_mixed_BM_l0.7_r0.5_mcar0.3_n100_M20_s105",100,0.7,0.5,105,FALSE,1,0.2,2.09679178718649,1374.6510051382,0.332669322709163,"cat3: dropped 1 empty level(s)"
"bace","rubin_types_mixed_BM_l0.7_r0.5_mcar0.3_n100_M20_s106",100,0.7,0.5,106,FALSE,1,10.6447366665163,1.41290692524286,481.656515586853,0.467532467532468,"ord: dropped 1 empty level(s)"
"bace","rubin_types_mixed_BM_l0.7_r0.5_mcar0.3_n100_M20_s107",100,0.7,0.5,107,FALSE,1,0.778950106675178,1.62520693824661,752.547556154021,0.404160475482912,""
"bace","rubin_types_mixed_BM_l0.7_r0.5_mcar0.3_n100_M20_s108",100,0.7,0.5,108,FALSE,1,1.1879359210536,1.74970761316389,189.130890839251,0.478454680534918,""
"bace","rubin_types_mixed_BM_l0.7_r0.5_mcar0.3_n100_M20_s109",100,0.7,0.5,109,FALSE,1,0.861242470120264,1.35968337242954,496.387690257536,0.45715700842001,""
"bace","rubin_types_mixed_BM_l0.7_r0.5_mcar0.3_n100_M20_s11",100,0.7,0.5,11,FALSE,1,0.5,1.2834286834943,398.228965575443,0.471025260029718,""
"bace","rubin_types_mixed_BM_l0.7_r0.5_mcar0.3_n100_M20_s110",100,0.7,0.5,110,FALSE,1,0.627094817662895,1.5747021410239,258.905805422584,0.488360574541852,""
"bace","rubin_types_mixed_BM_l0.7_r0.5_mcar0.3_n100_M20_s111",100,0.7,0.5,111,TRUE,1,0.626524254735689,1.47010543242507,159.715920547107,0.488360574541852,""
"bace","rubin_types_mixed_BM_l0.7_r0.5_mcar0.3_n100_M20_s112",100,0.7,0.5,112,TRUE,1,0.734586963467058,0.969699907258247,92.7824422125681,0.50222882615156,""
"bace","rubin_types_mixed_BM_l0.7_r0.5_mcar0.3_n100_M20_s113",100,0.7,0.5,113,FALSE,1,0.3128508647766,0.932893611757135,34.6561293833084,0.540366518078257,""
"bace","rubin_types_mixed_BM_l0.7_r0.5_mcar0.3_n100_M20_s114",100,0.7,0.5,114,FALSE,1,0.2,1.34095158020155,1107.99438572855,0.46310054482417,""
"bace","rubin_types_mixed_BM_l0.7_r0.5_mcar0.3_n100_M20_s115",100,0.7,0.5,115,FALSE,1,0.536698441410095,1.42335060219853,546.908088102881,0.477464091134225,""
"bace","rubin_types_mixed_BM_l0.7_r0.5_mcar0.3_n100_M20_s116",100,0.7,0.5,116,TRUE,1,2,1.45757151330829,544.214093284265,0.448241703813769,""
"bace","rubin_types_mixed_BM_l0.7_r0.5_mcar0.3_n100_M20_s117",100,0.7,0.5,117,FALSE,1,0.0990279996067127,1.14039903825868,304.657148951142,0.474987617632491,""
"bace","rubin_types_mixed_BM_l0.7_r0.5_mcar0.3_n100_M20_s118",100,0.7,0.5,118,FALSE,1,0.349470912638011,1.43071343085906,444.602742744791,0.469539375928678,""
"bace","rubin_types_mixed_BM_l0.7_r0.5_mcar0.3_n100_M20_s119",100,0.7,0.5,119,FALSE,1,0.871435880288743,1.59141619131972,720.817316227099,0.451708766716196,""
"bace","rubin_types_mixed_BM_l0.7_r0.5_mcar0.3_n100_M20_s12",100,0.7,0.5,12,FALSE,1,0.675037274956844,1.53708675002244,555.350513803136,0.473006438831104,""
"bace","rubin_types_mixed_BM_l0.7_r0.5_mcar0.3_n100_M20_s120",100,0.7,0.5,120,FALSE,1,1.24638433510171,1.10261725238853,897.98022339681,0.398216939078752,""
"bace","rubin_types_mixed_BM_l0.7_r0.5_mcar0.3_n100_M20_s13",100,0.7,0.5,13,FALSE,1,3333333.33333333,1.54534081741303,38.1910327879005,0.516592372461615,""
"bace","rubin_types_mixed_BM_l0.7_r0.5_mcar0.3_n100_M20_s14",100,0.7,0.5,14,TRUE,1,0.222222222222222,1.48187326170217,438.281845490076,0.465081723625557,""
"bace","rubin_types_mixed_BM_l0.7_r0.5_mcar0.3_n100_M20_s15",100,0.7,0.5,15,TRUE,1,0.5,2.02809915608131,665.633920198153,0.453689945517583,""
"bace","rubin_types_mixed_BM_l0.7_r0.5_mcar0.3_n100_M20_s16",100,0.7,0.5,16,FALSE,1,0.5,1.01388669870592,912.275776682262,0.442895086321381,"cat3: dropped 1 empty level(s)"
"bace","rubin_types_mixed_BM_l0.7_r0.5_mcar0.3_n100_M20_s17",100,0.7,0.5,17,FALSE,1,0.5,1.28151516272502,1157.94829410721,0.417038137691927,""
"bace","rubin_types_mixed_BM_l0.7_r0.5_mcar0.3_n100_M20_s18",100,0.7,0.5,18,FALSE,1,0.452086050164575,1.4688796760169,336.900029560659,0.478949975235265,""
"bace","rubin_types_mixed_BM_l0.7_r0.5_mcar0.3_n100_M20_s19",100,0.7,0.5,19,FALSE,1,0.125,1.30153086477369,609.829365644509,0.471025260029718,""
"bace","rubin_types_mixed_BM_l0.7_r0.5_mcar0.3_n100_M20_s2",100,0.7,0.5,2,TRUE,1,0.329780812747113,1.44901167947612,239.340516449907,0.487369985141159,""
"bace","rubin_types_mixed_BM_l0.7_r0.5_mcar0.3_n100_M20_s20",100,0.7,0.5,20,FALSE,1,0.111111111111111,1.30374618723675,100.829482432294,0.499752352649827,""
"bace","rubin_types_mixed_BM_l0.7_r0.5_mcar0.3_n100_M20_s21",100,0.7,0.5,21,FALSE,1,0.615761386920037,1.89747290154073,907.195524907295,0.389796929172858,""
"bace","rubin_types_mixed_BM_l0.7_r0.5_mcar0.3_n100_M20_s22",100,0.7,0.5,22,FALSE,1,0.2,1.15607119432276,549.821752725651,0.472015849430411,""
"bace","rubin_types_mixed_BM_l0.7_r0.5_mcar0.3_n100_M20_s23",100,0.7,0.5,23,FALSE,1,0.125,1.88124332741209,1073.43951679579,0.467558197127291,""
"bace","rubin_types_mixed_BM_l0.7_r0.5_mcar0.3_n100_M20_s24",100,0.7,0.5,24,TRUE,1,0.1826920328492,1.686087311919,651.958368006054,0.453194650817236,""
"bace","rubin_types_mixed_BM_l0.7_r0.5_mcar0.3_n100_M20_s25",100,0.7,0.5,25,FALSE,1,0.333333333333333,1.90873688692708,785.86912409681,0.432392273402675,""
"bace","rubin_types_mixed_BM_l0.7_r0.5_mcar0.3_n100_M20_s26",100,0.7,0.5,26,FALSE,1,0.333333333333333,1.95312276433166,647.372039842814,0.439326399207528,""
"bace","rubin_types_mixed_BM_l0.7_r0.5_mcar0.3_n100_M20_s27",100,0.7,0.5,27,FALSE,1,0.405153048309316,1.13438426673559,191.269075808315,0.487369985141159,""
"bace","rubin_types_mixed_BM_l0.7_r0.5_mcar0.3_n100_M20_s28",100,0.7,0.5,28,FALSE,1,0.5,1.73735891309316,484.914507189856,0.471520554730064,""
"bace","rubin_types_mixed_BM_l0.7_r0.5_mcar0.3_n100_M20_s29",100,0.7,0.5,29,FALSE,1,0.333333333333333,1.79222654703443,301.799176440208,0.470034670629024,""
"bace","rubin_types_mixed_BM_l0.7_r0.5_mcar0.3_n100_M20_s3",100,0.7,0.5,3,TRUE,1,0.162345519063289,1.64701130916192,736.584349475843,0.45418524021793,""
"bace","rubin_types_mixed_BM_l0.7_r0.5_mcar0.3_n100_M20_s30",100,0.7,0.5,30,FALSE,1,1,1.02900139810744,206.627872512129,0.483407627538385,""
"bace","rubin_types_mixed_BM_l0.7_r0.5_mcar0.3_n100_M20_s31",100,0.7,0.5,31,FALSE,1,1,1.92636890015269,856.2567370123,0.46161466072313,""
"bace","rubin_types_mixed_BM_l0.7_r0.5_mcar0.3_n100_M20_s32",100,0.7,0.5,32,FALSE,1,0.235294117647059,1.63417712810084,289.667635340106,0.481921743437345,""
"bace","rubin_types_mixed_BM_l0.7_r0.5_mcar0.3_n100_M20_s33",100,0.7,0.5,33,FALSE,1,0.333333333333333,1.46310423121587,587.072626357978,0.453194650817236,""
"bace","rubin_types_mixed_BM_l0.7_r0.5_mcar0.3_n100_M20_s34",100,0.7,0.5,34,FALSE,1,0.333333333333333,1.66884482427047,801.735185685387,0.46012877662209,""
"bace","rubin_types_mixed_BM_l0.7_r0.5_mcar0.3_n100_M20_s35",100,0.7,0.5,35,FALSE,1,1,1.35506471446399,1075.91433456131,0.422981674096087,""
"bace","rubin_types_mixed_BM_l0.7_r0.5_mcar0.3_n100_M20_s36",100,0.7,0.5,36,FALSE,1,0.620624215104968,1.38532167496655,566.200810345912,0.437345220406142,""
"bace","rubin_types_mixed_BM_l0.7_r0.5_mcar0.3_n100_M20_s37",100,0.7,0.5,37,FALSE,1,1.15471989236921,1.67467976694275,451.917539058939,0.472015849430411,""
"bace","rubin_types_mixed_BM_l0.7_r0.5_mcar0.3_n100_M20_s38",100,0.7,0.5,38,FALSE,1,0.96551724137931,0.942998652585681,16.9207143735821,0.58008658008658,"ord: dropped 1 empty level(s)"
"bace","rubin_types_mixed_BM_l0.7_r0.5_mcar0.3_n100_M20_s39",100,0.7,0.5,39,FALSE,1,1,1.46457138930706,464.91278966457,0.462605250123824,""
"bace","rubin_types_mixed_BM_l0.7_r0.5_mcar0.3_n100_M20_s4",100,0.7,0.5,4,FALSE,1,0.616226569317741,1.98612291689179,892.396561969352,0.451708766716196,""
"bace","rubin_types_mixed_BM_l0.7_r0.5_mcar0.3_n100_M20_s40",100,0.7,0.5,40,TRUE,1,0.0555555555555555,1.8161991693777,243.638585676926,0.477959385834572,""
"bace","rubin_types_mixed_BM_l0.7_r0.5_mcar0.3_n100_M20_s41",100,0.7,0.5,41,FALSE,1,0.015204361833765,1.65190701023253,1458.57494377011,0.296812749003984,"cat3: dropped 1 empty level(s)"
"bace","rubin_types_mixed_BM_l0.7_r0.5_mcar0.3_n100_M20_s42",100,0.7,0.5,42,FALSE,1,3.44655612755863,0.980702619014654,26.6533719520251,0.598811292719168,""
"bace","rubin_types_mixed_BM_l0.7_r0.5_mcar0.3_n100_M20_s43",100,0.7,0.5,43,FALSE,1,2,1.58673576402488,598.542329480247,0.466072313026251,""
"bace","rubin_types_mixed_BM_l0.7_r0.5_mcar0.3_n100_M20_s44",100,0.7,0.5,44,FALSE,1,0.609185632999145,1.79015820635124,241.99884278091,0.485388806339772,""
"bace","rubin_types_mixed_BM_l0.7_r0.5_mcar0.3_n100_M20_s45",100,0.7,0.5,45,TRUE,1,0.66,0.893137726614308,149.961395110651,0.490341753343239,""
"bace","rubin_types_mixed_BM_l0.7_r0.5_mcar0.3_n100_M20_s46",100,0.7,0.5,46,FALSE,1,20.5896283830792,1.39920829679639,119.523587680034,0.4962852897474,""
"bace","rubin_types_mixed_BM_l0.7_r0.5_mcar0.3_n100_M20_s47",100,0.7,0.5,47,FALSE,1,0.181818181818182,1.19339111948715,394.194140696459,0.482912332838039,""
"bace","rubin_types_mixed_BM_l0.7_r0.5_mcar0.3_n100_M20_s48",100,0.7,0.5,48,FALSE,1,0.285714285714286,1.70335887628406,1042.67484719027,0.436354631005448,""
"bace","rubin_types_mixed_BM_l0.7_r0.5_mcar0.3_n100_M20_s49",100,0.7,0.5,49,FALSE,1,0.585834598199598,1.70360857129424,216.675260546514,0.478454680534918,""
"bace","rubin_types_mixed_BM_l0.7_r0.5_mcar0.3_n100_M20_s5",100,0.7,0.5,5,TRUE,1,0.152175244983522,1.07060248141511,1487.45391083404,0.317397078353254,"cat3: dropped 1 empty level(s)"
"bace","rubin_types_mixed_BM_l0.7_r0.5_mcar0.3_n100_M20_s50",100,0.7,0.5,50,FALSE,1,0.10674051763593,1.25015040419788,298.910884752783,0.479445269935612,""
"bace","rubin_types_mixed_BM_l0.7_r0.5_mcar0.3_n100_M20_s51",100,0.7,0.5,51,FALSE,1,0.333333333333333,1.9259878281134,1394.1036702036,0.371774193548387,"ord: dropped 2 empty level(s);cat3: dropped 1 empty level(s)"
"bace","rubin_types_mixed_BM_l0.7_r0.5_mcar0.3_n100_M20_s52",100,0.7,0.5,52,FALSE,1,0.222222222222222,2.06208805684178,475.267206559179,0.466567607726597,""
"bace","rubin_types_mixed_BM_l0.7_r0.5_mcar0.3_n100_M20_s53",100,0.7,0.5,53,FALSE,1,0.602973711115988,1.88608975427532,126.244889132663,0.488855869242199,""
"bace","rubin_types_mixed_BM_l0.7_r0.5_mcar0.3_n100_M20_s54",100,0.7,0.5,54,FALSE,1,0.285353120232079,1.27374949579211,667.877041229439,0.459633481921743,""
"bace","rubin_types_mixed_BM_l0.7_r0.5_mcar0.3_n100_M20_s55",100,0.7,0.5,55,FALSE,1,0.142857142857143,1.40500869374838,340.347101559204,0.472015849430411,""
"bace","rubin_types_mixed_BM_l0.7_r0.5_mcar0.3_n100_M20_s56",100,0.7,0.5,56,FALSE,1,0.819491887174041,1.34390131261248,121.562223223835,0.495294700346706,""
"bace","rubin_types_mixed_BM_l0.7_r0.5_mcar0.3_n100_M20_s57",100,0.7,0.5,57,FALSE,1,0.169336906397913,1.40242484222563,596.581616932056,0.46310054482417,""
"bace","rubin_types_mixed_BM_l0.7_r0.5_mcar0.3_n100_M20_s58",100,0.7,0.5,58,TRUE,1,1,1.41600014708697,94.9246274705976,0.501082251082251,"ord: dropped 1 empty level(s)"
"bace","rubin_types_mixed_BM_l0.7_r0.5_mcar0.3_n100_M20_s59",100,0.7,0.5,59,FALSE,1,0.224542081227309,1.58985356688439,784.19536815136,0.468053491827637,""
"bace","rubin_types_mixed_BM_l0.7_r0.5_mcar0.3_n100_M20_s6",100,0.7,0.5,6,FALSE,1,6666666.66666667,0.991410013357386,461.354231157634,0.473501733531451,""
"bace","rubin_types_mixed_BM_l0.7_r0.5_mcar0.3_n100_M20_s60",100,0.7,0.5,60,FALSE,1,1.5,1.36351232548553,201.99480649219,0.485388806339772,""
"bace","rubin_types_mixed_BM_l0.7_r0.5_mcar0.3_n100_M20_s61",100,0.7,0.5,61,FALSE,1,0.4,1.64697433085083,589.483428666674,0.470529965329371,""
"bace","rubin_types_mixed_BM_l0.7_r0.5_mcar0.3_n100_M20_s62",100,0.7,0.5,62,FALSE,1,0.545964448815648,1.33290872072029,240.101150040284,0.476968796433878,""
"bace","rubin_types_mixed_BM_l0.7_r0.5_mcar0.3_n100_M20_s63",100,0.7,0.5,63,FALSE,1,1.05171766886227,1.21319047176744,50.4623201759558,0.523031203566122,""
"bace","rubin_types_mixed_BM_l0.7_r0.5_mcar0.3_n100_M20_s64",100,0.7,0.5,64,FALSE,1,0.478777999861044,1.70830447093102,571.330915421951,0.468548786527984,""
"bace","rubin_types_mixed_BM_l0.7_r0.5_mcar0.3_n100_M20_s65",100,0.7,0.5,65,FALSE,1,0.992716891325306,1.88009509063974,458.832232443095,0.472511144130758,""
"bace","rubin_types_mixed_BM_l0.7_r0.5_mcar0.3_n100_M20_s66",100,0.7,0.5,66,FALSE,1,0.18228837621158,1.60160321469378,442.692424643029,0.468548786527984,""
"bace","rubin_types_mixed_BM_l0.7_r0.5_mcar0.3_n100_M20_s67",100,0.7,0.5,67,FALSE,1,0.5,1.15817525078766,677.898434026273,0.452204061416543,""
"bace","rubin_types_mixed_BM_l0.7_r0.5_mcar0.3_n100_M20_s68",100,0.7,0.5,68,FALSE,1,0.111111111111111,1.65208819374547,693.456154620321,0.423476968796434,""
"bace","rubin_types_mixed_BM_l0.7_r0.5_mcar0.3_n100_M20_s69",100,0.7,0.5,69,FALSE,1,0.333333333333333,1.51699322262467,112.64769057599,0.494304110946013,""
"bace","rubin_types_mixed_BM_l0.7_r0.5_mcar0.3_n100_M20_s7",100,0.7,0.5,7,FALSE,1,0.12,0.875001444865687,49.7961324303938,0.530955918771669,""
"bace","rubin_types_mixed_BM_l0.7_r0.5_mcar0.3_n100_M20_s70",100,0.7,0.5,70,FALSE,1,0.4,1.57914622087797,1204.5518582293,0.408618127786033,""
"bace","rubin_types_mixed_BM_l0.7_r0.5_mcar0.3_n100_M20_s71",100,0.7,0.5,71,FALSE,1,0.5,1.61037728158534,183.790354250374,0.481426448736999,""
"bace","rubin_types_mixed_BM_l0.7_r0.5_mcar0.3_n100_M20_s72",100,0.7,0.5,72,FALSE,1,2.3885557509937,2.06203731412225,263.521367938846,0.475482912332838,""
"bace","rubin_types_mixed_BM_l0.7_r0.5_mcar0.3_n100_M20_s73",100,0.7,0.5,73,FALSE,1,0.272727272727273,1.46214209319161,526.199974595208,0.471025260029718,""
"bace","rubin_types_mixed_BM_l0.7_r0.5_mcar0.3_n100_M20_s74",100,0.7,0.5,74,TRUE,1,2.00956412428983,1.88526012348481,457.082984759569,0.46310054482417,""
"bace","rubin_types_mixed_BM_l0.7_r0.5_mcar0.3_n100_M20_s75",100,0.7,0.5,75,FALSE,1,0.2,0.994322351564462,852.658787482127,0.439935064935065,"ord: dropped 1 empty level(s)"
"bace","rubin_types_mixed_BM_l0.7_r0.5_mcar0.3_n100_M20_s76",100,0.7,0.5,76,TRUE,1,0.5,1.28068258759946,42.0554536845112,0.528974739970282,""
"bace","rubin_types_mixed_BM_l0.7_r0.5_mcar0.3_n100_M20_s77",100,0.7,0.5,77,FALSE,1,6666666.66666667,1.27111301773465,47.0410614340751,0.533927686973749,""
"bace","rubin_types_mixed_BM_l0.7_r0.5_mcar0.3_n100_M20_s78",100,0.7,0.5,78,FALSE,1,0.5,1.19074247568652,542.685899022469,0.459138187221397,""
"bace","rubin_types_mixed_BM_l0.7_r0.5_mcar0.3_n100_M20_s79",100,0.7,0.5,79,TRUE,1,0.4,1.64060679555096,903.980094466057,0.448736998514116,""
"bace","rubin_types_mixed_BM_l0.7_r0.5_mcar0.3_n100_M20_s8",100,0.7,0.5,8,FALSE,1,0.272727272727273,1.74142878151746,440.233386974052,0.470034670629024,""
"bace","rubin_types_mixed_BM_l0.7_r0.5_mcar0.3_n100_M20_s80",100,0.7,0.5,80,FALSE,1,0.375,1.17640509815538,54.216321344048,0.537394749876176,""
"bace","rubin_types_mixed_BM_l0.7_r0.5_mcar0.3_n100_M20_s81",100,0.7,0.5,81,FALSE,1,0.8,1.54625304137827,845.648721055623,0.413075780089153,""
"bace","rubin_types_mixed_BM_l0.7_r0.5_mcar0.3_n100_M20_s82",100,0.7,0.5,82,FALSE,1,0.272727272727273,1.50744208693606,1285.15199728345,0.367861885790173,"cat3: dropped 1 empty level(s)"
"bace","rubin_types_mixed_BM_l0.7_r0.5_mcar0.3_n100_M20_s83",100,0.7,0.5,83,FALSE,1,1.15080282907214,1.91901010756302,573.332960813758,0.451708766716196,""
"bace","rubin_types_mixed_BM_l0.7_r0.5_mcar0.3_n100_M20_s84",100,0.7,0.5,84,FALSE,1,0.5,1.8059258672307,604.590720748509,0.456661713719663,""
"bace","rubin_types_mixed_BM_l0.7_r0.5_mcar0.3_n100_M20_s85",100,0.7,0.5,85,FALSE,1,0.25,1.48048343573223,1153.87975988265,0.404160475482912,""
"bace","rubin_types_mixed_BM_l0.7_r0.5_mcar0.3_n100_M20_s86",100,0.7,0.5,86,FALSE,1,0.5,1.12971519835547,17.8182953990086,0.585438335809807,""
"bace","rubin_types_mixed_BM_l0.7_r0.5_mcar0.3_n100_M20_s87",100,0.7,0.5,87,TRUE,1,0.5,1.15991945489637,1179.03167670948,0.380189366351056,"ord: dropped 1 empty level(s);cat3: dropped 1 empty level(s)"
"bace","rubin_types_mixed_BM_l0.7_r0.5_mcar0.3_n100_M20_s88",100,0.7,0.5,88,FALSE,1,3333333.33333333,1.67957947139638,417.290064957101,0.461119366022784,""
"bace","rubin_types_mixed_BM_l0.7_r0.5_mcar0.3_n100_M20_s89",100,0.7,0.5,89,FALSE,1,0.173913043478261,1.09645448988486,461.674910518784,0.476968796433878,""
"bace","rubin_types_mixed_BM_l0.7_r0.5_mcar0.3_n100_M20_s9",100,0.7,0.5,9,FALSE,1,0.666666666666667,1.20674199201087,732.917644306259,0.472511144130758,""
"bace","rubin_types_mixed_BM_l0.7_r0.5_mcar0.3_n100_M20_s90",100,0.7,0.5,90,FALSE,1,0.153846153846154,1.24989330704671,284.849485384294,0.480435859336305,""
"bace","rubin_types_mixed_BM_l0.7_r0.5_mcar0.3_n100_M20_s91",100,0.7,0.5,91,FALSE,1,0.153846153846154,1.77584391308924,1134.98046720773,0.432900432900433,"ord: dropped 1 empty level(s)"
"bace","rubin_types_mixed_BM_l0.7_r0.5_mcar0.3_n100_M20_s92",100,0.7,0.5,92,FALSE,1,0.5,1.72840066858289,1269.06951851061,0.366518078256563,""
"bace","rubin_types_mixed_BM_l0.7_r0.5_mcar0.3_n100_M20_s93",100,0.7,0.5,93,TRUE,1,1.4959978708747,0.583325562539203,36.3255047066228,0.54581475978207,""
"bace","rubin_types_mixed_BM_l0.7_r0.5_mcar0.3_n100_M20_s94",100,0.7,0.5,94,FALSE,1,0.214285714285714,1.49863701651795,223.617412494975,0.467062902426944,""
"bace","rubin_types_mixed_BM_l0.7_r0.5_mcar0.3_n100_M20_s95",100,0.7,0.5,95,TRUE,1,1.86271775159559,1.98304159162209,335.915846177791,0.476968796433878,""
"bace","rubin_types_mixed_BM_l0.7_r0.5_mcar0.3_n100_M20_s96",100,0.7,0.5,96,TRUE,1,0.25,1.17336600592954,837.552634153912,0.447251114413076,""
"bace","rubin_types_mixed_BM_l0.7_r0.5_mcar0.3_n100_M20_s97",100,0.7,0.5,97,FALSE,1,0.25,1.89078577530504,450.147101339807,0.46458642892521,""
"bace","rubin_types_mixed_BM_l0.7_r0.5_mcar0.3_n100_M20_s98",100,0.7,0.5,98,FALSE,1,0.230769230769231,1.51749477166773,812.819672023688,0.450718177315503,""
"bace","rubin_types_mixed_BM_l0.7_r0.5_mcar0.3_n100_M20_s99",100,0.7,0.5,99,FALSE,1,0.5,1.57013559893316,485.390564560811,0.463595839524517,""
"bace","rubin_types_mixed_BM_l0.7_r0.5_mcar0.3_n300_M20_s101",300,0.7,0.5,101,TRUE,1,0.0769230769230768,1.34885686303072,1600,0.0861812778603269,""
"bace","rubin_types_mixed_BM_l0.7_r0.5_mcar0.3_n300_M20_s102",300,0.7,0.5,102,FALSE,1,0.285714285714286,1.71711234027249,1439.9071511052,0.175334323922734,""
"bace","rubin_types_mixed_BM_l0.7_r0.5_mcar0.3_n300_M20_s103",300,0.7,0.5,103,FALSE,1,0.166666666666667,1.88044140913568,1473.75098426099,0.12630014858841,""
"bace","rubin_types_mixed_BM_l0.7_r0.5_mcar0.3_n300_M20_s104",300,0.7,0.5,104,FALSE,1,1,2.89438463254402,1485.22828783845,0.150569588905399,""
"bace","rubin_types_mixed_BM_l0.7_r0.5_mcar0.3_n300_M20_s105",300,0.7,0.5,105,TRUE,1,0.111111111111111,1.19356605654568,1600,0.070827142149579,""
"bace","rubin_types_mixed_BM_l0.7_r0.5_mcar0.3_n300_M20_s106",300,0.7,0.5,106,TRUE,1,0.0476190476190476,2.20013592634087,1046.1546589835,0.320950965824666,""
"bace","rubin_types_mixed_BM_l0.7_r0.5_mcar0.3_n300_M20_s107",300,0.7,0.5,107,FALSE,1,0.0625000000000001,6.26075074444784,1600,0.0950965824665676,""
"bace","rubin_types_mixed_BM_l0.7_r0.5_mcar0.3_n300_M20_s108",300,0.7,0.5,108,TRUE,1,0.378552212015889,3.3341964441693,1568.11409597917,0.20604259534423,""
"bace","rubin_types_mixed_BM_l0.7_r0.5_mcar0.3_n300_M20_s109",300,0.7,0.5,109,FALSE,1,0.555555555555556,2.18349036463402,1435.29400103607,0.208519068845963,""
"bace","rubin_types_mixed_BM_l0.7_r0.5_mcar0.3_n300_M20_s110",300,0.7,0.5,110,TRUE,1,0.105263157894737,2.62742315606953,1600,0.16394254581476,""
"bace","rubin_types_mixed_BM_l0.7_r0.5_mcar0.3_n300_M20_s111",300,0.7,0.5,111,FALSE,1,1,1.86105141569494,1462.03336720269,0.211490837048044,""
"bace","rubin_types_mixed_BM_l0.7_r0.5_mcar0.3_n300_M20_s112",300,0.7,0.5,112,TRUE,1,0.0362893648412146,1.19500217586633,1362.14503707482,0.25111441307578,""
"bace","rubin_types_mixed_BM_l0.7_r0.5_mcar0.3_n300_M20_s113",300,0.7,0.5,113,TRUE,1,0.268591552788396,2.46084649554399,1483.55587481631,0.138682516097078,""
"bace","rubin_types_mixed_BM_l0.7_r0.5_mcar0.3_n300_M20_s114",300,0.7,0.5,114,TRUE,1,0.130163172229606,1.41839739663372,1403.28643526175,0.20752847944527,""
"bace","rubin_types_mixed_BM_l0.7_r0.5_mcar0.3_n300_M20_s115",300,0.7,0.5,115,FALSE,1,0.0800000000000001,0.837356619221656,1594.315504713,0.0970777612679544,""
"bace","rubin_types_mixed_BM_l0.7_r0.5_mcar0.3_n300_M20_s116",300,0.7,0.5,116,TRUE,1,0.333333333333333,1.46249027041647,1423.39501958759,0.12778603268945,""
"bace","rubin_types_mixed_BM_l0.7_r0.5_mcar0.3_n300_M20_s117",300,0.7,0.5,117,TRUE,1,1,1.53794477068304,1524.80790065009,0.126795443288757,""
"bace","rubin_types_mixed_BM_l0.7_r0.5_mcar0.3_n300_M20_s118",300,0.7,0.5,118,FALSE,1,0.1,3.15816825737919,1372.81521401448,0.212976721149084,""
"bace","rubin_types_mixed_BM_l0.7_r0.5_mcar0.3_n300_M20_s119",300,0.7,0.5,119,FALSE,1,1111111.11111111,1.41262494613661,1434.18812557143,0.2481426448737,""
"bace","rubin_types_mixed_BM_l0.7_r0.5_mcar0.3_n300_M20_s120",300,0.7,0.5,120,TRUE,1,0.25,1.54416059357293,1236.83990089206,0.345220406141654,""
"bace","rubin_types_mixed_BM_l0.7_r0.5_mcar0.3_n300_M20_s121",300,0.7,0.5,121,TRUE,1,0.1,0.896526071875789,1484.25617522068,0.132243684992571,""
"bace","rubin_types_mixed_BM_l0.7_r0.5_mcar0.3_n300_M20_s122",300,0.7,0.5,122,TRUE,1,0.468526577598787,2.23915441393242,1558.42330175834,0.176820208023774,""
"bace","rubin_types_mixed_BM_l0.7_r0.5_mcar0.3_n300_M20_s123",300,0.7,0.5,123,FALSE,1,0.495668652229168,0.838138142673645,1600,0.227835562159485,""
"bace","rubin_types_mixed_BM_l0.7_r0.5_mcar0.3_n300_M20_s124",300,0.7,0.5,124,TRUE,1,0.291210888095726,1.43373147505478,1430.28956657274,0.187716691431402,""
"bace","rubin_types_mixed_BM_l0.7_r0.5_mcar0.3_n300_M20_s125",300,0.7,0.5,125,FALSE,1,0.176470588235294,1.88553540271224,1250.96309030232,0.280336800396236,""
"bace","rubin_types_mixed_BM_l0.7_r0.5_mcar0.3_n300_M20_s126",300,0.7,0.5,126,TRUE,1,0.190992920028968,1.03541463291924,1600,0.158989598811293,""
"bace","rubin_types_mixed_BM_l0.7_r0.5_mcar0.3_n300_M20_s127",300,0.7,0.5,127,TRUE,1,0.0339721521386689,1.99015798946554,1552.54377974811,0.0921248142644874,""
"bace","rubin_types_mixed_BM_l0.7_r0.5_mcar0.3_n300_M20_s128",300,0.7,0.5,128,TRUE,1,0.0526315789473684,0.964064217104665,1365.81459757056,0.25260029717682,""
"bace","rubin_types_mixed_BM_l0.7_r0.5_mcar0.3_n300_M20_s129",300,0.7,0.5,129,TRUE,1,0.0714285714285714,0.908617404047512,1600,0.135710747894998,""
"bace","rubin_types_mixed_BM_l0.7_r0.5_mcar0.3_n300_M20_s130",300,0.7,0.5,130,FALSE,1,0.181818181818182,1.05715079176682,1494.95221775191,0.156017830609212,""
"bace","rubin_types_mixed_BM_l0.7_r0.5_mcar0.3_n300_M20_s131",300,0.7,0.5,131,TRUE,1,0.222222222222222,1.46698651821316,1304.02289605164,0.29172857850421,""
"bace","rubin_types_mixed_BM_l0.7_r0.5_mcar0.3_n300_M20_s132",300,0.7,0.5,132,FALSE,1,0.25,2.17198488676609,1395.9034494932,0.198613174839029,""
"bace","rubin_types_mixed_BM_l0.7_r0.5_mcar0.3_n300_M20_s133",300,0.7,0.5,133,FALSE,1,0.076923076923077,1.75386221944767,1483.43231316488,0.133234274393264,""
"bace","rubin_types_mixed_BM_l0.7_r0.5_mcar0.3_n300_M20_s134",300,0.7,0.5,134,TRUE,1,0.0833333333333334,1.85521440531827,1600,0.147597820703318,""
"bace","rubin_types_mixed_BM_l0.7_r0.5_mcar0.3_n300_M20_s135",300,0.7,0.5,135,FALSE,1,0.0873757892296697,2.28186657773412,1502.39572348777,0.186726102030708,""
"bace","rubin_types_mixed_BM_l0.7_r0.5_mcar0.3_n300_M20_s136",300,0.7,0.5,136,TRUE,1,0.166666666666667,1.97478045646843,1416.30595463705,0.221396731054978,""
"bace","rubin_types_mixed_BM_l0.7_r0.5_mcar0.3_n300_M20_s137",300,0.7,0.5,137,TRUE,1,0.289995727189782,1.47710413367536,1083.96859583838,0.233779098563645,""
"bace","rubin_types_mixed_BM_l0.7_r0.5_mcar0.3_n300_M20_s138",300,0.7,0.5,138,FALSE,1,0.166666666666667,2.30072462239967,1453.48046013898,0.205547300643883,""
"bace","rubin_types_mixed_BM_l0.7_r0.5_mcar0.3_n300_M20_s139",300,0.7,0.5,139,FALSE,1,0.500283898833017,4.39373928164044,1488.44083991096,0.0232788509162952,""
"bace","rubin_types_mixed_BM_l0.7_r0.5_mcar0.3_n300_M20_s140",300,0.7,0.5,140,TRUE,1,0.0357142857142858,1.90081394776909,1201.71430799968,0.318969787023279,""
"bace","rubin_types_mixed_BM_l0.7_r0.5_mcar0.3_n300_M20_s141",300,0.7,0.5,141,FALSE,1,0.117647058823529,1.83512193184234,1416.04277323738,0.185240217929668,""
"bace","rubin_types_mixed_BM_l0.7_r0.5_mcar0.3_n300_M20_s142",300,0.7,0.5,142,FALSE,1,0.285042729515942,2.16411153503862,1356.15733740214,0.170876671619614,""
"bace","rubin_types_mixed_BM_l0.7_r0.5_mcar0.3_n300_M20_s143",300,0.7,0.5,143,TRUE,1,0.596135695112684,2.07953829768065,1309.86742604823,0.222882615156018,""
"bace","rubin_types_mixed_BM_l0.7_r0.5_mcar0.3_n300_M20_s144",300,0.7,0.5,144,FALSE,1,1.2416249699757,2.75627693359119,1600,0.0728083209509658,""
"bace","rubin_types_mixed_BM_l0.7_r0.5_mcar0.3_n300_M20_s145",300,0.7,0.5,145,TRUE,1,0.25,1.58999701799382,1419.40751295679,0.241703813769193,""
"bace","rubin_types_mixed_BM_l0.7_r0.5_mcar0.3_n300_M20_s146",300,0.7,0.5,146,FALSE,1,0.142857142857143,1.64998803221849,1548.14054591665,0.235760277365032,""
"bace","rubin_types_mixed_BM_l0.7_r0.5_mcar0.3_n300_M20_s147",300,0.7,0.5,147,FALSE,1,0.25,2.10866804613118,1552.36374360634,0.220406141654284,""
"bace","rubin_types_mixed_BM_l0.7_r0.5_mcar0.3_n300_M20_s148",300,0.7,0.5,148,TRUE,1,0.0967741935483871,1.5636774770666,1299.01660368998,0.29024269440317,""
"bace","rubin_types_mixed_BM_l0.7_r0.5_mcar0.3_n300_M20_s149",300,0.7,0.5,149,TRUE,1,0.0408163265306121,1.13300425529138,1443.88538794459,0.249133234274393,""
"bace","rubin_types_mixed_BM_l0.7_r0.5_mcar0.3_n300_M20_s150",300,0.7,0.5,150,TRUE,1,0.25,2.56734860265631,1494.58878591331,0.207033184744923,""
"bace","rubin_types_mixed_BM_l0.7_r0.5_mcar0.3_n300_M20_s151",300,0.7,0.5,151,TRUE,1,0.00867425586284,1.64023009703125,1455.27914317613,0.228826151560178,""
"bace","rubin_types_mixed_BM_l0.7_r0.5_mcar0.3_n300_M20_s152",300,0.7,0.5,152,FALSE,1,1,1.66355016220121,1483.4548032023,0.156017830609212,""
"bace","rubin_types_mixed_BM_l0.7_r0.5_mcar0.3_n300_M20_s153",300,0.7,0.5,153,FALSE,1,0.263047232235905,1.98020393549988,1579.20406202959,0.277365032194156,""
"bace","rubin_types_mixed_BM_l0.7_r0.5_mcar0.3_n300_M20_s154",300,0.7,0.5,154,FALSE,1,1111111.11111111,3.12401006184432,1600,0.0772659732540862,""
"bace","rubin_types_mixed_BM_l0.7_r0.5_mcar0.3_n300_M20_s155",300,0.7,0.5,155,TRUE,1,0.0169491525423728,2.26434418483116,1429.12126424669,0.128281327389797,""
"bace","rubin_types_mixed_BM_l0.7_r0.5_mcar0.3_n300_M20_s156",300,0.7,0.5,156,TRUE,1,0.0344827586206895,1.38063363401327,1475.99919158535,0.145616641901932,""
"bace","rubin_types_mixed_BM_l0.7_r0.5_mcar0.3_n300_M20_s157",300,0.7,0.5,157,TRUE,1,0.0952380952380951,3.1578895066381,1596.34277949102,0.091134224863794,""
"bace","rubin_types_mixed_BM_l0.7_r0.5_mcar0.3_n300_M20_s158",300,0.7,0.5,158,TRUE,1,0.0357142857142858,1.22640417658389,1422.48735413268,0.242694403169886,""
"bace","rubin_types_mixed_BM_l0.7_r0.5_mcar0.3_n300_M20_s159",300,0.7,0.5,159,TRUE,1,0.0431893687707641,0.946378412623463,1370.53235796233,0.33234274393264,""
"bace","rubin_types_mixed_BM_l0.7_r0.5_mcar0.3_n300_M20_s160",300,0.7,0.5,160,TRUE,1,0.0878416374606529,1.89070721211519,1192.36480251733,0.247152055473006,""
"bace","rubin_types_mixed_BM_l0.7_r0.5_mcar0.3_n300_M20_s161",300,0.7,0.5,161,FALSE,1,0.333333333333333,1.91147998555016,1473.48195085914,0.122833085685983,""
"bace","rubin_types_mixed_BM_l0.7_r0.5_mcar0.3_n300_M20_s162",300,0.7,0.5,162,FALSE,1,0.0615384615384615,0.955516390614271,1405.22850204194,0.219415552253591,""
"bace","rubin_types_mixed_BM_l0.7_r0.5_mcar0.3_n300_M20_s163",300,0.7,0.5,163,TRUE,1,0.0736246147003948,2.58383698915282,1468.67007854792,0.101040118870728,""
"bace","rubin_types_mixed_BM_l0.7_r0.5_mcar0.3_n300_M20_s164",300,0.7,0.5,164,TRUE,1,0.75,1.01268609834743,1454.75047784931,0.190688459633482,""
"bace","rubin_types_mixed_BM_l0.7_r0.5_mcar0.3_n300_M20_s165",300,0.7,0.5,165,FALSE,1,0.157894736842105,1.18543698678834,1585.81398238151,0.0832095096582467,""
"bace","rubin_types_mixed_BM_l0.7_r0.5_mcar0.3_n300_M20_s166",300,0.7,0.5,166,FALSE,1,0.333333333333333,1.25419560372728,1600,0.0782565626547796,""
"bace","rubin_types_mixed_BM_l0.7_r0.5_mcar0.3_n300_M20_s167",300,0.7,0.5,167,TRUE,1,0.0599999999999999,1.24052458775625,1463.92027284968,0.186230807330362,""
"bace","rubin_types_mixed_BM_l0.7_r0.5_mcar0.3_n300_M20_s168",300,0.7,0.5,168,FALSE,1,0.423090478541066,2.0320641375921,1488.3620756689,0.130262506191184,""
"bace","rubin_types_mixed_BM_l0.7_r0.5_mcar0.3_n300_M20_s169",300,0.7,0.5,169,TRUE,1,0.0245398773006135,1.01454686787127,1461.69323754845,0.122833085685983,""
"bace","rubin_types_mixed_BM_l0.7_r0.5_mcar0.3_n300_M20_s170",300,0.7,0.5,170,TRUE,1,0.0614928403411032,1.6012417832447,1149.37209464771,0.305596830113918,""
"bace","rubin_types_mixed_BM_l0.7_r0.5_mcar0.3_n300_M20_s171",300,0.7,0.5,171,FALSE,1,0.111111111111111,1.34019062457899,1600,0.190688459633482,""
"bace","rubin_types_mixed_BM_l0.7_r0.5_mcar0.3_n300_M20_s172",300,0.7,0.5,172,TRUE,1,0.0454545454545454,2.53891470502385,1442.61048646219,0.203566121842496,""
"bace","rubin_types_mixed_BM_l0.7_r0.5_mcar0.3_n300_M20_s173",300,0.7,0.5,173,TRUE,1,0.153846153846154,1.30066665144489,1600,0.127290737989104,""
"bace","rubin_types_mixed_BM_l0.7_r0.5_mcar0.3_n300_M20_s174",300,0.7,0.5,174,TRUE,1,0.133333333333333,1.80130230576915,1394.00551807186,0.280832095096582,""
"bace","rubin_types_mixed_BM_l0.7_r0.5_mcar0.3_n300_M20_s175",300,0.7,0.5,175,TRUE,1,0.064516129032258,2.78903155876884,1417.56946791202,0.17137196631996,""
"bace","rubin_types_mixed_BM_l0.7_r0.5_mcar0.3_n300_M20_s176",300,0.7,0.5,176,FALSE,1,0.12,1.35767971733423,1359.67586560678,0.271916790490342,""
"bace","rubin_types_mixed_BM_l0.7_r0.5_mcar0.3_n300_M20_s177",300,0.7,0.5,177,TRUE,1,0.0999999999999999,1.16221030334288,1600,0.115403665180783,""
"bace","rubin_types_mixed_BM_l0.7_r0.5_mcar0.3_n300_M20_s178",300,0.7,0.5,178,TRUE,1,0.0263157894736842,1.84726043447013,837.810698159369,0.392768697374938,""
"bace","rubin_types_mixed_BM_l0.7_r0.5_mcar0.3_n300_M20_s179",300,0.7,0.5,179,TRUE,1,0.0483870967741935,2.3094928289291,1313.84091581161,0.313026250619118,""
"bace","rubin_types_mixed_BM_l0.7_r0.5_mcar0.3_n300_M20_s180",300,0.7,0.5,180,FALSE,1,0.259240251847625,2.46993303723857,1435.36546223094,0.191183754333829,""
"bace","rubin_types_mixed_BM_l0.7_r0.5_mcar0.3_n300_M20_s181",300,0.7,0.5,181,FALSE,1,0.334715676503542,2.15655486375505,1400.98054142465,0.196136701337296,""
"bace","rubin_types_mixed_BM_l0.7_r0.5_mcar0.3_n300_M20_s182",300,0.7,0.5,182,TRUE,1,0.0734210484116374,2.30600243759693,1349.48465624005,0.268449727587915,""
"bace","rubin_types_mixed_BM_l0.7_r0.5_mcar0.3_n300_M20_s183",300,0.7,0.5,183,TRUE,1,1,2.57349871956677,1600,0.252988047808765,"cat3: dropped 1 empty level(s)"
"bace","rubin_types_mixed_BM_l0.7_r0.5_mcar0.3_n300_M20_s184",300,0.7,0.5,184,TRUE,1,1,0.873969061620757,1600,0.172857850421,""
"bace","rubin_types_mixed_BM_l0.7_r0.5_mcar0.3_n300_M20_s185",300,0.7,0.5,185,TRUE,1,0.017699949523151,0.916731476607541,1310.36117958184,0.316988608221892,""
"bace","rubin_types_mixed_BM_l0.7_r0.5_mcar0.3_n300_M20_s186",300,0.7,0.5,186,FALSE,1,1,0.847569222670059,1417.69158858557,0.157008420009906,""
"bace","rubin_types_mixed_BM_l0.7_r0.5_mcar0.3_n300_M20_s187",300,0.7,0.5,187,TRUE,1,1111111.11111111,1.48972307265883,1383.65716149251,0.209509658246657,""
"bace","rubin_types_mixed_BM_l0.7_r0.5_mcar0.3_n300_M20_s188",300,0.7,0.5,188,FALSE,1,1,0.717359493526974,1338.97008615261,0.347201584943041,""
"bace","rubin_types_mixed_BM_l0.7_r0.5_mcar0.3_n300_M20_s189",300,0.7,0.5,189,FALSE,1,0.153846153846154,2.56940405246663,1421.24368968543,0.306587419514611,""
"bace","rubin_types_mixed_BM_l0.7_r0.5_mcar0.3_n300_M20_s190",300,0.7,0.5,190,FALSE,1,0.2,1.79333712966157,1482.7734999206,0.153541357107479,""
"bace","rubin_types_mixed_BM_l0.7_r0.5_mcar0.3_n300_M20_s191",300,0.7,0.5,191,TRUE,1,0.114930783557608,0.852864479441312,75.6436658088806,0.507677067855374,""
"bace","rubin_types_mixed_BM_l0.7_r0.5_mcar0.3_n300_M20_s192",300,0.7,0.5,192,TRUE,1,0.0444444444444444,1.15150108191916,1473.99497832972,0.192669638434869,""
"bace","rubin_types_mixed_BM_l0.7_r0.5_mcar0.3_n300_M20_s193",300,0.7,0.5,193,FALSE,1,0.1,2.47635378101493,1473.5492484342,0.161961367013373,""
"bace","rubin_types_mixed_BM_l0.7_r0.5_mcar0.3_n300_M20_s194",300,0.7,0.5,194,TRUE,1,0.413174966294594,1.48274510495314,1600,0.153046062407132,""
"bace","rubin_types_mixed_BM_l0.7_r0.5_mcar0.3_n300_M20_s195",300,0.7,0.5,195,FALSE,1,0.00995112571926929,0.846829647642147,846.403873202491,0.442298167409609,""
"bace","rubin_types_mixed_BM_l0.7_r0.5_mcar0.3_n300_M20_s196",300,0.7,0.5,196,TRUE,1,0.232217726934417,1.62614938382626,1375.96033130061,0.160475482912333,""
"bace","rubin_types_mixed_BM_l0.7_r0.5_mcar0.3_n300_M20_s197",300,0.7,0.5,197,TRUE,1,0.0769230769230768,2.83288354152508,1473.7564284223,0.112927191679049,""
"bace","rubin_types_mixed_BM_l0.7_r0.5_mcar0.3_n300_M20_s198",300,0.7,0.5,198,TRUE,1,0.076923076923077,1.26167512104202,1376.25412721993,0.263496780584448,""
"bace","rubin_types_mixed_BM_l0.7_r0.5_mcar0.3_n300_M20_s199",300,0.7,0.5,199,FALSE,1,0.0833333333333333,1.64275440412478,1600,0.181277860326894,""
"bace","rubin_types_mixed_BM_l0.7_r0.5_mcar0.3_n300_M20_s200",300,0.7,0.5,200,TRUE,1,0.2,0.992374321632329,1464.85664743479,0.174839029222387,""
"bace","rubin_types_mixed_BM_l1_r0_mcar0.3_n100_M20_s157",100,1,0,157,FALSE,1,0.252941176470588,0.986000466787477,787.466499157923,0.463744588744589,"ord: dropped 1 empty level(s)"
"bace","rubin_types_mixed_BM_l1_r0_mcar0.3_n300_M20_s101",300,1,0,101,TRUE,1,0.0187031812770026,2.253581781482,213.598243905941,0.434373452204061,""
"bace","rubin_types_mixed_BM_l1_r0_mcar0.3_n300_M20_s102",300,1,0,102,TRUE,1,0.0666666666666666,1.85741214589729,159.070046783669,0.483225108225108,"ord: dropped 1 empty level(s)"
"bace","rubin_types_mixed_BM_l1_r0_mcar0.3_n300_M20_s103",300,1,0,103,TRUE,1,0.019108280254777,0.840935070541209,208.563497279642,0.454680534918276,""
"bace","rubin_types_mixed_BM_l1_r0_mcar0.3_n300_M20_s104",300,1,0,104,TRUE,1,0.25,1.65687463783755,168.981035196177,0.463595839524517,""
"bace","rubin_types_mixed_BM_l1_r0_mcar0.3_n300_M20_s106",300,1,0,106,FALSE,1,0.126288113993077,1.69894125732141,145.702757107715,0.48538961038961,"ord: dropped 1 empty level(s)"
"bace","rubin_types_mixed_BM_l1_r0_mcar0.3_n300_M20_s107",300,1,0,107,TRUE,1,0.0624999999999999,1.61526271568225,212.337702079512,0.457792207792208,"ord: dropped 1 empty level(s)"
"bace","rubin_types_mixed_BM_l1_r0_mcar0.3_n300_M20_s108",300,1,0,108,TRUE,1,0.0606060606060605,1.49936656238037,149.977748363047,0.474492322932145,""
"bace","rubin_types_mixed_BM_l1_r0_mcar0.3_n300_M20_s109",300,1,0,109,TRUE,1,0.166666666666667,1.75053861786748,134.349596482981,0.484307359307359,"ord: dropped 1 empty level(s)"
"bace","rubin_types_mixed_BM_l1_r0_mcar0.3_n300_M20_s110",300,1,0,110,TRUE,1,0.0120481927710843,1.12611143349362,929.744601866178,0.370624571036376,"bin: left out (1 observed class);ord: dropped 1 empty level(s)"
"bace","rubin_types_mixed_BM_l1_r0_mcar0.3_n300_M20_s111",300,1,0,111,TRUE,1,1,1.13414470436095,166.629809528486,0.465577018325904,""
"bace","rubin_types_mixed_BM_l1_r0_mcar0.3_n300_M20_s112",300,1,0,112,TRUE,1,0.0238095238095238,2.71506805931469,240.513208684699,0.468614718614719,"ord: dropped 1 empty level(s)"
"bace","rubin_types_mixed_BM_l1_r0_mcar0.3_n300_M20_s113",300,1,0,113,TRUE,1,0.333333333333333,1.60974118109621,173.810696060144,0.465081723625557,""
"bace","rubin_types_mixed_BM_l1_r0_mcar0.3_n300_M20_s114",300,1,0,114,TRUE,1,0.288945063813041,1.5902760081972,611.43089116056,0.333333333333333,"cat3: dropped 1 empty level(s)"
"bace","rubin_types_mixed_BM_l1_r0_mcar0.3_n300_M20_s115",300,1,0,115,FALSE,1,0.58431645200571,1.25935894905812,430.309806347086,0.382470119521912,"cat3: dropped 1 empty level(s)"
"bace","rubin_types_mixed_BM_l1_r0_mcar0.3_n300_M20_s116",300,1,0,116,TRUE,1,0.0224719101123595,1.49995230038998,216.582334615668,0.475649350649351,"ord: dropped 1 empty level(s)"
"bace","rubin_types_mixed_BM_l1_r0_mcar0.3_n300_M20_s117",300,1,0,117,FALSE,1,0.0714285714285715,1.21684522865153,621.167320261374,0.334661354581673,"cat3: dropped 1 empty level(s)"
"bace","rubin_types_mixed_BM_l1_r0_mcar0.3_n300_M20_s118",300,1,0,118,TRUE,1,0.0476190476190477,1.80467715454803,164.55068135434,0.481921743437345,""
"bace","rubin_types_mixed_BM_l1_r0_mcar0.3_n300_M20_s119",300,1,0,119,TRUE,1,0.0714285714285714,1.1322314324243,263.363233537279,0.456661713719663,""
"bace","rubin_types_mixed_BM_l1_r0_mcar0.3_n300_M20_s120",300,1,0,120,TRUE,1,0.00316739768157816,3.10984548932424,523.136372168017,0.379838709677419,"ord: dropped 2 empty level(s);cat3: dropped 1 empty level(s)"
"bace","rubin_types_mixed_BM_l1_r0_mcar0.3_n300_M20_s121",300,1,0,121,TRUE,1,0.010230179028133,2.02041342991134,497.874334303383,0.374193548387097,"ord: dropped 2 empty level(s);cat3: dropped 1 empty level(s)"
"bace","rubin_types_mixed_BM_l1_r0_mcar0.3_n300_M20_s122",300,1,0,122,TRUE,1,0.0404310789446786,1.408722081725,210.980606849698,0.454680534918276,""
"bace","rubin_types_mixed_BM_l1_r0_mcar0.3_n300_M20_s123",300,1,0,123,TRUE,1,1,2.3946139521788,358.485260199287,0.428259286234523,"ord: dropped 1 empty level(s);cat3: dropped 1 empty level(s)"
"bace","rubin_types_mixed_BM_l1_r0_mcar0.3_n300_M20_s124",300,1,0,124,TRUE,1,0.118262365121097,1.97856408468405,488.238431725498,0.401062416998672,"cat3: dropped 1 empty level(s)"
"bace","rubin_types_mixed_BM_l1_r0_mcar0.3_n300_M20_s125",300,1,0,125,TRUE,1,0.0116683767236612,1.17186143090419,209.867781019289,0.461119366022784,""
"bace","rubin_types_mixed_BM_l1_r0_mcar0.3_n300_M20_s126",300,1,0,126,TRUE,1,0.0289628904642611,0.880273183751187,240.544672519486,0.424467558197127,""
"bace","rubin_types_mixed_BM_l1_r0_mcar0.3_n300_M20_s127",300,1,0,127,TRUE,1,0.190476190476191,2.78482518565484,141.396125257889,0.476190476190476,"ord: dropped 1 empty level(s)"
"bace","rubin_types_mixed_BM_l1_r0_mcar0.3_n300_M20_s128",300,1,0,128,TRUE,1,0.0422535211267606,2.65307738411128,749.638123609356,0.335032774945375,"ord: dropped 1 empty level(s);cat3: dropped 1 empty level(s)"
"bace","rubin_types_mixed_BM_l1_r0_mcar0.3_n300_M20_s129",300,1,0,129,TRUE,1,0.0249999999999999,1.55784954971774,518.844152261492,0.407702523240372,"cat3: dropped 1 empty level(s)"
"bace","rubin_types_mixed_BM_l1_r0_mcar0.3_n300_M20_s130",300,1,0,130,TRUE,1,0.00138026626690283,2.64177531135262,786.106683177595,0.351056081573197,"ord: dropped 1 empty level(s);cat3: dropped 1 empty level(s)"
"bace","rubin_types_mixed_BM_l1_r0_mcar0.3_n300_M20_s131",300,1,0,131,FALSE,1,0.125,1.64436838666977,250.724399805989,0.469539375928678,""
"bace","rubin_types_mixed_BM_l1_r0_mcar0.3_n300_M20_s132",300,1,0,132,TRUE,1,0.076923076923077,0.900549089730605,323.220514559937,0.433878157503715,""
"bace","rubin_types_mixed_BM_l1_r0_mcar0.3_n300_M20_s133",300,1,0,133,TRUE,1,0.0227272727272728,1.75743109779177,263.289170699,0.455175829618623,""
"bace","rubin_types_mixed_BM_l1_r0_mcar0.3_n300_M20_s134",300,1,0,134,FALSE,1,0.2,0.761643298148597,76.7182200458982,0.523526498266469,""
"bace","rubin_types_mixed_BM_l1_r0_mcar0.3_n300_M20_s135",300,1,0,135,TRUE,1,0.111111111111111,2.57843495592808,105.610099779468,0.493808816245666,""
"bace","rubin_types_mixed_BM_l1_r0_mcar0.3_n300_M20_s136",300,1,0,136,TRUE,1,0.2,2.07085450636584,309.399657079548,0.428429915799901,""
"bace","rubin_types_mixed_BM_l1_r0_mcar0.3_n300_M20_s137",300,1,0,137,TRUE,1,1111111.11111111,1.3604040171741,560.08111648425,0.369189907038513,"cat3: dropped 1 empty level(s)"
"bace","rubin_types_mixed_BM_l1_r0_mcar0.3_n300_M20_s138",300,1,0,138,FALSE,1,0.2,1.78129198289632,224.131129563344,0.466567607726597,""
"bace","rubin_types_mixed_BM_l1_r0_mcar0.3_n300_M20_s139",300,1,0,139,TRUE,1,1,3.56636928287377,297.705938140663,0.443288756810302,""
"bace","rubin_types_mixed_BM_l1_r0_mcar0.3_n300_M20_s140",300,1,0,140,TRUE,1,0.00852206513538704,3.21453343905273,403.526654153155,0.406141654284299,""
"bace","rubin_types_mixed_BM_l1_r0_mcar0.3_n300_M20_s141",300,1,0,141,TRUE,1,0.0177011987373921,2.19788473944389,231.867587591326,0.433878157503715,""
"bace","rubin_types_mixed_BM_l1_r0_mcar0.3_n300_M20_s142",300,1,0,142,TRUE,1,0.0226698113942085,1.17010259274991,200.371027127813,0.45418524021793,""
"bace","rubin_types_mixed_BM_l1_r0_mcar0.3_n300_M20_s144",300,1,0,144,FALSE,1,0.0800000000000001,1.18422712093307,189.083071901899,0.449727587914809,""
"bace","rubin_types_mixed_BM_l1_r0_mcar0.3_n300_M20_s145",300,1,0,145,TRUE,1,0.0799999999999999,0.8762647457234,833.045866020183,0.404382470119522,"cat3: dropped 1 empty level(s)"
"bace","rubin_types_mixed_BM_l1_r0_mcar0.3_n300_M20_s146",300,1,0,146,FALSE,1,0.103912176041756,2.55432405770817,301.46337121051,0.442099567099567,"ord: dropped 1 empty level(s)"
"bace","rubin_types_mixed_BM_l1_r0_mcar0.3_n300_M20_s147",300,1,0,147,TRUE,1,0.1,2.33794409553196,184.37259403504,0.460497835497836,"ord: dropped 1 empty level(s)"
"bace","rubin_types_mixed_BM_l1_r0_mcar0.3_n300_M20_s148",300,1,0,148,TRUE,1,0.00643776824034332,2.40802260889087,229.135186674591,0.466072313026251,""
"bace","rubin_types_mixed_BM_l1_r0_mcar0.3_n300_M20_s149",300,1,0,149,TRUE,1,0.0199999999999999,1.54877253821696,76.6201560658875,0.519480519480519,"ord: dropped 1 empty level(s)"
"bace","rubin_types_mixed_BM_l1_r0_mcar0.3_n300_M20_s150",300,1,0,150,TRUE,1,0.5,1.23603681894621,143.704334805782,0.474492322932145,""
"bace","rubin_types_mixed_BM_l1_r0_mcar0.3_n300_M20_s152",300,1,0,152,FALSE,1,1,1.57370701795886,171.760242441445,0.437840515106488,""
"bace","rubin_types_mixed_BM_l1_r0_mcar0.3_n300_M20_s153",300,1,0,153,TRUE,1,0.363636363636364,1.56430539859676,182.261933181956,0.466567607726597,""
"bace","rubin_types_mixed_BM_l1_r0_mcar0.3_n300_M20_s154",300,1,0,154,TRUE,1,0.112482853223594,0.917240127712001,69.2407419146057,0.529965329370976,""
"bace","rubin_types_mixed_BM_l1_r0_mcar0.3_n300_M20_s155",300,1,0,155,FALSE,1,0.25,1.62060604681027,260.99124985286,0.460497835497836,"ord: dropped 1 empty level(s)"
"bace","rubin_types_mixed_BM_l1_r0_mcar0.3_n300_M20_s156",300,1,0,156,TRUE,1,0.0322313693314674,1.33792199978546,104.107874107229,0.494047619047619,"ord: dropped 1 empty level(s)"
"bace","rubin_types_mixed_BM_l1_r0_mcar0.3_n300_M20_s157",300,1,0,157,TRUE,1,0.0458233220877488,1.4558868147626,124.703468453547,0.48051948051948,"ord: dropped 1 empty level(s)"
"bace","rubin_types_mixed_BM_l1_r0_mcar0.3_n300_M20_s158",300,1,0,158,TRUE,1,0.00534735909572343,1.85619953731439,431.249914046908,0.375166002656042,"cat3: dropped 1 empty level(s)"
"bace","rubin_types_mixed_BM_l1_r0_mcar0.3_n300_M20_s159",300,1,0,159,TRUE,1,0.0615338709091668,3.25634575295218,682.516530022202,0.268260292164675,"cat3: dropped 1 empty level(s)"
"bace","rubin_types_mixed_BM_l1_r0_mcar0.3_n300_M20_s160",300,1,0,160,TRUE,1,0.0243077769634849,2.22710305110224,133.802547834047,0.482912332838039,""
"bace","rubin_types_mixed_BM_l1_r0_mcar0.3_n300_M20_s161",300,1,0,161,TRUE,1,0.0216802168021682,1.56931709465442,261.637944820714,0.445765230312036,""
"bace","rubin_types_mixed_BM_l1_r0_mcar0.3_n300_M20_s162",300,1,0,162,TRUE,1,0.00373809178627869,1.59055223710447,459.785283276772,0.438311688311688,"ord: dropped 1 empty level(s)"
"bace","rubin_types_mixed_BM_l1_r0_mcar0.3_n300_M20_s163",300,1,0,163,TRUE,1,0.0186046511627906,2.20978684506936,269.255786804515,0.432359307359307,"ord: dropped 1 empty level(s)"
"bace","rubin_types_mixed_BM_l1_r0_mcar0.3_n300_M20_s164",300,1,0,164,TRUE,1,0.00509337860780983,3.56503952871643,1038.95518780841,0.281190019193858,"ord: dropped 1 empty level(s);cat3: left out (1 observed class)"
"bace","rubin_types_mixed_BM_l1_r0_mcar0.3_n300_M20_s165",300,1,0,165,TRUE,1,0.0441079079537758,1.05192975812597,541.039365562485,0.353253652058433,"cat3: dropped 1 empty level(s)"
"bace","rubin_types_mixed_BM_l1_r0_mcar0.3_n300_M20_s166",300,1,0,166,TRUE,1,0.125,1.99409180162726,205.724599304532,0.461580086580087,"ord: dropped 1 empty level(s)"
"bace","rubin_types_mixed_BM_l1_r0_mcar0.3_n300_M20_s167",300,1,0,167,TRUE,1,0.0624999999999999,1.01718868790104,59.5558429287455,0.529497450837582,"ord: dropped 1 empty level(s);cat3: dropped 1 empty level(s)"
"bace","rubin_types_mixed_BM_l1_r0_mcar0.3_n300_M20_s168",300,1,0,168,TRUE,1,0.0213503767410118,2.27699288022726,528.632109465931,0.372683596431023,"bin: left out (1 observed class);ord: dropped 1 empty level(s)"
"bace","rubin_types_mixed_BM_l1_r0_mcar0.3_n300_M20_s169",300,1,0,169,TRUE,1,0.00279938890772308,1.81044290604176,514.420365194972,0.405646359583952,""
"bace","rubin_types_mixed_BM_l1_r0_mcar0.3_n300_M20_s170",300,1,0,170,TRUE,1,0.0654610274360576,1.58344815552129,588.811427303744,0.351261620185923,"cat3: dropped 1 empty level(s)"
"bace","rubin_types_mixed_BM_l1_r0_mcar0.3_n300_M20_s171",300,1,0,171,TRUE,1,0.0952380952380953,0.904408526386936,71.3007556063996,0.526002971768202,""
"bace","rubin_types_mixed_BM_l1_r0_mcar0.3_n300_M20_s172",300,1,0,172,TRUE,1,0.115646258503401,1.15366505346734,32.7702145388847,0.597820703318474,""
"bace","rubin_types_mixed_BM_l1_r0_mcar0.3_n300_M20_s173",300,1,0,173,TRUE,1,0.020408163265306,2.27396617773157,199.477255197186,0.443784051510649,""
"bace","rubin_types_mixed_BM_l1_r0_mcar0.3_n300_M20_s174",300,1,0,174,FALSE,1,0.0158014300104147,1.74113868636067,397.532082840253,0.374844333748443,"bin: left out (1 observed class)"
"bace","rubin_types_mixed_BM_l1_r0_mcar0.3_n300_M20_s175",300,1,0,175,TRUE,1,0.0277777777777777,2.00322075311371,203.581528131261,0.45715700842001,""
"bace","rubin_types_mixed_BM_l1_r0_mcar0.3_n300_M20_s176",300,1,0,176,TRUE,1,0.0200000000000001,2.33137466298773,134.995003334632,0.490161001788909,"ord: dropped 2 empty level(s)"
"bace","rubin_types_mixed_BM_l1_r0_mcar0.3_n300_M20_s177",300,1,0,177,TRUE,1,0.0999999999999999,1.80252449456298,99.6442268830628,0.500541125541126,"ord: dropped 1 empty level(s)"
"bace","rubin_types_mixed_BM_l1_r0_mcar0.3_n300_M20_s178",300,1,0,178,TRUE,1,0.125,2.58069735922655,521.750711060184,0.322709163346614,"cat3: dropped 1 empty level(s)"
"bace","rubin_types_mixed_BM_l1_r0_mcar0.3_n300_M20_s179",300,1,0,179,TRUE,1,0.0588235294117648,2.16905945656142,167.490806487007,0.468053491827637,""
"bace","rubin_types_mixed_BM_l1_r0_mcar0.3_n300_M20_s180",300,1,0,180,TRUE,1,0.046875,2.2606514467966,614.570633091611,0.306772908366534,"cat3: dropped 1 empty level(s)"
"bace","rubin_types_mixed_BM_l1_r0_mcar0.3_n300_M20_s181",300,1,0,181,TRUE,1,0.0454545454545454,1.39476673910669,858.746396118743,0.348605577689243,"cat3: dropped 1 empty level(s)"
"bace","rubin_types_mixed_BM_l1_r0_mcar0.3_n300_M20_s182",300,1,0,182,TRUE,1,0.0399999999999999,1.61164724330401,165.690260150013,0.465909090909091,"ord: dropped 1 empty level(s)"
"bace","rubin_types_mixed_BM_l1_r0_mcar0.3_n300_M20_s183",300,1,0,183,TRUE,1,0.0434782608695652,2.27803399265848,164.480649360325,0.438335809806835,""
"bace","rubin_types_mixed_BM_l1_r0_mcar0.3_n300_M20_s184",300,1,0,184,TRUE,1,0.125,1.30491016438309,458.296802027923,0.42965367965368,"ord: dropped 1 empty level(s)"
"bace","rubin_types_mixed_BM_l1_r0_mcar0.3_n300_M20_s185",300,1,0,185,TRUE,1,0.0113960113960114,2.89064240048724,1016.11577657684,0.309257375381485,"bin: left out (1 observed class);ord: left out (1 observed class)"
"bace","rubin_types_mixed_BM_l1_r0_mcar0.3_n300_M20_s187",300,1,0,187,TRUE,1,0.0186839395172008,1.36917460003991,210.311190676646,0.437840515106488,""
"bace","rubin_types_mixed_BM_l1_r0_mcar0.3_n300_M20_s188",300,1,0,188,FALSE,1,0.333333333333333,1.44144122643387,294.846801588886,0.426944031698861,""
"bace","rubin_types_mixed_BM_l1_r0_mcar0.3_n300_M20_s189",300,1,0,189,TRUE,1,0.0510846858612337,1.56008842473023,83.2684399041182,0.509658246656761,""
"bace","rubin_types_mixed_BM_l1_r0_mcar0.3_n300_M20_s190",300,1,0,190,TRUE,1,0.0434782608695653,1.27923082436775,119.940928884107,0.491332342743933,""
"bace","rubin_types_mixed_BM_l1_r0_mcar0.3_n300_M20_s191",300,1,0,191,TRUE,1,0.0116279069767441,1.38883525866712,123.313506474288,0.492322932144626,""
"bace","rubin_types_mixed_BM_l1_r0_mcar0.3_n300_M20_s192",300,1,0,192,TRUE,1,0.181818181818182,2.5014599369411,402.538653406887,0.425953442298167,""
"bace","rubin_types_mixed_BM_l1_r0_mcar0.3_n300_M20_s193",300,1,0,193,TRUE,1,0.0909090909090909,1.05306892806263,213.05668959548,0.449232293214463,""
"bace","rubin_types_mixed_BM_l1_r0_mcar0.3_n300_M20_s194",300,1,0,194,TRUE,1,0.00531803026634968,1.84031924928129,345.783970802371,0.44534632034632,"ord: dropped 1 empty level(s)"
"bace","rubin_types_mixed_BM_l1_r0_mcar0.3_n300_M20_s195",300,1,0,195,TRUE,1,0.0222222222222223,3.52464453949027,911.963211346069,0.266932270916335,"cat3: dropped 1 empty level(s)"
"bace","rubin_types_mixed_BM_l1_r0_mcar0.3_n300_M20_s196",300,1,0,196,TRUE,1,0.125,1.68853274372414,163.295406853177,0.470529965329371,""
"bace","rubin_types_mixed_BM_l1_r0_mcar0.3_n300_M20_s197",300,1,0,197,TRUE,1,0.0606060606060607,1.5225020919201,156.308452790202,0.477464091134225,""
"bace","rubin_types_mixed_BM_l1_r0_mcar0.3_n300_M20_s198",300,1,0,198,TRUE,1,0.1,2.47459143110964,193.51999978972,0.46310054482417,""
"bace","rubin_types_mixed_BM_l1_r0_mcar0.3_n300_M20_s199",300,1,0,199,TRUE,1,0.0257731958762888,1.72589208501795,140.536691547136,0.479978354978355,"ord: dropped 1 empty level(s)"
"bace","rubin_types_mixed_BM_l1_r0_mcar0.3_n300_M20_s200",300,1,0,200,TRUE,1,0.0526315789473684,1.10760955492802,242.179725777675,0.456168831168831,"ord: dropped 1 empty level(s)"
"bace","rubin_types_mixed_BM_l1_r0.5_mcar0.3_n300_M20_s101",300,1,0.5,101,TRUE,1,0.0232558139534884,3.42229321989301,813.231296136533,0.284860557768924,"cat3: dropped 1 empty level(s)"
"bace","rubin_types_mixed_BM_l1_r0.5_mcar0.3_n300_M20_s102",300,1,0.5,102,TRUE,1,0.0137457044673539,1.99194097586086,415.266020222408,0.330635118306351,"bin: left out (1 observed class)"
"bace","rubin_types_mixed_BM_l1_r0.5_mcar0.3_n300_M20_s103",300,1,0.5,103,TRUE,1,0.0666666666666668,2.23447184364982,601.576044036179,0.373634377276038,"ord: dropped 1 empty level(s);cat3: dropped 1 empty level(s)"
"bace","rubin_types_mixed_BM_l1_r0.5_mcar0.3_n300_M20_s104",300,1,0.5,104,TRUE,1,0.0188679245283018,1.15533898947107,338.933701375042,0.41951461119366,""
"bace","rubin_types_mixed_BM_l1_r0.5_mcar0.3_n300_M20_s105",300,1,0.5,105,TRUE,1,0.0303030303030302,1.49060421426499,355.106083623869,0.414502164502164,"ord: dropped 1 empty level(s)"
"bace","rubin_types_mixed_BM_l1_r0.5_mcar0.3_n300_M20_s106",300,1,0.5,106,TRUE,1,0.0992442660211173,1.69635281643446,93.291311979813,0.504210004952947,""
"bace","rubin_types_mixed_BM_l1_r0.5_mcar0.3_n300_M20_s107",300,1,0.5,107,TRUE,1,0.038961038961039,1.64028803065566,382.93788182387,0.428429915799901,""
"bace","rubin_types_mixed_BM_l1_r0.5_mcar0.3_n300_M20_s108",300,1,0.5,108,FALSE,1,0.0769230769230768,2.21289738612797,169.221072862949,0.460624071322437,""
"bace","rubin_types_mixed_BM_l1_r0.5_mcar0.3_n300_M20_s109",300,1,0.5,109,TRUE,1,2.36569967311912,1.15229841102721,77.7478540418197,0.515601783060921,""
"bace","rubin_types_mixed_BM_l1_r0.5_mcar0.3_n300_M20_s110",300,1,0.5,110,TRUE,1,0.0270270270270269,4.82568852611231,714.991776454718,0.378174330816747,"bin: left out (1 observed class);ord: dropped 1 empty level(s)"
"bace","rubin_types_mixed_BM_l1_r0.5_mcar0.3_n300_M20_s111",300,1,0.5,111,TRUE,1,0.00444444444444443,2.33906052616575,437.103253894154,0.41743119266055,"bin: left out (1 observed class);ord: dropped 2 empty level(s)"
"bace","rubin_types_mixed_BM_l1_r0.5_mcar0.3_n300_M20_s112",300,1,0.5,112,TRUE,1,0.0161290322580645,1.78405930998177,124.057444744976,0.492322932144626,""
"bace","rubin_types_mixed_BM_l1_r0.5_mcar0.3_n300_M20_s113",300,1,0.5,113,TRUE,1,0.00755667506297227,2.51824664554467,273.360385309108,0.440812283308569,""
"bace","rubin_types_mixed_BM_l1_r0.5_mcar0.3_n300_M20_s115",300,1,0.5,115,FALSE,1,0.0665778577794578,1.90839027847127,750.262711696066,0.300796812749004,"cat3: dropped 1 empty level(s)"
"bace","rubin_types_mixed_BM_l1_r0.5_mcar0.3_n300_M20_s116",300,1,0.5,116,TRUE,1,0.0199203187250995,1.47772804377642,446.655517399472,0.370721048798252,"ord: dropped 1 empty level(s);cat3: dropped 1 empty level(s)"
"bace","rubin_types_mixed_BM_l1_r0.5_mcar0.3_n300_M20_s117",300,1,0.5,117,TRUE,1,0.00176123329827044,1.59664765297723,763.653353458772,0.348605577689243,"cat3: dropped 1 empty level(s)"
"bace","rubin_types_mixed_BM_l1_r0.5_mcar0.3_n300_M20_s118",300,1,0.5,118,TRUE,1,0.0476190476190476,2.46491267536833,161.204067334127,0.456661713719663,""
"bace","rubin_types_mixed_BM_l1_r0.5_mcar0.3_n300_M20_s119",300,1,0.5,119,FALSE,1,0.0816036061249187,1.67350712559161,357.307618922604,0.437110834371108,"bin: left out (1 observed class)"
"bace","rubin_types_mixed_BM_l1_r0.5_mcar0.3_n300_M20_s120",300,1,0.5,120,TRUE,1,0.0238095238095238,2.21739618691431,220.438132233112,0.457251082251082,"ord: dropped 1 empty level(s)"
"bace","rubin_types_mixed_BM_l1_r0.5_mcar0.3_n300_M20_s121",300,1,0.5,121,TRUE,1,0.00352112676056337,1.93959522613461,551.844900574348,0.320717131474104,"cat3: dropped 1 empty level(s)"
"bace","rubin_types_mixed_BM_l1_r0.5_mcar0.3_n300_M20_s122",300,1,0.5,122,TRUE,1,0.0510687812512868,1.72177086001536,583.467844809399,0.322045152722444,"cat3: dropped 1 empty level(s)"
"bace","rubin_types_mixed_BM_l1_r0.5_mcar0.3_n300_M20_s123",300,1,0.5,123,TRUE,1,0.00799999999999997,1.44076023069439,682.853726033993,0.370721048798252,"ord: dropped 1 empty level(s);cat3: dropped 1 empty level(s)"
"bace","rubin_types_mixed_BM_l1_r0.5_mcar0.3_n300_M20_s124",300,1,0.5,124,TRUE,1,0.5,1.75386635080005,172.077276478013,0.471025260029718,""
"bace","rubin_types_mixed_BM_l1_r0.5_mcar0.3_n300_M20_s125",300,1,0.5,125,TRUE,1,0.0555555555555556,2.03754446186739,164.807153018586,0.46161466072313,""
"bace","rubin_types_mixed_BM_l1_r0.5_mcar0.3_n300_M20_s126",300,1,0.5,126,TRUE,1,0.0917673423863782,1.2317502101719,300.747983961153,0.44047619047619,"ord: dropped 1 empty level(s)"
"bace","rubin_types_mixed_BM_l1_r0.5_mcar0.3_n300_M20_s127",300,1,0.5,127,TRUE,1,0.0540540540540541,3.05538057350969,294.848597966451,0.463203463203463,"ord: dropped 1 empty level(s)"
"bace","rubin_types_mixed_BM_l1_r0.5_mcar0.3_n300_M20_s128",300,1,0.5,128,TRUE,1,0.0399999999999999,1.0870922417946,62.9461609588779,0.562229437229437,"ord: dropped 1 empty level(s)"
"bace","rubin_types_mixed_BM_l1_r0.5_mcar0.3_n300_M20_s129",300,1,0.5,129,TRUE,1,0.0461538461538461,2.5598632291254,533.366364857238,0.431818181818182,"ord: dropped 1 empty level(s)"
"bace","rubin_types_mixed_BM_l1_r0.5_mcar0.3_n300_M20_s130",300,1,0.5,130,TRUE,1,0.0218340611353711,3.73426570737371,627.916014349728,0.332258064516129,"ord: dropped 2 empty level(s);cat3: dropped 1 empty level(s)"
"bace","rubin_types_mixed_BM_l1_r0.5_mcar0.3_n300_M20_s131",300,1,0.5,131,FALSE,1,0.0714285714285714,1.84498888272438,173.150447952451,0.4745670995671,"ord: dropped 1 empty level(s)"
"bace","rubin_types_mixed_BM_l1_r0.5_mcar0.3_n300_M20_s132",300,1,0.5,132,TRUE,1,0.111111111111111,1.47022791187776,204.494765256478,0.458147597820703,""
"bace","rubin_types_mixed_BM_l1_r0.5_mcar0.3_n300_M20_s133",300,1,0.5,133,TRUE,1,0.00634217266038679,2.29709982924574,141.116627256222,0.479978354978355,"ord: dropped 1 empty level(s)"
"bace","rubin_types_mixed_BM_l1_r0.5_mcar0.3_n300_M20_s134",300,1,0.5,134,TRUE,1,0.00233700062057146,1.45538303536831,367.023797115483,0.46161466072313,""
"bace","rubin_types_mixed_BM_l1_r0.5_mcar0.3_n300_M20_s135",300,1,0.5,135,TRUE,1,0.0588235294117648,3.4722076385533,155.353781449128,0.453689945517583,""
"bace","rubin_types_mixed_BM_l1_r0.5_mcar0.3_n300_M20_s136",300,1,0.5,136,TRUE,1,0.0117002433865842,1.77932178381353,331.560115212094,0.428030303030303,"ord: dropped 1 empty level(s)"
"bace","rubin_types_mixed_BM_l1_r0.5_mcar0.3_n300_M20_s137",300,1,0.5,137,TRUE,1,0.0357142857142858,1.58910297574699,554.882434110078,0.307436918990704,"cat3: dropped 1 empty level(s)"
"bace","rubin_types_mixed_BM_l1_r0.5_mcar0.3_n300_M20_s138",300,1,0.5,138,TRUE,1,0.0206120638745627,2.04805901539658,292.207810663217,0.423160173160173,"ord: dropped 1 empty level(s)"
"bace","rubin_types_mixed_BM_l1_r0.5_mcar0.3_n300_M20_s139",300,1,0.5,139,TRUE,1,0.0952380952380951,3.04047885105799,232.194588831989,0.446755819712729,""
"bace","rubin_types_mixed_BM_l1_r0.5_mcar0.3_n300_M20_s140",300,1,0.5,140,TRUE,1,0.133333333333333,3.26447023149279,320.891389980092,0.427439326399208,""
"bace","rubin_types_mixed_BM_l1_r0.5_mcar0.3_n300_M20_s141",300,1,0.5,141,TRUE,1,0.0952380952380951,1.50704467906435,240.848190725331,0.435859336305102,""
"bace","rubin_types_mixed_BM_l1_r0.5_mcar0.3_n300_M20_s142",300,1,0.5,142,TRUE,1,0.0285714285714286,1.53727941486639,498.886279157004,0.386329866270431,""
"bace","rubin_types_mixed_BM_l1_r0.5_mcar0.3_n300_M20_s143",300,1,0.5,143,TRUE,1,0.054054054054054,3.34822229670083,783.075461327653,0.203187250996016,"cat3: dropped 1 empty level(s)"
"bace","rubin_types_mixed_BM_l1_r0.5_mcar0.3_n300_M20_s144",300,1,0.5,144,TRUE,1,0.0399999999999999,2.83994806270101,190.637668469327,0.448241703813769,""
"bace","rubin_types_mixed_BM_l1_r0.5_mcar0.3_n300_M20_s145",300,1,0.5,145,TRUE,1,0.0487804878048781,2.15532368526822,997.989022113463,0.321922796795339,"ord: dropped 1 empty level(s);cat3: dropped 1 empty level(s)"
"bace","rubin_types_mixed_BM_l1_r0.5_mcar0.3_n300_M20_s146",300,1,0.5,146,TRUE,1,0.0801443632465648,1.24206586575835,190.399982450373,0.471025260029718,""
"bace","rubin_types_mixed_BM_l1_r0.5_mcar0.3_n300_M20_s147",300,1,0.5,147,TRUE,1,0.125,2.58576617273493,129.860167859026,0.481060606060606,"ord: dropped 1 empty level(s)"
"bace","rubin_types_mixed_BM_l1_r0.5_mcar0.3_n300_M20_s148",300,1,0.5,148,TRUE,1,0.117647058823529,2.63414195764648,310.319232152469,0.430906389301634,""
"bace","rubin_types_mixed_BM_l1_r0.5_mcar0.3_n300_M20_s149",300,1,0.5,149,TRUE,1,0.0055649904234169,1.07604412180019,52.599813587244,0.527597402597403,"ord: dropped 1 empty level(s)"
"bace","rubin_types_mixed_BM_l1_r0.5_mcar0.3_n300_M20_s150",300,1,0.5,150,TRUE,1,0.0131164697865004,1.03779391380588,232.388843564634,0.468548786527984,""
"bace","rubin_types_mixed_BM_l1_r0.5_mcar0.3_n300_M20_s151",300,1,0.5,151,TRUE,1,1111111.11111111,1.00486284086596,295.52821374362,0.476731601731602,"ord: dropped 1 empty level(s)"
"bace","rubin_types_mixed_BM_l1_r0.5_mcar0.3_n300_M20_s152",300,1,0.5,152,FALSE,1,0.333333333333333,1.59872666335111,254.702348361314,0.41951461119366,""
"bace","rubin_types_mixed_BM_l1_r0.5_mcar0.3_n300_M20_s153",300,1,0.5,153,TRUE,1,0.00435013218762347,1.90441395344957,196.35963094005,0.434373452204061,""
"bace","rubin_types_mixed_BM_l1_r0.5_mcar0.3_n300_M20_s154",300,1,0.5,154,FALSE,1,1,1.2168738191068,98.9452087202359,0.501082251082251,"ord: dropped 1 empty level(s)"
"bace","rubin_types_mixed_BM_l1_r0.5_mcar0.3_n300_M20_s155",300,1,0.5,155,TRUE,1,0.0526315789473684,1.1619537120817,420.272594988327,0.415670650730412,"cat3: dropped 1 empty level(s)"
"bace","rubin_types_mixed_BM_l1_r0.5_mcar0.3_n300_M20_s156",300,1,0.5,156,TRUE,1,0.0603994300110198,2.3742867453042,149.447404705829,0.479940564635958,""
"bace","rubin_types_mixed_BM_l1_r0.5_mcar0.3_n300_M20_s157",300,1,0.5,157,TRUE,1,0.0111940298507462,1.25466113859569,637.421795435706,0.333973128598848,"bin: left out (1 observed class);ord: dropped 1 empty level(s);cat3: dropped 1 empty level(s)"
"bace","rubin_types_mixed_BM_l1_r0.5_mcar0.3_n300_M20_s158",300,1,0.5,158,TRUE,1,0.020175656787299,1.25032775634185,312.504081133321,0.445828144458281,"bin: left out (1 observed class)"
"bace","rubin_types_mixed_BM_l1_r0.5_mcar0.3_n300_M20_s159",300,1,0.5,159,TRUE,1,0.0416666666666667,1.21963689026358,552.006234061875,0.357237715803453,"cat3: dropped 1 empty level(s)"
"bace","rubin_types_mixed_BM_l1_r0.5_mcar0.3_n300_M20_s160",300,1,0.5,160,TRUE,1,0.00399309064273204,1.75189087378347,272.887479289927,0.449727587914809,""
"bace","rubin_types_mixed_BM_l1_r0.5_mcar0.3_n300_M20_s161",300,1,0.5,161,TRUE,1,0.0358289782331243,1.58369242566743,175.542074850405,0.470034670629024,""
"bace","rubin_types_mixed_BM_l1_r0.5_mcar0.3_n300_M20_s162",300,1,0.5,162,TRUE,1,0.0952380952380951,2.06184629982451,446.22785737113,0.442099567099567,"ord: dropped 1 empty level(s)"
"bace","rubin_types_mixed_BM_l1_r0.5_mcar0.3_n300_M20_s163",300,1,0.5,163,TRUE,1,0.0128205128205129,1.71750372904799,313.790035127101,0.414561664190193,""
"bace","rubin_types_mixed_BM_l1_r0.5_mcar0.3_n300_M20_s164",300,1,0.5,164,TRUE,1,0.0200000000000001,2.2019849965128,735.496217263992,0.314639475600874,"ord: dropped 1 empty level(s);cat3: dropped 1 empty level(s)"
"bace","rubin_types_mixed_BM_l1_r0.5_mcar0.3_n300_M20_s165",300,1,0.5,165,TRUE,1,0.0231599642659385,2.12119033613721,298.663554017273,0.448593073593074,"ord: dropped 1 empty level(s)"
"bace","rubin_types_mixed_BM_l1_r0.5_mcar0.3_n300_M20_s166",300,1,0.5,166,TRUE,1,0.0384615384615385,1.61352740663241,251.184051046223,0.440812283308569,""
"bace","rubin_types_mixed_BM_l1_r0.5_mcar0.3_n300_M20_s168",300,1,0.5,168,TRUE,1,0.2,1.17440126369224,387.365978492363,0.463967055593686,"bin: left out (1 observed class);ord: dropped 1 empty level(s)"
"bace","rubin_types_mixed_BM_l1_r0.5_mcar0.3_n300_M20_s169",300,1,0.5,169,TRUE,1,0.00223713646532438,2.08719460007043,700.591617198545,0.359229747675963,"cat3: dropped 1 empty level(s)"
"bace","rubin_types_mixed_BM_l1_r0.5_mcar0.3_n300_M20_s171",300,1,0.5,171,TRUE,1,0.592727346445639,1.70859333694299,121.023093561353,0.482417038137692,""
"bace","rubin_types_mixed_BM_l1_r0.5_mcar0.3_n300_M20_s172",300,1,0.5,172,TRUE,1,0.127083333333333,1.14152086854663,35.4528495665439,0.58494304110946,""
"bace","rubin_types_mixed_BM_l1_r0.5_mcar0.3_n300_M20_s173",300,1,0.5,173,TRUE,1,0.0588235294117648,1.34208861026258,255.128162353767,0.41802872709262,""
"bace","rubin_types_mixed_BM_l1_r0.5_mcar0.3_n300_M20_s174",300,1,0.5,174,TRUE,1,0.0465116279069767,1.70376794610433,212.086090534419,0.430906389301634,""
"bace","rubin_types_mixed_BM_l1_r0.5_mcar0.3_n300_M20_s175",300,1,0.5,175,FALSE,1,0.0920087137697611,0.956195815550188,95.3317929423612,0.504705299653294,""
"bace","rubin_types_mixed_BM_l1_r0.5_mcar0.3_n300_M20_s176",300,1,0.5,176,TRUE,1,0.0714285714285715,1.42297796080963,123.942957851816,0.493506493506494,"ord: dropped 1 empty level(s)"
"bace","rubin_types_mixed_BM_l1_r0.5_mcar0.3_n300_M20_s177",300,1,0.5,177,TRUE,1,0.0270715571328156,2.12025114054517,244.431682634848,0.446755819712729,""
"bace","rubin_types_mixed_BM_l1_r0.5_mcar0.3_n300_M20_s178",300,1,0.5,178,TRUE,1,0.0044233371527609,1.2395417736756,106.749164339929,0.490341753343239,""
"bace","rubin_types_mixed_BM_l1_r0.5_mcar0.3_n300_M20_s179",300,1,0.5,179,TRUE,1,0.00511508951406648,2.16964653909252,176.291277754593,0.467558197127291,""
"bace","rubin_types_mixed_BM_l1_r0.5_mcar0.3_n300_M20_s180",300,1,0.5,180,TRUE,1,0.06,2.54578190385223,477.595412781839,0.373837981407703,"cat3: dropped 1 empty level(s)"
"bace","rubin_types_mixed_BM_l1_r0.5_mcar0.3_n300_M20_s181",300,1,0.5,181,TRUE,1,0.0100272006239045,2.69875390731033,269.244183858116,0.435364041604755,""
"bace","rubin_types_mixed_BM_l1_r0.5_mcar0.3_n300_M20_s182",300,1,0.5,182,TRUE,1,0.00484184844209448,1.82986984679058,207.319374613066,0.472015849430411,""
"bace","rubin_types_mixed_BM_l1_r0.5_mcar0.3_n300_M20_s183",300,1,0.5,183,TRUE,1,0.0232558139534884,1.27646478758962,884.115888727765,0.334661354581673,"cat3: dropped 1 empty level(s)"
"bace","rubin_types_mixed_BM_l1_r0.5_mcar0.3_n300_M20_s184",300,1,0.5,184,TRUE,1,0.0555555555555556,1.14219598084431,661.065714276168,0.405645161290323,"ord: dropped 2 empty level(s);cat3: dropped 1 empty level(s)"
"bace","rubin_types_mixed_BM_l1_r0.5_mcar0.3_n300_M20_s185",300,1,0.5,185,FALSE,1,0.0436734719495738,11.038482814496,1041.23628121387,0.165165165165165,"bin: left out (1 observed class);ord: left out (1 observed class);cat3: dropped 1 empty level(s)"
"bace","rubin_types_mixed_BM_l1_r0.5_mcar0.3_n300_M20_s186",300,1,0.5,186,TRUE,1,0.0138888888888888,1.62148297298142,324.18832778952,0.433598937583001,"cat3: dropped 1 empty level(s)"
"bace","rubin_types_mixed_BM_l1_r0.5_mcar0.3_n300_M20_s187",300,1,0.5,187,TRUE,1,0.0326409495548961,1.70215697040309,118.213550333507,0.4745670995671,"ord: dropped 1 empty level(s)"
"bace","rubin_types_mixed_BM_l1_r0.5_mcar0.3_n300_M20_s188",300,1,0.5,188,TRUE,1,0.142857142857143,1.69158963127461,1109.89384602222,0.340859431900947,"ord: dropped 1 empty level(s);cat3: dropped 1 empty level(s)"
"bace","rubin_types_mixed_BM_l1_r0.5_mcar0.3_n300_M20_s189",300,1,0.5,189,TRUE,1,0.0431948479876834,2.98212885793875,172.760235080651,0.46310054482417,""
"bace","rubin_types_mixed_BM_l1_r0.5_mcar0.3_n300_M20_s190",300,1,0.5,190,FALSE,1,0.142857142857143,1.32293257277319,328.445583897221,0.4135710747895,""
"bace","rubin_types_mixed_BM_l1_r0.5_mcar0.3_n300_M20_s192",300,1,0.5,192,FALSE,1,0.0196078431372548,1.031651583543,331.338943201219,0.415552253590887,""
"bace","rubin_types_mixed_BM_l1_r0.5_mcar0.3_n300_M20_s193",300,1,0.5,193,TRUE,1,0.0526315789473684,1.77602765700207,271.992902303864,0.427934621099554,""
"bace","rubin_types_mixed_BM_l1_r0.5_mcar0.3_n300_M20_s194",300,1,0.5,194,TRUE,1,0.0058163407894898,2.90615264223275,330.335155060711,0.438311688311688,"ord: dropped 1 empty level(s)"
"bace","rubin_types_mixed_BM_l1_r0.5_mcar0.3_n300_M20_s195",300,1,0.5,195,TRUE,1,0.0015000625387454,11.482367100745,1199.66446020264,0.132132132132132,"bin: left out (1 observed class);ord: dropped 2 empty level(s);cat3: left out (1 observed class)"
"bace","rubin_types_mixed_BM_l1_r0.5_mcar0.3_n300_M20_s196",300,1,0.5,196,TRUE,1,0.0588235294117646,1.93207370716414,137.360125249576,0.481921743437345,""
"bace","rubin_types_mixed_BM_l1_r0.5_mcar0.3_n300_M20_s197",300,1,0.5,197,FALSE,1,0.0999999999999999,1.83809628242219,244.645017893536,0.444774640911342,""
"bace","rubin_types_mixed_BM_l1_r0.5_mcar0.3_n300_M20_s198",300,1,0.5,198,TRUE,1,0.111111111111111,1.95525110465002,189.2366258127,0.462605250123824,""
"bace","rubin_types_mixed_BM_l1_r0.5_mcar0.3_n300_M20_s199",300,1,0.5,199,FALSE,1,0.0256410256410255,1.6573708103223,247.570541687006,0.436354631005448,""
"bace","rubin_types_mixed_BM_l1_r0.5_mcar0.3_n300_M20_s200",300,1,0.5,200,TRUE,1,0.0333333333333332,2.06618813840183,509.882587908356,0.343088418430884,"bin: left out (1 observed class)"
"bace","rubin_types_mixed_BM_l1_r0.5_mcar0.3_n300_M20_s63",300,1,0.5,63,TRUE,1,0.076923076923077,1.22634502034334,65.3562060427604,0.533927686973749,""
