"set","tag","n","lambda","rho","seed","converged","n_attempts","drift","ess_min","ess_med","ess_frac_low","input_fix"
"bace","rubin_types_mixed_BM_l0.3_r0_mcar0.3_n1000_M20_s10",1000,0.3,0,10,TRUE,1,0.478260869565217,41.2088164243262,1600,0.00544824170381377,""
"bace","rubin_types_mixed_BM_l0.3_r0_mcar0.3_n1000_M20_s11",1000,0.3,0,11,FALSE,1,0.418181818181818,22.766108224136,1600,0.00594353640416048,""
"bace","rubin_types_mixed_BM_l0.3_r0_mcar0.3_n1000_M20_s12",1000,0.3,0,12,FALSE,1,0.402985074626866,29.9720122889984,1600,0.00693412580485389,""
"bace","rubin_types_mixed_BM_l0.3_r0_mcar0.3_n1000_M20_s13",1000,0.3,0,13,TRUE,1,0.147024018116757,50.1054141966841,1600,0.00396235760277365,""
"bace","rubin_types_mixed_BM_l0.3_r0_mcar0.3_n1000_M20_s14",1000,0.3,0,14,FALSE,1,0.185185185185185,64.9513325952137,1600,0.00346706290242694,""
"bace","rubin_types_mixed_BM_l0.3_r0_mcar0.3_n1000_M20_s15",1000,0.3,0,15,TRUE,1,0.0736211765787747,44.2228786121887,1600,0.00346706290242694,""
"bace","rubin_types_mixed_BM_l0.3_r0_mcar0.3_n1000_M20_s16",1000,0.3,0,16,FALSE,1,0.344487144767006,33.1963559260424,1600,0.00544824170381377,""
"bace","rubin_types_mixed_BM_l0.3_r0_mcar0.3_n1000_M20_s17",1000,0.3,0,17,FALSE,1,0.872496409067419,37.5074563855474,1600,0.00396235760277365,""
"bace","rubin_types_mixed_BM_l0.3_r0_mcar0.3_n1000_M20_s18",1000,0.3,0,18,FALSE,1,1.44269629655028,60.3455657109985,1600,0.00396235760277365,""
"bace","rubin_types_mixed_BM_l0.3_r0_mcar0.3_n1000_M20_s19",1000,0.3,0,19,TRUE,1,0.280701754385965,51.0045305501747,1600,0.00247647350173353,""
"bace","rubin_types_mixed_BM_l0.3_r0_mcar0.3_n1000_M20_s2",1000,0.3,0,2,FALSE,1,0.258743716844442,50.4659327261668,1600,0.00396235760277365,""
"bace","rubin_types_mixed_BM_l0.3_r0_mcar0.3_n1000_M20_s20",1000,0.3,0,20,FALSE,1,0.164567590260285,32.6141969371826,1600,0.00396235760277365,""
"bace","rubin_types_mixed_BM_l0.3_r0_mcar0.3_n1000_M20_s21",1000,0.3,0,21,FALSE,1,0.749049214107549,48.4387524614349,1600,0.00445765230312036,""
"bace","rubin_types_mixed_BM_l0.3_r0_mcar0.3_n1000_M20_s22",1000,0.3,0,22,TRUE,1,0.355174206968279,42.2112969081845,1600,0.00297176820208024,""
"bace","rubin_types_mixed_BM_l0.3_r0_mcar0.3_n1000_M20_s23",1000,0.3,0,23,TRUE,1,0.477225672877847,45.2447362002287,1600,0.00198117880138683,""
"bace","rubin_types_mixed_BM_l0.3_r0_mcar0.3_n1000_M20_s24",1000,0.3,0,24,FALSE,1,0.575757575757576,49.1426904041328,1600,0.00445765230312036,""
"bace","rubin_types_mixed_BM_l0.3_r0_mcar0.3_n1000_M20_s25",1000,0.3,0,25,FALSE,1,0.819184978394868,59.7701780093429,1600,0.00247647350173353,""
"bace","rubin_types_mixed_BM_l0.3_r0_mcar0.3_n1000_M20_s26",1000,0.3,0,26,TRUE,1,0.120945262065861,60.9536522413557,1600,0.00198117880138683,""
"bace","rubin_types_mixed_BM_l0.3_r0_mcar0.3_n1000_M20_s27",1000,0.3,0,27,FALSE,1,0.973162097461861,39.8058056154663,1600,0.00445765230312036,""
"bace","rubin_types_mixed_BM_l0.3_r0_mcar0.3_n1000_M20_s28",1000,0.3,0,28,FALSE,1,1.46783984850022,27.5174549595919,1600,0.00742942050520059,""
"bace","rubin_types_mixed_BM_l0.3_r0_mcar0.3_n1000_M20_s29",1000,0.3,0,29,TRUE,1,0.124229074889868,35.113857188872,1600,0.00346706290242694,""
"bace","rubin_types_mixed_BM_l0.3_r0_mcar0.3_n1000_M20_s3",1000,0.3,0,3,FALSE,1,1.44112780554814,50.0382681412093,1600,0.00346706290242694,""
"bace","rubin_types_mixed_BM_l0.3_r0_mcar0.3_n1000_M20_s30",1000,0.3,0,30,FALSE,1,0.197107002150331,56.1579651298639,1600,0.00495294700346706,""
"bace","rubin_types_mixed_BM_l0.3_r0_mcar0.3_n1000_M20_s4",1000,0.3,0,4,TRUE,1,0.183246073298429,45.4686256977225,1600,0.00544824170381377,""
"bace","rubin_types_mixed_BM_l0.3_r0_mcar0.3_n1000_M20_s5",1000,0.3,0,5,FALSE,1,0.166304068875128,60.1963637988953,1600,0.00594353640416048,""
"bace","rubin_types_mixed_BM_l0.3_r0_mcar0.3_n1000_M20_s6",1000,0.3,0,6,TRUE,1,0.230290146605651,45.8060721913315,1600,0.00643883110450718,""
"bace","rubin_types_mixed_BM_l0.3_r0_mcar0.3_n1000_M20_s7",1000,0.3,0,7,TRUE,1,0.148148148148148,24.1233193851115,1600,0.00396235760277365,""
"bace","rubin_types_mixed_BM_l0.3_r0_mcar0.3_n1000_M20_s71",1000,0.3,0,71,FALSE,1,28.0609766544951,49.686437130234,1600,0.00346706290242694,""
"bace","rubin_types_mixed_BM_l0.3_r0_mcar0.3_n1000_M20_s8",1000,0.3,0,8,FALSE,1,0.532578943723414,51.1419382006009,1600,0.00396235760277365,""
"bace","rubin_types_mixed_BM_l0.3_r0_mcar0.3_n1000_M20_s80",1000,0.3,0,80,FALSE,1,1.0454497085459,60.0223823712054,1600,0.00247647350173353,""
"bace","rubin_types_mixed_BM_l0.3_r0_mcar0.3_n1000_M20_s81",1000,0.3,0,81,FALSE,1,0.75,41.1424950260838,1600,0.00297176820208024,""
"bace","rubin_types_mixed_BM_l0.3_r0_mcar0.3_n1000_M20_s82",1000,0.3,0,82,FALSE,1,3.44783791760608,52.2848840623667,1600,0.00346706290242694,""
"bace","rubin_types_mixed_BM_l0.3_r0_mcar0.3_n1000_M20_s9",1000,0.3,0,9,FALSE,1,0.20275759164718,45.9702298944527,1600,0.00396235760277365,""
"bace","rubin_types_mixed_BM_l0.3_r0_mcar0.3_n300_M20_s103",300,0.3,0,103,FALSE,1,0.65,54.5920071675822,1600,0.00495294700346706,""
"bace","rubin_types_mixed_BM_l0.3_r0_mcar0.3_n300_M20_s104",300,0.3,0,104,FALSE,1,0.411764705882353,15.8711290868039,1600,0.00941059930658742,""
"bace","rubin_types_mixed_BM_l0.3_r0_mcar0.3_n300_M20_s105",300,0.3,0,105,FALSE,1,2.65043877908819,3.88465792498779,1600,0.0104011887072808,""
"bace","rubin_types_mixed_BM_l0.3_r0_mcar0.3_n300_M20_s106",300,0.3,0,106,FALSE,1,2.51430139742936,3.99131887396365,1600,0.0212976721149084,""
"bace","rubin_types_mixed_BM_l0.3_r0_mcar0.3_n300_M20_s107",300,0.3,0,107,FALSE,1,1.03663152482368,29.8678006147908,1600,0.011887072808321,""
"bace","rubin_types_mixed_BM_l0.3_r0_mcar0.3_n300_M20_s108",300,0.3,0,108,FALSE,1,10.5402215732031,26.7113452928553,1600,0.00495294700346706,""
"bace","rubin_types_mixed_BM_l0.3_r0_mcar0.3_n300_M20_s109",300,0.3,0,109,FALSE,1,0.35,39.2697261319711,1600,0.0104011887072808,""
"bace","rubin_types_mixed_BM_l0.3_r0_mcar0.3_n300_M20_s110",300,0.3,0,110,FALSE,1,1.30265914576995,1.83186924950267,1600,0.0153541357107479,""
"bace","rubin_types_mixed_BM_l0.3_r0_mcar0.3_n300_M20_s111",300,0.3,0,111,FALSE,1,0.296249885501303,46.6228560814335,1600,0.00445765230312036,""
"bace","rubin_types_mixed_BM_l0.3_r0_mcar0.3_n300_M20_s112",300,0.3,0,112,FALSE,1,1.62976802361414,2.1612296267855,1600,0.0599306587419515,""
"bace","rubin_types_mixed_BM_l0.3_r0_mcar0.3_n300_M20_s113",300,0.3,0,113,FALSE,1,0.23414815339423,33.8171080857891,1600,0.00941059930658742,""
"bace","rubin_types_mixed_BM_l0.3_r0_mcar0.3_n300_M20_s114",300,0.3,0,114,FALSE,1,0.552617068272071,9.14399025161423,1600,0.0108964834076275,""
"bace","rubin_types_mixed_BM_l0.3_r0_mcar0.3_n300_M20_s115",300,0.3,0,115,FALSE,1,1.08058657842065,48.6744587720354,1600,0.00346706290242694,""
"bace","rubin_types_mixed_BM_l0.3_r0_mcar0.3_n300_M20_s116",300,0.3,0,116,FALSE,1,2.97430777708042,1.46087389168154,1600,0.0237741456166419,""
"bace","rubin_types_mixed_BM_l0.3_r0_mcar0.3_n300_M20_s117",300,0.3,0,117,FALSE,1,0.866613667991177,1.67773086972852,1600,0.0861812778603269,""
"bace","rubin_types_mixed_BM_l0.3_r0_mcar0.3_n300_M20_s118",300,0.3,0,118,FALSE,1,0.4,2.57679098702535,1600,0.0837048043585934,""
"bace","rubin_types_mixed_BM_l0.3_r0_mcar0.3_n300_M20_s119",300,0.3,0,119,FALSE,1,0.72999533256952,1.4462928556713,1600,0.087667161961367,""
"bace","rubin_types_mixed_BM_l0.3_r0_mcar0.3_n300_M20_s120",300,0.3,0,120,FALSE,1,0.666666666666667,1.524798828052,1600,0.0133729569093611,""
"bace","rubin_types_mixed_BM_l0.3_r0_mcar0.3_n300_M20_s121",300,0.3,0,121,FALSE,1,4,2.3872953147941,1600,0.0188211986131748,""
"bace","rubin_types_mixed_BM_l0.3_r0_mcar0.3_n300_M20_s122",300,0.3,0,122,FALSE,1,1.84555372790692,1.55733708690265,1600,0.0787518573551263,""
"bace","rubin_types_mixed_BM_l0.3_r0_mcar0.3_n300_M20_s123",300,0.3,0,123,FALSE,1,1111111.11111111,0.999918964352938,1600,0.181773155027241,""
"bace","rubin_types_mixed_BM_l0.3_r0_mcar0.3_n300_M20_s124",300,0.3,0,124,FALSE,1,3.35259664027408,1.87906120786007,1600,0.0846953937592868,""
"bace","rubin_types_mixed_BM_l0.3_r0_mcar0.3_n300_M20_s125",300,0.3,0,125,FALSE,1,1.81636323920438,1.23728771445941,1600,0.0564635958395245,""
"bace","rubin_types_mixed_BM_l0.3_r0_mcar0.3_n300_M20_s126",300,0.3,0,126,FALSE,1,0.307692307692308,3.57331795986593,1600,0.0227835562159485,""
"bace","rubin_types_mixed_BM_l0.3_r0_mcar0.3_n300_M20_s127",300,0.3,0,127,FALSE,1,0.673831356696603,3.1847178866033,1600,0.0133729569093611,""
"bace","rubin_types_mixed_BM_l0.3_r0_mcar0.3_n300_M20_s128",300,0.3,0,128,FALSE,1,1.8629318744301,1.28501333834902,1600,0.0950965824665676,""
"bace","rubin_types_mixed_BM_l0.3_r0_mcar0.3_n300_M20_s129",300,0.3,0,129,FALSE,1,0.225806451612903,3.68204787190508,1600,0.011887072808321,""
"bace","rubin_types_mixed_BM_l0.3_r0_mcar0.3_n300_M20_s130",300,0.3,0,130,FALSE,1,4.33628730364145,39.7615843470601,1600,0.00643883110450718,""
"bace","rubin_types_mixed_BM_l0.3_r0_mcar0.3_n300_M20_s131",300,0.3,0,131,TRUE,1,0.300985556920169,2.64841446418151,1600,0.122337790985636,""
"bace","rubin_types_mixed_BM_l0.3_r0_mcar0.3_n300_M20_s132",300,0.3,0,132,FALSE,1,1.2,2.9156366664689,1600,0.0955918771669143,""
"bace","rubin_types_mixed_BM_l0.3_r0_mcar0.3_n300_M20_s133",300,0.3,0,133,FALSE,1,1.04752075936311,2.17089518272807,1600,0.0579494799405646,""
"bace","rubin_types_mixed_BM_l0.3_r0_mcar0.3_n300_M20_s134",300,0.3,0,134,FALSE,1,0.911740386747477,1.71965804074761,1600,0.0668647845468053,""
"bace","rubin_types_mixed_BM_l0.3_r0_mcar0.3_n300_M20_s135",300,0.3,0,135,FALSE,1,2.52234212367707,2.47489693877802,1600,0.105002476473502,""
"bace","rubin_types_mixed_BM_l0.3_r0_mcar0.3_n300_M20_s136",300,0.3,0,136,FALSE,1,0.8,32.353230807372,1600,0.00594353640416048,""
"bace","rubin_types_mixed_BM_l0.3_r0_mcar0.3_n300_M20_s137",300,0.3,0,137,FALSE,1,1,1.16426121686014,1600,0.0737989103516592,""
"bace","rubin_types_mixed_BM_l0.3_r0_mcar0.3_n300_M20_s138",300,0.3,0,138,FALSE,1,0.57462476284939,1.61552042711155,1600,0.033680039623576,""
"bace","rubin_types_mixed_BM_l0.3_r0_mcar0.3_n300_M20_s139",300,0.3,0,139,FALSE,1,0.333333333333333,1.58183795319542,1600,0.0485388806339772,""
"bace","rubin_types_mixed_BM_l0.3_r0_mcar0.3_n300_M20_s140",300,0.3,0,140,FALSE,1,0.777777777777778,1.6642292103554,1600,0.0331847449232293,""
"bace","rubin_types_mixed_BM_l0.3_r0_mcar0.3_n300_M20_s141",300,0.3,0,141,TRUE,1,0.486126106458279,39.4698029114894,1600,0.00842000990589401,""
"bace","rubin_types_mixed_BM_l0.3_r0_mcar0.3_n300_M20_s142",300,0.3,0,142,FALSE,1,0.582401984928473,1.95855610688815,1600,0.099554234769688,""
"bace","rubin_types_mixed_BM_l0.3_r0_mcar0.3_n300_M20_s143",300,0.3,0,143,FALSE,1,1111111.11111111,1.48728850666347,1600,0.106488360574542,""
"bace","rubin_types_mixed_BM_l0.3_r0_mcar0.3_n300_M20_s144",300,0.3,0,144,FALSE,1,0.978802903738674,36.314552001559,1600,0.00594353640416048,""
"bace","rubin_types_mixed_BM_l0.3_r0_mcar0.3_n300_M20_s145",300,0.3,0,145,TRUE,1,0.375,1.01264899680618,1600,0.0812283308568598,""
"bace","rubin_types_mixed_BM_l0.3_r0_mcar0.3_n300_M20_s146",300,0.3,0,146,FALSE,1,4.01013898337379,1.23224224021278,1600,0.0326894502228826,""
"bace","rubin_types_mixed_BM_l0.3_r0_mcar0.3_n300_M20_s147",300,0.3,0,147,FALSE,1,0.153846153846154,48.7331245838995,1600,0.00346706290242694,""
"bace","rubin_types_mixed_BM_l0.3_r0_mcar0.3_n300_M20_s148",300,0.3,0,148,FALSE,1,0.528428657462987,1.20071682132122,1600,0.0648836057454185,""
"bace","rubin_types_mixed_BM_l0.3_r0_mcar0.3_n300_M20_s149",300,0.3,0,149,FALSE,1,0.222222222222222,46.1218209836174,1600,0.00742942050520059,""
"bace","rubin_types_mixed_BM_l0.3_r0_mcar0.3_n300_M20_s150",300,0.3,0,150,FALSE,1,0.752311684145946,49.8201768665578,1600,0.00346706290242694,""
"bace","rubin_types_mixed_BM_l0.3_r0_mcar0.3_n300_M20_s151",300,0.3,0,151,FALSE,1,2.44409599547982,1.45218738338105,1560.3033037675,0.070827142149579,""
"bace","rubin_types_mixed_BM_l0.3_r0_mcar0.3_n300_M20_s152",300,0.3,0,152,FALSE,1,0.144772117962467,78.5647282317578,1600,0.00247647350173353,""
"bace","rubin_types_mixed_BM_l0.3_r0_mcar0.3_n300_M20_s153",300,0.3,0,153,FALSE,1,1.1659988132726,1.80442991516953,1600,0.0643883110450718,""
"bace","rubin_types_mixed_BM_l0.3_r0_mcar0.3_n300_M20_s154",300,0.3,0,154,FALSE,1,4.6945303678672,2.76085322267273,1508.53732878482,0.0341753343239227,""
"bace","rubin_types_mixed_BM_l0.3_r0_mcar0.3_n300_M20_s155",300,0.3,0,155,FALSE,1,0.286541126473505,1.73009051930691,1600,0.0208023774145617,""
"bace","rubin_types_mixed_BM_l0.3_r0_mcar0.3_n300_M20_s156",300,0.3,0,156,FALSE,1,0.244414292613649,1.94567514953554,1600,0.0297176820208024,""
"bace","rubin_types_mixed_BM_l0.3_r0_mcar0.3_n300_M20_s157",300,0.3,0,157,TRUE,1,0.501932143000969,41.512947851789,1600,0.00346706290242694,""
"bace","rubin_types_mixed_BM_l0.3_r0_mcar0.3_n300_M20_s158",300,0.3,0,158,FALSE,1,0.345414982574952,3.29758913879324,1600,0.0500247647350173,""
"bace","rubin_types_mixed_BM_l0.3_r0_mcar0.3_n300_M20_s159",300,0.3,0,159,FALSE,1,1.34704714249171,1.6010568752729,1600,0.0198117880138683,""
"bace","rubin_types_mixed_BM_l0.3_r0_mcar0.3_n300_M20_s160",300,0.3,0,160,FALSE,1,0.510420052927567,2.09600190616041,1600,0.0104011887072808,""
"bace","rubin_types_mixed_BM_l0.3_r0_mcar0.3_n300_M20_s161",300,0.3,0,161,FALSE,1,0.444444444444445,1.40164976945171,1600,0.0693412580485389,""
"bace","rubin_types_mixed_BM_l0.3_r0_mcar0.3_n300_M20_s162",300,0.3,0,162,FALSE,1,0.545454545454545,1.55189119582048,1530.15287134568,0.12035661218425,""
"bace","rubin_types_mixed_BM_l0.3_r0_mcar0.3_n300_M20_s163",300,0.3,0,163,FALSE,1,0.571428571428571,1.28311592627744,1479.15054178996,0.0346706290242694,""
"bace","rubin_types_mixed_BM_l0.3_r0_mcar0.3_n300_M20_s164",300,0.3,0,164,FALSE,1,0.456938669719862,1.82236430958956,1470.56838396201,0.147597820703318,""
"bace","rubin_types_mixed_BM_l0.3_r0_mcar0.3_n300_M20_s165",300,0.3,0,165,FALSE,1,0.162939297124601,5.47961315814663,1600,0.00643883110450718,""
"bace","rubin_types_mixed_BM_l0.3_r0_mcar0.3_n300_M20_s166",300,0.3,0,166,FALSE,1,3.36021751697686,6.10664064431847,1600,0.0153541357107479,""
"bace","rubin_types_mixed_BM_l0.3_r0_mcar0.3_n300_M20_s167",300,0.3,0,167,FALSE,1,0.291666666666667,3.29499095768187,1600,0.0133729569093611,""
"bace","rubin_types_mixed_BM_l0.3_r0_mcar0.3_n300_M20_s168",300,0.3,0,168,FALSE,1,1.20127350963561,52.4184051983105,1600,0.00346706290242694,""
"bace","rubin_types_mixed_BM_l0.3_r0_mcar0.3_n300_M20_s169",300,0.3,0,169,FALSE,1,0.355072463768116,35.9790487202549,1600,0.00495294700346706,""
"bace","rubin_types_mixed_BM_l0.3_r0_mcar0.3_n300_M20_s170",300,0.3,0,170,FALSE,1,0.555924589205714,4.4197816818286,1460.45757747579,0.020307082714215,""
"bace","rubin_types_mixed_BM_l0.3_r0_mcar0.3_n300_M20_s171",300,0.3,0,171,FALSE,1,0.558328285908755,1.4218365734636,1600,0.0163447251114413,""
"bace","rubin_types_mixed_BM_l0.3_r0_mcar0.3_n300_M20_s172",300,0.3,0,172,FALSE,1,0.399017588948816,1.99655929581974,1600,0.0366518078256563,""
"bace","rubin_types_mixed_BM_l0.3_r0_mcar0.3_n300_M20_s173",300,0.3,0,173,FALSE,1,1.74336491739067,2.1799501835794,1600,0.0445765230312036,""
"bace","rubin_types_mixed_BM_l0.3_r0_mcar0.3_n300_M20_s174",300,0.3,0,174,FALSE,1,1.62382630794246,3.0763359863642,1600,0.0222882615156018,""
"bace","rubin_types_mixed_BM_l0.3_r0_mcar0.3_n300_M20_s175",300,0.3,0,175,TRUE,1,0.571428571428571,2.17181938801955,1600,0.0529965329370976,""
"bace","rubin_types_mixed_BM_l0.3_r0_mcar0.3_n300_M20_s176",300,0.3,0,176,FALSE,1,0.456832725125898,1.03922011443381,1600,0.0490341753343239,""
"bace","rubin_types_mixed_BM_l0.3_r0_mcar0.3_n300_M20_s177",300,0.3,0,177,FALSE,1,0.323293172690763,3.13984793764701,1600,0.0926201089648341,""
"bace","rubin_types_mixed_BM_l0.3_r0_mcar0.3_n300_M20_s178",300,0.3,0,178,TRUE,1,0.833333333333333,2.03837187552391,1600,0.13075780089153,""
"bace","rubin_types_mixed_BM_l0.3_r0_mcar0.3_n300_M20_s179",300,0.3,0,179,FALSE,1,6.06388780233011,36.5647943947779,1600,0.00445765230312036,""
"bace","rubin_types_mixed_BM_l0.3_r0_mcar0.3_n300_M20_s180",300,0.3,0,180,FALSE,1,2.34317500557742,26.9548135977474,1600,0.00643883110450718,""
"bace","rubin_types_mixed_BM_l0.3_r0_mcar0.3_n300_M20_s181",300,0.3,0,181,FALSE,1,0.2,49.2178268084227,1600,0.00495294700346706,""
"bace","rubin_types_mixed_BM_l0.3_r0_mcar0.3_n300_M20_s182",300,0.3,0,182,FALSE,1,6.11708686580288,2.49352796068529,1600,0.0366518078256563,""
"bace","rubin_types_mixed_BM_l0.3_r0_mcar0.3_n300_M20_s183",300,0.3,0,183,FALSE,1,0.636363636363636,2.72452906718947,1600,0.0619118375433383,""
"bace","rubin_types_mixed_BM_l0.3_r0_mcar0.3_n300_M20_s184",300,0.3,0,184,FALSE,1,1.43836941139173,70.6758851658156,1600,0.00247647350173353,""
"bace","rubin_types_mixed_BM_l0.3_r0_mcar0.3_n300_M20_s185",300,0.3,0,185,FALSE,1,0.443822795627375,1.48100058342709,1425.83248730009,0.12184249628529,""
"bace","rubin_types_mixed_BM_l0.3_r0_mcar0.3_n300_M20_s186",300,0.3,0,186,FALSE,1,0.434337594390386,2.84101298511312,1600,0.108469539375929,""
"bace","rubin_types_mixed_BM_l0.3_r0_mcar0.3_n300_M20_s187",300,0.3,0,187,FALSE,1,0.73993544892643,34.4956583404469,1600,0.00742942050520059,""
"bace","rubin_types_mixed_BM_l0.3_r0_mcar0.3_n300_M20_s188",300,0.3,0,188,FALSE,1,0.375,35.3614519988602,1600,0.00544824170381377,""
"bace","rubin_types_mixed_BM_l0.3_r0_mcar0.3_n300_M20_s189",300,0.3,0,189,FALSE,1,1.17456089186341,1.39398651324844,1524.7565228213,0.125804853888063,""
"bace","rubin_types_mixed_BM_l0.3_r0_mcar0.3_n300_M20_s190",300,0.3,0,190,FALSE,1,24.2465987193784,26.6644873897796,1600,0.00891530460624071,""
"bace","rubin_types_mixed_BM_l0.3_r0_mcar0.3_n300_M20_s191",300,0.3,0,191,FALSE,1,0.166666666666667,2.09248803278713,1600,0.102526002971768,""
"bace","rubin_types_mixed_BM_l0.3_r0_mcar0.3_n300_M20_s192",300,0.3,0,192,FALSE,1,1.1369865425471,1.83977865106777,1600,0.0782565626547796,""
"bace","rubin_types_mixed_BM_l0.3_r0_mcar0.3_n300_M20_s193",300,0.3,0,193,FALSE,1,0.181818181818182,30.141179999248,1600,0.00544824170381377,""
"bace","rubin_types_mixed_BM_l0.3_r0_mcar0.3_n300_M20_s194",300,0.3,0,194,FALSE,1,0.467667185608396,1.72802907137853,1600,0.0569588905398712,""
"bace","rubin_types_mixed_BM_l0.3_r0_mcar0.3_n300_M20_s195",300,0.3,0,195,FALSE,1,1.34553157562377,1.35790841881152,1600,0.0242694403169886,""
"bace","rubin_types_mixed_BM_l0.3_r0_mcar0.3_n300_M20_s196",300,0.3,0,196,FALSE,1,0.427898242337875,4.83801684800006,1600,0.0123823675086677,""
"bace","rubin_types_mixed_BM_l0.3_r0_mcar0.3_n300_M20_s197",300,0.3,0,197,FALSE,1,0.352941176470588,1.5923644401647,1600,0.00941059930658742,""
"bace","rubin_types_mixed_BM_l0.3_r0_mcar0.3_n300_M20_s198",300,0.3,0,198,FALSE,1,0.344904910959876,3.12851378911482,1600,0.0450718177315503,""
"bace","rubin_types_mixed_BM_l0.3_r0_mcar0.3_n300_M20_s199",300,0.3,0,199,TRUE,1,0.0798408214161433,37.2899270261851,1600,0.00346706290242694,""
"bace","rubin_types_mixed_BM_l0.3_r0_mcar0.3_n300_M20_s200",300,0.3,0,200,FALSE,1,1,1.55512231353535,1600,0.0534918276374443,""
"bace","rubin_types_mixed_BM_l0.3_r0.5_mcar0.3_n1000_M20_s10",1000,0.3,0.5,10,TRUE,1,0.0434782608695653,71.594494238205,1600,0.000495294700346706,""
"bace","rubin_types_mixed_BM_l0.3_r0.5_mcar0.3_n1000_M20_s11",1000,0.3,0.5,11,TRUE,1,0.149670618892457,54.7209369010189,1600,0.00247647350173353,""
"bace","rubin_types_mixed_BM_l0.3_r0.5_mcar0.3_n1000_M20_s12",1000,0.3,0.5,12,TRUE,1,0.028409090909091,65.3223087992056,1600,0.00297176820208024,""
"bace","rubin_types_mixed_BM_l0.3_r0.5_mcar0.3_n1000_M20_s13",1000,0.3,0.5,13,TRUE,1,0.011482254697286,82.5008677282029,1600,0.00148588410104012,""
"bace","rubin_types_mixed_BM_l0.3_r0.5_mcar0.3_n1000_M20_s14",1000,0.3,0.5,14,FALSE,1,0.0166666666666668,1.92717067479927,1600,0.00643883110450718,""
"bace","rubin_types_mixed_BM_l0.3_r0.5_mcar0.3_n1000_M20_s15",1000,0.3,0.5,15,TRUE,1,0.109675177661834,77.3070051229291,1600,0.000495294700346706,""
"bace","rubin_types_mixed_BM_l0.3_r0.5_mcar0.3_n1000_M20_s16",1000,0.3,0.5,16,FALSE,1,0.0833333333333333,69.2240063271845,1600,0.00198117880138683,""
"bace","rubin_types_mixed_BM_l0.3_r0.5_mcar0.3_n1000_M20_s17",1000,0.3,0.5,17,TRUE,1,0.0273972602739727,109.673585449892,1600,0,""
"bace","rubin_types_mixed_BM_l0.3_r0.5_mcar0.3_n1000_M20_s18",1000,0.3,0.5,18,TRUE,1,0.0885041786142697,79.4619752985873,1600,0.000990589400693413,""
"bace","rubin_types_mixed_BM_l0.3_r0.5_mcar0.3_n1000_M20_s19",1000,0.3,0.5,19,TRUE,1,0.0654564429988175,72.2978574770591,1600,0.000495294700346706,""
"bace","rubin_types_mixed_BM_l0.3_r0.5_mcar0.3_n1000_M20_s2",1000,0.3,0.5,2,TRUE,1,0.0357142857142857,78.9854043176222,1600,0.000990589400693413,""
"bace","rubin_types_mixed_BM_l0.3_r0.5_mcar0.3_n1000_M20_s20",1000,0.3,0.5,20,TRUE,1,0.0334928229665072,67.5889429058698,1600,0.00148588410104012,""
"bace","rubin_types_mixed_BM_l0.3_r0.5_mcar0.3_n1000_M20_s21",1000,0.3,0.5,21,FALSE,1,0.142857142857143,49.7114717928935,1600,0.00247647350173353,""
"bace","rubin_types_mixed_BM_l0.3_r0.5_mcar0.3_n1000_M20_s22",1000,0.3,0.5,22,TRUE,1,0.030674846625767,54.728924728138,1600,0.00396235760277365,""
"bace","rubin_types_mixed_BM_l0.3_r0.5_mcar0.3_n1000_M20_s23",1000,0.3,0.5,23,TRUE,1,0.0307692307692307,89.1159452088896,1600,0.000495294700346706,""
"bace","rubin_types_mixed_BM_l0.3_r0.5_mcar0.3_n1000_M20_s24",1000,0.3,0.5,24,FALSE,1,0.108484268131743,61.2499159776156,1600,0.000990589400693413,""
"bace","rubin_types_mixed_BM_l0.3_r0.5_mcar0.3_n1000_M20_s25",1000,0.3,0.5,25,TRUE,1,0.125,52.0612255335529,1600,0.00148588410104012,""
"bace","rubin_types_mixed_BM_l0.3_r0.5_mcar0.3_n1000_M20_s26",1000,0.3,0.5,26,TRUE,1,0.0864197530864197,61.4592659621192,1600,0.00198117880138683,""
"bace","rubin_types_mixed_BM_l0.3_r0.5_mcar0.3_n1000_M20_s27",1000,0.3,0.5,27,TRUE,1,0.0631578947368422,51.1465446299088,1600,0.00198117880138683,""
"bace","rubin_types_mixed_BM_l0.3_r0.5_mcar0.3_n1000_M20_s28",1000,0.3,0.5,28,TRUE,1,0.137931034482759,108.487896634037,1600,0,""
"bace","rubin_types_mixed_BM_l0.3_r0.5_mcar0.3_n1000_M20_s29",1000,0.3,0.5,29,TRUE,1,0.0277777777777778,75.7906540861714,1600,0.000990589400693413,""
"bace","rubin_types_mixed_BM_l0.3_r0.5_mcar0.3_n1000_M20_s3",1000,0.3,0.5,3,TRUE,1,0.439548999740308,69.5375373481261,1600,0.00247647350173353,""
"bace","rubin_types_mixed_BM_l0.3_r0.5_mcar0.3_n1000_M20_s30",1000,0.3,0.5,30,TRUE,1,0.0666666666666667,73.3939553554119,1600,0.000990589400693413,""
"bace","rubin_types_mixed_BM_l0.3_r0.5_mcar0.3_n1000_M20_s4",1000,0.3,0.5,4,TRUE,1,0.0200000000000001,86.7148877508746,1600,0.00148588410104012,""
"bace","rubin_types_mixed_BM_l0.3_r0.5_mcar0.3_n1000_M20_s5",1000,0.3,0.5,5,TRUE,1,0.0324675324675326,64.567957975223,1600,0.00148588410104012,""
"bace","rubin_types_mixed_BM_l0.3_r0.5_mcar0.3_n1000_M20_s6",1000,0.3,0.5,6,TRUE,1,0.0242718446601943,53.2068643845611,1600,0.00247647350173353,""
"bace","rubin_types_mixed_BM_l0.3_r0.5_mcar0.3_n1000_M20_s7",1000,0.3,0.5,7,FALSE,1,0.125,88.4903479622811,1600,0.000990589400693413,""
"bace","rubin_types_mixed_BM_l0.3_r0.5_mcar0.3_n1000_M20_s8",1000,0.3,0.5,8,TRUE,1,0.0618881778663286,60.31842356735,1600,0.00148588410104012,""
"bace","rubin_types_mixed_BM_l0.3_r0.5_mcar0.3_n1000_M20_s9",1000,0.3,0.5,9,FALSE,1,0.151670068322051,64.373751500784,1600,0.00198117880138683,""
"bace","rubin_types_mixed_BM_l0.3_r0.5_mcar0.3_n300_M20_s103",300,0.3,0.5,103,FALSE,1,0.3,49.3059955703486,1600,0.00544824170381377,""
"bace","rubin_types_mixed_BM_l0.3_r0.5_mcar0.3_n300_M20_s104",300,0.3,0.5,104,FALSE,1,0.333333333333333,3.7464075202192,1600,0.0356612184249629,""
"bace","rubin_types_mixed_BM_l0.3_r0.5_mcar0.3_n300_M20_s105",300,0.3,0.5,105,FALSE,1,0.205267748171049,23.4841902259897,1600,0.00643883110450718,""
"bace","rubin_types_mixed_BM_l0.3_r0.5_mcar0.3_n300_M20_s106",300,0.3,0.5,106,FALSE,1,0.129868037201105,2.13297666150697,1600,0.0728083209509658,""
"bace","rubin_types_mixed_BM_l0.3_r0.5_mcar0.3_n300_M20_s107",300,0.3,0.5,107,FALSE,1,0.0634920634920636,2.95095024854887,1600,0.0307082714214958,""
"bace","rubin_types_mixed_BM_l0.3_r0.5_mcar0.3_n300_M20_s108",300,0.3,0.5,108,TRUE,1,0.269230769230769,1.28588679749486,1600,0.0316988608221892,""
"bace","rubin_types_mixed_BM_l0.3_r0.5_mcar0.3_n300_M20_s109",300,0.3,0.5,109,TRUE,1,0.214285714285714,1.79136446628964,1600,0.0406141654284299,""
"bace","rubin_types_mixed_BM_l0.3_r0.5_mcar0.3_n300_M20_s110",300,0.3,0.5,110,FALSE,1,0.0961584447820757,1.90323043167689,1600,0.0386329866270431,""
"bace","rubin_types_mixed_BM_l0.3_r0.5_mcar0.3_n300_M20_s111",300,0.3,0.5,111,TRUE,1,0.0714285714285714,1.53197247788911,1600,0.0257553244180287,""
"bace","rubin_types_mixed_BM_l0.3_r0.5_mcar0.3_n300_M20_s112",300,0.3,0.5,112,TRUE,1,0.46482040293256,1.72865091779872,1600,0.0108964834076275,""
"bace","rubin_types_mixed_BM_l0.3_r0.5_mcar0.3_n300_M20_s113",300,0.3,0.5,113,FALSE,1,0.27114777697178,55.2538528716658,1600,0.00198117880138683,""
"bace","rubin_types_mixed_BM_l0.3_r0.5_mcar0.3_n300_M20_s114",300,0.3,0.5,114,FALSE,1,0.27160956990906,1.526815895892,1600,0.0445765230312036,""
"bace","rubin_types_mixed_BM_l0.3_r0.5_mcar0.3_n300_M20_s115",300,0.3,0.5,115,TRUE,1,0.166810206628954,44.6389947107567,1600,0.00148588410104012,""
"bace","rubin_types_mixed_BM_l0.3_r0.5_mcar0.3_n300_M20_s116",300,0.3,0.5,116,FALSE,1,0.0666666666666668,1.61586395516499,1600,0.033680039623576,""
"bace","rubin_types_mixed_BM_l0.3_r0.5_mcar0.3_n300_M20_s117",300,0.3,0.5,117,TRUE,1,0.245349440015056,1.89517398938029,1600,0.0435859336305102,""
"bace","rubin_types_mixed_BM_l0.3_r0.5_mcar0.3_n300_M20_s118",300,0.3,0.5,118,TRUE,1,2.04465029297003,1.21016687305045,1600,0.0866765725606736,""
"bace","rubin_types_mixed_BM_l0.3_r0.5_mcar0.3_n300_M20_s119",300,0.3,0.5,119,FALSE,1,0.5,2.28402950140603,1600,0.0747894997523526,""
"bace","rubin_types_mixed_BM_l0.3_r0.5_mcar0.3_n300_M20_s120",300,0.3,0.5,120,TRUE,1,0.0493827160493827,1.52755299029392,1600,0.025260029717682,""
"bace","rubin_types_mixed_BM_l0.3_r0.5_mcar0.3_n300_M20_s121",300,0.3,0.5,121,TRUE,1,0.153662496552711,56.2421187576428,1600,0.00247647350173353,""
"bace","rubin_types_mixed_BM_l0.3_r0.5_mcar0.3_n300_M20_s122",300,0.3,0.5,122,FALSE,1,0.146982375709735,2.75547724066373,1600,0.0440812283308569,""
"bace","rubin_types_mixed_BM_l0.3_r0.5_mcar0.3_n300_M20_s123",300,0.3,0.5,123,FALSE,1,0.0787142571616831,1.32061163290346,1600,0.0326894502228826,""
"bace","rubin_types_mixed_BM_l0.3_r0.5_mcar0.3_n300_M20_s124",300,0.3,0.5,124,FALSE,1,0.333333333333333,1.58193955361929,1600,0.0881624566617137,""
"bace","rubin_types_mixed_BM_l0.3_r0.5_mcar0.3_n300_M20_s125",300,0.3,0.5,125,FALSE,1,0.222222222222222,1.62447484076451,1600,0.0534918276374443,""
"bace","rubin_types_mixed_BM_l0.3_r0.5_mcar0.3_n300_M20_s126",300,0.3,0.5,126,FALSE,1,2.18679764063593,3.10429722191471,1600,0.0807330361565131,""
"bace","rubin_types_mixed_BM_l0.3_r0.5_mcar0.3_n300_M20_s127",300,0.3,0.5,127,TRUE,1,0.0476190476190476,33.6755260673033,1600,0.00643883110450718,""
"bace","rubin_types_mixed_BM_l0.3_r0.5_mcar0.3_n300_M20_s128",300,0.3,0.5,128,TRUE,1,0.0661032444584632,2.74679876237075,1600,0.0123823675086677,""
"bace","rubin_types_mixed_BM_l0.3_r0.5_mcar0.3_n300_M20_s129",300,0.3,0.5,129,TRUE,1,0.0526315789473684,41.6330715656213,1600,0.00198117880138683,""
"bace","rubin_types_mixed_BM_l0.3_r0.5_mcar0.3_n300_M20_s130",300,0.3,0.5,130,TRUE,1,0.285714285714286,2.73099287057235,1600,0.0148588410104012,""
"bace","rubin_types_mixed_BM_l0.3_r0.5_mcar0.3_n300_M20_s131",300,0.3,0.5,131,FALSE,1,0.153846153846154,1.69521028911006,1600,0.160475482912333,""
"bace","rubin_types_mixed_BM_l0.3_r0.5_mcar0.3_n300_M20_s132",300,0.3,0.5,132,FALSE,1,0.4,61.5067243667691,1600,0.00198117880138683,""
"bace","rubin_types_mixed_BM_l0.3_r0.5_mcar0.3_n300_M20_s133",300,0.3,0.5,133,TRUE,1,0.142857142857143,3.31260105190967,1600,0.0272412085190688,""
"bace","rubin_types_mixed_BM_l0.3_r0.5_mcar0.3_n300_M20_s134",300,0.3,0.5,134,TRUE,1,0.214285714285714,1.27893440534687,1600,0.00842000990589401,""
"bace","rubin_types_mixed_BM_l0.3_r0.5_mcar0.3_n300_M20_s135",300,0.3,0.5,135,FALSE,1,7.69213038430513,1.09425764087107,1600,0.028727092620109,""
"bace","rubin_types_mixed_BM_l0.3_r0.5_mcar0.3_n300_M20_s136",300,0.3,0.5,136,TRUE,1,0.571428571428571,0.973529515269586,1600,0.0747894997523526,""
"bace","rubin_types_mixed_BM_l0.3_r0.5_mcar0.3_n300_M20_s137",300,0.3,0.5,137,FALSE,1,0.172892831922992,1.09951360216941,1600,0.0465577018325904,""
"bace","rubin_types_mixed_BM_l0.3_r0.5_mcar0.3_n300_M20_s138",300,0.3,0.5,138,TRUE,1,0.105263157894737,6.90445624578421,1600,0.00594353640416048,""
"bace","rubin_types_mixed_BM_l0.3_r0.5_mcar0.3_n300_M20_s139",300,0.3,0.5,139,FALSE,1,0.214285714285714,59.6018750859816,1600,0.00198117880138683,""
"bace","rubin_types_mixed_BM_l0.3_r0.5_mcar0.3_n300_M20_s140",300,0.3,0.5,140,FALSE,1,0.0615384615384615,2.20578209522176,1600,0.0237741456166419,""
"bace","rubin_types_mixed_BM_l0.3_r0.5_mcar0.3_n300_M20_s141",300,0.3,0.5,141,TRUE,1,0.505265435880326,59.5929092923303,1600,0.00346706290242694,""
"bace","rubin_types_mixed_BM_l0.3_r0.5_mcar0.3_n300_M20_s142",300,0.3,0.5,142,TRUE,1,0.0710880999367432,2.79787985520471,1600,0.0633977216443784,""
"bace","rubin_types_mixed_BM_l0.3_r0.5_mcar0.3_n300_M20_s143",300,0.3,0.5,143,FALSE,1,2.4,1.45575434219813,1600,0.144130757800892,""
"bace","rubin_types_mixed_BM_l0.3_r0.5_mcar0.3_n300_M20_s144",300,0.3,0.5,144,TRUE,1,0.105263157894737,1.84212087291591,1600,0.067360079247152,""
"bace","rubin_types_mixed_BM_l0.3_r0.5_mcar0.3_n300_M20_s145",300,0.3,0.5,145,TRUE,1,0.0799999999999999,1.35930008279143,1600,0.0698365527488856,""
"bace","rubin_types_mixed_BM_l0.3_r0.5_mcar0.3_n300_M20_s146",300,0.3,0.5,146,TRUE,1,0.240028481872253,1.76901878353257,1600,0.0723130262506191,""
"bace","rubin_types_mixed_BM_l0.3_r0.5_mcar0.3_n300_M20_s147",300,0.3,0.5,147,FALSE,1,0.20380468233399,53.7523579077431,1600,0.00247647350173353,""
"bace","rubin_types_mixed_BM_l0.3_r0.5_mcar0.3_n300_M20_s148",300,0.3,0.5,148,TRUE,1,0.053751004502429,4.5664498410841,1600,0.0931154036651808,""
"bace","rubin_types_mixed_BM_l0.3_r0.5_mcar0.3_n300_M20_s149",300,0.3,0.5,149,FALSE,1,0.0689655172413792,19.2065922384894,1600,0.00445765230312036,""
"bace","rubin_types_mixed_BM_l0.3_r0.5_mcar0.3_n300_M20_s150",300,0.3,0.5,150,TRUE,1,0.26868618671792,4.11774359694049,1600,0.0123823675086677,""
"bace","rubin_types_mixed_BM_l0.3_r0.5_mcar0.3_n300_M20_s151",300,0.3,0.5,151,FALSE,1,0.25,2.26505556027949,1600,0.0643883110450718,""
"bace","rubin_types_mixed_BM_l0.3_r0.5_mcar0.3_n300_M20_s152",300,0.3,0.5,152,TRUE,1,0.235294117647059,2.70514038377399,1600,0.0108964834076275,""
"bace","rubin_types_mixed_BM_l0.3_r0.5_mcar0.3_n300_M20_s153",300,0.3,0.5,153,TRUE,1,0.1875,1.19720246032314,1600,0.0376423972263497,""
"bace","rubin_types_mixed_BM_l0.3_r0.5_mcar0.3_n300_M20_s154",300,0.3,0.5,154,FALSE,1,0.2,1.08454174992531,1600,0.0416047548291233,""
"bace","rubin_types_mixed_BM_l0.3_r0.5_mcar0.3_n300_M20_s155",300,0.3,0.5,155,FALSE,1,0.239747327271681,43.1505535833638,1600,0.00198117880138683,""
"bace","rubin_types_mixed_BM_l0.3_r0.5_mcar0.3_n300_M20_s156",300,0.3,0.5,156,TRUE,1,0.0833333333333335,1.8827745965144,1600,0.0277365032194156,""
"bace","rubin_types_mixed_BM_l0.3_r0.5_mcar0.3_n300_M20_s157",300,0.3,0.5,157,FALSE,1,0.193371959856035,2.20404817968433,1600,0.0851906884596335,""
"bace","rubin_types_mixed_BM_l0.3_r0.5_mcar0.3_n300_M20_s158",300,0.3,0.5,158,TRUE,1,2.84290700591722,1.06875448006568,1600,0.131253095591877,""
"bace","rubin_types_mixed_BM_l0.3_r0.5_mcar0.3_n300_M20_s159",300,0.3,0.5,159,FALSE,1,0.0908163902793228,2.25122359787179,1600,0.12035661218425,""
"bace","rubin_types_mixed_BM_l0.3_r0.5_mcar0.3_n300_M20_s160",300,0.3,0.5,160,FALSE,1,0.108476534833129,1.12831627350274,1600,0.174343734522041,""
"bace","rubin_types_mixed_BM_l0.3_r0.5_mcar0.3_n300_M20_s161",300,0.3,0.5,161,FALSE,1,0.2,66.27768280113,1600,0.00148588410104012,""
"bace","rubin_types_mixed_BM_l0.3_r0.5_mcar0.3_n300_M20_s162",300,0.3,0.5,162,FALSE,1,0.117647058823529,2.66721022536859,1600,0.0906389301634472,""
"bace","rubin_types_mixed_BM_l0.3_r0.5_mcar0.3_n300_M20_s163",300,0.3,0.5,163,TRUE,1,0.302412745827756,77.0375113926188,1600,0.000990589400693413,""
"bace","rubin_types_mixed_BM_l0.3_r0.5_mcar0.3_n300_M20_s164",300,0.3,0.5,164,FALSE,1,0.214285714285714,1.26319187511406,1600,0.0916295195641407,""
"bace","rubin_types_mixed_BM_l0.3_r0.5_mcar0.3_n300_M20_s165",300,0.3,0.5,165,FALSE,1,0.452200965776226,58.5222151192437,1600,0.00297176820208024,""
"bace","rubin_types_mixed_BM_l0.3_r0.5_mcar0.3_n300_M20_s166",300,0.3,0.5,166,FALSE,1,0.333333333333333,1.628107380634,1600,0.033680039623576,""
"bace","rubin_types_mixed_BM_l0.3_r0.5_mcar0.3_n300_M20_s167",300,0.3,0.5,167,FALSE,1,0.18140104052819,31.8245574391203,1600,0.00544824170381377,""
"bace","rubin_types_mixed_BM_l0.3_r0.5_mcar0.3_n300_M20_s168",300,0.3,0.5,168,FALSE,1,0.251764944826422,45.54419333419,1600,0.00148588410104012,""
"bace","rubin_types_mixed_BM_l0.3_r0.5_mcar0.3_n300_M20_s169",300,0.3,0.5,169,TRUE,1,0.0563380281690142,46.9688893778043,1600,0.00396235760277365,""
"bace","rubin_types_mixed_BM_l0.3_r0.5_mcar0.3_n300_M20_s170",300,0.3,0.5,170,FALSE,1,0.149731006102796,2.22990348431987,1600,0.0827142149579,""
"bace","rubin_types_mixed_BM_l0.3_r0.5_mcar0.3_n300_M20_s171",300,0.3,0.5,171,FALSE,1,0.15558028753872,57.4279466743557,1600,0.00148588410104012,""
"bace","rubin_types_mixed_BM_l0.3_r0.5_mcar0.3_n300_M20_s172",300,0.3,0.5,172,TRUE,1,0.175929312625878,7.37198139483538,1600,0.00742942050520059,""
"bace","rubin_types_mixed_BM_l0.3_r0.5_mcar0.3_n300_M20_s173",300,0.3,0.5,173,TRUE,1,0.166666666666667,91.5899877227097,1600,0.000990589400693413,""
"bace","rubin_types_mixed_BM_l0.3_r0.5_mcar0.3_n300_M20_s174",300,0.3,0.5,174,TRUE,1,0.079355172435037,2.91001205170568,1600,0.0510153541357107,""
"bace","rubin_types_mixed_BM_l0.3_r0.5_mcar0.3_n300_M20_s175",300,0.3,0.5,175,FALSE,1,0.0978225877349769,1.29873595816623,1600,0.0232788509162952,""
"bace","rubin_types_mixed_BM_l0.3_r0.5_mcar0.3_n300_M20_s176",300,0.3,0.5,176,TRUE,1,0.0465116279069768,1.21070679251467,1600,0.137196631996038,""
"bace","rubin_types_mixed_BM_l0.3_r0.5_mcar0.3_n300_M20_s177",300,0.3,0.5,177,TRUE,1,0.101694915254237,60.8018947794674,1600,0.00198117880138683,""
"bace","rubin_types_mixed_BM_l0.3_r0.5_mcar0.3_n300_M20_s178",300,0.3,0.5,178,TRUE,1,0.0199999999999999,1.96782007644158,1600,0.177810797424468,""
"bace","rubin_types_mixed_BM_l0.3_r0.5_mcar0.3_n300_M20_s179",300,0.3,0.5,179,TRUE,1,0.0535714285714286,81.7604271460422,1600,0.000495294700346706,""
"bace","rubin_types_mixed_BM_l0.3_r0.5_mcar0.3_n300_M20_s180",300,0.3,0.5,180,TRUE,1,0.0799999999999999,16.7899661361664,1600,0.0108964834076275,""
"bace","rubin_types_mixed_BM_l0.3_r0.5_mcar0.3_n300_M20_s181",300,0.3,0.5,181,FALSE,1,0.13161197195085,1.69072361998357,1520.72847816892,0.141654284299158,""
"bace","rubin_types_mixed_BM_l0.3_r0.5_mcar0.3_n300_M20_s182",300,0.3,0.5,182,FALSE,1,0.319580074289186,3.71947107617813,1600,0.0123823675086677,""
"bace","rubin_types_mixed_BM_l0.3_r0.5_mcar0.3_n300_M20_s183",300,0.3,0.5,183,FALSE,1,0.0869565217391306,2.72906478840874,1600,0.091134224863794,""
"bace","rubin_types_mixed_BM_l0.3_r0.5_mcar0.3_n300_M20_s184",300,0.3,0.5,184,FALSE,1,0.0714285714285715,1.01660628325279,1600,0.0594353640416048,""
"bace","rubin_types_mixed_BM_l0.3_r0.5_mcar0.3_n300_M20_s185",300,0.3,0.5,185,TRUE,1,0.125,1.72496999166781,1600,0.0485388806339772,""
"bace","rubin_types_mixed_BM_l0.3_r0.5_mcar0.3_n300_M20_s186",300,0.3,0.5,186,FALSE,1,3.39787578450904,3.79527943485329,1600,0.0916295195641407,""
"bace","rubin_types_mixed_BM_l0.3_r0.5_mcar0.3_n300_M20_s187",300,0.3,0.5,187,TRUE,1,0.0588235294117646,27.5750671236368,1600,0.00495294700346706,""
"bace","rubin_types_mixed_BM_l0.3_r0.5_mcar0.3_n300_M20_s188",300,0.3,0.5,188,TRUE,1,0.157911281348811,1.92860657684317,1600,0.0559683011391778,""
"bace","rubin_types_mixed_BM_l0.3_r0.5_mcar0.3_n300_M20_s189",300,0.3,0.5,189,FALSE,1,0.0983167756059559,1.36607646471383,1600,0.0975730559683011,""
"bace","rubin_types_mixed_BM_l0.3_r0.5_mcar0.3_n300_M20_s190",300,0.3,0.5,190,FALSE,1,0.111111111111111,1.44732759736061,1600,0.00842000990589401,""
"bace","rubin_types_mixed_BM_l0.3_r0.5_mcar0.3_n300_M20_s191",300,0.3,0.5,191,TRUE,1,0.0357142857142857,1.08107640397519,1600,0.224368499257058,""
"bace","rubin_types_mixed_BM_l0.3_r0.5_mcar0.3_n300_M20_s192",300,0.3,0.5,192,FALSE,1,0.192307692307692,3.30221277385206,1600,0.108964834076275,""
"bace","rubin_types_mixed_BM_l0.3_r0.5_mcar0.3_n300_M20_s193",300,0.3,0.5,193,FALSE,1,0.124675632479842,2.45115054875729,1600,0.0381376919266964,""
"bace","rubin_types_mixed_BM_l0.3_r0.5_mcar0.3_n300_M20_s194",300,0.3,0.5,194,FALSE,1,0.352541153523215,11.2886838736382,1600,0.00742942050520059,""
"bace","rubin_types_mixed_BM_l0.3_r0.5_mcar0.3_n300_M20_s195",300,0.3,0.5,195,FALSE,1,0.666666666666667,1.3300047008658,1600,0.045567112431897,""
"bace","rubin_types_mixed_BM_l0.3_r0.5_mcar0.3_n300_M20_s196",300,0.3,0.5,196,FALSE,1,0.274526057223099,1.76935463562001,1600,0.0525012382367509,""
"bace","rubin_types_mixed_BM_l0.3_r0.5_mcar0.3_n300_M20_s197",300,0.3,0.5,197,FALSE,1,0.0705966402186445,1.95454051777942,1600,0.062407132243685,""
"bace","rubin_types_mixed_BM_l0.3_r0.5_mcar0.3_n300_M20_s198",300,0.3,0.5,198,FALSE,1,0.107142857142857,35.6901743052943,1600,0.00346706290242694,""
"bace","rubin_types_mixed_BM_l0.3_r0.5_mcar0.3_n300_M20_s199",300,0.3,0.5,199,FALSE,1,0.137931034482759,3.45958689204311,1600,0.00495294700346706,""
"bace","rubin_types_mixed_BM_l0.3_r0.5_mcar0.3_n300_M20_s200",300,0.3,0.5,200,TRUE,1,0.0588235294117648,4.81752737973317,1600,0.0406141654284299,""
"bace","rubin_types_mixed_BM_l0.7_r0_mcar0.3_n1000_M20_s10",1000,0.7,0,10,TRUE,1,0.333333333333333,1.26948102480837,1441.35547133874,0.177315502724121,""
"bace","rubin_types_mixed_BM_l0.7_r0_mcar0.3_n1000_M20_s11",1000,0.7,0,11,FALSE,1,0.0724086903031529,70.9046193766649,1600,0.00148588410104012,""
"bace","rubin_types_mixed_BM_l0.7_r0_mcar0.3_n1000_M20_s12",1000,0.7,0,12,TRUE,1,0.266666666666667,73.8915573388094,1528.63555753565,0.00247647350173353,""
"bace","rubin_types_mixed_BM_l0.7_r0_mcar0.3_n1000_M20_s13",1000,0.7,0,13,TRUE,1,0.48466936912384,60.9779099576674,1470.84168922326,0.00297176820208024,""
"bace","rubin_types_mixed_BM_l0.7_r0_mcar0.3_n1000_M20_s14",1000,0.7,0,14,TRUE,1,0.0588235294117647,1.26779827008558,1413.74105798996,0.106983655274889,""
"bace","rubin_types_mixed_BM_l0.7_r0_mcar0.3_n1000_M20_s15",1000,0.7,0,15,TRUE,1,0.231876087609966,121.301109006074,1600,0,""
"bace","rubin_types_mixed_BM_l0.7_r0_mcar0.3_n1000_M20_s16",1000,0.7,0,16,TRUE,1,0.055930568948891,55.912120818897,1600,0.00198117880138683,""
"bace","rubin_types_mixed_BM_l0.7_r0_mcar0.3_n1000_M20_s17",1000,0.7,0,17,TRUE,1,0.529682349765752,1.28962650993873,1600,0.0411094601287766,""
"bace","rubin_types_mixed_BM_l0.7_r0_mcar0.3_n1000_M20_s18",1000,0.7,0,18,FALSE,1,1,0.995458597815671,1600,0.0594353640416048,""
"bace","rubin_types_mixed_BM_l0.7_r0_mcar0.3_n1000_M20_s19",1000,0.7,0,19,TRUE,1,0.0576080150281778,1.62445502501647,1600,0.0386329866270431,""
"bace","rubin_types_mixed_BM_l0.7_r0_mcar0.3_n1000_M20_s2",1000,0.7,0,2,FALSE,1,0.0254237288135592,22.6104623258245,1600,0.011887072808321,""
"bace","rubin_types_mixed_BM_l0.7_r0_mcar0.3_n1000_M20_s20",1000,0.7,0,20,TRUE,1,0.150234741784038,46.5760824851761,1600,0.00346706290242694,""
"bace","rubin_types_mixed_BM_l0.7_r0_mcar0.3_n1000_M20_s21",1000,0.7,0,21,FALSE,1,1,1.23669778665947,1470.54412343279,0.140168400198118,""
"bace","rubin_types_mixed_BM_l0.7_r0_mcar0.3_n1000_M20_s22",1000,0.7,0,22,TRUE,1,0.240200166805671,1.42505269828789,1600,0.0307082714214958,""
"bace","rubin_types_mixed_BM_l0.7_r0_mcar0.3_n1000_M20_s23",1000,0.7,0,23,FALSE,1,0.0791984732824428,7.53650395365622,1600,0.00643883110450718,""
"bace","rubin_types_mixed_BM_l0.7_r0_mcar0.3_n1000_M20_s24",1000,0.7,0,24,FALSE,1,0.153846153846154,25.244164949677,1481.64207645667,0.0163447251114413,""
"bace","rubin_types_mixed_BM_l0.7_r0_mcar0.3_n1000_M20_s25",1000,0.7,0,25,FALSE,1,0.516256128453543,64.3583711197141,1600,0.00198117880138683,""
"bace","rubin_types_mixed_BM_l0.7_r0_mcar0.3_n1000_M20_s26",1000,0.7,0,26,TRUE,1,0.0714285714285714,1.20244224175711,1600,0.0837048043585934,""
"bace","rubin_types_mixed_BM_l0.7_r0_mcar0.3_n1000_M20_s27",1000,0.7,0,27,FALSE,1,0.61120972057257,69.4864789222165,1600,0.000495294700346706,""
"bace","rubin_types_mixed_BM_l0.7_r0_mcar0.3_n1000_M20_s28",1000,0.7,0,28,FALSE,1,1,2.92684465029732,1600,0.0718177315502724,""
"bace","rubin_types_mixed_BM_l0.7_r0_mcar0.3_n1000_M20_s29",1000,0.7,0,29,TRUE,1,0.125,1.17994689532634,1488.13412049112,0.0698365527488856,""
"bace","rubin_types_mixed_BM_l0.7_r0_mcar0.3_n1000_M20_s3",1000,0.7,0,3,FALSE,1,0.759504803343442,98.1544291246214,1600,0.000495294700346706,""
"bace","rubin_types_mixed_BM_l0.7_r0_mcar0.3_n1000_M20_s30",1000,0.7,0,30,FALSE,1,1,5.90599304677614,1600,0.058940069341258,""
"bace","rubin_types_mixed_BM_l0.7_r0_mcar0.3_n1000_M20_s4",1000,0.7,0,4,TRUE,1,0.0708838710708474,1.01429180376676,1449.65150416534,0.210004952947003,""
"bace","rubin_types_mixed_BM_l0.7_r0_mcar0.3_n1000_M20_s5",1000,0.7,0,5,FALSE,1,0.059105162839115,33.7540174627025,1600,0.00495294700346706,""
"bace","rubin_types_mixed_BM_l0.7_r0_mcar0.3_n1000_M20_s6",1000,0.7,0,6,FALSE,1,2.25,47.3192484853326,1566.17618051452,0.0104011887072808,""
"bace","rubin_types_mixed_BM_l0.7_r0_mcar0.3_n1000_M20_s64",1000,0.7,0,64,FALSE,1,0.678621987019561,49.9085301857345,1600,0.00297176820208024,""
"bace","rubin_types_mixed_BM_l0.7_r0_mcar0.3_n1000_M20_s65",1000,0.7,0,65,FALSE,1,0.0405405405405406,35.1805658293916,1479.76965803862,0.0153541357107479,""
"bace","rubin_types_mixed_BM_l0.7_r0_mcar0.3_n1000_M20_s7",1000,0.7,0,7,TRUE,1,0.0364963503649635,54.3207919185749,1600,0.00396235760277365,""
"bace","rubin_types_mixed_BM_l0.7_r0_mcar0.3_n1000_M20_s8",1000,0.7,0,8,FALSE,1,0.833333333333333,76.0138812678437,1600,0.00297176820208024,""
"bace","rubin_types_mixed_BM_l0.7_r0_mcar0.3_n1000_M20_s9",1000,0.7,0,9,TRUE,1,0.140625,32.840101983525,1600,0.00742942050520059,""
"bace","rubin_types_mixed_BM_l0.7_r0_mcar0.3_n300_M20_s103",300,0.7,0,103,FALSE,1,0.571428571428571,3.20658861248706,1330.05360530554,0.0802377414561664,""
"bace","rubin_types_mixed_BM_l0.7_r0_mcar0.3_n300_M20_s104",300,0.7,0,104,FALSE,1,0.076923076923077,4.35719511508366,1552.6591941485,0.0257553244180287,""
"bace","rubin_types_mixed_BM_l0.7_r0_mcar0.3_n300_M20_s105",300,0.7,0,105,FALSE,1,0.0932988587788961,0.90826773329688,1600,0.0975730559683011,""
"bace","rubin_types_mixed_BM_l0.7_r0_mcar0.3_n300_M20_s106",300,0.7,0,106,TRUE,1,0.343753680812386,1.67579326717016,1406.67401430854,0.114908370480436,""
"bace","rubin_types_mixed_BM_l0.7_r0_mcar0.3_n300_M20_s107",300,0.7,0,107,FALSE,1,2.85521952926027,2.19163555449342,1389.73938861563,0.1654284299158,""
"bace","rubin_types_mixed_BM_l0.7_r0_mcar0.3_n300_M20_s108",300,0.7,0,108,FALSE,1,0.752561167579426,1.46041157821632,1587.51792915635,0.115403665180783,""
"bace","rubin_types_mixed_BM_l0.7_r0_mcar0.3_n300_M20_s109",300,0.7,0,109,FALSE,1,0.13719512195122,1.78539903891186,1244.5001621617,0.232293214462605,""
"bace","rubin_types_mixed_BM_l0.7_r0_mcar0.3_n300_M20_s110",300,0.7,0,110,FALSE,1,1.14549976614165,1.50538641217049,1382.49558643454,0.205547300643883,""
"bace","rubin_types_mixed_BM_l0.7_r0_mcar0.3_n300_M20_s111",300,0.7,0,111,TRUE,1,1.17966287253006,2.05557091208637,1600,0.110946012877662,""
"bace","rubin_types_mixed_BM_l0.7_r0_mcar0.3_n300_M20_s112",300,0.7,0,112,FALSE,1,24.0604559461273,0.828766406600641,1396.06289547134,0.139673105497771,""
"bace","rubin_types_mixed_BM_l0.7_r0_mcar0.3_n300_M20_s113",300,0.7,0,113,TRUE,1,0.319391336796629,1.38196579655705,1404.05885211335,0.262506191183754,""
"bace","rubin_types_mixed_BM_l0.7_r0_mcar0.3_n300_M20_s114",300,0.7,0,114,FALSE,1,0.173466948639629,1.53386095116037,1305.45167114556,0.245666171371966,""
"bace","rubin_types_mixed_BM_l0.7_r0_mcar0.3_n300_M20_s115",300,0.7,0,115,FALSE,1,2,1.46324238341118,1450.03330565837,0.070827142149579,""
"bace","rubin_types_mixed_BM_l0.7_r0_mcar0.3_n300_M20_s116",300,0.7,0,116,FALSE,1,1,0.948474693400611,1002.30683329785,0.316493313521545,""
"bace","rubin_types_mixed_BM_l0.7_r0_mcar0.3_n300_M20_s117",300,0.7,0,117,FALSE,1,0.214285714285714,1.42247130357592,1407.7910906044,0.353145121347202,""
"bace","rubin_types_mixed_BM_l0.7_r0_mcar0.3_n300_M20_s118",300,0.7,0,118,FALSE,1,0.13353115727003,2.47719716097716,1450.63892340139,0.214957899950471,""
"bace","rubin_types_mixed_BM_l0.7_r0_mcar0.3_n300_M20_s119",300,0.7,0,119,FALSE,1,0.333333333333333,1.55787371266972,1382.35409677337,0.157008420009906,""
"bace","rubin_types_mixed_BM_l0.7_r0_mcar0.3_n300_M20_s120",300,0.7,0,120,FALSE,1,1,0.975265684057234,1447.37502434925,0.151064883605745,""
"bace","rubin_types_mixed_BM_l0.7_r0_mcar0.3_n300_M20_s121",300,0.7,0,121,FALSE,1,0.257980876189356,1.13657213485691,851.040685007838,0.283308568598316,""
"bace","rubin_types_mixed_BM_l0.7_r0_mcar0.3_n300_M20_s122",300,0.7,0,122,FALSE,1,0.522779273139751,1.21936326226816,1451.36921179814,0.146607231302625,""
"bace","rubin_types_mixed_BM_l0.7_r0_mcar0.3_n300_M20_s123",300,0.7,0,123,TRUE,1,0.0925707230426896,1.09974010633347,1531.77755986966,0.025974025974026,"ord: dropped 1 empty level(s)"
"bace","rubin_types_mixed_BM_l0.7_r0_mcar0.3_n300_M20_s124",300,0.7,0,124,FALSE,1,2222222.22222222,0.510281991503534,1380.86267133515,0.259039128281327,""
"bace","rubin_types_mixed_BM_l0.7_r0_mcar0.3_n300_M20_s125",300,0.7,0,125,FALSE,1,0.66402432378078,1.33093360070346,1265.67398864548,0.16840019811788,""
"bace","rubin_types_mixed_BM_l0.7_r0_mcar0.3_n300_M20_s126",300,0.7,0,126,FALSE,1,0.158509539427868,1.43224161528126,1600,0.20604259534423,""
"bace","rubin_types_mixed_BM_l0.7_r0_mcar0.3_n300_M20_s127",300,0.7,0,127,TRUE,1,0.133982617753857,2.35516057736132,1278.5396095715,0.112927191679049,""
"bace","rubin_types_mixed_BM_l0.7_r0_mcar0.3_n300_M20_s128",300,0.7,0,128,FALSE,1,0.511610288164001,1.10147655704432,1163.18610626109,0.298662704309064,""
"bace","rubin_types_mixed_BM_l0.7_r0_mcar0.3_n300_M20_s129",300,0.7,0,129,TRUE,1,0.0611710000643142,2.80742437426549,1600,0.12778603268945,""
"bace","rubin_types_mixed_BM_l0.7_r0_mcar0.3_n300_M20_s130",300,0.7,0,130,FALSE,1,0.393494776927265,0.986229010429915,1600,0.198613174839029,""
"bace","rubin_types_mixed_BM_l0.7_r0_mcar0.3_n300_M20_s131",300,0.7,0,131,TRUE,1,0.166666666666667,0.815565939174043,997.676517343103,0.307578008915305,""
"bace","rubin_types_mixed_BM_l0.7_r0_mcar0.3_n300_M20_s132",300,0.7,0,132,FALSE,1,1,1.47950999564346,1106.55935253106,0.20455671124319,""
"bace","rubin_types_mixed_BM_l0.7_r0_mcar0.3_n300_M20_s133",300,0.7,0,133,FALSE,1,0.370706196137721,1.77515108048311,1489.68214165362,0.0767706785537395,""
"bace","rubin_types_mixed_BM_l0.7_r0_mcar0.3_n300_M20_s134",300,0.7,0,134,TRUE,1,1.25035233129556,2.89091104707507,1600,0.133234274393264,""
"bace","rubin_types_mixed_BM_l0.7_r0_mcar0.3_n300_M20_s135",300,0.7,0,135,FALSE,1,0.545355589634285,1.90414078349861,1375.15779941801,0.289747399702823,""
"bace","rubin_types_mixed_BM_l0.7_r0_mcar0.3_n300_M20_s136",300,0.7,0,136,FALSE,1,0.395189003436426,1.78616598324184,1341.05603978827,0.171867261020307,""
"bace","rubin_types_mixed_BM_l0.7_r0_mcar0.3_n300_M20_s137",300,0.7,0,137,FALSE,1,0.0601575305807697,1.1693761812326,1308.19708440001,0.277860326894502,""
"bace","rubin_types_mixed_BM_l0.7_r0_mcar0.3_n300_M20_s138",300,0.7,0,138,FALSE,1,0.298058390030177,1.92166178266864,1437.36004749386,0.126795443288757,""
"bace","rubin_types_mixed_BM_l0.7_r0_mcar0.3_n300_M20_s139",300,0.7,0,139,FALSE,1,0.25,1.60578080243292,1428.22462295739,0.179791976225854,""
"bace","rubin_types_mixed_BM_l0.7_r0_mcar0.3_n300_M20_s140",300,0.7,0,140,FALSE,1,0.142857142857143,1.38762937617227,1472.40081080274,0.192174343734522,""
"bace","rubin_types_mixed_BM_l0.7_r0_mcar0.3_n300_M20_s141",300,0.7,0,141,FALSE,1,0.741819482179265,1.31734752913805,1426.33543480707,0.119861317483903,""
"bace","rubin_types_mixed_BM_l0.7_r0_mcar0.3_n300_M20_s142",300,0.7,0,142,FALSE,1,0.333333333333333,1.86557035417078,1396.57070111411,0.115898959881129,""
"bace","rubin_types_mixed_BM_l0.7_r0_mcar0.3_n300_M20_s143",300,0.7,0,143,FALSE,1,0.6,1.23095435925464,1370.5758462433,0.273402674591382,""
"bace","rubin_types_mixed_BM_l0.7_r0_mcar0.3_n300_M20_s144",300,0.7,0,144,FALSE,1,3,53.750494483596,1600,0.00495294700346706,""
"bace","rubin_types_mixed_BM_l0.7_r0_mcar0.3_n300_M20_s145",300,0.7,0,145,TRUE,1,0.25,1.04666715940828,1339.43540519379,0.383358098068351,""
"bace","rubin_types_mixed_BM_l0.7_r0_mcar0.3_n300_M20_s146",300,0.7,0,146,FALSE,1,0.2,2.14860182552468,1600,0.16097077761268,""
"bace","rubin_types_mixed_BM_l0.7_r0_mcar0.3_n300_M20_s147",300,0.7,0,147,TRUE,1,0.176470588235294,1.59934308773201,1372.38396303188,0.247152055473006,""
"bace","rubin_types_mixed_BM_l0.7_r0_mcar0.3_n300_M20_s148",300,0.7,0,148,FALSE,1,0.0555555555555555,1.87184317593064,1357.65315909003,0.28578504210005,""
"bace","rubin_types_mixed_BM_l0.7_r0_mcar0.3_n300_M20_s149",300,0.7,0,149,FALSE,1,0.444444444444444,1.61270478703796,1525.92973271573,0.0653789004457652,""
"bace","rubin_types_mixed_BM_l0.7_r0_mcar0.3_n300_M20_s150",300,0.7,0,150,FALSE,1,2.13456528092649,2.04027622261075,1210.83437799292,0.254581475978207,""
"bace","rubin_types_mixed_BM_l0.7_r0_mcar0.3_n300_M20_s153",300,0.7,0,153,TRUE,1,0.437341070020761,1.48489074827279,1400.35017645514,0.256562654779594,""
"bace","rubin_types_mixed_BM_l0.7_r0_mcar0.3_n300_M20_s154",300,0.7,0,154,FALSE,1,2.02284661100649,2.42869814954518,1458.93027377757,0.122833085685983,""
"bace","rubin_types_mixed_BM_l0.7_r0_mcar0.3_n300_M20_s155",300,0.7,0,155,FALSE,1,0.224066455089877,1.05047954672622,1470.58620927049,0.192174343734522,""
"bace","rubin_types_mixed_BM_l0.7_r0_mcar0.3_n300_M20_s156",300,0.7,0,156,TRUE,1,0.0555555555555555,1.72652671207585,1464.63738652456,0.235760277365032,""
"bace","rubin_types_mixed_BM_l0.7_r0_mcar0.3_n300_M20_s157",300,0.7,0,157,TRUE,1,0.279003888403454,1.5949954387791,1600,0.0822189202575532,""
"bace","rubin_types_mixed_BM_l0.7_r0_mcar0.3_n300_M20_s158",300,0.7,0,158,TRUE,1,0.0759493670886077,2.9220169078482,1398.62047433776,0.20307082714215,""
"bace","rubin_types_mixed_BM_l0.7_r0_mcar0.3_n300_M20_s159",300,0.7,0,159,TRUE,1,0.256625393116016,1.22909617424366,1350.84791022672,0.143140168400198,""
"bace","rubin_types_mixed_BM_l0.7_r0_mcar0.3_n300_M20_s160",300,0.7,0,160,TRUE,1,0.183786433814851,1.57804745785831,1284.12998140134,0.186230807330362,""
"bace","rubin_types_mixed_BM_l0.7_r0_mcar0.3_n300_M20_s161",300,0.7,0,161,FALSE,1,0.883261647935762,2.32908292945885,1414.29358163276,0.206537890044577,""
"bace","rubin_types_mixed_BM_l0.7_r0_mcar0.3_n300_M20_s162",300,0.7,0,162,TRUE,1,0.5,1.45210796707281,1065.84932090848,0.308073303615651,""
"bace","rubin_types_mixed_BM_l0.7_r0_mcar0.3_n300_M20_s163",300,0.7,0,163,FALSE,1,0.232583869888708,1.57229902211792,1279.21667570035,0.213967310549777,""
"bace","rubin_types_mixed_BM_l0.7_r0_mcar0.3_n300_M20_s164",300,0.7,0,164,TRUE,1,0.835121870548391,1.12278143400871,1351.09425416927,0.369489846458643,""
"bace","rubin_types_mixed_BM_l0.7_r0_mcar0.3_n300_M20_s165",300,0.7,0,165,FALSE,1,0.073170731707317,1.51013956442747,1398.39529094852,0.141158989598811,""
"bace","rubin_types_mixed_BM_l0.7_r0_mcar0.3_n300_M20_s166",300,0.7,0,166,TRUE,1,0.422613846427103,1.46586206420502,1461.57875603229,0.175334323922734,""
"bace","rubin_types_mixed_BM_l0.7_r0_mcar0.3_n300_M20_s167",300,0.7,0,167,TRUE,1,0.137323943661972,1.0939463342095,1290.45103508912,0.181277860326894,""
"bace","rubin_types_mixed_BM_l0.7_r0_mcar0.3_n300_M20_s168",300,0.7,0,168,FALSE,1,0.333333333333333,2.07759239191889,1470.26692632465,0.197622585438336,""
"bace","rubin_types_mixed_BM_l0.7_r0_mcar0.3_n300_M20_s169",300,0.7,0,169,TRUE,1,0.115384615384616,1.14918848422781,1600,0.0326894502228826,""
"bace","rubin_types_mixed_BM_l0.7_r0_mcar0.3_n300_M20_s170",300,0.7,0,170,FALSE,1,2.30333107210411,1.0460490917047,1118.37421825284,0.384348687469044,""
"bace","rubin_types_mixed_BM_l0.7_r0_mcar0.3_n300_M20_s171",300,0.7,0,171,FALSE,1,0.0952380952380953,1.27410507861641,1568.13236005535,0.201584943041109,""
"bace","rubin_types_mixed_BM_l0.7_r0_mcar0.3_n300_M20_s172",300,0.7,0,172,FALSE,1,0.375,1.89539424108544,1471.5111982748,0.265973254086181,""
"bace","rubin_types_mixed_BM_l0.7_r0_mcar0.3_n300_M20_s173",300,0.7,0,173,FALSE,1,0.428571428571428,2.01962330899213,1600,0.0955918771669143,""
"bace","rubin_types_mixed_BM_l0.7_r0_mcar0.3_n300_M20_s174",300,0.7,0,174,FALSE,1,0.256049549191546,2.36609939172818,1404.16129362073,0.200594353640416,""
"bace","rubin_types_mixed_BM_l0.7_r0_mcar0.3_n300_M20_s175",300,0.7,0,175,TRUE,1,0.4,1.87597706672126,1372.99640023767,0.137691926696384,""
"bace","rubin_types_mixed_BM_l0.7_r0_mcar0.3_n300_M20_s176",300,0.7,0,176,TRUE,1,0.28804462002104,0.919314639409313,1310.87309327051,0.304110946012878,""
"bace","rubin_types_mixed_BM_l0.7_r0_mcar0.3_n300_M20_s177",300,0.7,0,177,FALSE,1,3,1.0833096598557,1399.56044356316,0.203566121842496,""
"bace","rubin_types_mixed_BM_l0.7_r0_mcar0.3_n300_M20_s178",300,0.7,0,178,TRUE,1,0.125,1.41616970623548,1485.30501172925,0.188579017264276,"cat3: dropped 1 empty level(s)"
"bace","rubin_types_mixed_BM_l0.7_r0_mcar0.3_n300_M20_s179",300,0.7,0,179,TRUE,1,0.100597859122176,1.8864315519412,1360.11944139335,0.222882615156018,""
"bace","rubin_types_mixed_BM_l0.7_r0_mcar0.3_n300_M20_s180",300,0.7,0,180,FALSE,1,0.307147298873052,4.59392554256217,1454.61353494031,0.0965824665676077,""
"bace","rubin_types_mixed_BM_l0.7_r0_mcar0.3_n300_M20_s181",300,0.7,0,181,FALSE,1,0.0833333333333332,2.54030494394281,1364.90828446077,0.100544824170381,""
"bace","rubin_types_mixed_BM_l0.7_r0_mcar0.3_n300_M20_s182",300,0.7,0,182,FALSE,1,0.162709388981151,1.92188552007038,1385.94128987184,0.272412085190688,""
"bace","rubin_types_mixed_BM_l0.7_r0_mcar0.3_n300_M20_s183",300,0.7,0,183,FALSE,1,1,1.72655779384213,1468.54243435129,0.12778603268945,""
"bace","rubin_types_mixed_BM_l0.7_r0_mcar0.3_n300_M20_s184",300,0.7,0,184,FALSE,1,0.5,1.60830911005598,1381.93284220676,0.191679049034175,""
"bace","rubin_types_mixed_BM_l0.7_r0_mcar0.3_n300_M20_s185",300,0.7,0,185,TRUE,1,0.0352874075293463,0.968392522503344,1600,0.12481426448737,""
"bace","rubin_types_mixed_BM_l0.7_r0_mcar0.3_n300_M20_s186",300,0.7,0,186,FALSE,1,0.5,2.00929683121781,1600,0.144090305444887,"cat3: dropped 1 empty level(s)"
"bace","rubin_types_mixed_BM_l0.7_r0_mcar0.3_n300_M20_s187",300,0.7,0,187,FALSE,1,0.6,1.94253537273692,1587.52073366717,0.196631996037642,""
"bace","rubin_types_mixed_BM_l0.7_r0_mcar0.3_n300_M20_s188",300,0.7,0,188,FALSE,1,0.2,2.12750515919819,1600,0.104507181773155,""
"bace","rubin_types_mixed_BM_l0.7_r0_mcar0.3_n300_M20_s189",300,0.7,0,189,TRUE,1,0.356549664044088,1.92418575109489,1301.72904841394,0.240713224368499,""
"bace","rubin_types_mixed_BM_l0.7_r0_mcar0.3_n300_M20_s190",300,0.7,0,190,TRUE,1,1,0.750187793132633,1441.60914639995,0.0688459633481922,""
"bace","rubin_types_mixed_BM_l0.7_r0_mcar0.3_n300_M20_s191",300,0.7,0,191,TRUE,1,0.0476190476190476,0.885668907261388,417.055488959895,0.474987617632491,""
"bace","rubin_types_mixed_BM_l0.7_r0_mcar0.3_n300_M20_s192",300,0.7,0,192,FALSE,1,0.927523381047047,1.87421751772178,1502.43481321173,0.193164933135215,""
"bace","rubin_types_mixed_BM_l0.7_r0_mcar0.3_n300_M20_s193",300,0.7,0,193,TRUE,1,0.183749358013918,2.81913106879844,1401.31667068283,0.12035661218425,""
"bace","rubin_types_mixed_BM_l0.7_r0_mcar0.3_n300_M20_s194",300,0.7,0,194,FALSE,1,1.25,1.73531311336451,1420.91781688227,0.230807330361565,""
"bace","rubin_types_mixed_BM_l0.7_r0_mcar0.3_n300_M20_s195",300,0.7,0,195,FALSE,1,0.428571428571428,1.22072791569885,1484.16802592804,0.137196631996038,""
"bace","rubin_types_mixed_BM_l0.7_r0_mcar0.3_n300_M20_s196",300,0.7,0,196,FALSE,1,0.170515430740411,1.35469233922176,1439.99714994549,0.166419019316493,""
"bace","rubin_types_mixed_BM_l0.7_r0_mcar0.3_n300_M20_s197",300,0.7,0,197,FALSE,1,0.5,2.20504162247839,1584.7632719393,0.116889549281823,""
"bace","rubin_types_mixed_BM_l0.7_r0_mcar0.3_n300_M20_s198",300,0.7,0,198,FALSE,1,0.2,0.888175712160705,1376.2254157563,0.187221396731055,""
"bace","rubin_types_mixed_BM_l0.7_r0_mcar0.3_n300_M20_s199",300,0.7,0,199,FALSE,1,0.142857142857143,1.67774430276727,1468.25063394046,0.13075780089153,""
"bace","rubin_types_mixed_BM_l0.7_r0_mcar0.3_n300_M20_s200",300,0.7,0,200,TRUE,1,0.0821917808219178,0.891123959967633,1253.05746426558,0.240217929668153,""
"bace","rubin_types_mixed_BM_l0.7_r0.5_mcar0.3_n1000_M20_s10",1000,0.7,0.5,10,TRUE,1,0.0142857142857143,0.833670950868642,1572.96004947405,0.185735512630015,""
"bace","rubin_types_mixed_BM_l0.7_r0.5_mcar0.3_n1000_M20_s11",1000,0.7,0.5,11,TRUE,1,0.468833640723083,58.9830158967749,1600,0.00247647350173353,""
"bace","rubin_types_mixed_BM_l0.7_r0.5_mcar0.3_n1000_M20_s12",1000,0.7,0.5,12,TRUE,1,0.00709219858156033,72.4351016216672,1600,0.000990589400693413,""
"bace","rubin_types_mixed_BM_l0.7_r0.5_mcar0.3_n1000_M20_s13",1000,0.7,0.5,13,TRUE,1,0.0122654412475883,79.7276176396715,1600,0.00148588410104012,""
"bace","rubin_types_mixed_BM_l0.7_r0.5_mcar0.3_n1000_M20_s14",1000,0.7,0.5,14,TRUE,1,0.015873015873016,1.14112252240967,1482.95183583226,0.0361565131253096,""
"bace","rubin_types_mixed_BM_l0.7_r0.5_mcar0.3_n1000_M20_s15",1000,0.7,0.5,15,TRUE,1,0.420146564592981,1.25632490861152,1600,0.0460624071322437,""
"bace","rubin_types_mixed_BM_l0.7_r0.5_mcar0.3_n1000_M20_s16",1000,0.7,0.5,16,TRUE,1,0.012396694214876,1.75108427571186,1600,0.0450718177315503,""
"bace","rubin_types_mixed_BM_l0.7_r0.5_mcar0.3_n1000_M20_s17",1000,0.7,0.5,17,FALSE,1,0.0173047975793787,1.61700349194137,1600,0.0822189202575532,""
"bace","rubin_types_mixed_BM_l0.7_r0.5_mcar0.3_n1000_M20_s18",1000,0.7,0.5,18,TRUE,1,0.037437576546832,1.38884502482971,1600,0.0430906389301634,""
"bace","rubin_types_mixed_BM_l0.7_r0.5_mcar0.3_n1000_M20_s19",1000,0.7,0.5,19,TRUE,1,0.0357142857142857,2.00738609682816,1600,0.0257553244180287,""
"bace","rubin_types_mixed_BM_l0.7_r0.5_mcar0.3_n1000_M20_s2",1000,0.7,0.5,2,TRUE,1,0.0421052631578947,42.5946743604743,1600,0.00495294700346706,""
"bace","rubin_types_mixed_BM_l0.7_r0.5_mcar0.3_n1000_M20_s20",1000,0.7,0.5,20,TRUE,1,0.0324675324675326,67.17780582951,1600,0.00148588410104012,""
"bace","rubin_types_mixed_BM_l0.7_r0.5_mcar0.3_n1000_M20_s21",1000,0.7,0.5,21,TRUE,1,2,0.97735105715672,1296.62294305838,0.244675581971273,""
"bace","rubin_types_mixed_BM_l0.7_r0.5_mcar0.3_n1000_M20_s22",1000,0.7,0.5,22,TRUE,1,0.0527247952987871,0.918241243832534,1600,0.149578999504705,""
"bace","rubin_types_mixed_BM_l0.7_r0.5_mcar0.3_n1000_M20_s23",1000,0.7,0.5,23,FALSE,1,0.0141843971631207,2.07140344767547,1600,0.0302129767211491,""
"bace","rubin_types_mixed_BM_l0.7_r0.5_mcar0.3_n1000_M20_s24",1000,0.7,0.5,24,TRUE,1,0.666666666666667,7.2042318217867,1600,0.0272412085190688,""
"bace","rubin_types_mixed_BM_l0.7_r0.5_mcar0.3_n1000_M20_s25",1000,0.7,0.5,25,FALSE,1,0.166666666666667,19.1466911568769,1600,0.00297176820208024,""
"bace","rubin_types_mixed_BM_l0.7_r0.5_mcar0.3_n1000_M20_s26",1000,0.7,0.5,26,TRUE,1,0.0227272727272727,1.37678226095731,1600,0.0688459633481922,""
"bace","rubin_types_mixed_BM_l0.7_r0.5_mcar0.3_n1000_M20_s27",1000,0.7,0.5,27,FALSE,1,0.0499999999999999,75.3058894687045,1600,0.000495294700346706,""
"bace","rubin_types_mixed_BM_l0.7_r0.5_mcar0.3_n1000_M20_s28",1000,0.7,0.5,28,FALSE,1,333333.333333333,1.25376193336702,1600,0.0985636453689945,""
"bace","rubin_types_mixed_BM_l0.7_r0.5_mcar0.3_n1000_M20_s29",1000,0.7,0.5,29,TRUE,1,0.0226244343891402,1.01128661214126,1600,0.159980188211986,""
"bace","rubin_types_mixed_BM_l0.7_r0.5_mcar0.3_n1000_M20_s3",1000,0.7,0.5,3,FALSE,1,0.111111111111111,70.0311966513165,1600,0.00198117880138683,""
"bace","rubin_types_mixed_BM_l0.7_r0.5_mcar0.3_n1000_M20_s30",1000,0.7,0.5,30,FALSE,1,1,1.01964214349176,1472.26472211425,0.131253095591877,""
"bace","rubin_types_mixed_BM_l0.7_r0.5_mcar0.3_n1000_M20_s31",1000,0.7,0.5,31,TRUE,1,0.0147058823529412,1.6098545850063,1600,0.0396235760277365,""
"bace","rubin_types_mixed_BM_l0.7_r0.5_mcar0.3_n1000_M20_s32",1000,0.7,0.5,32,TRUE,1,0.02177634280227,3.16972847616427,1600,0.0871718672610203,""
"bace","rubin_types_mixed_BM_l0.7_r0.5_mcar0.3_n1000_M20_s33",1000,0.7,0.5,33,TRUE,1,0.095238095238095,83.760114755113,1600,0.000495294700346706,""
"bace","rubin_types_mixed_BM_l0.7_r0.5_mcar0.3_n1000_M20_s34",1000,0.7,0.5,34,TRUE,1,0.0119521912350598,74.3989389402558,1600,0.000990589400693413,""
"bace","rubin_types_mixed_BM_l0.7_r0.5_mcar0.3_n1000_M20_s35",1000,0.7,0.5,35,FALSE,1,0.08,67.9418362326799,1600,0.00346706290242694,""
"bace","rubin_types_mixed_BM_l0.7_r0.5_mcar0.3_n1000_M20_s36",1000,0.7,0.5,36,FALSE,1,0.0237094693467716,1.4403721008994,1600,0.0485388806339772,""
"bace","rubin_types_mixed_BM_l0.7_r0.5_mcar0.3_n1000_M20_s37",1000,0.7,0.5,37,TRUE,1,0.15,1.06797130942992,1600,0.0148588410104012,""
"bace","rubin_types_mixed_BM_l0.7_r0.5_mcar0.3_n1000_M20_s38",1000,0.7,0.5,38,FALSE,1,0.0510392453550952,2.4173666124751,1600,0.0331847449232293,""
"bace","rubin_types_mixed_BM_l0.7_r0.5_mcar0.3_n1000_M20_s39",1000,0.7,0.5,39,TRUE,1,0.0172413793103448,43.6344750175917,1600,0.00148588410104012,""
"bace","rubin_types_mixed_BM_l0.7_r0.5_mcar0.3_n1000_M20_s4",1000,0.7,0.5,4,TRUE,1,0.0519480519480521,1.04538128762367,1600,0.108469539375929,""
"bace","rubin_types_mixed_BM_l0.7_r0.5_mcar0.3_n1000_M20_s40",1000,0.7,0.5,40,TRUE,1,0.0356419195306789,1.62030093797047,1600,0.0108964834076275,""
"bace","rubin_types_mixed_BM_l0.7_r0.5_mcar0.3_n1000_M20_s5",1000,0.7,0.5,5,TRUE,1,0.0127970646559608,1.07410697203869,1600,0.0787518573551263,""
"bace","rubin_types_mixed_BM_l0.7_r0.5_mcar0.3_n1000_M20_s6",1000,0.7,0.5,6,TRUE,1,0.034965034965035,1.0408870888238,1600,0.04210004952947,""
"bace","rubin_types_mixed_BM_l0.7_r0.5_mcar0.3_n1000_M20_s7",1000,0.7,0.5,7,TRUE,1,0.00157198465648764,1.6342186223217,1464.37462329335,0.0861812778603269,""
"bace","rubin_types_mixed_BM_l0.7_r0.5_mcar0.3_n1000_M20_s8",1000,0.7,0.5,8,TRUE,1,0.0309278350515463,56.5594249017356,1600,0.00148588410104012,""
"bace","rubin_types_mixed_BM_l0.7_r0.5_mcar0.3_n1000_M20_s9",1000,0.7,0.5,9,TRUE,1,0.0454545454545454,69.749595920042,1600,0.00148588410104012,""
"bace","rubin_types_mixed_BM_l0.7_r0.5_mcar0.3_n300_M20_s103",300,0.7,0.5,103,FALSE,1,0.166666666666667,3.49150313088815,1530.42621749365,0.133234274393264,""
"bace","rubin_types_mixed_BM_l0.7_r0.5_mcar0.3_n300_M20_s104",300,0.7,0.5,104,FALSE,1,0.333333333333333,1.58600460292628,1543.10893227941,0.151064883605745,""
"bace","rubin_types_mixed_BM_l0.7_r0.5_mcar0.3_n300_M20_s105",300,0.7,0.5,105,TRUE,1,0.120934284585795,1.05938617487229,1599.99999999999,0.0737989103516592,""
"bace","rubin_types_mixed_BM_l0.7_r0.5_mcar0.3_n300_M20_s106",300,0.7,0.5,106,TRUE,1,0.26406014901054,2.29031203454278,1118.16779518604,0.312035661218425,""
"bace","rubin_types_mixed_BM_l0.7_r0.5_mcar0.3_n300_M20_s107",300,0.7,0.5,107,TRUE,1,0.0813441704148214,3.75277274457474,1600,0.0837048043585934,""
"bace","rubin_types_mixed_BM_l0.7_r0.5_mcar0.3_n300_M20_s108",300,0.7,0.5,108,TRUE,1,0.329694953021744,1.19841174274683,1488.4950091191,0.217434373452204,""
"bace","rubin_types_mixed_BM_l0.7_r0.5_mcar0.3_n300_M20_s109",300,0.7,0.5,109,FALSE,1,0.555555555555556,2.18349036463402,1435.29400103607,0.208519068845963,""
"bace","rubin_types_mixed_BM_l0.7_r0.5_mcar0.3_n300_M20_s110",300,0.7,0.5,110,TRUE,1,0.105263157894737,2.62742315606953,1600,0.16394254581476,""
"bace","rubin_types_mixed_BM_l0.7_r0.5_mcar0.3_n300_M20_s111",300,0.7,0.5,111,FALSE,1,0.629347054065891,2.14819632907585,1473.30389870249,0.205547300643883,""
"bace","rubin_types_mixed_BM_l0.7_r0.5_mcar0.3_n300_M20_s112",300,0.7,0.5,112,TRUE,1,0.0606060606060607,1.07938293279667,1354.86739335634,0.243189697870233,""
"bace","rubin_types_mixed_BM_l0.7_r0.5_mcar0.3_n300_M20_s113",300,0.7,0.5,113,FALSE,1,0.202693104160694,1.47971136603231,1489.44082648422,0.143140168400198,""
"bace","rubin_types_mixed_BM_l0.7_r0.5_mcar0.3_n300_M20_s114",300,0.7,0.5,114,TRUE,1,0.0626562283551242,1.55074780109056,1379.04608783923,0.21050024764735,""
"bace","rubin_types_mixed_BM_l0.7_r0.5_mcar0.3_n300_M20_s115",300,0.7,0.5,115,TRUE,1,0.0556863417655318,0.969371055519526,1485.75673347217,0.111441307578009,""
"bace","rubin_types_mixed_BM_l0.7_r0.5_mcar0.3_n300_M20_s116",300,0.7,0.5,116,TRUE,1,0.333333333333333,1.22335538518017,1425.95566818169,0.12332838038633,""
"bace","rubin_types_mixed_BM_l0.7_r0.5_mcar0.3_n300_M20_s117",300,0.7,0.5,117,TRUE,1,0.2,1.73348482612302,1487.13299439317,0.103021297672115,""
"bace","rubin_types_mixed_BM_l0.7_r0.5_mcar0.3_n300_M20_s118",300,0.7,0.5,118,FALSE,1,0.1,3.15816825737919,1372.81521401448,0.212976721149084,""
"bace","rubin_types_mixed_BM_l0.7_r0.5_mcar0.3_n300_M20_s119",300,0.7,0.5,119,FALSE,1,1111111.11111111,1.70715757021304,1455.16634579571,0.234274393263992,""
"bace","rubin_types_mixed_BM_l0.7_r0.5_mcar0.3_n300_M20_s120",300,0.7,0.5,120,TRUE,1,0.0289855072463767,1.65413293549826,1222.06945588106,0.342248637939574,""
"bace","rubin_types_mixed_BM_l0.7_r0.5_mcar0.3_n300_M20_s121",300,0.7,0.5,121,TRUE,1,0.1,1.69544838309245,1477.37655478575,0.132738979692917,""
"bace","rubin_types_mixed_BM_l0.7_r0.5_mcar0.3_n300_M20_s122",300,0.7,0.5,122,TRUE,1,0.230976082910712,1.7114564058181,1546.81832859393,0.184744923229321,""
"bace","rubin_types_mixed_BM_l0.7_r0.5_mcar0.3_n300_M20_s123",300,0.7,0.5,123,TRUE,1,0.1875,1.0975393716104,1596.8399573428,0.233283803863299,""
"bace","rubin_types_mixed_BM_l0.7_r0.5_mcar0.3_n300_M20_s124",300,0.7,0.5,124,FALSE,1,1.59930682233773,1.36124161904448,1430.03771558551,0.175334323922734,""
"bace","rubin_types_mixed_BM_l0.7_r0.5_mcar0.3_n300_M20_s125",300,0.7,0.5,125,TRUE,1,0.130434782608696,2.13936704198148,1220.88419847333,0.279346210995542,""
"bace","rubin_types_mixed_BM_l0.7_r0.5_mcar0.3_n300_M20_s126",300,0.7,0.5,126,TRUE,1,0.190992920028968,1.03541463291924,1600,0.158989598811293,""
"bace","rubin_types_mixed_BM_l0.7_r0.5_mcar0.3_n300_M20_s127",300,0.7,0.5,127,TRUE,1,0.0576923076923079,1.78015295024483,1523.93277746785,0.0846953937592868,""
"bace","rubin_types_mixed_BM_l0.7_r0.5_mcar0.3_n300_M20_s128",300,0.7,0.5,128,TRUE,1,0.0294117647058824,1.12576745166547,1357.93570218513,0.25111441307578,""
"bace","rubin_types_mixed_BM_l0.7_r0.5_mcar0.3_n300_M20_s129",300,0.7,0.5,129,TRUE,1,0.0714285714285714,1.74321814370923,1600,0.137196631996038,""
"bace","rubin_types_mixed_BM_l0.7_r0.5_mcar0.3_n300_M20_s130",300,0.7,0.5,130,TRUE,1,0.181818181818182,1.74771033882302,1481.23595722004,0.156017830609212,""
"bace","rubin_types_mixed_BM_l0.7_r0.5_mcar0.3_n300_M20_s131",300,0.7,0.5,131,TRUE,1,0.157894736842105,1.27553656050663,1285.09966804793,0.298662704309064,""
"bace","rubin_types_mixed_BM_l0.7_r0.5_mcar0.3_n300_M20_s132",300,0.7,0.5,132,FALSE,1,0.25,2.17198488676609,1395.9034494932,0.198613174839029,""
"bace","rubin_types_mixed_BM_l0.7_r0.5_mcar0.3_n300_M20_s133",300,0.7,0.5,133,TRUE,1,0.230769230769231,1.89013180963432,1488.16343251541,0.145121347201585,""
"bace","rubin_types_mixed_BM_l0.7_r0.5_mcar0.3_n300_M20_s134",300,0.7,0.5,134,TRUE,1,0.0833333333333334,1.85521440531827,1600,0.147597820703318,""
"bace","rubin_types_mixed_BM_l0.7_r0.5_mcar0.3_n300_M20_s135",300,0.7,0.5,135,TRUE,1,0.28835725517478,1.92012196696907,1536.76688627677,0.185240217929668,""
"bace","rubin_types_mixed_BM_l0.7_r0.5_mcar0.3_n300_M20_s136",300,0.7,0.5,136,TRUE,1,0.666666666666667,1.72814532437394,1425.86177168301,0.232788509162952,""
"bace","rubin_types_mixed_BM_l0.7_r0.5_mcar0.3_n300_M20_s137",300,0.7,0.5,137,TRUE,1,0.333333333333333,1.04733157700273,1016.78567846209,0.24962852897474,""
"bace","rubin_types_mixed_BM_l0.7_r0.5_mcar0.3_n300_M20_s138",300,0.7,0.5,138,TRUE,1,0.285714285714286,2.71836830505775,1425.91821068127,0.209509658246657,""
"bace","rubin_types_mixed_BM_l0.7_r0.5_mcar0.3_n300_M20_s139",300,0.7,0.5,139,FALSE,1,0.0745802568020434,1.47030111299021,1520.01733503008,0.0326894502228826,""
"bace","rubin_types_mixed_BM_l0.7_r0.5_mcar0.3_n300_M20_s140",300,0.7,0.5,140,TRUE,1,0.0357142857142858,1.90081394776909,1201.71430799968,0.318969787023279,""
"bace","rubin_types_mixed_BM_l0.7_r0.5_mcar0.3_n300_M20_s141",300,0.7,0.5,141,FALSE,1,0.0816326530612244,1.68377619089884,1445.73323307089,0.164437840515106,""
"bace","rubin_types_mixed_BM_l0.7_r0.5_mcar0.3_n300_M20_s142",300,0.7,0.5,142,FALSE,1,0.316585750164915,1.67363813014409,1367.98169127403,0.173353145121347,""
"bace","rubin_types_mixed_BM_l0.7_r0.5_mcar0.3_n300_M20_s143",300,0.7,0.5,143,FALSE,1,2.88161535557555,2.06801736413199,1369.59495801737,0.212976721149084,""
"bace","rubin_types_mixed_BM_l0.7_r0.5_mcar0.3_n300_M20_s144",300,0.7,0.5,144,FALSE,1,0.733649177460387,1.92151253915455,1600,0.0728083209509658,""
"bace","rubin_types_mixed_BM_l0.7_r0.5_mcar0.3_n300_M20_s145",300,0.7,0.5,145,FALSE,1,0.6,1.16330175791519,1451.94298794182,0.242199108469539,""
"bace","rubin_types_mixed_BM_l0.7_r0.5_mcar0.3_n300_M20_s146",300,0.7,0.5,146,TRUE,1,0.307692307692308,1.93055406061697,1576.37283680565,0.224863793957405,""
"bace","rubin_types_mixed_BM_l0.7_r0.5_mcar0.3_n300_M20_s147",300,0.7,0.5,147,TRUE,1,0.0327624764395802,1.76145950820694,1487.3692976514,0.24962852897474,""
"bace","rubin_types_mixed_BM_l0.7_r0.5_mcar0.3_n300_M20_s148",300,0.7,0.5,148,TRUE,1,0.121212121212121,2.2841095200404,1243.66536000858,0.292719167904903,""
"bace","rubin_types_mixed_BM_l0.7_r0.5_mcar0.3_n300_M20_s149",300,0.7,0.5,149,FALSE,1,0.0675675675675676,1.19436923439897,1443.57834958766,0.252105002476473,""
"bace","rubin_types_mixed_BM_l0.7_r0.5_mcar0.3_n300_M20_s150",300,0.7,0.5,150,TRUE,1,0.5,2.52484333481129,1481.23843135904,0.206537890044577,""
"bace","rubin_types_mixed_BM_l0.7_r0.5_mcar0.3_n300_M20_s151",300,0.7,0.5,151,TRUE,1,0.005736137667304,1.33747095939718,1454.63433297127,0.241208519068846,""
"bace","rubin_types_mixed_BM_l0.7_r0.5_mcar0.3_n300_M20_s152",300,0.7,0.5,152,TRUE,1,0.117647058823529,1.34350451467924,1499.88266872823,0.142644873699851,""
"bace","rubin_types_mixed_BM_l0.7_r0.5_mcar0.3_n300_M20_s153",300,0.7,0.5,153,FALSE,1,0.150030960168404,2.50057979737086,1485.90216925437,0.279841505695889,""
"bace","rubin_types_mixed_BM_l0.7_r0.5_mcar0.3_n300_M20_s154",300,0.7,0.5,154,FALSE,1,0.0526315789473684,1.78203787261891,1600,0.0762753838533928,""
"bace","rubin_types_mixed_BM_l0.7_r0.5_mcar0.3_n300_M20_s155",300,0.7,0.5,155,TRUE,1,0.0169491525423728,2.26434418483116,1429.12126424669,0.128281327389797,""
"bace","rubin_types_mixed_BM_l0.7_r0.5_mcar0.3_n300_M20_s156",300,0.7,0.5,156,TRUE,1,0.0526315789473684,1.0203920842012,1470.92812224243,0.123823675086677,""
"bace","rubin_types_mixed_BM_l0.7_r0.5_mcar0.3_n300_M20_s157",300,0.7,0.5,157,TRUE,1,0.1,2.68752181491026,1515.07130222893,0.12481426448737,""
"bace","rubin_types_mixed_BM_l0.7_r0.5_mcar0.3_n300_M20_s158",300,0.7,0.5,158,TRUE,1,0.0638297872340425,1.07797455922317,1413.32736030675,0.244180287270926,""
"bace","rubin_types_mixed_BM_l0.7_r0.5_mcar0.3_n300_M20_s159",300,0.7,0.5,159,TRUE,1,0.0606060606060605,1.36686586687354,1408.21773458294,0.326399207528479,""
"bace","rubin_types_mixed_BM_l0.7_r0.5_mcar0.3_n300_M20_s160",300,0.7,0.5,160,TRUE,1,0.0545454545454547,1.72972087864898,1212.92798133531,0.246161466072313,""
"bace","rubin_types_mixed_BM_l0.7_r0.5_mcar0.3_n300_M20_s161",300,0.7,0.5,161,FALSE,1,0.333333333333333,2.10970651503512,1487.60980858052,0.119366022783556,""
"bace","rubin_types_mixed_BM_l0.7_r0.5_mcar0.3_n300_M20_s162",300,0.7,0.5,162,TRUE,1,0.5,1.71344330494823,1387.16523779558,0.237741456166419,""
"bace","rubin_types_mixed_BM_l0.7_r0.5_mcar0.3_n300_M20_s163",300,0.7,0.5,163,TRUE,1,0.0350877192982457,2.21351027678657,1483.83701232564,0.0941059930658742,""
"bace","rubin_types_mixed_BM_l0.7_r0.5_mcar0.3_n300_M20_s164",300,0.7,0.5,164,TRUE,1,1,1.25316357779873,1455.09922942988,0.227340267459138,""
"bace","rubin_types_mixed_BM_l0.7_r0.5_mcar0.3_n300_M20_s165",300,0.7,0.5,165,TRUE,1,0.176470588235294,1.62853721022934,1600,0.0782565626547796,""
"bace","rubin_types_mixed_BM_l0.7_r0.5_mcar0.3_n300_M20_s166",300,0.7,0.5,166,TRUE,1,0.166666666666667,1.69372583095221,1589.8568464435,0.0742942050520059,""
"bace","rubin_types_mixed_BM_l0.7_r0.5_mcar0.3_n300_M20_s167",300,0.7,0.5,167,TRUE,1,0.0541310541310541,1.20721378745182,1462.26023609416,0.188707280832095,""
"bace","rubin_types_mixed_BM_l0.7_r0.5_mcar0.3_n300_M20_s168",300,0.7,0.5,168,FALSE,1,0.423090478541066,2.0320641375921,1488.3620756689,0.130262506191184,""
"bace","rubin_types_mixed_BM_l0.7_r0.5_mcar0.3_n300_M20_s169",300,0.7,0.5,169,TRUE,1,0.0309597523219814,1.05494307281109,1450.97968450758,0.128281327389797,""
"bace","rubin_types_mixed_BM_l0.7_r0.5_mcar0.3_n300_M20_s170",300,0.7,0.5,170,TRUE,1,0.11171969936796,1.60409227929877,1101.09846839977,0.308568598315998,""
"bace","rubin_types_mixed_BM_l0.7_r0.5_mcar0.3_n300_M20_s171",300,0.7,0.5,171,TRUE,1,0.277777777777778,1.20192234171995,1600,0.184744923229321,""
"bace","rubin_types_mixed_BM_l0.7_r0.5_mcar0.3_n300_M20_s172",300,0.7,0.5,172,TRUE,1,0.0681818181818182,2.70868708721028,1440.65481926233,0.227340267459138,""
"bace","rubin_types_mixed_BM_l0.7_r0.5_mcar0.3_n300_M20_s173",300,0.7,0.5,173,TRUE,1,0.0666666666666668,1.24125253638355,1600,0.129767211490837,""
"bace","rubin_types_mixed_BM_l0.7_r0.5_mcar0.3_n300_M20_s174",300,0.7,0.5,174,FALSE,1,0.166666666666667,1.63535924822587,1385.82477954469,0.28578504210005,""
"bace","rubin_types_mixed_BM_l0.7_r0.5_mcar0.3_n300_M20_s175",300,0.7,0.5,175,TRUE,1,0.0333333333333332,1.714958391057,1447.81412755674,0.16988608221892,""
"bace","rubin_types_mixed_BM_l0.7_r0.5_mcar0.3_n300_M20_s176",300,0.7,0.5,176,TRUE,1,0.0444444444444445,0.931617771207858,1352.3536445061,0.272412085190688,""
"bace","rubin_types_mixed_BM_l0.7_r0.5_mcar0.3_n300_M20_s177",300,0.7,0.5,177,TRUE,1,0.0241691842900302,1.82641777397756,1600,0.115403665180783,""
"bace","rubin_types_mixed_BM_l0.7_r0.5_mcar0.3_n300_M20_s178",300,0.7,0.5,178,FALSE,1,0.25,2.56732534932259,833.833548318909,0.404160475482912,""
"bace","rubin_types_mixed_BM_l0.7_r0.5_mcar0.3_n300_M20_s179",300,0.7,0.5,179,FALSE,1,0.0408163265306123,2.65793444242944,1336.7704598763,0.29618623080733,""
"bace","rubin_types_mixed_BM_l0.7_r0.5_mcar0.3_n300_M20_s180",300,0.7,0.5,180,TRUE,1,0.357142857142857,3.54142359887987,1427.90920063766,0.189697870232789,""
"bace","rubin_types_mixed_BM_l0.7_r0.5_mcar0.3_n300_M20_s181",300,0.7,0.5,181,FALSE,1,0.150736482369946,1.75698660903841,1402.04284679056,0.195146111936602,""
"bace","rubin_types_mixed_BM_l0.7_r0.5_mcar0.3_n300_M20_s182",300,0.7,0.5,182,TRUE,1,0.0526315789473684,1.53470407244845,1355.94456722957,0.279841505695889,""
"bace","rubin_types_mixed_BM_l0.7_r0.5_mcar0.3_n300_M20_s183",300,0.7,0.5,183,TRUE,1,0.0454545454545454,1.08959234699848,1466.53805755475,0.360574541852402,""
"bace","rubin_types_mixed_BM_l0.7_r0.5_mcar0.3_n300_M20_s184",300,0.7,0.5,184,FALSE,1,0.0217391304347825,1.03058023764327,1600,0.172857850421,""
"bace","rubin_types_mixed_BM_l0.7_r0.5_mcar0.3_n300_M20_s185",300,0.7,0.5,185,FALSE,1,0.18851269917577,1.0857818881815,1308.82762237391,0.314512134720158,""
"bace","rubin_types_mixed_BM_l0.7_r0.5_mcar0.3_n300_M20_s186",300,0.7,0.5,186,TRUE,1,1,1.66994151807279,1440.42269295775,0.160475482912333,""
"bace","rubin_types_mixed_BM_l0.7_r0.5_mcar0.3_n300_M20_s187",300,0.7,0.5,187,TRUE,1,1111111.11111111,1.45256212497912,1400.49682629002,0.197127290737989,""
"bace","rubin_types_mixed_BM_l0.7_r0.5_mcar0.3_n300_M20_s188",300,0.7,0.5,188,TRUE,1,1,1.64175829975943,1317.22229102554,0.340762753838534,""
"bace","rubin_types_mixed_BM_l0.7_r0.5_mcar0.3_n300_M20_s189",300,0.7,0.5,189,FALSE,1,0.0664427352063319,2.08049558531954,1426.24067854107,0.317483902922239,""
"bace","rubin_types_mixed_BM_l0.7_r0.5_mcar0.3_n300_M20_s190",300,0.7,0.5,190,FALSE,1,0.1,1.76926128863457,1486.98268350411,0.146607231302625,""
"bace","rubin_types_mixed_BM_l0.7_r0.5_mcar0.3_n300_M20_s191",300,0.7,0.5,191,TRUE,1,0.113577096505972,0.793696709832196,165.722485463447,0.483902922238732,""
"bace","rubin_types_mixed_BM_l0.7_r0.5_mcar0.3_n300_M20_s192",300,0.7,0.5,192,TRUE,1,0.0351799510238916,1.87438017378658,1474.43405047883,0.182268449727588,""
"bace","rubin_types_mixed_BM_l0.7_r0.5_mcar0.3_n300_M20_s193",300,0.7,0.5,193,TRUE,1,0.0960658166490092,1.79944066016628,1482.82198053846,0.148093115403665,""
"bace","rubin_types_mixed_BM_l0.7_r0.5_mcar0.3_n300_M20_s194",300,0.7,0.5,194,TRUE,1,0.4,0.914609892320976,1540.39331195689,0.172857850421,""
"bace","rubin_types_mixed_BM_l0.7_r0.5_mcar0.3_n300_M20_s195",300,0.7,0.5,195,FALSE,1,0.19951534733441,0.880778141236184,816.123135329212,0.443288756810302,""
"bace","rubin_types_mixed_BM_l0.7_r0.5_mcar0.3_n300_M20_s196",300,0.7,0.5,196,TRUE,1,0.105064442037811,1.74558439205907,1386.48146069871,0.170876671619614,""
"bace","rubin_types_mixed_BM_l0.7_r0.5_mcar0.3_n300_M20_s197",300,0.7,0.5,197,TRUE,1,0.0666666666666666,2.22787598410853,1471.48025105926,0.127290737989104,""
"bace","rubin_types_mixed_BM_l0.7_r0.5_mcar0.3_n300_M20_s198",300,0.7,0.5,198,TRUE,1,0.076923076923077,1.26167512104202,1376.25412721993,0.263496780584448,""
"bace","rubin_types_mixed_BM_l0.7_r0.5_mcar0.3_n300_M20_s199",300,0.7,0.5,199,FALSE,1,0.114285714285714,3.08771391816969,1600,0.178801386825161,""
"bace","rubin_types_mixed_BM_l0.7_r0.5_mcar0.3_n300_M20_s200",300,0.7,0.5,200,TRUE,1,0.0375,1.30678199775384,1460.59890671261,0.192669638434869,""
"bace","rubin_types_mixed_BM_l1_r0_mcar0.3_n1000_M20_s10",1000,1,0,10,TRUE,1,0.0256410256410256,2.68160729931675,205.698031595448,0.460942158616577,"ord: dropped 2 empty level(s)"
"bace","rubin_types_mixed_BM_l1_r0_mcar0.3_n1000_M20_s11",1000,1,0,11,FALSE,1,0.0259740259740259,1.08766741147024,422.251886868024,0.328767123287671,"bin: left out (1 observed class)"
"bace","rubin_types_mixed_BM_l1_r0_mcar0.3_n1000_M20_s12",1000,1,0,12,TRUE,1,0.00909090909090915,1.92210813100095,422.120193877343,0.369047619047619,"ord: dropped 1 empty level(s)"
"bace","rubin_types_mixed_BM_l1_r0_mcar0.3_n1000_M20_s13",1000,1,0,13,TRUE,1,0.0192307692307692,1.76419519135007,300.440656009597,0.370975730559683,""
"bace","rubin_types_mixed_BM_l1_r0_mcar0.3_n1000_M20_s14",1000,1,0,14,TRUE,1,0.142857142857143,1.27667817635731,150.944136077133,0.433982683982684,"ord: dropped 1 empty level(s)"
"bace","rubin_types_mixed_BM_l1_r0_mcar0.3_n1000_M20_s15",1000,1,0,15,TRUE,1,0.000969201589361678,1.51050752041483,340.275243339934,0.436849925705795,""
"bace","rubin_types_mixed_BM_l1_r0_mcar0.3_n1000_M20_s16",1000,1,0,16,TRUE,1,0.0138888888888889,1.0843260850409,381.182039444915,0.37987012987013,"ord: dropped 1 empty level(s)"
"bace","rubin_types_mixed_BM_l1_r0_mcar0.3_n1000_M20_s17",1000,1,0,17,TRUE,1,0.0270270270270271,0.944835706954663,373.564882604643,0.349193548387097,"ord: dropped 2 empty level(s);cat3: dropped 1 empty level(s)"
"bace","rubin_types_mixed_BM_l1_r0_mcar0.3_n1000_M20_s18",1000,1,0,18,TRUE,1,0.2,1.25281863161091,151.159078205914,0.463744588744589,"ord: dropped 1 empty level(s)"
"bace","rubin_types_mixed_BM_l1_r0_mcar0.3_n1000_M20_s19",1000,1,0,19,TRUE,1,0.00317460317460316,1.70634714020805,468.92461944972,0.383870967741935,"ord: dropped 2 empty level(s);cat3: dropped 1 empty level(s)"
"bace","rubin_types_mixed_BM_l1_r0_mcar0.3_n1000_M20_s2",1000,1,0,2,TRUE,1,0.00719424460431647,2.70551588736159,300.878894109543,0.417533432392273,""
"bace","rubin_types_mixed_BM_l1_r0_mcar0.3_n1000_M20_s20",1000,1,0,20,TRUE,1,0.0414596642291624,3.30169035076432,445.633268687319,0.379891035165924,""
"bace","rubin_types_mixed_BM_l1_r0_mcar0.3_n1000_M20_s22",1000,1,0,22,TRUE,1,0.0106382978723403,2.17346136060066,721.778814964245,0.289516129032258,"ord: dropped 2 empty level(s);cat3: dropped 1 empty level(s)"
"bace","rubin_types_mixed_BM_l1_r0_mcar0.3_n1000_M20_s23",1000,1,0,23,TRUE,1,0.0133333333333333,1.97395951362853,412.183513882198,0.382367508667657,""
"bace","rubin_types_mixed_BM_l1_r0_mcar0.3_n1000_M20_s24",1000,1,0,24,TRUE,1,0.00375375375375394,1.55170814763925,340.494247620286,0.426944031698861,""
"bace","rubin_types_mixed_BM_l1_r0_mcar0.3_n1000_M20_s25",1000,1,0,25,TRUE,1,0.00242225038471798,3.36407399950065,372.090906596702,0.319960376423972,""
"bace","rubin_types_mixed_BM_l1_r0_mcar0.3_n1000_M20_s26",1000,1,0,26,TRUE,1,0.0166666666666666,1.9714069676265,309.050957005338,0.32993445010925,"ord: dropped 1 empty level(s);cat3: dropped 1 empty level(s)"
"bace","rubin_types_mixed_BM_l1_r0_mcar0.3_n1000_M20_s27",1000,1,0,27,TRUE,1,0.111111111111111,2.24809339754187,258.400291509113,0.417038137691927,""
"bace","rubin_types_mixed_BM_l1_r0_mcar0.3_n1000_M20_s28",1000,1,0,28,TRUE,1,0.0714285714285714,1.95172414427351,535.228372930577,0.383798140770252,"cat3: dropped 1 empty level(s)"
"bace","rubin_types_mixed_BM_l1_r0_mcar0.3_n1000_M20_s29",1000,1,0,29,TRUE,1,0.00174216027874568,1.06135778465846,447.351553001806,0.33234274393264,""
"bace","rubin_types_mixed_BM_l1_r0_mcar0.3_n1000_M20_s3",1000,1,0,3,TRUE,1,0.00268581330216047,1.5631644380717,601.987227047478,0.313852813852814,"ord: dropped 1 empty level(s)"
"bace","rubin_types_mixed_BM_l1_r0_mcar0.3_n1000_M20_s30",1000,1,0,30,TRUE,1,0.111111111111111,0.937169574446287,642.186420056999,0.303452855245684,"cat3: dropped 1 empty level(s)"
"bace","rubin_types_mixed_BM_l1_r0_mcar0.3_n1000_M20_s31",1000,1,0,31,TRUE,1,0.013157894736842,1.66911367805024,723.222086154537,0.302124833997344,"cat3: dropped 1 empty level(s)"
"bace","rubin_types_mixed_BM_l1_r0_mcar0.3_n1000_M20_s32",1000,1,0,32,TRUE,1,0.00459283273633731,1.54391790312074,323.131000811737,0.386329866270431,""
"bace","rubin_types_mixed_BM_l1_r0_mcar0.3_n1000_M20_s33",1000,1,0,33,TRUE,1,0.00180852623054904,2.81518883787022,251.103550332591,0.4135710747895,""
"bace","rubin_types_mixed_BM_l1_r0_mcar0.3_n1000_M20_s34",1000,1,0,34,TRUE,1,0.0232558139534883,2.33297531044758,335.681299613929,0.337790985636454,""
"bace","rubin_types_mixed_BM_l1_r0_mcar0.3_n1000_M20_s35",1000,1,0,35,TRUE,1,0.00450870543800227,1.63218791144481,283.558540292534,0.382367508667657,""
"bace","rubin_types_mixed_BM_l1_r0_mcar0.3_n1000_M20_s36",1000,1,0,36,TRUE,1,0.0188679245283019,2.78950614255646,800.098506604602,0.261519302615193,"bin: left out (1 observed class)"
"bace","rubin_types_mixed_BM_l1_r0_mcar0.3_n1000_M20_s37",1000,1,0,37,TRUE,1,0.00793650793650786,0.825461809955027,577.886226245302,0.362549800796813,"cat3: dropped 1 empty level(s)"
"bace","rubin_types_mixed_BM_l1_r0_mcar0.3_n1000_M20_s38",1000,1,0,38,TRUE,1,0.0193229761849335,2.99713460848878,284.059126325482,0.402597402597403,"ord: dropped 1 empty level(s)"
"bace","rubin_types_mixed_BM_l1_r0_mcar0.3_n1000_M20_s39",1000,1,0,39,TRUE,1,0.00925925925925917,3.92241744174102,449.491628653588,0.379329004329004,"ord: dropped 1 empty level(s)"
"bace","rubin_types_mixed_BM_l1_r0_mcar0.3_n1000_M20_s4",1000,1,0,4,TRUE,1,0.0175438596491228,30.1900527304294,1405.04748136106,0.023696682464455,"bin: left out (1 observed class);cat3: left out (1 observed class)"
"bace","rubin_types_mixed_BM_l1_r0_mcar0.3_n1000_M20_s40",1000,1,0,40,TRUE,1,0.0100334448160536,1.91403706105721,324.187929286645,0.354978354978355,"ord: dropped 1 empty level(s)"
"bace","rubin_types_mixed_BM_l1_r0_mcar0.3_n1000_M20_s5",1000,1,0,5,TRUE,1,0.0860225086497774,1.21439761248138,232.22016014614,0.403679653679654,"ord: dropped 1 empty level(s)"
"bace","rubin_types_mixed_BM_l1_r0_mcar0.3_n1000_M20_s6",1000,1,0,6,TRUE,1,0.0416666666666666,1.19066318348196,78.1536878993777,0.534918276374443,""
"bace","rubin_types_mixed_BM_l1_r0_mcar0.3_n1000_M20_s61",1000,1,0,61,TRUE,1,0.00316461293767983,4.55025452151547,551.894362890886,0.372461614660723,""
"bace","rubin_types_mixed_BM_l1_r0_mcar0.3_n1000_M20_s7",1000,1,0,7,TRUE,1,0.00740740740740733,1.95946850095555,197.149250635468,0.43452380952381,"ord: dropped 1 empty level(s)"
"bace","rubin_types_mixed_BM_l1_r0_mcar0.3_n1000_M20_s8",1000,1,0,8,TRUE,1,0.028414517336923,0.747364819410255,171.370570447898,0.452204061416543,""
"bace","rubin_types_mixed_BM_l1_r0_mcar0.3_n1000_M20_s82",1000,1,0,82,TRUE,1,0.0005736349521507,2.69017252800248,286.520286798142,0.354631005448242,""
"bace","rubin_types_mixed_BM_l1_r0_mcar0.3_n1000_M20_s83",1000,1,0,83,TRUE,1,0.00334500180206332,2.50366177690367,203.863527540521,0.452204061416543,""
"bace","rubin_types_mixed_BM_l1_r0_mcar0.3_n1000_M20_s84",1000,1,0,84,TRUE,1,0.0112359550561797,1.14400344841006,234.091547162742,0.424962852897474,""
"bace","rubin_types_mixed_BM_l1_r0_mcar0.3_n1000_M20_s85",1000,1,0,85,TRUE,1,0.00641025641025634,3.59629352236084,377.555092358929,0.322436849925706,""
"bace","rubin_types_mixed_BM_l1_r0_mcar0.3_n1000_M20_s86",1000,1,0,86,TRUE,1,0.00431220667749831,3.18566195206132,305.750865412,0.37741456166419,""
"bace","rubin_types_mixed_BM_l1_r0_mcar0.3_n1000_M20_s9",1000,1,0,9,TRUE,1,0.0175438596491228,3.18007628840822,330.503637897749,0.382575757575758,"ord: dropped 1 empty level(s)"
"bace","rubin_types_mixed_BM_l1_r0_mcar0.3_n300_M20_s103",300,1,0,103,FALSE,1,0.0416666666666667,1.87090297939206,189.928830231546,0.462605250123824,""
"bace","rubin_types_mixed_BM_l1_r0_mcar0.3_n300_M20_s104",300,1,0,104,TRUE,1,0.2,1.29561384093896,154.542190434112,0.462109955423477,""
"bace","rubin_types_mixed_BM_l1_r0_mcar0.3_n300_M20_s106",300,1,0,106,TRUE,1,0.0517267046332798,1.39663946145364,140.393398008095,0.481601731601732,"ord: dropped 1 empty level(s)"
"bace","rubin_types_mixed_BM_l1_r0_mcar0.3_n300_M20_s107",300,1,0,107,TRUE,1,0.125,1.98489462728397,203.481773002304,0.457251082251082,"ord: dropped 1 empty level(s)"
"bace","rubin_types_mixed_BM_l1_r0_mcar0.3_n300_M20_s108",300,1,0,108,TRUE,1,0.0333333333333334,3.55150338667857,150.032707372391,0.475978207033185,""
"bace","rubin_types_mixed_BM_l1_r0_mcar0.3_n300_M20_s109",300,1,0,109,TRUE,1,0.166666666666667,1.75053861786748,134.349596482981,0.484307359307359,"ord: dropped 1 empty level(s)"
"bace","rubin_types_mixed_BM_l1_r0_mcar0.3_n300_M20_s110",300,1,0,110,TRUE,1,0.0120481927710843,1.12611143349362,929.744601866178,0.370624571036376,"bin: left out (1 observed class);ord: dropped 1 empty level(s)"
"bace","rubin_types_mixed_BM_l1_r0_mcar0.3_n300_M20_s111",300,1,0,111,TRUE,1,1,0.929314322617521,169.825457009761,0.474987617632491,""
"bace","rubin_types_mixed_BM_l1_r0_mcar0.3_n300_M20_s112",300,1,0,112,TRUE,1,0.0198060276117934,3.65734322765408,272.578406277135,0.463744588744589,"ord: dropped 1 empty level(s)"
"bace","rubin_types_mixed_BM_l1_r0_mcar0.3_n300_M20_s113",300,1,0,113,TRUE,1,0.0141724838513969,1.27411839566898,180.754445633011,0.466567607726597,""
"bace","rubin_types_mixed_BM_l1_r0_mcar0.3_n300_M20_s114",300,1,0,114,TRUE,1,0.0662801771877736,1.77650260005597,568.425290854538,0.335989375830013,"cat3: dropped 1 empty level(s)"
"bace","rubin_types_mixed_BM_l1_r0_mcar0.3_n300_M20_s115",300,1,0,115,FALSE,1,2.42281762973851,1.48405744138256,144.929765446326,0.473501733531451,""
"bace","rubin_types_mixed_BM_l1_r0_mcar0.3_n300_M20_s116",300,1,0,116,TRUE,1,0.2,1.25542936908535,205.942187881014,0.467532467532468,"ord: dropped 1 empty level(s)"
"bace","rubin_types_mixed_BM_l1_r0_mcar0.3_n300_M20_s117",300,1,0,117,FALSE,1,0.25,1.77820184370337,628.439636077637,0.318061088977424,"cat3: dropped 1 empty level(s)"
"bace","rubin_types_mixed_BM_l1_r0_mcar0.3_n300_M20_s118",300,1,0,118,TRUE,1,0.0476190476190477,1.80467715454803,164.55068135434,0.481921743437345,""
"bace","rubin_types_mixed_BM_l1_r0_mcar0.3_n300_M20_s119",300,1,0,119,TRUE,1,0.0714285714285714,1.68945599180873,212.520632026841,0.458147597820703,""
"bace","rubin_types_mixed_BM_l1_r0_mcar0.3_n300_M20_s120",300,1,0,120,TRUE,1,0.0169491525423728,2.50234785024284,618.248662997523,0.381451612903226,"ord: dropped 2 empty level(s);cat3: dropped 1 empty level(s)"
"bace","rubin_types_mixed_BM_l1_r0_mcar0.3_n300_M20_s121",300,1,0,121,TRUE,1,0.0158730158730158,1.4154922200674,511.219240107049,0.369354838709677,"ord: dropped 2 empty level(s);cat3: dropped 1 empty level(s)"
"bace","rubin_types_mixed_BM_l1_r0_mcar0.3_n300_M20_s122",300,1,0,122,TRUE,1,0.100041646034687,1.69922996582302,197.117490133634,0.449232293214463,""
"bace","rubin_types_mixed_BM_l1_r0_mcar0.3_n300_M20_s123",300,1,0,123,TRUE,1,1,1.64330451287072,375.815073125312,0.420975965040058,"ord: dropped 1 empty level(s);cat3: dropped 1 empty level(s)"
"bace","rubin_types_mixed_BM_l1_r0_mcar0.3_n300_M20_s124",300,1,0,124,TRUE,1,0.0588235294117648,1.02839115021438,470.940085887206,0.403054448871182,"cat3: dropped 1 empty level(s)"
"bace","rubin_types_mixed_BM_l1_r0_mcar0.3_n300_M20_s125",300,1,0,125,TRUE,1,0.0392156862745099,2.0113476936682,205.241460182141,0.45567112431897,""
"bace","rubin_types_mixed_BM_l1_r0_mcar0.3_n300_M20_s126",300,1,0,126,TRUE,1,0.0289628904642611,0.880273183751187,240.544672519486,0.424467558197127,""
"bace","rubin_types_mixed_BM_l1_r0_mcar0.3_n300_M20_s127",300,1,0,127,TRUE,1,0.0277777777777778,2.13206197082319,139.745226213969,0.474025974025974,"ord: dropped 1 empty level(s)"
"bace","rubin_types_mixed_BM_l1_r0_mcar0.3_n300_M20_s128",300,1,0,128,TRUE,1,0.2,1.92566066155874,722.002523291154,0.324107793153678,"ord: dropped 1 empty level(s);cat3: dropped 1 empty level(s)"
"bace","rubin_types_mixed_BM_l1_r0_mcar0.3_n300_M20_s129",300,1,0,129,TRUE,1,0.0253164556962026,1.38309944923812,127.149332099707,0.486379395740466,""
"bace","rubin_types_mixed_BM_l1_r0_mcar0.3_n300_M20_s130",300,1,0,130,TRUE,1,0.0119047619047619,2.27554816608911,802.170986439675,0.345957756737072,"ord: dropped 1 empty level(s);cat3: dropped 1 empty level(s)"
"bace","rubin_types_mixed_BM_l1_r0_mcar0.3_n300_M20_s131",300,1,0,131,TRUE,1,0.133333333333333,1.63793509829974,275.232936643412,0.466567607726597,""
"bace","rubin_types_mixed_BM_l1_r0_mcar0.3_n300_M20_s132",300,1,0,132,TRUE,1,0.076923076923077,0.900549089730605,323.220514559937,0.433878157503715,""
"bace","rubin_types_mixed_BM_l1_r0_mcar0.3_n300_M20_s133",300,1,0,133,TRUE,1,0.2,3.0297607774952,266.551111295915,0.450718177315503,""
"bace","rubin_types_mixed_BM_l1_r0_mcar0.3_n300_M20_s134",300,1,0,134,FALSE,1,0.2,0.761643298148597,76.7182200458982,0.523526498266469,""
"bace","rubin_types_mixed_BM_l1_r0_mcar0.3_n300_M20_s135",300,1,0,135,TRUE,1,0.111111111111111,1.63455840666674,102.16035881787,0.498266468548787,""
"bace","rubin_types_mixed_BM_l1_r0_mcar0.3_n300_M20_s136",300,1,0,136,TRUE,1,0.0238095238095238,1.97803579298783,329.625920148893,0.426944031698861,""
"bace","rubin_types_mixed_BM_l1_r0_mcar0.3_n300_M20_s137",300,1,0,137,FALSE,1,1111111.11111111,1.37520260646893,570.788897080264,0.367197875166003,"cat3: dropped 1 empty level(s)"
"bace","rubin_types_mixed_BM_l1_r0_mcar0.3_n300_M20_s138",300,1,0,138,TRUE,1,0.0256410256410257,1.89861306057795,263.514589101774,0.457652303120357,""
"bace","rubin_types_mixed_BM_l1_r0_mcar0.3_n300_M20_s139",300,1,0,139,TRUE,1,0.0817658913768708,1.58913730465276,252.159907010921,0.445269935611689,""
"bace","rubin_types_mixed_BM_l1_r0_mcar0.3_n300_M20_s140",300,1,0,140,TRUE,1,0.125,3.24019549950074,352.860065364873,0.398712233779099,""
"bace","rubin_types_mixed_BM_l1_r0_mcar0.3_n300_M20_s141",300,1,0,141,TRUE,1,0.0217391304347828,2.24187634645098,308.226113143079,0.423476968796434,""
"bace","rubin_types_mixed_BM_l1_r0_mcar0.3_n300_M20_s142",300,1,0,142,TRUE,1,0.333333333333333,1.37662134137996,178.974531682103,0.452204061416543,""
"bace","rubin_types_mixed_BM_l1_r0_mcar0.3_n300_M20_s144",300,1,0,144,TRUE,1,0.0370370370370371,1.3990912362812,184.779508242697,0.449232293214463,""
"bace","rubin_types_mixed_BM_l1_r0_mcar0.3_n300_M20_s145",300,1,0,145,TRUE,1,0.0587823597432415,0.95590906595701,853.245191997741,0.405046480743692,"cat3: dropped 1 empty level(s)"
"bace","rubin_types_mixed_BM_l1_r0_mcar0.3_n300_M20_s146",300,1,0,146,TRUE,1,0.111111111111111,3.8677950832783,254.4061653848,0.448593073593074,"ord: dropped 1 empty level(s)"
"bace","rubin_types_mixed_BM_l1_r0_mcar0.3_n300_M20_s147",300,1,0,147,FALSE,1,0.0357142857142858,2.2615818935725,148.933767542843,0.472402597402597,"ord: dropped 1 empty level(s)"
"bace","rubin_types_mixed_BM_l1_r0_mcar0.3_n300_M20_s148",300,1,0,148,TRUE,1,0.00679121882558192,2.59775000354824,223.637143680099,0.456166419019316,""
"bace","rubin_types_mixed_BM_l1_r0_mcar0.3_n300_M20_s149",300,1,0,149,TRUE,1,0.0208333333333333,1.85763098353032,88.3633006694304,0.506493506493506,"ord: dropped 1 empty level(s)"
"bace","rubin_types_mixed_BM_l1_r0_mcar0.3_n300_M20_s150",300,1,0,150,TRUE,1,0.5,0.844868919455795,177.848646953045,0.469044081228331,""
"bace","rubin_types_mixed_BM_l1_r0_mcar0.3_n300_M20_s152",300,1,0,152,TRUE,1,1,1.21052042376781,173.700562122431,0.440316988608222,""
"bace","rubin_types_mixed_BM_l1_r0_mcar0.3_n300_M20_s153",300,1,0,153,TRUE,1,0.5,2.12174755370821,200.095917530863,0.456661713719663,""
"bace","rubin_types_mixed_BM_l1_r0_mcar0.3_n300_M20_s154",300,1,0,154,TRUE,1,0.0918114143920596,1.08938770634404,65.0249386658316,0.53541357107479,""
"bace","rubin_types_mixed_BM_l1_r0_mcar0.3_n300_M20_s155",300,1,0,155,FALSE,1,0.25,1.62060604681027,260.99124985286,0.460497835497836,"ord: dropped 1 empty level(s)"
"bace","rubin_types_mixed_BM_l1_r0_mcar0.3_n300_M20_s156",300,1,0,156,TRUE,1,0.0477359847087545,1.77234690322157,102.115962909323,0.497835497835498,"ord: dropped 1 empty level(s)"
"bace","rubin_types_mixed_BM_l1_r0_mcar0.3_n300_M20_s157",300,1,0,157,TRUE,1,0.0322671473337368,1.57612700826115,111.58516685842,0.491883116883117,"ord: dropped 1 empty level(s)"
"bace","rubin_types_mixed_BM_l1_r0_mcar0.3_n300_M20_s158",300,1,0,158,TRUE,1,0.0370370370370371,1.10269484083674,299.754634051001,0.462605250123824,""
"bace","rubin_types_mixed_BM_l1_r0_mcar0.3_n300_M20_s159",300,1,0,159,TRUE,1,0.0740903312769584,1.36730921062027,496.100574839507,0.389301634472511,""
"bace","rubin_types_mixed_BM_l1_r0_mcar0.3_n300_M20_s160",300,1,0,160,TRUE,1,0.0294117647058824,2.52675876320355,137.171339706203,0.483902922238732,""
"bace","rubin_types_mixed_BM_l1_r0_mcar0.3_n300_M20_s161",300,1,0,161,TRUE,1,0.00773996080924424,1.96334333083327,233.63497410745,0.444279346210996,""
"bace","rubin_types_mixed_BM_l1_r0_mcar0.3_n300_M20_s162",300,1,0,162,TRUE,1,0.0111111111111111,0.895818452121327,438.316707109816,0.431818181818182,"ord: dropped 1 empty level(s)"
"bace","rubin_types_mixed_BM_l1_r0_mcar0.3_n300_M20_s163",300,1,0,163,TRUE,1,0.0370370370370371,3.16095932306405,301.217773232962,0.431277056277056,"ord: dropped 1 empty level(s)"
"bace","rubin_types_mixed_BM_l1_r0_mcar0.3_n300_M20_s164",300,1,0,164,TRUE,1,0.0294117647058824,1.77720140834875,1000.08827549721,0.290786948176584,"ord: dropped 1 empty level(s);cat3: left out (1 observed class)"
"bace","rubin_types_mixed_BM_l1_r0_mcar0.3_n300_M20_s165",300,1,0,165,TRUE,1,0.0403704547963696,1.27218035043201,238.340162079934,0.444279346210996,""
"bace","rubin_types_mixed_BM_l1_r0_mcar0.3_n300_M20_s166",300,1,0,166,TRUE,1,0.054054054054054,2.27149484336454,217.311700136539,0.45995670995671,"ord: dropped 1 empty level(s)"
"bace","rubin_types_mixed_BM_l1_r0_mcar0.3_n300_M20_s167",300,1,0,167,TRUE,1,0.0346853528587667,0.826668910244548,51.868712834078,0.530225782957028,"ord: dropped 1 empty level(s);cat3: dropped 1 empty level(s)"
"bace","rubin_types_mixed_BM_l1_r0_mcar0.3_n300_M20_s168",300,1,0,168,TRUE,1,0.0213503767410118,2.27699288022726,528.632109465931,0.372683596431023,"bin: left out (1 observed class);ord: dropped 1 empty level(s)"
"bace","rubin_types_mixed_BM_l1_r0_mcar0.3_n300_M20_s169",300,1,0,169,TRUE,1,0.00717360114777616,1.68411588960391,524.667296386006,0.409113422486379,""
"bace","rubin_types_mixed_BM_l1_r0_mcar0.3_n300_M20_s170",300,1,0,170,TRUE,1,0.387171148888618,1.78559713272861,578.937689931983,0.342629482071713,"cat3: dropped 1 empty level(s)"
"bace","rubin_types_mixed_BM_l1_r0_mcar0.3_n300_M20_s171",300,1,0,171,TRUE,1,0.0238095238095238,1.61248299553725,86.5924081818968,0.509658246656761,""
"bace","rubin_types_mixed_BM_l1_r0_mcar0.3_n300_M20_s172",300,1,0,172,TRUE,1,0.0277777777777777,0.677278983806914,32.7079629718342,0.589895988112927,""
"bace","rubin_types_mixed_BM_l1_r0_mcar0.3_n300_M20_s173",300,1,0,173,TRUE,1,0.0123451625380598,2.6160146707685,192.015505150261,0.442793462109955,""
"bace","rubin_types_mixed_BM_l1_r0_mcar0.3_n300_M20_s174",300,1,0,174,TRUE,1,0.166666666666667,1.9143251912918,419.05108384194,0.37733499377335,"bin: left out (1 observed class)"
"bace","rubin_types_mixed_BM_l1_r0_mcar0.3_n300_M20_s175",300,1,0,175,TRUE,1,0.054054054054054,1.70723076316113,184.672656379224,0.46458642892521,""
"bace","rubin_types_mixed_BM_l1_r0_mcar0.3_n300_M20_s176",300,1,0,176,TRUE,1,0.0123456790123456,1.66505358326049,132.098580853817,0.490161001788909,"ord: dropped 2 empty level(s)"
"bace","rubin_types_mixed_BM_l1_r0_mcar0.3_n300_M20_s177",300,1,0,177,TRUE,1,0.333333333333333,1.40410191411276,96.8335911964122,0.501623376623377,"ord: dropped 1 empty level(s)"
"bace","rubin_types_mixed_BM_l1_r0_mcar0.3_n300_M20_s178",300,1,0,178,TRUE,1,0.111111111111111,1.45443351328439,508.937137446229,0.331341301460823,"cat3: dropped 1 empty level(s)"
"bace","rubin_types_mixed_BM_l1_r0_mcar0.3_n300_M20_s179",300,1,0,179,TRUE,1,0.0326526825673467,2.79806243163775,135.358477468048,0.476968796433878,""
"bace","rubin_types_mixed_BM_l1_r0_mcar0.3_n300_M20_s180",300,1,0,180,TRUE,1,0.0243471299503733,2.16439892563457,571.704245636281,0.312749003984064,"cat3: dropped 1 empty level(s)"
"bace","rubin_types_mixed_BM_l1_r0_mcar0.3_n300_M20_s181",300,1,0,181,TRUE,1,0.0227272727272726,2.16697038358933,861.940464602962,0.347941567065073,"cat3: dropped 1 empty level(s)"
"bace","rubin_types_mixed_BM_l1_r0_mcar0.3_n300_M20_s182",300,1,0,182,TRUE,1,0.00826446280991733,1.35387145751412,177.238239645604,0.46482683982684,"ord: dropped 1 empty level(s)"
"bace","rubin_types_mixed_BM_l1_r0_mcar0.3_n300_M20_s183",300,1,0,183,TRUE,1,0.0066298403612796,2.54845947244117,141.147363733421,0.460624071322437,""
"bace","rubin_types_mixed_BM_l1_r0_mcar0.3_n300_M20_s184",300,1,0,184,TRUE,1,0.125,1.50234442087309,481.018716019331,0.416666666666667,"ord: dropped 1 empty level(s)"
"bace","rubin_types_mixed_BM_l1_r0_mcar0.3_n300_M20_s185",300,1,0,185,TRUE,1,0.5,3.09016316594788,944.7379646386,0.348931841302136,"bin: left out (1 observed class);ord: left out (1 observed class)"
"bace","rubin_types_mixed_BM_l1_r0_mcar0.3_n300_M20_s187",300,1,0,187,TRUE,1,0.00552486187845302,1.46569722982895,212.761367489076,0.444279346210996,""
"bace","rubin_types_mixed_BM_l1_r0_mcar0.3_n300_M20_s188",300,1,0,188,TRUE,1,0.2,1.05634512933681,320.649629926828,0.430906389301634,""
"bace","rubin_types_mixed_BM_l1_r0_mcar0.3_n300_M20_s189",300,1,0,189,TRUE,1,0.0400000000000001,1.40931087773783,80.0268912991245,0.515106488360574,""
"bace","rubin_types_mixed_BM_l1_r0_mcar0.3_n300_M20_s190",300,1,0,190,TRUE,1,0.0269255987769764,1.32279561082328,109.679353138674,0.491827637444279,""
"bace","rubin_types_mixed_BM_l1_r0_mcar0.3_n300_M20_s191",300,1,0,191,TRUE,1,0.0123707529697133,1.24867779532253,77.2350433864396,0.515601783060921,""
"bace","rubin_types_mixed_BM_l1_r0_mcar0.3_n300_M20_s192",300,1,0,192,TRUE,1,0.064516129032258,2.62150321457794,342.536891102106,0.429915799900941,""
"bace","rubin_types_mixed_BM_l1_r0_mcar0.3_n300_M20_s193",300,1,0,193,TRUE,1,0.0269058295964126,0.855425931652234,240.633622063555,0.443784051510649,""
"bace","rubin_types_mixed_BM_l1_r0_mcar0.3_n300_M20_s194",300,1,0,194,TRUE,1,0.0212389380530974,1.88270021558707,252.971263154105,0.436688311688312,"ord: dropped 1 empty level(s)"
"bace","rubin_types_mixed_BM_l1_r0_mcar0.3_n300_M20_s195",300,1,0,195,TRUE,1,0.0227272727272726,3.77225376629949,923.646123678178,0.268924302788845,"cat3: dropped 1 empty level(s)"
"bace","rubin_types_mixed_BM_l1_r0_mcar0.3_n300_M20_s196",300,1,0,196,TRUE,1,0.409789689160492,1.78026542036227,181.089839846629,0.456661713719663,""
"bace","rubin_types_mixed_BM_l1_r0_mcar0.3_n300_M20_s197",300,1,0,197,TRUE,1,0.0454545454545454,1.87210645957207,129.705067488761,0.484398216939079,""
"bace","rubin_types_mixed_BM_l1_r0_mcar0.3_n300_M20_s198",300,1,0,198,TRUE,1,0.1,2.47459143110964,193.51999978972,0.46310054482417,""
"bace","rubin_types_mixed_BM_l1_r0_mcar0.3_n300_M20_s199",300,1,0,199,TRUE,1,0.0384615384615385,2.37398648309574,139.027115885137,0.478896103896104,"ord: dropped 1 empty level(s)"
"bace","rubin_types_mixed_BM_l1_r0_mcar0.3_n300_M20_s200",300,1,0,200,TRUE,1,0.00740740740740738,0.801666433309816,268.014735907405,0.441017316017316,"ord: dropped 1 empty level(s)"
"bace","rubin_types_mixed_BM_l1_r0.5_mcar0.3_n1000_M20_s10",1000,1,0.5,10,TRUE,1,0.0454545454545454,4.28713244442933,1051.53572599325,0.18796992481203,"ord: dropped 2 empty level(s);cat3: left out (1 observed class)"
"bace","rubin_types_mixed_BM_l1_r0.5_mcar0.3_n1000_M20_s100",1000,1,0.5,100,TRUE,1,0.0111239293506275,1.74442941638461,182.280807496466,0.429420505200594,""
"bace","rubin_types_mixed_BM_l1_r0.5_mcar0.3_n1000_M20_s11",1000,1,0.5,11,TRUE,1,0.0123456790123456,1.26481093036666,579.648287767216,0.317776252573782,"bin: left out (1 observed class);ord: dropped 1 empty level(s)"
"bace","rubin_types_mixed_BM_l1_r0.5_mcar0.3_n1000_M20_s12",1000,1,0.5,12,TRUE,1,0.00867975821062065,1.12864223080107,113.475786001584,0.474987617632491,""
"bace","rubin_types_mixed_BM_l1_r0.5_mcar0.3_n1000_M20_s13",1000,1,0.5,13,TRUE,1,0.0256410256410256,2.01150349191062,361.348661455509,0.346210995542348,""
"bace","rubin_types_mixed_BM_l1_r0.5_mcar0.3_n1000_M20_s14",1000,1,0.5,14,TRUE,1,0.00200803212851397,1.06244027781214,150.709039624528,0.465909090909091,"ord: dropped 1 empty level(s)"
"bace","rubin_types_mixed_BM_l1_r0.5_mcar0.3_n1000_M20_s15",1000,1,0.5,15,TRUE,1,0.00375939849624056,2.61914160218073,590.913138148796,0.273387096774194,"ord: dropped 2 empty level(s);cat3: dropped 1 empty level(s)"
"bace","rubin_types_mixed_BM_l1_r0.5_mcar0.3_n1000_M20_s16",1000,1,0.5,16,TRUE,1,0.000655154270125933,2.65629338175384,1062.90757479851,0.232245681381958,"bin: left out (1 observed class);ord: dropped 1 empty level(s);cat3: dropped 1 empty level(s)"
"bace","rubin_types_mixed_BM_l1_r0.5_mcar0.3_n1000_M20_s17",1000,1,0.5,17,TRUE,1,0.00484744931891353,1.14279402609297,219.836958085968,0.425345957756737,"ord: dropped 1 empty level(s);cat3: dropped 1 empty level(s)"
"bace","rubin_types_mixed_BM_l1_r0.5_mcar0.3_n1000_M20_s18",1000,1,0.5,18,TRUE,1,0.0243902439024392,1.18380321317167,882.493191698697,0.300801165331391,"ord: dropped 1 empty level(s);cat3: dropped 1 empty level(s)"
"bace","rubin_types_mixed_BM_l1_r0.5_mcar0.3_n1000_M20_s19",1000,1,0.5,19,TRUE,1,0.00529100529100524,1.5273419904154,458.942224827007,0.364041604754829,""
"bace","rubin_types_mixed_BM_l1_r0.5_mcar0.3_n1000_M20_s2",1000,1,0.5,2,TRUE,1,0.0120481927710844,3.03939757244698,312.773039151049,0.388806339772164,""
"bace","rubin_types_mixed_BM_l1_r0.5_mcar0.3_n1000_M20_s20",1000,1,0.5,20,TRUE,1,0.00872050997984177,2.05266840113804,362.228490386826,0.361069836552749,""
"bace","rubin_types_mixed_BM_l1_r0.5_mcar0.3_n1000_M20_s22",1000,1,0.5,22,TRUE,1,0.00584795321637421,1.65824843089231,656.144330912903,0.271667880553532,"ord: dropped 1 empty level(s);cat3: dropped 1 empty level(s)"
"bace","rubin_types_mixed_BM_l1_r0.5_mcar0.3_n1000_M20_s23",1000,1,0.5,23,TRUE,1,0.00383319771323289,2.4733897783382,432.92716656024,0.320455671124319,""
"bace","rubin_types_mixed_BM_l1_r0.5_mcar0.3_n1000_M20_s24",1000,1,0.5,24,TRUE,1,0.00221660835403641,1.29955834830478,235.935891820114,0.376423972263497,""
"bace","rubin_types_mixed_BM_l1_r0.5_mcar0.3_n1000_M20_s25",1000,1,0.5,25,TRUE,1,0.0163934426229508,1.1611863653592,415.784418082175,0.334819217434373,""
"bace","rubin_types_mixed_BM_l1_r0.5_mcar0.3_n1000_M20_s26",1000,1,0.5,26,FALSE,1,1e+06,1.46952890416318,351.30133733548,0.292164674634794,"cat3: dropped 1 empty level(s)"
"bace","rubin_types_mixed_BM_l1_r0.5_mcar0.3_n1000_M20_s27",1000,1,0.5,27,TRUE,1,0.00980289162469736,1.6293486825334,245.482604413354,0.352649826646855,""
"bace","rubin_types_mixed_BM_l1_r0.5_mcar0.3_n1000_M20_s28",1000,1,0.5,28,TRUE,1,0.00665400024307294,1.91358541296771,521.91219858521,0.397669337217771,"ord: dropped 1 empty level(s);cat3: dropped 1 empty level(s)"
"bace","rubin_types_mixed_BM_l1_r0.5_mcar0.3_n1000_M20_s29",1000,1,0.5,29,TRUE,1,0.0112994350282485,1.07828115582043,271.688219427228,0.39773404889684,"ord: dropped 2 empty level(s)"
"bace","rubin_types_mixed_BM_l1_r0.5_mcar0.3_n1000_M20_s3",1000,1,0.5,3,TRUE,1,0.00714285714285719,1.35395423734201,241.728502629648,0.404220779220779,"ord: dropped 1 empty level(s)"
"bace","rubin_types_mixed_BM_l1_r0.5_mcar0.3_n1000_M20_s31",1000,1,0.5,31,TRUE,1,0.00904977375565602,1.47738903456017,662.402931286593,0.222443559096946,"cat3: dropped 1 empty level(s)"
"bace","rubin_types_mixed_BM_l1_r0.5_mcar0.3_n1000_M20_s32",1000,1,0.5,32,TRUE,1,0.00194263788990888,0.945524542806361,230.774556361199,0.454545454545455,"ord: dropped 1 empty level(s)"
"bace","rubin_types_mixed_BM_l1_r0.5_mcar0.3_n1000_M20_s33",1000,1,0.5,33,TRUE,1,0.00694444444444437,2.27994308367969,819.26092768936,0.266569555717407,"ord: dropped 1 empty level(s);cat3: dropped 1 empty level(s)"
"bace","rubin_types_mixed_BM_l1_r0.5_mcar0.3_n1000_M20_s34",1000,1,0.5,34,TRUE,1,0.00119521912350595,2.83772873361749,312.339030324537,0.395245170876672,""
"bace","rubin_types_mixed_BM_l1_r0.5_mcar0.3_n1000_M20_s35",1000,1,0.5,35,TRUE,1,0.0978983447197262,1.98273646327746,330.272169905741,0.380411255411255,"ord: dropped 1 empty level(s)"
"bace","rubin_types_mixed_BM_l1_r0.5_mcar0.3_n1000_M20_s36",1000,1,0.5,36,TRUE,1,0.00900900900900907,2.20127009684785,247.161796387962,0.380881624566617,""
"bace","rubin_types_mixed_BM_l1_r0.5_mcar0.3_n1000_M20_s37",1000,1,0.5,37,TRUE,1,0.0769230769230769,0.819701526586785,178.899849641333,0.462151394422311,"cat3: dropped 1 empty level(s)"
"bace","rubin_types_mixed_BM_l1_r0.5_mcar0.3_n1000_M20_s38",1000,1,0.5,38,TRUE,1,0.882536684377411,3.0374338383484,263.277661688123,0.385834571570084,""
"bace","rubin_types_mixed_BM_l1_r0.5_mcar0.3_n1000_M20_s39",1000,1,0.5,39,TRUE,1,0.0322580645161291,8.86876940973151,440.753767107569,0.324134199134199,"ord: dropped 1 empty level(s)"
"bace","rubin_types_mixed_BM_l1_r0.5_mcar0.3_n1000_M20_s4",1000,1,0.5,4,TRUE,1,0.0140845070422535,1.74683737867231,860.123817168256,0.201214223764094,"cat3: left out (1 observed class)"
"bace","rubin_types_mixed_BM_l1_r0.5_mcar0.3_n1000_M20_s40",1000,1,0.5,40,TRUE,1,0.0190891475941152,2.2326746742386,296.764130352994,0.378405151064884,""
"bace","rubin_types_mixed_BM_l1_r0.5_mcar0.3_n1000_M20_s5",1000,1,0.5,5,TRUE,1,0.0318160691916263,1.10794252968962,547.221505890261,0.35241935483871,"ord: dropped 2 empty level(s);cat3: dropped 1 empty level(s)"
"bace","rubin_types_mixed_BM_l1_r0.5_mcar0.3_n1000_M20_s6",1000,1,0.5,6,TRUE,1,0.0158730158730158,2.85281554739776,400.019794638395,0.381376919266964,""
"bace","rubin_types_mixed_BM_l1_r0.5_mcar0.3_n1000_M20_s7",1000,1,0.5,7,TRUE,1,0.00714666241578445,2.55594687640652,302.544044554614,0.382575757575758,"ord: dropped 1 empty level(s)"
"bace","rubin_types_mixed_BM_l1_r0.5_mcar0.3_n1000_M20_s8",1000,1,0.5,8,TRUE,1,0.0238095238095238,1.1686402092569,332.866538860251,0.382862803368004,""
"bace","rubin_types_mixed_BM_l1_r0.5_mcar0.3_n1000_M20_s87",1000,1,0.5,87,TRUE,1,0.00383141762452103,1.06341913441023,190.265661983264,0.439821693907875,""
"bace","rubin_types_mixed_BM_l1_r0.5_mcar0.3_n1000_M20_s88",1000,1,0.5,88,TRUE,1,0.000766871165644292,0.952701361672431,267.853182603239,0.451708766716196,""
"bace","rubin_types_mixed_BM_l1_r0.5_mcar0.3_n1000_M20_s89",1000,1,0.5,89,TRUE,1,0.0555555555555557,2.22989368784116,368.541245891251,0.37444279346211,""
"bace","rubin_types_mixed_BM_l1_r0.5_mcar0.3_n1000_M20_s9",1000,1,0.5,9,FALSE,1,0.5,1.58912232764126,314.840923689304,0.429112554112554,"ord: dropped 1 empty level(s)"
"bace","rubin_types_mixed_BM_l1_r0.5_mcar0.3_n1000_M20_s90",1000,1,0.5,90,TRUE,1,0.0055555555555555,1.67367473469511,328.104169322776,0.344229816740961,""
"bace","rubin_types_mixed_BM_l1_r0.5_mcar0.3_n1000_M20_s91",1000,1,0.5,91,TRUE,1,0.00244259892525646,1.82323813151158,646.58321815811,0.352649826646855,""
"bace","rubin_types_mixed_BM_l1_r0.5_mcar0.3_n1000_M20_s92",1000,1,0.5,92,TRUE,1,0.0416666666666668,3.15498722657781,283.517765854492,0.368994551758296,""
"bace","rubin_types_mixed_BM_l1_r0.5_mcar0.3_n1000_M20_s93",1000,1,0.5,93,TRUE,1,0.0244958811764442,1.0352146368196,271.417223843616,0.418831168831169,"ord: dropped 1 empty level(s)"
"bace","rubin_types_mixed_BM_l1_r0.5_mcar0.3_n1000_M20_s94",1000,1,0.5,94,TRUE,1,0.00367647058823526,3.98559374583648,682.109711759312,0.206333973128599,"bin: left out (1 observed class);ord: dropped 1 empty level(s);cat3: dropped 1 empty level(s)"
"bace","rubin_types_mixed_BM_l1_r0.5_mcar0.3_n1000_M20_s95",1000,1,0.5,95,TRUE,1,0.0624187256176854,0.624619725167825,98.6383658501789,0.501733531451213,""
"bace","rubin_types_mixed_BM_l1_r0.5_mcar0.3_n1000_M20_s96",1000,1,0.5,96,TRUE,1,0.0476190476190475,2.10332042525968,281.154510653304,0.399891774891775,"ord: dropped 1 empty level(s)"
"bace","rubin_types_mixed_BM_l1_r0.5_mcar0.3_n1000_M20_s97",1000,1,0.5,97,TRUE,1,0.0067567567567568,4.04821919587959,447.181255728997,0.33977216443784,""
"bace","rubin_types_mixed_BM_l1_r0.5_mcar0.3_n1000_M20_s98",1000,1,0.5,98,TRUE,1,0.00653594771241823,0.825469981374586,193.867479724198,0.431127012522361,"ord: dropped 2 empty level(s)"
"bace","rubin_types_mixed_BM_l1_r0.5_mcar0.3_n1000_M20_s99",1000,1,0.5,99,TRUE,1,0.00675675675675669,1.21295216279186,308.208593882393,0.405151064883606,""
"bace","rubin_types_mixed_BM_l1_r0.5_mcar0.3_n300_M20_s103",300,1,0.5,103,FALSE,1,0.153846153846154,2.06302243031284,579.304256868512,0.361981063364894,"ord: dropped 1 empty level(s);cat3: dropped 1 empty level(s)"
"bace","rubin_types_mixed_BM_l1_r0.5_mcar0.3_n300_M20_s104",300,1,0.5,104,TRUE,1,0.0363636363636364,1.82867827410622,329.984011961892,0.41802872709262,""
"bace","rubin_types_mixed_BM_l1_r0.5_mcar0.3_n300_M20_s105",300,1,0.5,105,TRUE,1,0.0578482281536265,1.7730161014879,237.346846839833,0.438852813852814,"ord: dropped 1 empty level(s)"
"bace","rubin_types_mixed_BM_l1_r0.5_mcar0.3_n300_M20_s106",300,1,0.5,106,TRUE,1,0.00986842105263154,1.70906809317198,98.8710152208147,0.50074294205052,""
"bace","rubin_types_mixed_BM_l1_r0.5_mcar0.3_n300_M20_s107",300,1,0.5,107,TRUE,1,0.025974025974026,1.65804656154533,469.15437343134,0.423972263496781,""
"bace","rubin_types_mixed_BM_l1_r0.5_mcar0.3_n300_M20_s108",300,1,0.5,108,TRUE,1,0.0476190476190476,2.01115952758573,191.903665143932,0.45864289252105,""
"bace","rubin_types_mixed_BM_l1_r0.5_mcar0.3_n300_M20_s109",300,1,0.5,109,TRUE,1,2.36569967311912,1.15229841102721,77.7478540418197,0.515601783060921,""
"bace","rubin_types_mixed_BM_l1_r0.5_mcar0.3_n300_M20_s110",300,1,0.5,110,TRUE,1,0.0270270270270269,4.82568852611231,714.991776454718,0.378174330816747,"bin: left out (1 observed class);ord: dropped 1 empty level(s)"
"bace","rubin_types_mixed_BM_l1_r0.5_mcar0.3_n300_M20_s111",300,1,0.5,111,TRUE,1,0.0399999999999999,1.47733855064273,414.456431276793,0.416666666666667,"bin: left out (1 observed class);ord: dropped 2 empty level(s)"
"bace","rubin_types_mixed_BM_l1_r0.5_mcar0.3_n300_M20_s112",300,1,0.5,112,TRUE,1,0.021097046413502,1.49657442127598,125.515975389665,0.494304110946013,""
"bace","rubin_types_mixed_BM_l1_r0.5_mcar0.3_n300_M20_s113",300,1,0.5,113,TRUE,1,0.00612319595532272,1.70276894077433,261.668857121501,0.434373452204061,""
"bace","rubin_types_mixed_BM_l1_r0.5_mcar0.3_n300_M20_s115",300,1,0.5,115,FALSE,1,0.0909090909090909,1.24725837786998,527.383518205773,0.391282813273898,""
"bace","rubin_types_mixed_BM_l1_r0.5_mcar0.3_n300_M20_s116",300,1,0.5,116,TRUE,1,0.0303030303030302,1.31338368546358,307.648848051769,0.418790968681719,"ord: dropped 1 empty level(s);cat3: dropped 1 empty level(s)"
"bace","rubin_types_mixed_BM_l1_r0.5_mcar0.3_n300_M20_s117",300,1,0.5,117,TRUE,1,0.5,1.03627431771157,885.165917133823,0.349269588313413,"cat3: dropped 1 empty level(s)"
"bace","rubin_types_mixed_BM_l1_r0.5_mcar0.3_n300_M20_s118",300,1,0.5,118,TRUE,1,0.0476190476190476,2.46491267536833,161.204067334127,0.456661713719663,""
"bace","rubin_types_mixed_BM_l1_r0.5_mcar0.3_n300_M20_s119",300,1,0.5,119,TRUE,1,0.217022595130063,1.21007914026713,398.888994057273,0.442714819427148,"bin: left out (1 observed class)"
"bace","rubin_types_mixed_BM_l1_r0.5_mcar0.3_n300_M20_s120",300,1,0.5,120,TRUE,1,0.0238095238095238,2.07663167633893,261.842460924435,0.449675324675325,"ord: dropped 1 empty level(s)"
"bace","rubin_types_mixed_BM_l1_r0.5_mcar0.3_n300_M20_s121",300,1,0.5,121,TRUE,1,0.00539343990962173,1.8032873546895,548.836895473076,0.322045152722444,"cat3: dropped 1 empty level(s)"
"bace","rubin_types_mixed_BM_l1_r0.5_mcar0.3_n300_M20_s122",300,1,0.5,122,TRUE,1,0.018726492441697,1.72897445789851,448.456122671657,0.428429915799901,""
"bace","rubin_types_mixed_BM_l1_r0.5_mcar0.3_n300_M20_s123",300,1,0.5,123,TRUE,1,0.0118110236220474,1.21389338016607,685.462927451691,0.358339402767662,"ord: dropped 1 empty level(s);cat3: dropped 1 empty level(s)"
"bace","rubin_types_mixed_BM_l1_r0.5_mcar0.3_n300_M20_s124",300,1,0.5,124,TRUE,1,0.0400000000000001,1.63598834800828,164.098861290209,0.477959385834572,""
"bace","rubin_types_mixed_BM_l1_r0.5_mcar0.3_n300_M20_s125",300,1,0.5,125,TRUE,1,0.0227272727272728,2.3131600229572,159.60978769447,0.459138187221397,""
"bace","rubin_types_mixed_BM_l1_r0.5_mcar0.3_n300_M20_s126",300,1,0.5,126,TRUE,1,0.0917673423863782,1.2317502101719,300.747983961153,0.44047619047619,"ord: dropped 1 empty level(s)"
"bace","rubin_types_mixed_BM_l1_r0.5_mcar0.3_n300_M20_s127",300,1,0.5,127,TRUE,1,0.0256410256410257,2.46786021312094,368.074039435761,0.464285714285714,"ord: dropped 1 empty level(s)"
"bace","rubin_types_mixed_BM_l1_r0.5_mcar0.3_n300_M20_s128",300,1,0.5,128,TRUE,1,0.0434782608695653,1.05664954459916,57.2756758134405,0.564935064935065,"ord: dropped 1 empty level(s)"
"bace","rubin_types_mixed_BM_l1_r0.5_mcar0.3_n300_M20_s129",300,1,0.5,129,TRUE,1,0.076923076923077,2.87081385959145,544.421496024311,0.42478354978355,"ord: dropped 1 empty level(s)"
"bace","rubin_types_mixed_BM_l1_r0.5_mcar0.3_n300_M20_s130",300,1,0.5,130,TRUE,1,0.0799999999999999,3.65988739343321,656.59921775396,0.330645161290323,"ord: dropped 2 empty level(s);cat3: dropped 1 empty level(s)"
"bace","rubin_types_mixed_BM_l1_r0.5_mcar0.3_n300_M20_s131",300,1,0.5,131,TRUE,1,0.0159315375800907,2.22932387151435,183.617003675794,0.472943722943723,"ord: dropped 1 empty level(s)"
"bace","rubin_types_mixed_BM_l1_r0.5_mcar0.3_n300_M20_s132",300,1,0.5,132,TRUE,1,0.111111111111111,1.47022791187776,204.494765256478,0.458147597820703,""
"bace","rubin_types_mixed_BM_l1_r0.5_mcar0.3_n300_M20_s133",300,1,0.5,133,TRUE,1,0.0120481927710843,2.41813100051591,151.257253024398,0.48051948051948,"ord: dropped 1 empty level(s)"
"bace","rubin_types_mixed_BM_l1_r0.5_mcar0.3_n300_M20_s134",300,1,0.5,134,TRUE,1,0.00233700062057146,1.45538303536831,367.023797115483,0.46161466072313,""
"bace","rubin_types_mixed_BM_l1_r0.5_mcar0.3_n300_M20_s135",300,1,0.5,135,TRUE,1,0.105263157894737,3.86665736443553,143.344077894269,0.454680534918276,""
"bace","rubin_types_mixed_BM_l1_r0.5_mcar0.3_n300_M20_s136",300,1,0.5,136,TRUE,1,0.666666666666667,3.46449369979111,265.844974043626,0.414502164502164,"ord: dropped 1 empty level(s)"
"bace","rubin_types_mixed_BM_l1_r0.5_mcar0.3_n300_M20_s137",300,1,0.5,137,TRUE,1,0.0714285714285714,3.29069796452976,540.775919720009,0.300796812749004,"cat3: dropped 1 empty level(s)"
"bace","rubin_types_mixed_BM_l1_r0.5_mcar0.3_n300_M20_s138",300,1,0.5,138,TRUE,1,0.0624999999999999,2.65618975149322,248.705693133648,0.433441558441558,"ord: dropped 1 empty level(s)"
"bace","rubin_types_mixed_BM_l1_r0.5_mcar0.3_n300_M20_s139",300,1,0.5,139,TRUE,1,0.0952380952380951,2.48314004061187,233.223566245463,0.438335809806835,""
"bace","rubin_types_mixed_BM_l1_r0.5_mcar0.3_n300_M20_s140",300,1,0.5,140,TRUE,1,0.0714285714285714,3.32333520647255,428.956870008381,0.422981674096087,""
"bace","rubin_types_mixed_BM_l1_r0.5_mcar0.3_n300_M20_s141",300,1,0.5,141,TRUE,1,0.0952380952380951,2.95492958879874,220.489916107889,0.432887568103021,""
"bace","rubin_types_mixed_BM_l1_r0.5_mcar0.3_n300_M20_s142",300,1,0.5,142,TRUE,1,0.0338983050847458,2.37771655861103,466.431280084268,0.376919266963843,""
"bace","rubin_types_mixed_BM_l1_r0.5_mcar0.3_n300_M20_s143",300,1,0.5,143,TRUE,1,0.0769230769230768,4.10217893596513,793.922698915477,0.210491367861886,"cat3: dropped 1 empty level(s)"
"bace","rubin_types_mixed_BM_l1_r0.5_mcar0.3_n300_M20_s144",300,1,0.5,144,TRUE,1,0.0666666666666668,3.34107467335465,211.315528644781,0.443784051510649,""
"bace","rubin_types_mixed_BM_l1_r0.5_mcar0.3_n300_M20_s145",300,1,0.5,145,TRUE,1,0.0135135135135135,1.61683355501685,799.969115557397,0.35251274581209,"ord: dropped 1 empty level(s);cat3: dropped 1 empty level(s)"
"bace","rubin_types_mixed_BM_l1_r0.5_mcar0.3_n300_M20_s146",300,1,0.5,146,TRUE,1,0.105263157894737,1.09395361253492,222.444303987052,0.459633481921743,""
"bace","rubin_types_mixed_BM_l1_r0.5_mcar0.3_n300_M20_s147",300,1,0.5,147,TRUE,1,0.0031347962382445,2.61002391457024,128.982791982327,0.481601731601732,"ord: dropped 1 empty level(s)"
"bace","rubin_types_mixed_BM_l1_r0.5_mcar0.3_n300_M20_s148",300,1,0.5,148,TRUE,1,0.0526315789473684,2.63885559724008,303.288672176951,0.432887568103021,""
"bace","rubin_types_mixed_BM_l1_r0.5_mcar0.3_n300_M20_s149",300,1,0.5,149,TRUE,1,0.0156249999999999,1.06571583413098,54.4490366688355,0.524350649350649,"ord: dropped 1 empty level(s)"
"bace","rubin_types_mixed_BM_l1_r0.5_mcar0.3_n300_M20_s150",300,1,0.5,150,TRUE,1,0.0833333333333334,1.22642814784357,237.96511129267,0.466567607726597,""
"bace","rubin_types_mixed_BM_l1_r0.5_mcar0.3_n300_M20_s151",300,1,0.5,151,TRUE,1,1111111.11111111,1.00486284086596,295.52821374362,0.476731601731602,"ord: dropped 1 empty level(s)"
"bace","rubin_types_mixed_BM_l1_r0.5_mcar0.3_n300_M20_s152",300,1,0.5,152,TRUE,1,0.0122842121252787,1.32823860357538,255.720969417626,0.418524021792967,""
"bace","rubin_types_mixed_BM_l1_r0.5_mcar0.3_n300_M20_s153",300,1,0.5,153,TRUE,1,0.166666666666667,1.47103353138441,206.428128043908,0.439821693907875,""
"bace","rubin_types_mixed_BM_l1_r0.5_mcar0.3_n300_M20_s154",300,1,0.5,154,TRUE,1,1,1.12875253427635,96.6861585863837,0.502164502164502,"ord: dropped 1 empty level(s)"
"bace","rubin_types_mixed_BM_l1_r0.5_mcar0.3_n300_M20_s155",300,1,0.5,155,TRUE,1,0.176842105263158,0.907223111643253,123.564147771739,0.49777117384844,""
"bace","rubin_types_mixed_BM_l1_r0.5_mcar0.3_n300_M20_s156",300,1,0.5,156,TRUE,1,0.0139118186895346,2.63180236398568,135.572506429757,0.483902922238732,""
"bace","rubin_types_mixed_BM_l1_r0.5_mcar0.3_n300_M20_s157",300,1,0.5,157,TRUE,1,0.111111111111111,1.18485843454663,634.71271193842,0.335892514395393,"bin: left out (1 observed class);ord: dropped 1 empty level(s);cat3: dropped 1 empty level(s)"
"bace","rubin_types_mixed_BM_l1_r0.5_mcar0.3_n300_M20_s158",300,1,0.5,158,TRUE,1,0.0153256704980842,0.875717001492797,306.079842722373,0.450186799501868,"bin: left out (1 observed class)"
"bace","rubin_types_mixed_BM_l1_r0.5_mcar0.3_n300_M20_s159",300,1,0.5,159,TRUE,1,0.0769230769230768,1.40247516960146,319.576832992601,0.453194650817236,""
"bace","rubin_types_mixed_BM_l1_r0.5_mcar0.3_n300_M20_s160",300,1,0.5,160,TRUE,1,0.0131136280975957,1.7292703785303,253.264022662822,0.459633481921743,""
"bace","rubin_types_mixed_BM_l1_r0.5_mcar0.3_n300_M20_s161",300,1,0.5,161,TRUE,1,0.0307740941462286,1.62599263042349,165.689287087763,0.475978207033185,""
"bace","rubin_types_mixed_BM_l1_r0.5_mcar0.3_n300_M20_s162",300,1,0.5,162,TRUE,1,0.0363636363636362,1.84703090450645,443.024307961621,0.435606060606061,"ord: dropped 1 empty level(s)"
"bace","rubin_types_mixed_BM_l1_r0.5_mcar0.3_n300_M20_s163",300,1,0.5,163,TRUE,1,0.00657894736842103,2.21302142833166,295.917918128588,0.412580485388806,""
"bace","rubin_types_mixed_BM_l1_r0.5_mcar0.3_n300_M20_s164",300,1,0.5,164,TRUE,1,0.0063965884861407,3.96781033895284,728.159136991467,0.332119446467589,"ord: dropped 1 empty level(s);cat3: dropped 1 empty level(s)"
"bace","rubin_types_mixed_BM_l1_r0.5_mcar0.3_n300_M20_s165",300,1,0.5,165,TRUE,1,0.033971491266068,2.54741292618847,295.322596226533,0.443722943722944,"ord: dropped 1 empty level(s)"
"bace","rubin_types_mixed_BM_l1_r0.5_mcar0.3_n300_M20_s166",300,1,0.5,166,TRUE,1,0.0333333333333332,1.80565619524375,257.505853941736,0.431896978702328,""
"bace","rubin_types_mixed_BM_l1_r0.5_mcar0.3_n300_M20_s168",300,1,0.5,168,TRUE,1,0.2,1.17440126369224,387.365978492363,0.463967055593686,"bin: left out (1 observed class);ord: dropped 1 empty level(s)"
"bace","rubin_types_mixed_BM_l1_r0.5_mcar0.3_n300_M20_s169",300,1,0.5,169,TRUE,1,0.00277571783032286,1.43477728616769,376.072894683047,0.454680534918276,""
"bace","rubin_types_mixed_BM_l1_r0.5_mcar0.3_n300_M20_s171",300,1,0.5,171,TRUE,1,0.863010135053156,1.86593733140526,127.837083744473,0.475978207033185,""
"bace","rubin_types_mixed_BM_l1_r0.5_mcar0.3_n300_M20_s172",300,1,0.5,172,TRUE,1,0.0800000000000001,1.00107482780253,36.86759949845,0.576027736503219,""
"bace","rubin_types_mixed_BM_l1_r0.5_mcar0.3_n300_M20_s173",300,1,0.5,173,TRUE,1,0.0588235294117648,1.30938074037001,237.431151656588,0.426944031698861,""
"bace","rubin_types_mixed_BM_l1_r0.5_mcar0.3_n300_M20_s174",300,1,0.5,174,TRUE,1,0.0434782608695652,1.98733516608755,295.047021491874,0.417533432392273,""
"bace","rubin_types_mixed_BM_l1_r0.5_mcar0.3_n300_M20_s175",300,1,0.5,175,FALSE,1,0.0322580645161291,1.26436451281898,103.23980480186,0.498761763249133,""
"bace","rubin_types_mixed_BM_l1_r0.5_mcar0.3_n300_M20_s176",300,1,0.5,176,TRUE,1,0.153846153846154,1.36511659328904,115.156120135935,0.494047619047619,"ord: dropped 1 empty level(s)"
"bace","rubin_types_mixed_BM_l1_r0.5_mcar0.3_n300_M20_s177",300,1,0.5,177,TRUE,1,0.0500000000000001,1.02003286777248,233.772152384649,0.454680534918276,""
"bace","rubin_types_mixed_BM_l1_r0.5_mcar0.3_n300_M20_s178",300,1,0.5,178,TRUE,1,0.0091463414634146,1.43433070826394,98.6764084978928,0.501733531451213,""
"bace","rubin_types_mixed_BM_l1_r0.5_mcar0.3_n300_M20_s179",300,1,0.5,179,TRUE,1,0.00340870689749203,2.79339898833778,199.717891282435,0.46458642892521,""
"bace","rubin_types_mixed_BM_l1_r0.5_mcar0.3_n300_M20_s180",300,1,0.5,180,TRUE,1,0.0143266475644699,3.57099284461848,478.277862696816,0.375830013280212,"cat3: dropped 1 empty level(s)"
"bace","rubin_types_mixed_BM_l1_r0.5_mcar0.3_n300_M20_s181",300,1,0.5,181,TRUE,1,0.00389788108183383,1.93504455940633,291.198292993269,0.443784051510649,""
"bace","rubin_types_mixed_BM_l1_r0.5_mcar0.3_n300_M20_s182",300,1,0.5,182,TRUE,1,0.0277777777777778,1.67559164411524,185.164508318739,0.480435859336305,""
"bace","rubin_types_mixed_BM_l1_r0.5_mcar0.3_n300_M20_s183",300,1,0.5,183,TRUE,1,0.00819873827403035,1.15779929767344,868.391193830944,0.330677290836653,"cat3: dropped 1 empty level(s)"
"bace","rubin_types_mixed_BM_l1_r0.5_mcar0.3_n300_M20_s184",300,1,0.5,184,TRUE,1,0.00238379022646006,1.04587464392065,651.801617921506,0.404032258064516,"ord: dropped 2 empty level(s);cat3: dropped 1 empty level(s)"
"bace","rubin_types_mixed_BM_l1_r0.5_mcar0.3_n300_M20_s185",300,1,0.5,185,FALSE,1,0.0235535279632973,3.82683809335662,1026.03287122718,0.166666666666667,"bin: left out (1 observed class);ord: left out (1 observed class);cat3: dropped 1 empty level(s)"
"bace","rubin_types_mixed_BM_l1_r0.5_mcar0.3_n300_M20_s186",300,1,0.5,186,TRUE,1,0.078275115356786,1.7916016625133,359.499726606566,0.420318725099602,"cat3: dropped 1 empty level(s)"
"bace","rubin_types_mixed_BM_l1_r0.5_mcar0.3_n300_M20_s187",300,1,0.5,187,FALSE,1,0.25,1.76939096941846,135.64525676935,0.468073593073593,"ord: dropped 1 empty level(s)"
"bace","rubin_types_mixed_BM_l1_r0.5_mcar0.3_n300_M20_s188",300,1,0.5,188,TRUE,1,0.125,3.28813449714262,1082.11615866147,0.337217771303714,"ord: dropped 1 empty level(s);cat3: dropped 1 empty level(s)"
"bace","rubin_types_mixed_BM_l1_r0.5_mcar0.3_n300_M20_s189",300,1,0.5,189,TRUE,1,0.214285714285714,2.5001699751242,156.817087591536,0.480435859336305,""
"bace","rubin_types_mixed_BM_l1_r0.5_mcar0.3_n300_M20_s190",300,1,0.5,190,TRUE,1,0.105263157894737,1.06058741220141,368.453046785472,0.410104011887073,""
"bace","rubin_types_mixed_BM_l1_r0.5_mcar0.3_n300_M20_s192",300,1,0.5,192,TRUE,1,0.018867924528302,1.69006279698673,334.294726305208,0.420009905894007,""
"bace","rubin_types_mixed_BM_l1_r0.5_mcar0.3_n300_M20_s193",300,1,0.5,193,TRUE,1,0.0277777777777778,2.43093567939614,305.894301006299,0.438831104507182,""
"bace","rubin_types_mixed_BM_l1_r0.5_mcar0.3_n300_M20_s194",300,1,0.5,194,TRUE,1,0.115384615384615,2.46335857099189,345.94914319519,0.438852813852814,"ord: dropped 1 empty level(s)"
"bace","rubin_types_mixed_BM_l1_r0.5_mcar0.3_n300_M20_s195",300,1,0.5,195,TRUE,1,0.00459770114942527,5.99525813041313,1238.75776160238,0.151651651651652,"bin: left out (1 observed class);ord: dropped 2 empty level(s);cat3: left out (1 observed class)"
"bace","rubin_types_mixed_BM_l1_r0.5_mcar0.3_n300_M20_s196",300,1,0.5,196,TRUE,1,0.0588235294117646,1.89986508875628,169.642905825262,0.477959385834572,""
"bace","rubin_types_mixed_BM_l1_r0.5_mcar0.3_n300_M20_s197",300,1,0.5,197,TRUE,1,0.0377358490566038,2.05798433069062,263.285289458308,0.433382862803368,""
"bace","rubin_types_mixed_BM_l1_r0.5_mcar0.3_n300_M20_s198",300,1,0.5,198,TRUE,1,0.111111111111111,1.95525110465002,189.2366258127,0.462605250123824,""
"bace","rubin_types_mixed_BM_l1_r0.5_mcar0.3_n300_M20_s199",300,1,0.5,199,TRUE,1,0.166666666666667,1.89064093341996,261.998186758573,0.442298167409609,""
"bace","rubin_types_mixed_BM_l1_r0.5_mcar0.3_n300_M20_s200",300,1,0.5,200,TRUE,1,0.0169491525423728,2.47201376294707,530.837329603571,0.326899128268991,"bin: left out (1 observed class)"
"bace","rubin_types_mixed_BM_l0.3_r0_mcar0.3_n100_M20_s1",100,0.3,0,1,FALSE,1,2,1.53510166774887,346.901333120037,0.469539375928678,""
"bace","rubin_types_mixed_BM_l0.3_r0_mcar0.3_n100_M20_s10",100,0.3,0,10,FALSE,1,0.333333333333333,1.47211137362536,1245.58318353126,0.411094601287766,""
"bace","rubin_types_mixed_BM_l0.3_r0_mcar0.3_n100_M20_s100",100,0.3,0,100,FALSE,1,16666666.6666667,1.29526968612019,855.656483021572,0.37592867756315,""
"bace","rubin_types_mixed_BM_l0.3_r0_mcar0.3_n100_M20_s11",100,0.3,0,11,FALSE,1,3.51550614768709,1.50923841959876,1153.30605747788,0.438335809806835,""
"bace","rubin_types_mixed_BM_l0.3_r0_mcar0.3_n100_M20_s12",100,0.3,0,12,FALSE,1,4.32017999939804,1.07938009581315,1307.287293259,0.408122833085686,""
"bace","rubin_types_mixed_BM_l0.3_r0_mcar0.3_n100_M20_s13",100,0.3,0,13,FALSE,1,1.10618669195621,1.53885366389111,1285.74212402653,0.372461614660723,""
"bace","rubin_types_mixed_BM_l0.3_r0_mcar0.3_n100_M20_s14",100,0.3,0,14,FALSE,1,2,1.81170496764605,1122.25275650898,0.392768697374938,""
"bace","rubin_types_mixed_BM_l0.3_r0_mcar0.3_n100_M20_s15",100,0.3,0,15,FALSE,1,1.21432300779882,1.3365258612147,980.103582300608,0.453194650817236,""
"bace","rubin_types_mixed_BM_l0.3_r0_mcar0.3_n100_M20_s16",100,0.3,0,16,FALSE,1,0.324791544768456,1.36476604936194,538.269725721948,0.459633481921743,""
"bace","rubin_types_mixed_BM_l0.3_r0_mcar0.3_n100_M20_s17",100,0.3,0,17,FALSE,1,0.333333333333333,1.38061648130779,1402.01632973522,0.37295690936107,""
"bace","rubin_types_mixed_BM_l0.3_r0_mcar0.3_n100_M20_s18",100,0.3,0,18,FALSE,1,1.37916149051815,1.67707523696458,598.504587785144,0.466072313026251,""
"bace","rubin_types_mixed_BM_l0.3_r0_mcar0.3_n100_M20_s19",100,0.3,0,19,FALSE,1,1.54648552443013,1.9179074522524,1440.11628124379,0.37741456166419,""
"bace","rubin_types_mixed_BM_l0.3_r0_mcar0.3_n100_M20_s2",100,0.3,0,2,FALSE,1,13.405901143277,1.84004383583293,1409.94771976065,0.383358098068351,""
"bace","rubin_types_mixed_BM_l0.3_r0_mcar0.3_n100_M20_s20",100,0.3,0,20,FALSE,1,0.416666666666667,1.61437561466315,1166.78626266461,0.395740465577018,""
"bace","rubin_types_mixed_BM_l0.3_r0_mcar0.3_n100_M20_s21",100,0.3,0,21,FALSE,1,46.7961621972541,1.50811104310157,1154.65974400707,0.407132243684993,""
"bace","rubin_types_mixed_BM_l0.3_r0_mcar0.3_n100_M20_s22",100,0.3,0,22,FALSE,1,2.18372473457008,1.49008030799946,1357.63885344318,0.382862803368004,""
"bace","rubin_types_mixed_BM_l0.3_r0_mcar0.3_n100_M20_s23",100,0.3,0,23,FALSE,1,0.586609096197263,1.84306368434663,500.243617884783,0.473006438831104,""
"bace","rubin_types_mixed_BM_l0.3_r0_mcar0.3_n100_M20_s24",100,0.3,0,24,TRUE,1,1.51316801990765,1.31035250455489,298.507455052473,0.474492322932145,""
"bace","rubin_types_mixed_BM_l0.3_r0_mcar0.3_n100_M20_s25",100,0.3,0,25,FALSE,1,0.379366195042041,1.29621713698472,1372.87267815664,0.387320455671124,""
"bace","rubin_types_mixed_BM_l0.3_r0_mcar0.3_n100_M20_s26",100,0.3,0,26,FALSE,1,0.645260134256215,1.40138597239106,1358.3065221695,0.37295690936107,""
"bace","rubin_types_mixed_BM_l0.3_r0_mcar0.3_n100_M20_s27",100,0.3,0,27,FALSE,1,32.7872533700749,1.13636608675625,1335.91884634667,0.41208519068846,""
"bace","rubin_types_mixed_BM_l0.3_r0_mcar0.3_n100_M20_s28",100,0.3,0,28,FALSE,1,0.571428571428571,1.86181712884129,1182.66757728101,0.402179296681526,""
"bace","rubin_types_mixed_BM_l0.3_r0_mcar0.3_n100_M20_s29",100,0.3,0,29,FALSE,1,0.634475941426618,1.80442591302705,813.897514458809,0.459633481921743,""
"bace","rubin_types_mixed_BM_l0.3_r0_mcar0.3_n100_M20_s3",100,0.3,0,3,FALSE,1,1.31242196190713,1.70067505103266,1191.87990025018,0.463595839524517,""
"bace","rubin_types_mixed_BM_l0.3_r0_mcar0.3_n100_M20_s30",100,0.3,0,30,FALSE,1,0.5,1.1850025695686,1029.04920652988,0.399702823179792,""
"bace","rubin_types_mixed_BM_l0.3_r0_mcar0.3_n100_M20_s31",100,0.3,0,31,FALSE,1,21.6838430980873,1.52510243942891,1318.27132194047,0.376423972263497,""
"bace","rubin_types_mixed_BM_l0.3_r0_mcar0.3_n100_M20_s32",100,0.3,0,32,FALSE,1,0.5,1.45229327579961,780.849179882726,0.449727587914809,""
"bace","rubin_types_mixed_BM_l0.3_r0_mcar0.3_n100_M20_s33",100,0.3,0,33,FALSE,1,0.5,1.52868615015394,1392.40826977346,0.37147102526003,""
"bace","rubin_types_mixed_BM_l0.3_r0_mcar0.3_n100_M20_s34",100,0.3,0,34,FALSE,1,0.148351648351648,1.55108042224836,1188.85583982218,0.441307578008915,""
"bace","rubin_types_mixed_BM_l0.3_r0_mcar0.3_n100_M20_s35",100,0.3,0,35,FALSE,1,12.7079837297814,1.86058574807234,1241.21688953418,0.328875681030213,""
"bace","rubin_types_mixed_BM_l0.3_r0_mcar0.3_n100_M20_s36",100,0.3,0,36,FALSE,1,2.60968094861398,1.627980022185,1117.10792337819,0.397721644378405,""
"bace","rubin_types_mixed_BM_l0.3_r0_mcar0.3_n100_M20_s37",100,0.3,0,37,FALSE,1,1.66666666666667,1.26636604585692,965.706898903582,0.432887568103021,""
"bace","rubin_types_mixed_BM_l0.3_r0_mcar0.3_n100_M20_s38",100,0.3,0,38,TRUE,1,0.230383715449679,1.51863605895302,1382.153905854,0.388311045071818,""
"bace","rubin_types_mixed_BM_l0.3_r0_mcar0.3_n100_M20_s39",100,0.3,0,39,FALSE,1,2.42011913393335,1.81754060026043,1215.80932083497,0.439326399207528,""
"bace","rubin_types_mixed_BM_l0.3_r0_mcar0.3_n100_M20_s4",100,0.3,0,4,FALSE,1,1.21214799667929,1.48159751397534,1155.80534643523,0.45269935611689,""
"bace","rubin_types_mixed_BM_l0.3_r0_mcar0.3_n100_M20_s40",100,0.3,0,40,FALSE,1,1.16666666666667,1.91920866041766,359.360164346857,0.473501733531451,""
"bace","rubin_types_mixed_BM_l0.3_r0_mcar0.3_n100_M20_s41",100,0.3,0,41,FALSE,1,1.33333333333333,1.35965385573291,1392.58004841935,0.385834571570084,""
"bace","rubin_types_mixed_BM_l0.3_r0_mcar0.3_n100_M20_s42",100,0.3,0,42,FALSE,1,1.52658279865,1.10698709729084,1168.07246758566,0.430906389301634,""
"bace","rubin_types_mixed_BM_l0.3_r0_mcar0.3_n100_M20_s43",100,0.3,0,43,FALSE,1,6.14624204542393,1.66555795217751,1089.2321923832,0.423972263496781,""
"bace","rubin_types_mixed_BM_l0.3_r0_mcar0.3_n100_M20_s44",100,0.3,0,44,FALSE,1,0.75,0.983736490022022,1311.3406593291,0.41802872709262,""
"bace","rubin_types_mixed_BM_l0.3_r0_mcar0.3_n100_M20_s45",100,0.3,0,45,FALSE,1,3.41154386412852,1.20905207022771,1188.45444743287,0.396731054977712,""
"bace","rubin_types_mixed_BM_l0.3_r0_mcar0.3_n100_M20_s46",100,0.3,0,46,FALSE,1,1.60540742158573,1.35576856784141,1129.76248132806,0.41802872709262,""
"bace","rubin_types_mixed_BM_l0.3_r0_mcar0.3_n100_M20_s47",100,0.3,0,47,FALSE,1,15.6144439391672,1.19033769548719,1016.13053642638,0.458147597820703,""
"bace","rubin_types_mixed_BM_l0.3_r0_mcar0.3_n100_M20_s48",100,0.3,0,48,FALSE,1,1.09397163396936,1.72246709303979,982.325867765507,0.437345220406142,""
"bace","rubin_types_mixed_BM_l0.3_r0_mcar0.3_n100_M20_s49",100,0.3,0,49,FALSE,1,2.75770650940666,1.80957194739372,1244.29815957751,0.41654284299158,""
"bace","rubin_types_mixed_BM_l0.3_r0_mcar0.3_n100_M20_s5",100,0.3,0,5,FALSE,1,1.07758011491449,0.779633696459788,24.0648321711435,0.54730064388311,""
"bace","rubin_types_mixed_BM_l0.3_r0_mcar0.3_n100_M20_s50",100,0.3,0,50,TRUE,1,0.73304101881709,1.92581415667812,1003.94204013597,0.398216939078752,""
"bace","rubin_types_mixed_BM_l0.3_r0_mcar0.3_n100_M20_s51",100,0.3,0,51,FALSE,1,1.04350449654192,1.14122172191515,964.868941377948,0.457652303120357,""
"bace","rubin_types_mixed_BM_l0.3_r0_mcar0.3_n100_M20_s52",100,0.3,0,52,FALSE,1,0.72961373390558,1.43500707588912,1166.01906343811,0.41059930658742,""
"bace","rubin_types_mixed_BM_l0.3_r0_mcar0.3_n100_M20_s53",100,0.3,0,53,FALSE,1,0.454545454545455,1.61876764603079,289.744360972994,0.481426448736999,""
"bace","rubin_types_mixed_BM_l0.3_r0_mcar0.3_n100_M20_s54",100,0.3,0,54,FALSE,1,0.442921733176782,1.31617767813846,1245.778308625,0.408618127786033,""
"bace","rubin_types_mixed_BM_l0.3_r0_mcar0.3_n100_M20_s55",100,0.3,0,55,FALSE,1,0.454545454545454,1.57206243900613,414.030685567689,0.465081723625557,""
"bace","rubin_types_mixed_BM_l0.3_r0_mcar0.3_n100_M20_s56",100,0.3,0,56,FALSE,1,0.881673089835461,1.57489940624652,350.513466587273,0.479940564635958,""
"bace","rubin_types_mixed_BM_l0.3_r0_mcar0.3_n100_M20_s57",100,0.3,0,57,FALSE,1,0.333333333333333,2.16585247138618,1405.0415841697,0.412580485388806,""
"bace","rubin_types_mixed_BM_l0.3_r0_mcar0.3_n100_M20_s58",100,0.3,0,58,FALSE,1,3.46412220849787,1.44703497058029,1052.19258518368,0.41654284299158,""
"bace","rubin_types_mixed_BM_l0.3_r0_mcar0.3_n100_M20_s59",100,0.3,0,59,FALSE,1,3.33625532979993,1.74627964999489,739.302774234395,0.462109955423477,""
"bace","rubin_types_mixed_BM_l0.3_r0_mcar0.3_n100_M20_s6",100,0.3,0,6,FALSE,1,0.150872355099222,1.63561388385184,1265.74324562988,0.419019316493314,""
"bace","rubin_types_mixed_BM_l0.3_r0_mcar0.3_n100_M20_s60",100,0.3,0,60,FALSE,1,13.2563175680937,1.58224873037492,1056.68326960012,0.46458642892521,""
"bace","rubin_types_mixed_BM_l0.3_r0_mcar0.3_n100_M20_s61",100,0.3,0,61,FALSE,1,7.04321904767642,1.27219143634197,650.392592342959,0.461119366022784,""
"bace","rubin_types_mixed_BM_l0.3_r0_mcar0.3_n100_M20_s62",100,0.3,0,62,FALSE,1,3333333.33333333,1.38017408468876,1063.58840236827,0.400198117880139,""
"bace","rubin_types_mixed_BM_l0.3_r0_mcar0.3_n100_M20_s63",100,0.3,0,63,FALSE,1,1e+07,1.23518987984992,1342.21736286216,0.397721644378405,""
"bace","rubin_types_mixed_BM_l0.3_r0_mcar0.3_n100_M20_s64",100,0.3,0,64,FALSE,1,0.322518082534589,1.36531955285349,1194.16305316373,0.453194650817236,""
"bace","rubin_types_mixed_BM_l0.3_r0_mcar0.3_n100_M20_s65",100,0.3,0,65,FALSE,1,1,1.36291888442134,1443.45141510563,0.302129767211491,""
"bace","rubin_types_mixed_BM_l0.3_r0_mcar0.3_n100_M20_s66",100,0.3,0,66,FALSE,1,1.5,1.42322646865077,1222.27861490961,0.425953442298167,""
"bace","rubin_types_mixed_BM_l0.3_r0_mcar0.3_n100_M20_s67",100,0.3,0,67,FALSE,1,1,1.23611345922709,1185.1433537817,0.365527488855869,""
"bace","rubin_types_mixed_BM_l0.3_r0_mcar0.3_n100_M20_s68",100,0.3,0,68,FALSE,1,1.01058239681916,1.1558592755565,1116.72280906408,0.403665180782566,""
"bace","rubin_types_mixed_BM_l0.3_r0_mcar0.3_n100_M20_s69",100,0.3,0,69,FALSE,1,0.372481984220018,1.4572583280653,255.746836102113,0.482417038137692,""
"bace","rubin_types_mixed_BM_l0.3_r0_mcar0.3_n100_M20_s7",100,0.3,0,7,FALSE,1,0.4,1.7436286952266,1044.33708444984,0.385834571570084,""
"bace","rubin_types_mixed_BM_l0.3_r0_mcar0.3_n100_M20_s70",100,0.3,0,70,FALSE,1,1.94240290604961,1.02715883289624,1327.93419183521,0.381376919266964,""
"bace","rubin_types_mixed_BM_l0.3_r0_mcar0.3_n100_M20_s71",100,0.3,0,71,FALSE,1,0.6,1.23620131297768,1038.11206221755,0.399702823179792,""
"bace","rubin_types_mixed_BM_l0.3_r0_mcar0.3_n100_M20_s72",100,0.3,0,72,FALSE,1,1.19753702005748,1.46784734451337,738.709425966304,0.465081723625557,""
"bace","rubin_types_mixed_BM_l0.3_r0_mcar0.3_n100_M20_s73",100,0.3,0,73,FALSE,1,0.333333333333333,1.16655739211675,1357.91701400861,0.421991084695394,""
"bace","rubin_types_mixed_BM_l0.3_r0_mcar0.3_n100_M20_s74",100,0.3,0,74,FALSE,1,0.833333333333333,1.75544103994764,790.185798741471,0.468548786527984,""
"bace","rubin_types_mixed_BM_l0.3_r0_mcar0.3_n100_M20_s75",100,0.3,0,75,TRUE,1,5.85780342474887,1.68969507582272,1318.82478607044,0.367013372956909,""
"bace","rubin_types_mixed_BM_l0.3_r0_mcar0.3_n100_M20_s76",100,0.3,0,76,FALSE,1,0.428571428571428,2.18440512346551,1113.43878628018,0.462109955423477,""
"bace","rubin_types_mixed_BM_l0.3_r0_mcar0.3_n100_M20_s77",100,0.3,0,77,FALSE,1,0.573936891338068,1.4626720076546,1267.45993811236,0.427934621099554,""
"bace","rubin_types_mixed_BM_l0.3_r0_mcar0.3_n100_M20_s78",100,0.3,0,78,FALSE,1,0.142857142857143,1.50978518690083,1018.73608416364,0.455175829618623,""
"bace","rubin_types_mixed_BM_l0.3_r0_mcar0.3_n100_M20_s79",100,0.3,0,79,FALSE,1,0.444444444444445,1.74429420864281,671.141781810737,0.46310054482417,""
"bace","rubin_types_mixed_BM_l0.3_r0_mcar0.3_n100_M20_s8",100,0.3,0,8,FALSE,1,0.879903909720861,1.2700532711681,1351.19879305851,0.359583952451709,""
"bace","rubin_types_mixed_BM_l0.3_r0_mcar0.3_n100_M20_s80",100,0.3,0,80,FALSE,1,0.6,1.29562162875052,1351.93000347438,0.392768697374938,""
"bace","rubin_types_mixed_BM_l0.3_r0_mcar0.3_n100_M20_s81",100,0.3,0,81,FALSE,1,1.61045459092348,0.952687126620688,1343.5526093888,0.396235760277365,""
"bace","rubin_types_mixed_BM_l0.3_r0_mcar0.3_n100_M20_s82",100,0.3,0,82,FALSE,1,0.682740816929258,1.42062646981441,1311.74638413865,0.445765230312036,""
"bace","rubin_types_mixed_BM_l0.3_r0_mcar0.3_n100_M20_s83",100,0.3,0,83,FALSE,1,1,1.45301282013862,1124.1072083226,0.41654284299158,""
"bace","rubin_types_mixed_BM_l0.3_r0_mcar0.3_n100_M20_s84",100,0.3,0,84,FALSE,1,0.5,1.48201900953018,721.157665918156,0.433382862803368,""
"bace","rubin_types_mixed_BM_l0.3_r0_mcar0.3_n100_M20_s85",100,0.3,0,85,TRUE,1,0.445363300708676,1.21717311042067,1421.08257220328,0.393263992075285,""
"bace","rubin_types_mixed_BM_l0.3_r0_mcar0.3_n100_M20_s86",100,0.3,0,86,FALSE,1,0.378241922593464,1.40964307439827,1094.09667122452,0.4210004952947,""
"bace","rubin_types_mixed_BM_l0.3_r0_mcar0.3_n100_M20_s87",100,0.3,0,87,FALSE,1,0.2,1.39977129348542,1088.93159035617,0.452204061416543,""
"bace","rubin_types_mixed_BM_l0.3_r0_mcar0.3_n100_M20_s88",100,0.3,0,88,TRUE,1,0.50182012907771,1.56598886416066,980.774720759103,0.404655770183259,""
"bace","rubin_types_mixed_BM_l0.3_r0_mcar0.3_n100_M20_s89",100,0.3,0,89,FALSE,1,0.444444444444445,1.63350822534181,799.886493629457,0.41208519068846,""
"bace","rubin_types_mixed_BM_l0.3_r0_mcar0.3_n100_M20_s9",100,0.3,0,9,FALSE,1,8,1.14381482034262,1350.76440671111,0.425458147597821,""
"bace","rubin_types_mixed_BM_l0.3_r0_mcar0.3_n100_M20_s90",100,0.3,0,90,FALSE,1,3.30249455433314,1.2504732969882,1349.57617923981,0.398712233779099,""
"bace","rubin_types_mixed_BM_l0.3_r0_mcar0.3_n100_M20_s91",100,0.3,0,91,FALSE,1,1.03124875104848,2.17478513426717,1287.01484262357,0.459138187221397,""
"bace","rubin_types_mixed_BM_l0.3_r0_mcar0.3_n100_M20_s92",100,0.3,0,92,FALSE,1,0.571428571428571,1.06769646672027,1281.93943777268,0.420505200594354,""
"bace","rubin_types_mixed_BM_l0.3_r0_mcar0.3_n100_M20_s93",100,0.3,0,93,FALSE,1,0.858469870917499,1.64809891800178,1065.07867263033,0.453194650817236,""
"bace","rubin_types_mixed_BM_l0.3_r0_mcar0.3_n100_M20_s94",100,0.3,0,94,FALSE,1,5.95834054794507,1.54786816288418,950.307101919032,0.448736998514116,""
"bace","rubin_types_mixed_BM_l0.3_r0_mcar0.3_n100_M20_s95",100,0.3,0,95,FALSE,1,4.80750631729421,1.49876298076613,816.821352827194,0.45269935611689,""
"bace","rubin_types_mixed_BM_l0.3_r0_mcar0.3_n100_M20_s96",100,0.3,0,96,TRUE,1,0.411334574210594,1.7134679450908,1450.81201926119,0.376919266963843,""
"bace","rubin_types_mixed_BM_l0.3_r0_mcar0.3_n100_M20_s97",100,0.3,0,97,FALSE,1,0.25,1.29274053074425,1174.10487318587,0.425953442298167,""
"bace","rubin_types_mixed_BM_l0.3_r0_mcar0.3_n100_M20_s98",100,0.3,0,98,FALSE,1,2.4986808314408,1.55446940624958,1260.86563788428,0.433382862803368,""
"bace","rubin_types_mixed_BM_l0.3_r0_mcar0.3_n100_M20_s99",100,0.3,0,99,FALSE,1,6.59401654623614,1.63474509231812,1194.13929493755,0.378405151064884,""
"bace","rubin_types_mixed_BM_l0.3_r0_mcar0.3_n1000_M20_s1",1000,0.3,0,1,FALSE,1,0.816551761792258,41.974808373777,1600,0.00594353640416048,""
"bace","rubin_types_mixed_BM_l0.3_r0_mcar0.3_n1000_M20_s41",1000,0.3,0,41,TRUE,1,0.114820400013386,25.7727604356818,1600,0.00693412580485389,""
"bace","rubin_types_mixed_BM_l0.3_r0_mcar0.3_n1000_M20_s42",1000,0.3,0,42,FALSE,1,0.119060838353397,73.646999337343,1600,0.00148588410104012,""
"bace","rubin_types_mixed_BM_l0.3_r0_mcar0.3_n1000_M20_s43",1000,0.3,0,43,FALSE,1,0.333333333333333,71.9355361647569,1600,0.00445765230312036,""
"bace","rubin_types_mixed_BM_l0.3_r0_mcar0.3_n1000_M20_s44",1000,0.3,0,44,FALSE,1,1.00366876629763,37.7635281524227,1600,0.00495294700346706,""
"bace","rubin_types_mixed_BM_l0.3_r0_mcar0.3_n1000_M20_s45",1000,0.3,0,45,TRUE,1,1.25306988619623,44.1345791641947,1600,0.00396235760277365,""
"bace","rubin_types_mixed_BM_l0.3_r0_mcar0.3_n1000_M20_s46",1000,0.3,0,46,FALSE,1,0.0742187499999999,51.2469575733745,1600,0.00445765230312036,""
"bace","rubin_types_mixed_BM_l0.3_r0_mcar0.3_n1000_M20_s47",1000,0.3,0,47,TRUE,1,0.238095238095238,47.6348828650675,1600,0.00544824170381377,""
"bace","rubin_types_mixed_BM_l0.3_r0_mcar0.3_n1000_M20_s48",1000,0.3,0,48,TRUE,1,0.768301331398867,37.2718639732454,1600,0.00643883110450718,""
"bace","rubin_types_mixed_BM_l0.3_r0_mcar0.3_n1000_M20_s49",1000,0.3,0,49,FALSE,1,0.570003520901487,66.6008608334298,1600,0.00247647350173353,""
"bace","rubin_types_mixed_BM_l0.3_r0_mcar0.3_n1000_M20_s50",1000,0.3,0,50,FALSE,1,2.06297694479177,20.9644035398164,1600,0.00594353640416048,""
"bace","rubin_types_mixed_BM_l0.3_r0_mcar0.3_n1000_M20_s51",1000,0.3,0,51,FALSE,1,0.117357605986277,40.2196786922339,1600,0.00594353640416048,""
"bace","rubin_types_mixed_BM_l0.3_r0_mcar0.3_n1000_M20_s52",1000,0.3,0,52,FALSE,1,1.53014382996601,56.2337196598444,1600,0.00396235760277365,""
"bace","rubin_types_mixed_BM_l0.3_r0_mcar0.3_n1000_M20_s53",1000,0.3,0,53,TRUE,1,1.01212166825559,51.9052187433023,1600,0.00346706290242694,""
"bace","rubin_types_mixed_BM_l0.3_r0_mcar0.3_n1000_M20_s54",1000,0.3,0,54,TRUE,1,0.2,41.029894376021,1600,0.00643883110450718,""
"bace","rubin_types_mixed_BM_l0.3_r0_mcar0.3_n1000_M20_s55",1000,0.3,0,55,FALSE,1,1.05146085762832,35.7504085883772,1600,0.00594353640416048,""
"bace","rubin_types_mixed_BM_l0.3_r0_mcar0.3_n1000_M20_s56",1000,0.3,0,56,FALSE,1,3.00066755991299,42.3404140874686,1600,0.00346706290242694,""
"bace","rubin_types_mixed_BM_l0.3_r0_mcar0.3_n1000_M20_s57",1000,0.3,0,57,FALSE,1,7.74423525120976,58.261510976329,1600,0.00396235760277365,""
"bace","rubin_types_mixed_BM_l0.3_r0_mcar0.3_n1000_M20_s58",1000,0.3,0,58,FALSE,1,0.246749894247894,37.9645966807595,1600,0.00544824170381377,""
"bace","rubin_types_mixed_BM_l0.3_r0_mcar0.3_n1000_M20_s59",1000,0.3,0,59,FALSE,1,0.391272669725678,24.9499004063334,1600,0.00693412580485389,""
"bace","rubin_types_mixed_BM_l0.3_r0_mcar0.3_n1000_M20_s60",1000,0.3,0,60,FALSE,1,0.686662182783731,57.9614929437513,1600,0.00346706290242694,""
"bace","rubin_types_mixed_BM_l0.3_r0_mcar0.3_n300_M20_s1",300,0.3,0,1,FALSE,1,1.33921040429388,1.27206636426151,1600,0.0163447251114413,""
"bace","rubin_types_mixed_BM_l0.3_r0_mcar0.3_n300_M20_s10",300,0.3,0,10,FALSE,1,5.02123446108575,34.1987264544087,1600,0.00693412580485389,""
"bace","rubin_types_mixed_BM_l0.3_r0_mcar0.3_n300_M20_s11",300,0.3,0,11,FALSE,1,1.14285714285714,10.8277479488529,1600,0.00990589400693413,""
"bace","rubin_types_mixed_BM_l0.3_r0_mcar0.3_n300_M20_s12",300,0.3,0,12,FALSE,1,1.42278522641158,29.8977628754905,1600,0.00445765230312036,""
"bace","rubin_types_mixed_BM_l0.3_r0_mcar0.3_n300_M20_s13",300,0.3,0,13,FALSE,1,0.185714285714286,20.8352191655255,1600,0.00891530460624071,""
"bace","rubin_types_mixed_BM_l0.3_r0_mcar0.3_n300_M20_s14",300,0.3,0,14,FALSE,1,0.218729182155622,5.52866565487833,1600,0.0113917781079742,""
"bace","rubin_types_mixed_BM_l0.3_r0_mcar0.3_n300_M20_s15",300,0.3,0,15,FALSE,1,0.266606827823044,1.43854984267138,1478.63415483839,0.0762753838533928,""
"bace","rubin_types_mixed_BM_l0.3_r0_mcar0.3_n300_M20_s16",300,0.3,0,16,FALSE,1,0.5,1.3114537380502,1558.54381282757,0.111441307578009,""
"bace","rubin_types_mixed_BM_l0.3_r0_mcar0.3_n300_M20_s17",300,0.3,0,17,FALSE,1,0.468960746311916,2.43423008803671,1600,0.0515106488360575,""
"bace","rubin_types_mixed_BM_l0.3_r0_mcar0.3_n300_M20_s18",300,0.3,0,18,FALSE,1,0.121673003802281,18.7861137923525,1600,0.00941059930658742,""
"bace","rubin_types_mixed_BM_l0.3_r0_mcar0.3_n300_M20_s19",300,0.3,0,19,FALSE,1,0.535312535921234,1.18451377395049,1600,0.037147102526003,""
"bace","rubin_types_mixed_BM_l0.3_r0_mcar0.3_n300_M20_s2",300,0.3,0,2,FALSE,1,3.15784283298705,44.857747760211,1600,0.00495294700346706,""
"bace","rubin_types_mixed_BM_l0.3_r0_mcar0.3_n300_M20_s20",300,0.3,0,20,TRUE,1,0.343257484627457,1.81922060219694,1600,0.0208023774145617,""
"bace","rubin_types_mixed_BM_l0.3_r0_mcar0.3_n300_M20_s21",300,0.3,0,21,FALSE,1,0.357142857142857,49.0456848785377,1600,0.00594353640416048,""
"bace","rubin_types_mixed_BM_l0.3_r0_mcar0.3_n300_M20_s22",300,0.3,0,22,FALSE,1,0.305679145305942,1.39758092792226,1600,0.191183754333829,""
"bace","rubin_types_mixed_BM_l0.3_r0_mcar0.3_n300_M20_s23",300,0.3,0,23,TRUE,1,0.0941715176268715,2.61826853228326,1600,0.0941059930658742,""
"bace","rubin_types_mixed_BM_l0.3_r0_mcar0.3_n300_M20_s24",300,0.3,0,24,FALSE,1,2.48403767348992,1.61767235067491,1600,0.025260029717682,""
"bace","rubin_types_mixed_BM_l0.3_r0_mcar0.3_n300_M20_s25",300,0.3,0,25,FALSE,1,0.586160655135554,1.77402502073668,1600,0.0856859831599802,""
"bace","rubin_types_mixed_BM_l0.3_r0_mcar0.3_n300_M20_s26",300,0.3,0,26,FALSE,1,0.426924406502806,39.581453259532,1600,0.00742942050520059,""
"bace","rubin_types_mixed_BM_l0.3_r0_mcar0.3_n300_M20_s27",300,0.3,0,27,FALSE,1,0.211885109501314,1.73159775564531,1600,0.0812283308568598,""
"bace","rubin_types_mixed_BM_l0.3_r0_mcar0.3_n300_M20_s28",300,0.3,0,28,FALSE,1,1.33333333333333,2.13854617162915,1468.24899342919,0.0544824170381377,""
"bace","rubin_types_mixed_BM_l0.3_r0_mcar0.3_n300_M20_s29",300,0.3,0,29,FALSE,1,1,2.02341586258357,1600,0.0668647845468053,""
"bace","rubin_types_mixed_BM_l0.3_r0_mcar0.3_n300_M20_s3",300,0.3,0,3,FALSE,1,1.27419057682507,2.48753435261279,1600,0.0104011887072808,""
"bace","rubin_types_mixed_BM_l0.3_r0_mcar0.3_n300_M20_s30",300,0.3,0,30,TRUE,1,0.115781127228255,2.62576392805629,1600,0.00594353640416048,""
"bace","rubin_types_mixed_BM_l0.3_r0_mcar0.3_n300_M20_s31",300,0.3,0,31,FALSE,1,1.53451435059685,36.4153803015595,1600,0.00842000990589401,""
"bace","rubin_types_mixed_BM_l0.3_r0_mcar0.3_n300_M20_s32",300,0.3,0,32,FALSE,1,1.21096713341156,29.3250739405856,1600,0.00891530460624071,""
"bace","rubin_types_mixed_BM_l0.3_r0_mcar0.3_n300_M20_s33",300,0.3,0,33,TRUE,1,0.625,1.21561757394722,1600,0.0138682516097078,""
"bace","rubin_types_mixed_BM_l0.3_r0_mcar0.3_n300_M20_s34",300,0.3,0,34,FALSE,1,0.5,7.59845105338653,1600,0.00544824170381377,""
"bace","rubin_types_mixed_BM_l0.3_r0_mcar0.3_n300_M20_s35",300,0.3,0,35,FALSE,1,0.317400734759776,44.2541439781424,1600,0.00643883110450718,""
"bace","rubin_types_mixed_BM_l0.3_r0_mcar0.3_n300_M20_s36",300,0.3,0,36,FALSE,1,0.124680280701377,1.60412674110096,1600,0.0916295195641407,""
"bace","rubin_types_mixed_BM_l0.3_r0_mcar0.3_n300_M20_s37",300,0.3,0,37,FALSE,1,0.75,36.9216216284393,1600,0.00544824170381377,""
"bace","rubin_types_mixed_BM_l0.3_r0_mcar0.3_n300_M20_s38",300,0.3,0,38,FALSE,1,0.322065033258996,49.3188864088652,1600,0.0108964834076275,""
"bace","rubin_types_mixed_BM_l0.3_r0_mcar0.3_n300_M20_s39",300,0.3,0,39,FALSE,1,0.361197670518228,2.24998917982685,1600,0.0133729569093611,""
"bace","rubin_types_mixed_BM_l0.3_r0_mcar0.3_n300_M20_s4",300,0.3,0,4,TRUE,1,0.272727272727273,2.11661087423171,1600,0.0975730559683011,""
"bace","rubin_types_mixed_BM_l0.3_r0_mcar0.3_n300_M20_s40",300,0.3,0,40,FALSE,1,10.414580526109,32.4449867948963,1600,0.00643883110450718,""
"bace","rubin_types_mixed_BM_l0.3_r0_mcar0.3_n300_M20_s41",300,0.3,0,41,FALSE,1,1,1.69216868122679,1600,0.0851906884596335,""
"bace","rubin_types_mixed_BM_l0.3_r0_mcar0.3_n300_M20_s42",300,0.3,0,42,FALSE,1,0.79791693768343,4.56695093735013,1600,0.0108964834076275,""
"bace","rubin_types_mixed_BM_l0.3_r0_mcar0.3_n300_M20_s43",300,0.3,0,43,FALSE,1,0.333333333333333,1.52978174061061,1600,0.0307082714214958,""
"bace","rubin_types_mixed_BM_l0.3_r0_mcar0.3_n300_M20_s44",300,0.3,0,44,FALSE,1,1.44119128229533,37.1815052421534,1600,0.00148588410104012,""
"bace","rubin_types_mixed_BM_l0.3_r0_mcar0.3_n300_M20_s45",300,0.3,0,45,FALSE,1,0.44208299175546,2.86727249916038,1600,0.0183259039128281,""
"bace","rubin_types_mixed_BM_l0.3_r0_mcar0.3_n300_M20_s46",300,0.3,0,46,FALSE,1,0.349614850128971,51.8351390061512,1600,0.00346706290242694,""
"bace","rubin_types_mixed_BM_l0.3_r0_mcar0.3_n300_M20_s47",300,0.3,0,47,FALSE,1,0.294117647058824,1.63727517079068,1600,0.0529965329370976,""
"bace","rubin_types_mixed_BM_l0.3_r0_mcar0.3_n300_M20_s48",300,0.3,0,48,FALSE,1,0.225152129817444,47.6890976699707,1600,0.00594353640416048,""
"bace","rubin_types_mixed_BM_l0.3_r0_mcar0.3_n300_M20_s49",300,0.3,0,49,TRUE,1,1.80867596231972,4.36007808509612,1600,0.011887072808321,""
"bace","rubin_types_mixed_BM_l0.3_r0_mcar0.3_n300_M20_s5",300,0.3,0,5,TRUE,1,0.333333333333333,2.91122810039147,1600,0.0108964834076275,""
"bace","rubin_types_mixed_BM_l0.3_r0_mcar0.3_n300_M20_s50",300,0.3,0,50,FALSE,1,0.559473568544851,3.83049982063953,1600,0.00990589400693413,""
"bace","rubin_types_mixed_BM_l0.3_r0_mcar0.3_n300_M20_s51",300,0.3,0,51,FALSE,1,0.981549389519704,1.67026165636874,1479.50884618549,0.138187221396731,""
"bace","rubin_types_mixed_BM_l0.3_r0_mcar0.3_n300_M20_s6",300,0.3,0,6,FALSE,1,0.21875,4.0282100990228,1600,0.00990589400693413,""
"bace","rubin_types_mixed_BM_l0.3_r0_mcar0.3_n300_M20_s7",300,0.3,0,7,FALSE,1,0.341667235726144,1.82622678746389,1600,0.0500247647350173,""
"bace","rubin_types_mixed_BM_l0.3_r0_mcar0.3_n300_M20_s8",300,0.3,0,8,FALSE,1,0.664803095653758,3.45221413529617,1600,0.110450718177315,""
"bace","rubin_types_mixed_BM_l0.3_r0_mcar0.3_n300_M20_s9",300,0.3,0,9,TRUE,1,0.101030403555022,2.19134030801714,1600,0.0941059930658742,""
"bace","rubin_types_mixed_BM_l0.3_r0.5_mcar0.3_n100_M20_s1",100,0.3,0.5,1,FALSE,1,1,1.35293500054619,390.115893048049,0.478949975235265,""
"bace","rubin_types_mixed_BM_l0.3_r0.5_mcar0.3_n100_M20_s10",100,0.3,0.5,10,TRUE,1,0.5,2.03384524933339,259.124725087705,0.481426448736999,""
"bace","rubin_types_mixed_BM_l0.3_r0.5_mcar0.3_n100_M20_s100",100,0.3,0.5,100,FALSE,1,1.27303085824577,1.40807263717098,1356.03524347525,0.363546310054482,""
"bace","rubin_types_mixed_BM_l0.3_r0.5_mcar0.3_n100_M20_s11",100,0.3,0.5,11,FALSE,1,1,1.18978403242915,1055.37457621402,0.406141654284299,""
"bace","rubin_types_mixed_BM_l0.3_r0.5_mcar0.3_n100_M20_s12",100,0.3,0.5,12,FALSE,1,0.671279434346311,1.65148665290091,1260.122608221,0.436849925705795,""
"bace","rubin_types_mixed_BM_l0.3_r0.5_mcar0.3_n100_M20_s13",100,0.3,0.5,13,FALSE,1,6666666.66666667,1.52070555043195,906.007549210934,0.443784051510649,""
"bace","rubin_types_mixed_BM_l0.3_r0.5_mcar0.3_n100_M20_s14",100,0.3,0.5,14,FALSE,1,0.333333333333333,1.1466288925446,1223.81451328224,0.407132243684993,""
"bace","rubin_types_mixed_BM_l0.3_r0.5_mcar0.3_n100_M20_s15",100,0.3,0.5,15,FALSE,1,0.271264838858607,2.22331921407429,656.246435989135,0.445765230312036,""
"bace","rubin_types_mixed_BM_l0.3_r0.5_mcar0.3_n100_M20_s16",100,0.3,0.5,16,FALSE,1,0.320483596596254,1.49580162153954,775.244064034518,0.471025260029718,""
"bace","rubin_types_mixed_BM_l0.3_r0.5_mcar0.3_n100_M20_s17",100,0.3,0.5,17,FALSE,1,1.33333333333333,1.45164028666427,1292.42867574344,0.426448736998514,""
"bace","rubin_types_mixed_BM_l0.3_r0.5_mcar0.3_n100_M20_s18",100,0.3,0.5,18,FALSE,1,1.35160738911364,1.66789856790498,765.548394526546,0.45864289252105,""
"bace","rubin_types_mixed_BM_l0.3_r0.5_mcar0.3_n100_M20_s19",100,0.3,0.5,19,FALSE,1,3.57355913820132,1.30906997173989,932.004590364724,0.453194650817236,""
"bace","rubin_types_mixed_BM_l0.3_r0.5_mcar0.3_n100_M20_s2",100,0.3,0.5,2,FALSE,1,3.34129446134861,1.69176230569521,874.633641788617,0.468548786527984,""
"bace","rubin_types_mixed_BM_l0.3_r0.5_mcar0.3_n100_M20_s20",100,0.3,0.5,20,FALSE,1,0.468150891833692,1.64489723951065,758.403018956441,0.464091134224864,""
"bace","rubin_types_mixed_BM_l0.3_r0.5_mcar0.3_n100_M20_s21",100,0.3,0.5,21,FALSE,1,0.731150045406236,1.71688664891056,847.659074135227,0.418524021792967,""
"bace","rubin_types_mixed_BM_l0.3_r0.5_mcar0.3_n100_M20_s22",100,0.3,0.5,22,FALSE,1,0.485854409926388,2.0178336935212,1072.14145283026,0.45864289252105,""
"bace","rubin_types_mixed_BM_l0.3_r0.5_mcar0.3_n100_M20_s23",100,0.3,0.5,23,FALSE,1,0.5,1.92998667477948,1012.04446337722,0.4135710747895,""
"bace","rubin_types_mixed_BM_l0.3_r0.5_mcar0.3_n100_M20_s24",100,0.3,0.5,24,TRUE,1,0.703380101043142,1.92080337425519,1220.28585113599,0.422981674096087,""
"bace","rubin_types_mixed_BM_l0.3_r0.5_mcar0.3_n100_M20_s25",100,0.3,0.5,25,FALSE,1,1.16123085372622,1.74527472442824,934.478383593554,0.448736998514116,""
"bace","rubin_types_mixed_BM_l0.3_r0.5_mcar0.3_n100_M20_s26",100,0.3,0.5,26,FALSE,1,0.1875,1.3710518559123,1301.86174268374,0.381376919266964,""
"bace","rubin_types_mixed_BM_l0.3_r0.5_mcar0.3_n100_M20_s27",100,0.3,0.5,27,FALSE,1,1.4191668273218,1.15851856208562,1466.31042781685,0.326399207528479,""
"bace","rubin_types_mixed_BM_l0.3_r0.5_mcar0.3_n100_M20_s28",100,0.3,0.5,28,FALSE,1,0.593495409130219,1.66045916762354,554.369137920705,0.473501733531451,""
"bace","rubin_types_mixed_BM_l0.3_r0.5_mcar0.3_n100_M20_s29",100,0.3,0.5,29,TRUE,1,5.7537758850079,1.64499382824502,1429.73249457197,0.354631005448242,""
"bace","rubin_types_mixed_BM_l0.3_r0.5_mcar0.3_n100_M20_s3",100,0.3,0.5,3,FALSE,1,0.560613773936042,1.0992265373797,1133.15190931494,0.458147597820703,""
"bace","rubin_types_mixed_BM_l0.3_r0.5_mcar0.3_n100_M20_s30",100,0.3,0.5,30,TRUE,1,0.698334769133335,1.47813539302296,841.445988034548,0.445765230312036,""
"bace","rubin_types_mixed_BM_l0.3_r0.5_mcar0.3_n100_M20_s31",100,0.3,0.5,31,FALSE,1,1,1.63304946978688,919.504300853372,0.424467558197127,""
"bace","rubin_types_mixed_BM_l0.3_r0.5_mcar0.3_n100_M20_s32",100,0.3,0.5,32,FALSE,1,1.33333333333333,1.16671748605352,748.03168584539,0.471025260029718,""
"bace","rubin_types_mixed_BM_l0.3_r0.5_mcar0.3_n100_M20_s33",100,0.3,0.5,33,TRUE,1,0.3,1.94859127114142,1027.21373436061,0.400693412580485,""
"bace","rubin_types_mixed_BM_l0.3_r0.5_mcar0.3_n100_M20_s34",100,0.3,0.5,34,FALSE,1,0.666666666666667,1.5133725704911,1018.81465238346,0.428429915799901,""
"bace","rubin_types_mixed_BM_l0.3_r0.5_mcar0.3_n100_M20_s35",100,0.3,0.5,35,FALSE,1,0.674839354583676,1.48486977532088,1257.0335857806,0.384348687469044,""
"bace","rubin_types_mixed_BM_l0.3_r0.5_mcar0.3_n100_M20_s36",100,0.3,0.5,36,TRUE,1,3.18341907190259,1.62125862796526,976.272939965908,0.457652303120357,""
"bace","rubin_types_mixed_BM_l0.3_r0.5_mcar0.3_n100_M20_s37",100,0.3,0.5,37,FALSE,1,1.46064822515255,1.23313917652075,1158.25324829354,0.418524021792967,""
"bace","rubin_types_mixed_BM_l0.3_r0.5_mcar0.3_n100_M20_s38",100,0.3,0.5,38,FALSE,1,0.285714285714286,1.43566385127716,1065.81006545949,0.424467558197127,""
"bace","rubin_types_mixed_BM_l0.3_r0.5_mcar0.3_n100_M20_s39",100,0.3,0.5,39,FALSE,1,0.375,2.11348678684367,1221.90153307686,0.462109955423477,""
"bace","rubin_types_mixed_BM_l0.3_r0.5_mcar0.3_n100_M20_s4",100,0.3,0.5,4,FALSE,1,1.31432986909922,1.768471236902,1268.92061583109,0.429420505200594,""
"bace","rubin_types_mixed_BM_l0.3_r0.5_mcar0.3_n100_M20_s40",100,0.3,0.5,40,FALSE,1,0.4,2.07105432226154,1100.27090182513,0.411589895988113,""
"bace","rubin_types_mixed_BM_l0.3_r0.5_mcar0.3_n100_M20_s41",100,0.3,0.5,41,FALSE,1,0.1,1.51198642601082,1467.79237635432,0.367013372956909,""
"bace","rubin_types_mixed_BM_l0.3_r0.5_mcar0.3_n100_M20_s42",100,0.3,0.5,42,FALSE,1,0.555555555555556,1.51613167319296,1062.98761610051,0.457652303120357,""
"bace","rubin_types_mixed_BM_l0.3_r0.5_mcar0.3_n100_M20_s43",100,0.3,0.5,43,FALSE,1,1.00961574361125,1.05295398982072,999.580689817665,0.394254581475978,""
"bace","rubin_types_mixed_BM_l0.3_r0.5_mcar0.3_n100_M20_s44",100,0.3,0.5,44,FALSE,1,0.416666666666667,1.71709012379137,656.059221981412,0.45864289252105,""
"bace","rubin_types_mixed_BM_l0.3_r0.5_mcar0.3_n100_M20_s45",100,0.3,0.5,45,FALSE,1,0.372240273687579,1.76134992712358,1161.13604289211,0.455175829618623,""
"bace","rubin_types_mixed_BM_l0.3_r0.5_mcar0.3_n100_M20_s46",100,0.3,0.5,46,FALSE,1,0.6,1.46902102877225,764.131163251669,0.473501733531451,""
"bace","rubin_types_mixed_BM_l0.3_r0.5_mcar0.3_n100_M20_s47",100,0.3,0.5,47,FALSE,1,9.19256184948516,1.58711159539375,696.911944688116,0.418524021792967,""
"bace","rubin_types_mixed_BM_l0.3_r0.5_mcar0.3_n100_M20_s48",100,0.3,0.5,48,FALSE,1,0.487421690888552,0.827065374869714,1352.48742974565,0.399207528479445,""
"bace","rubin_types_mixed_BM_l0.3_r0.5_mcar0.3_n100_M20_s49",100,0.3,0.5,49,FALSE,1,7.19868454081542,1.53592223411283,804.41436079329,0.431896978702328,""
"bace","rubin_types_mixed_BM_l0.3_r0.5_mcar0.3_n100_M20_s5",100,0.3,0.5,5,TRUE,1,2.59671632153757,0.983683267919848,36.2841183719863,0.521050024764735,""
"bace","rubin_types_mixed_BM_l0.3_r0.5_mcar0.3_n100_M20_s50",100,0.3,0.5,50,FALSE,1,0.75,1.03032053573828,866.592665228022,0.466567607726597,""
"bace","rubin_types_mixed_BM_l0.3_r0.5_mcar0.3_n100_M20_s51",100,0.3,0.5,51,FALSE,1,3333333.33333333,1.10869874637737,103.112402122044,0.498761763249133,""
"bace","rubin_types_mixed_BM_l0.3_r0.5_mcar0.3_n100_M20_s52",100,0.3,0.5,52,FALSE,1,0.333333333333333,1.79916622644753,910.188869809498,0.455175829618623,""
"bace","rubin_types_mixed_BM_l0.3_r0.5_mcar0.3_n100_M20_s53",100,0.3,0.5,53,FALSE,1,1.45602474415246,2.00437404530008,416.224562695178,0.462109955423477,""
"bace","rubin_types_mixed_BM_l0.3_r0.5_mcar0.3_n100_M20_s54",100,0.3,0.5,54,FALSE,1,0.236923521878153,1.13965431511401,1361.62249202223,0.392273402674591,""
"bace","rubin_types_mixed_BM_l0.3_r0.5_mcar0.3_n100_M20_s55",100,0.3,0.5,55,FALSE,1,0.5,1.57271736837792,514.655768967084,0.465577018325904,""
"bace","rubin_types_mixed_BM_l0.3_r0.5_mcar0.3_n100_M20_s56",100,0.3,0.5,56,FALSE,1,0.4,1.86970355244864,833.662906573646,0.467558197127291,""
"bace","rubin_types_mixed_BM_l0.3_r0.5_mcar0.3_n100_M20_s57",100,0.3,0.5,57,FALSE,1,0.455713140475243,1.09934574042696,1230.62672066694,0.41654284299158,""
"bace","rubin_types_mixed_BM_l0.3_r0.5_mcar0.3_n100_M20_s58",100,0.3,0.5,58,FALSE,1,0.714285714285714,1.93995153643513,1321.61857072663,0.396235760277365,""
"bace","rubin_types_mixed_BM_l0.3_r0.5_mcar0.3_n100_M20_s59",100,0.3,0.5,59,FALSE,1,2.24821927365308,1.22532329538021,991.423012822723,0.45864289252105,""
"bace","rubin_types_mixed_BM_l0.3_r0.5_mcar0.3_n100_M20_s6",100,0.3,0.5,6,TRUE,1,1,1.8770432007913,821.374572315422,0.470529965329371,""
"bace","rubin_types_mixed_BM_l0.3_r0.5_mcar0.3_n100_M20_s60",100,0.3,0.5,60,TRUE,1,0.333333333333333,1.92834900293892,1193.94076212196,0.450222882615156,""
"bace","rubin_types_mixed_BM_l0.3_r0.5_mcar0.3_n100_M20_s61",100,0.3,0.5,61,TRUE,1,0.366905316141976,1.42389150417548,1162.74309550515,0.440316988608222,""
"bace","rubin_types_mixed_BM_l0.3_r0.5_mcar0.3_n100_M20_s62",100,0.3,0.5,62,FALSE,1,1.01455592580064,1.59083363698362,1173.95959085812,0.400198117880139,""
"bace","rubin_types_mixed_BM_l0.3_r0.5_mcar0.3_n100_M20_s63",100,0.3,0.5,63,FALSE,1,0.333333333333333,1.70481729547073,722.141617956171,0.458147597820703,""
"bace","rubin_types_mixed_BM_l0.3_r0.5_mcar0.3_n100_M20_s64",100,0.3,0.5,64,FALSE,1,11.220346813012,1.6382419783694,1263.90736302249,0.42248637939574,""
"bace","rubin_types_mixed_BM_l0.3_r0.5_mcar0.3_n100_M20_s65",100,0.3,0.5,65,FALSE,1,2.33486334483129,1.26769254024802,1226.70483720268,0.405646359583952,""
"bace","rubin_types_mixed_BM_l0.3_r0.5_mcar0.3_n100_M20_s66",100,0.3,0.5,66,FALSE,1,0.307692307692308,1.7977383223219,917.078547408168,0.454680534918276,""
"bace","rubin_types_mixed_BM_l0.3_r0.5_mcar0.3_n100_M20_s67",100,0.3,0.5,67,FALSE,1,0.333333333333333,1.48390021940762,1344.59472597914,0.396235760277365,""
"bace","rubin_types_mixed_BM_l0.3_r0.5_mcar0.3_n100_M20_s68",100,0.3,0.5,68,FALSE,1,0.762162478545848,1.34367475401498,1083.27350136981,0.372461614660723,""
"bace","rubin_types_mixed_BM_l0.3_r0.5_mcar0.3_n100_M20_s69",100,0.3,0.5,69,FALSE,1,0.756517766810239,1.75875611803097,1218.55464765047,0.422981674096087,""
"bace","rubin_types_mixed_BM_l0.3_r0.5_mcar0.3_n100_M20_s7",100,0.3,0.5,7,TRUE,1,0.252100840336134,1.29379455887495,525.534494308946,0.469539375928678,""
"bace","rubin_types_mixed_BM_l0.3_r0.5_mcar0.3_n100_M20_s70",100,0.3,0.5,70,TRUE,1,0.875925969063364,1.6388575713151,1055.85171358545,0.446755819712729,""
"bace","rubin_types_mixed_BM_l0.3_r0.5_mcar0.3_n100_M20_s71",100,0.3,0.5,71,TRUE,1,0.6,1.210831061429,758.565926629141,0.453194650817236,""
"bace","rubin_types_mixed_BM_l0.3_r0.5_mcar0.3_n100_M20_s72",100,0.3,0.5,72,FALSE,1,0.363636363636364,1.86381934551574,994.920104332904,0.434868746904408,""
"bace","rubin_types_mixed_BM_l0.3_r0.5_mcar0.3_n100_M20_s73",100,0.3,0.5,73,FALSE,1,0.348942869259204,1.31344427903177,1146.50954349899,0.46161466072313,""
"bace","rubin_types_mixed_BM_l0.3_r0.5_mcar0.3_n100_M20_s74",100,0.3,0.5,74,FALSE,1,0.375,1.88715653944341,808.531579576347,0.403169886082219,""
"bace","rubin_types_mixed_BM_l0.3_r0.5_mcar0.3_n100_M20_s75",100,0.3,0.5,75,FALSE,1,0.306359739509837,1.57272729092628,1284.04624847166,0.440812283308569,""
"bace","rubin_types_mixed_BM_l0.3_r0.5_mcar0.3_n100_M20_s76",100,0.3,0.5,76,FALSE,1,0.666666666666667,1.23468719601253,1316.65294999648,0.370975730559683,""
"bace","rubin_types_mixed_BM_l0.3_r0.5_mcar0.3_n100_M20_s77",100,0.3,0.5,77,FALSE,1,18.7005824559199,1.54804216863802,730.662762939844,0.453689945517583,""
"bace","rubin_types_mixed_BM_l0.3_r0.5_mcar0.3_n100_M20_s78",100,0.3,0.5,78,FALSE,1,0.25,1.24093583347228,1201.51415997004,0.446260525012382,""
"bace","rubin_types_mixed_BM_l0.3_r0.5_mcar0.3_n100_M20_s79",100,0.3,0.5,79,FALSE,1,4.55455898224817,0.905644262384792,1280.07053230497,0.403169886082219,""
"bace","rubin_types_mixed_BM_l0.3_r0.5_mcar0.3_n100_M20_s8",100,0.3,0.5,8,FALSE,1,0.416666666666667,1.6268309353072,1044.75237422875,0.398712233779099,""
"bace","rubin_types_mixed_BM_l0.3_r0.5_mcar0.3_n100_M20_s80",100,0.3,0.5,80,TRUE,1,0.454545454545455,2.21051064037467,259.622642488545,0.476968796433878,""
"bace","rubin_types_mixed_BM_l0.3_r0.5_mcar0.3_n100_M20_s81",100,0.3,0.5,81,FALSE,1,1.34006811753567,1.59895620831388,1365.77700139797,0.384843982169391,""
"bace","rubin_types_mixed_BM_l0.3_r0.5_mcar0.3_n100_M20_s82",100,0.3,0.5,82,FALSE,1,5.52471955016104,1.56011904052679,878.50539009679,0.458147597820703,""
"bace","rubin_types_mixed_BM_l0.3_r0.5_mcar0.3_n100_M20_s83",100,0.3,0.5,83,FALSE,1,0.29719076404609,1.37176694098454,1273.74435184917,0.389301634472511,""
"bace","rubin_types_mixed_BM_l0.3_r0.5_mcar0.3_n100_M20_s84",100,0.3,0.5,84,TRUE,1,0.666666666666667,1.55472891299596,1095.56216512326,0.444774640911342,""
"bace","rubin_types_mixed_BM_l0.3_r0.5_mcar0.3_n100_M20_s85",100,0.3,0.5,85,FALSE,1,0.23993965369307,1.60094808254861,1125.83038293497,0.420009905894007,""
"bace","rubin_types_mixed_BM_l0.3_r0.5_mcar0.3_n100_M20_s86",100,0.3,0.5,86,FALSE,1,1,1.09595445728731,1407.4051277925,0.419019316493314,""
"bace","rubin_types_mixed_BM_l0.3_r0.5_mcar0.3_n100_M20_s87",100,0.3,0.5,87,TRUE,1,1.5,1.08557649770872,1201.16654871328,0.387815750371471,""
"bace","rubin_types_mixed_BM_l0.3_r0.5_mcar0.3_n100_M20_s88",100,0.3,0.5,88,FALSE,1,3333333.33333333,1.1137658677982,1134.99703465128,0.414066369489846,""
"bace","rubin_types_mixed_BM_l0.3_r0.5_mcar0.3_n100_M20_s89",100,0.3,0.5,89,FALSE,1,0.181818181818182,0.767257125762878,1244.00759215722,0.426448736998514,""
"bace","rubin_types_mixed_BM_l0.3_r0.5_mcar0.3_n100_M20_s9",100,0.3,0.5,9,FALSE,1,0.75,1.91872213505248,1349.25240353719,0.404160475482912,""
"bace","rubin_types_mixed_BM_l0.3_r0.5_mcar0.3_n100_M20_s90",100,0.3,0.5,90,FALSE,1,0.138461538461539,1.47300945626055,786.391491471739,0.469539375928678,""
"bace","rubin_types_mixed_BM_l0.3_r0.5_mcar0.3_n100_M20_s91",100,0.3,0.5,91,FALSE,1,0.483102055001582,1.80462732777959,976.9462615917,0.462109955423477,""
"bace","rubin_types_mixed_BM_l0.3_r0.5_mcar0.3_n100_M20_s92",100,0.3,0.5,92,FALSE,1,6.61711976385887,1.90942942581072,1401.51781724544,0.405151064883606,""
"bace","rubin_types_mixed_BM_l0.3_r0.5_mcar0.3_n100_M20_s93",100,0.3,0.5,93,FALSE,1,0.550105080255683,1.33848496713769,1368.02470064992,0.408122833085686,""
"bace","rubin_types_mixed_BM_l0.3_r0.5_mcar0.3_n100_M20_s94",100,0.3,0.5,94,TRUE,1,0.428571428571428,1.98697152051401,554.893149882378,0.469539375928678,""
"bace","rubin_types_mixed_BM_l0.3_r0.5_mcar0.3_n100_M20_s95",100,0.3,0.5,95,FALSE,1,0.666666666666667,0.948173785360765,909.11163513701,0.395740465577018,""
"bace","rubin_types_mixed_BM_l0.3_r0.5_mcar0.3_n100_M20_s96",100,0.3,0.5,96,TRUE,1,0.143192952484825,1.38323528932021,1550.11023040684,0.32937097573056,""
"bace","rubin_types_mixed_BM_l0.3_r0.5_mcar0.3_n100_M20_s97",100,0.3,0.5,97,FALSE,1,0.286195695592913,1.63586194725081,468.338567058302,0.473501733531451,""
"bace","rubin_types_mixed_BM_l0.3_r0.5_mcar0.3_n100_M20_s98",100,0.3,0.5,98,FALSE,1,5.25162699248208,1.72547651340923,869.549743901235,0.46458642892521,""
"bace","rubin_types_mixed_BM_l0.3_r0.5_mcar0.3_n100_M20_s99",100,0.3,0.5,99,FALSE,1,0.833333333333333,1.88752958923112,986.82023529855,0.447746409113423,""
"bace","rubin_types_mixed_BM_l0.3_r0.5_mcar0.3_n1000_M20_s1",1000,0.3,0.5,1,FALSE,1,0.033557815724937,74.9910355118874,1600,0.00148588410104012,""
"bace","rubin_types_mixed_BM_l0.3_r0.5_mcar0.3_n1000_M20_s41",1000,0.3,0.5,41,TRUE,1,0.069767441860465,53.2494375631165,1600,0.00247647350173353,""
"bace","rubin_types_mixed_BM_l0.3_r0.5_mcar0.3_n1000_M20_s42",1000,0.3,0.5,42,TRUE,1,0.217911887256139,97.7117751673917,1600,0.000495294700346706,""
"bace","rubin_types_mixed_BM_l0.3_r0.5_mcar0.3_n1000_M20_s43",1000,0.3,0.5,43,FALSE,1,0.1,76.2275969769644,1600,0.00198117880138683,""
"bace","rubin_types_mixed_BM_l0.3_r0.5_mcar0.3_n1000_M20_s44",1000,0.3,0.5,44,FALSE,1,0.0576227299793773,81.9311432944769,1600,0.000990589400693413,""
"bace","rubin_types_mixed_BM_l0.3_r0.5_mcar0.3_n1000_M20_s45",1000,0.3,0.5,45,TRUE,1,0.00709219858156021,63.0713627230421,1600,0.00148588410104012,""
"bace","rubin_types_mixed_BM_l0.3_r0.5_mcar0.3_n1000_M20_s46",1000,0.3,0.5,46,TRUE,1,0.0555555555555555,61.1395508952911,1600,0.00148588410104012,""
"bace","rubin_types_mixed_BM_l0.3_r0.5_mcar0.3_n1000_M20_s47",1000,0.3,0.5,47,TRUE,1,0.0526315789473685,42.185857917433,1600,0.00396235760277365,""
"bace","rubin_types_mixed_BM_l0.3_r0.5_mcar0.3_n1000_M20_s48",1000,0.3,0.5,48,TRUE,1,0.111111111111111,93.0869509017068,1600,0.000990589400693413,""
"bace","rubin_types_mixed_BM_l0.3_r0.5_mcar0.3_n1000_M20_s49",1000,0.3,0.5,49,TRUE,1,0.0232558139534883,82.8199762009368,1600,0.000990589400693413,""
"bace","rubin_types_mixed_BM_l0.3_r0.5_mcar0.3_n1000_M20_s50",1000,0.3,0.5,50,FALSE,1,0.28,48.6760289141755,1600,0.00148588410104012,""
"bace","rubin_types_mixed_BM_l0.3_r0.5_mcar0.3_n1000_M20_s51",1000,0.3,0.5,51,TRUE,1,0.313663022168181,72.5541738655714,1600,0.000990589400693413,""
"bace","rubin_types_mixed_BM_l0.3_r0.5_mcar0.3_n1000_M20_s52",1000,0.3,0.5,52,TRUE,1,0.0425531914893616,78.8868352488023,1600,0.00198117880138683,""
"bace","rubin_types_mixed_BM_l0.3_r0.5_mcar0.3_n1000_M20_s53",1000,0.3,0.5,53,TRUE,1,0.0624705714536046,55.6479586052579,1600,0.000990589400693413,""
"bace","rubin_types_mixed_BM_l0.3_r0.5_mcar0.3_n1000_M20_s54",1000,0.3,0.5,54,TRUE,1,0.0244547659025998,56.4873923737383,1600,0.00148588410104012,""
"bace","rubin_types_mixed_BM_l0.3_r0.5_mcar0.3_n1000_M20_s55",1000,0.3,0.5,55,TRUE,1,0.0172413793103448,57.2700785715829,1600,0.00346706290242694,""
"bace","rubin_types_mixed_BM_l0.3_r0.5_mcar0.3_n1000_M20_s56",1000,0.3,0.5,56,TRUE,1,0.0491277004946697,77.5636654106062,1600,0.000495294700346706,""
"bace","rubin_types_mixed_BM_l0.3_r0.5_mcar0.3_n1000_M20_s57",1000,0.3,0.5,57,FALSE,1,0.0344331139740391,65.9590162894769,1600,0.000495294700346706,""
"bace","rubin_types_mixed_BM_l0.3_r0.5_mcar0.3_n1000_M20_s58",1000,0.3,0.5,58,TRUE,1,0.102741131259085,65.4260766014679,1600,0.00148588410104012,""
"bace","rubin_types_mixed_BM_l0.3_r0.5_mcar0.3_n1000_M20_s59",1000,0.3,0.5,59,TRUE,1,0.147551492803318,57.0104379665246,1600,0.00346706290242694,""
"bace","rubin_types_mixed_BM_l0.3_r0.5_mcar0.3_n1000_M20_s60",1000,0.3,0.5,60,TRUE,1,0.0340909090909091,1.91666375547728,1600,0.0188211986131748,""
"bace","rubin_types_mixed_BM_l0.3_r0.5_mcar0.3_n300_M20_s1",300,0.3,0.5,1,TRUE,1,0.333333333333333,1.45154911014631,1600,0.0564635958395245,""
"bace","rubin_types_mixed_BM_l0.3_r0.5_mcar0.3_n300_M20_s10",300,0.3,0.5,10,FALSE,1,0.349722076264501,1.68661893917485,1600,0.0302129767211491,""
"bace","rubin_types_mixed_BM_l0.3_r0.5_mcar0.3_n300_M20_s11",300,0.3,0.5,11,TRUE,1,0.0833333333333332,2.37367101836714,1600,0.0079247152055473,""
"bace","rubin_types_mixed_BM_l0.3_r0.5_mcar0.3_n300_M20_s12",300,0.3,0.5,12,TRUE,1,0.300547437268054,11.674058451017,1600,0.00990589400693413,""
"bace","rubin_types_mixed_BM_l0.3_r0.5_mcar0.3_n300_M20_s13",300,0.3,0.5,13,TRUE,1,0.0588235294117646,1.1038274923732,1600,0.0435859336305102,""
"bace","rubin_types_mixed_BM_l0.3_r0.5_mcar0.3_n300_M20_s14",300,0.3,0.5,14,FALSE,1,0.3,2.59960834777854,1600,0.0401188707280832,""
"bace","rubin_types_mixed_BM_l0.3_r0.5_mcar0.3_n300_M20_s15",300,0.3,0.5,15,TRUE,1,0.0476190476190476,2.92100331015868,1600,0.0723130262506191,""
"bace","rubin_types_mixed_BM_l0.3_r0.5_mcar0.3_n300_M20_s16",300,0.3,0.5,16,FALSE,1,0.0909090909090909,18.9777520725106,1600,0.00594353640416048,""
"bace","rubin_types_mixed_BM_l0.3_r0.5_mcar0.3_n300_M20_s17",300,0.3,0.5,17,FALSE,1,0.171152854288101,2.01465976361042,1600,0.119861317483903,""
"bace","rubin_types_mixed_BM_l0.3_r0.5_mcar0.3_n300_M20_s18",300,0.3,0.5,18,TRUE,1,0.0415500184514086,4.89189747320967,1600,0.00742942050520059,""
"bace","rubin_types_mixed_BM_l0.3_r0.5_mcar0.3_n300_M20_s19",300,0.3,0.5,19,FALSE,1,0.259259259259259,0.855693722431665,1600,0.0752847944526994,""
"bace","rubin_types_mixed_BM_l0.3_r0.5_mcar0.3_n300_M20_s2",300,0.3,0.5,2,FALSE,1,0.115384615384615,1.58208761445161,1600,0.0148588410104012,""
"bace","rubin_types_mixed_BM_l0.3_r0.5_mcar0.3_n300_M20_s20",300,0.3,0.5,20,FALSE,1,0.101470293041737,3.03968329147918,1600,0.0614165428429916,""
"bace","rubin_types_mixed_BM_l0.3_r0.5_mcar0.3_n300_M20_s21",300,0.3,0.5,21,TRUE,1,0.0736512919457047,12.8592387489484,1600,0.00742942050520059,""
"bace","rubin_types_mixed_BM_l0.3_r0.5_mcar0.3_n300_M20_s22",300,0.3,0.5,22,FALSE,1,0.139084303327612,3.08341358467686,1600,0.0614165428429916,""
"bace","rubin_types_mixed_BM_l0.3_r0.5_mcar0.3_n300_M20_s23",300,0.3,0.5,23,TRUE,1,0.0635587209723524,2.04528112686235,1600,0.099554234769688,""
"bace","rubin_types_mixed_BM_l0.3_r0.5_mcar0.3_n300_M20_s24",300,0.3,0.5,24,TRUE,1,0.126915777282556,60.3755564733339,1600,0.00396235760277365,""
"bace","rubin_types_mixed_BM_l0.3_r0.5_mcar0.3_n300_M20_s25",300,0.3,0.5,25,FALSE,1,0.363636363636364,1.40022623791496,1600,0.125309559187717,""
"bace","rubin_types_mixed_BM_l0.3_r0.5_mcar0.3_n300_M20_s26",300,0.3,0.5,26,FALSE,1,0.135867061076481,2.376146858897,1600,0.0386329866270431,""
"bace","rubin_types_mixed_BM_l0.3_r0.5_mcar0.3_n300_M20_s27",300,0.3,0.5,27,TRUE,1,0.0416666666666667,52.7773942740387,1600,0.00198117880138683,""
"bace","rubin_types_mixed_BM_l0.3_r0.5_mcar0.3_n300_M20_s28",300,0.3,0.5,28,FALSE,1,0.132878145189675,1.85576172746366,1600,0.04210004952947,""
"bace","rubin_types_mixed_BM_l0.3_r0.5_mcar0.3_n300_M20_s29",300,0.3,0.5,29,FALSE,1,0.0799999999999999,2.30406103238096,1600,0.025260029717682,""
"bace","rubin_types_mixed_BM_l0.3_r0.5_mcar0.3_n300_M20_s3",300,0.3,0.5,3,FALSE,1,0.198115746320214,1.06304406613981,1600,0.0896483407627538,""
"bace","rubin_types_mixed_BM_l0.3_r0.5_mcar0.3_n300_M20_s30",300,0.3,0.5,30,TRUE,1,0.100486679155551,38.2383578603344,1600,0.00594353640416048,""
"bace","rubin_types_mixed_BM_l0.3_r0.5_mcar0.3_n300_M20_s31",300,0.3,0.5,31,TRUE,1,0.0714285714285714,2.70794333581195,1600,0.0926201089648341,""
"bace","rubin_types_mixed_BM_l0.3_r0.5_mcar0.3_n300_M20_s32",300,0.3,0.5,32,TRUE,1,0.3,2.26196978931543,1600,0.020307082714215,""
"bace","rubin_types_mixed_BM_l0.3_r0.5_mcar0.3_n300_M20_s33",300,0.3,0.5,33,TRUE,1,0.181818181818182,40.3612655191553,1600,0.00148588410104012,""
"bace","rubin_types_mixed_BM_l0.3_r0.5_mcar0.3_n300_M20_s34",300,0.3,0.5,34,TRUE,1,0.206896551724138,1.60939173152036,1600,0.00941059930658742,""
"bace","rubin_types_mixed_BM_l0.3_r0.5_mcar0.3_n300_M20_s35",300,0.3,0.5,35,TRUE,1,0.0800000000000001,1.81192168103912,1600,0.0990589400693413,""
"bace","rubin_types_mixed_BM_l0.3_r0.5_mcar0.3_n300_M20_s36",300,0.3,0.5,36,TRUE,1,0.166666666666667,1.29737898588709,1600,0.0312035661218425,""
"bace","rubin_types_mixed_BM_l0.3_r0.5_mcar0.3_n300_M20_s37",300,0.3,0.5,37,TRUE,1,0.12,3.44380424056251,1600,0.105497771173848,""
"bace","rubin_types_mixed_BM_l0.3_r0.5_mcar0.3_n300_M20_s38",300,0.3,0.5,38,FALSE,1,0.0676847233115448,73.9048957876097,1600,0.00148588410104012,""
"bace","rubin_types_mixed_BM_l0.3_r0.5_mcar0.3_n300_M20_s39",300,0.3,0.5,39,TRUE,1,0.575429861664284,1.68939612169814,1600,0.033680039623576,""
"bace","rubin_types_mixed_BM_l0.3_r0.5_mcar0.3_n300_M20_s4",300,0.3,0.5,4,FALSE,1,0.111111111111111,3.5058106752275,1600,0.0807330361565131,""
"bace","rubin_types_mixed_BM_l0.3_r0.5_mcar0.3_n300_M20_s40",300,0.3,0.5,40,FALSE,1,0.333333333333333,47.0197970884502,1600,0.00247647350173353,""
"bace","rubin_types_mixed_BM_l0.3_r0.5_mcar0.3_n300_M20_s41",300,0.3,0.5,41,FALSE,1,0.5,0.741112102766009,1600,0.102526002971768,""
"bace","rubin_types_mixed_BM_l0.3_r0.5_mcar0.3_n300_M20_s42",300,0.3,0.5,42,FALSE,1,0.0434782608695653,66.7441888374391,1600,0.00247647350173353,""
"bace","rubin_types_mixed_BM_l0.3_r0.5_mcar0.3_n300_M20_s43",300,0.3,0.5,43,TRUE,1,0.185643806441202,57.5197477859771,1600,0.00247647350173353,""
"bace","rubin_types_mixed_BM_l0.3_r0.5_mcar0.3_n300_M20_s44",300,0.3,0.5,44,FALSE,1,0.0820622308560833,55.6820041700602,1600,0.00346706290242694,""
"bace","rubin_types_mixed_BM_l0.3_r0.5_mcar0.3_n300_M20_s45",300,0.3,0.5,45,FALSE,1,0.2110851831318,2.99929799175776,1600,0.0321941555225359,""
"bace","rubin_types_mixed_BM_l0.3_r0.5_mcar0.3_n300_M20_s46",300,0.3,0.5,46,TRUE,1,0.222764995058674,49.7514738097453,1600,0.00198117880138683,""
"bace","rubin_types_mixed_BM_l0.3_r0.5_mcar0.3_n300_M20_s47",300,0.3,0.5,47,FALSE,1,0.285714285714286,50.587375263872,1600,0.00297176820208024,""
"bace","rubin_types_mixed_BM_l0.3_r0.5_mcar0.3_n300_M20_s48",300,0.3,0.5,48,FALSE,1,0.599830960867409,55.7576010713971,1600,0.00198117880138683,""
"bace","rubin_types_mixed_BM_l0.3_r0.5_mcar0.3_n300_M20_s49",300,0.3,0.5,49,TRUE,1,0.597632706793423,1.84592747737222,1600,0.0460624071322437,""
"bace","rubin_types_mixed_BM_l0.3_r0.5_mcar0.3_n300_M20_s5",300,0.3,0.5,5,FALSE,1,0.313607306597391,47.3143303064335,1600,0.00346706290242694,""
"bace","rubin_types_mixed_BM_l0.3_r0.5_mcar0.3_n300_M20_s50",300,0.3,0.5,50,TRUE,1,0.0400000000000001,37.3910105342161,1600,0.00346706290242694,""
"bace","rubin_types_mixed_BM_l0.3_r0.5_mcar0.3_n300_M20_s51",300,0.3,0.5,51,FALSE,1,0.195373576490804,4.41973557162041,1600,0.0936106983655275,""
"bace","rubin_types_mixed_BM_l0.3_r0.5_mcar0.3_n300_M20_s6",300,0.3,0.5,6,TRUE,1,0.210526315789474,58.4119037663863,1600,0.000990589400693413,""
"bace","rubin_types_mixed_BM_l0.3_r0.5_mcar0.3_n300_M20_s7",300,0.3,0.5,7,TRUE,1,0.121212121212121,0.909902220813934,1600,0.0574541852402179,""
"bace","rubin_types_mixed_BM_l0.3_r0.5_mcar0.3_n300_M20_s8",300,0.3,0.5,8,FALSE,1,0.287817988235025,1.4667878142274,1600,0.0465577018325904,""
"bace","rubin_types_mixed_BM_l0.3_r0.5_mcar0.3_n300_M20_s9",300,0.3,0.5,9,TRUE,1,0.0700297842025526,1.62124603762236,1600,0.0569588905398712,""
"bace","rubin_types_mixed_BM_l0.7_r0_mcar0.3_n100_M20_s1",100,0.7,0,1,FALSE,1,2,0.92853972702489,424.078000982944,0.466567607726597,""
"bace","rubin_types_mixed_BM_l0.7_r0_mcar0.3_n100_M20_s10",100,0.7,0,10,FALSE,1,0.149715658753381,2.3582719139232,188.6060860421,0.487369985141159,""
"bace","rubin_types_mixed_BM_l0.7_r0_mcar0.3_n100_M20_s100",100,0.7,0,100,FALSE,1,0.277770727265824,0.772779893038821,28.5232895420689,0.582466567607727,""
"bace","rubin_types_mixed_BM_l0.7_r0_mcar0.3_n100_M20_s11",100,0.7,0,11,FALSE,1,0.420330941129554,1.42862385739511,394.223276764777,0.485884101040119,""
"bace","rubin_types_mixed_BM_l0.7_r0_mcar0.3_n100_M20_s12",100,0.7,0,12,FALSE,1,0.869106305732236,1.70730165147068,604.228619608467,0.472511144130758,""
"bace","rubin_types_mixed_BM_l0.7_r0_mcar0.3_n100_M20_s13",100,0.7,0,13,FALSE,1,0.266666666666667,1.4198157886316,367.947069088682,0.468053491827637,""
"bace","rubin_types_mixed_BM_l0.7_r0_mcar0.3_n100_M20_s14",100,0.7,0,14,FALSE,1,2,1.90005575771556,565.652203332325,0.408618127786033,""
"bace","rubin_types_mixed_BM_l0.7_r0_mcar0.3_n100_M20_s15",100,0.7,0,15,FALSE,1,0.6,1.51436455623577,445.270280475853,0.464091134224864,""
"bace","rubin_types_mixed_BM_l0.7_r0_mcar0.3_n100_M20_s16",100,0.7,0,16,FALSE,1,0.265386289493105,1.00948890256033,777.405881793229,0.433878157503715,""
"bace","rubin_types_mixed_BM_l0.7_r0_mcar0.3_n100_M20_s17",100,0.7,0,17,FALSE,1,0.4,1.84334965143846,347.46763714984,0.476968796433878,""
"bace","rubin_types_mixed_BM_l0.7_r0_mcar0.3_n100_M20_s18",100,0.7,0,18,FALSE,1,123.807731084958,1.71367734266234,382.287737233396,0.477959385834572,""
"bace","rubin_types_mixed_BM_l0.7_r0_mcar0.3_n100_M20_s19",100,0.7,0,19,FALSE,1,3333333.33333333,1.20629344696061,1052.10475197747,0.402179296681526,""
"bace","rubin_types_mixed_BM_l0.7_r0_mcar0.3_n100_M20_s2",100,0.7,0,2,FALSE,1,0.488333787741549,1.41453321143879,404.712438753526,0.480931154036652,""
"bace","rubin_types_mixed_BM_l0.7_r0_mcar0.3_n100_M20_s20",100,0.7,0,20,FALSE,1,0.4,1.11810868900681,289.091182714223,0.474987617632491,""
"bace","rubin_types_mixed_BM_l0.7_r0_mcar0.3_n100_M20_s21",100,0.7,0,21,FALSE,1,1.09882526809904,1.62587258887692,667.98311184726,0.453194650817236,""
"bace","rubin_types_mixed_BM_l0.7_r0_mcar0.3_n100_M20_s22",100,0.7,0,22,FALSE,1,0.314287396606745,1.68002021693339,339.181792062178,0.471520554730064,""
"bace","rubin_types_mixed_BM_l0.7_r0_mcar0.3_n100_M20_s23",100,0.7,0,23,FALSE,1,0.40848667998891,1.05651038425064,21.0072136226092,0.614165428429916,""
"bace","rubin_types_mixed_BM_l0.7_r0_mcar0.3_n100_M20_s24",100,0.7,0,24,FALSE,1,16666666.6666667,1.08658163529749,182.085863740885,0.484893511639425,""
"bace","rubin_types_mixed_BM_l0.7_r0_mcar0.3_n100_M20_s25",100,0.7,0,25,FALSE,1,0.5,1.29933468553575,559.169425955148,0.474987617632491,""
"bace","rubin_types_mixed_BM_l0.7_r0_mcar0.3_n100_M20_s26",100,0.7,0,26,FALSE,1,0.6,1.09645030854337,241.220327900085,0.476473501733531,""
"bace","rubin_types_mixed_BM_l0.7_r0_mcar0.3_n100_M20_s27",100,0.7,0,27,FALSE,1,0.652124161486666,1.46386228131366,903.88583356137,0.438335809806835,""
"bace","rubin_types_mixed_BM_l0.7_r0_mcar0.3_n100_M20_s28",100,0.7,0,28,FALSE,1,0.428484614481778,1.93749985061183,600.783527101632,0.465577018325904,""
"bace","rubin_types_mixed_BM_l0.7_r0_mcar0.3_n100_M20_s29",100,0.7,0,29,FALSE,1,0.5,1.58131712300847,469.83683284616,0.471520554730064,""
"bace","rubin_types_mixed_BM_l0.7_r0_mcar0.3_n100_M20_s3",100,0.7,0,3,TRUE,1,0.090909090909091,1.21478680667209,532.482463315967,0.471520554730064,""
"bace","rubin_types_mixed_BM_l0.7_r0_mcar0.3_n100_M20_s30",100,0.7,0,30,FALSE,1,0.381683595574452,1.17804915304801,26.3793641675826,0.563150074294205,""
"bace","rubin_types_mixed_BM_l0.7_r0_mcar0.3_n100_M20_s31",100,0.7,0,31,FALSE,1,3,1.49712840028262,644.966815343876,0.46012877662209,""
"bace","rubin_types_mixed_BM_l0.7_r0_mcar0.3_n100_M20_s32",100,0.7,0,32,FALSE,1,1,1.20454494786437,61.9839721936022,0.521545319465082,""
"bace","rubin_types_mixed_BM_l0.7_r0_mcar0.3_n100_M20_s33",100,0.7,0,33,FALSE,1,1,2.12280294037069,650.050535638436,0.430906389301634,""
"bace","rubin_types_mixed_BM_l0.7_r0_mcar0.3_n100_M20_s34",100,0.7,0,34,FALSE,1,0.225595958435818,1.15615804490614,1070.67702323227,0.4210004952947,""
"bace","rubin_types_mixed_BM_l0.7_r0_mcar0.3_n100_M20_s35",100,0.7,0,35,FALSE,1,0.2,1.27346755504388,1208.61236529791,0.421495789995047,""
"bace","rubin_types_mixed_BM_l0.7_r0_mcar0.3_n100_M20_s36",100,0.7,0,36,FALSE,1,0.943683924120549,1.52000273968408,1084.76756661735,0.450222882615156,""
"bace","rubin_types_mixed_BM_l0.7_r0_mcar0.3_n100_M20_s37",100,0.7,0,37,FALSE,1,1.76760138497283,0.940174427597967,1365.22614786268,0.359088657751362,""
"bace","rubin_types_mixed_BM_l0.7_r0_mcar0.3_n100_M20_s38",100,0.7,0,38,FALSE,1,0.166666666666667,1.61437235818981,464.967631927955,0.479940564635958,""
"bace","rubin_types_mixed_BM_l0.7_r0_mcar0.3_n100_M20_s39",100,0.7,0,39,TRUE,1,0.625,1.32222381833096,813.278917149488,0.46458642892521,""
"bace","rubin_types_mixed_BM_l0.7_r0_mcar0.3_n100_M20_s4",100,0.7,0,4,FALSE,1,0.293940177544936,1.5446879824976,910.188458483581,0.45567112431897,""
"bace","rubin_types_mixed_BM_l0.7_r0_mcar0.3_n100_M20_s40",100,0.7,0,40,FALSE,1,0.1875,1.70247047350538,363.56365420294,0.469044081228331,""
"bace","rubin_types_mixed_BM_l0.7_r0_mcar0.3_n100_M20_s41",100,0.7,0,41,TRUE,1,0.176470588235294,1.2498266118458,37.1719656854995,0.547795938583457,""
"bace","rubin_types_mixed_BM_l0.7_r0_mcar0.3_n100_M20_s42",100,0.7,0,42,FALSE,1,0.803309966019417,1.62200269110864,594.879050375678,0.453194650817236,""
"bace","rubin_types_mixed_BM_l0.7_r0_mcar0.3_n100_M20_s43",100,0.7,0,43,FALSE,1,1.19716957234639,1.47230967066786,574.135663643268,0.450222882615156,""
"bace","rubin_types_mixed_BM_l0.7_r0_mcar0.3_n100_M20_s44",100,0.7,0,44,FALSE,1,0.712867517508704,1.37853723823449,486.485525852895,0.446260525012382,""
"bace","rubin_types_mixed_BM_l0.7_r0_mcar0.3_n100_M20_s45",100,0.7,0,45,FALSE,1,0.183908045977011,1.24877193311203,39.3429605366184,0.524517087667162,""
"bace","rubin_types_mixed_BM_l0.7_r0_mcar0.3_n100_M20_s46",100,0.7,0,46,FALSE,1,0.252075341524873,1.45346339846445,624.30890002701,0.463595839524517,""
"bace","rubin_types_mixed_BM_l0.7_r0_mcar0.3_n100_M20_s47",100,0.7,0,47,FALSE,1,2.33388938915592,1.34861318684989,562.986292516437,0.468053491827637,""
"bace","rubin_types_mixed_BM_l0.7_r0_mcar0.3_n100_M20_s48",100,0.7,0,48,FALSE,1,0.166666666666667,0.993967318918182,37.7827035191321,0.531946508172363,""
"bace","rubin_types_mixed_BM_l0.7_r0_mcar0.3_n100_M20_s49",100,0.7,0,49,FALSE,1,1,1.17591821612499,83.3359180328846,0.503246753246753,"ord: dropped 1 empty level(s)"
"bace","rubin_types_mixed_BM_l0.7_r0_mcar0.3_n100_M20_s5",100,0.7,0,5,TRUE,1,0.125,1.58055607937623,1126.99360007317,0.380917698470503,"ord: dropped 1 empty level(s);cat3: dropped 1 empty level(s)"
"bace","rubin_types_mixed_BM_l0.7_r0_mcar0.3_n100_M20_s50",100,0.7,0,50,FALSE,1,0.388061356454213,1.00269509792833,33.324082615423,0.579990094105993,""
"bace","rubin_types_mixed_BM_l0.7_r0_mcar0.3_n100_M20_s51",100,0.7,0,51,FALSE,1,5.04463593622117,1.19847689692026,776.596685256472,0.456166419019316,""
"bace","rubin_types_mixed_BM_l0.7_r0_mcar0.3_n100_M20_s52",100,0.7,0,52,FALSE,1,0.285714285714286,1.59723772138381,854.432382353694,0.416047548291233,""
"bace","rubin_types_mixed_BM_l0.7_r0_mcar0.3_n100_M20_s53",100,0.7,0,53,FALSE,1,0.857787632847847,1.735988494516,226.282665595113,0.474987617632491,""
"bace","rubin_types_mixed_BM_l0.7_r0_mcar0.3_n100_M20_s54",100,0.7,0,54,FALSE,1,0.583333333333333,1.09284431931512,569.602721535243,0.471520554730064,""
"bace","rubin_types_mixed_BM_l0.7_r0_mcar0.3_n100_M20_s55",100,0.7,0,55,FALSE,1,0.181818181818182,2.28603861089509,419.48237756624,0.478949975235265,""
"bace","rubin_types_mixed_BM_l0.7_r0_mcar0.3_n100_M20_s56",100,0.7,0,56,FALSE,1,1,1.28850945214976,82.8733403804786,0.507181773155027,""
"bace","rubin_types_mixed_BM_l0.7_r0_mcar0.3_n100_M20_s57",100,0.7,0,57,FALSE,1,0.454823208646666,1.33122808475323,948.375027365927,0.458147597820703,""
"bace","rubin_types_mixed_BM_l0.7_r0_mcar0.3_n100_M20_s58",100,0.7,0,58,FALSE,1,0.667851619897797,1.91717291676748,170.038293014861,0.486471861471861,"ord: dropped 1 empty level(s)"
"bace","rubin_types_mixed_BM_l0.7_r0_mcar0.3_n100_M20_s59",100,0.7,0,59,FALSE,1,0.142857142857143,1.58119081466734,922.583805230395,0.463744588744589,"ord: dropped 1 empty level(s)"
"bace","rubin_types_mixed_BM_l0.7_r0_mcar0.3_n100_M20_s6",100,0.7,0,6,FALSE,1,0.498586065351815,1.54302422179888,747.382197527103,0.445765230312036,""
"bace","rubin_types_mixed_BM_l0.7_r0_mcar0.3_n100_M20_s60",100,0.7,0,60,FALSE,1,1,1.44646845142835,949.567739304022,0.456166419019316,""
"bace","rubin_types_mixed_BM_l0.7_r0_mcar0.3_n100_M20_s61",100,0.7,0,61,FALSE,1,6666666.66666667,1.04858250187337,109.937545765995,0.498266468548787,""
"bace","rubin_types_mixed_BM_l0.7_r0_mcar0.3_n100_M20_s62",100,0.7,0,62,TRUE,1,2.34811442562566,1.49295441581439,237.133066759414,0.474987617632491,""
"bace","rubin_types_mixed_BM_l0.7_r0_mcar0.3_n100_M20_s63",100,0.7,0,63,FALSE,1,3333333.33333333,0.864034878812053,25.4116728856946,0.611688954928182,""
"bace","rubin_types_mixed_BM_l0.7_r0_mcar0.3_n100_M20_s64",100,0.7,0,64,FALSE,1,0.333333333333333,1.42557400769859,232.213686943483,0.484893511639425,""
"bace","rubin_types_mixed_BM_l0.7_r0_mcar0.3_n100_M20_s65",100,0.7,0,65,FALSE,1,2.25548288150864,1.87060854074142,440.553763526721,0.473997028231798,""
"bace","rubin_types_mixed_BM_l0.7_r0_mcar0.3_n100_M20_s66",100,0.7,0,66,FALSE,1,0.333333333333333,1.31194463941763,221.867291039883,0.484893511639425,""
"bace","rubin_types_mixed_BM_l0.7_r0_mcar0.3_n100_M20_s67",100,0.7,0,67,FALSE,1,3333333.33333333,1.02466059006071,877.380155122902,0.399702823179792,""
"bace","rubin_types_mixed_BM_l0.7_r0_mcar0.3_n100_M20_s68",100,0.7,0,68,FALSE,1,3333333.33333333,0.961686944783977,569.554189334426,0.471520554730064,""
"bace","rubin_types_mixed_BM_l0.7_r0_mcar0.3_n100_M20_s69",100,0.7,0,69,FALSE,1,1,1.15178481230988,126.211790758304,0.495294700346706,""
"bace","rubin_types_mixed_BM_l0.7_r0_mcar0.3_n100_M20_s7",100,0.7,0,7,FALSE,1,0.306569343065694,1.01711307195002,399.168658167875,0.466072313026251,""
"bace","rubin_types_mixed_BM_l0.7_r0_mcar0.3_n100_M20_s70",100,0.7,0,70,FALSE,1,8.90959078631977,1.97069762423676,255.540850057291,0.477959385834572,""
"bace","rubin_types_mixed_BM_l0.7_r0_mcar0.3_n100_M20_s71",100,0.7,0,71,FALSE,1,0.5,1.37234565260494,324.476608040886,0.466072313026251,""
"bace","rubin_types_mixed_BM_l0.7_r0_mcar0.3_n100_M20_s72",100,0.7,0,72,FALSE,1,0.333333333333333,1.32161501318581,173.106996444332,0.488855869242199,""
"bace","rubin_types_mixed_BM_l0.7_r0_mcar0.3_n100_M20_s73",100,0.7,0,73,TRUE,1,0.8,1.89634049964254,432.421378240218,0.468548786527984,""
"bace","rubin_types_mixed_BM_l0.7_r0_mcar0.3_n100_M20_s74",100,0.7,0,74,FALSE,1,0.712437988026302,1.86019241625508,593.957563412198,0.470034670629024,""
"bace","rubin_types_mixed_BM_l0.7_r0_mcar0.3_n100_M20_s75",100,0.7,0,75,FALSE,1,1.21600332894528,1.11259694717019,129.278848594326,0.493808816245666,""
"bace","rubin_types_mixed_BM_l0.7_r0_mcar0.3_n100_M20_s76",100,0.7,0,76,FALSE,1,0.6,1.47719912429174,343.505306995104,0.479445269935612,""
"bace","rubin_types_mixed_BM_l0.7_r0_mcar0.3_n100_M20_s77",100,0.7,0,77,FALSE,1,2,0.938271379855334,39.4290157592463,0.533927686973749,""
"bace","rubin_types_mixed_BM_l0.7_r0_mcar0.3_n100_M20_s78",100,0.7,0,78,FALSE,1,0.125,1.5501994509899,810.776506387068,0.471025260029718,""
"bace","rubin_types_mixed_BM_l0.7_r0_mcar0.3_n100_M20_s79",100,0.7,0,79,FALSE,1,0.251022690416014,1.29088678137297,345.009632879318,0.472015849430411,""
"bace","rubin_types_mixed_BM_l0.7_r0_mcar0.3_n100_M20_s8",100,0.7,0,8,FALSE,1,0.394822699183398,1.43980944315868,879.756829105186,0.422981674096087,""
"bace","rubin_types_mixed_BM_l0.7_r0_mcar0.3_n100_M20_s80",100,0.7,0,80,FALSE,1,5,1.61543308351982,262.341949336385,0.480435859336305,""
"bace","rubin_types_mixed_BM_l0.7_r0_mcar0.3_n100_M20_s81",100,0.7,0,81,FALSE,1,1.02612006612288,1.19666397010882,241.989019849195,0.475978207033185,""
"bace","rubin_types_mixed_BM_l0.7_r0_mcar0.3_n100_M20_s82",100,0.7,0,82,FALSE,1,0.229237497590383,1.4471462918268,641.128404429905,0.475482912332838,""
"bace","rubin_types_mixed_BM_l0.7_r0_mcar0.3_n100_M20_s83",100,0.7,0,83,FALSE,1,2.33333333333333,1.85582837801509,914.277139911254,0.475482912332838,""
"bace","rubin_types_mixed_BM_l0.7_r0_mcar0.3_n100_M20_s84",100,0.7,0,84,FALSE,1,0.343885741292592,1.69512773590538,404.112990775054,0.476473501733531,""
"bace","rubin_types_mixed_BM_l0.7_r0_mcar0.3_n100_M20_s85",100,0.7,0,85,TRUE,1,0.180548893818672,1.83666420244914,1129.50035117745,0.411094601287766,""
"bace","rubin_types_mixed_BM_l0.7_r0_mcar0.3_n100_M20_s86",100,0.7,0,86,FALSE,1,1,1.38362389540018,233.775427982763,0.487865279841506,""
"bace","rubin_types_mixed_BM_l0.7_r0_mcar0.3_n100_M20_s87",100,0.7,0,87,FALSE,1,0.625,1.26433316988347,303.114097118125,0.481426448736999,""
"bace","rubin_types_mixed_BM_l0.7_r0_mcar0.3_n100_M20_s88",100,0.7,0,88,FALSE,1,1.9415731681873,1.19856340522714,879.042423752417,0.391282813273898,""
"bace","rubin_types_mixed_BM_l0.7_r0_mcar0.3_n100_M20_s89",100,0.7,0,89,FALSE,1,0.230769230769231,1.34857428518194,174.339039881573,0.49331352154532,""
"bace","rubin_types_mixed_BM_l0.7_r0_mcar0.3_n100_M20_s9",100,0.7,0,9,FALSE,1,0.5,0.770420415601102,717.28964814498,0.461038961038961,"ord: dropped 1 empty level(s)"
"bace","rubin_types_mixed_BM_l0.7_r0_mcar0.3_n100_M20_s90",100,0.7,0,90,FALSE,1,0.25,1.44279335670841,1446.34965655913,0.349269588313413,"cat3: dropped 1 empty level(s)"
"bace","rubin_types_mixed_BM_l0.7_r0_mcar0.3_n100_M20_s91",100,0.7,0,91,FALSE,1,0.428571428571428,1.64715880602047,866.320664240698,0.468053491827637,""
"bace","rubin_types_mixed_BM_l0.7_r0_mcar0.3_n100_M20_s92",100,0.7,0,92,FALSE,1,1.66267133907967,1.12346485982441,231.587181172681,0.475482912332838,""
"bace","rubin_types_mixed_BM_l0.7_r0_mcar0.3_n100_M20_s93",100,0.7,0,93,FALSE,1,0.363636363636364,0.889917070295469,319.290871601417,0.480931154036652,""
"bace","rubin_types_mixed_BM_l0.7_r0_mcar0.3_n100_M20_s94",100,0.7,0,94,FALSE,1,0.8,1.7010300908685,150.360625661837,0.490837048043586,""
"bace","rubin_types_mixed_BM_l0.7_r0_mcar0.3_n100_M20_s95",100,0.7,0,95,FALSE,1,5.30644011212486,1.50574427763039,902.453164207179,0.459138187221397,""
"bace","rubin_types_mixed_BM_l0.7_r0_mcar0.3_n100_M20_s96",100,0.7,0,96,FALSE,1,0.333333333333333,1.4427472098255,562.457417259536,0.473484848484849,"ord: dropped 1 empty level(s)"
"bace","rubin_types_mixed_BM_l0.7_r0_mcar0.3_n100_M20_s97",100,0.7,0,97,FALSE,1,0.861116417319743,1.62222200499451,175.013319757546,0.490837048043586,""
"bace","rubin_types_mixed_BM_l0.7_r0_mcar0.3_n100_M20_s98",100,0.7,0,98,FALSE,1,1.15477867287103,1.8490736500169,467.805139381329,0.462109955423477,""
"bace","rubin_types_mixed_BM_l0.7_r0_mcar0.3_n100_M20_s99",100,0.7,0,99,FALSE,1,0.405877459316971,1.289735478041,985.383027830447,0.382862803368004,""
"bace","rubin_types_mixed_BM_l0.7_r0_mcar0.3_n1000_M20_s1",1000,0.7,0,1,TRUE,1,0.0747413195867388,56.4442259205564,1600,0.00544824170381377,""
"bace","rubin_types_mixed_BM_l0.7_r0_mcar0.3_n1000_M20_s41",1000,0.7,0,41,TRUE,1,0.054054054054054,64.5434956071902,1600,0.00297176820208024,""
"bace","rubin_types_mixed_BM_l0.7_r0_mcar0.3_n1000_M20_s42",1000,0.7,0,42,TRUE,1,0.0495867768595042,1.02119612719353,1467.24416265306,0.0856859831599802,""
"bace","rubin_types_mixed_BM_l0.7_r0_mcar0.3_n1000_M20_s43",1000,0.7,0,43,FALSE,1,0.31578947368421,76.0542075632151,1600,0.000495294700346706,""
"bace","rubin_types_mixed_BM_l0.7_r0_mcar0.3_n1000_M20_s44",1000,0.7,0,44,FALSE,1,0.166666666666667,84.9965297600372,1600,0.000495294700346706,""
"bace","rubin_types_mixed_BM_l0.7_r0_mcar0.3_n1000_M20_s45",1000,0.7,0,45,FALSE,1,0.2,3.65245098770041,1600,0.102526002971768,""
"bace","rubin_types_mixed_BM_l0.7_r0_mcar0.3_n1000_M20_s46",1000,0.7,0,46,FALSE,1,0.0131404405940302,0.858776637200216,1091.53820958976,0.354631005448242,""
"bace","rubin_types_mixed_BM_l0.7_r0_mcar0.3_n1000_M20_s47",1000,0.7,0,47,TRUE,1,0.142857142857143,13.776381434427,1600,0.00941059930658742,""
"bace","rubin_types_mixed_BM_l0.7_r0_mcar0.3_n1000_M20_s48",1000,0.7,0,48,TRUE,1,0.100488748293044,54.8642504786883,1600,0.00198117880138683,""
"bace","rubin_types_mixed_BM_l0.7_r0_mcar0.3_n1000_M20_s49",1000,0.7,0,49,TRUE,1,0.26565812013906,1.12776350509249,1311.97518778812,0.0931154036651808,""
"bace","rubin_types_mixed_BM_l0.7_r0_mcar0.3_n1000_M20_s50",1000,0.7,0,50,FALSE,1,1.25,6.1306655963861,1526.98329275395,0.070827142149579,""
"bace","rubin_types_mixed_BM_l0.7_r0_mcar0.3_n1000_M20_s51",1000,0.7,0,51,FALSE,1,0.0765211972974459,46.2750352194937,1600,0.00495294700346706,""
"bace","rubin_types_mixed_BM_l0.7_r0_mcar0.3_n1000_M20_s52",1000,0.7,0,52,TRUE,1,0.5,3.92768486386213,1600,0.045567112431897,""
"bace","rubin_types_mixed_BM_l0.7_r0_mcar0.3_n1000_M20_s53",1000,0.7,0,53,FALSE,1,0.239916763095938,2.06137363101728,1409.44881608393,0.115403665180783,""
"bace","rubin_types_mixed_BM_l0.7_r0_mcar0.3_n1000_M20_s54",1000,0.7,0,54,FALSE,1,1,1.10664323583332,1600,0.037147102526003,""
"bace","rubin_types_mixed_BM_l0.7_r0_mcar0.3_n1000_M20_s55",1000,0.7,0,55,TRUE,1,0.0929869976838428,13.5214105395174,1600,0.00396235760277365,""
"bace","rubin_types_mixed_BM_l0.7_r0_mcar0.3_n1000_M20_s56",1000,0.7,0,56,FALSE,1,0.034416826003824,1.53674921069257,1480.17941843014,0.0861812778603269,""
"bace","rubin_types_mixed_BM_l0.7_r0_mcar0.3_n1000_M20_s57",1000,0.7,0,57,FALSE,1,0.131354393532931,47.2178385205635,1600,0.00396235760277365,""
"bace","rubin_types_mixed_BM_l0.7_r0_mcar0.3_n1000_M20_s58",1000,0.7,0,58,FALSE,1,0.231847614184237,68.7259423096813,1600,0.00247647350173353,""
"bace","rubin_types_mixed_BM_l0.7_r0_mcar0.3_n1000_M20_s59",1000,0.7,0,59,FALSE,1,333333.333333333,1.11913228335029,1479.91541823124,0.0485388806339772,""
"bace","rubin_types_mixed_BM_l0.7_r0_mcar0.3_n1000_M20_s60",1000,0.7,0,60,TRUE,1,0.0131004366812227,1.46977530345101,1600,0.0584415584415584,"ord: dropped 1 empty level(s)"
"bace","rubin_types_mixed_BM_l0.7_r0_mcar0.3_n300_M20_s1",300,0.7,0,1,FALSE,1,2222222.22222222,1.57458889659258,1600,0.1654284299158,""
"bace","rubin_types_mixed_BM_l0.7_r0_mcar0.3_n300_M20_s10",300,0.7,0,10,FALSE,1,0.348404221938095,2.17125648854179,1446.4757255138,0.101535413571075,""
"bace","rubin_types_mixed_BM_l0.7_r0_mcar0.3_n300_M20_s11",300,0.7,0,11,FALSE,1,0.214285714285714,2.23607962160273,1215.04010755784,0.183259039128281,""
"bace","rubin_types_mixed_BM_l0.7_r0_mcar0.3_n300_M20_s12",300,0.7,0,12,FALSE,1,1.75,1.77207530600541,1447.97381807509,0.154036651807826,""
"bace","rubin_types_mixed_BM_l0.7_r0_mcar0.3_n300_M20_s13",300,0.7,0,13,TRUE,1,0.5,0.958370230994914,1458.18371086559,0.159484893511639,""
"bace","rubin_types_mixed_BM_l0.7_r0_mcar0.3_n300_M20_s14",300,0.7,0,14,TRUE,1,0.444444444444445,0.863437538194823,1526.75358839276,0.230312035661218,""
"bace","rubin_types_mixed_BM_l0.7_r0_mcar0.3_n300_M20_s15",300,0.7,0,15,FALSE,1,0.2,2.30696488310773,1386.69377623985,0.131253095591877,""
"bace","rubin_types_mixed_BM_l0.7_r0_mcar0.3_n300_M20_s16",300,0.7,0,16,FALSE,1,0.20792595731853,2.26530782516942,1412.86361580835,0.224863793957405,""
"bace","rubin_types_mixed_BM_l0.7_r0_mcar0.3_n300_M20_s17",300,0.7,0,17,FALSE,1,0.095280097375124,0.871083387783443,1394.2424752001,0.21198613174839,""
"bace","rubin_types_mixed_BM_l0.7_r0_mcar0.3_n300_M20_s18",300,0.7,0,18,FALSE,1,0.113642446736086,1.19814320100946,1283.8685798865,0.155027241208519,""
"bace","rubin_types_mixed_BM_l0.7_r0_mcar0.3_n300_M20_s19",300,0.7,0,19,TRUE,1,0.0810810810810811,1.56321046082799,1369.57897132577,0.246753246753247,"ord: dropped 1 empty level(s)"
"bace","rubin_types_mixed_BM_l0.7_r0_mcar0.3_n300_M20_s2",300,0.7,0,2,FALSE,1,2.20444111628908,1.26672538052196,1600,0.103021297672115,""
"bace","rubin_types_mixed_BM_l0.7_r0_mcar0.3_n300_M20_s20",300,0.7,0,20,FALSE,1,0.666666666666667,2.00007811616415,1397.8606503104,0.137196631996038,""
"bace","rubin_types_mixed_BM_l0.7_r0_mcar0.3_n300_M20_s21",300,0.7,0,21,TRUE,1,0.75,0.934778306377143,1487.91278053494,0.0787518573551263,""
"bace","rubin_types_mixed_BM_l0.7_r0_mcar0.3_n300_M20_s22",300,0.7,0,22,FALSE,1,0.277777777777778,2.06397654286255,1284.82045726903,0.288261515601783,""
"bace","rubin_types_mixed_BM_l0.7_r0_mcar0.3_n300_M20_s23",300,0.7,0,23,TRUE,1,0.111667124643286,0.87720201728541,1285.9231161069,0.180287270926201,""
"bace","rubin_types_mixed_BM_l0.7_r0_mcar0.3_n300_M20_s24",300,0.7,0,24,FALSE,1,1.66666666666667,0.935176682075546,1096.3671104147,0.276374442793462,""
"bace","rubin_types_mixed_BM_l0.7_r0_mcar0.3_n300_M20_s25",300,0.7,0,25,FALSE,1,0.536493195017649,1.00977349751311,1484.98488866437,0.242363877822045,"cat3: dropped 1 empty level(s)"
"bace","rubin_types_mixed_BM_l0.7_r0_mcar0.3_n300_M20_s26",300,0.7,0,26,FALSE,1,2.29984247388613,2.04029485324426,1466.18272464667,0.0584447746409113,""
"bace","rubin_types_mixed_BM_l0.7_r0_mcar0.3_n300_M20_s27",300,0.7,0,27,TRUE,1,0.0624999999999999,2.99907433046554,1372.70419120894,0.188707280832095,""
"bace","rubin_types_mixed_BM_l0.7_r0_mcar0.3_n300_M20_s28",300,0.7,0,28,FALSE,1,0.5,1.38995978083403,1313.09224722918,0.274888558692422,""
"bace","rubin_types_mixed_BM_l0.7_r0_mcar0.3_n300_M20_s29",300,0.7,0,29,FALSE,1,0.166666666666667,1.41543446353237,1600,0.140770252324037,"cat3: dropped 1 empty level(s)"
"bace","rubin_types_mixed_BM_l0.7_r0_mcar0.3_n300_M20_s3",300,0.7,0,3,FALSE,1,0.625980511218664,0.941031304276151,540.833697236411,0.405151064883606,""
"bace","rubin_types_mixed_BM_l0.7_r0_mcar0.3_n300_M20_s30",300,0.7,0,30,TRUE,1,0.217391304347826,1.06881863933973,1401.9878657853,0.0886577513620604,""
"bace","rubin_types_mixed_BM_l0.7_r0_mcar0.3_n300_M20_s31",300,0.7,0,31,FALSE,1,0.153694581280788,1.00297400465603,948.483649884708,0.20901436354631,""
"bace","rubin_types_mixed_BM_l0.7_r0_mcar0.3_n300_M20_s32",300,0.7,0,32,FALSE,1,0.0799999999999999,1.86419168403018,1392.28690329462,0.181773155027241,""
"bace","rubin_types_mixed_BM_l0.7_r0_mcar0.3_n300_M20_s33",300,0.7,0,33,TRUE,1,1,1.79699524959952,1473.34484561466,0.189697870232789,""
"bace","rubin_types_mixed_BM_l0.7_r0_mcar0.3_n300_M20_s34",300,0.7,0,34,TRUE,1,1,2.00238686579367,1261.80828059206,0.105497771173848,""
"bace","rubin_types_mixed_BM_l0.7_r0_mcar0.3_n300_M20_s35",300,0.7,0,35,FALSE,1,0.0899053627760253,1.03404198198103,1199.17653122571,0.20455671124319,""
"bace","rubin_types_mixed_BM_l0.7_r0_mcar0.3_n300_M20_s36",300,0.7,0,36,TRUE,1,0.333333333333333,1.1630240155559,1463.57000369091,0.191899070385126,"cat3: dropped 1 empty level(s)"
"bace","rubin_types_mixed_BM_l0.7_r0_mcar0.3_n300_M20_s37",300,0.7,0,37,TRUE,1,5.34994522652726,1.60167676331844,1479.11237748448,0.197127290737989,""
"bace","rubin_types_mixed_BM_l0.7_r0_mcar0.3_n300_M20_s38",300,0.7,0,38,TRUE,1,0.074074074074074,3.6566375505737,1454.0654689903,0.114908370480436,""
"bace","rubin_types_mixed_BM_l0.7_r0_mcar0.3_n300_M20_s39",300,0.7,0,39,FALSE,1,0.064516129032258,1.47455564135126,1548.95929268409,0.190688459633482,""
"bace","rubin_types_mixed_BM_l0.7_r0_mcar0.3_n300_M20_s4",300,0.7,0,4,TRUE,1,0.5,2.84295019210039,1600,0.105993065874195,""
"bace","rubin_types_mixed_BM_l0.7_r0_mcar0.3_n300_M20_s40",300,0.7,0,40,TRUE,1,0.6,2.25655241669838,1453.19674070789,0.202575532441803,""
"bace","rubin_types_mixed_BM_l0.7_r0_mcar0.3_n300_M20_s41",300,0.7,0,41,FALSE,1,1111111.11111111,1.29692918216599,1043.01535620182,0.222882615156018,""
"bace","rubin_types_mixed_BM_l0.7_r0_mcar0.3_n300_M20_s42",300,0.7,0,42,TRUE,1,1.01107376953877,1.76475902503631,1212.51302621099,0.235264982664685,""
"bace","rubin_types_mixed_BM_l0.7_r0_mcar0.3_n300_M20_s43",300,0.7,0,43,FALSE,1,0.16,1.69550298208599,1477.42891647353,0.16097077761268,""
"bace","rubin_types_mixed_BM_l0.7_r0_mcar0.3_n300_M20_s44",300,0.7,0,44,FALSE,1,1,2.2076310782654,1451.34781986782,0.102030708271421,""
"bace","rubin_types_mixed_BM_l0.7_r0_mcar0.3_n300_M20_s45",300,0.7,0,45,TRUE,1,0.375,1.70390942199444,1339.22301640514,0.215948489351164,""
"bace","rubin_types_mixed_BM_l0.7_r0_mcar0.3_n300_M20_s46",300,0.7,0,46,FALSE,1,0.100590645673234,1.28622464470213,1344.83868281096,0.119861317483903,""
"bace","rubin_types_mixed_BM_l0.7_r0_mcar0.3_n300_M20_s47",300,0.7,0,47,FALSE,1,0.6,1.32703024652738,1386.16101070416,0.171867261020307,""
"bace","rubin_types_mixed_BM_l0.7_r0_mcar0.3_n300_M20_s48",300,0.7,0,48,FALSE,1,0.188361244882857,1.07172949179461,1497.06732518384,0.159484893511639,""
"bace","rubin_types_mixed_BM_l0.7_r0_mcar0.3_n300_M20_s49",300,0.7,0,49,FALSE,1,0.145966668216957,0.910130079175817,1130.56438202105,0.316493313521545,""
"bace","rubin_types_mixed_BM_l0.7_r0_mcar0.3_n300_M20_s5",300,0.7,0,5,FALSE,1,0.222222222222222,1.49830729603427,1528.00415164842,0.0326894502228826,""
"bace","rubin_types_mixed_BM_l0.7_r0_mcar0.3_n300_M20_s50",300,0.7,0,50,FALSE,1,0.15,1.21211388482273,1444.45903011464,0.182268449727588,""
"bace","rubin_types_mixed_BM_l0.7_r0_mcar0.3_n300_M20_s51",300,0.7,0,51,FALSE,1,1,1.44311755994947,1181.92708958124,0.406141654284299,""
"bace","rubin_types_mixed_BM_l0.7_r0_mcar0.3_n300_M20_s6",300,0.7,0,6,TRUE,1,0.07713003597641,1.20576863343932,1462.05637672441,0.232293214462605,""
"bace","rubin_types_mixed_BM_l0.7_r0_mcar0.3_n300_M20_s7",300,0.7,0,7,FALSE,1,0.277777777777778,1.80710159529204,1312.21362864551,0.261515601783061,""
"bace","rubin_types_mixed_BM_l0.7_r0_mcar0.3_n300_M20_s8",300,0.7,0,8,TRUE,1,0.30176259685135,1.89563912421966,1284.45216247688,0.232293214462605,""
"bace","rubin_types_mixed_BM_l0.7_r0_mcar0.3_n300_M20_s9",300,0.7,0,9,TRUE,1,0.0294117647058824,2.66576028122964,1297.24339140386,0.37444279346211,""
"bace","rubin_types_mixed_BM_l0.7_r0.5_mcar0.3_n100_M20_s1",100,0.7,0.5,1,FALSE,1,1,1.43690407897738,131.365631159596,0.492818226844973,""
"bace","rubin_types_mixed_BM_l0.7_r0.5_mcar0.3_n100_M20_s10",100,0.7,0.5,10,FALSE,1,0.222222222222222,1.77748674605132,181.484367813876,0.482417038137692,""
"bace","rubin_types_mixed_BM_l0.7_r0.5_mcar0.3_n100_M20_s100",100,0.7,0.5,100,FALSE,1,1.11860244216354,1.78678566648572,556.642877086483,0.46458642892521,""
"bace","rubin_types_mixed_BM_l0.7_r0.5_mcar0.3_n100_M20_s11",100,0.7,0.5,11,FALSE,1,0.333333333333333,1.38427925180159,508.702295410665,0.45269935611689,""
"bace","rubin_types_mixed_BM_l0.7_r0.5_mcar0.3_n100_M20_s12",100,0.7,0.5,12,FALSE,1,0.339237272761797,1.50251573782182,731.588721609255,0.459138187221397,""
"bace","rubin_types_mixed_BM_l0.7_r0.5_mcar0.3_n100_M20_s13",100,0.7,0.5,13,FALSE,1,3333333.33333333,1.06113465345959,43.3022373021147,0.515106488360574,""
"bace","rubin_types_mixed_BM_l0.7_r0.5_mcar0.3_n100_M20_s14",100,0.7,0.5,14,FALSE,1,0.25,1.75511281689692,411.045695531223,0.463595839524517,""
"bace","rubin_types_mixed_BM_l0.7_r0.5_mcar0.3_n100_M20_s15",100,0.7,0.5,15,FALSE,1,1,1.77065294255994,487.307997010239,0.461119366022784,""
"bace","rubin_types_mixed_BM_l0.7_r0.5_mcar0.3_n100_M20_s16",100,0.7,0.5,16,FALSE,1,0.155376490999222,1.17269104670124,1113.96458252586,0.432392273402675,""
"bace","rubin_types_mixed_BM_l0.7_r0.5_mcar0.3_n100_M20_s17",100,0.7,0.5,17,FALSE,1,1,1.30159841626503,1067.37131263043,0.41654284299158,""
"bace","rubin_types_mixed_BM_l0.7_r0.5_mcar0.3_n100_M20_s18",100,0.7,0.5,18,FALSE,1,0.387800750988355,1.32656471345674,334.26218315831,0.475482912332838,""
"bace","rubin_types_mixed_BM_l0.7_r0.5_mcar0.3_n100_M20_s19",100,0.7,0.5,19,FALSE,1,0.181818181818182,0.98587260731184,600.541749880821,0.479445269935612,""
"bace","rubin_types_mixed_BM_l0.7_r0.5_mcar0.3_n100_M20_s2",100,0.7,0.5,2,FALSE,1,0.46873480448131,1.3637217274494,245.274744750807,0.481426448736999,""
"bace","rubin_types_mixed_BM_l0.7_r0.5_mcar0.3_n100_M20_s20",100,0.7,0.5,20,FALSE,1,0.3,1.49834273022513,101.060000508185,0.49925705794948,""
"bace","rubin_types_mixed_BM_l0.7_r0.5_mcar0.3_n100_M20_s21",100,0.7,0.5,21,FALSE,1,4.51403270322518,1.47139273550602,952.635997183208,0.407132243684993,""
"bace","rubin_types_mixed_BM_l0.7_r0.5_mcar0.3_n100_M20_s22",100,0.7,0.5,22,FALSE,1,0.222222222222222,1.53921503126944,497.453558302736,0.46458642892521,""
"bace","rubin_types_mixed_BM_l0.7_r0.5_mcar0.3_n100_M20_s23",100,0.7,0.5,23,FALSE,1,0.333333333333333,1.60734429561461,987.019252751388,0.456166419019316,""
"bace","rubin_types_mixed_BM_l0.7_r0.5_mcar0.3_n100_M20_s24",100,0.7,0.5,24,FALSE,1,0.208755554073477,1.80884003092709,287.001632446448,0.473006438831104,""
"bace","rubin_types_mixed_BM_l0.7_r0.5_mcar0.3_n100_M20_s25",100,0.7,0.5,25,FALSE,1,0.257319356017774,1.94296537912857,821.775418588922,0.427439326399208,""
"bace","rubin_types_mixed_BM_l0.7_r0.5_mcar0.3_n100_M20_s26",100,0.7,0.5,26,FALSE,1,0.3,1.28934955948727,515.476603961948,0.473997028231798,""
"bace","rubin_types_mixed_BM_l0.7_r0.5_mcar0.3_n100_M20_s27",100,0.7,0.5,27,FALSE,1,1.03681184559849,1.1136220361887,201.348218439744,0.484893511639425,""
"bace","rubin_types_mixed_BM_l0.7_r0.5_mcar0.3_n100_M20_s28",100,0.7,0.5,28,FALSE,1,0.444444444444444,1.77665421370939,386.554999881093,0.475482912332838,""
"bace","rubin_types_mixed_BM_l0.7_r0.5_mcar0.3_n100_M20_s29",100,0.7,0.5,29,FALSE,1,0.222222222222222,0.770967436484585,280.25106071484,0.475978207033185,""
"bace","rubin_types_mixed_BM_l0.7_r0.5_mcar0.3_n100_M20_s3",100,0.7,0.5,3,FALSE,1,0.307692307692308,1.52397655852449,837.023837841784,0.448241703813769,""
"bace","rubin_types_mixed_BM_l0.7_r0.5_mcar0.3_n100_M20_s30",100,0.7,0.5,30,FALSE,1,1,1.3961740523833,336.772859617216,0.468053491827637,""
"bace","rubin_types_mixed_BM_l0.7_r0.5_mcar0.3_n100_M20_s31",100,0.7,0.5,31,FALSE,1,0.5,1.33069172471627,974.832314073569,0.459138187221397,""
"bace","rubin_types_mixed_BM_l0.7_r0.5_mcar0.3_n100_M20_s32",100,0.7,0.5,32,FALSE,1,0.176470588235294,1.94794993771696,562.71030975004,0.448736998514116,""
"bace","rubin_types_mixed_BM_l0.7_r0.5_mcar0.3_n100_M20_s33",100,0.7,0.5,33,FALSE,1,0.0813953488372093,1.02076627505301,703.325903011893,0.435364041604755,""
"bace","rubin_types_mixed_BM_l0.7_r0.5_mcar0.3_n100_M20_s34",100,0.7,0.5,34,FALSE,1,0.125,1.86115189567689,636.480764867116,0.467062902426944,""
"bace","rubin_types_mixed_BM_l0.7_r0.5_mcar0.3_n100_M20_s35",100,0.7,0.5,35,FALSE,1,0.333333333333333,0.923640585914341,1167.64212957555,0.411589895988113,""
"bace","rubin_types_mixed_BM_l0.7_r0.5_mcar0.3_n100_M20_s36",100,0.7,0.5,36,FALSE,1,6666666.66666667,1.31221793799752,480.443762436883,0.434868746904408,""
"bace","rubin_types_mixed_BM_l0.7_r0.5_mcar0.3_n100_M20_s37",100,0.7,0.5,37,FALSE,1,0.948656887429806,1.40242968799068,693.637465278441,0.458147597820703,""
"bace","rubin_types_mixed_BM_l0.7_r0.5_mcar0.3_n100_M20_s38",100,0.7,0.5,38,FALSE,1,0.96551724137931,0.817835974760865,16.2841137723868,0.579004329004329,"ord: dropped 1 empty level(s)"
"bace","rubin_types_mixed_BM_l0.7_r0.5_mcar0.3_n100_M20_s39",100,0.7,0.5,39,FALSE,1,1,1.53006438104511,555.482748427689,0.431896978702328,""
"bace","rubin_types_mixed_BM_l0.7_r0.5_mcar0.3_n100_M20_s4",100,0.7,0.5,4,TRUE,1,0.954488839474107,1.48608202154535,989.919876387536,0.45269935611689,""
"bace","rubin_types_mixed_BM_l0.7_r0.5_mcar0.3_n100_M20_s40",100,0.7,0.5,40,FALSE,1,0.163181848448543,1.80708814232457,270.8184188851,0.466072313026251,""
"bace","rubin_types_mixed_BM_l0.7_r0.5_mcar0.3_n100_M20_s41",100,0.7,0.5,41,FALSE,1,3333333.33333333,0.643463146198098,1104.75892461108,0.445765230312036,""
"bace","rubin_types_mixed_BM_l0.7_r0.5_mcar0.3_n100_M20_s42",100,0.7,0.5,42,FALSE,1,3.84026214604292,1.19670178866126,23.5533852927128,0.602773650321942,""
"bace","rubin_types_mixed_BM_l0.7_r0.5_mcar0.3_n100_M20_s43",100,0.7,0.5,43,FALSE,1,1,1.68047329468087,543.22528563443,0.467558197127291,""
"bace","rubin_types_mixed_BM_l0.7_r0.5_mcar0.3_n100_M20_s44",100,0.7,0.5,44,FALSE,1,0.285139912458038,1.6674136975428,143.24018454296,0.492818226844973,""
"bace","rubin_types_mixed_BM_l0.7_r0.5_mcar0.3_n100_M20_s45",100,0.7,0.5,45,FALSE,1,0.27046179138645,1.19633450874294,119.146080868024,0.497275879148093,""
"bace","rubin_types_mixed_BM_l0.7_r0.5_mcar0.3_n100_M20_s46",100,0.7,0.5,46,FALSE,1,2.42521228888323,1.62390844298981,139.94980469456,0.4962852897474,""
"bace","rubin_types_mixed_BM_l0.7_r0.5_mcar0.3_n100_M20_s47",100,0.7,0.5,47,FALSE,1,0.456589175914203,1.75955157166671,396.379695371463,0.483407627538385,""
"bace","rubin_types_mixed_BM_l0.7_r0.5_mcar0.3_n100_M20_s48",100,0.7,0.5,48,FALSE,1,0.833333333333333,1.6041445818783,903.570504920427,0.459633481921743,""
"bace","rubin_types_mixed_BM_l0.7_r0.5_mcar0.3_n100_M20_s49",100,0.7,0.5,49,FALSE,1,0.603905924452133,1.7647424521106,256.511772208648,0.476968796433878,""
"bace","rubin_types_mixed_BM_l0.7_r0.5_mcar0.3_n100_M20_s5",100,0.7,0.5,5,TRUE,1,0.122298970001517,1.41939767492382,1581.55859130606,0.316733067729084,"cat3: dropped 1 empty level(s)"
"bace","rubin_types_mixed_BM_l0.7_r0.5_mcar0.3_n100_M20_s50",100,0.7,0.5,50,FALSE,1,1.68606574580823,1.25102342115898,288.437904869774,0.482417038137692,""
"bace","rubin_types_mixed_BM_l0.7_r0.5_mcar0.3_n100_M20_s56",100,0.7,0.5,56,TRUE,1,1.56895645966354,1.38380224479788,120.42832480186,0.49331352154532,""
"bace","rubin_types_mixed_BM_l0.7_r0.5_mcar0.3_n100_M20_s57",100,0.7,0.5,57,FALSE,1,0.166666666666667,1.41166735282847,524.250928193054,0.471025260029718,""
"bace","rubin_types_mixed_BM_l0.7_r0.5_mcar0.3_n100_M20_s58",100,0.7,0.5,58,FALSE,1,1,1.02310320539251,125.194995760023,0.49512987012987,"ord: dropped 1 empty level(s)"
"bace","rubin_types_mixed_BM_l0.7_r0.5_mcar0.3_n100_M20_s59",100,0.7,0.5,59,FALSE,1,0.190505306319115,1.35438885769443,735.0460167616,0.469539375928678,""
"bace","rubin_types_mixed_BM_l0.7_r0.5_mcar0.3_n100_M20_s6",100,0.7,0.5,6,FALSE,1,0.4,1.73613825088121,496.007328207179,0.467558197127291,""
"bace","rubin_types_mixed_BM_l0.7_r0.5_mcar0.3_n100_M20_s60",100,0.7,0.5,60,FALSE,1,0.25,1.62034273517045,112.422992920242,0.496780584447746,""
"bace","rubin_types_mixed_BM_l0.7_r0.5_mcar0.3_n100_M20_s61",100,0.7,0.5,61,FALSE,1,0.406568961305612,1.52653927135439,595.667496323458,0.467062902426944,""
"bace","rubin_types_mixed_BM_l0.7_r0.5_mcar0.3_n100_M20_s62",100,0.7,0.5,62,TRUE,1,0.5,1.73099659541723,437.784933956542,0.463595839524517,""
"bace","rubin_types_mixed_BM_l0.7_r0.5_mcar0.3_n100_M20_s63",100,0.7,0.5,63,FALSE,1,6666666.66666667,1.35112631578436,271.176568020986,0.479445269935612,""
"bace","rubin_types_mixed_BM_l0.7_r0.5_mcar0.3_n100_M20_s64",100,0.7,0.5,64,TRUE,1,1.16071792435484,1.53574809848834,525.961207638565,0.472015849430411,""
"bace","rubin_types_mixed_BM_l0.7_r0.5_mcar0.3_n100_M20_s65",100,0.7,0.5,65,FALSE,1,1.63274795344042,1.74987824371347,386.494150975685,0.468548786527984,""
"bace","rubin_types_mixed_BM_l0.7_r0.5_mcar0.3_n100_M20_s66",100,0.7,0.5,66,FALSE,1,0.166666666666667,1.77735000818911,292.538406735045,0.475482912332838,""
"bace","rubin_types_mixed_BM_l0.7_r0.5_mcar0.3_n100_M20_s67",100,0.7,0.5,67,FALSE,1,1,1.12132838391188,576.110215211784,0.462605250123824,""
"bace","rubin_types_mixed_BM_l0.7_r0.5_mcar0.3_n100_M20_s68",100,0.7,0.5,68,TRUE,1,0.159395167679205,1.70922129212615,709.480648781591,0.400693412580485,""
"bace","rubin_types_mixed_BM_l0.7_r0.5_mcar0.3_n100_M20_s69",100,0.7,0.5,69,FALSE,1,0.285714285714286,1.90898674404996,144.328052023585,0.488360574541852,""
"bace","rubin_types_mixed_BM_l0.7_r0.5_mcar0.3_n100_M20_s7",100,0.7,0.5,7,FALSE,1,0.666666666666667,1.14567006741113,40.9581199647871,0.53689945517583,""
"bace","rubin_types_mixed_BM_l0.7_r0.5_mcar0.3_n100_M20_s70",100,0.7,0.5,70,FALSE,1,0.333333333333333,1.75726209141867,1214.59176963649,0.418524021792967,""
"bace","rubin_types_mixed_BM_l0.7_r0.5_mcar0.3_n100_M20_s71",100,0.7,0.5,71,FALSE,1,0.666666666666667,1.28586113958084,185.950313877794,0.485388806339772,""
"bace","rubin_types_mixed_BM_l0.7_r0.5_mcar0.3_n100_M20_s72",100,0.7,0.5,72,FALSE,1,0.22308551185004,2.30128418336477,288.213141458033,0.473501733531451,""
"bace","rubin_types_mixed_BM_l0.7_r0.5_mcar0.3_n100_M20_s73",100,0.7,0.5,73,FALSE,1,0.166666666666667,1.37334944169706,407.847543806208,0.474987617632491,""
"bace","rubin_types_mixed_BM_l0.7_r0.5_mcar0.3_n100_M20_s74",100,0.7,0.5,74,FALSE,1,0.415339052455292,1.85697872046157,451.879932575661,0.466072313026251,""
"bace","rubin_types_mixed_BM_l0.7_r0.5_mcar0.3_n100_M20_s75",100,0.7,0.5,75,FALSE,1,1.8,1.77715549763232,829.88201380066,0.450757575757576,"ord: dropped 1 empty level(s)"
"bace","rubin_types_mixed_BM_l0.7_r0.5_mcar0.3_n100_M20_s76",100,0.7,0.5,76,FALSE,1,0.25,1.27520909180997,48.2139405714904,0.523031203566122,""
"bace","rubin_types_mixed_BM_l0.7_r0.5_mcar0.3_n100_M20_s77",100,0.7,0.5,77,FALSE,1,1,1.09485616530757,49.8305150216537,0.531946508172363,""
"bace","rubin_types_mixed_BM_l0.7_r0.5_mcar0.3_n100_M20_s78",100,0.7,0.5,78,FALSE,1,0.75,1.4514942662103,534.291937084848,0.463595839524517,""
"bace","rubin_types_mixed_BM_l0.7_r0.5_mcar0.3_n100_M20_s79",100,0.7,0.5,79,FALSE,1,0.842773897248038,1.60877727543371,812.04308415993,0.463595839524517,""
"bace","rubin_types_mixed_BM_l0.7_r0.5_mcar0.3_n100_M20_s8",100,0.7,0.5,8,TRUE,1,0.125,1.20443250247655,429.592692375636,0.466072313026251,""
"bace","rubin_types_mixed_BM_l0.7_r0.5_mcar0.3_n100_M20_s80",100,0.7,0.5,80,FALSE,1,1,0.967934798312524,55.038854365025,0.533927686973749,""
"bace","rubin_types_mixed_BM_l0.7_r0.5_mcar0.3_n100_M20_s81",100,0.7,0.5,81,FALSE,1,1,1.60011145767834,900.86789940828,0.396235760277365,""
"bace","rubin_types_mixed_BM_l0.7_r0.5_mcar0.3_n100_M20_s82",100,0.7,0.5,82,FALSE,1,0.172249216144623,1.96994809962064,1314.14626809907,0.371845949535193,"cat3: dropped 1 empty level(s)"
"bace","rubin_types_mixed_BM_l0.7_r0.5_mcar0.3_n100_M20_s83",100,0.7,0.5,83,FALSE,1,3.06534557007138,1.49937770461009,502.872074457742,0.451708766716196,""
"bace","rubin_types_mixed_BM_l0.7_r0.5_mcar0.3_n100_M20_s84",100,0.7,0.5,84,FALSE,1,6666666.66666667,1.1572549025988,593.621966377461,0.448241703813769,""
"bace","rubin_types_mixed_BM_l0.7_r0.5_mcar0.3_n100_M20_s85",100,0.7,0.5,85,FALSE,1,0.181818181818182,1.73521812801849,1212.96141839391,0.379395740465577,""
"bace","rubin_types_mixed_BM_l0.7_r0.5_mcar0.3_n100_M20_s86",100,0.7,0.5,86,FALSE,1,0.333333333333333,0.953316431766617,11.8904790194917,0.634472511144131,""
"bace","rubin_types_mixed_BM_l0.7_r0.5_mcar0.3_n100_M20_s87",100,0.7,0.5,87,FALSE,1,0.25,1.58464503585718,1152.71972088309,0.37727603787327,"ord: dropped 1 empty level(s);cat3: dropped 1 empty level(s)"
"bace","rubin_types_mixed_BM_l0.7_r0.5_mcar0.3_n100_M20_s88",100,0.7,0.5,88,FALSE,1,3333333.33333333,1.99232599841968,408.160811110492,0.454680534918276,""
"bace","rubin_types_mixed_BM_l0.7_r0.5_mcar0.3_n100_M20_s89",100,0.7,0.5,89,FALSE,1,0.176470588235294,1.37172980869469,574.098244294145,0.470034670629024,""
"bace","rubin_types_mixed_BM_l0.7_r0.5_mcar0.3_n100_M20_s9",100,0.7,0.5,9,TRUE,1,0.797393416373746,1.47551739467843,359.153594899771,0.477464091134225,""
"bace","rubin_types_mixed_BM_l0.7_r0.5_mcar0.3_n100_M20_s90",100,0.7,0.5,90,FALSE,1,0.333333333333333,1.63957228225718,299.552385288787,0.487865279841506,""
"bace","rubin_types_mixed_BM_l0.7_r0.5_mcar0.3_n100_M20_s91",100,0.7,0.5,91,FALSE,1,0.222222222222222,1.80473176120256,1595.38147362153,0.312035661218425,""
"bace","rubin_types_mixed_BM_l0.7_r0.5_mcar0.3_n100_M20_s92",100,0.7,0.5,92,FALSE,1,1,1.04373912980949,1082.84259863621,0.432392273402675,""
"bace","rubin_types_mixed_BM_l0.7_r0.5_mcar0.3_n100_M20_s93",100,0.7,0.5,93,FALSE,1,2.11665279944864,1.16628491663963,37.3491514797155,0.54432887568103,""
"bace","rubin_types_mixed_BM_l0.7_r0.5_mcar0.3_n100_M20_s94",100,0.7,0.5,94,FALSE,1,0.166666666666667,1.78397821090049,267.236869099008,0.468053491827637,""
"bace","rubin_types_mixed_BM_l0.7_r0.5_mcar0.3_n100_M20_s95",100,0.7,0.5,95,FALSE,1,15.0617665151887,2.03876881455134,407.542400136721,0.475482912332838,""
"bace","rubin_types_mixed_BM_l0.7_r0.5_mcar0.3_n100_M20_s96",100,0.7,0.5,96,FALSE,1,0.0666666666666667,1.13499852384985,749.931103936622,0.448736998514116,""
"bace","rubin_types_mixed_BM_l0.7_r0.5_mcar0.3_n100_M20_s97",100,0.7,0.5,97,FALSE,1,0.2,1.9011526140425,160.273319881705,0.487865279841506,""
"bace","rubin_types_mixed_BM_l0.7_r0.5_mcar0.3_n100_M20_s98",100,0.7,0.5,98,FALSE,1,0.25,1.54217052285169,821.344152088135,0.448241703813769,""
"bace","rubin_types_mixed_BM_l0.7_r0.5_mcar0.3_n100_M20_s99",100,0.7,0.5,99,FALSE,1,0.666666666666667,1.59604996623588,549.324352972409,0.463595839524517,""
"bace","rubin_types_mixed_BM_l0.7_r0.5_mcar0.3_n1000_M20_s1",1000,0.7,0.5,1,TRUE,1,0.0283018867924529,84.2592813934225,1600,0.00198117880138683,""
"bace","rubin_types_mixed_BM_l0.7_r0.5_mcar0.3_n1000_M20_s41",1000,0.7,0.5,41,FALSE,1,0.0454545454545454,59.0006909358508,1600,0.00346706290242694,""
"bace","rubin_types_mixed_BM_l0.7_r0.5_mcar0.3_n1000_M20_s42",1000,0.7,0.5,42,FALSE,1,0.00938967136150241,1.00266881238687,1437.44277364919,0.079247152055473,""
"bace","rubin_types_mixed_BM_l0.7_r0.5_mcar0.3_n1000_M20_s43",1000,0.7,0.5,43,TRUE,1,0.096774193548387,1.27139571196954,1600,0.0668647845468053,""
"bace","rubin_types_mixed_BM_l0.7_r0.5_mcar0.3_n1000_M20_s44",1000,0.7,0.5,44,TRUE,1,0.166666666666667,103.171924493011,1600,0,""
"bace","rubin_types_mixed_BM_l0.7_r0.5_mcar0.3_n1000_M20_s45",1000,0.7,0.5,45,TRUE,1,0.00892857142857149,4.6947978424161,1600,0.0425953442298167,""
"bace","rubin_types_mixed_BM_l0.7_r0.5_mcar0.3_n1000_M20_s46",1000,0.7,0.5,46,TRUE,1,0.01010101010101,1.15315734338397,1600,0.0534918276374443,""
"bace","rubin_types_mixed_BM_l0.7_r0.5_mcar0.3_n1000_M20_s47",1000,0.7,0.5,47,TRUE,1,0.0666666666666667,1.80649076422474,1600,0.0292223873204557,""
"bace","rubin_types_mixed_BM_l0.7_r0.5_mcar0.3_n1000_M20_s48",1000,0.7,0.5,48,TRUE,1,0.00787401574803155,11.1633140087118,1600,0.00297176820208024,""
"bace","rubin_types_mixed_BM_l0.7_r0.5_mcar0.3_n1000_M20_s49",1000,0.7,0.5,49,TRUE,1,1.58077184542632,28.6604881386703,1600,0.00346706290242694,""
"bace","rubin_types_mixed_BM_l0.7_r0.5_mcar0.3_n1000_M20_s50",1000,0.7,0.5,50,TRUE,1,0.0387051018441477,1.02303462549323,1600,0.0445765230312036,""
"bace","rubin_types_mixed_BM_l0.7_r0.5_mcar0.3_n1000_M20_s51",1000,0.7,0.5,51,TRUE,1,0.0557701383716882,80.2829530387775,1600,0.00148588410104012,""
"bace","rubin_types_mixed_BM_l0.7_r0.5_mcar0.3_n1000_M20_s52",1000,0.7,0.5,52,TRUE,1,0.0666666666666667,21.8287523689865,1600,0.00643883110450718,""
"bace","rubin_types_mixed_BM_l0.7_r0.5_mcar0.3_n1000_M20_s53",1000,0.7,0.5,53,TRUE,1,0.0351790581395209,38.5124959832452,1600,0.00346706290242694,""
"bace","rubin_types_mixed_BM_l0.7_r0.5_mcar0.3_n1000_M20_s54",1000,0.7,0.5,54,TRUE,1,0.118058098953664,1.48993320733013,1600,0.028727092620109,""
"bace","rubin_types_mixed_BM_l0.7_r0.5_mcar0.3_n1000_M20_s55",1000,0.7,0.5,55,TRUE,1,0.0205479452054794,74.8261212572649,1600,0.00297176820208024,""
"bace","rubin_types_mixed_BM_l0.7_r0.5_mcar0.3_n1000_M20_s56",1000,0.7,0.5,56,TRUE,1,0.0253807106598986,1.92085019442926,1600,0.0475482912332838,""
"bace","rubin_types_mixed_BM_l0.7_r0.5_mcar0.3_n1000_M20_s57",1000,0.7,0.5,57,FALSE,1,0.0714285714285714,80.2448157919391,1600,0.00148588410104012,""
"bace","rubin_types_mixed_BM_l0.7_r0.5_mcar0.3_n1000_M20_s58",1000,0.7,0.5,58,TRUE,1,0.0337078651685392,1.66229807179499,1600,0.0297176820208024,""
"bace","rubin_types_mixed_BM_l0.7_r0.5_mcar0.3_n1000_M20_s59",1000,0.7,0.5,59,TRUE,1,0.0293272098818021,2.41630840540954,1600,0.0401188707280832,""
"bace","rubin_types_mixed_BM_l0.7_r0.5_mcar0.3_n1000_M20_s60",1000,0.7,0.5,60,TRUE,1,0.03125,1.45277022188981,1600,0.0346320346320346,"ord: dropped 1 empty level(s)"
"bace","rubin_types_mixed_BM_l0.7_r0.5_mcar0.3_n300_M20_s1",300,0.7,0.5,1,FALSE,1,0.333333333333333,1.86033656409702,1364.80790864818,0.281327389796929,""
"bace","rubin_types_mixed_BM_l0.7_r0.5_mcar0.3_n300_M20_s10",300,0.7,0.5,10,FALSE,1,0.105788137809852,1.18634945809132,1600,0.0866765725606736,""
"bace","rubin_types_mixed_BM_l0.7_r0.5_mcar0.3_n300_M20_s11",300,0.7,0.5,11,TRUE,1,0.0444444444444445,1.43660735674793,1347.17371302695,0.196136701337296,""
"bace","rubin_types_mixed_BM_l0.7_r0.5_mcar0.3_n300_M20_s12",300,0.7,0.5,12,TRUE,1,0.0645884663572573,1.12154477818146,1483.20632430561,0.116889549281823,""
"bace","rubin_types_mixed_BM_l0.7_r0.5_mcar0.3_n300_M20_s13",300,0.7,0.5,13,FALSE,1,0.25,1.55693167203826,1446.23281617238,0.179791976225854,""
"bace","rubin_types_mixed_BM_l0.7_r0.5_mcar0.3_n300_M20_s14",300,0.7,0.5,14,FALSE,1,0.333333333333333,1.55384879343327,1438.23770413137,0.201089648340763,""
"bace","rubin_types_mixed_BM_l0.7_r0.5_mcar0.3_n300_M20_s15",300,0.7,0.5,15,TRUE,1,0.0263157894736842,1.33138050925833,1427.52921781034,0.219910846953938,""
"bace","rubin_types_mixed_BM_l0.7_r0.5_mcar0.3_n300_M20_s16",300,0.7,0.5,16,FALSE,1,0.399270170254629,1.39311273936816,1326.13468923335,0.231302625061912,""
"bace","rubin_types_mixed_BM_l0.7_r0.5_mcar0.3_n300_M20_s17",300,0.7,0.5,17,FALSE,1,0.0540540540540541,1.11130786480908,1488.14231101318,0.247647350173353,""
"bace","rubin_types_mixed_BM_l0.7_r0.5_mcar0.3_n300_M20_s18",300,0.7,0.5,18,TRUE,1,0.0714285714285714,1.32676865012688,1309.62892894728,0.208519068845963,""
"bace","rubin_types_mixed_BM_l0.7_r0.5_mcar0.3_n300_M20_s19",300,0.7,0.5,19,TRUE,1,0.134126224768351,1.14949420229307,1600,0.188707280832095,""
"bace","rubin_types_mixed_BM_l0.7_r0.5_mcar0.3_n300_M20_s2",300,0.7,0.5,2,FALSE,1,1111111.11111111,1.25315265961115,1600,0.168895492818227,""
"bace","rubin_types_mixed_BM_l0.7_r0.5_mcar0.3_n300_M20_s20",300,0.7,0.5,20,TRUE,1,0.0624999999999999,1.79306308398772,1482.31451008664,0.204061416542843,""
"bace","rubin_types_mixed_BM_l0.7_r0.5_mcar0.3_n300_M20_s21",300,0.7,0.5,21,TRUE,1,0.3,2.03690222686755,1600,0.0594353640416048,""
"bace","rubin_types_mixed_BM_l0.7_r0.5_mcar0.3_n300_M20_s22",300,0.7,0.5,22,FALSE,1,0.25,2.22571849403866,1391.98748477915,0.175829618623081,""
"bace","rubin_types_mixed_BM_l0.7_r0.5_mcar0.3_n300_M20_s23",300,0.7,0.5,23,TRUE,1,0.0324675324675325,1.26019958665517,1218.4302673526,0.283308568598316,""
"bace","rubin_types_mixed_BM_l0.7_r0.5_mcar0.3_n300_M20_s24",300,0.7,0.5,24,TRUE,1,0.384387313323798,0.73877164536183,1043.7233974128,0.322932144626053,""
"bace","rubin_types_mixed_BM_l0.7_r0.5_mcar0.3_n300_M20_s25",300,0.7,0.5,25,TRUE,1,0.0240240240240239,0.932224228666483,1151.05296355859,0.357107478949975,""
"bace","rubin_types_mixed_BM_l0.7_r0.5_mcar0.3_n300_M20_s26",300,0.7,0.5,26,TRUE,1,0.125,1.14323583971131,1514.10238742345,0.0594353640416048,""
"bace","rubin_types_mixed_BM_l0.7_r0.5_mcar0.3_n300_M20_s27",300,0.7,0.5,27,TRUE,1,0.107142857142857,1.22566943982225,1495.91884656612,0.155027241208519,""
"bace","rubin_types_mixed_BM_l0.7_r0.5_mcar0.3_n300_M20_s28",300,0.7,0.5,28,FALSE,1,0.166666666666667,1.46822901846091,1342.84567107041,0.191183754333829,""
"bace","rubin_types_mixed_BM_l0.7_r0.5_mcar0.3_n300_M20_s29",300,0.7,0.5,29,TRUE,1,1,0.885440818062892,1304.72739985255,0.354135710747895,""
"bace","rubin_types_mixed_BM_l0.7_r0.5_mcar0.3_n300_M20_s3",300,0.7,0.5,3,FALSE,1,0.0989091261919447,1.14996407033208,1265.94593522759,0.238732045567112,""
"bace","rubin_types_mixed_BM_l0.7_r0.5_mcar0.3_n300_M20_s30",300,0.7,0.5,30,TRUE,1,0.03125,1.12439223174189,1484.30304333002,0.0886577513620604,""
"bace","rubin_types_mixed_BM_l0.7_r0.5_mcar0.3_n300_M20_s31",300,0.7,0.5,31,TRUE,1,0.0624999999999999,1.52404538366061,1308.46674008469,0.243189697870233,""
"bace","rubin_types_mixed_BM_l0.7_r0.5_mcar0.3_n300_M20_s32",300,0.7,0.5,32,TRUE,1,0.222222222222222,3.58148795230187,1393.29391746463,0.283308568598316,""
"bace","rubin_types_mixed_BM_l0.7_r0.5_mcar0.3_n300_M20_s33",300,0.7,0.5,33,FALSE,1,0.0909090909090909,1.17239060643303,1400.64558510991,0.230312035661218,""
"bace","rubin_types_mixed_BM_l0.7_r0.5_mcar0.3_n300_M20_s34",300,0.7,0.5,34,TRUE,1,0.142857142857143,1.48281285012919,1301.65692172198,0.277365032194156,""
"bace","rubin_types_mixed_BM_l0.7_r0.5_mcar0.3_n300_M20_s35",300,0.7,0.5,35,TRUE,1,0.0833333333333333,2.32699285339781,1379.28663235576,0.190193164933135,""
"bace","rubin_types_mixed_BM_l0.7_r0.5_mcar0.3_n300_M20_s36",300,0.7,0.5,36,TRUE,1,1.19733335039501,0.863727184760498,1340.82374795907,0.210004952947003,""
"bace","rubin_types_mixed_BM_l0.7_r0.5_mcar0.3_n300_M20_s37",300,0.7,0.5,37,TRUE,1,0.0266666666666666,1.40719397973988,1293.24273025185,0.249133234274393,""
"bace","rubin_types_mixed_BM_l0.7_r0.5_mcar0.3_n300_M20_s38",300,0.7,0.5,38,FALSE,1,0.0625,1.57077006199886,1462.53465068075,0.166419019316493,""
"bace","rubin_types_mixed_BM_l0.7_r0.5_mcar0.3_n300_M20_s39",300,0.7,0.5,39,TRUE,1,0.0810810810810811,2.47990634191838,1600,0.114413075780089,""
"bace","rubin_types_mixed_BM_l0.7_r0.5_mcar0.3_n300_M20_s4",300,0.7,0.5,4,TRUE,1,0.113290264163283,2.46019384671429,1447.93972834755,0.353640416047548,""
"bace","rubin_types_mixed_BM_l0.7_r0.5_mcar0.3_n300_M20_s40",300,0.7,0.5,40,TRUE,1,1,2.06667511772096,1600,0.174839029222387,""
"bace","rubin_types_mixed_BM_l0.7_r0.5_mcar0.3_n300_M20_s41",300,0.7,0.5,41,TRUE,1,0.67709437867342,1.32772834494721,1365.22496992331,0.180782565626548,""
"bace","rubin_types_mixed_BM_l0.7_r0.5_mcar0.3_n300_M20_s42",300,0.7,0.5,42,FALSE,1,0.115384615384616,1.92699731119368,1600,0.117880138682516,""
"bace","rubin_types_mixed_BM_l0.7_r0.5_mcar0.3_n300_M20_s43",300,0.7,0.5,43,TRUE,1,0.125,1.62127012374502,1506.90473817362,0.192669638434869,""
"bace","rubin_types_mixed_BM_l0.7_r0.5_mcar0.3_n300_M20_s44",300,0.7,0.5,44,TRUE,1,0.0625,1.46288284368649,1455.52609233626,0.133234274393264,""
"bace","rubin_types_mixed_BM_l0.7_r0.5_mcar0.3_n300_M20_s45",300,0.7,0.5,45,TRUE,1,0.666666666666667,3.12654871526813,1463.28142351623,0.191183754333829,""
"bace","rubin_types_mixed_BM_l0.7_r0.5_mcar0.3_n300_M20_s46",300,0.7,0.5,46,TRUE,1,0.0606060606060607,2.27430309151253,1600,0.0787518573551263,""
"bace","rubin_types_mixed_BM_l0.7_r0.5_mcar0.3_n300_M20_s47",300,0.7,0.5,47,TRUE,1,0.0714285714285714,2.75819899746592,1452.69139281609,0.189202575532442,""
"bace","rubin_types_mixed_BM_l0.7_r0.5_mcar0.3_n300_M20_s48",300,0.7,0.5,48,TRUE,1,0.0967741935483871,1.48806135069116,1596.15735206194,0.149083704804359,""
"bace","rubin_types_mixed_BM_l0.7_r0.5_mcar0.3_n300_M20_s49",300,0.7,0.5,49,TRUE,1,0.130434782608696,0.912235246479803,1391.04745546014,0.182763744427935,""
"bace","rubin_types_mixed_BM_l0.7_r0.5_mcar0.3_n300_M20_s5",300,0.7,0.5,5,TRUE,1,0.249712433400863,1.29534980263059,1560.88658329575,0.0633977216443784,""
"bace","rubin_types_mixed_BM_l0.7_r0.5_mcar0.3_n300_M20_s50",300,0.7,0.5,50,FALSE,1,0.133333333333333,2.26708205215897,1430.91249441708,0.179791976225854,""
"bace","rubin_types_mixed_BM_l0.7_r0.5_mcar0.3_n300_M20_s51",300,0.7,0.5,51,TRUE,1,0.460439306207388,1.488607434022,1442.288484178,0.212976721149084,""
"bace","rubin_types_mixed_BM_l0.7_r0.5_mcar0.3_n300_M20_s6",300,0.7,0.5,6,TRUE,1,0.137931034482759,1.07879785003065,1600,0.208519068845963,""
"bace","rubin_types_mixed_BM_l0.7_r0.5_mcar0.3_n300_M20_s7",300,0.7,0.5,7,FALSE,1,0.142857142857143,2.36989195930446,1530.1314780081,0.273897969291729,""
"bace","rubin_types_mixed_BM_l0.7_r0.5_mcar0.3_n300_M20_s8",300,0.7,0.5,8,TRUE,1,0.6,1.02483307638289,1484.99117343996,0.110450718177315,""
"bace","rubin_types_mixed_BM_l0.7_r0.5_mcar0.3_n300_M20_s9",300,0.7,0.5,9,TRUE,1,0.131444335118982,1.31558595857445,1364.92839619863,0.277860326894502,""
"bace","rubin_types_mixed_BM_l1_r0_mcar0.3_n100_M20_s1",100,1,0,1,FALSE,1,0.857142857142857,1.30166467145626,44.6917656309972,0.549777117384844,""
"bace","rubin_types_mixed_BM_l1_r0_mcar0.3_n100_M20_s100",100,1,0,100,FALSE,1,0.5,1.35748507612085,283.998122756177,0.472511144130758,""
"bace","rubin_types_mixed_BM_l1_r0_mcar0.3_n100_M20_s11",100,1,0,11,FALSE,1,0.333333333333333,1.67527209716405,698.469881746676,0.410748560460653,"bin: left out (1 observed class);ord: dropped 1 empty level(s);cat3: dropped 1 empty level(s)"
"bace","rubin_types_mixed_BM_l1_r0_mcar0.3_n100_M20_s12",100,1,0,12,FALSE,1,10.3900557289618,1.09840491209124,38.0166485768951,0.563645368994552,""
"bace","rubin_types_mixed_BM_l1_r0_mcar0.3_n100_M20_s13",100,1,0,13,TRUE,1,0.0588235294117647,1.53754995736645,580.92892852313,0.397669337217771,"ord: dropped 1 empty level(s);cat3: dropped 1 empty level(s)"
"bace","rubin_types_mixed_BM_l1_r0_mcar0.3_n100_M20_s14",100,1,0,14,TRUE,1,0.163457068791942,0.983216856732894,103.46833845908,0.49777117384844,""
"bace","rubin_types_mixed_BM_l1_r0_mcar0.3_n100_M20_s15",100,1,0,15,FALSE,1,5.37398382162724,0.871494946705312,34.0644672285244,0.584447746409113,""
"bace","rubin_types_mixed_BM_l1_r0_mcar0.3_n100_M20_s16",100,1,0,16,TRUE,1,0.333333333333333,1.41201754021224,92.6954030783135,0.503787878787879,"ord: dropped 1 empty level(s)"
"bace","rubin_types_mixed_BM_l1_r0_mcar0.3_n100_M20_s17",100,1,0,17,TRUE,1,0.0666666666666667,1.27951556664409,134.775132672756,0.486379395740466,""
"bace","rubin_types_mixed_BM_l1_r0_mcar0.3_n100_M20_s18",100,1,0,18,TRUE,1,0.0714285714285714,1.57525881709972,96.6471308667255,0.501238236750867,""
"bace","rubin_types_mixed_BM_l1_r0_mcar0.3_n100_M20_s2",100,1,0,2,TRUE,1,0.333333333333333,1.37252161503657,99.1898224959796,0.500247647350173,""
"bace","rubin_types_mixed_BM_l1_r0_mcar0.3_n100_M20_s20",100,1,0,20,TRUE,1,0.222222222222222,1.09753901779911,38.2463612244279,0.572065378900446,""
"bace","rubin_types_mixed_BM_l1_r0_mcar0.3_n100_M20_s21",100,1,0,21,FALSE,1,3,1.45741520279119,121.420763152015,0.492818226844973,""
"bace","rubin_types_mixed_BM_l1_r0_mcar0.3_n100_M20_s22",100,1,0,22,TRUE,1,0.090909090909091,2.11279083049464,207.054206568732,0.477272727272727,"ord: dropped 1 empty level(s)"
"bace","rubin_types_mixed_BM_l1_r0_mcar0.3_n100_M20_s23",100,1,0,23,TRUE,1,0.0416666666666667,3.26690738334873,748.825947345077,0.369992716678806,"ord: dropped 1 empty level(s);cat3: dropped 1 empty level(s)"
"bace","rubin_types_mixed_BM_l1_r0_mcar0.3_n100_M20_s24",100,1,0,24,TRUE,1,1,1.18877419600165,799.420329153811,0.357901726427623,"cat3: dropped 1 empty level(s)"
"bace","rubin_types_mixed_BM_l1_r0_mcar0.3_n100_M20_s25",100,1,0,25,FALSE,1,0.266666666666667,1.24059118635897,118.72668058099,0.494304110946013,""
"bace","rubin_types_mixed_BM_l1_r0_mcar0.3_n100_M20_s26",100,1,0,26,FALSE,1,0.333333333333333,1.23655576102632,227.238113684787,0.453194650817236,""
"bace","rubin_types_mixed_BM_l1_r0_mcar0.3_n100_M20_s27",100,1,0,27,FALSE,1,0.230769230769231,1.64023290985277,504.589838671284,0.38965768390386,"ord: dropped 1 empty level(s);cat3: dropped 1 empty level(s)"
"bace","rubin_types_mixed_BM_l1_r0_mcar0.3_n100_M20_s28",100,1,0,28,FALSE,1,0.5,1.96612641399451,89.1712699814569,0.506191183754334,""
"bace","rubin_types_mixed_BM_l1_r0_mcar0.3_n100_M20_s29",100,1,0,29,FALSE,1,0.25,1.00231372881299,83.0740831762593,0.50487012987013,"ord: dropped 1 empty level(s)"
"bace","rubin_types_mixed_BM_l1_r0_mcar0.3_n100_M20_s3",100,1,0,3,TRUE,1,0.1,1.47024236937829,40.4883397369821,0.535908865775136,""
"bace","rubin_types_mixed_BM_l1_r0_mcar0.3_n100_M20_s30",100,1,0,30,TRUE,1,0.0714285714285714,1.50584754479516,113.872382756113,0.496753246753247,"ord: dropped 1 empty level(s)"
"bace","rubin_types_mixed_BM_l1_r0_mcar0.3_n100_M20_s31",100,1,0,31,TRUE,1,0.125,0.837033465791233,64.3677977319461,0.515601783060921,""
"bace","rubin_types_mixed_BM_l1_r0_mcar0.3_n100_M20_s32",100,1,0,32,FALSE,1,0.666666666666667,1.50071432278976,456.077276013123,0.408064516129032,"ord: dropped 2 empty level(s);cat3: dropped 1 empty level(s)"
"bace","rubin_types_mixed_BM_l1_r0_mcar0.3_n100_M20_s33",100,1,0,33,FALSE,1,0.166666666666667,1.59918740980561,104.829730343468,0.496780584447746,""
"bace","rubin_types_mixed_BM_l1_r0_mcar0.3_n100_M20_s34",100,1,0,34,FALSE,1,0.424971672677477,1.23316473868014,606.25774786589,0.443554260742899,"ord: dropped 1 empty level(s);cat3: dropped 1 empty level(s)"
"bace","rubin_types_mixed_BM_l1_r0_mcar0.3_n100_M20_s35",100,1,0,35,TRUE,1,0.0909090909090909,0.91222467940529,228.887008368365,0.438335809806835,""
"bace","rubin_types_mixed_BM_l1_r0_mcar0.3_n100_M20_s36",100,1,0,36,FALSE,1,3333333.33333333,0.899795233228874,71.9288704171894,0.519068845963348,""
"bace","rubin_types_mixed_BM_l1_r0_mcar0.3_n100_M20_s37",100,1,0,37,TRUE,1,0.2,2.28796587816483,324.475577594108,0.447251114413076,""
"bace","rubin_types_mixed_BM_l1_r0_mcar0.3_n100_M20_s38",100,1,0,38,TRUE,1,0.117647058823529,1.3596762806478,65.9197378325165,0.525012382367509,""
"bace","rubin_types_mixed_BM_l1_r0_mcar0.3_n100_M20_s39",100,1,0,39,TRUE,1,0.111111111111111,1.68934844983284,361.564661615191,0.447746409113423,""
"bace","rubin_types_mixed_BM_l1_r0_mcar0.3_n100_M20_s4",100,1,0,4,TRUE,1,0.272727272727273,1.93370389622896,678.593122699355,0.380917698470503,"ord: dropped 1 empty level(s);cat3: dropped 1 empty level(s)"
"bace","rubin_types_mixed_BM_l1_r0_mcar0.3_n100_M20_s40",100,1,0,40,FALSE,1,0.153846153846154,1.46794309780341,78.6429805634139,0.516592372461615,""
"bace","rubin_types_mixed_BM_l1_r0_mcar0.3_n100_M20_s41",100,1,0,41,FALSE,1,0.0625,1.37941195680616,67.1213631324777,0.510281385281385,"ord: dropped 1 empty level(s)"
"bace","rubin_types_mixed_BM_l1_r0_mcar0.3_n100_M20_s42",100,1,0,42,TRUE,1,0.0306111206500069,1.57301196042842,61.2999215217666,0.527597402597403,"ord: dropped 1 empty level(s)"
"bace","rubin_types_mixed_BM_l1_r0_mcar0.3_n100_M20_s43",100,1,0,43,FALSE,1,0.176470588235294,1.30792499186848,305.3542529848,0.458147597820703,""
"bace","rubin_types_mixed_BM_l1_r0_mcar0.3_n100_M20_s45",100,1,0,45,TRUE,1,0.364418241388323,0.847747085178992,55.5570447603951,0.540861812778603,""
"bace","rubin_types_mixed_BM_l1_r0_mcar0.3_n100_M20_s46",100,1,0,46,TRUE,1,0.214540690044405,1.93670486470874,125.824759951395,0.489351163942546,""
"bace","rubin_types_mixed_BM_l1_r0_mcar0.3_n100_M20_s47",100,1,0,47,TRUE,1,0.142857142857143,0.99863934943366,159.404070305391,0.485388806339772,""
"bace","rubin_types_mixed_BM_l1_r0_mcar0.3_n100_M20_s48",100,1,0,48,TRUE,1,0.142984891316177,1.70420160527774,119.238461785431,0.491353607632677,"ord: dropped 2 empty level(s)"
"bace","rubin_types_mixed_BM_l1_r0_mcar0.3_n100_M20_s49",100,1,0,49,TRUE,1,0.0523512570711611,1.21889790708749,38.3838783237252,0.548701298701299,"ord: dropped 1 empty level(s)"
"bace","rubin_types_mixed_BM_l1_r0_mcar0.3_n100_M20_s5",100,1,0,5,FALSE,1,0.25,1.78354892332616,842.264416864106,0.285028790786948,"ord: dropped 1 empty level(s);cat3: left out (1 observed class)"
"bace","rubin_types_mixed_BM_l1_r0_mcar0.3_n100_M20_s50",100,1,0,50,TRUE,1,0.297945087314821,1.1766729341743,63.6028763283985,0.550865800865801,"ord: dropped 1 empty level(s)"
"bace","rubin_types_mixed_BM_l1_r0_mcar0.3_n100_M20_s51",100,1,0,51,FALSE,1,1.52100840336134,1.57572015598908,529.28471048436,0.405046480743692,"cat3: dropped 1 empty level(s)"
"bace","rubin_types_mixed_BM_l1_r0_mcar0.3_n100_M20_s52",100,1,0,52,FALSE,1,0.100478468899522,2.01712533128778,139.638079908771,0.490800865800866,"ord: dropped 1 empty level(s)"
"bace","rubin_types_mixed_BM_l1_r0_mcar0.3_n100_M20_s53",100,1,0,53,FALSE,1,0.444444444444444,2.37942889902813,95.7919779194337,0.504705299653294,""
"bace","rubin_types_mixed_BM_l1_r0_mcar0.3_n100_M20_s54",100,1,0,54,FALSE,1,0.180700401197998,1.3776545425651,75.553505827656,0.514069264069264,"ord: dropped 1 empty level(s)"
"bace","rubin_types_mixed_BM_l1_r0_mcar0.3_n100_M20_s55",100,1,0,55,FALSE,1,1,1.9876238239503,875.063030412284,0.389110225763612,"cat3: dropped 1 empty level(s)"
"bace","rubin_types_mixed_BM_l1_r0_mcar0.3_n100_M20_s56",100,1,0,56,FALSE,1,0.222222222222222,0.981241793376796,182.684536193191,0.481426448736999,""
"bace","rubin_types_mixed_BM_l1_r0_mcar0.3_n100_M20_s57",100,1,0,57,TRUE,1,0.111111111111111,1.48722480330771,94.7010497147357,0.50074294205052,""
"bace","rubin_types_mixed_BM_l1_r0_mcar0.3_n100_M20_s6",100,1,0,6,FALSE,1,0.0666666666666667,1.68287129833922,237.483660556224,0.472015849430411,""
"bace","rubin_types_mixed_BM_l1_r0_mcar0.3_n100_M20_s60",100,1,0,60,TRUE,1,0.313799148536903,1.03290628523143,101.244106156492,0.498761763249133,""
"bace","rubin_types_mixed_BM_l1_r0_mcar0.3_n100_M20_s61",100,1,0,61,FALSE,1,0.333333333333333,1.69763684041982,429.553023062962,0.408594319009468,"ord: dropped 1 empty level(s);cat3: dropped 1 empty level(s)"
"bace","rubin_types_mixed_BM_l1_r0_mcar0.3_n100_M20_s62",100,1,0,62,FALSE,1,0.117647058823529,1.54288310340131,128.163143111553,0.486471861471861,"ord: dropped 1 empty level(s)"
"bace","rubin_types_mixed_BM_l1_r0_mcar0.3_n100_M20_s64",100,1,0,64,TRUE,1,11.6540943259117,1.46826719378503,153.921916153627,0.473484848484849,"ord: dropped 1 empty level(s)"
"bace","rubin_types_mixed_BM_l1_r0_mcar0.3_n100_M20_s65",100,1,0,65,FALSE,1,0.927911707984722,1.11452827147028,64.0349809197989,0.526002971768202,""
"bace","rubin_types_mixed_BM_l1_r0_mcar0.3_n100_M20_s66",100,1,0,66,TRUE,1,0.5,1.33582333249375,84.0924967574506,0.503787878787879,"ord: dropped 1 empty level(s)"
"bace","rubin_types_mixed_BM_l1_r0_mcar0.3_n100_M20_s67",100,1,0,67,TRUE,1,0.200986332068825,2.0975861038196,760.470768674068,0.281190019193858,"bin: left out (1 observed class);ord: dropped 1 empty level(s);cat3: dropped 1 empty level(s)"
"bace","rubin_types_mixed_BM_l1_r0_mcar0.3_n100_M20_s68",100,1,0,68,TRUE,1,0.125,1.04231422545725,104.843309786293,0.498761763249133,""
"bace","rubin_types_mixed_BM_l1_r0_mcar0.3_n100_M20_s69",100,1,0,69,FALSE,1,0.25,1.81544326594763,668.981707355935,0.424159231297186,"bin: left out (1 observed class);ord: dropped 1 empty level(s)"
"bace","rubin_types_mixed_BM_l1_r0_mcar0.3_n100_M20_s7",100,1,0,7,TRUE,1,0.0202020202020203,1.74202191492304,628.92268111457,0.411805078929307,"bin: left out (1 observed class);ord: dropped 1 empty level(s)"
"bace","rubin_types_mixed_BM_l1_r0_mcar0.3_n100_M20_s70",100,1,0,70,FALSE,1,0.0711960446911401,1.60687191893118,121.623711210665,0.491883116883117,"ord: dropped 1 empty level(s)"
"bace","rubin_types_mixed_BM_l1_r0_mcar0.3_n100_M20_s71",100,1,0,71,TRUE,1,0.5,1.37397675146025,112.16749743908,0.49479940564636,""
"bace","rubin_types_mixed_BM_l1_r0_mcar0.3_n100_M20_s72",100,1,0,72,TRUE,1,0.5,1.19462417735512,100.760254991166,0.499752352649827,""
"bace","rubin_types_mixed_BM_l1_r0_mcar0.3_n100_M20_s73",100,1,0,73,FALSE,1,0.142857142857143,1.37491606689319,272.203186496369,0.440316988608222,""
"bace","rubin_types_mixed_BM_l1_r0_mcar0.3_n100_M20_s74",100,1,0,74,FALSE,1,0.198029010134913,1.18735383365304,177.792510076467,0.492322932144626,""
"bace","rubin_types_mixed_BM_l1_r0_mcar0.3_n100_M20_s75",100,1,0,75,TRUE,1,0.0247933884297521,0.857255419108532,462.872784779947,0.493080844865259,"ord: dropped 1 empty level(s);cat3: dropped 1 empty level(s)"
"bace","rubin_types_mixed_BM_l1_r0_mcar0.3_n100_M20_s76",100,1,0,76,TRUE,1,1.5,0.977851612133253,25.2612586959132,0.569093610698366,""
"bace","rubin_types_mixed_BM_l1_r0_mcar0.3_n100_M20_s77",100,1,0,77,FALSE,1,1.25,2.41625689088321,689.93792529034,0.418195718654434,"bin: left out (1 observed class);ord: dropped 2 empty level(s)"
"bace","rubin_types_mixed_BM_l1_r0_mcar0.3_n100_M20_s78",100,1,0,78,TRUE,1,0.0140331415992835,1.64902849885046,902.041879815286,0.42964996568291,"bin: left out (1 observed class);ord: dropped 1 empty level(s)"
"bace","rubin_types_mixed_BM_l1_r0_mcar0.3_n100_M20_s79",100,1,0,79,FALSE,1,0.111111111111111,1.15094441011672,36.994964336195,0.517857142857143,"ord: dropped 1 empty level(s)"
"bace","rubin_types_mixed_BM_l1_r0_mcar0.3_n100_M20_s8",100,1,0,8,TRUE,1,0.125,1.25867115061426,871.936859279118,0.320085929108485,"ord: dropped 2 empty level(s);cat3: left out (1 observed class)"
"bace","rubin_types_mixed_BM_l1_r0_mcar0.3_n100_M20_s80",100,1,0,80,FALSE,1,0.166666666666667,1.53970048105462,74.6447529507313,0.519480519480519,"ord: dropped 1 empty level(s)"
"bace","rubin_types_mixed_BM_l1_r0_mcar0.3_n100_M20_s81",100,1,0,81,TRUE,1,0.372977896931578,1.22972647061129,39.205020439054,0.540366518078257,""
"bace","rubin_types_mixed_BM_l1_r0_mcar0.3_n100_M20_s82",100,1,0,82,TRUE,1,0.034090909090909,1.38531196989552,195.950746481447,0.48538961038961,"ord: dropped 1 empty level(s)"
"bace","rubin_types_mixed_BM_l1_r0_mcar0.3_n100_M20_s83",100,1,0,83,TRUE,1,3,0.992757040940966,1135.71283631449,0.27063339731286,"ord: dropped 1 empty level(s);cat3: left out (1 observed class)"
"bace","rubin_types_mixed_BM_l1_r0_mcar0.3_n100_M20_s84",100,1,0,84,FALSE,1,3.3098686906769,1.41317755446354,134.269003996362,0.486874690440812,""
"bace","rubin_types_mixed_BM_l1_r0_mcar0.3_n100_M20_s85",100,1,0,85,TRUE,1,0.142857142857143,1.41120681844753,114.158703245155,0.494304110946013,""
"bace","rubin_types_mixed_BM_l1_r0_mcar0.3_n100_M20_s86",100,1,0,86,TRUE,1,0.25,1.36362270524746,180.789658696432,0.48051948051948,"ord: dropped 1 empty level(s)"
"bace","rubin_types_mixed_BM_l1_r0_mcar0.3_n100_M20_s87",100,1,0,87,TRUE,1,0.229437229437229,1.0402673125315,703.534515563698,0.444282592862345,"ord: dropped 1 empty level(s);cat3: dropped 1 empty level(s)"
"bace","rubin_types_mixed_BM_l1_r0_mcar0.3_n100_M20_s88",100,1,0,88,FALSE,1,2,1.18482754481756,170.837570370825,0.487179487179487,"ord: dropped 2 empty level(s)"
"bace","rubin_types_mixed_BM_l1_r0_mcar0.3_n100_M20_s89",100,1,0,89,TRUE,1,0.0344827586206896,1.10949022517569,44.489668328498,0.527984150569589,""
"bace","rubin_types_mixed_BM_l1_r0_mcar0.3_n100_M20_s9",100,1,0,9,TRUE,1,0.0111731843575419,1.68434761936463,436.747697029397,0.44955387783116,"bin: left out (1 observed class);ord: dropped 1 empty level(s)"
"bace","rubin_types_mixed_BM_l1_r0_mcar0.3_n100_M20_s90",100,1,0,90,TRUE,1,0.25,2.09108283543614,747.842065229038,0.392571012381646,"ord: dropped 1 empty level(s);cat3: dropped 1 empty level(s)"
"bace","rubin_types_mixed_BM_l1_r0_mcar0.3_n100_M20_s91",100,1,0,91,TRUE,1,2,1.4668736592394,491.852623950357,0.474987617632491,""
"bace","rubin_types_mixed_BM_l1_r0_mcar0.3_n100_M20_s92",100,1,0,92,TRUE,1,0.1,1.70223777813714,181.515930988722,0.475649350649351,"ord: dropped 1 empty level(s)"
"bace","rubin_types_mixed_BM_l1_r0_mcar0.3_n100_M20_s94",100,1,0,94,FALSE,1,1,1.97581070151937,70.8340036949116,0.524021792966815,""
"bace","rubin_types_mixed_BM_l1_r0_mcar0.3_n100_M20_s95",100,1,0,95,FALSE,1,0.333333333333333,1.58673336850663,131.439089411418,0.492818226844973,""
"bace","rubin_types_mixed_BM_l1_r0_mcar0.3_n100_M20_s96",100,1,0,96,TRUE,1,1.03137684220286,1.34527453431555,66.5232185204961,0.530709600477042,"ord: dropped 2 empty level(s)"
"bace","rubin_types_mixed_BM_l1_r0_mcar0.3_n100_M20_s97",100,1,0,97,TRUE,1,0.340508270814274,1.78174902077386,97.6180028391134,0.504210004952947,""
"bace","rubin_types_mixed_BM_l1_r0_mcar0.3_n100_M20_s98",100,1,0,98,TRUE,1,0.0138337054150942,1.3399847104302,171.909979516259,0.485388806339772,""
"bace","rubin_types_mixed_BM_l1_r0_mcar0.3_n100_M20_s99",100,1,0,99,TRUE,1,0.1,1.41821120296088,171.384327526728,0.479940564635958,""
"bace","rubin_types_mixed_BM_l1_r0_mcar0.3_n1000_M20_s1",1000,1,0,1,FALSE,1,0.0102568952841986,3.54688623826412,456.199428567293,0.349678058444775,""
"bace","rubin_types_mixed_BM_l1_r0_mcar0.3_n1000_M20_s41",1000,1,0,41,TRUE,1,0.0400000000000001,2.24170328586682,385.81335621108,0.382862803368004,""
"bace","rubin_types_mixed_BM_l1_r0_mcar0.3_n1000_M20_s42",1000,1,0,42,TRUE,1,0.00636942675159229,1.4536458277592,310.923842602287,0.419019316493314,""
"bace","rubin_types_mixed_BM_l1_r0_mcar0.3_n1000_M20_s43",1000,1,0,43,TRUE,1,0.0270270270270271,3.53159700743681,549.2538467086,0.320455671124319,""
"bace","rubin_types_mixed_BM_l1_r0_mcar0.3_n1000_M20_s44",1000,1,0,44,TRUE,1,0.0325947676313877,2.71082264952579,503.993052311445,0.321207961564859,"bin: left out (1 observed class);ord: dropped 1 empty level(s)"
"bace","rubin_types_mixed_BM_l1_r0_mcar0.3_n1000_M20_s45",1000,1,0,45,TRUE,1,0.5,1.22717227003862,151.839251036248,0.456661713719663,""
"bace","rubin_types_mixed_BM_l1_r0_mcar0.3_n1000_M20_s47",1000,1,0,47,TRUE,1,0.0200701421734898,2.15265733791309,345.059450671229,0.300806451612903,"ord: dropped 2 empty level(s);cat3: dropped 1 empty level(s)"
"bace","rubin_types_mixed_BM_l1_r0_mcar0.3_n1000_M20_s48",1000,1,0,48,TRUE,1,0.009433962264151,1.99439012998589,350.323623510654,0.330627705627706,"ord: dropped 1 empty level(s)"
"bace","rubin_types_mixed_BM_l1_r0_mcar0.3_n1000_M20_s49",1000,1,0,49,TRUE,1,0.0030303030303031,1.11188718102746,156.183550513511,0.442099567099567,"ord: dropped 1 empty level(s)"
"bace","rubin_types_mixed_BM_l1_r0_mcar0.3_n1000_M20_s50",1000,1,0,50,TRUE,1,0.0385170183318378,1.04098606733855,317.863201459822,0.396235760277365,""
"bace","rubin_types_mixed_BM_l1_r0_mcar0.3_n1000_M20_s51",1000,1,0,51,TRUE,1,0.0131578947368422,2.4161236290115,410.759149059135,0.395740465577018,""
"bace","rubin_types_mixed_BM_l1_r0_mcar0.3_n1000_M20_s52",1000,1,0,52,TRUE,1,0.125,1.33765302016701,564.60860721249,0.251660026560425,"cat3: dropped 1 empty level(s)"
"bace","rubin_types_mixed_BM_l1_r0_mcar0.3_n1000_M20_s54",1000,1,0,54,TRUE,1,0.000949216896060772,2.02612636908796,120.215386036999,0.481426448736999,""
"bace","rubin_types_mixed_BM_l1_r0_mcar0.3_n1000_M20_s55",1000,1,0,55,TRUE,1,0.0227272727272727,2.7497418893687,229.147042837366,0.392273402674591,""
"bace","rubin_types_mixed_BM_l1_r0_mcar0.3_n1000_M20_s56",1000,1,0,56,TRUE,1,0.00540540540540553,2.09695107405999,176.118307117037,0.443649373881932,"ord: dropped 2 empty level(s)"
"bace","rubin_types_mixed_BM_l1_r0_mcar0.3_n1000_M20_s57",1000,1,0,57,TRUE,1,0.0223880597014926,2.75713156720686,306.583267464324,0.368003962357603,""
"bace","rubin_types_mixed_BM_l1_r0_mcar0.3_n1000_M20_s58",1000,1,0,58,TRUE,1,0.00621118012422375,1.81878634808301,115.785797276577,0.489351163942546,""
"bace","rubin_types_mixed_BM_l1_r0_mcar0.3_n1000_M20_s59",1000,1,0,59,TRUE,1,0.00345555041637273,1.51511798248687,599.437785857176,0.278222869628551,"ord: dropped 1 empty level(s);cat3: dropped 1 empty level(s)"
"bace","rubin_types_mixed_BM_l1_r0_mcar0.3_n1000_M20_s60",1000,1,0,60,TRUE,1,0.0523691736578248,4.71912236299812,757.615964621922,0.363914373088685,"ord: left out (1 observed class)"
"bace","rubin_types_mixed_BM_l1_r0_mcar0.3_n300_M20_s1",300,1,0,1,TRUE,1,0.0640253920051391,1.14696560916389,529.981164136802,0.339973439575033,"cat3: dropped 1 empty level(s)"
"bace","rubin_types_mixed_BM_l1_r0_mcar0.3_n300_M20_s10",300,1,0,10,TRUE,1,0.184839399569137,1.35940213282886,169.267428028652,0.471025260029718,""
"bace","rubin_types_mixed_BM_l1_r0_mcar0.3_n300_M20_s12",300,1,0,12,TRUE,1,0.05,2.76648018198582,621.153592098937,0.336305101535414,""
"bace","rubin_types_mixed_BM_l1_r0_mcar0.3_n300_M20_s13",300,1,0,13,TRUE,1,0.00389105058365757,1.00853315447186,155.200892971562,0.466991341991342,"ord: dropped 1 empty level(s)"
"bace","rubin_types_mixed_BM_l1_r0_mcar0.3_n300_M20_s14",300,1,0,14,TRUE,1,0.0227272727272726,1.78076952797424,677.211737207647,0.386016023306628,"ord: dropped 1 empty level(s);cat3: dropped 1 empty level(s)"
"bace","rubin_types_mixed_BM_l1_r0_mcar0.3_n300_M20_s15",300,1,0,15,TRUE,1,0.352781062021864,0.628372125205329,140.510106245116,0.471520554730064,""
"bace","rubin_types_mixed_BM_l1_r0_mcar0.3_n300_M20_s16",300,1,0,16,FALSE,1,0.103448275862069,2.25089533008951,127.738811006391,0.482683982683983,"ord: dropped 1 empty level(s)"
"bace","rubin_types_mixed_BM_l1_r0_mcar0.3_n300_M20_s17",300,1,0,17,TRUE,1,0.19954261777744,0.890280998009485,76.3013651458461,0.514611193660228,""
"bace","rubin_types_mixed_BM_l1_r0_mcar0.3_n300_M20_s18",300,1,0,18,TRUE,1,0.0270270270270269,2.45253757944219,702.620984931045,0.308084486525856,"ord: dropped 1 empty level(s);cat3: dropped 1 empty level(s)"
"bace","rubin_types_mixed_BM_l1_r0_mcar0.3_n300_M20_s19",300,1,0,19,TRUE,1,0.0357142857142858,2.81659055442814,271.671085884165,0.457364341085271,"ord: dropped 2 empty level(s)"
"bace","rubin_types_mixed_BM_l1_r0_mcar0.3_n300_M20_s2",300,1,0,2,FALSE,1,1111111.11111111,1.32071905221901,184.469189894263,0.473501733531451,""
"bace","rubin_types_mixed_BM_l1_r0_mcar0.3_n300_M20_s20",300,1,0,20,FALSE,1,2.5825803280169,2.18391489038983,194.64205543356,0.454004329004329,"ord: dropped 1 empty level(s)"
"bace","rubin_types_mixed_BM_l1_r0_mcar0.3_n300_M20_s21",300,1,0,21,TRUE,1,0.0172413793103448,1.44712375118177,225.438052295034,0.449232293214463,""
"bace","rubin_types_mixed_BM_l1_r0_mcar0.3_n300_M20_s22",300,1,0,22,TRUE,1,0.148148148148148,2.01617271857113,96.8747726390695,0.503246753246753,"ord: dropped 1 empty level(s)"
"bace","rubin_types_mixed_BM_l1_r0_mcar0.3_n300_M20_s23",300,1,0,23,FALSE,1,0.2,0.84951570258889,164.434265578614,0.455511288180611,"cat3: dropped 1 empty level(s)"
"bace","rubin_types_mixed_BM_l1_r0_mcar0.3_n300_M20_s24",300,1,0,24,TRUE,1,0.0370657650613677,0.875141192297217,463.072588820389,0.4639475600874,"ord: dropped 1 empty level(s);cat3: dropped 1 empty level(s)"
"bace","rubin_types_mixed_BM_l1_r0_mcar0.3_n300_M20_s25",300,1,0,25,TRUE,1,0.0120569263721608,6.14311460990913,892.006116786332,0.243823845327605,"ord: dropped 2 empty level(s);cat3: left out (1 observed class)"
"bace","rubin_types_mixed_BM_l1_r0_mcar0.3_n300_M20_s26",300,1,0,26,TRUE,1,0.0755769007891981,0.72662173326113,148.189397984337,0.469044081228331,""
"bace","rubin_types_mixed_BM_l1_r0_mcar0.3_n300_M20_s27",300,1,0,27,TRUE,1,0.153846153846154,2.80283157944259,318.781873141457,0.428925210500248,""
"bace","rubin_types_mixed_BM_l1_r0_mcar0.3_n300_M20_s28",300,1,0,28,TRUE,1,0.0737438009716381,1.41383227334595,83.9140413553543,0.511144130757801,""
"bace","rubin_types_mixed_BM_l1_r0_mcar0.3_n300_M20_s29",300,1,0,29,TRUE,1,0.00234152626227034,2.18211540871167,1198.27010741231,0.215091066782307,"cat3: left out (1 observed class)"
"bace","rubin_types_mixed_BM_l1_r0_mcar0.3_n300_M20_s3",300,1,0,3,TRUE,1,0.149624404358703,1.49761486634711,289.910203950459,0.454004329004329,"ord: dropped 1 empty level(s)"
"bace","rubin_types_mixed_BM_l1_r0_mcar0.3_n300_M20_s30",300,1,0,30,TRUE,1,0.00413223140495883,1.45102206434606,223.558859089584,0.448051948051948,"ord: dropped 1 empty level(s)"
"bace","rubin_types_mixed_BM_l1_r0_mcar0.3_n300_M20_s31",300,1,0,31,FALSE,1,0.333333333333333,1.60768798817587,415.92847461509,0.233304423243712,"bin: left out (1 observed class);cat3: dropped 1 empty level(s)"
"bace","rubin_types_mixed_BM_l1_r0_mcar0.3_n300_M20_s32",300,1,0,32,TRUE,1,1,1.61974643905347,347.608435820628,0.431401684001981,""
"bace","rubin_types_mixed_BM_l1_r0_mcar0.3_n300_M20_s33",300,1,0,33,TRUE,1,0.0150375939849624,1.3556656384682,340.499346242059,0.434373452204061,""
"bace","rubin_types_mixed_BM_l1_r0_mcar0.3_n300_M20_s34",300,1,0,34,TRUE,1,0.0434782608695653,2.62072957283194,144.177408049784,0.477813852813853,"ord: dropped 1 empty level(s)"
"bace","rubin_types_mixed_BM_l1_r0_mcar0.3_n300_M20_s36",300,1,0,36,TRUE,1,0.00111494294738102,3.17928017530863,1014.48807844379,0.194275802254987,"bin: left out (1 observed class);cat3: dropped 1 empty level(s)"
"bace","rubin_types_mixed_BM_l1_r0_mcar0.3_n300_M20_s37",300,1,0,37,TRUE,1,0.13953488372093,0.854342554005723,51.9399488817886,0.562770562770563,"ord: dropped 1 empty level(s)"
"bace","rubin_types_mixed_BM_l1_r0_mcar0.3_n300_M20_s38",300,1,0,38,TRUE,1,0.011467889908257,1.93711070206984,229.376235241443,0.459138187221397,""
"bace","rubin_types_mixed_BM_l1_r0_mcar0.3_n300_M20_s39",300,1,0,39,TRUE,1,0.0208333333333333,1.93925588100192,551.057324778739,0.391102257636122,"cat3: dropped 1 empty level(s)"
"bace","rubin_types_mixed_BM_l1_r0_mcar0.3_n300_M20_s4",300,1,0,4,TRUE,1,1,1.56093241517762,399.118115225378,0.429420505200594,""
"bace","rubin_types_mixed_BM_l1_r0_mcar0.3_n300_M20_s40",300,1,0,40,TRUE,1,0.0555555555555556,0.902879457299992,211.81261140406,0.461038961038961,"ord: dropped 1 empty level(s)"
"bace","rubin_types_mixed_BM_l1_r0_mcar0.3_n300_M20_s41",300,1,0,41,TRUE,1,0.0714285714285714,1.18835233951348,192.614855226463,0.465367965367965,"ord: dropped 1 empty level(s)"
"bace","rubin_types_mixed_BM_l1_r0_mcar0.3_n300_M20_s42",300,1,0,42,TRUE,1,0.485547703298458,1.74739087043706,269.972114691543,0.404160475482912,""
"bace","rubin_types_mixed_BM_l1_r0_mcar0.3_n300_M20_s43",300,1,0,43,TRUE,1,0.0146613193324617,1.343624324207,266.494564766247,0.440316988608222,""
"bace","rubin_types_mixed_BM_l1_r0_mcar0.3_n300_M20_s44",300,1,0,44,TRUE,1,0.0606060606060607,2.07613173445513,278.242445742625,0.455575432319618,"ord: dropped 2 empty level(s)"
"bace","rubin_types_mixed_BM_l1_r0_mcar0.3_n300_M20_s45",300,1,0,45,TRUE,1,0.028309343876391,1.46835555653321,112.865807627168,0.490341753343239,""
"bace","rubin_types_mixed_BM_l1_r0_mcar0.3_n300_M20_s46",300,1,0,46,FALSE,1,1111111.11111111,1.16623702939637,213.485889422742,0.456661713719663,""
"bace","rubin_types_mixed_BM_l1_r0_mcar0.3_n300_M20_s47",300,1,0,47,TRUE,1,0.0303030303030302,1.88166245706015,116.706251605221,0.482417038137692,""
"bace","rubin_types_mixed_BM_l1_r0_mcar0.3_n300_M20_s48",300,1,0,48,TRUE,1,0.0186290740832641,0.895290458033658,442.911999145859,0.407869481765835,"bin: left out (1 observed class);ord: dropped 1 empty level(s);cat3: dropped 1 empty level(s)"
"bace","rubin_types_mixed_BM_l1_r0_mcar0.3_n300_M20_s49",300,1,0,49,TRUE,1,0.142857142857143,1.17312649955019,150.510344242444,0.493506493506494,"ord: dropped 1 empty level(s)"
"bace","rubin_types_mixed_BM_l1_r0_mcar0.3_n300_M20_s5",300,1,0,5,TRUE,1,0.333333333333333,2.34563446358088,200.134054647764,0.453463203463203,"ord: dropped 1 empty level(s)"
"bace","rubin_types_mixed_BM_l1_r0_mcar0.3_n300_M20_s50",300,1,0,50,TRUE,1,0.0392156862745099,2.78554571283031,380.86451552641,0.425458147597821,""
"bace","rubin_types_mixed_BM_l1_r0_mcar0.3_n300_M20_s51",300,1,0,51,TRUE,1,0.00466378091682913,3.31974044885921,831.466338261241,0.219427580225499,"bin: left out (1 observed class);cat3: dropped 1 empty level(s)"
"bace","rubin_types_mixed_BM_l1_r0_mcar0.3_n300_M20_s6",300,1,0,6,TRUE,1,0.0136986301369863,2.35678382980023,1215.32561928995,0.274973147153598,"bin: left out (1 observed class);ord: dropped 2 empty level(s);cat3: dropped 1 empty level(s)"
"bace","rubin_types_mixed_BM_l1_r0_mcar0.3_n300_M20_s7",300,1,0,7,TRUE,1,0.0384615384615385,1.26993386656839,158.743044278659,0.45418524021793,""
"bace","rubin_types_mixed_BM_l1_r0_mcar0.3_n300_M20_s8",300,1,0,8,TRUE,1,0.0425531914893618,2.79801407494241,841.132088590826,0.298616168973052,"ord: dropped 1 empty level(s);cat3: dropped 1 empty level(s)"
"bace","rubin_types_mixed_BM_l1_r0_mcar0.3_n300_M20_s9",300,1,0,9,TRUE,1,0.143834979437305,1.71210717494542,114.103718728395,0.487369985141159,""
"bace","rubin_types_mixed_BM_l1_r0.5_mcar0.3_n100_M20_s1",100,1,0.5,1,TRUE,1,0.5,1.81964361420834,813.091056843696,0.394027676620539,"ord: dropped 1 empty level(s);cat3: dropped 1 empty level(s)"
"bace","rubin_types_mixed_BM_l1_r0.5_mcar0.3_n100_M20_s10",100,1,0.5,10,TRUE,1,0.1,1.76433518762723,112.477155744382,0.492965367965368,"ord: dropped 1 empty level(s)"
"bace","rubin_types_mixed_BM_l1_r0.5_mcar0.3_n100_M20_s100",100,1,0.5,100,FALSE,1,3333333.33333333,1.67014787420624,262.37309392482,0.483766233766234,"ord: dropped 1 empty level(s)"
"bace","rubin_types_mixed_BM_l1_r0.5_mcar0.3_n100_M20_s11",100,1,0.5,11,FALSE,1,0.5,1.77300488889401,84.8644860440261,0.507575757575758,"ord: dropped 1 empty level(s)"
"bace","rubin_types_mixed_BM_l1_r0.5_mcar0.3_n100_M20_s12",100,1,0.5,12,FALSE,1,0.235339964209137,1.2990675098548,60.1310956953397,0.515601783060921,""
"bace","rubin_types_mixed_BM_l1_r0.5_mcar0.3_n100_M20_s15",100,1,0.5,15,FALSE,1,0.296520613496392,1.1774410598837,99.4232764047446,0.50074294205052,""
"bace","rubin_types_mixed_BM_l1_r0.5_mcar0.3_n100_M20_s17",100,1,0.5,17,FALSE,1,1,1.20587920370725,51.0775598949753,0.546805349182764,""
"bace","rubin_types_mixed_BM_l1_r0.5_mcar0.3_n100_M20_s19",100,1,0.5,19,FALSE,1,0.224671458510956,1.02010660525858,23.0639943912051,0.586038961038961,"ord: dropped 1 empty level(s)"
"bace","rubin_types_mixed_BM_l1_r0.5_mcar0.3_n100_M20_s2",100,1,0.5,2,FALSE,1,0.409706837929033,0.856609768764546,99.0440467057454,0.50074294205052,""
"bace","rubin_types_mixed_BM_l1_r0.5_mcar0.3_n100_M20_s21",100,1,0.5,21,FALSE,1,0.142857142857143,1.11212324812257,148.756665178231,0.485884101040119,""
"bace","rubin_types_mixed_BM_l1_r0.5_mcar0.3_n100_M20_s22",100,1,0.5,22,TRUE,1,0.142857142857143,2.00974221860765,429.317567794432,0.462662337662338,"ord: dropped 1 empty level(s)"
"bace","rubin_types_mixed_BM_l1_r0.5_mcar0.3_n100_M20_s23",100,1,0.5,23,FALSE,1,1,1.49342257474126,168.349767776798,0.484893511639425,""
"bace","rubin_types_mixed_BM_l1_r0.5_mcar0.3_n100_M20_s24",100,1,0.5,24,FALSE,1,0.15,1.46926000610905,157.377093082165,0.480435859336305,""
"bace","rubin_types_mixed_BM_l1_r0.5_mcar0.3_n100_M20_s25",100,1,0.5,25,FALSE,1,0.333333333333333,1.38157324661823,44.0802753372978,0.552748885586924,""
"bace","rubin_types_mixed_BM_l1_r0.5_mcar0.3_n100_M20_s26",100,1,0.5,26,TRUE,1,0.142857142857143,1.40002087475722,237.339639458253,0.457652303120357,""
"bace","rubin_types_mixed_BM_l1_r0.5_mcar0.3_n100_M20_s28",100,1,0.5,28,TRUE,1,0.0832818214696765,1.34604754092865,109.514143833961,0.496780584447746,""
"bace","rubin_types_mixed_BM_l1_r0.5_mcar0.3_n100_M20_s29",100,1,0.5,29,FALSE,1,0.2,1.39761626301746,139.389063147129,0.488360574541852,""
"bace","rubin_types_mixed_BM_l1_r0.5_mcar0.3_n100_M20_s3",100,1,0.5,3,TRUE,1,0.0769230769230769,1.00215540489567,342.202062583654,0.429638854296389,"bin: left out (1 observed class)"
"bace","rubin_types_mixed_BM_l1_r0.5_mcar0.3_n100_M20_s30",100,1,0.5,30,FALSE,1,0.153846153846154,0.875851137398818,32.9077964088064,0.603268945022288,""
"bace","rubin_types_mixed_BM_l1_r0.5_mcar0.3_n100_M20_s31",100,1,0.5,31,TRUE,1,0.090909090909091,2.39759567115208,847.162621631221,0.382374362709396,"ord: dropped 1 empty level(s);cat3: dropped 1 empty level(s)"
"bace","rubin_types_mixed_BM_l1_r0.5_mcar0.3_n100_M20_s32",100,1,0.5,32,TRUE,1,0.1,1.73252214119748,263.636387327641,0.469290399522958,"ord: dropped 2 empty level(s)"
"bace","rubin_types_mixed_BM_l1_r0.5_mcar0.3_n100_M20_s33",100,1,0.5,33,FALSE,1,1,1.41372480720995,430.826261865862,0.403486924034869,"bin: left out (1 observed class)"
"bace","rubin_types_mixed_BM_l1_r0.5_mcar0.3_n100_M20_s34",100,1,0.5,34,TRUE,1,1.0691440097175,1.45655797837229,51.124183191849,0.527597402597403,"ord: dropped 1 empty level(s)"
"bace","rubin_types_mixed_BM_l1_r0.5_mcar0.3_n100_M20_s35",100,1,0.5,35,TRUE,1,0.0134064199514034,1.92578933672461,630.79666923843,0.391033623910336,"bin: left out (1 observed class)"
"bace","rubin_types_mixed_BM_l1_r0.5_mcar0.3_n100_M20_s37",100,1,0.5,37,TRUE,1,0.111111111111111,1.65529479425347,141.260014019664,0.488360574541852,""
"bace","rubin_types_mixed_BM_l1_r0.5_mcar0.3_n100_M20_s39",100,1,0.5,39,FALSE,1,0.0909090909090909,1.34078668547258,177.353235513906,0.482683982683983,"ord: dropped 1 empty level(s)"
"bace","rubin_types_mixed_BM_l1_r0.5_mcar0.3_n100_M20_s4",100,1,0.5,4,FALSE,1,0.166666666666667,1.38490882083624,259.986230777631,0.465081723625557,""
"bace","rubin_types_mixed_BM_l1_r0.5_mcar0.3_n100_M20_s40",100,1,0.5,40,TRUE,1,0.133333333333333,1.27758535491319,102.693910988688,0.498761763249133,""
"bace","rubin_types_mixed_BM_l1_r0.5_mcar0.3_n100_M20_s41",100,1,0.5,41,FALSE,1,3333333.33333333,0.977345564789084,126.546304249724,0.492818226844973,""
"bace","rubin_types_mixed_BM_l1_r0.5_mcar0.3_n100_M20_s42",100,1,0.5,42,FALSE,1,0.25,1.16834482181906,140.758808708972,0.490800865800866,"ord: dropped 1 empty level(s)"
"bace","rubin_types_mixed_BM_l1_r0.5_mcar0.3_n100_M20_s43",100,1,0.5,43,FALSE,1,0.0794439364186743,1.15729220969833,99.9166794547352,0.500247647350173,""
"bace","rubin_types_mixed_BM_l1_r0.5_mcar0.3_n100_M20_s45",100,1,0.5,45,TRUE,1,0.0785974248178751,1.54987391217284,270.396691178288,0.471516815374056,"bin: left out (1 observed class);ord: dropped 1 empty level(s)"
"bace","rubin_types_mixed_BM_l1_r0.5_mcar0.3_n100_M20_s46",100,1,0.5,46,FALSE,1,0.664266960051114,1.34650826373294,132.235459564699,0.493808816245666,""
"bace","rubin_types_mixed_BM_l1_r0.5_mcar0.3_n100_M20_s47",100,1,0.5,47,TRUE,1,6.31728096017205,1.18874364578406,35.9261870438213,0.555735930735931,"ord: dropped 1 empty level(s)"
"bace","rubin_types_mixed_BM_l1_r0.5_mcar0.3_n100_M20_s48",100,1,0.5,48,FALSE,1,0.153846153846154,1.45330824053509,128.757054889774,0.491883116883117,"ord: dropped 1 empty level(s)"
"bace","rubin_types_mixed_BM_l1_r0.5_mcar0.3_n100_M20_s49",100,1,0.5,49,TRUE,1,0.5,1.3190964988959,150.63957723595,0.487554112554113,"ord: dropped 1 empty level(s)"
"bace","rubin_types_mixed_BM_l1_r0.5_mcar0.3_n100_M20_s5",100,1,0.5,5,TRUE,1,4.51922221682321,1.15477731409171,696.509413314944,0.438579654510557,"ord: dropped 1 empty level(s);cat3: left out (1 observed class)"
"bace","rubin_types_mixed_BM_l1_r0.5_mcar0.3_n100_M20_s50",100,1,0.5,50,TRUE,1,0.1,1.49886797396774,130.009547755003,0.491341991341991,"ord: dropped 1 empty level(s)"
"bace","rubin_types_mixed_BM_l1_r0.5_mcar0.3_n100_M20_s51",100,1,0.5,51,FALSE,1,0.5,1.54237336054476,428.009478959617,0.394756008739985,"ord: dropped 1 empty level(s);cat3: dropped 1 empty level(s)"
"bace","rubin_types_mixed_BM_l1_r0.5_mcar0.3_n100_M20_s52",100,1,0.5,52,FALSE,1,0.142857142857143,1.30334813412515,78.9247992268649,0.520059435364042,""
"bace","rubin_types_mixed_BM_l1_r0.5_mcar0.3_n100_M20_s53",100,1,0.5,53,FALSE,1,0.333333333333333,1.68481879494482,114.544193145662,0.494304110946013,""
"bace","rubin_types_mixed_BM_l1_r0.5_mcar0.3_n100_M20_s54",100,1,0.5,54,FALSE,1,0.0555555555555555,1.54355377766327,127.316128700412,0.494304110946013,""
"bace","rubin_types_mixed_BM_l1_r0.5_mcar0.3_n100_M20_s55",100,1,0.5,55,FALSE,1,2,2.62669623005096,204.565928296162,0.470529965329371,""
"bace","rubin_types_mixed_BM_l1_r0.5_mcar0.3_n100_M20_s57",100,1,0.5,57,TRUE,1,0.0625,2.25237408987076,692.8913708114,0.365869853917663,"cat3: dropped 1 empty level(s)"
"bace","rubin_types_mixed_BM_l1_r0.5_mcar0.3_n100_M20_s58",100,1,0.5,58,FALSE,1,0.5,1.49728172362005,25.3177087333324,0.555735930735931,"ord: dropped 1 empty level(s)"
"bace","rubin_types_mixed_BM_l1_r0.5_mcar0.3_n100_M20_s6",100,1,0.5,6,FALSE,1,0.166666666666667,1.69782127915682,752.175067464212,0.373837981407703,"cat3: dropped 1 empty level(s)"
"bace","rubin_types_mixed_BM_l1_r0.5_mcar0.3_n100_M20_s61",100,1,0.5,61,FALSE,1,0.235294117647059,1.09751887244787,446.978460323241,0.385126162018592,"cat3: dropped 1 empty level(s)"
"bace","rubin_types_mixed_BM_l1_r0.5_mcar0.3_n100_M20_s62",100,1,0.5,62,FALSE,1,0.3,0.962798807541684,64.1057997878219,0.516592372461615,""
"bace","rubin_types_mixed_BM_l1_r0.5_mcar0.3_n100_M20_s63",100,1,0.5,63,FALSE,1,0.5,1.39441092158645,586.999970862283,0.417741935483871,"ord: dropped 2 empty level(s);cat3: dropped 1 empty level(s)"
"bace","rubin_types_mixed_BM_l1_r0.5_mcar0.3_n100_M20_s64",100,1,0.5,64,TRUE,1,0.133333333333333,2.27890428771888,791.264201905558,0.356882738528769,"ord: dropped 1 empty level(s);cat3: dropped 1 empty level(s)"
"bace","rubin_types_mixed_BM_l1_r0.5_mcar0.3_n100_M20_s65",100,1,0.5,65,FALSE,1,0.333333333333333,1.56887385620441,153.899155608318,0.475978207033185,""
"bace","rubin_types_mixed_BM_l1_r0.5_mcar0.3_n100_M20_s66",100,1,0.5,66,TRUE,1,0.4,1.45954830485828,90.0392415089539,0.503246753246753,"ord: dropped 1 empty level(s)"
"bace","rubin_types_mixed_BM_l1_r0.5_mcar0.3_n100_M20_s67",100,1,0.5,67,FALSE,1,1,1.0278719781561,791.133398409674,0.410779315367808,"ord: dropped 1 empty level(s);cat3: dropped 1 empty level(s)"
"bace","rubin_types_mixed_BM_l1_r0.5_mcar0.3_n100_M20_s68",100,1,0.5,68,FALSE,1,0.111111111111111,1.10569121432645,70.0117964498516,0.509658246656761,""
"bace","rubin_types_mixed_BM_l1_r0.5_mcar0.3_n100_M20_s69",100,1,0.5,69,FALSE,1,0.833333333333333,1.94859614448946,432.70160356001,0.415317559153176,"bin: left out (1 observed class)"
"bace","rubin_types_mixed_BM_l1_r0.5_mcar0.3_n100_M20_s70",100,1,0.5,70,FALSE,1,1.09348526946128,0.957605097885792,13.7432586782566,0.658741951461119,""
"bace","rubin_types_mixed_BM_l1_r0.5_mcar0.3_n100_M20_s71",100,1,0.5,71,TRUE,1,0.375,2.37962406650874,797.487502453492,0.373634377276038,"ord: dropped 1 empty level(s);cat3: dropped 1 empty level(s)"
"bace","rubin_types_mixed_BM_l1_r0.5_mcar0.3_n100_M20_s72",100,1,0.5,72,FALSE,1,0.267924528301887,0.958371377333248,25.5724887078987,0.66022783556216,""
"bace","rubin_types_mixed_BM_l1_r0.5_mcar0.3_n100_M20_s73",100,1,0.5,73,TRUE,1,0.0714285714285714,1.36532341803274,747.34824322057,0.380189366351056,"ord: dropped 1 empty level(s);cat3: dropped 1 empty level(s)"
"bace","rubin_types_mixed_BM_l1_r0.5_mcar0.3_n100_M20_s74",100,1,0.5,74,TRUE,1,0.0732491940121714,1.95021103959509,154.010378896565,0.484398216939079,""
"bace","rubin_types_mixed_BM_l1_r0.5_mcar0.3_n100_M20_s75",100,1,0.5,75,TRUE,1,0.0310077519379844,1.48806061367447,172.019783853647,0.483005366726297,"ord: dropped 2 empty level(s)"
"bace","rubin_types_mixed_BM_l1_r0.5_mcar0.3_n100_M20_s78",100,1,0.5,78,FALSE,1,3,1.28316701571358,149.776192134567,0.485930735930736,"ord: dropped 1 empty level(s)"
"bace","rubin_types_mixed_BM_l1_r0.5_mcar0.3_n100_M20_s80",100,1,0.5,80,FALSE,1,0.333333333333333,1.65957653671634,90.4135264070996,0.502087060226595,"ord: dropped 2 empty level(s)"
"bace","rubin_types_mixed_BM_l1_r0.5_mcar0.3_n100_M20_s81",100,1,0.5,81,TRUE,1,0.755000811976937,1.07923705375746,26.0711242100344,0.656760772659733,""
"bace","rubin_types_mixed_BM_l1_r0.5_mcar0.3_n100_M20_s82",100,1,0.5,82,TRUE,1,0.0416666666666667,2.37371219033495,596.927734392679,0.339731285988484,"ord: dropped 1 empty level(s);cat3: left out (1 observed class)"
"bace","rubin_types_mixed_BM_l1_r0.5_mcar0.3_n100_M20_s83",100,1,0.5,83,TRUE,1,0.125,1.4567594476228,728.553300235804,0.378004369992717,"ord: dropped 1 empty level(s);cat3: dropped 1 empty level(s)"
"bace","rubin_types_mixed_BM_l1_r0.5_mcar0.3_n100_M20_s84",100,1,0.5,84,FALSE,1,0.967158788861868,1.10335111286937,60.3604015779661,0.530955918771669,""
"bace","rubin_types_mixed_BM_l1_r0.5_mcar0.3_n100_M20_s85",100,1,0.5,85,TRUE,1,0.00732312477548443,1.55814392072134,132.16831594438,0.492424242424242,"ord: dropped 1 empty level(s)"
"bace","rubin_types_mixed_BM_l1_r0.5_mcar0.3_n100_M20_s87",100,1,0.5,87,TRUE,1,0.00778210116731515,1.19202320859876,1209.45758015966,0.27447216890595,"ord: dropped 1 empty level(s);cat3: left out (1 observed class)"
"bace","rubin_types_mixed_BM_l1_r0.5_mcar0.3_n100_M20_s88",100,1,0.5,88,TRUE,1,2,1.08772667908374,132.383416821091,0.49479940564636,""
"bace","rubin_types_mixed_BM_l1_r0.5_mcar0.3_n100_M20_s89",100,1,0.5,89,FALSE,1,0.111111111111111,1.24096963209921,65.034943118822,0.515601783060921,""
"bace","rubin_types_mixed_BM_l1_r0.5_mcar0.3_n100_M20_s9",100,1,0.5,9,TRUE,1,0.0561224489795918,1.06436102971076,170.400544227454,0.481125600549073,"bin: left out (1 observed class);ord: dropped 1 empty level(s)"
"bace","rubin_types_mixed_BM_l1_r0.5_mcar0.3_n100_M20_s90",100,1,0.5,90,TRUE,1,0.25,1.49550814878253,74.3693035675746,0.507034632034632,"ord: dropped 1 empty level(s)"
"bace","rubin_types_mixed_BM_l1_r0.5_mcar0.3_n100_M20_s91",100,1,0.5,91,FALSE,1,0.833333333333333,2.28282151891892,339.436408588041,0.469044081228331,""
"bace","rubin_types_mixed_BM_l1_r0.5_mcar0.3_n100_M20_s92",100,1,0.5,92,TRUE,1,1,1.19341561240247,97.5564328745196,0.500541125541126,"ord: dropped 1 empty level(s)"
"bace","rubin_types_mixed_BM_l1_r0.5_mcar0.3_n100_M20_s94",100,1,0.5,94,FALSE,1,0.142857142857143,1.17174032698352,183.502989589755,0.486379395740466,""
"bace","rubin_types_mixed_BM_l1_r0.5_mcar0.3_n100_M20_s96",100,1,0.5,96,TRUE,1,0.203019672108743,0.926970036955431,390.259588252854,0.424302788844622,"cat3: dropped 1 empty level(s)"
"bace","rubin_types_mixed_BM_l1_r0.5_mcar0.3_n100_M20_s97",100,1,0.5,97,FALSE,1,0.18067142825848,1.48273104600618,35.2927343344227,0.573055968301139,""
"bace","rubin_types_mixed_BM_l1_r0.5_mcar0.3_n100_M20_s98",100,1,0.5,98,TRUE,1,0.16,0.903431729352104,105.111631843736,0.498266468548787,""
"bace","rubin_types_mixed_BM_l1_r0.5_mcar0.3_n100_M20_s99",100,1,0.5,99,TRUE,1,1,1.78018106068567,142.548601386953,0.484398216939079,""
"bace","rubin_types_mixed_BM_l1_r0.5_mcar0.3_n1000_M20_s1",1000,1,0.5,1,TRUE,1,0.0434782608695653,2.46242589942726,516.56275370006,0.36849925705795,""
"bace","rubin_types_mixed_BM_l1_r0.5_mcar0.3_n1000_M20_s41",1000,1,0.5,41,TRUE,1,0.0555555555555557,1.59715589615034,348.975114723416,0.321969696969697,"ord: dropped 1 empty level(s)"
"bace","rubin_types_mixed_BM_l1_r0.5_mcar0.3_n1000_M20_s42",1000,1,0.5,42,TRUE,1,0.00191938579654502,2.41722749158992,366.974525263118,0.361252731245448,"ord: dropped 1 empty level(s);cat3: dropped 1 empty level(s)"
"bace","rubin_types_mixed_BM_l1_r0.5_mcar0.3_n1000_M20_s43",1000,1,0.5,43,TRUE,1,0.002022115921158,1.39691892078822,393.092985123887,0.374938088162457,""
"bace","rubin_types_mixed_BM_l1_r0.5_mcar0.3_n1000_M20_s44",1000,1,0.5,44,TRUE,1,0.0391962148856167,4.66985953502764,572.707016123064,0.296499656829101,"bin: left out (1 observed class);ord: dropped 1 empty level(s)"
"bace","rubin_types_mixed_BM_l1_r0.5_mcar0.3_n1000_M20_s45",1000,1,0.5,45,TRUE,1,0.00799999999999992,1.96014747671292,343.140400881024,0.373452204061417,""
"bace","rubin_types_mixed_BM_l1_r0.5_mcar0.3_n1000_M20_s46",1000,1,0.5,46,TRUE,1,0.111111111111111,2.23321198556449,726.069002547864,0.361252731245448,"ord: dropped 1 empty level(s);cat3: dropped 1 empty level(s)"
"bace","rubin_types_mixed_BM_l1_r0.5_mcar0.3_n1000_M20_s47",1000,1,0.5,47,TRUE,1,0.135967563554452,2.06850958023026,242.396314817074,0.41025641025641,"ord: dropped 2 empty level(s)"
"bace","rubin_types_mixed_BM_l1_r0.5_mcar0.3_n1000_M20_s48",1000,1,0.5,48,TRUE,1,0.0185185185185185,2.16206174731502,792.636178868398,0.249089584850692,"ord: dropped 1 empty level(s);cat3: dropped 1 empty level(s)"
"bace","rubin_types_mixed_BM_l1_r0.5_mcar0.3_n1000_M20_s49",1000,1,0.5,49,TRUE,1,0.0909090909090909,1.68530147476653,271.477027327692,0.399350649350649,"ord: dropped 1 empty level(s)"
"bace","rubin_types_mixed_BM_l1_r0.5_mcar0.3_n1000_M20_s50",1000,1,0.5,50,TRUE,1,0.0161467093501189,2.26619402672367,263.636380049902,0.406141654284299,""
"bace","rubin_types_mixed_BM_l1_r0.5_mcar0.3_n1000_M20_s51",1000,1,0.5,51,TRUE,1,0.00317565489700381,1.38945713813588,284.728440774632,0.413075780089153,""
"bace","rubin_types_mixed_BM_l1_r0.5_mcar0.3_n1000_M20_s52",1000,1,0.5,52,TRUE,1,0.0014758391641581,1.05020224509488,716.800182714648,0.284777858703569,"ord: dropped 1 empty level(s);cat3: dropped 1 empty level(s)"
"bace","rubin_types_mixed_BM_l1_r0.5_mcar0.3_n1000_M20_s53",1000,1,0.5,53,TRUE,1,0.0153596081804133,1.38169408194505,430.691547421383,0.339276869737494,""
"bace","rubin_types_mixed_BM_l1_r0.5_mcar0.3_n1000_M20_s54",1000,1,0.5,54,TRUE,1,0.0476190476190475,0.945207822063796,197.216158082235,0.453689945517583,""
"bace","rubin_types_mixed_BM_l1_r0.5_mcar0.3_n1000_M20_s55",1000,1,0.5,55,TRUE,1,0.00947867298578205,3.23508596028576,189.38445108227,0.411589895988113,""
"bace","rubin_types_mixed_BM_l1_r0.5_mcar0.3_n1000_M20_s56",1000,1,0.5,56,FALSE,1,0.111111111111111,1.14845677296582,123.91617064083,0.474492322932145,""
"bace","rubin_types_mixed_BM_l1_r0.5_mcar0.3_n1000_M20_s57",1000,1,0.5,57,TRUE,1,0.00238553563649526,3.19528850444196,402.458312501922,0.378405151064884,""
"bace","rubin_types_mixed_BM_l1_r0.5_mcar0.3_n1000_M20_s58",1000,1,0.5,58,TRUE,1,0.00440528634361244,1.56378151225024,800.767640492025,0.288180610889774,"cat3: dropped 1 empty level(s)"
"bace","rubin_types_mixed_BM_l1_r0.5_mcar0.3_n1000_M20_s59",1000,1,0.5,59,TRUE,1,0.0137975702799145,1.04483370727142,391.220560762335,0.407467532467532,"ord: dropped 1 empty level(s)"
"bace","rubin_types_mixed_BM_l1_r0.5_mcar0.3_n1000_M20_s60",1000,1,0.5,60,TRUE,1,0.0642252208492251,1.16204048628256,184.891604326647,0.442660550458716,"ord: left out (1 observed class)"
"bace","rubin_types_mixed_BM_l1_r0.5_mcar0.3_n300_M20_s1",300,1,0.5,1,TRUE,1,0.0251855039669147,1.22526441248956,835.975848912135,0.349599417334304,"ord: dropped 1 empty level(s);cat3: dropped 1 empty level(s)"
"bace","rubin_types_mixed_BM_l1_r0.5_mcar0.3_n300_M20_s10",300,1,0.5,10,TRUE,1,1.07862331022746,1.12553858670803,49.9972292911172,0.59469696969697,"ord: dropped 1 empty level(s)"
"bace","rubin_types_mixed_BM_l1_r0.5_mcar0.3_n300_M20_s11",300,1,0.5,11,TRUE,1,0.0114942528735632,1.51568211721394,1180.1163888094,0.21856027753686,"cat3: left out (1 observed class)"
"bace","rubin_types_mixed_BM_l1_r0.5_mcar0.3_n300_M20_s12",300,1,0.5,12,TRUE,1,0.0185185185185185,2.46147690556666,321.925626806257,0.4210004952947,""
"bace","rubin_types_mixed_BM_l1_r0.5_mcar0.3_n300_M20_s13",300,1,0.5,13,TRUE,1,0.00241545893719806,1.44095732167485,363.67558844724,0.392273402674591,""
"bace","rubin_types_mixed_BM_l1_r0.5_mcar0.3_n300_M20_s14",300,1,0.5,14,FALSE,1,0.0714285714285715,3.88349351495018,848.028740581903,0.330662782228696,"ord: dropped 1 empty level(s);cat3: dropped 1 empty level(s)"
"bace","rubin_types_mixed_BM_l1_r0.5_mcar0.3_n300_M20_s15",300,1,0.5,15,TRUE,1,0.0619746830493732,0.982934267158476,210.515643532133,0.431401684001981,""
"bace","rubin_types_mixed_BM_l1_r0.5_mcar0.3_n300_M20_s16",300,1,0.5,16,FALSE,1,0.0380668728562894,2.36133073213819,143.221075125598,0.469539375928678,""
"bace","rubin_types_mixed_BM_l1_r0.5_mcar0.3_n300_M20_s17",300,1,0.5,17,TRUE,1,0.04127376953375,1.57569952695608,348.552893382741,0.45508658008658,"ord: dropped 1 empty level(s)"
"bace","rubin_types_mixed_BM_l1_r0.5_mcar0.3_n300_M20_s18",300,1,0.5,18,TRUE,1,0.00303030303030302,2.38378993311786,527.886453247643,0.330662782228696,"ord: dropped 1 empty level(s);cat3: dropped 1 empty level(s)"
"bace","rubin_types_mixed_BM_l1_r0.5_mcar0.3_n300_M20_s19",300,1,0.5,19,TRUE,1,0.0434782608695653,1.97178036438864,250.966022690182,0.468614718614719,"ord: dropped 1 empty level(s)"
"bace","rubin_types_mixed_BM_l1_r0.5_mcar0.3_n300_M20_s2",300,1,0.5,2,TRUE,1,1111111.11111111,0.868994186165114,35.5854592340434,0.591450216450216,"ord: dropped 1 empty level(s)"
"bace","rubin_types_mixed_BM_l1_r0.5_mcar0.3_n300_M20_s20",300,1,0.5,20,TRUE,1,0.0227272727272728,1.30613338663975,128.075573249303,0.485930735930736,"ord: dropped 1 empty level(s)"
"bace","rubin_types_mixed_BM_l1_r0.5_mcar0.3_n300_M20_s21",300,1,0.5,21,TRUE,1,0.0120970175421175,2.1080623366793,851.019883499137,0.278220451527224,"cat3: dropped 1 empty level(s)"
"bace","rubin_types_mixed_BM_l1_r0.5_mcar0.3_n300_M20_s22",300,1,0.5,22,TRUE,1,0.00611101231245866,1.66205201752315,145.537515127443,0.467062902426944,""
"bace","rubin_types_mixed_BM_l1_r0.5_mcar0.3_n300_M20_s23",300,1,0.5,23,TRUE,1,0.0128205128205128,1.14087882345729,259.453453078424,0.444279346210996,""
"bace","rubin_types_mixed_BM_l1_r0.5_mcar0.3_n300_M20_s24",300,1,0.5,24,FALSE,1,0.00785340314136123,2.10540603007506,601.316955632267,0.393299344501092,"ord: dropped 1 empty level(s);cat3: dropped 1 empty level(s)"
"bace","rubin_types_mixed_BM_l1_r0.5_mcar0.3_n300_M20_s25",300,1,0.5,25,TRUE,1,0.102258497130085,1.46720737537249,583.105478381822,0.410779315367808,"ord: dropped 1 empty level(s);cat3: dropped 1 empty level(s)"
"bace","rubin_types_mixed_BM_l1_r0.5_mcar0.3_n300_M20_s26",300,1,0.5,26,TRUE,1,0.145228215767635,1.0454176648046,32.8706901954654,0.582792207792208,"ord: dropped 1 empty level(s)"
"bace","rubin_types_mixed_BM_l1_r0.5_mcar0.3_n300_M20_s27",300,1,0.5,27,TRUE,1,0.111111111111111,2.89696251823141,323.950307886298,0.423476968796434,""
"bace","rubin_types_mixed_BM_l1_r0.5_mcar0.3_n300_M20_s28",300,1,0.5,28,TRUE,1,0.037562841050669,0.934223822217012,101.522665380291,0.498761763249133,""
"bace","rubin_types_mixed_BM_l1_r0.5_mcar0.3_n300_M20_s3",300,1,0.5,3,TRUE,1,0.0526315789473684,1.16043790261956,122.964587257305,0.488855869242199,""
"bace","rubin_types_mixed_BM_l1_r0.5_mcar0.3_n300_M20_s30",300,1,0.5,30,TRUE,1,0.0454545454545454,1.43802599432196,279.505536831366,0.428571428571429,"ord: dropped 1 empty level(s)"
"bace","rubin_types_mixed_BM_l1_r0.5_mcar0.3_n300_M20_s31",300,1,0.5,31,TRUE,1,0.0462864566383081,1.13676254600604,388.265103256163,0.397260273972603,"bin: left out (1 observed class)"
"bace","rubin_types_mixed_BM_l1_r0.5_mcar0.3_n300_M20_s32",300,1,0.5,32,FALSE,1,1,1.99909297512728,96.207079191441,0.504329004329004,"ord: dropped 1 empty level(s)"
"bace","rubin_types_mixed_BM_l1_r0.5_mcar0.3_n300_M20_s33",300,1,0.5,33,TRUE,1,0.0529251052125487,1.5196382907106,193.714394576423,0.470529965329371,""
"bace","rubin_types_mixed_BM_l1_r0.5_mcar0.3_n300_M20_s34",300,1,0.5,34,TRUE,1,0.0344827586206897,1.41583700981933,189.14424153054,0.447251114413076,""
"bace","rubin_types_mixed_BM_l1_r0.5_mcar0.3_n300_M20_s35",300,1,0.5,35,TRUE,1,0.00106788247089853,2.28604817039431,395.476505095048,0.438852813852814,"ord: dropped 1 empty level(s)"
"bace","rubin_types_mixed_BM_l1_r0.5_mcar0.3_n300_M20_s37",300,1,0.5,37,TRUE,1,0.0232558139534883,1.45313325883313,473.29782718835,0.432258064516129,"ord: dropped 2 empty level(s);cat3: dropped 1 empty level(s)"
"bace","rubin_types_mixed_BM_l1_r0.5_mcar0.3_n300_M20_s38",300,1,0.5,38,TRUE,1,0.00856531049250532,1.90362464216003,189.682894462728,0.461538461538462,"ord: dropped 2 empty level(s)"
"bace","rubin_types_mixed_BM_l1_r0.5_mcar0.3_n300_M20_s39",300,1,0.5,39,TRUE,1,0.0416666666666667,1.86155223843959,275.936921743178,0.453194650817236,""
"bace","rubin_types_mixed_BM_l1_r0.5_mcar0.3_n300_M20_s4",300,1,0.5,4,FALSE,1,0.142857142857143,2.69155629979191,148.497481381996,0.481060606060606,"ord: dropped 1 empty level(s)"
"bace","rubin_types_mixed_BM_l1_r0.5_mcar0.3_n300_M20_s41",300,1,0.5,41,TRUE,1,0.0839826299557884,0.985169929134102,43.1273894839913,0.58791480931154,""
"bace","rubin_types_mixed_BM_l1_r0.5_mcar0.3_n300_M20_s42",300,1,0.5,42,TRUE,1,0.023787693488644,3.33720187783095,246.936777921603,0.426448736998514,""
"bace","rubin_types_mixed_BM_l1_r0.5_mcar0.3_n300_M20_s43",300,1,0.5,43,TRUE,1,0.0102150988682517,2.8281023348594,490.127891065846,0.429420505200594,""
"bace","rubin_types_mixed_BM_l1_r0.5_mcar0.3_n300_M20_s44",300,1,0.5,44,FALSE,1,0.125,1.40790326010646,81.6797045137266,0.520059435364042,""
"bace","rubin_types_mixed_BM_l1_r0.5_mcar0.3_n300_M20_s45",300,1,0.5,45,TRUE,1,0.0270270270270269,2.61991000456515,109.601525962996,0.495789995047053,""
"bace","rubin_types_mixed_BM_l1_r0.5_mcar0.3_n300_M20_s46",300,1,0.5,46,TRUE,1,0.0234876898288363,0.970389219245381,58.5212938843708,0.53689945517583,""
"bace","rubin_types_mixed_BM_l1_r0.5_mcar0.3_n300_M20_s47",300,1,0.5,47,TRUE,1,0.5,1.13173746986177,194.781524760311,0.434373452204061,""
"bace","rubin_types_mixed_BM_l1_r0.5_mcar0.3_n300_M20_s48",300,1,0.5,48,TRUE,1,0.0121173879117968,1.457102922424,185.461110674428,0.47700754975978,"bin: left out (1 observed class);ord: dropped 1 empty level(s)"
"bace","rubin_types_mixed_BM_l1_r0.5_mcar0.3_n300_M20_s49",300,1,0.5,49,TRUE,1,0.0034348569302739,2.29303442863875,264.374310597381,0.449016100178891,"ord: dropped 2 empty level(s)"
"bace","rubin_types_mixed_BM_l1_r0.5_mcar0.3_n300_M20_s5",300,1,0.5,5,TRUE,1,0.0434782608695653,1.28465088198007,121.272477881679,0.496212121212121,"ord: dropped 1 empty level(s)"
"bace","rubin_types_mixed_BM_l1_r0.5_mcar0.3_n300_M20_s50",300,1,0.5,50,TRUE,1,0.125,2.40055753082669,244.650542718162,0.474987617632491,""
"bace","rubin_types_mixed_BM_l1_r0.5_mcar0.3_n300_M20_s51",300,1,0.5,51,TRUE,1,0.012259503316299,1.20428551744083,456.393607859767,0.364541832669323,"cat3: dropped 1 empty level(s)"
"bace","rubin_types_mixed_BM_l1_r0.5_mcar0.3_n300_M20_s6",300,1,0.5,6,TRUE,1,0.0357142857142858,1.37633863434807,1012.81088231439,0.362096774193548,"ord: dropped 2 empty level(s);cat3: dropped 1 empty level(s)"
"bace","rubin_types_mixed_BM_l1_r0.5_mcar0.3_n300_M20_s7",300,1,0.5,7,TRUE,1,0.213966033905563,1.417745152534,131.997273835986,0.467062902426944,""
"bace","rubin_types_mixed_BM_l1_r0.5_mcar0.3_n300_M20_s8",300,1,0.5,8,TRUE,1,0.0151515151515153,1.03054467202593,799.67074217259,0.287516600265604,"cat3: dropped 1 empty level(s)"
"bace","rubin_types_mixed_BM_l1_r0.5_mcar0.3_n300_M20_s9",300,1,0.5,9,TRUE,1,0.0273972602739726,1.57149003016383,68.7517690761165,0.53541357107479,""
"bace","rubin_types_mixed_BM_l0.3_r0_mcar0.3_n100_M20_s101",100,0.3,0,101,FALSE,1,4.4396303314869,0.980124146837755,682.574152915959,0.469539375928678,""
"bace","rubin_types_mixed_BM_l0.3_r0_mcar0.3_n100_M20_s102",100,0.3,0,102,FALSE,1,0.5,1.55447396087992,842.248470555,0.443784051510649,""
"bace","rubin_types_mixed_BM_l0.3_r0_mcar0.3_n100_M20_s103",100,0.3,0,103,FALSE,1,0.679315491106495,1.30508084639919,805.740621165848,0.417533432392273,""
"bace","rubin_types_mixed_BM_l0.3_r0_mcar0.3_n100_M20_s104",100,0.3,0,104,FALSE,1,0.5,1.13438742527742,978.668952291538,0.453689945517583,""
"bace","rubin_types_mixed_BM_l0.3_r0_mcar0.3_n100_M20_s105",100,0.3,0,105,FALSE,1,1.2,1.06514553044447,1274.92635713208,0.428429915799901,""
"bace","rubin_types_mixed_BM_l0.3_r0_mcar0.3_n100_M20_s106",100,0.3,0,106,FALSE,1,1.23145114987231,1.02673636352203,781.442729500809,0.41802872709262,""
"bace","rubin_types_mixed_BM_l0.3_r0_mcar0.3_n100_M20_s107",100,0.3,0,107,FALSE,1,149.042620696589,0.766702660129137,1259.88578910872,0.417038137691927,""
"bace","rubin_types_mixed_BM_l0.3_r0_mcar0.3_n100_M20_s108",100,0.3,0,108,FALSE,1,37.9259553535405,1.36518300256081,533.09400835887,0.473006438831104,""
"bace","rubin_types_mixed_BM_l0.3_r0_mcar0.3_n100_M20_s109",100,0.3,0,109,FALSE,1,0.721766829378495,1.86604353906545,1373.05543597842,0.378405151064884,""
"bace","rubin_types_mixed_BM_l0.3_r0_mcar0.3_n100_M20_s110",100,0.3,0,110,FALSE,1,4.11922614955868,1.89273866024082,1030.4422495253,0.421495789995047,""
"bace","rubin_types_mixed_BM_l0.3_r0_mcar0.3_n100_M20_s111",100,0.3,0,111,FALSE,1,1.61809197035975,1.05088182191872,657.926540977271,0.469044081228331,""
"bace","rubin_types_mixed_BM_l0.3_r0_mcar0.3_n100_M20_s112",100,0.3,0,112,FALSE,1,2.2414207402009,1.27719569074378,886.813497045386,0.434373452204061,""
"bace","rubin_types_mixed_BM_l0.3_r0_mcar0.3_n100_M20_s113",100,0.3,0,113,FALSE,1,0.2,1.18415814951909,1190.18307716703,0.418524021792967,""
"bace","rubin_types_mixed_BM_l0.3_r0_mcar0.3_n100_M20_s114",100,0.3,0,114,FALSE,1,0.583333333333333,1.1682910800882,587.248576968968,0.464091134224864,""
"bace","rubin_types_mixed_BM_l0.3_r0_mcar0.3_n100_M20_s115",100,0.3,0,115,FALSE,1,0.25,1.63009687886559,1089.21233185841,0.436849925705795,""
"bace","rubin_types_mixed_BM_l0.3_r0_mcar0.3_n100_M20_s116",100,0.3,0,116,FALSE,1,0.831193314995571,1.66730669924408,1408.67563444244,0.324913323427439,""
"bace","rubin_types_mixed_BM_l0.3_r0_mcar0.3_n100_M20_s117",100,0.3,0,117,FALSE,1,3.95047420118239,1.12105259925615,843.640378528222,0.426944031698861,""
"bace","rubin_types_mixed_BM_l0.3_r0_mcar0.3_n100_M20_s118",100,0.3,0,118,FALSE,1,1.96299037550478,1.25130798594554,1270.72932020945,0.37592867756315,""
"bace","rubin_types_mixed_BM_l0.3_r0_mcar0.3_n100_M20_s119",100,0.3,0,119,FALSE,1,0.3,1.60924388889682,977.776024609195,0.414561664190193,""
"bace","rubin_types_mixed_BM_l0.3_r0_mcar0.3_n100_M20_s120",100,0.3,0,120,FALSE,1,4.63563957445791,1.71645056460229,1434.73633525772,0.38187221396731,""
"bace","rubin_types_mixed_BM_l0.3_r0_mcar0.3_n100_M20_s121",100,0.3,0,121,FALSE,1,0.5,1.70393193368789,360.088335273497,0.466072313026251,""
"bace","rubin_types_mixed_BM_l0.3_r0_mcar0.3_n100_M20_s122",100,0.3,0,122,FALSE,1,0.563907527481399,1.40797056629469,671.843546696762,0.465081723625557,""
"bace","rubin_types_mixed_BM_l0.3_r0_mcar0.3_n100_M20_s123",100,0.3,0,123,FALSE,1,4.54341286596322,1.73967819197899,1130.22651532029,0.41208519068846,""
"bace","rubin_types_mixed_BM_l0.3_r0_mcar0.3_n100_M20_s124",100,0.3,0,124,FALSE,1,0.590592115595771,1.28538375695381,1090.839026035,0.402179296681526,""
"bace","rubin_types_mixed_BM_l0.3_r0_mcar0.3_n100_M20_s125",100,0.3,0,125,FALSE,1,1,0.928864751420995,945.307015123235,0.424962852897474,""
"bace","rubin_types_mixed_BM_l0.3_r0_mcar0.3_n100_M20_s126",100,0.3,0,126,FALSE,1,0.440186364850165,1.13491181766815,1146.16158458785,0.46310054482417,""
"bace","rubin_types_mixed_BM_l0.3_r0_mcar0.3_n100_M20_s127",100,0.3,0,127,FALSE,1,1,2.18838745330409,1240.03972699746,0.402179296681526,""
"bace","rubin_types_mixed_BM_l0.3_r0_mcar0.3_n100_M20_s128",100,0.3,0,128,FALSE,1,0.3926111189479,1.56001220140505,1024.30703411647,0.369489846458643,""
"bace","rubin_types_mixed_BM_l0.3_r0_mcar0.3_n100_M20_s129",100,0.3,0,129,FALSE,1,0.272845754437988,0.767784926228055,969.997883658842,0.417038137691927,""
"bace","rubin_types_mixed_BM_l0.3_r0_mcar0.3_n100_M20_s130",100,0.3,0,130,FALSE,1,0.770485275205451,1.21154949251882,1264.79794638729,0.41505695889054,""
"bace","rubin_types_mixed_BM_l0.3_r0_mcar0.3_n100_M20_s131",100,0.3,0,131,FALSE,1,0.5,1.31517604607262,1390.89205121104,0.358098068350669,""
"bace","rubin_types_mixed_BM_l0.3_r0_mcar0.3_n100_M20_s132",100,0.3,0,132,FALSE,1,0.833333333333333,1.01660985653597,777.293929527821,0.440316988608222,""
"bace","rubin_types_mixed_BM_l0.3_r0_mcar0.3_n100_M20_s133",100,0.3,0,133,FALSE,1,0.833333333333333,1.63305408958862,1488.18507186728,0.371966319960376,""
"bace","rubin_types_mixed_BM_l0.3_r0_mcar0.3_n100_M20_s134",100,0.3,0,134,FALSE,1,5.48367190514135,1.31721922362335,1317.6941538576,0.424467558197127,""
"bace","rubin_types_mixed_BM_l0.3_r0_mcar0.3_n100_M20_s135",100,0.3,0,135,FALSE,1,0.3,1.2017272325896,1301.310724167,0.400693412580485,""
"bace","rubin_types_mixed_BM_l0.3_r0_mcar0.3_n100_M20_s136",100,0.3,0,136,TRUE,1,1.63349579900411,1.54683446523073,375.801663766418,0.468548786527984,""
"bace","rubin_types_mixed_BM_l0.3_r0_mcar0.3_n100_M20_s137",100,0.3,0,137,FALSE,1,3.88750924771349,1.20155366168772,1294.33322505982,0.399207528479445,""
"bace","rubin_types_mixed_BM_l0.3_r0_mcar0.3_n100_M20_s138",100,0.3,0,138,FALSE,1,6.06722333417835,1.23177169899128,1222.42098543512,0.439326399207528,""
"bace","rubin_types_mixed_BM_l0.3_r0_mcar0.3_n100_M20_s139",100,0.3,0,139,FALSE,1,1.44646202024579,1.78986144667829,1231.32666512103,0.393263992075285,""
"bace","rubin_types_mixed_BM_l0.3_r0_mcar0.3_n100_M20_s140",100,0.3,0,140,FALSE,1,0.594156017109729,1.48572184515702,718.752800450774,0.422981674096087,""
"bace","rubin_types_mixed_BM_l0.3_r0_mcar0.3_n100_M20_s141",100,0.3,0,141,FALSE,1,0.666666666666667,1.2458491259108,652.03333793249,0.45269935611689,""
"bace","rubin_types_mixed_BM_l0.3_r0_mcar0.3_n100_M20_s142",100,0.3,0,142,FALSE,1,27.4904175167938,1.78573525963389,645.871519835328,0.465577018325904,""
"bace","rubin_types_mixed_BM_l0.3_r0_mcar0.3_n100_M20_s143",100,0.3,0,143,FALSE,1,0.3,1.26271838284813,511.360254837934,0.466567607726597,""
"bace","rubin_types_mixed_BM_l0.3_r0_mcar0.3_n100_M20_s144",100,0.3,0,144,FALSE,1,1.74079078048237,1.85576250322031,1236.76044092578,0.403665180782566,""
"bace","rubin_types_mixed_BM_l0.3_r0_mcar0.3_n100_M20_s145",100,0.3,0,145,FALSE,1,1,1.32454166115223,1245.64200269667,0.400693412580485,""
"bace","rubin_types_mixed_BM_l0.3_r0_mcar0.3_n100_M20_s146",100,0.3,0,146,FALSE,1,1.39067589987991,1.0655830239604,555.526051193417,0.456661713719663,""
"bace","rubin_types_mixed_BM_l0.3_r0_mcar0.3_n100_M20_s147",100,0.3,0,147,FALSE,1,4.75648662774573,1.52177533661786,427.182556319226,0.470529965329371,""
"bace","rubin_types_mixed_BM_l0.3_r0_mcar0.3_n100_M20_s148",100,0.3,0,148,FALSE,1,0.75,0.850461767215477,1290.7783212471,0.331352154531946,""
"bace","rubin_types_mixed_BM_l0.3_r0_mcar0.3_n100_M20_s149",100,0.3,0,149,FALSE,1,0.457677779678149,1.0831619706028,695.284312245656,0.381376919266964,""
"bace","rubin_types_mixed_BM_l0.3_r0_mcar0.3_n100_M20_s150",100,0.3,0,150,FALSE,1,2.27411641689151,1.17653506718421,515.960234562566,0.46161466072313,""
"bace","rubin_types_mixed_BM_l0.3_r0_mcar0.3_n100_M20_s151",100,0.3,0,151,FALSE,1,2.48620690120699,1.5515258914293,959.039586118407,0.451213472015849,""
"bace","rubin_types_mixed_BM_l0.3_r0_mcar0.3_n100_M20_s152",100,0.3,0,152,FALSE,1,0.2,2.0250352869544,1318.90647787223,0.366518078256563,""
"bace","rubin_types_mixed_BM_l0.3_r0_mcar0.3_n100_M20_s153",100,0.3,0,153,FALSE,1,0.410879134311579,1.27519103288622,1243.79398445552,0.421991084695394,""
"bace","rubin_types_mixed_BM_l0.3_r0_mcar0.3_n100_M20_s154",100,0.3,0,154,FALSE,1,0.3,1.27192656505441,1361.24321147614,0.420009905894007,""
"bace","rubin_types_mixed_BM_l0.3_r0_mcar0.3_n100_M20_s155",100,0.3,0,155,FALSE,1,1.08661598570013,1.22693314578314,721.764891956593,0.436849925705795,""
"bace","rubin_types_mixed_BM_l0.3_r0_mcar0.3_n100_M20_s156",100,0.3,0,156,FALSE,1,1.2905990273461,1.50738324104157,1331.56275251041,0.366518078256563,""
"bace","rubin_types_mixed_BM_l0.3_r0_mcar0.3_n100_M20_s157",100,0.3,0,157,FALSE,1,0.393258426966292,1.66479716380967,1311.05892391657,0.384843982169391,""
"bace","rubin_types_mixed_BM_l0.3_r0_mcar0.3_n100_M20_s158",100,0.3,0,158,FALSE,1,1.01581510415649,1.42950607257821,1150.93763680311,0.391778107974245,""
"bace","rubin_types_mixed_BM_l0.3_r0_mcar0.3_n100_M20_s159",100,0.3,0,159,FALSE,1,19.5404443840476,1.32889486223306,1356.69802402717,0.393759286775631,""
"bace","rubin_types_mixed_BM_l0.3_r0_mcar0.3_n100_M20_s160",100,0.3,0,160,FALSE,1,1.22946186896018,1.3204531528437,724.191065389749,0.45269935611689,""
"bace","rubin_types_mixed_BM_l0.3_r0_mcar0.3_n100_M20_s161",100,0.3,0,161,FALSE,1,0.333333333333333,1.26821307189156,1034.13482609883,0.406636948984646,""
"bace","rubin_types_mixed_BM_l0.3_r0_mcar0.3_n100_M20_s162",100,0.3,0,162,FALSE,1,0.447250806540522,1.39903656913919,1278.36148074467,0.417038137691927,""
"bace","rubin_types_mixed_BM_l0.3_r0_mcar0.3_n100_M20_s163",100,0.3,0,163,FALSE,1,10.1988092844759,1.50211259759509,1465.45948721076,0.36998514115899,""
"bace","rubin_types_mixed_BM_l0.3_r0_mcar0.3_n100_M20_s164",100,0.3,0,164,FALSE,1,0.443783437997371,0.946446414994873,822.218547066301,0.460624071322437,""
"bace","rubin_types_mixed_BM_l0.3_r0_mcar0.3_n100_M20_s165",100,0.3,0,165,TRUE,1,0.36383370265202,1.4806104645917,1335.08055692317,0.426944031698861,""
"bace","rubin_types_mixed_BM_l0.3_r0_mcar0.3_n100_M20_s166",100,0.3,0,166,FALSE,1,3.55371786166074,0.904624782565636,849.917341689494,0.420009905894007,""
"bace","rubin_types_mixed_BM_l0.3_r0_mcar0.3_n100_M20_s167",100,0.3,0,167,FALSE,1,1.19591225175042,0.992211406691077,677.841187505995,0.442298167409609,""
"bace","rubin_types_mixed_BM_l0.3_r0_mcar0.3_n100_M20_s168",100,0.3,0,168,TRUE,1,1.25,1.85293481925371,1210.17409887843,0.396731054977712,""
"bace","rubin_types_mixed_BM_l0.3_r0_mcar0.3_n100_M20_s169",100,0.3,0,169,TRUE,1,1.56989442559553,1.63710421014048,1233.03463072117,0.441802872709262,""
"bace","rubin_types_mixed_BM_l0.3_r0_mcar0.3_n100_M20_s170",100,0.3,0,170,FALSE,1,0.658450334796496,1.05221966119795,48.8628113502971,0.518078256562655,""
"bace","rubin_types_mixed_BM_l0.3_r0_mcar0.3_n100_M20_s171",100,0.3,0,171,FALSE,1,0.298193228963526,1.0782665550954,754.292168597068,0.465081723625557,""
"bace","rubin_types_mixed_BM_l0.3_r0_mcar0.3_n100_M20_s172",100,0.3,0,172,FALSE,1,2.87003390363832,1.5180775184596,830.37419953908,0.433382862803368,""
"bace","rubin_types_mixed_BM_l0.3_r0_mcar0.3_n100_M20_s173",100,0.3,0,173,FALSE,1,0.511029411764706,1.00327759100709,1125.82640540421,0.474987617632491,""
"bace","rubin_types_mixed_BM_l0.3_r0_mcar0.3_n100_M20_s174",100,0.3,0,174,FALSE,1,0.615384615384616,1.68527237953015,1257.07464514356,0.390292223873205,""
"bace","rubin_types_mixed_BM_l0.3_r0_mcar0.3_n100_M20_s175",100,0.3,0,175,FALSE,1,1.16666666666667,1.54715482408963,1236.97191005376,0.412580485388806,""
"bace","rubin_types_mixed_BM_l0.3_r0_mcar0.3_n100_M20_s176",100,0.3,0,176,FALSE,1,0.875,1.80738851768004,1383.35167722308,0.414561664190193,""
"bace","rubin_types_mixed_BM_l0.3_r0_mcar0.3_n100_M20_s177",100,0.3,0,177,FALSE,1,0.995972967836071,1.45893927658431,1375.23000639993,0.365032194155523,""
"bace","rubin_types_mixed_BM_l0.3_r0_mcar0.3_n100_M20_s178",100,0.3,0,178,FALSE,1,0.4,1.50547899525726,447.907634644875,0.474987617632491,""
"bace","rubin_types_mixed_BM_l0.3_r0_mcar0.3_n100_M20_s179",100,0.3,0,179,TRUE,1,0.640625,1.21323787140871,1044.42854357375,0.404160475482912,""
"bace","rubin_types_mixed_BM_l0.3_r0_mcar0.3_n100_M20_s180",100,0.3,0,180,TRUE,1,0.448874900098033,1.29247307885096,1326.81472237842,0.399207528479445,""
"bace","rubin_types_mixed_BM_l0.3_r0_mcar0.3_n100_M20_s181",100,0.3,0,181,FALSE,1,3,1.65604918446012,1386.67394100637,0.402674591381872,""
"bace","rubin_types_mixed_BM_l0.3_r0_mcar0.3_n100_M20_s182",100,0.3,0,182,FALSE,1,1.25,1.55995659776633,468.089831357126,0.471025260029718,""
"bace","rubin_types_mixed_BM_l0.3_r0_mcar0.3_n100_M20_s183",100,0.3,0,183,FALSE,1,0.375,1.3647211917167,1176.61561972128,0.375433382862803,""
"bace","rubin_types_mixed_BM_l0.3_r0_mcar0.3_n100_M20_s184",100,0.3,0,184,FALSE,1,1.1954346515951,1.70488130544032,1133.7857854327,0.431401684001981,""
"bace","rubin_types_mixed_BM_l0.3_r0_mcar0.3_n100_M20_s185",100,0.3,0,185,FALSE,1,0.75092551269817,1.11515994981779,351.822148480071,0.480435859336305,""
"bace","rubin_types_mixed_BM_l0.3_r0_mcar0.3_n100_M20_s186",100,0.3,0,186,FALSE,1,2.82607373468464,1.27546914349536,940.440498236398,0.448736998514116,""
"bace","rubin_types_mixed_BM_l0.3_r0_mcar0.3_n100_M20_s187",100,0.3,0,187,FALSE,1,0.7,1.45582534852912,393.875579792019,0.473006438831104,""
"bace","rubin_types_mixed_BM_l0.3_r0_mcar0.3_n100_M20_s188",100,0.3,0,188,FALSE,1,2.55576016411396,1.57318931805298,1394.01754948299,0.349678058444775,""
"bace","rubin_types_mixed_BM_l0.3_r0_mcar0.3_n100_M20_s189",100,0.3,0,189,FALSE,1,2,1.06240844687877,1128.14039288839,0.391282813273898,""
"bace","rubin_types_mixed_BM_l0.3_r0_mcar0.3_n100_M20_s190",100,0.3,0,190,FALSE,1,2.5,1.83462592636112,1361.39149605721,0.333333333333333,""
"bace","rubin_types_mixed_BM_l0.3_r0_mcar0.3_n100_M20_s191",100,0.3,0,191,FALSE,1,0.641556011407387,1.80278786888709,1333.167975276,0.374938088162457,""
"bace","rubin_types_mixed_BM_l0.3_r0_mcar0.3_n100_M20_s192",100,0.3,0,192,FALSE,1,0.351947373739081,1.4216371659063,1215.12725766819,0.431896978702328,""
"bace","rubin_types_mixed_BM_l0.3_r0_mcar0.3_n100_M20_s193",100,0.3,0,193,FALSE,1,2.82115474532729,1.26893375899836,1128.63570605851,0.389796929172858,""
"bace","rubin_types_mixed_BM_l0.3_r0_mcar0.3_n100_M20_s194",100,0.3,0,194,FALSE,1,0.333333333333333,1.49590055084301,1307.71884592509,0.356116889549282,""
"bace","rubin_types_mixed_BM_l0.3_r0_mcar0.3_n100_M20_s195",100,0.3,0,195,FALSE,1,1.08122653703773,1.51729807001665,1048.54878905807,0.41208519068846,""
"bace","rubin_types_mixed_BM_l0.3_r0_mcar0.3_n100_M20_s196",100,0.3,0,196,FALSE,1,1.03875183969741,1.15424636830001,1294.97257362664,0.389301634472511,""
"bace","rubin_types_mixed_BM_l0.3_r0_mcar0.3_n100_M20_s197",100,0.3,0,197,FALSE,1,0.956253362767164,1.57001266514203,1466.14993922388,0.321941555225359,""
"bace","rubin_types_mixed_BM_l0.3_r0_mcar0.3_n100_M20_s198",100,0.3,0,198,FALSE,1,0.249065374833834,1.30359379072408,1080.49473181846,0.430906389301634,""
"bace","rubin_types_mixed_BM_l0.3_r0_mcar0.3_n100_M20_s199",100,0.3,0,199,FALSE,1,3.42260995437355,1.56621027467641,962.622951184778,0.362555720653789,""
"bace","rubin_types_mixed_BM_l0.3_r0_mcar0.3_n100_M20_s200",100,0.3,0,200,FALSE,1,0.123376623376623,1.28640478083216,1312.67594650586,0.41059930658742,""
"bace","rubin_types_mixed_BM_l0.3_r0_mcar0.3_n1000_M20_s100",1000,0.3,0,100,TRUE,1,0.376409103091113,53.1998378791669,1600,0.00247647350173353,""
"bace","rubin_types_mixed_BM_l0.3_r0_mcar0.3_n1000_M20_s61",1000,0.3,0,61,TRUE,1,0.155584537590899,50.7278421953107,1600,0.00495294700346706,""
"bace","rubin_types_mixed_BM_l0.3_r0_mcar0.3_n1000_M20_s62",1000,0.3,0,62,FALSE,1,0.708343729993943,41.5225729065895,1600,0.00594353640416048,""
"bace","rubin_types_mixed_BM_l0.3_r0_mcar0.3_n1000_M20_s63",1000,0.3,0,63,FALSE,1,0.196132210102788,17.2700594331385,1600,0.00742942050520059,""
"bace","rubin_types_mixed_BM_l0.3_r0_mcar0.3_n1000_M20_s64",1000,0.3,0,64,FALSE,1,0.725701692713575,69.4257902945368,1600,0.00346706290242694,""
"bace","rubin_types_mixed_BM_l0.3_r0_mcar0.3_n1000_M20_s65",1000,0.3,0,65,FALSE,1,0.874674428610036,37.3594937641546,1600,0.00198117880138683,""
"bace","rubin_types_mixed_BM_l0.3_r0_mcar0.3_n1000_M20_s66",1000,0.3,0,66,FALSE,1,0.214285714285714,56.4936726733688,1600,0.00495294700346706,""
"bace","rubin_types_mixed_BM_l0.3_r0_mcar0.3_n1000_M20_s67",1000,0.3,0,67,TRUE,1,3.08982962510211,46.5483023212657,1600,0.00148588410104012,""
"bace","rubin_types_mixed_BM_l0.3_r0_mcar0.3_n1000_M20_s68",1000,0.3,0,68,FALSE,1,0.875,43.0131314568192,1600,0.00594353640416048,""
"bace","rubin_types_mixed_BM_l0.3_r0_mcar0.3_n1000_M20_s69",1000,0.3,0,69,FALSE,1,0.295845656113437,78.7294547057036,1600,0.00247647350173353,""
"bace","rubin_types_mixed_BM_l0.3_r0_mcar0.3_n1000_M20_s70",1000,0.3,0,70,FALSE,1,5.22750860014723,31.322291033865,1600,0.00396235760277365,""
"bace","rubin_types_mixed_BM_l0.3_r0_mcar0.3_n1000_M20_s72",1000,0.3,0,72,TRUE,1,0.294117647058824,25.1098064520675,1600,0.00742942050520059,""
"bace","rubin_types_mixed_BM_l0.3_r0_mcar0.3_n1000_M20_s73",1000,0.3,0,73,FALSE,1,2.61080605279398,24.2609621725197,1600,0.00643883110450718,""
"bace","rubin_types_mixed_BM_l0.3_r0_mcar0.3_n1000_M20_s74",1000,0.3,0,74,FALSE,1,0.196408128856432,62.2348874741189,1600,0.00247647350173353,""
"bace","rubin_types_mixed_BM_l0.3_r0_mcar0.3_n1000_M20_s75",1000,0.3,0,75,FALSE,1,0.275666773030325,53.5210193605482,1600,0.00495294700346706,""
"bace","rubin_types_mixed_BM_l0.3_r0_mcar0.3_n1000_M20_s76",1000,0.3,0,76,FALSE,1,0.482758620689655,42.5507394632562,1600,0.00297176820208024,""
"bace","rubin_types_mixed_BM_l0.3_r0_mcar0.3_n1000_M20_s77",1000,0.3,0,77,FALSE,1,0.4,81.3918822789248,1600,0.000990589400693413,""
"bace","rubin_types_mixed_BM_l0.3_r0_mcar0.3_n1000_M20_s78",1000,0.3,0,78,FALSE,1,0.254704756133594,28.1017250348632,1600,0.00742942050520059,""
"bace","rubin_types_mixed_BM_l0.3_r0_mcar0.3_n1000_M20_s79",1000,0.3,0,79,FALSE,1,8.08886327642447,55.5813203694665,1600,0.00445765230312036,""
"bace","rubin_types_mixed_BM_l0.3_r0_mcar0.3_n1000_M20_s83",1000,0.3,0,83,FALSE,1,2.7474485267882,61.4936530960709,1600,0.00396235760277365,""
"bace","rubin_types_mixed_BM_l0.3_r0_mcar0.3_n1000_M20_s84",1000,0.3,0,84,FALSE,1,0.232678190860648,59.2748587226997,1600,0.00297176820208024,""
"bace","rubin_types_mixed_BM_l0.3_r0_mcar0.3_n1000_M20_s85",1000,0.3,0,85,FALSE,1,2.77825531857134,35.0404129048082,1600,0.00594353640416048,""
"bace","rubin_types_mixed_BM_l0.3_r0_mcar0.3_n1000_M20_s86",1000,0.3,0,86,FALSE,1,0.16697247706422,55.3367549796455,1600,0.00346706290242694,""
"bace","rubin_types_mixed_BM_l0.3_r0_mcar0.3_n1000_M20_s87",1000,0.3,0,87,FALSE,1,0.541035175500705,51.2825066371068,1600,0.00544824170381377,""
"bace","rubin_types_mixed_BM_l0.3_r0_mcar0.3_n1000_M20_s88",1000,0.3,0,88,TRUE,1,0.144288157720817,44.2416303470557,1600,0.00495294700346706,""
"bace","rubin_types_mixed_BM_l0.3_r0_mcar0.3_n1000_M20_s89",1000,0.3,0,89,TRUE,1,0.105882352941176,47.4331800688368,1600,0.00544824170381377,""
"bace","rubin_types_mixed_BM_l0.3_r0_mcar0.3_n1000_M20_s90",1000,0.3,0,90,TRUE,1,0.072463768115942,28.83074171949,1600,0.00594353640416048,""
"bace","rubin_types_mixed_BM_l0.3_r0_mcar0.3_n1000_M20_s91",1000,0.3,0,91,FALSE,1,0.253958404097096,34.3816269312868,1600,0.00495294700346706,""
"bace","rubin_types_mixed_BM_l0.3_r0_mcar0.3_n1000_M20_s92",1000,0.3,0,92,TRUE,1,0.461803040073322,55.3561849490846,1600,0.00247647350173353,""
"bace","rubin_types_mixed_BM_l0.3_r0_mcar0.3_n1000_M20_s93",1000,0.3,0,93,FALSE,1,0.227272727272727,27.5257937773073,1600,0.00544824170381377,""
"bace","rubin_types_mixed_BM_l0.3_r0_mcar0.3_n1000_M20_s94",1000,0.3,0,94,TRUE,1,0.132876370960018,101.946731183818,1600,0,""
"bace","rubin_types_mixed_BM_l0.3_r0_mcar0.3_n1000_M20_s95",1000,0.3,0,95,FALSE,1,0.875,36.0392339137224,1600,0.00445765230312036,""
"bace","rubin_types_mixed_BM_l0.3_r0_mcar0.3_n1000_M20_s96",1000,0.3,0,96,TRUE,1,0.234324912495652,51.0246237856382,1600,0.00346706290242694,""
"bace","rubin_types_mixed_BM_l0.3_r0_mcar0.3_n1000_M20_s97",1000,0.3,0,97,FALSE,1,0.567357898930081,42.033188959972,1600,0.00495294700346706,""
"bace","rubin_types_mixed_BM_l0.3_r0_mcar0.3_n1000_M20_s98",1000,0.3,0,98,FALSE,1,2.96424042870274,43.2909952956196,1600,0.00297176820208024,""
"bace","rubin_types_mixed_BM_l0.3_r0_mcar0.3_n1000_M20_s99",1000,0.3,0,99,FALSE,1,0.120689655172414,59.3586500140779,1600,0.00297176820208024,""
"bace","rubin_types_mixed_BM_l0.3_r0_mcar0.3_n300_M20_s100",300,0.3,0,100,FALSE,1,0.310822979448347,2.10081576035203,1600,0.106983655274889,""
"bace","rubin_types_mixed_BM_l0.3_r0_mcar0.3_n300_M20_s101",300,0.3,0,101,TRUE,1,0.333333333333333,4.40026678151147,1600,0.00742942050520059,""
"bace","rubin_types_mixed_BM_l0.3_r0_mcar0.3_n300_M20_s102",300,0.3,0,102,FALSE,1,0.916666666666667,1.08421473747786,1600,0.0658741951461119,""
"bace","rubin_types_mixed_BM_l0.3_r0_mcar0.3_n300_M20_s52",300,0.3,0,52,FALSE,1,4.74720242330351,11.4569465971367,1600,0.0108964834076275,""
"bace","rubin_types_mixed_BM_l0.3_r0_mcar0.3_n300_M20_s53",300,0.3,0,53,FALSE,1,0.333333333333333,2.16019638459682,1600,0.0316988608221892,""
"bace","rubin_types_mixed_BM_l0.3_r0_mcar0.3_n300_M20_s54",300,0.3,0,54,FALSE,1,2.68789789360417,39.2974836800309,1600,0.0104011887072808,""
"bace","rubin_types_mixed_BM_l0.3_r0_mcar0.3_n300_M20_s55",300,0.3,0,55,FALSE,1,0.769230769230769,32.4553331757504,1600,0.00891530460624071,""
"bace","rubin_types_mixed_BM_l0.3_r0_mcar0.3_n300_M20_s56",300,0.3,0,56,FALSE,1,0.666666666666667,1.63723737167835,1600,0.0901436354631005,""
"bace","rubin_types_mixed_BM_l0.3_r0_mcar0.3_n300_M20_s57",300,0.3,0,57,FALSE,1,1.36819191849814,1.84641140761382,1600,0.0757800891530461,""
"bace","rubin_types_mixed_BM_l0.3_r0_mcar0.3_n300_M20_s58",300,0.3,0,58,FALSE,1,0.622550353493215,41.1918334721353,1600,0.00594353640416048,""
"bace","rubin_types_mixed_BM_l0.3_r0_mcar0.3_n300_M20_s59",300,0.3,0,59,FALSE,1,0.607082203207324,50.8709928590794,1600,0.00544824170381377,""
"bace","rubin_types_mixed_BM_l0.3_r0_mcar0.3_n300_M20_s60",300,0.3,0,60,FALSE,1,1.5,1.25574854449711,1600,0.0416047548291233,""
"bace","rubin_types_mixed_BM_l0.3_r0_mcar0.3_n300_M20_s61",300,0.3,0,61,FALSE,1,0.693617432572658,1.60546237405975,1600,0.0737989103516592,""
"bace","rubin_types_mixed_BM_l0.3_r0_mcar0.3_n300_M20_s62",300,0.3,0,62,FALSE,1,0.064516129032258,2.48817634717369,1600,0.0326894502228826,""
"bace","rubin_types_mixed_BM_l0.3_r0_mcar0.3_n300_M20_s63",300,0.3,0,63,FALSE,1,0.799007391096389,56.5598463244266,1600,0.00198117880138683,""
"bace","rubin_types_mixed_BM_l0.3_r0_mcar0.3_n300_M20_s64",300,0.3,0,64,FALSE,1,0.987349108111896,48.5209292664246,1600,0.00495294700346706,""
"bace","rubin_types_mixed_BM_l0.3_r0_mcar0.3_n300_M20_s65",300,0.3,0,65,FALSE,1,6.74658518519278,30.1672785896234,1600,0.00742942050520059,""
"bace","rubin_types_mixed_BM_l0.3_r0_mcar0.3_n300_M20_s66",300,0.3,0,66,TRUE,1,1.16058542466387,1.76354460922422,1600,0.0376423972263497,""
"bace","rubin_types_mixed_BM_l0.3_r0_mcar0.3_n300_M20_s67",300,0.3,0,67,FALSE,1,0.4,2.32071574010613,1600,0.0985636453689945,""
"bace","rubin_types_mixed_BM_l0.3_r0_mcar0.3_n300_M20_s68",300,0.3,0,68,FALSE,1,9.10521348021926,36.1958770242336,1600,0.00297176820208024,""
"bace","rubin_types_mixed_BM_l0.3_r0_mcar0.3_n300_M20_s69",300,0.3,0,69,FALSE,1,0.473042422798468,1.45419275368323,1600,0.0425953442298167,""
"bace","rubin_types_mixed_BM_l0.3_r0_mcar0.3_n300_M20_s70",300,0.3,0,70,FALSE,1,0.230529595015576,1.83111386156957,1600,0.0326894502228826,""
"bace","rubin_types_mixed_BM_l0.3_r0_mcar0.3_n300_M20_s71",300,0.3,0,71,FALSE,1,0.405096884925702,2.74319319613691,1600,0.0341753343239227,""
"bace","rubin_types_mixed_BM_l0.3_r0_mcar0.3_n300_M20_s72",300,0.3,0,72,FALSE,1,39.240590141043,10.2008166271711,1600,0.0108964834076275,""
"bace","rubin_types_mixed_BM_l0.3_r0_mcar0.3_n300_M20_s73",300,0.3,0,73,TRUE,1,1.36526310769894,1.87561031580543,1600,0.0633977216443784,""
"bace","rubin_types_mixed_BM_l0.3_r0_mcar0.3_n300_M20_s74",300,0.3,0,74,FALSE,1,9.71063317578777,24.7790386687834,1600,0.00495294700346706,""
"bace","rubin_types_mixed_BM_l0.3_r0_mcar0.3_n300_M20_s75",300,0.3,0,75,FALSE,1,14.3641432421426,39.7015794316252,1600,0.00643883110450718,""
"bace","rubin_types_mixed_BM_l0.3_r0_mcar0.3_n300_M20_s76",300,0.3,0,76,FALSE,1,0.181818181818182,2.2438352662418,1600,0.0123823675086677,""
"bace","rubin_types_mixed_BM_l0.3_r0_mcar0.3_n300_M20_s77",300,0.3,0,77,FALSE,1,0.70849898925215,32.6491101419166,1600,0.00495294700346706,""
"bace","rubin_types_mixed_BM_l0.3_r0_mcar0.3_n300_M20_s78",300,0.3,0,78,FALSE,1,0.666666666666667,4.92643485477645,1600,0.00990589400693413,""
"bace","rubin_types_mixed_BM_l0.3_r0_mcar0.3_n300_M20_s79",300,0.3,0,79,FALSE,1,0.601595009928089,40.848002760724,1600,0.00495294700346706,""
"bace","rubin_types_mixed_BM_l0.3_r0_mcar0.3_n300_M20_s80",300,0.3,0,80,FALSE,1,0.318181818181818,38.5857936930243,1600,0.00396235760277365,""
"bace","rubin_types_mixed_BM_l0.3_r0_mcar0.3_n300_M20_s81",300,0.3,0,81,TRUE,1,0.430182626264679,35.3658897570843,1600,0.0079247152055473,""
"bace","rubin_types_mixed_BM_l0.3_r0_mcar0.3_n300_M20_s82",300,0.3,0,82,FALSE,1,0.645042658044591,47.1630630471236,1600,0.00297176820208024,""
"bace","rubin_types_mixed_BM_l0.3_r0_mcar0.3_n300_M20_s83",300,0.3,0,83,FALSE,1,0.222222222222222,2.05312086737167,1600,0.033680039623576,""
"bace","rubin_types_mixed_BM_l0.3_r0_mcar0.3_n300_M20_s84",300,0.3,0,84,FALSE,1,1.93144142173888,57.1186883920161,1600,0.00544824170381377,""
"bace","rubin_types_mixed_BM_l0.3_r0_mcar0.3_n300_M20_s85",300,0.3,0,85,FALSE,1,2.72935460340972,1.03461785685492,1600,0.0148588410104012,""
"bace","rubin_types_mixed_BM_l0.3_r0_mcar0.3_n300_M20_s86",300,0.3,0,86,FALSE,1,0.241321423731506,1.93281130354192,1600,0.134720158494304,""
"bace","rubin_types_mixed_BM_l0.3_r0_mcar0.3_n300_M20_s87",300,0.3,0,87,FALSE,1,0.958602589554292,1.3838893418577,1600,0.0787518573551263,""
"bace","rubin_types_mixed_BM_l0.3_r0_mcar0.3_n300_M20_s88",300,0.3,0,88,FALSE,1,1.54312963854122,2.50483393994431,1600,0.050520059435364,""
"bace","rubin_types_mixed_BM_l0.3_r0_mcar0.3_n300_M20_s89",300,0.3,0,89,FALSE,1,0.833333333333333,5.26669140327058,1600,0.0113917781079742,""
"bace","rubin_types_mixed_BM_l0.3_r0_mcar0.3_n300_M20_s90",300,0.3,0,90,FALSE,1,20.0418956354302,2.68238752157154,1600,0.0356612184249629,""
"bace","rubin_types_mixed_BM_l0.3_r0_mcar0.3_n300_M20_s91",300,0.3,0,91,FALSE,1,0.183673469387755,0.993685705043089,1600,0.150569588905399,""
"bace","rubin_types_mixed_BM_l0.3_r0_mcar0.3_n300_M20_s92",300,0.3,0,92,FALSE,1,0.652266244865217,2.25216189077388,1600,0.0812283308568598,""
"bace","rubin_types_mixed_BM_l0.3_r0_mcar0.3_n300_M20_s93",300,0.3,0,93,FALSE,1,0.411887225988771,2.83831958486999,1600,0.0237741456166419,""
"bace","rubin_types_mixed_BM_l0.3_r0_mcar0.3_n300_M20_s94",300,0.3,0,94,FALSE,1,1,4.50613619612415,1600,0.0153541357107479,""
"bace","rubin_types_mixed_BM_l0.3_r0_mcar0.3_n300_M20_s95",300,0.3,0,95,FALSE,1,0.75,1.22702086119548,1487.33123384341,0.0856859831599802,""
"bace","rubin_types_mixed_BM_l0.3_r0_mcar0.3_n300_M20_s96",300,0.3,0,96,TRUE,1,0.274418405919329,41.3470858770282,1600,0.00445765230312036,""
"bace","rubin_types_mixed_BM_l0.3_r0_mcar0.3_n300_M20_s97",300,0.3,0,97,FALSE,1,0.170731707317073,1.44337538543509,1600,0.110450718177315,""
"bace","rubin_types_mixed_BM_l0.3_r0_mcar0.3_n300_M20_s98",300,0.3,0,98,FALSE,1,0.74732818103421,1.00895809966063,1600,0.045567112431897,""
"bace","rubin_types_mixed_BM_l0.3_r0_mcar0.3_n300_M20_s99",300,0.3,0,99,FALSE,1,1.23293945183178,36.4639090630677,1600,0.00544824170381377,""
"bace","rubin_types_mixed_BM_l0.3_r0.5_mcar0.3_n100_M20_s101",100,0.3,0.5,101,FALSE,1,0.75,1.29071548133923,1444.07669030497,0.379891035165924,""
"bace","rubin_types_mixed_BM_l0.3_r0.5_mcar0.3_n100_M20_s102",100,0.3,0.5,102,FALSE,1,0.505586923218587,1.62565671533464,436.042456593382,0.462605250123824,""
"bace","rubin_types_mixed_BM_l0.3_r0.5_mcar0.3_n100_M20_s103",100,0.3,0.5,103,FALSE,1,0.714285714285714,0.805265041149281,1252.12152629078,0.358098068350669,""
"bace","rubin_types_mixed_BM_l0.3_r0.5_mcar0.3_n100_M20_s104",100,0.3,0.5,104,FALSE,1,0.190476190476191,1.64458896590948,1149.05154382351,0.376919266963843,""
"bace","rubin_types_mixed_BM_l0.3_r0.5_mcar0.3_n100_M20_s105",100,0.3,0.5,105,FALSE,1,0.6,1.01322037057271,1031.83879256577,0.443784051510649,""
"bace","rubin_types_mixed_BM_l0.3_r0.5_mcar0.3_n100_M20_s106",100,0.3,0.5,106,FALSE,1,0.680516766691373,0.968518737265636,1342.70720427652,0.37147102526003,""
"bace","rubin_types_mixed_BM_l0.3_r0.5_mcar0.3_n100_M20_s107",100,0.3,0.5,107,FALSE,1,0.246970365540269,1.63671144485678,1171.17738967389,0.4135710747895,""
"bace","rubin_types_mixed_BM_l0.3_r0.5_mcar0.3_n100_M20_s108",100,0.3,0.5,108,FALSE,1,1.49158814767832,1.6617357005875,714.588096671411,0.467558197127291,""
"bace","rubin_types_mixed_BM_l0.3_r0.5_mcar0.3_n100_M20_s109",100,0.3,0.5,109,FALSE,1,2.36312863657727,2.0604536658135,1228.21537370808,0.436849925705795,""
"bace","rubin_types_mixed_BM_l0.3_r0.5_mcar0.3_n100_M20_s110",100,0.3,0.5,110,FALSE,1,0.596649801495167,1.29403684590167,1114.77757122905,0.4135710747895,""
"bace","rubin_types_mixed_BM_l0.3_r0.5_mcar0.3_n100_M20_s111",100,0.3,0.5,111,FALSE,1,2.26119172811221,1.19647642472212,885.528953346286,0.443784051510649,""
"bace","rubin_types_mixed_BM_l0.3_r0.5_mcar0.3_n100_M20_s112",100,0.3,0.5,112,FALSE,1,1,1.71536570574471,1320.44761639436,0.358593363051015,""
"bace","rubin_types_mixed_BM_l0.3_r0.5_mcar0.3_n100_M20_s113",100,0.3,0.5,113,TRUE,1,0.166666666666667,1.59420573460021,694.165196626326,0.420009905894007,""
"bace","rubin_types_mixed_BM_l0.3_r0.5_mcar0.3_n100_M20_s114",100,0.3,0.5,114,FALSE,1,0.5,2.03813099897119,1214.26540423934,0.459138187221397,""
"bace","rubin_types_mixed_BM_l0.3_r0.5_mcar0.3_n100_M20_s115",100,0.3,0.5,115,FALSE,1,0.119575278757725,1.51457456289394,1447.78353045963,0.392273402674591,""
"bace","rubin_types_mixed_BM_l0.3_r0.5_mcar0.3_n100_M20_s116",100,0.3,0.5,116,FALSE,1,0.307692307692308,1.5837444528375,1139.09847312045,0.379395740465577,""
"bace","rubin_types_mixed_BM_l0.3_r0.5_mcar0.3_n100_M20_s117",100,0.3,0.5,117,FALSE,1,1.04226434853636,1.67131606500306,791.405025180095,0.390787518573551,""
"bace","rubin_types_mixed_BM_l0.3_r0.5_mcar0.3_n100_M20_s118",100,0.3,0.5,118,FALSE,1,4.6106911716739,1.62522065571284,646.380519134889,0.46012877662209,""
"bace","rubin_types_mixed_BM_l0.3_r0.5_mcar0.3_n100_M20_s119",100,0.3,0.5,119,FALSE,1,0.220305400424725,1.6449756101939,1404.39765448452,0.384348687469044,""
"bace","rubin_types_mixed_BM_l0.3_r0.5_mcar0.3_n100_M20_s120",100,0.3,0.5,120,FALSE,1,0.478751051802833,2.12641252398639,1389.53962487956,0.378405151064884,""
"bace","rubin_types_mixed_BM_l0.3_r0.5_mcar0.3_n100_M20_s121",100,0.3,0.5,121,FALSE,1,0.428571428571429,1.88468010456914,280.74983095774,0.478454680534918,""
"bace","rubin_types_mixed_BM_l0.3_r0.5_mcar0.3_n100_M20_s122",100,0.3,0.5,122,FALSE,1,0.666666666666667,1.63955340813127,429.856550703885,0.45269935611689,""
"bace","rubin_types_mixed_BM_l0.3_r0.5_mcar0.3_n100_M20_s123",100,0.3,0.5,123,FALSE,1,1.00718612065541,1.75098313022581,1211.14166321183,0.422981674096087,""
"bace","rubin_types_mixed_BM_l0.3_r0.5_mcar0.3_n100_M20_s124",100,0.3,0.5,124,FALSE,1,1.27560079904406,1.57234546609694,994.768059247375,0.420009905894007,""
"bace","rubin_types_mixed_BM_l0.3_r0.5_mcar0.3_n100_M20_s125",100,0.3,0.5,125,TRUE,1,0.333333333333333,1.38274646149017,717.287537129472,0.459138187221397,""
"bace","rubin_types_mixed_BM_l0.3_r0.5_mcar0.3_n100_M20_s126",100,0.3,0.5,126,FALSE,1,1.36579333659444,1.58833006400482,1300.42498429941,0.398712233779099,""
"bace","rubin_types_mixed_BM_l0.3_r0.5_mcar0.3_n100_M20_s127",100,0.3,0.5,127,FALSE,1,0.333333333333333,1.38814088947066,986.671269641233,0.429915799900941,""
"bace","rubin_types_mixed_BM_l0.3_r0.5_mcar0.3_n100_M20_s128",100,0.3,0.5,128,FALSE,1,19.8110076814553,1.75367665122685,530.584017275636,0.451708766716196,""
"bace","rubin_types_mixed_BM_l0.3_r0.5_mcar0.3_n100_M20_s129",100,0.3,0.5,129,FALSE,1,1.34510298033688,0.980197799714177,763.084950221887,0.453194650817236,""
"bace","rubin_types_mixed_BM_l0.3_r0.5_mcar0.3_n100_M20_s130",100,0.3,0.5,130,FALSE,1,1.71618977145845,1.70950217351358,1285.32802774142,0.445269935611689,""
"bace","rubin_types_mixed_BM_l0.3_r0.5_mcar0.3_n100_M20_s131",100,0.3,0.5,131,FALSE,1,2.70295988862585,1.79188830443523,1378.95096230096,0.411589895988113,""
"bace","rubin_types_mixed_BM_l0.3_r0.5_mcar0.3_n100_M20_s132",100,0.3,0.5,132,FALSE,1,6.12771904078003,1.31233679700168,1044.69380010352,0.442298167409609,""
"bace","rubin_types_mixed_BM_l0.3_r0.5_mcar0.3_n100_M20_s133",100,0.3,0.5,133,FALSE,1,0.5,1.36305068382809,1170.79483291448,0.370480435859336,""
"bace","rubin_types_mixed_BM_l0.3_r0.5_mcar0.3_n100_M20_s134",100,0.3,0.5,134,FALSE,1,0.5,1.00356182331718,1368.2329883643,0.41802872709262,""
"bace","rubin_types_mixed_BM_l0.3_r0.5_mcar0.3_n100_M20_s135",100,0.3,0.5,135,FALSE,1,0.5,1.55987724150708,905.099900587761,0.42248637939574,""
"bace","rubin_types_mixed_BM_l0.3_r0.5_mcar0.3_n100_M20_s136",100,0.3,0.5,136,FALSE,1,0.398333525213868,1.76712921954489,169.523816433122,0.488360574541852,""
"bace","rubin_types_mixed_BM_l0.3_r0.5_mcar0.3_n100_M20_s137",100,0.3,0.5,137,FALSE,1,2,1.53851373568876,1358.56204136978,0.385834571570084,""
"bace","rubin_types_mixed_BM_l0.3_r0.5_mcar0.3_n100_M20_s138",100,0.3,0.5,138,FALSE,1,0.428571428571428,1.59581009071021,962.320614236545,0.45864289252105,""
"bace","rubin_types_mixed_BM_l0.3_r0.5_mcar0.3_n100_M20_s139",100,0.3,0.5,139,FALSE,1,0.521739130434783,1.33745591101416,704.139907296672,0.4210004952947,""
"bace","rubin_types_mixed_BM_l0.3_r0.5_mcar0.3_n100_M20_s140",100,0.3,0.5,140,FALSE,1,1.69465952327914,1.4937405388023,422.915761586502,0.469044081228331,""
"bace","rubin_types_mixed_BM_l0.3_r0.5_mcar0.3_n100_M20_s141",100,0.3,0.5,141,FALSE,1,1,1.74280306701037,1432.58216113827,0.399207528479445,""
"bace","rubin_types_mixed_BM_l0.3_r0.5_mcar0.3_n100_M20_s142",100,0.3,0.5,142,FALSE,1,0.5,1.21608268226572,497.825537018875,0.462605250123824,""
"bace","rubin_types_mixed_BM_l0.3_r0.5_mcar0.3_n100_M20_s143",100,0.3,0.5,143,FALSE,1,0.149375749665908,1.47029381842987,406.463251691725,0.475482912332838,""
"bace","rubin_types_mixed_BM_l0.3_r0.5_mcar0.3_n100_M20_s144",100,0.3,0.5,144,FALSE,1,0.294961096077643,1.84901023622111,1000.86475269366,0.460624071322437,""
"bace","rubin_types_mixed_BM_l0.3_r0.5_mcar0.3_n100_M20_s145",100,0.3,0.5,145,FALSE,1,1.2205598017358,1.07206544882617,708.562153538182,0.465577018325904,""
"bace","rubin_types_mixed_BM_l0.3_r0.5_mcar0.3_n100_M20_s146",100,0.3,0.5,146,FALSE,1,0.484016900362043,1.69620575853668,803.935258637896,0.437840515106488,""
"bace","rubin_types_mixed_BM_l0.3_r0.5_mcar0.3_n100_M20_s147",100,0.3,0.5,147,FALSE,1,0.369497558412912,1.81997898162598,402.826651987596,0.469044081228331,""
"bace","rubin_types_mixed_BM_l0.3_r0.5_mcar0.3_n100_M20_s148",100,0.3,0.5,148,TRUE,1,0.130434782608696,1.42792181734527,782.707141586009,0.457652303120357,""
"bace","rubin_types_mixed_BM_l0.3_r0.5_mcar0.3_n100_M20_s149",100,0.3,0.5,149,FALSE,1,0.260491177177096,1.6932175606258,602.460268821927,0.429915799900941,""
"bace","rubin_types_mixed_BM_l0.3_r0.5_mcar0.3_n100_M20_s150",100,0.3,0.5,150,FALSE,1,0.571428571428571,2.03097834713124,347.572541192924,0.475978207033185,""
"bace","rubin_types_mixed_BM_l0.3_r0.5_mcar0.3_n100_M20_s151",100,0.3,0.5,151,FALSE,1,0.5,1.61523288625144,1029.89890908384,0.446755819712729,""
"bace","rubin_types_mixed_BM_l0.3_r0.5_mcar0.3_n100_M20_s152",100,0.3,0.5,152,TRUE,1,0.428571428571428,1.12297340520696,1176.07277202317,0.417533432392273,""
"bace","rubin_types_mixed_BM_l0.3_r0.5_mcar0.3_n100_M20_s153",100,0.3,0.5,153,FALSE,1,0.222222222222222,1.7553761904267,671.602164945225,0.459633481921743,""
"bace","rubin_types_mixed_BM_l0.3_r0.5_mcar0.3_n100_M20_s154",100,0.3,0.5,154,FALSE,1,0.636363636363636,1.68583387631639,1179.7753149316,0.465081723625557,""
"bace","rubin_types_mixed_BM_l0.3_r0.5_mcar0.3_n100_M20_s155",100,0.3,0.5,155,FALSE,1,0.112820350546294,1.71639270105178,825.045919994415,0.396235760277365,""
"bace","rubin_types_mixed_BM_l0.3_r0.5_mcar0.3_n100_M20_s156",100,0.3,0.5,156,FALSE,1,0.5,1.63648980563332,1043.42987498334,0.390292223873205,""
"bace","rubin_types_mixed_BM_l0.3_r0.5_mcar0.3_n100_M20_s157",100,0.3,0.5,157,FALSE,1,1.56648015476683,1.47934926692307,1359.50579821117,0.445269935611689,""
"bace","rubin_types_mixed_BM_l0.3_r0.5_mcar0.3_n100_M20_s158",100,0.3,0.5,158,FALSE,1,0.384618782307725,1.30459548500786,1058.63732923424,0.396235760277365,""
"bace","rubin_types_mixed_BM_l0.3_r0.5_mcar0.3_n100_M20_s159",100,0.3,0.5,159,FALSE,1,1.36766179913816,1.18100406551128,1439.3121391458,0.362555720653789,""
"bace","rubin_types_mixed_BM_l0.3_r0.5_mcar0.3_n100_M20_s160",100,0.3,0.5,160,FALSE,1,0.4,1.58576169016213,820.129354408509,0.45567112431897,""
"bace","rubin_types_mixed_BM_l0.3_r0.5_mcar0.3_n100_M20_s161",100,0.3,0.5,161,FALSE,1,0.422361752033404,1.32015003458669,1062.12499169576,0.429915799900941,""
"bace","rubin_types_mixed_BM_l0.3_r0.5_mcar0.3_n100_M20_s162",100,0.3,0.5,162,FALSE,1,0.5,1.2090683074987,988.589110462486,0.386329866270431,""
"bace","rubin_types_mixed_BM_l0.3_r0.5_mcar0.3_n100_M20_s163",100,0.3,0.5,163,TRUE,1,0.4,1.25730993053107,943.541079329254,0.46161466072313,""
"bace","rubin_types_mixed_BM_l0.3_r0.5_mcar0.3_n100_M20_s164",100,0.3,0.5,164,FALSE,1,0.533680621637754,1.37010371216696,1098.60874918591,0.428925210500248,""
"bace","rubin_types_mixed_BM_l0.3_r0.5_mcar0.3_n100_M20_s165",100,0.3,0.5,165,FALSE,1,1.95489697186187,1.98717256824698,901.196012514933,0.451708766716196,""
"bace","rubin_types_mixed_BM_l0.3_r0.5_mcar0.3_n100_M20_s166",100,0.3,0.5,166,FALSE,1,10.853932918077,1.14276997200725,519.341437833331,0.470529965329371,""
"bace","rubin_types_mixed_BM_l0.3_r0.5_mcar0.3_n100_M20_s167",100,0.3,0.5,167,FALSE,1,0.210526315789474,1.55971119385245,1159.85810151796,0.455175829618623,""
"bace","rubin_types_mixed_BM_l0.3_r0.5_mcar0.3_n100_M20_s168",100,0.3,0.5,168,FALSE,1,1.44900185135995,1.43812853200669,1182.46776213758,0.405151064883606,""
"bace","rubin_types_mixed_BM_l0.3_r0.5_mcar0.3_n100_M20_s169",100,0.3,0.5,169,FALSE,1,0.688341705001999,1.83145158034242,459.136317713037,0.469539375928678,""
"bace","rubin_types_mixed_BM_l0.3_r0.5_mcar0.3_n100_M20_s170",100,0.3,0.5,170,FALSE,1,0.166666666666667,1.16330323533229,412.047406089161,0.477464091134225,""
"bace","rubin_types_mixed_BM_l0.3_r0.5_mcar0.3_n100_M20_s171",100,0.3,0.5,171,FALSE,1,0.350033350054567,0.754995398638984,1131.79015631646,0.46161466072313,""
"bace","rubin_types_mixed_BM_l0.3_r0.5_mcar0.3_n100_M20_s172",100,0.3,0.5,172,TRUE,1,0.6,1.63344018329356,704.4433944033,0.407132243684993,""
"bace","rubin_types_mixed_BM_l0.3_r0.5_mcar0.3_n100_M20_s173",100,0.3,0.5,173,TRUE,1,0.5,1.02794205530153,1412.62359842393,0.401684001981179,""
"bace","rubin_types_mixed_BM_l0.3_r0.5_mcar0.3_n100_M20_s174",100,0.3,0.5,174,FALSE,1,0.571428571428571,1.34886832162491,746.008435061903,0.416047548291233,""
"bace","rubin_types_mixed_BM_l0.3_r0.5_mcar0.3_n100_M20_s175",100,0.3,0.5,175,FALSE,1,2.83650615956046,1.78214158355671,751.903632114049,0.464091134224864,""
"bace","rubin_types_mixed_BM_l0.3_r0.5_mcar0.3_n100_M20_s176",100,0.3,0.5,176,FALSE,1,0.4,1.17505191179127,1184.81818725189,0.46161466072313,""
"bace","rubin_types_mixed_BM_l0.3_r0.5_mcar0.3_n100_M20_s177",100,0.3,0.5,177,FALSE,1,0.821350350891748,1.52190332828664,1229.93689558786,0.437840515106488,""
"bace","rubin_types_mixed_BM_l0.3_r0.5_mcar0.3_n100_M20_s178",100,0.3,0.5,178,FALSE,1,0.673991418967497,1.28866320121202,901.488829453781,0.461119366022784,""
"bace","rubin_types_mixed_BM_l0.3_r0.5_mcar0.3_n100_M20_s179",100,0.3,0.5,179,FALSE,1,4.10151604068386,1.4403645832431,1195.38800775242,0.37444279346211,""
"bace","rubin_types_mixed_BM_l0.3_r0.5_mcar0.3_n100_M20_s180",100,0.3,0.5,180,FALSE,1,0.482633589099001,1.34028867363656,1449.00682369502,0.350668647845468,""
"bace","rubin_types_mixed_BM_l0.3_r0.5_mcar0.3_n100_M20_s181",100,0.3,0.5,181,FALSE,1,0.248069968145029,1.76628571467124,1296.226779304,0.416047548291233,""
"bace","rubin_types_mixed_BM_l0.3_r0.5_mcar0.3_n100_M20_s182",100,0.3,0.5,182,FALSE,1,0.152892113893263,1.73537306498614,564.46251525415,0.471520554730064,""
"bace","rubin_types_mixed_BM_l0.3_r0.5_mcar0.3_n100_M20_s183",100,0.3,0.5,183,FALSE,1,1,1.59888307429144,297.601678590963,0.478454680534918,""
"bace","rubin_types_mixed_BM_l0.3_r0.5_mcar0.3_n100_M20_s184",100,0.3,0.5,184,FALSE,1,0.391873702528132,1.19808677693331,556.209722943114,0.473501733531451,""
"bace","rubin_types_mixed_BM_l0.3_r0.5_mcar0.3_n100_M20_s185",100,0.3,0.5,185,FALSE,1,0.5,1.69593438410197,1307.45638416096,0.4210004952947,""
"bace","rubin_types_mixed_BM_l0.3_r0.5_mcar0.3_n100_M20_s186",100,0.3,0.5,186,FALSE,1,0.5,1.43246211703388,249.20564230901,0.481426448736999,""
"bace","rubin_types_mixed_BM_l0.3_r0.5_mcar0.3_n100_M20_s187",100,0.3,0.5,187,FALSE,1,0.284166716919063,1.18697604901331,1067.38309954698,0.404160475482912,""
"bace","rubin_types_mixed_BM_l0.3_r0.5_mcar0.3_n100_M20_s188",100,0.3,0.5,188,FALSE,1,0.156382897547222,1.58792677371321,1416.20357899648,0.38038632986627,""
"bace","rubin_types_mixed_BM_l0.3_r0.5_mcar0.3_n100_M20_s189",100,0.3,0.5,189,FALSE,1,0.5,1.75920172584184,996.697011129543,0.436354631005448,""
"bace","rubin_types_mixed_BM_l0.3_r0.5_mcar0.3_n100_M20_s190",100,0.3,0.5,190,TRUE,1,0.375,1.24780026150279,812.409316011912,0.450222882615156,""
"bace","rubin_types_mixed_BM_l0.3_r0.5_mcar0.3_n100_M20_s191",100,0.3,0.5,191,FALSE,1,4.20593787977534,1.11552260943209,1356.78523609401,0.386825160970778,""
"bace","rubin_types_mixed_BM_l0.3_r0.5_mcar0.3_n100_M20_s192",100,0.3,0.5,192,FALSE,1,0.438550324142185,1.49166661694661,893.922531521822,0.407132243684993,""
"bace","rubin_types_mixed_BM_l0.3_r0.5_mcar0.3_n100_M20_s193",100,0.3,0.5,193,FALSE,1,0.333333333333333,1.99403175452612,1284.72479772519,0.390787518573551,""
"bace","rubin_types_mixed_BM_l0.3_r0.5_mcar0.3_n100_M20_s194",100,0.3,0.5,194,FALSE,1,0.270073648189053,2.16306465229183,679.44388034858,0.398216939078752,""
"bace","rubin_types_mixed_BM_l0.3_r0.5_mcar0.3_n100_M20_s195",100,0.3,0.5,195,FALSE,1,0.75,1.43468623552332,603.751439766004,0.45567112431897,""
"bace","rubin_types_mixed_BM_l0.3_r0.5_mcar0.3_n100_M20_s196",100,0.3,0.5,196,FALSE,1,0.756390855868705,1.87228109163683,774.793776854899,0.438335809806835,""
"bace","rubin_types_mixed_BM_l0.3_r0.5_mcar0.3_n100_M20_s197",100,0.3,0.5,197,TRUE,1,0.619407258224177,1.50310908317626,1381.83960664101,0.4210004952947,""
"bace","rubin_types_mixed_BM_l0.3_r0.5_mcar0.3_n100_M20_s198",100,0.3,0.5,198,FALSE,1,0.916945942873356,1.07327359951753,785.585080496494,0.41654284299158,""
"bace","rubin_types_mixed_BM_l0.3_r0.5_mcar0.3_n100_M20_s199",100,0.3,0.5,199,FALSE,1,0.651294339933371,1.22285967450044,1071.73878942793,0.398216939078752,""
"bace","rubin_types_mixed_BM_l0.3_r0.5_mcar0.3_n100_M20_s200",100,0.3,0.5,200,TRUE,1,0.609449808742651,1.97484335914592,1146.60352045533,0.358593363051015,""
"bace","rubin_types_mixed_BM_l0.3_r0.5_mcar0.3_n1000_M20_s100",1000,0.3,0.5,100,TRUE,1,0.137931034482759,69.9723403369203,1600,0.00148588410104012,""
"bace","rubin_types_mixed_BM_l0.3_r0.5_mcar0.3_n1000_M20_s61",1000,0.3,0.5,61,FALSE,1,0.176470588235294,72.5700037417276,1600,0.00148588410104012,""
"bace","rubin_types_mixed_BM_l0.3_r0.5_mcar0.3_n1000_M20_s62",1000,0.3,0.5,62,FALSE,1,0.0612244897959184,52.3480650672864,1600,0.00445765230312036,""
"bace","rubin_types_mixed_BM_l0.3_r0.5_mcar0.3_n1000_M20_s63",1000,0.3,0.5,63,TRUE,1,0.0476190476190475,45.8056613727519,1600,0.00148588410104012,""
"bace","rubin_types_mixed_BM_l0.3_r0.5_mcar0.3_n1000_M20_s64",1000,0.3,0.5,64,TRUE,1,0.0416666666666668,43.4939604906798,1600,0.000990589400693413,""
"bace","rubin_types_mixed_BM_l0.3_r0.5_mcar0.3_n1000_M20_s65",1000,0.3,0.5,65,TRUE,1,0.0270270270270271,54.849476042341,1600,0.00148588410104012,""
"bace","rubin_types_mixed_BM_l0.3_r0.5_mcar0.3_n1000_M20_s66",1000,0.3,0.5,66,TRUE,1,0.0340909090909091,55.5664483755472,1600,0.00198117880138683,""
"bace","rubin_types_mixed_BM_l0.3_r0.5_mcar0.3_n1000_M20_s67",1000,0.3,0.5,67,FALSE,1,0.0512820512820512,49.0200158900955,1600,0.000990589400693413,""
"bace","rubin_types_mixed_BM_l0.3_r0.5_mcar0.3_n1000_M20_s68",1000,0.3,0.5,68,FALSE,1,0.0399999999999999,69.5230194963378,1600,0.000990589400693413,""
"bace","rubin_types_mixed_BM_l0.3_r0.5_mcar0.3_n1000_M20_s69",1000,0.3,0.5,69,TRUE,1,0.0223463687150838,87.2712494179826,1600,0.00247647350173353,""
"bace","rubin_types_mixed_BM_l0.3_r0.5_mcar0.3_n1000_M20_s70",1000,0.3,0.5,70,TRUE,1,0.0195276150535671,1.37356259864697,1600,0.0208023774145617,""
"bace","rubin_types_mixed_BM_l0.3_r0.5_mcar0.3_n1000_M20_s71",1000,0.3,0.5,71,TRUE,1,0.125,77.041531349349,1600,0.000990589400693413,""
"bace","rubin_types_mixed_BM_l0.3_r0.5_mcar0.3_n1000_M20_s72",1000,0.3,0.5,72,FALSE,1,0.12,58.4339601051538,1600,0.000990589400693413,""
"bace","rubin_types_mixed_BM_l0.3_r0.5_mcar0.3_n1000_M20_s73",1000,0.3,0.5,73,TRUE,1,0.0352941176470589,49.0872044829595,1600,0.00297176820208024,""
"bace","rubin_types_mixed_BM_l0.3_r0.5_mcar0.3_n1000_M20_s74",1000,0.3,0.5,74,TRUE,1,0.069767441860465,68.5079933755821,1600,0.00148588410104012,""
"bace","rubin_types_mixed_BM_l0.3_r0.5_mcar0.3_n1000_M20_s75",1000,0.3,0.5,75,TRUE,1,0.0179372197309418,58.744659812706,1600,0.00148588410104012,""
"bace","rubin_types_mixed_BM_l0.3_r0.5_mcar0.3_n1000_M20_s76",1000,0.3,0.5,76,TRUE,1,0.0344827586206896,77.448443044506,1600,0.000990589400693413,""
"bace","rubin_types_mixed_BM_l0.3_r0.5_mcar0.3_n1000_M20_s77",1000,0.3,0.5,77,FALSE,1,0.0409991259116829,74.3920540876019,1600,0.000495294700346706,""
"bace","rubin_types_mixed_BM_l0.3_r0.5_mcar0.3_n1000_M20_s78",1000,0.3,0.5,78,TRUE,1,0.0293280727308096,89.2801376787539,1600,0.000990589400693413,""
"bace","rubin_types_mixed_BM_l0.3_r0.5_mcar0.3_n1000_M20_s79",1000,0.3,0.5,79,TRUE,1,0.0638297872340424,61.8042343654181,1600,0.00247647350173353,""
"bace","rubin_types_mixed_BM_l0.3_r0.5_mcar0.3_n1000_M20_s80",1000,0.3,0.5,80,TRUE,1,0.245891088314044,66.8850506124722,1600,0.00247647350173353,""
"bace","rubin_types_mixed_BM_l0.3_r0.5_mcar0.3_n1000_M20_s81",1000,0.3,0.5,81,TRUE,1,0.0833333333333333,47.5138841022114,1600,0.00148588410104012,""
"bace","rubin_types_mixed_BM_l0.3_r0.5_mcar0.3_n1000_M20_s82",1000,0.3,0.5,82,TRUE,1,0.0294117647058823,60.1075788960055,1600,0.000990589400693413,""
"bace","rubin_types_mixed_BM_l0.3_r0.5_mcar0.3_n1000_M20_s83",1000,0.3,0.5,83,TRUE,1,0.0639267941731828,69.3991199081898,1600,0.00247647350173353,""
"bace","rubin_types_mixed_BM_l0.3_r0.5_mcar0.3_n1000_M20_s84",1000,0.3,0.5,84,FALSE,1,0.0283687943262411,90.5973540543792,1600,0.000495294700346706,""
"bace","rubin_types_mixed_BM_l0.3_r0.5_mcar0.3_n1000_M20_s85",1000,0.3,0.5,85,TRUE,1,0.292916825633192,67.7173938049203,1600,0.00247647350173353,""
"bace","rubin_types_mixed_BM_l0.3_r0.5_mcar0.3_n1000_M20_s86",1000,0.3,0.5,86,TRUE,1,0.0350107165686726,61.2381267906094,1600,0.00148588410104012,""
"bace","rubin_types_mixed_BM_l0.3_r0.5_mcar0.3_n1000_M20_s87",1000,0.3,0.5,87,TRUE,1,0.0521739130434782,68.3134853041964,1600,0.00346706290242694,""
"bace","rubin_types_mixed_BM_l0.3_r0.5_mcar0.3_n1000_M20_s88",1000,0.3,0.5,88,TRUE,1,0.0714285714285714,70.3464341103544,1600,0.00148588410104012,""
"bace","rubin_types_mixed_BM_l0.3_r0.5_mcar0.3_n1000_M20_s89",1000,0.3,0.5,89,TRUE,1,0.0555555555555556,50.9130037254283,1600,0.00198117880138683,""
"bace","rubin_types_mixed_BM_l0.3_r0.5_mcar0.3_n1000_M20_s90",1000,0.3,0.5,90,TRUE,1,0.0353535353535353,89.4737784748743,1600,0.000990589400693413,""
"bace","rubin_types_mixed_BM_l0.3_r0.5_mcar0.3_n1000_M20_s91",1000,0.3,0.5,91,TRUE,1,0.0330578512396695,100.106291216871,1600,0,""
"bace","rubin_types_mixed_BM_l0.3_r0.5_mcar0.3_n1000_M20_s92",1000,0.3,0.5,92,TRUE,1,0.0118882382322812,74.997281671373,1600,0.000495294700346706,""
"bace","rubin_types_mixed_BM_l0.3_r0.5_mcar0.3_n1000_M20_s93",1000,0.3,0.5,93,TRUE,1,0.0153846153846154,81.8814542264256,1600,0.000990589400693413,""
"bace","rubin_types_mixed_BM_l0.3_r0.5_mcar0.3_n1000_M20_s94",1000,0.3,0.5,94,TRUE,1,0.0252789087368716,78.070075375285,1600,0.00148588410104012,""
"bace","rubin_types_mixed_BM_l0.3_r0.5_mcar0.3_n1000_M20_s95",1000,0.3,0.5,95,TRUE,1,0.333587153355579,50.6564946628221,1600,0.00148588410104012,""
"bace","rubin_types_mixed_BM_l0.3_r0.5_mcar0.3_n1000_M20_s96",1000,0.3,0.5,96,TRUE,1,0.109122874049321,78.2929425438363,1600,0.00148588410104012,""
"bace","rubin_types_mixed_BM_l0.3_r0.5_mcar0.3_n1000_M20_s97",1000,0.3,0.5,97,TRUE,1,0.0582524271844661,63.9873499265463,1600,0.00396235760277365,""
"bace","rubin_types_mixed_BM_l0.3_r0.5_mcar0.3_n1000_M20_s98",1000,0.3,0.5,98,TRUE,1,0.0275229357798165,79.3379736882464,1600,0.000990589400693413,""
"bace","rubin_types_mixed_BM_l0.3_r0.5_mcar0.3_n1000_M20_s99",1000,0.3,0.5,99,TRUE,1,0.0337078651685394,63.7499491771715,1600,0.000990589400693413,""
"bace","rubin_types_mixed_BM_l0.3_r0.5_mcar0.3_n300_M20_s100",300,0.3,0.5,100,FALSE,1,0.463214145239342,6.46292970478861,1600,0.0113917781079742,""
"bace","rubin_types_mixed_BM_l0.3_r0.5_mcar0.3_n300_M20_s101",300,0.3,0.5,101,FALSE,1,0.105263157894737,1.86903890726014,1600,0.0346706290242694,""
"bace","rubin_types_mixed_BM_l0.3_r0.5_mcar0.3_n300_M20_s102",300,0.3,0.5,102,FALSE,1,0.076923076923077,1.26449045642487,1600,0.070827142149579,""
"bace","rubin_types_mixed_BM_l0.3_r0.5_mcar0.3_n300_M20_s52",300,0.3,0.5,52,TRUE,1,0.186676035639134,4.68577603677681,1600,0.00742942050520059,""
"bace","rubin_types_mixed_BM_l0.3_r0.5_mcar0.3_n300_M20_s53",300,0.3,0.5,53,FALSE,1,0.184501967116165,1.01212036360872,1600,0.0366518078256563,""
"bace","rubin_types_mixed_BM_l0.3_r0.5_mcar0.3_n300_M20_s54",300,0.3,0.5,54,TRUE,1,0.169117515108852,69.2673890183889,1600,0.00148588410104012,""
"bace","rubin_types_mixed_BM_l0.3_r0.5_mcar0.3_n300_M20_s55",300,0.3,0.5,55,FALSE,1,0.571428571428571,1.77466149950387,1600,0.033680039623576,""
"bace","rubin_types_mixed_BM_l0.3_r0.5_mcar0.3_n300_M20_s56",300,0.3,0.5,56,FALSE,1,0.0909090909090909,2.83022486159265,1600,0.0950965824665676,""
"bace","rubin_types_mixed_BM_l0.3_r0.5_mcar0.3_n300_M20_s57",300,0.3,0.5,57,TRUE,1,0.150310830743933,2.01777003009176,1600,0.0698365527488856,""
"bace","rubin_types_mixed_BM_l0.3_r0.5_mcar0.3_n300_M20_s58",300,0.3,0.5,58,TRUE,1,0.0909090909090909,4.52752498870712,1600,0.0193164933135215,""
"bace","rubin_types_mixed_BM_l0.3_r0.5_mcar0.3_n300_M20_s59",300,0.3,0.5,59,TRUE,1,0.285714285714286,2.48669104799496,1600,0.0881624566617137,""
"bace","rubin_types_mixed_BM_l0.3_r0.5_mcar0.3_n300_M20_s60",300,0.3,0.5,60,FALSE,1,0.0803313117633925,62.8654787920096,1600,0.00297176820208024,""
"bace","rubin_types_mixed_BM_l0.3_r0.5_mcar0.3_n300_M20_s61",300,0.3,0.5,61,FALSE,1,0.133463842123736,66.7943340396931,1600,0.00495294700346706,""
"bace","rubin_types_mixed_BM_l0.3_r0.5_mcar0.3_n300_M20_s62",300,0.3,0.5,62,TRUE,1,0.0704741222109635,45.1518882655752,1600,0.00346706290242694,""
"bace","rubin_types_mixed_BM_l0.3_r0.5_mcar0.3_n300_M20_s63",300,0.3,0.5,63,TRUE,1,0.0399999999999999,65.1741477282441,1600,0.00198117880138683,""
"bace","rubin_types_mixed_BM_l0.3_r0.5_mcar0.3_n300_M20_s64",300,0.3,0.5,64,TRUE,1,0.115384615384616,57.3952775507779,1600,0.00297176820208024,""
"bace","rubin_types_mixed_BM_l0.3_r0.5_mcar0.3_n300_M20_s65",300,0.3,0.5,65,FALSE,1,0.0806451612903226,4.30520786110884,1600,0.0104011887072808,""
"bace","rubin_types_mixed_BM_l0.3_r0.5_mcar0.3_n300_M20_s66",300,0.3,0.5,66,TRUE,1,0.0881814697211682,2.94013121685503,1600,0.00594353640416048,""
"bace","rubin_types_mixed_BM_l0.3_r0.5_mcar0.3_n300_M20_s67",300,0.3,0.5,67,TRUE,1,0.0750225228921647,1.92245432205418,1600,0.0921248142644874,""
"bace","rubin_types_mixed_BM_l0.3_r0.5_mcar0.3_n300_M20_s68",300,0.3,0.5,68,TRUE,1,0.105263157894737,45.4999393843596,1600,0.00198117880138683,""
"bace","rubin_types_mixed_BM_l0.3_r0.5_mcar0.3_n300_M20_s69",300,0.3,0.5,69,TRUE,1,0.222859773643818,1.39239432840364,1600,0.0574541852402179,""
"bace","rubin_types_mixed_BM_l0.3_r0.5_mcar0.3_n300_M20_s70",300,0.3,0.5,70,TRUE,1,0.0831897240093842,74.5264855212174,1600,0.00346706290242694,""
"bace","rubin_types_mixed_BM_l0.3_r0.5_mcar0.3_n300_M20_s71",300,0.3,0.5,71,TRUE,1,0.0500578321812587,7.477905314607,1600,0.0104011887072808,""
"bace","rubin_types_mixed_BM_l0.3_r0.5_mcar0.3_n300_M20_s72",300,0.3,0.5,72,FALSE,1,0.108695652173913,4.41856898977005,1600,0.00891530460624071,""
"bace","rubin_types_mixed_BM_l0.3_r0.5_mcar0.3_n300_M20_s73",300,0.3,0.5,73,TRUE,1,0.0799999999999999,1.8823675460758,1600,0.053987122337791,""
"bace","rubin_types_mixed_BM_l0.3_r0.5_mcar0.3_n300_M20_s74",300,0.3,0.5,74,FALSE,1,0.206009710230811,2.29672136935596,1600,0.00643883110450718,""
"bace","rubin_types_mixed_BM_l0.3_r0.5_mcar0.3_n300_M20_s75",300,0.3,0.5,75,FALSE,1,0.726952475567237,13.8180956440316,1600,0.00445765230312036,""
"bace","rubin_types_mixed_BM_l0.3_r0.5_mcar0.3_n300_M20_s76",300,0.3,0.5,76,FALSE,1,0.51130002589213,1.52320558989975,1600,0.0341753343239227,""
"bace","rubin_types_mixed_BM_l0.3_r0.5_mcar0.3_n300_M20_s77",300,0.3,0.5,77,FALSE,1,0.0384615384615385,2.31748976481428,1600,0.00693412580485389,""
"bace","rubin_types_mixed_BM_l0.3_r0.5_mcar0.3_n300_M20_s78",300,0.3,0.5,78,TRUE,1,0.222222222222222,34.0368204161328,1600,0.00396235760277365,""
"bace","rubin_types_mixed_BM_l0.3_r0.5_mcar0.3_n300_M20_s79",300,0.3,0.5,79,TRUE,1,0.0382191299204919,1.32152753633462,1600,0.0386329866270431,""
"bace","rubin_types_mixed_BM_l0.3_r0.5_mcar0.3_n300_M20_s80",300,0.3,0.5,80,FALSE,1,0.0498980157002805,8.74745548330051,1600,0.0163447251114413,""
"bace","rubin_types_mixed_BM_l0.3_r0.5_mcar0.3_n300_M20_s81",300,0.3,0.5,81,FALSE,1,0.0571428571428571,1.50280097002163,1600,0.00990589400693413,""
"bace","rubin_types_mixed_BM_l0.3_r0.5_mcar0.3_n300_M20_s82",300,0.3,0.5,82,TRUE,1,0.614592286365025,2.13029508528071,1600,0.0341753343239227,""
"bace","rubin_types_mixed_BM_l0.3_r0.5_mcar0.3_n300_M20_s83",300,0.3,0.5,83,TRUE,1,0.0938517617084448,44.4998867275914,1600,0.00198117880138683,""
"bace","rubin_types_mixed_BM_l0.3_r0.5_mcar0.3_n300_M20_s84",300,0.3,0.5,84,FALSE,1,0.4,1.49015331475326,1600,0.0495294700346706,""
"bace","rubin_types_mixed_BM_l0.3_r0.5_mcar0.3_n300_M20_s85",300,0.3,0.5,85,FALSE,1,3.37340495411106,3.32213564285333,1600,0.0163447251114413,""
"bace","rubin_types_mixed_BM_l0.3_r0.5_mcar0.3_n300_M20_s86",300,0.3,0.5,86,TRUE,1,0.128610054817614,1.23019438051384,1600,0.142149578999505,""
"bace","rubin_types_mixed_BM_l0.3_r0.5_mcar0.3_n300_M20_s87",300,0.3,0.5,87,TRUE,1,0.0937247725410809,1.67813464175618,1600,0.0302129767211491,""
"bace","rubin_types_mixed_BM_l0.3_r0.5_mcar0.3_n300_M20_s88",300,0.3,0.5,88,FALSE,1,0.111111111111111,94.9522457112034,1600,0.000990589400693413,""
"bace","rubin_types_mixed_BM_l0.3_r0.5_mcar0.3_n300_M20_s89",300,0.3,0.5,89,FALSE,1,0.555555555555556,4.29171137427785,1600,0.0148588410104012,""
"bace","rubin_types_mixed_BM_l0.3_r0.5_mcar0.3_n300_M20_s90",300,0.3,0.5,90,FALSE,1,0.484339222088624,2.05330877357124,1600,0.0143635463100545,""
"bace","rubin_types_mixed_BM_l0.3_r0.5_mcar0.3_n300_M20_s91",300,0.3,0.5,91,FALSE,1,0.4,2.09982037570899,1600,0.0881624566617137,""
"bace","rubin_types_mixed_BM_l0.3_r0.5_mcar0.3_n300_M20_s92",300,0.3,0.5,92,FALSE,1,0.130434782608696,3.00174060158397,1600,0.0401188707280832,""
"bace","rubin_types_mixed_BM_l0.3_r0.5_mcar0.3_n300_M20_s93",300,0.3,0.5,93,FALSE,1,0.12902163730517,3.74099330475372,1600,0.0212976721149084,""
"bace","rubin_types_mixed_BM_l0.3_r0.5_mcar0.3_n300_M20_s94",300,0.3,0.5,94,FALSE,1,0.064516129032258,3.41481080553723,1600,0.0079247152055473,""
"bace","rubin_types_mixed_BM_l0.3_r0.5_mcar0.3_n300_M20_s95",300,0.3,0.5,95,FALSE,1,0.0925925925925926,1.44642367633527,1600,0.0693412580485389,""
"bace","rubin_types_mixed_BM_l0.3_r0.5_mcar0.3_n300_M20_s96",300,0.3,0.5,96,FALSE,1,0.0665171274692668,1.23704361994125,1600,0.0430906389301634,""
"bace","rubin_types_mixed_BM_l0.3_r0.5_mcar0.3_n300_M20_s97",300,0.3,0.5,97,FALSE,1,0.0909090909090909,3.31342901201846,1600,0.108964834076275,""
"bace","rubin_types_mixed_BM_l0.3_r0.5_mcar0.3_n300_M20_s98",300,0.3,0.5,98,FALSE,1,0.142857142857143,1.70681816489154,1600,0.0391282813273898,""
"bace","rubin_types_mixed_BM_l0.3_r0.5_mcar0.3_n300_M20_s99",300,0.3,0.5,99,FALSE,1,0.300180653948537,52.4403926964022,1600,0.00198117880138683,""
"bace","rubin_types_mixed_BM_l0.7_r0_mcar0.3_n100_M20_s101",100,0.7,0,101,FALSE,1,1.00434162445335,0.949910376856481,556.679679397223,0.468548786527984,""
"bace","rubin_types_mixed_BM_l0.7_r0_mcar0.3_n100_M20_s102",100,0.7,0,102,FALSE,1,0.4,1.86171629727648,134.078511331482,0.492322932144626,""
"bace","rubin_types_mixed_BM_l0.7_r0_mcar0.3_n100_M20_s103",100,0.7,0,103,TRUE,1,0.157683607466897,1.20547549524102,1051.88577632188,0.387815750371471,""
"bace","rubin_types_mixed_BM_l0.7_r0_mcar0.3_n100_M20_s104",100,0.7,0,104,FALSE,1,0.5,1.85138143839087,405.61681243542,0.472015849430411,""
"bace","rubin_types_mixed_BM_l0.7_r0_mcar0.3_n100_M20_s105",100,0.7,0,105,FALSE,1,0.794193598462014,1.54525191957836,764.970778626132,0.479940564635958,""
"bace","rubin_types_mixed_BM_l0.7_r0_mcar0.3_n100_M20_s106",100,0.7,0,106,FALSE,1,0.539701001379737,1.50163003300314,1505.20217675299,0.307082714214958,""
"bace","rubin_types_mixed_BM_l0.7_r0_mcar0.3_n100_M20_s107",100,0.7,0,107,TRUE,1,0.295642878982026,1.49557519500815,173.33179355874,0.483902922238732,""
"bace","rubin_types_mixed_BM_l0.7_r0_mcar0.3_n100_M20_s108",100,0.7,0,108,FALSE,1,0.5,1.91545999062374,271.242388652949,0.477464091134225,""
"bace","rubin_types_mixed_BM_l0.7_r0_mcar0.3_n100_M20_s109",100,0.7,0,109,FALSE,1,0.6,1.64150823293653,370.720549920114,0.462109955423477,""
"bace","rubin_types_mixed_BM_l0.7_r0_mcar0.3_n100_M20_s110",100,0.7,0,110,TRUE,1,0.666666666666667,0.775578488898276,582.714512793696,0.475482912332838,""
"bace","rubin_types_mixed_BM_l0.7_r0_mcar0.3_n100_M20_s111",100,0.7,0,111,FALSE,1,1.67336485370973,1.41551348663444,152.561205425789,0.49331352154532,""
"bace","rubin_types_mixed_BM_l0.7_r0_mcar0.3_n100_M20_s112",100,0.7,0,112,TRUE,1,0.285714285714286,1.3805761034312,348.385729039901,0.46161466072313,""
"bace","rubin_types_mixed_BM_l0.7_r0_mcar0.3_n100_M20_s113",100,0.7,0,113,FALSE,1,0.552033084736434,1.43429857708406,465.855924356354,0.440316988608222,""
"bace","rubin_types_mixed_BM_l0.7_r0_mcar0.3_n100_M20_s114",100,0.7,0,114,FALSE,1,0.314908446849413,0.900058083888359,777.538950382223,0.440316988608222,""
"bace","rubin_types_mixed_BM_l0.7_r0_mcar0.3_n100_M20_s115",100,0.7,0,115,FALSE,1,0.879422938195182,1.61621241216362,392.249435976564,0.467558197127291,""
"bace","rubin_types_mixed_BM_l0.7_r0_mcar0.3_n100_M20_s116",100,0.7,0,116,FALSE,1,0.5,1.15979429119992,911.836311544531,0.447251114413076,""
"bace","rubin_types_mixed_BM_l0.7_r0_mcar0.3_n100_M20_s117",100,0.7,0,117,FALSE,1,0.666666666666667,2.0069341453833,371.032653862901,0.429915799900941,""
"bace","rubin_types_mixed_BM_l0.7_r0_mcar0.3_n100_M20_s118",100,0.7,0,118,FALSE,1,1.33333333333333,2.06369028598066,568.313009471885,0.46310054482417,""
"bace","rubin_types_mixed_BM_l0.7_r0_mcar0.3_n100_M20_s119",100,0.7,0,119,FALSE,1,0.415801357600622,1.93927774240452,514.316772363211,0.469539375928678,""
"bace","rubin_types_mixed_BM_l0.7_r0_mcar0.3_n100_M20_s120",100,0.7,0,120,FALSE,1,0.190476190476191,1.83256763385337,1221.7510288376,0.379891035165924,""
"bace","rubin_types_mixed_BM_l0.7_r0_mcar0.3_n100_M20_s121",100,0.7,0,121,FALSE,1,0.352941176470588,2.0171200108188,246.072824549749,0.469044081228331,""
"bace","rubin_types_mixed_BM_l0.7_r0_mcar0.3_n100_M20_s122",100,0.7,0,122,FALSE,1,1e+07,1.36785235216882,1108.55140453456,0.408122833085686,""
"bace","rubin_types_mixed_BM_l0.7_r0_mcar0.3_n100_M20_s123",100,0.7,0,123,FALSE,1,0.375,1.91639134943391,796.21854399484,0.436849925705795,""
"bace","rubin_types_mixed_BM_l0.7_r0_mcar0.3_n100_M20_s124",100,0.7,0,124,FALSE,1,3333333.33333333,1.52155755371139,651.594566625598,0.399750933997509,"bin: left out (1 observed class)"
"bace","rubin_types_mixed_BM_l0.7_r0_mcar0.3_n100_M20_s125",100,0.7,0,125,FALSE,1,0.4810913272533,0.787198553923017,1403.69878785092,0.429614873837981,"cat3: dropped 1 empty level(s)"
"bace","rubin_types_mixed_BM_l0.7_r0_mcar0.3_n100_M20_s126",100,0.7,0,126,FALSE,1,0.450265416058333,1.67351493888184,733.517118949078,0.468053491827637,""
"bace","rubin_types_mixed_BM_l0.7_r0_mcar0.3_n100_M20_s127",100,0.7,0,127,FALSE,1,1.5,1.45256621174013,369.835128109736,0.473501733531451,""
"bace","rubin_types_mixed_BM_l0.7_r0_mcar0.3_n100_M20_s128",100,0.7,0,128,FALSE,1,3,1.15716236308127,220.950742277987,0.481921743437345,""
"bace","rubin_types_mixed_BM_l0.7_r0_mcar0.3_n100_M20_s129",100,0.7,0,129,FALSE,1,0.5,0.807716461809652,49.9530688716501,0.520554730064388,""
"bace","rubin_types_mixed_BM_l0.7_r0_mcar0.3_n100_M20_s130",100,0.7,0,130,FALSE,1,17.7000601382564,1.91229379580066,228.202400846174,0.479445269935612,""
"bace","rubin_types_mixed_BM_l0.7_r0_mcar0.3_n100_M20_s131",100,0.7,0,131,FALSE,1,1,1.14627577083627,1241.40881673096,0.404160475482912,""
"bace","rubin_types_mixed_BM_l0.7_r0_mcar0.3_n100_M20_s132",100,0.7,0,132,FALSE,1,0.482931482579364,1.37094583924568,291.300632407314,0.480435859336305,""
"bace","rubin_types_mixed_BM_l0.7_r0_mcar0.3_n100_M20_s133",100,0.7,0,133,FALSE,1,0.465538026324376,1.78026036673736,1182.14197234204,0.443784051510649,""
"bace","rubin_types_mixed_BM_l0.7_r0_mcar0.3_n100_M20_s134",100,0.7,0,134,FALSE,1,0.625,1.11172710593494,300.404763874406,0.481921743437345,""
"bace","rubin_types_mixed_BM_l0.7_r0_mcar0.3_n100_M20_s135",100,0.7,0,135,FALSE,1,0.173913043478261,1.51919341007918,706.514720313245,0.46458642892521,""
"bace","rubin_types_mixed_BM_l0.7_r0_mcar0.3_n100_M20_s136",100,0.7,0,136,FALSE,1,0.291666666666667,2.11946065859471,145.395682763851,0.485884101040119,""
"bace","rubin_types_mixed_BM_l0.7_r0_mcar0.3_n100_M20_s137",100,0.7,0,137,FALSE,1,0.459113153302788,1.31129531448191,953.468897543726,0.407132243684993,""
"bace","rubin_types_mixed_BM_l0.7_r0_mcar0.3_n100_M20_s138",100,0.7,0,138,FALSE,1,0.583050444917252,1.47796915977439,826.520313448327,0.452204061416543,""
"bace","rubin_types_mixed_BM_l0.7_r0_mcar0.3_n100_M20_s139",100,0.7,0,139,FALSE,1,3333333.33333333,1.28987446124246,424.827379111696,0.444279346210996,""
"bace","rubin_types_mixed_BM_l0.7_r0_mcar0.3_n100_M20_s140",100,0.7,0,140,FALSE,1,1.87334278473506,1.35028381629235,246.524464452936,0.475482912332838,""
"bace","rubin_types_mixed_BM_l0.7_r0_mcar0.3_n100_M20_s141",100,0.7,0,141,TRUE,1,4,2.07130326490663,505.415438851065,0.470529965329371,""
"bace","rubin_types_mixed_BM_l0.7_r0_mcar0.3_n100_M20_s142",100,0.7,0,142,FALSE,1,0.874449919511395,1.58371851388002,169.536363878922,0.489351163942546,""
"bace","rubin_types_mixed_BM_l0.7_r0_mcar0.3_n100_M20_s143",100,0.7,0,143,FALSE,1,0.135614220613927,1.47371355854098,258.896378736456,0.483407627538385,""
"bace","rubin_types_mixed_BM_l0.7_r0_mcar0.3_n100_M20_s144",100,0.7,0,144,FALSE,1,5.79249867504246,1.7301372361358,628.619923552211,0.439821693907875,""
"bace","rubin_types_mixed_BM_l0.7_r0_mcar0.3_n100_M20_s145",100,0.7,0,145,FALSE,1,0.306469119290837,1.36596519311422,311.194712640581,0.476968796433878,""
"bace","rubin_types_mixed_BM_l0.7_r0_mcar0.3_n100_M20_s146",100,0.7,0,146,FALSE,1,0.519731898977291,1.09285703208768,25.7817172587126,0.560178306092125,""
"bace","rubin_types_mixed_BM_l0.7_r0_mcar0.3_n100_M20_s147",100,0.7,0,147,FALSE,1,1,1.81381329535546,136.835654583888,0.489351163942546,""
"bace","rubin_types_mixed_BM_l0.7_r0_mcar0.3_n100_M20_s148",100,0.7,0,148,FALSE,1,0.5,1.0597894519672,1186.16838165367,0.378246753246753,"ord: dropped 1 empty level(s)"
"bace","rubin_types_mixed_BM_l0.7_r0_mcar0.3_n100_M20_s149",100,0.7,0,149,FALSE,1,0.666666666666667,1.59611286473162,413.853718983156,0.462109955423477,""
"bace","rubin_types_mixed_BM_l0.7_r0_mcar0.3_n100_M20_s150",100,0.7,0,150,FALSE,1,0.333333333333333,1.84328088705153,224.735609063217,0.477464091134225,""
"bace","rubin_types_mixed_BM_l0.7_r0_mcar0.3_n100_M20_s151",100,0.7,0,151,FALSE,1,3.38481373343198,1.30004319318182,521.575796232302,0.466567607726597,""
"bace","rubin_types_mixed_BM_l0.7_r0_mcar0.3_n100_M20_s152",100,0.7,0,152,TRUE,1,1,1.08313957094822,653.297718313036,0.45269935611689,""
"bace","rubin_types_mixed_BM_l0.7_r0_mcar0.3_n100_M20_s153",100,0.7,0,153,FALSE,1,0.285714285714286,1.61006362720307,676.07219078843,0.429915799900941,""
"bace","rubin_types_mixed_BM_l0.7_r0_mcar0.3_n100_M20_s154",100,0.7,0,154,TRUE,1,0.6,1.31385108349307,689.037787845698,0.445765230312036,""
"bace","rubin_types_mixed_BM_l0.7_r0_mcar0.3_n100_M20_s155",100,0.7,0,155,FALSE,1,0.714285714285714,1.5017274556944,366.028405901769,0.466567607726597,""
"bace","rubin_types_mixed_BM_l0.7_r0_mcar0.3_n100_M20_s156",100,0.7,0,156,FALSE,1,0.571428571428571,1.55367600591062,504.485805580542,0.457652303120357,""
"bace","rubin_types_mixed_BM_l0.7_r0_mcar0.3_n100_M20_s157",100,0.7,0,157,FALSE,1,0.183387658752794,1.85111725999352,918.19709242191,0.438831104507182,""
"bace","rubin_types_mixed_BM_l0.7_r0_mcar0.3_n100_M20_s158",100,0.7,0,158,FALSE,1,1,1.60821023258344,676.050034188406,0.42248637939574,""
"bace","rubin_types_mixed_BM_l0.7_r0_mcar0.3_n100_M20_s159",100,0.7,0,159,FALSE,1,0.329627246450882,1.50945643039387,827.410643040806,0.468053491827637,""
"bace","rubin_types_mixed_BM_l0.7_r0_mcar0.3_n100_M20_s160",100,0.7,0,160,FALSE,1,0.624213859731879,1.40537202481231,255.349814843075,0.483407627538385,""
"bace","rubin_types_mixed_BM_l0.7_r0_mcar0.3_n100_M20_s161",100,0.7,0,161,FALSE,1,0.5,1.28144467595979,172.305533538055,0.49331352154532,""
"bace","rubin_types_mixed_BM_l0.7_r0_mcar0.3_n100_M20_s162",100,0.7,0,162,FALSE,1,0.333333333333333,1.90167840705761,1340.12683418116,0.383358098068351,""
"bace","rubin_types_mixed_BM_l0.7_r0_mcar0.3_n100_M20_s163",100,0.7,0,163,FALSE,1,0.382317788379744,1.86444402521834,321.180146428981,0.477959385834572,""
"bace","rubin_types_mixed_BM_l0.7_r0_mcar0.3_n100_M20_s164",100,0.7,0,164,FALSE,1,1.13871914082129,1.22161214682494,28.2016875693085,0.544824170381377,""
"bace","rubin_types_mixed_BM_l0.7_r0_mcar0.3_n100_M20_s165",100,0.7,0,165,TRUE,1,0.186293266003019,1.35829025205533,142.089948494998,0.494304110946013,""
"bace","rubin_types_mixed_BM_l0.7_r0_mcar0.3_n100_M20_s166",100,0.7,0,166,FALSE,1,1.22789493027017,1.8071902148254,282.625626796463,0.484893511639425,""
"bace","rubin_types_mixed_BM_l0.7_r0_mcar0.3_n100_M20_s167",100,0.7,0,167,FALSE,1,6666666.66666667,1.08604046278951,776.065461602546,0.445269935611689,""
"bace","rubin_types_mixed_BM_l0.7_r0_mcar0.3_n100_M20_s168",100,0.7,0,168,FALSE,1,0.695917135836542,1.78229571840413,881.036319327704,0.404160475482912,""
"bace","rubin_types_mixed_BM_l0.7_r0_mcar0.3_n100_M20_s169",100,0.7,0,169,FALSE,1,0.517241379310345,1.32984195365323,401.087066385211,0.472511144130758,""
"bace","rubin_types_mixed_BM_l0.7_r0_mcar0.3_n100_M20_s170",100,0.7,0,170,FALSE,1,0.373740056850478,1.87060715170058,157.788989151104,0.492424242424242,"ord: dropped 1 empty level(s)"
"bace","rubin_types_mixed_BM_l0.7_r0_mcar0.3_n100_M20_s171",100,0.7,0,171,FALSE,1,0.333333333333333,1.41324607067588,793.809898441978,0.46012877662209,""
"bace","rubin_types_mixed_BM_l0.7_r0_mcar0.3_n100_M20_s172",100,0.7,0,172,FALSE,1,1.33333333333333,1.72986653285876,264.031587513105,0.467062902426944,""
"bace","rubin_types_mixed_BM_l0.7_r0_mcar0.3_n100_M20_s173",100,0.7,0,173,TRUE,1,1,1.22057928879004,92.7896976603342,0.502705627705628,"ord: dropped 1 empty level(s)"
"bace","rubin_types_mixed_BM_l0.7_r0_mcar0.3_n100_M20_s174",100,0.7,0,174,FALSE,1,0.3125,1.29385108039094,650.413292269643,0.439821693907875,""
"bace","rubin_types_mixed_BM_l0.7_r0_mcar0.3_n100_M20_s175",100,0.7,0,175,TRUE,1,0.714285714285714,1.682228206834,372.118564721734,0.462605250123824,""
"bace","rubin_types_mixed_BM_l0.7_r0_mcar0.3_n100_M20_s176",100,0.7,0,176,FALSE,1,0.428571428571428,1.2454975731091,956.704537391425,0.456661713719663,""
"bace","rubin_types_mixed_BM_l0.7_r0_mcar0.3_n100_M20_s177",100,0.7,0,177,FALSE,1,0.316551384977012,1.4463063712382,623.459599772425,0.452204061416543,""
"bace","rubin_types_mixed_BM_l0.7_r0_mcar0.3_n100_M20_s178",100,0.7,0,178,FALSE,1,1.57662437326612,1.30693318026457,358.733839916158,0.476968796433878,""
"bace","rubin_types_mixed_BM_l0.7_r0_mcar0.3_n100_M20_s179",100,0.7,0,179,FALSE,1,0.5,1.94579533900162,211.407678258715,0.479940564635958,""
"bace","rubin_types_mixed_BM_l0.7_r0_mcar0.3_n100_M20_s180",100,0.7,0,180,TRUE,1,1,1.07368826431904,48.3946229898626,0.517582961862308,""
"bace","rubin_types_mixed_BM_l0.7_r0_mcar0.3_n100_M20_s181",100,0.7,0,181,FALSE,1,3,1.10678219699262,1106.11139310919,0.430411094601288,""
"bace","rubin_types_mixed_BM_l0.7_r0_mcar0.3_n100_M20_s182",100,0.7,0,182,FALSE,1,3333333.33333333,1.2498350546907,146.800186687351,0.490341753343239,""
"bace","rubin_types_mixed_BM_l0.7_r0_mcar0.3_n100_M20_s183",100,0.7,0,183,FALSE,1,0.699901389774246,1.31960060242994,316.552804489002,0.472511144130758,""
"bace","rubin_types_mixed_BM_l0.7_r0_mcar0.3_n100_M20_s184",100,0.7,0,184,FALSE,1,0.444444444444445,1.05701321468319,1224.73676574674,0.405151064883606,""
"bace","rubin_types_mixed_BM_l0.7_r0_mcar0.3_n100_M20_s185",100,0.7,0,185,FALSE,1,1,1.51191744648833,202.184987410837,0.486471861471861,"ord: dropped 1 empty level(s)"
"bace","rubin_types_mixed_BM_l0.7_r0_mcar0.3_n100_M20_s186",100,0.7,0,186,FALSE,1,0.403176528758081,1.53578803049961,225.8849094956,0.484398216939079,""
"bace","rubin_types_mixed_BM_l0.7_r0_mcar0.3_n100_M20_s187",100,0.7,0,187,FALSE,1,0.636363636363636,1.14972285446846,115.668156226095,0.497275879148093,""
"bace","rubin_types_mixed_BM_l0.7_r0_mcar0.3_n100_M20_s188",100,0.7,0,188,FALSE,1,0.193877551020408,1.51646357856716,1210.77699746877,0.435364041604755,""
"bace","rubin_types_mixed_BM_l0.7_r0_mcar0.3_n100_M20_s189",100,0.7,0,189,FALSE,1,1.5,1.89465510061143,377.076613484979,0.473997028231798,""
"bace","rubin_types_mixed_BM_l0.7_r0_mcar0.3_n100_M20_s190",100,0.7,0,190,FALSE,1,1,1.43939481801354,786.535304860244,0.396731054977712,""
"bace","rubin_types_mixed_BM_l0.7_r0_mcar0.3_n100_M20_s191",100,0.7,0,191,FALSE,1,0.222913304181693,1.76421490498537,844.565874299565,0.45864289252105,""
"bace","rubin_types_mixed_BM_l0.7_r0_mcar0.3_n100_M20_s192",100,0.7,0,192,FALSE,1,0.375,1.76323799007255,309.326699947472,0.478949975235265,""
"bace","rubin_types_mixed_BM_l0.7_r0_mcar0.3_n100_M20_s193",100,0.7,0,193,FALSE,1,0.5,1.59666461104262,456.934220987478,0.45715700842001,""
"bace","rubin_types_mixed_BM_l0.7_r0_mcar0.3_n100_M20_s194",100,0.7,0,194,TRUE,1,0.272727272727273,1.00513220339868,390.820186910539,0.443288756810302,""
"bace","rubin_types_mixed_BM_l0.7_r0_mcar0.3_n100_M20_s195",100,0.7,0,195,FALSE,1,1.20824418729271,1.00054490692169,31.4595149346621,0.569093610698366,""
"bace","rubin_types_mixed_BM_l0.7_r0_mcar0.3_n100_M20_s196",100,0.7,0,196,FALSE,1,1.87679326281091,1.47622066339185,519.426460226099,0.406636948984646,""
"bace","rubin_types_mixed_BM_l0.7_r0_mcar0.3_n100_M20_s197",100,0.7,0,197,FALSE,1,0.444444444444444,1.33901617224116,1011.27314259973,0.439821693907875,""
"bace","rubin_types_mixed_BM_l0.7_r0_mcar0.3_n100_M20_s198",100,0.7,0,198,FALSE,1,1.25,1.04979090900005,734.085791512787,0.41802872709262,""
"bace","rubin_types_mixed_BM_l0.7_r0_mcar0.3_n100_M20_s199",100,0.7,0,199,FALSE,1,0.959295386069178,1.75609449997725,299.374563125797,0.477959385834572,""
"bace","rubin_types_mixed_BM_l0.7_r0_mcar0.3_n100_M20_s200",100,0.7,0,200,TRUE,1,0.11513659300215,1.59240720882646,367.549475878788,0.480931154036652,""
"bace","rubin_types_mixed_BM_l0.7_r0_mcar0.3_n1000_M20_s100",1000,0.7,0,100,FALSE,1,1.22797331624702,58.6243446171912,1600,0.00198117880138683,""
"bace","rubin_types_mixed_BM_l0.7_r0_mcar0.3_n1000_M20_s61",1000,0.7,0,61,FALSE,1,0.10807835180687,79.1197111767611,1600,0.000495294700346706,""
"bace","rubin_types_mixed_BM_l0.7_r0_mcar0.3_n1000_M20_s62",1000,0.7,0,62,FALSE,1,2.18451963283413,62.2495821974782,1600,0.00346706290242694,""
"bace","rubin_types_mixed_BM_l0.7_r0_mcar0.3_n1000_M20_s63",1000,0.7,0,63,TRUE,1,0.0850988700564973,66.2029165048186,1600,0.00247647350173353,""
"bace","rubin_types_mixed_BM_l0.7_r0_mcar0.3_n1000_M20_s66",1000,0.7,0,66,FALSE,1,666666.666666667,1.32454867583346,1510.73274199227,0.132243684992571,""
"bace","rubin_types_mixed_BM_l0.7_r0_mcar0.3_n1000_M20_s67",1000,0.7,0,67,FALSE,1,0.088607594936709,78.9253882859123,1600,0.00148588410104012,""
"bace","rubin_types_mixed_BM_l0.7_r0_mcar0.3_n1000_M20_s68",1000,0.7,0,68,FALSE,1,0.2,2.63559368111937,1600,0.0133729569093611,""
"bace","rubin_types_mixed_BM_l0.7_r0_mcar0.3_n1000_M20_s69",1000,0.7,0,69,FALSE,1,0.163265306122449,1.19309029381651,1600,0.0425953442298167,""
"bace","rubin_types_mixed_BM_l0.7_r0_mcar0.3_n1000_M20_s70",1000,0.7,0,70,TRUE,1,333333.333333333,0.898088867422664,1600,0.0812283308568598,""
"bace","rubin_types_mixed_BM_l0.7_r0_mcar0.3_n1000_M20_s71",1000,0.7,0,71,FALSE,1,0.416666666666667,15.4644607342807,1600,0.00544824170381377,""
"bace","rubin_types_mixed_BM_l0.7_r0_mcar0.3_n1000_M20_s72",1000,0.7,0,72,TRUE,1,0.305555555555556,61.4069972724173,1600,0.00346706290242694,""
"bace","rubin_types_mixed_BM_l0.7_r0_mcar0.3_n1000_M20_s73",1000,0.7,0,73,TRUE,1,0.0256357672719311,1.80423612715416,1600,0.0525012382367509,""
"bace","rubin_types_mixed_BM_l0.7_r0_mcar0.3_n1000_M20_s74",1000,0.7,0,74,FALSE,1,333333.333333333,50.030846605159,1600,0.00247647350173353,""
"bace","rubin_types_mixed_BM_l0.7_r0_mcar0.3_n1000_M20_s75",1000,0.7,0,75,FALSE,1,0.75,4.74310727421294,1600,0.0217929668152551,""
"bace","rubin_types_mixed_BM_l0.7_r0_mcar0.3_n1000_M20_s76",1000,0.7,0,76,TRUE,1,0.125,10.6480361271422,1600,0.0257553244180287,""
"bace","rubin_types_mixed_BM_l0.7_r0_mcar0.3_n1000_M20_s77",1000,0.7,0,77,FALSE,1,0.258064516129032,47.1039318614819,1600,0.00148588410104012,""
"bace","rubin_types_mixed_BM_l0.7_r0_mcar0.3_n1000_M20_s78",1000,0.7,0,78,FALSE,1,0.4,67.7978613412341,1600,0.00148588410104012,""
"bace","rubin_types_mixed_BM_l0.7_r0_mcar0.3_n1000_M20_s79",1000,0.7,0,79,TRUE,1,0.225,40.3288010279083,1600,0.00495294700346706,""
"bace","rubin_types_mixed_BM_l0.7_r0_mcar0.3_n1000_M20_s80",1000,0.7,0,80,TRUE,1,0.538461538461538,1.079066893568,1549.26985153035,0.0302129767211491,""
"bace","rubin_types_mixed_BM_l0.7_r0_mcar0.3_n1000_M20_s81",1000,0.7,0,81,FALSE,1,666666.666666667,1.06486518525048,1600,0.0678553739474988,""
"bace","rubin_types_mixed_BM_l0.7_r0_mcar0.3_n1000_M20_s82",1000,0.7,0,82,FALSE,1,0.090909090909091,48.2707932188181,1600,0.00346706290242694,""
"bace","rubin_types_mixed_BM_l0.7_r0_mcar0.3_n1000_M20_s83",1000,0.7,0,83,FALSE,1,0.5,2.03961144615576,1475.55217962821,0.0316988608221892,""
"bace","rubin_types_mixed_BM_l0.7_r0_mcar0.3_n1000_M20_s84",1000,0.7,0,84,TRUE,1,0.0264304191607941,50.0105076604837,1600,0.00148588410104012,""
"bace","rubin_types_mixed_BM_l0.7_r0_mcar0.3_n1000_M20_s85",1000,0.7,0,85,TRUE,1,0.104280414964845,62.8896607807253,1508.23698848592,0.00396235760277365,""
"bace","rubin_types_mixed_BM_l0.7_r0_mcar0.3_n1000_M20_s86",1000,0.7,0,86,FALSE,1,0.23099440291981,65.291356096478,1600,0.00297176820208024,""
"bace","rubin_types_mixed_BM_l0.7_r0_mcar0.3_n1000_M20_s87",1000,0.7,0,87,FALSE,1,1,4.03004144042059,1600,0.0886577513620604,""
"bace","rubin_types_mixed_BM_l0.7_r0_mcar0.3_n1000_M20_s88",1000,0.7,0,88,TRUE,1,0.0909090909090909,25.2172575655159,1540.5015996223,0.00742942050520059,""
"bace","rubin_types_mixed_BM_l0.7_r0_mcar0.3_n1000_M20_s89",1000,0.7,0,89,TRUE,1,0.0512820512820512,45.6952944007905,1600,0.00445765230312036,""
"bace","rubin_types_mixed_BM_l0.7_r0_mcar0.3_n1000_M20_s90",1000,0.7,0,90,FALSE,1,0.136363636363636,3.58229699978568,1600,0.0430906389301634,""
"bace","rubin_types_mixed_BM_l0.7_r0_mcar0.3_n1000_M20_s91",1000,0.7,0,91,FALSE,1,0.2,49.9596462390763,1600,0.00495294700346706,""
"bace","rubin_types_mixed_BM_l0.7_r0_mcar0.3_n1000_M20_s92",1000,0.7,0,92,FALSE,1,0.703524430682978,42.1110144776157,1600,0.00495294700346706,""
"bace","rubin_types_mixed_BM_l0.7_r0_mcar0.3_n1000_M20_s93",1000,0.7,0,93,FALSE,1,0.260869565217391,19.6297167629004,1600,0.0212976721149084,""
"bace","rubin_types_mixed_BM_l0.7_r0_mcar0.3_n1000_M20_s94",1000,0.7,0,94,FALSE,1,0.0416666666666667,1.33925299121407,1532.66191424413,0.137196631996038,""
"bace","rubin_types_mixed_BM_l0.7_r0_mcar0.3_n1000_M20_s95",1000,0.7,0,95,TRUE,1,1,1.49911954689705,1600,0.0777612679544329,""
"bace","rubin_types_mixed_BM_l0.7_r0_mcar0.3_n1000_M20_s96",1000,0.7,0,96,FALSE,1,0.0975609756097561,1.09675766694464,1485.69880218403,0.133234274393264,""
"bace","rubin_types_mixed_BM_l0.7_r0_mcar0.3_n1000_M20_s97",1000,0.7,0,97,TRUE,1,0.121951219512195,1.91867177472828,1600,0.0321941555225359,""
"bace","rubin_types_mixed_BM_l0.7_r0_mcar0.3_n1000_M20_s98",1000,0.7,0,98,FALSE,1,0.095238095238095,57.1164190666466,1600,0.000990589400693413,""
"bace","rubin_types_mixed_BM_l0.7_r0_mcar0.3_n1000_M20_s99",1000,0.7,0,99,TRUE,1,0.0459267996796832,3.96393300184959,1446.70829520669,0.201584943041109,""
"bace","rubin_types_mixed_BM_l0.7_r0_mcar0.3_n300_M20_s100",300,0.7,0,100,TRUE,1,0.090909090909091,2.1715282243725,1435.08545921711,0.198613174839029,""
"bace","rubin_types_mixed_BM_l0.7_r0_mcar0.3_n300_M20_s101",300,0.7,0,101,FALSE,1,0.444444444444444,1.42248888243256,1468.87946054166,0.050520059435364,""
"bace","rubin_types_mixed_BM_l0.7_r0_mcar0.3_n300_M20_s102",300,0.7,0,102,TRUE,1,0.068411299254637,1.8630060882213,1256.82057177071,0.246161466072313,""
"bace","rubin_types_mixed_BM_l0.7_r0_mcar0.3_n300_M20_s151",300,0.7,0,151,FALSE,1,1,1.16107327208613,1205.22309696657,0.352272727272727,"ord: dropped 1 empty level(s)"
"bace","rubin_types_mixed_BM_l0.7_r0_mcar0.3_n300_M20_s152",300,0.7,0,152,FALSE,1,0.665305549972709,1.67715083206743,1462.06020320467,0.045567112431897,""
"bace","rubin_types_mixed_BM_l0.7_r0_mcar0.3_n300_M20_s52",300,0.7,0,52,FALSE,1,0.25,1.49254951940036,1285.96287334622,0.188707280832095,""
"bace","rubin_types_mixed_BM_l0.7_r0_mcar0.3_n300_M20_s53",300,0.7,0,53,TRUE,1,0.0847457627118644,1.63805926917625,1281.89699014244,0.146607231302625,""
"bace","rubin_types_mixed_BM_l0.7_r0_mcar0.3_n300_M20_s54",300,0.7,0,54,TRUE,1,0.196583300814049,0.996652442942763,1366.64004035869,0.292223873204557,""
"bace","rubin_types_mixed_BM_l0.7_r0_mcar0.3_n300_M20_s55",300,0.7,0,55,FALSE,1,0.522958843807221,1.66246477295693,1443.27161471596,0.220406141654284,""
"bace","rubin_types_mixed_BM_l0.7_r0_mcar0.3_n300_M20_s56",300,0.7,0,56,TRUE,1,1111111.11111111,0.841675548540742,1273.304919664,0.325903912828133,""
"bace","rubin_types_mixed_BM_l0.7_r0_mcar0.3_n300_M20_s57",300,0.7,0,57,FALSE,1,0.5,3.16473901709346,1411.98184239204,0.260029717682021,""
"bace","rubin_types_mixed_BM_l0.7_r0_mcar0.3_n300_M20_s58",300,0.7,0,58,TRUE,1,0.145929431831802,1.30483737987916,1481.53077566435,0.16691431401684,""
"bace","rubin_types_mixed_BM_l0.7_r0_mcar0.3_n300_M20_s59",300,0.7,0,59,TRUE,1,1111111.11111111,0.943687727241705,1536.78150580687,0.140663694898465,""
"bace","rubin_types_mixed_BM_l0.7_r0_mcar0.3_n300_M20_s60",300,0.7,0,60,FALSE,1,0.184460044060859,1.32635084376181,1451.00472797913,0.179791976225854,""
"bace","rubin_types_mixed_BM_l0.7_r0_mcar0.3_n300_M20_s61",300,0.7,0,61,TRUE,1,0.130434782608696,2.08842595133031,1437.15430311092,0.208023774145617,""
"bace","rubin_types_mixed_BM_l0.7_r0_mcar0.3_n300_M20_s62",300,0.7,0,62,TRUE,1,0.0625,2.56460610915831,1600,0.203566121842496,""
"bace","rubin_types_mixed_BM_l0.7_r0_mcar0.3_n300_M20_s63",300,0.7,0,63,TRUE,1,0.142857142857143,1.24041042448186,1135.28868260438,0.256562654779594,""
"bace","rubin_types_mixed_BM_l0.7_r0_mcar0.3_n300_M20_s64",300,0.7,0,64,FALSE,1,0.0476190476190476,1.34023079683491,1464.94512736459,0.128281327389797,""
"bace","rubin_types_mixed_BM_l0.7_r0_mcar0.3_n300_M20_s65",300,0.7,0,65,FALSE,1,1111111.11111111,1.18374542614083,1246.52026163424,0.161961367013373,""
"bace","rubin_types_mixed_BM_l0.7_r0_mcar0.3_n300_M20_s66",300,0.7,0,66,FALSE,1,9.31353727241867,1.45618492983392,1423.78689040946,0.170381376919267,""
"bace","rubin_types_mixed_BM_l0.7_r0_mcar0.3_n300_M20_s67",300,0.7,0,67,TRUE,1,0.75,2.03269426444168,1299.50851609444,0.270926201089648,""
"bace","rubin_types_mixed_BM_l0.7_r0_mcar0.3_n300_M20_s68",300,0.7,0,68,FALSE,1,0.128205128205128,3.45150553303379,1506.48967100038,0.0104011887072808,""
"bace","rubin_types_mixed_BM_l0.7_r0_mcar0.3_n300_M20_s69",300,0.7,0,69,FALSE,1,1.05238144699984,0.894764218708246,1341.89896557444,0.267954432887568,""
"bace","rubin_types_mixed_BM_l0.7_r0_mcar0.3_n300_M20_s70",300,0.7,0,70,TRUE,1,0.090909090909091,1.26228551165223,1335.05526912145,0.133729569093611,""
"bace","rubin_types_mixed_BM_l0.7_r0_mcar0.3_n300_M20_s71",300,0.7,0,71,FALSE,1,0.119047619047619,1.08870095696856,1326.9417111868,0.287766220901436,""
"bace","rubin_types_mixed_BM_l0.7_r0_mcar0.3_n300_M20_s72",300,0.7,0,72,FALSE,1,1.66666666666667,0.890661766799958,1405.14838323222,0.169390787518574,""
"bace","rubin_types_mixed_BM_l0.7_r0_mcar0.3_n300_M20_s73",300,0.7,0,73,TRUE,1,0.39141527660002,2.14852138871716,1412.00556488372,0.29024269440317,""
"bace","rubin_types_mixed_BM_l0.7_r0_mcar0.3_n300_M20_s74",300,0.7,0,74,TRUE,1,0.130434782608696,1.47111877965192,1480.76051745431,0.134720158494304,""
"bace","rubin_types_mixed_BM_l0.7_r0_mcar0.3_n300_M20_s75",300,0.7,0,75,FALSE,1,0.153846153846154,1.59792517837083,1403.61261146665,0.183259039128281,""
"bace","rubin_types_mixed_BM_l0.7_r0_mcar0.3_n300_M20_s76",300,0.7,0,76,FALSE,1,0.342060605590653,0.886803009645836,1427.23652188806,0.143140168400198,""
"bace","rubin_types_mixed_BM_l0.7_r0_mcar0.3_n300_M20_s77",300,0.7,0,77,FALSE,1,0.260869565217391,1.12665269562946,1443.83887487702,0.101535413571075,""
"bace","rubin_types_mixed_BM_l0.7_r0_mcar0.3_n300_M20_s78",300,0.7,0,78,FALSE,1,0.136472060581983,1.34258639373251,1600,0.140168400198118,""
"bace","rubin_types_mixed_BM_l0.7_r0_mcar0.3_n300_M20_s79",300,0.7,0,79,TRUE,1,0.0909090909090909,1.18932860095769,1385.36094798835,0.191183754333829,""
"bace","rubin_types_mixed_BM_l0.7_r0_mcar0.3_n300_M20_s80",300,0.7,0,80,FALSE,1,0.333333333333333,2.41796266734816,1600,0.0802377414561664,""
"bace","rubin_types_mixed_BM_l0.7_r0_mcar0.3_n300_M20_s81",300,0.7,0,81,FALSE,1,0.0666666666666668,2.62517490260935,1464.2552553861,0.0772659732540862,""
"bace","rubin_types_mixed_BM_l0.7_r0_mcar0.3_n300_M20_s82",300,0.7,0,82,TRUE,1,0.0948848719750425,1.34132061570701,1600,0.154531946508172,""
"bace","rubin_types_mixed_BM_l0.7_r0_mcar0.3_n300_M20_s83",300,0.7,0,83,FALSE,1,0.428571428571428,1.4266028047798,1446.34741841782,0.16097077761268,""
"bace","rubin_types_mixed_BM_l0.7_r0_mcar0.3_n300_M20_s84",300,0.7,0,84,TRUE,1,0.1,0.907567824205167,1475.09049140731,0.186726102030708,""
"bace","rubin_types_mixed_BM_l0.7_r0_mcar0.3_n300_M20_s85",300,0.7,0,85,FALSE,1,0.736295822789305,1.40778386883139,1407.43475918681,0.215453194650817,""
"bace","rubin_types_mixed_BM_l0.7_r0_mcar0.3_n300_M20_s86",300,0.7,0,86,FALSE,1,0.2,1.84245707153123,1217.03564436384,0.33234274393264,""
"bace","rubin_types_mixed_BM_l0.7_r0_mcar0.3_n300_M20_s87",300,0.7,0,87,FALSE,1,0.125,1.74556522412017,1600,0.107974244675582,""
"bace","rubin_types_mixed_BM_l0.7_r0_mcar0.3_n300_M20_s88",300,0.7,0,88,FALSE,1,0.120282167433058,1.48103905436895,1365.48212725766,0.20752847944527,""
"bace","rubin_types_mixed_BM_l0.7_r0_mcar0.3_n300_M20_s89",300,0.7,0,89,FALSE,1,0.683241992499025,1.50092090154362,1204.39078487887,0.192174343734522,""
"bace","rubin_types_mixed_BM_l0.7_r0_mcar0.3_n300_M20_s90",300,0.7,0,90,FALSE,1,0.188370531594138,2.07114564622514,1068.86981885519,0.258048538880634,""
"bace","rubin_types_mixed_BM_l0.7_r0_mcar0.3_n300_M20_s91",300,0.7,0,91,TRUE,1,0.0888888888888889,2.80968756561897,1369.00061075609,0.218424962852897,""
"bace","rubin_types_mixed_BM_l0.7_r0_mcar0.3_n300_M20_s92",300,0.7,0,92,FALSE,1,0.25,2.04002860551367,1600,0.206537890044577,""
"bace","rubin_types_mixed_BM_l0.7_r0_mcar0.3_n300_M20_s93",300,0.7,0,93,FALSE,1,0.115988131026746,1.50178591518868,1361.80599049725,0.249133234274393,""
"bace","rubin_types_mixed_BM_l0.7_r0_mcar0.3_n300_M20_s94",300,0.7,0,94,FALSE,1,0.5,1.1722074458443,1477.14372346621,0.20307082714215,""
"bace","rubin_types_mixed_BM_l0.7_r0_mcar0.3_n300_M20_s95",300,0.7,0,95,FALSE,1,17.0466550237765,0.996246774554557,714.892841145527,0.452204061416543,""
"bace","rubin_types_mixed_BM_l0.7_r0_mcar0.3_n300_M20_s96",300,0.7,0,96,TRUE,1,0.0625000000000001,1.62861889820214,1472.04557910114,0.196136701337296,""
"bace","rubin_types_mixed_BM_l0.7_r0_mcar0.3_n300_M20_s97",300,0.7,0,97,TRUE,1,0.0646687697160884,1.80610770178909,1429.04331796189,0.258048538880634,""
"bace","rubin_types_mixed_BM_l0.7_r0_mcar0.3_n300_M20_s98",300,0.7,0,98,FALSE,1,1.15670910369898,2.11282854138778,1600,0.199603764239723,""
"bace","rubin_types_mixed_BM_l0.7_r0_mcar0.3_n300_M20_s99",300,0.7,0,99,FALSE,1,0.21990776769016,1.44013074586535,1146.28000499607,0.20604259534423,""
"bace","rubin_types_mixed_BM_l0.7_r0.5_mcar0.3_n100_M20_s101",100,0.7,0.5,101,FALSE,1,0.442259238184225,1.40424856798645,505.04088587801,0.450718177315503,""
"bace","rubin_types_mixed_BM_l0.7_r0.5_mcar0.3_n100_M20_s102",100,0.7,0.5,102,FALSE,1,0.95864515271795,1.29195060951563,113.470690828607,0.494304110946013,""
"bace","rubin_types_mixed_BM_l0.7_r0.5_mcar0.3_n100_M20_s103",100,0.7,0.5,103,FALSE,1,0.230769230769231,1.11873182878881,867.375907286672,0.437345220406142,""
"bace","rubin_types_mixed_BM_l0.7_r0.5_mcar0.3_n100_M20_s104",100,0.7,0.5,104,TRUE,1,0.214285714285714,1.59781489351799,360.011352987371,0.478949975235265,""
"bace","rubin_types_mixed_BM_l0.7_r0.5_mcar0.3_n100_M20_s105",100,0.7,0.5,105,FALSE,1,0.2,2.09679178718649,1374.6510051382,0.332669322709163,"cat3: dropped 1 empty level(s)"
"bace","rubin_types_mixed_BM_l0.7_r0.5_mcar0.3_n100_M20_s106",100,0.7,0.5,106,FALSE,1,0.492439271057484,2.00191509473235,1487.11025271143,0.323922734026746,""
"bace","rubin_types_mixed_BM_l0.7_r0.5_mcar0.3_n100_M20_s107",100,0.7,0.5,107,FALSE,1,0.778950106675178,1.62520693824661,752.547556154021,0.404160475482912,""
"bace","rubin_types_mixed_BM_l0.7_r0.5_mcar0.3_n100_M20_s108",100,0.7,0.5,108,FALSE,1,1.1879359210536,1.74970761316389,189.130890839251,0.478454680534918,""
"bace","rubin_types_mixed_BM_l0.7_r0.5_mcar0.3_n100_M20_s109",100,0.7,0.5,109,FALSE,1,0.861242470120264,1.35968337242954,496.387690257536,0.45715700842001,""
"bace","rubin_types_mixed_BM_l0.7_r0.5_mcar0.3_n100_M20_s110",100,0.7,0.5,110,FALSE,1,0.627094817662895,1.5747021410239,258.905805422584,0.488360574541852,""
"bace","rubin_types_mixed_BM_l0.7_r0.5_mcar0.3_n100_M20_s111",100,0.7,0.5,111,TRUE,1,0.626524254735689,1.47010543242507,159.715920547107,0.488360574541852,""
"bace","rubin_types_mixed_BM_l0.7_r0.5_mcar0.3_n100_M20_s112",100,0.7,0.5,112,TRUE,1,0.734586963467058,0.969699907258247,92.7824422125681,0.50222882615156,""
"bace","rubin_types_mixed_BM_l0.7_r0.5_mcar0.3_n100_M20_s113",100,0.7,0.5,113,FALSE,1,0.3128508647766,0.932893611757135,34.6561293833084,0.540366518078257,""
"bace","rubin_types_mixed_BM_l0.7_r0.5_mcar0.3_n100_M20_s114",100,0.7,0.5,114,FALSE,1,0.2,1.34095158020155,1107.99438572855,0.46310054482417,""
"bace","rubin_types_mixed_BM_l0.7_r0.5_mcar0.3_n100_M20_s115",100,0.7,0.5,115,FALSE,1,0.536698441410095,1.42335060219853,546.908088102881,0.477464091134225,""
"bace","rubin_types_mixed_BM_l0.7_r0.5_mcar0.3_n100_M20_s116",100,0.7,0.5,116,TRUE,1,2,1.45757151330829,544.214093284265,0.448241703813769,""
"bace","rubin_types_mixed_BM_l0.7_r0.5_mcar0.3_n100_M20_s117",100,0.7,0.5,117,FALSE,1,0.0990279996067127,1.14039903825868,304.657148951142,0.474987617632491,""
"bace","rubin_types_mixed_BM_l0.7_r0.5_mcar0.3_n100_M20_s118",100,0.7,0.5,118,FALSE,1,0.349470912638011,1.43071343085906,444.602742744791,0.469539375928678,""
"bace","rubin_types_mixed_BM_l0.7_r0.5_mcar0.3_n100_M20_s119",100,0.7,0.5,119,FALSE,1,0.871435880288743,1.59141619131972,720.817316227099,0.451708766716196,""
"bace","rubin_types_mixed_BM_l0.7_r0.5_mcar0.3_n100_M20_s120",100,0.7,0.5,120,FALSE,1,1.24638433510171,1.10261725238853,897.98022339681,0.398216939078752,""
"bace","rubin_types_mixed_BM_l0.7_r0.5_mcar0.3_n100_M20_s121",100,0.7,0.5,121,FALSE,1,0.5,1.31040780213447,107.494629109229,0.498266468548787,""
"bace","rubin_types_mixed_BM_l0.7_r0.5_mcar0.3_n100_M20_s122",100,0.7,0.5,122,TRUE,1,0.571428571428571,1.22922832758905,381.047445606311,0.450718177315503,""
"bace","rubin_types_mixed_BM_l0.7_r0.5_mcar0.3_n100_M20_s123",100,0.7,0.5,123,FALSE,1,0.480857769212498,1.66610703498331,287.830140766624,0.476473501733531,""
"bace","rubin_types_mixed_BM_l0.7_r0.5_mcar0.3_n100_M20_s124",100,0.7,0.5,124,TRUE,1,0.333333333333333,1.38846488830368,258.21009717701,0.485388806339772,""
"bace","rubin_types_mixed_BM_l0.7_r0.5_mcar0.3_n100_M20_s125",100,0.7,0.5,125,FALSE,1,6.14031273176668,0.897450944498487,106.976727957036,0.498761763249133,""
"bace","rubin_types_mixed_BM_l0.7_r0.5_mcar0.3_n100_M20_s126",100,0.7,0.5,126,FALSE,1,0.666666666666667,1.04821732887616,192.103869289434,0.480435859336305,""
"bace","rubin_types_mixed_BM_l0.7_r0.5_mcar0.3_n100_M20_s127",100,0.7,0.5,127,FALSE,1,1,1.3983474661395,125.28384421808,0.488360574541852,""
"bace","rubin_types_mixed_BM_l0.7_r0.5_mcar0.3_n100_M20_s128",100,0.7,0.5,128,FALSE,1,0.5,1.08019988215911,121.36540601672,0.488360574541852,""
"bace","rubin_types_mixed_BM_l0.7_r0.5_mcar0.3_n100_M20_s129",100,0.7,0.5,129,FALSE,1,3333333.33333333,1.54453017712567,183.77574868161,0.471520554730064,""
"bace","rubin_types_mixed_BM_l0.7_r0.5_mcar0.3_n100_M20_s130",100,0.7,0.5,130,FALSE,1,3.85473917896791,1.71770412240468,701.546390926684,0.468053491827637,""
"bace","rubin_types_mixed_BM_l0.7_r0.5_mcar0.3_n100_M20_s131",100,0.7,0.5,131,FALSE,1,0.0833333333333333,1.51480734335659,1409.99323001886,0.41802872709262,""
"bace","rubin_types_mixed_BM_l0.7_r0.5_mcar0.3_n100_M20_s132",100,0.7,0.5,132,FALSE,1,0.196832122219443,2.06374248498757,226.520667594844,0.485388806339772,""
"bace","rubin_types_mixed_BM_l0.7_r0.5_mcar0.3_n100_M20_s133",100,0.7,0.5,133,FALSE,1,1,1.50375609440154,1061.53996955048,0.451213472015849,""
"bace","rubin_types_mixed_BM_l0.7_r0.5_mcar0.3_n100_M20_s134",100,0.7,0.5,134,FALSE,1,0.428571428571428,1.39331697860461,604.252910736751,0.462109955423477,""
"bace","rubin_types_mixed_BM_l0.7_r0.5_mcar0.3_n100_M20_s135",100,0.7,0.5,135,FALSE,1,0.222222222222222,1.42160806145014,898.950741558775,0.467558197127291,""
"bace","rubin_types_mixed_BM_l0.7_r0.5_mcar0.3_n100_M20_s136",100,0.7,0.5,136,FALSE,1,1,1.49993319603718,169.527592800326,0.481921743437345,""
"bace","rubin_types_mixed_BM_l0.7_r0.5_mcar0.3_n100_M20_s137",100,0.7,0.5,137,FALSE,1,0.5,0.874582777884039,812.914401841607,0.442298167409609,""
"bace","rubin_types_mixed_BM_l0.7_r0.5_mcar0.3_n100_M20_s138",100,0.7,0.5,138,TRUE,1,0.960692463063289,1.6877653778348,624.764640716698,0.461119366022784,""
"bace","rubin_types_mixed_BM_l0.7_r0.5_mcar0.3_n100_M20_s139",100,0.7,0.5,139,FALSE,1,0.272727272727273,1.14732431251106,597.950628131258,0.435364041604755,""
"bace","rubin_types_mixed_BM_l0.7_r0.5_mcar0.3_n100_M20_s140",100,0.7,0.5,140,FALSE,1,0.333333333333333,1.71207521422162,192.798358220213,0.482417038137692,""
"bace","rubin_types_mixed_BM_l0.7_r0.5_mcar0.3_n100_M20_s141",100,0.7,0.5,141,TRUE,1,0.234717941893462,1.87699729552436,598.869775820003,0.451708766716196,""
"bace","rubin_types_mixed_BM_l0.7_r0.5_mcar0.3_n100_M20_s142",100,0.7,0.5,142,FALSE,1,0.5,1.95990698350897,257.286617013708,0.471025260029718,""
"bace","rubin_types_mixed_BM_l0.7_r0.5_mcar0.3_n100_M20_s143",100,0.7,0.5,143,FALSE,1,0.227777777777778,2.16789747556634,313.666440925905,0.480435859336305,""
"bace","rubin_types_mixed_BM_l0.7_r0.5_mcar0.3_n100_M20_s144",100,0.7,0.5,144,FALSE,1,0.3088265685899,2.18266392882703,764.496911542557,0.472511144130758,""
"bace","rubin_types_mixed_BM_l0.7_r0.5_mcar0.3_n100_M20_s145",100,0.7,0.5,145,FALSE,1,0.914811226293797,1.74205526568797,521.702023873055,0.482417038137692,""
"bace","rubin_types_mixed_BM_l0.7_r0.5_mcar0.3_n100_M20_s146",100,0.7,0.5,146,FALSE,1,0.288376079165013,0.898492865069379,19.5617765480042,0.589895988112927,""
"bace","rubin_types_mixed_BM_l0.7_r0.5_mcar0.3_n100_M20_s147",100,0.7,0.5,147,FALSE,1,0.142857142857143,1.39172309913302,32.8972635713645,0.554234769687964,""
"bace","rubin_types_mixed_BM_l0.7_r0.5_mcar0.3_n100_M20_s148",100,0.7,0.5,148,FALSE,1,0.1,1.10466590427738,622.083321492333,0.429915799900941,""
"bace","rubin_types_mixed_BM_l0.7_r0.5_mcar0.3_n100_M20_s149",100,0.7,0.5,149,FALSE,1,0.153272017273717,0.770815613734787,490.007196017123,0.446755819712729,""
"bace","rubin_types_mixed_BM_l0.7_r0.5_mcar0.3_n100_M20_s150",100,0.7,0.5,150,TRUE,1,0.1,1.22927944964071,157.186201787956,0.488855869242199,""
"bace","rubin_types_mixed_BM_l0.7_r0.5_mcar0.3_n100_M20_s151",100,0.7,0.5,151,FALSE,1,0.243019592758576,0.933665567851796,487.23578095364,0.471025260029718,""
"bace","rubin_types_mixed_BM_l0.7_r0.5_mcar0.3_n100_M20_s152",100,0.7,0.5,152,FALSE,1,1,1.94689065627797,604.220097645678,0.449727587914809,""
"bace","rubin_types_mixed_BM_l0.7_r0.5_mcar0.3_n100_M20_s153",100,0.7,0.5,153,FALSE,1,0.392429292115274,1.58491020463985,209.685704697209,0.483407627538385,""
"bace","rubin_types_mixed_BM_l0.7_r0.5_mcar0.3_n100_M20_s154",100,0.7,0.5,154,TRUE,1,0.375,1.27423915786126,341.651586264667,0.473501733531451,""
"bace","rubin_types_mixed_BM_l0.7_r0.5_mcar0.3_n100_M20_s155",100,0.7,0.5,155,TRUE,1,0.074074074074074,1.11142220324498,171.432990328287,0.497294372294372,"ord: dropped 1 empty level(s)"
"bace","rubin_types_mixed_BM_l0.7_r0.5_mcar0.3_n100_M20_s156",100,0.7,0.5,156,FALSE,1,2,1.58417233139286,444.042029551235,0.470529965329371,""
"bace","rubin_types_mixed_BM_l0.7_r0.5_mcar0.3_n100_M20_s157",100,0.7,0.5,157,FALSE,1,1,1.44296881309158,488.102426160056,0.471025260029718,""
"bace","rubin_types_mixed_BM_l0.7_r0.5_mcar0.3_n100_M20_s158",100,0.7,0.5,158,FALSE,1,7.35028068238351,1.29028453918231,546.362511472517,0.421991084695394,""
"bace","rubin_types_mixed_BM_l0.7_r0.5_mcar0.3_n100_M20_s159",100,0.7,0.5,159,FALSE,1,0.75,1.52204273489712,1154.27214925543,0.431896978702328,""
"bace","rubin_types_mixed_BM_l0.7_r0.5_mcar0.3_n100_M20_s160",100,0.7,0.5,160,FALSE,1,0.636363636363636,1.74326773493045,302.80809998751,0.481426448736999,""
"bace","rubin_types_mixed_BM_l0.7_r0.5_mcar0.3_n100_M20_s161",100,0.7,0.5,161,FALSE,1,1.09587512970599,0.967453935013751,1047.26352540802,0.433878157503715,""
"bace","rubin_types_mixed_BM_l0.7_r0.5_mcar0.3_n100_M20_s162",100,0.7,0.5,162,FALSE,1,0.121352564070824,1.76348103199179,172.152596825956,0.481426448736999,""
"bace","rubin_types_mixed_BM_l0.7_r0.5_mcar0.3_n100_M20_s163",100,0.7,0.5,163,FALSE,1,0.168680715969139,1.31652809655372,405.52070242203,0.475978207033185,""
"bace","rubin_types_mixed_BM_l0.7_r0.5_mcar0.3_n100_M20_s164",100,0.7,0.5,164,TRUE,1,0.0115941705182592,1.31117330487943,1357.85532463568,0.286852589641434,"cat3: dropped 1 empty level(s)"
"bace","rubin_types_mixed_BM_l0.7_r0.5_mcar0.3_n100_M20_s165",100,0.7,0.5,165,TRUE,1,0.593432315917307,1.99023585476964,350.049510519213,0.469539375928678,""
"bace","rubin_types_mixed_BM_l0.7_r0.5_mcar0.3_n100_M20_s166",100,0.7,0.5,166,FALSE,1,1.82392458961783,1.14200935074028,281.531978285633,0.479940564635958,""
"bace","rubin_types_mixed_BM_l0.7_r0.5_mcar0.3_n100_M20_s167",100,0.7,0.5,167,TRUE,1,0.115384615384615,1.40382867098559,417.29590955357,0.46458642892521,""
"bace","rubin_types_mixed_BM_l0.7_r0.5_mcar0.3_n100_M20_s168",100,0.7,0.5,168,FALSE,1,0.3125,1.70344428648938,764.737657508233,0.472015849430411,""
"bace","rubin_types_mixed_BM_l0.7_r0.5_mcar0.3_n100_M20_s169",100,0.7,0.5,169,FALSE,1,0.747991145711525,1.5356119910811,306.526787302637,0.478949975235265,""
"bace","rubin_types_mixed_BM_l0.7_r0.5_mcar0.3_n100_M20_s170",100,0.7,0.5,170,FALSE,1,0.397723204068915,1.35251896863932,70.8676318971266,0.507453786523554,"ord: dropped 2 empty level(s)"
"bace","rubin_types_mixed_BM_l0.7_r0.5_mcar0.3_n100_M20_s171",100,0.7,0.5,171,TRUE,1,0.117647058823529,1.82575990739003,1511.84181779488,0.340267459138187,""
"bace","rubin_types_mixed_BM_l0.7_r0.5_mcar0.3_n100_M20_s172",100,0.7,0.5,172,FALSE,1,0.25,1.62811229762014,372.523296016285,0.459138187221397,""
"bace","rubin_types_mixed_BM_l0.7_r0.5_mcar0.3_n100_M20_s173",100,0.7,0.5,173,TRUE,1,0.5,0.897102506360776,532.883803550282,0.467062902426944,""
"bace","rubin_types_mixed_BM_l0.7_r0.5_mcar0.3_n100_M20_s174",100,0.7,0.5,174,FALSE,1,0.2,1.97005918422814,713.122566596793,0.456166419019316,""
"bace","rubin_types_mixed_BM_l0.7_r0.5_mcar0.3_n100_M20_s175",100,0.7,0.5,175,FALSE,1,2,1.90583059216344,749.325087935759,0.469539375928678,""
"bace","rubin_types_mixed_BM_l0.7_r0.5_mcar0.3_n100_M20_s176",100,0.7,0.5,176,FALSE,1,0.81822888285073,1.15642978366884,703.927996175377,0.469539375928678,""
"bace","rubin_types_mixed_BM_l0.7_r0.5_mcar0.3_n100_M20_s177",100,0.7,0.5,177,FALSE,1,21.2616914744564,1.32838415493224,773.335967893825,0.453689945517583,""
"bace","rubin_types_mixed_BM_l0.7_r0.5_mcar0.3_n100_M20_s178",100,0.7,0.5,178,FALSE,1,1,1.39154688639152,517.716150019243,0.478949975235265,""
"bace","rubin_types_mixed_BM_l0.7_r0.5_mcar0.3_n100_M20_s179",100,0.7,0.5,179,FALSE,1,1.25,1.40591773518308,279.661230257624,0.470034670629024,""
"bace","rubin_types_mixed_BM_l0.7_r0.5_mcar0.3_n100_M20_s180",100,0.7,0.5,180,TRUE,1,0.142857142857143,1.32151888523703,199.983972898721,0.491332342743933,""
"bace","rubin_types_mixed_BM_l0.7_r0.5_mcar0.3_n100_M20_s181",100,0.7,0.5,181,FALSE,1,0.428571428571428,1.74963144045708,995.95162947021,0.45715700842001,""
"bace","rubin_types_mixed_BM_l0.7_r0.5_mcar0.3_n100_M20_s182",100,0.7,0.5,182,FALSE,1,1,1.21359988403415,110.062894073721,0.4962852897474,""
"bace","rubin_types_mixed_BM_l0.7_r0.5_mcar0.3_n100_M20_s183",100,0.7,0.5,183,FALSE,1,0.714285714285714,1.75126115808607,420.409692792784,0.473501733531451,""
"bace","rubin_types_mixed_BM_l0.7_r0.5_mcar0.3_n100_M20_s184",100,0.7,0.5,184,FALSE,1,1,0.948462491423963,80.0339764973034,0.50597609561753,"cat3: dropped 1 empty level(s)"
"bace","rubin_types_mixed_BM_l0.7_r0.5_mcar0.3_n100_M20_s185",100,0.7,0.5,185,FALSE,1,0.519040686080225,1.41438565051479,371.879682272495,0.472015849430411,""
"bace","rubin_types_mixed_BM_l0.7_r0.5_mcar0.3_n100_M20_s186",100,0.7,0.5,186,FALSE,1,3333333.33333333,1.59796062270846,151.849014340134,0.481426448736999,""
"bace","rubin_types_mixed_BM_l0.7_r0.5_mcar0.3_n100_M20_s187",100,0.7,0.5,187,FALSE,1,0.25,1.21105317254499,244.128764913027,0.488360574541852,""
"bace","rubin_types_mixed_BM_l0.7_r0.5_mcar0.3_n100_M20_s188",100,0.7,0.5,188,FALSE,1,3.12630130293135,1.21386868432804,821.087454443233,0.398216939078752,""
"bace","rubin_types_mixed_BM_l0.7_r0.5_mcar0.3_n100_M20_s189",100,0.7,0.5,189,FALSE,1,0.375,1.42036211442173,561.606126697536,0.457652303120357,""
"bace","rubin_types_mixed_BM_l0.7_r0.5_mcar0.3_n100_M20_s190",100,0.7,0.5,190,FALSE,1,0.266666666666667,1.43277871517891,674.498933251534,0.438831104507182,""
"bace","rubin_types_mixed_BM_l0.7_r0.5_mcar0.3_n100_M20_s191",100,0.7,0.5,191,TRUE,1,0.180981509156903,1.34458865524603,169.649883807952,0.480435859336305,""
"bace","rubin_types_mixed_BM_l0.7_r0.5_mcar0.3_n100_M20_s192",100,0.7,0.5,192,FALSE,1,0.181818181818182,1.8288480452669,534.098171261177,0.468548786527984,""
"bace","rubin_types_mixed_BM_l0.7_r0.5_mcar0.3_n100_M20_s193",100,0.7,0.5,193,FALSE,1,0.307692307692308,1.1389398033424,493.503381551989,0.45567112431897,""
"bace","rubin_types_mixed_BM_l0.7_r0.5_mcar0.3_n100_M20_s194",100,0.7,0.5,194,FALSE,1,0.296986390691717,1.59128326811674,135.161410115876,0.488360574541852,""
"bace","rubin_types_mixed_BM_l0.7_r0.5_mcar0.3_n100_M20_s195",100,0.7,0.5,195,TRUE,1,1.66666666666667,0.890770306222577,21.3626746545525,0.615651312530956,""
"bace","rubin_types_mixed_BM_l0.7_r0.5_mcar0.3_n100_M20_s196",100,0.7,0.5,196,FALSE,1,0.228183668799741,1.54666836375978,498.602960975682,0.473006438831104,""
"bace","rubin_types_mixed_BM_l0.7_r0.5_mcar0.3_n100_M20_s197",100,0.7,0.5,197,FALSE,1,0.230769230769231,1.35131115544533,1014.79637557064,0.41802872709262,""
"bace","rubin_types_mixed_BM_l0.7_r0.5_mcar0.3_n100_M20_s198",100,0.7,0.5,198,FALSE,1,1,1.08472979706891,518.408695562266,0.464091134224864,""
"bace","rubin_types_mixed_BM_l0.7_r0.5_mcar0.3_n100_M20_s199",100,0.7,0.5,199,FALSE,1,222.421146465429,1.94475615107896,374.379826653967,0.477959385834572,""
"bace","rubin_types_mixed_BM_l0.7_r0.5_mcar0.3_n100_M20_s200",100,0.7,0.5,200,FALSE,1,0.161568763837421,1.21270298348724,265.325111332985,0.486379395740466,""
"bace","rubin_types_mixed_BM_l0.7_r0.5_mcar0.3_n100_M20_s51",100,0.7,0.5,51,FALSE,1,0.333333333333333,1.9259878281134,1394.1036702036,0.371774193548387,"ord: dropped 2 empty level(s);cat3: dropped 1 empty level(s)"
"bace","rubin_types_mixed_BM_l0.7_r0.5_mcar0.3_n100_M20_s52",100,0.7,0.5,52,FALSE,1,0.222222222222222,2.06208805684178,475.267206559179,0.466567607726597,""
"bace","rubin_types_mixed_BM_l0.7_r0.5_mcar0.3_n100_M20_s53",100,0.7,0.5,53,FALSE,1,0.602973711115988,1.88608975427532,126.244889132663,0.488855869242199,""
"bace","rubin_types_mixed_BM_l0.7_r0.5_mcar0.3_n100_M20_s54",100,0.7,0.5,54,FALSE,1,0.285353120232079,1.27374949579211,667.877041229439,0.459633481921743,""
"bace","rubin_types_mixed_BM_l0.7_r0.5_mcar0.3_n100_M20_s55",100,0.7,0.5,55,FALSE,1,0.142857142857143,1.40500869374838,340.347101559204,0.472015849430411,""
"bace","rubin_types_mixed_BM_l0.7_r0.5_mcar0.3_n1000_M20_s100",1000,0.7,0.5,100,FALSE,1,0.28819754524837,97.157110866156,1600,0.000495294700346706,""
"bace","rubin_types_mixed_BM_l0.7_r0.5_mcar0.3_n1000_M20_s61",1000,0.7,0.5,61,FALSE,1,0.00198609731876867,61.5686046891136,1600,0.00148588410104012,""
"bace","rubin_types_mixed_BM_l0.7_r0.5_mcar0.3_n1000_M20_s62",1000,0.7,0.5,62,TRUE,1,0.0314960629921261,0.888810403838953,1600,0.0842000990589401,""
"bace","rubin_types_mixed_BM_l0.7_r0.5_mcar0.3_n1000_M20_s63",1000,0.7,0.5,63,TRUE,1,0.0535714285714286,57.6027390815797,1600,0.00198117880138683,""
"bace","rubin_types_mixed_BM_l0.7_r0.5_mcar0.3_n1000_M20_s64",1000,0.7,0.5,64,TRUE,1,0.0759493670886077,25.2920026357863,1600,0.0104011887072808,""
"bace","rubin_types_mixed_BM_l0.7_r0.5_mcar0.3_n1000_M20_s65",1000,0.7,0.5,65,TRUE,1,0.0156282673734928,23.5373112566107,1600,0.0104011887072808,""
"bace","rubin_types_mixed_BM_l0.7_r0.5_mcar0.3_n1000_M20_s66",1000,0.7,0.5,66,TRUE,1,0.021276595744681,1.30916366463836,1600,0.0931154036651808,""
"bace","rubin_types_mixed_BM_l0.7_r0.5_mcar0.3_n1000_M20_s67",1000,0.7,0.5,67,TRUE,1,0.0243902439024392,80.9291150242156,1600,0.000990589400693413,""
"bace","rubin_types_mixed_BM_l0.7_r0.5_mcar0.3_n1000_M20_s68",1000,0.7,0.5,68,TRUE,1,0.0615384615384615,73.5145623375314,1600,0.000990589400693413,""
"bace","rubin_types_mixed_BM_l0.7_r0.5_mcar0.3_n1000_M20_s69",1000,0.7,0.5,69,TRUE,1,0.0192439702348792,2.54517990944681,1600,0.0599306587419515,""
"bace","rubin_types_mixed_BM_l0.7_r0.5_mcar0.3_n1000_M20_s70",1000,0.7,0.5,70,TRUE,1,0.0263157894736842,0.711462216688508,1600,0.0817236255572065,""
"bace","rubin_types_mixed_BM_l0.7_r0.5_mcar0.3_n1000_M20_s71",1000,0.7,0.5,71,TRUE,1,0.0833333333333333,27.2409125750776,1600,0.00643883110450718,""
"bace","rubin_types_mixed_BM_l0.7_r0.5_mcar0.3_n1000_M20_s72",1000,0.7,0.5,72,TRUE,1,0.0131578947368422,1.59546574283052,1600,0.0217929668152551,""
"bace","rubin_types_mixed_BM_l0.7_r0.5_mcar0.3_n1000_M20_s73",1000,0.7,0.5,73,FALSE,1,0.0687177814015132,46.7800717351125,1600,0.00396235760277365,""
"bace","rubin_types_mixed_BM_l0.7_r0.5_mcar0.3_n1000_M20_s74",1000,0.7,0.5,74,TRUE,1,0.0178571428571428,98.2986204527258,1600,0.000495294700346706,""
"bace","rubin_types_mixed_BM_l0.7_r0.5_mcar0.3_n1000_M20_s75",1000,0.7,0.5,75,TRUE,1,0.0142857142857143,5.28997339012274,1600,0.0158494304110946,""
"bace","rubin_types_mixed_BM_l0.7_r0.5_mcar0.3_n1000_M20_s76",1000,0.7,0.5,76,TRUE,1,0.048780487804878,9.26073919678775,1600,0.0277365032194156,""
"bace","rubin_types_mixed_BM_l0.7_r0.5_mcar0.3_n1000_M20_s77",1000,0.7,0.5,77,TRUE,1,0.0238095238095238,76.913644508901,1600,0.00148588410104012,""
"bace","rubin_types_mixed_BM_l0.7_r0.5_mcar0.3_n1000_M20_s78",1000,0.7,0.5,78,FALSE,1,0.0189873417721517,15.9488725617027,1600,0.00891530460624071,""
"bace","rubin_types_mixed_BM_l0.7_r0.5_mcar0.3_n1000_M20_s79",1000,0.7,0.5,79,TRUE,1,0.0370370370370371,56.2257173126875,1600,0.000990589400693413,""
"bace","rubin_types_mixed_BM_l0.7_r0.5_mcar0.3_n1000_M20_s80",1000,0.7,0.5,80,FALSE,1,0.095238095238095,1.79616602375487,1600,0.025260029717682,""
"bace","rubin_types_mixed_BM_l0.7_r0.5_mcar0.3_n1000_M20_s81",1000,0.7,0.5,81,TRUE,1,0.04,71.6256537964448,1600,0.000495294700346706,""
"bace","rubin_types_mixed_BM_l0.7_r0.5_mcar0.3_n1000_M20_s82",1000,0.7,0.5,82,FALSE,1,0.0142857142857143,1.61511493563889,1600,0.0361565131253096,""
"bace","rubin_types_mixed_BM_l0.7_r0.5_mcar0.3_n1000_M20_s83",1000,0.7,0.5,83,FALSE,1,0.075307037063815,60.9888911090149,1600,0.00198117880138683,""
"bace","rubin_types_mixed_BM_l0.7_r0.5_mcar0.3_n1000_M20_s84",1000,0.7,0.5,84,TRUE,1,0.0294117647058824,1.21337269992325,1600,0.154531946508172,""
"bace","rubin_types_mixed_BM_l0.7_r0.5_mcar0.3_n1000_M20_s85",1000,0.7,0.5,85,TRUE,1,0.0645161290322581,46.8234437197393,1600,0.00198117880138683,""
"bace","rubin_types_mixed_BM_l0.7_r0.5_mcar0.3_n1000_M20_s86",1000,0.7,0.5,86,TRUE,1,0.0198019801980198,88.5978421951955,1600,0.000990589400693413,""
"bace","rubin_types_mixed_BM_l0.7_r0.5_mcar0.3_n1000_M20_s87",1000,0.7,0.5,87,TRUE,1,0.0144927536231885,1.08315222583545,1600,0.0752847944526994,""
"bace","rubin_types_mixed_BM_l0.7_r0.5_mcar0.3_n1000_M20_s88",1000,0.7,0.5,88,TRUE,1,0.0434782608695653,19.5714398009193,1565.13309034242,0.00643883110450718,""
"bace","rubin_types_mixed_BM_l0.7_r0.5_mcar0.3_n1000_M20_s89",1000,0.7,0.5,89,TRUE,1,0.037037037037037,48.4411886207627,1600,0.00445765230312036,""
"bace","rubin_types_mixed_BM_l0.7_r0.5_mcar0.3_n1000_M20_s90",1000,0.7,0.5,90,FALSE,1,0.00581395348837223,16.4947128089778,1600,0.0307082714214958,""
"bace","rubin_types_mixed_BM_l0.7_r0.5_mcar0.3_n1000_M20_s91",1000,0.7,0.5,91,TRUE,1,0.0454545454545454,0.925511367508403,1600,0.0312035661218425,""
"bace","rubin_types_mixed_BM_l0.7_r0.5_mcar0.3_n1000_M20_s92",1000,0.7,0.5,92,TRUE,1,0.0154604157582984,50.9976814371897,1600,0.00148588410104012,""
"bace","rubin_types_mixed_BM_l0.7_r0.5_mcar0.3_n1000_M20_s93",1000,0.7,0.5,93,TRUE,1,0.0277120869660952,0.743483232958829,1600,0.0807330361565131,""
"bace","rubin_types_mixed_BM_l0.7_r0.5_mcar0.3_n1000_M20_s94",1000,0.7,0.5,94,TRUE,1,0.0314465408805032,1.20969777558343,1600,0.0401188707280832,""
"bace","rubin_types_mixed_BM_l0.7_r0.5_mcar0.3_n1000_M20_s95",1000,0.7,0.5,95,FALSE,1,0.0434782608695651,57.3496979598759,1600,0.00247647350173353,""
"bace","rubin_types_mixed_BM_l0.7_r0.5_mcar0.3_n1000_M20_s96",1000,0.7,0.5,96,TRUE,1,0.2,1.37470431945916,1600,0.0990589400693413,""
"bace","rubin_types_mixed_BM_l0.7_r0.5_mcar0.3_n1000_M20_s97",1000,0.7,0.5,97,TRUE,1,0.0330578512396694,1.20268107149419,1600,0.0232788509162952,""
"bace","rubin_types_mixed_BM_l0.7_r0.5_mcar0.3_n1000_M20_s98",1000,0.7,0.5,98,TRUE,1,0.0122699386503068,2.29178249102233,1600,0.0381376919266964,""
"bace","rubin_types_mixed_BM_l0.7_r0.5_mcar0.3_n1000_M20_s99",1000,0.7,0.5,99,TRUE,1,0.0192307692307692,1.46810444296689,1600,0.0465577018325904,""
"bace","rubin_types_mixed_BM_l0.7_r0.5_mcar0.3_n300_M20_s100",300,0.7,0.5,100,FALSE,1,0.125,2.96083049965269,1476.9453488822,0.202080237741456,""
"bace","rubin_types_mixed_BM_l0.7_r0.5_mcar0.3_n300_M20_s101",300,0.7,0.5,101,TRUE,1,0.0769230769230768,1.34885686303072,1600,0.0861812778603269,""
"bace","rubin_types_mixed_BM_l0.7_r0.5_mcar0.3_n300_M20_s102",300,0.7,0.5,102,FALSE,1,0.285714285714286,1.71711234027249,1439.9071511052,0.175334323922734,""
"bace","rubin_types_mixed_BM_l0.7_r0.5_mcar0.3_n300_M20_s52",300,0.7,0.5,52,TRUE,1,0.0704225352112676,2.95031049899489,1393.51564474932,0.225854383358098,""
"bace","rubin_types_mixed_BM_l0.7_r0.5_mcar0.3_n300_M20_s53",300,0.7,0.5,53,TRUE,1,0.0369609198455909,1.67810661809483,1445.89734468166,0.131253095591877,""
"bace","rubin_types_mixed_BM_l0.7_r0.5_mcar0.3_n300_M20_s54",300,0.7,0.5,54,TRUE,1,0.0685026069973798,1.06294884345718,1388.03926835938,0.20604259534423,""
"bace","rubin_types_mixed_BM_l0.7_r0.5_mcar0.3_n300_M20_s55",300,0.7,0.5,55,FALSE,1,2222222.22222222,1.10874675025658,1387.08816903775,0.277597402597403,"ord: dropped 1 empty level(s)"
"bace","rubin_types_mixed_BM_l0.7_r0.5_mcar0.3_n300_M20_s56",300,0.7,0.5,56,FALSE,1,0.2,1.43034599477401,1165.95564238509,0.280832095096582,""
"bace","rubin_types_mixed_BM_l0.7_r0.5_mcar0.3_n300_M20_s57",300,0.7,0.5,57,FALSE,1,1111111.11111111,1.85272288522177,1422.63844079194,0.226844972758791,""
"bace","rubin_types_mixed_BM_l0.7_r0.5_mcar0.3_n300_M20_s58",300,0.7,0.5,58,TRUE,1,0.0869565217391303,2.71700472620873,1447.34582969195,0.1654284299158,""
"bace","rubin_types_mixed_BM_l0.7_r0.5_mcar0.3_n300_M20_s59",300,0.7,0.5,59,TRUE,1,0.0383450102244937,1.41958808028711,1441.4112621603,0.167904903417533,""
"bace","rubin_types_mixed_BM_l0.7_r0.5_mcar0.3_n300_M20_s60",300,0.7,0.5,60,TRUE,1,0.0999999999999999,1.46039919356866,1484.52370919044,0.0559683011391778,""
"bace","rubin_types_mixed_BM_l0.7_r0.5_mcar0.3_n300_M20_s61",300,0.7,0.5,61,TRUE,1,2.44304092707234,1.00841265832229,1448.17904891509,0.214462605250124,""
"bace","rubin_types_mixed_BM_l0.7_r0.5_mcar0.3_n300_M20_s62",300,0.7,0.5,62,FALSE,1,0.142857142857143,1.4548873176076,1478.55526991527,0.178306092124814,""
"bace","rubin_types_mixed_BM_l0.7_r0.5_mcar0.3_n300_M20_s63",300,0.7,0.5,63,FALSE,1,0.1,1.31128466850614,1456.6451502471,0.157008420009906,""
"bace","rubin_types_mixed_BM_l0.7_r0.5_mcar0.3_n300_M20_s64",300,0.7,0.5,64,FALSE,1,1.5,1.60627257829208,1483.22220988636,0.20307082714215,""
"bace","rubin_types_mixed_BM_l0.7_r0.5_mcar0.3_n300_M20_s65",300,0.7,0.5,65,TRUE,1,0.0488882337486619,1.45552866616234,1514.27813993985,0.0926201089648341,""
"bace","rubin_types_mixed_BM_l0.7_r0.5_mcar0.3_n300_M20_s66",300,0.7,0.5,66,TRUE,1,0.0697674418604652,2.44705868313062,1600,0.0817236255572065,""
"bace","rubin_types_mixed_BM_l0.7_r0.5_mcar0.3_n300_M20_s67",300,0.7,0.5,67,TRUE,1,0.117647058823529,1.61721099480101,1381.20853178762,0.295195641406637,""
"bace","rubin_types_mixed_BM_l0.7_r0.5_mcar0.3_n300_M20_s68",300,0.7,0.5,68,FALSE,1,0.5,1.9285707455913,1466.27839322699,0.177315502724121,""
"bace","rubin_types_mixed_BM_l0.7_r0.5_mcar0.3_n300_M20_s69",300,0.7,0.5,69,TRUE,1,0.247365267453978,0.977402576182158,1267.71143601157,0.315502724120852,""
"bace","rubin_types_mixed_BM_l0.7_r0.5_mcar0.3_n300_M20_s70",300,0.7,0.5,70,TRUE,1,0.0555555555555555,1.33175557484018,1459.09756135149,0.156017830609212,""
"bace","rubin_types_mixed_BM_l0.7_r0.5_mcar0.3_n300_M20_s71",300,0.7,0.5,71,TRUE,1,0.0357142857142857,1.29237010700325,1275.49190311843,0.257034632034632,"ord: dropped 1 empty level(s)"
"bace","rubin_types_mixed_BM_l0.7_r0.5_mcar0.3_n300_M20_s72",300,0.7,0.5,72,TRUE,1,0.0869565217391306,1.73727156222183,1514.52567993007,0.230807330361565,""
"bace","rubin_types_mixed_BM_l0.7_r0.5_mcar0.3_n300_M20_s73",300,0.7,0.5,73,FALSE,1,0.107142857142857,1.4831689700939,1392.89740057215,0.218424962852897,""
"bace","rubin_types_mixed_BM_l0.7_r0.5_mcar0.3_n300_M20_s74",300,0.7,0.5,74,TRUE,1,0.0830994512405031,1.89996106945032,1425.15637140045,0.186726102030708,""
"bace","rubin_types_mixed_BM_l0.7_r0.5_mcar0.3_n300_M20_s75",300,0.7,0.5,75,FALSE,1,0.125,2.10921652122325,1554.57134782278,0.0366518078256563,""
"bace","rubin_types_mixed_BM_l0.7_r0.5_mcar0.3_n300_M20_s76",300,0.7,0.5,76,TRUE,1,0.0967741935483871,2.12918801281602,1451.25163864528,0.183259039128281,""
"bace","rubin_types_mixed_BM_l0.7_r0.5_mcar0.3_n300_M20_s77",300,0.7,0.5,77,FALSE,1,0.2,4.0505959210618,1526.90303418615,0.0881624566617137,""
"bace","rubin_types_mixed_BM_l0.7_r0.5_mcar0.3_n300_M20_s78",300,0.7,0.5,78,FALSE,1,0.0909090909090909,1.54152543822705,1484.39748284489,0.143140168400198,""
"bace","rubin_types_mixed_BM_l0.7_r0.5_mcar0.3_n300_M20_s79",300,0.7,0.5,79,TRUE,1,0.156312702290165,1.5929692224704,1426.79855067905,0.1654284299158,""
"bace","rubin_types_mixed_BM_l0.7_r0.5_mcar0.3_n300_M20_s80",300,0.7,0.5,80,TRUE,1,0.111111111111111,4.66141931565542,1581.88580248502,0.0113917781079742,""
"bace","rubin_types_mixed_BM_l0.7_r0.5_mcar0.3_n300_M20_s81",300,0.7,0.5,81,TRUE,1,0.0869565217391306,2.19384518097496,1398.93161727935,0.269935611688955,""
"bace","rubin_types_mixed_BM_l0.7_r0.5_mcar0.3_n300_M20_s82",300,0.7,0.5,82,TRUE,1,0.124625239374424,1.12902708857165,1473.74971134339,0.198117880138683,""
"bace","rubin_types_mixed_BM_l0.7_r0.5_mcar0.3_n300_M20_s83",300,0.7,0.5,83,FALSE,1,0.0952380952380953,1.20051884667539,1350.15957138762,0.148588410104012,""
"bace","rubin_types_mixed_BM_l0.7_r0.5_mcar0.3_n300_M20_s84",300,0.7,0.5,84,TRUE,1,0.333333333333333,2.03356301047306,1600,0.164933135215453,""
"bace","rubin_types_mixed_BM_l0.7_r0.5_mcar0.3_n300_M20_s85",300,0.7,0.5,85,TRUE,1,0.146765784567413,1.70918792934422,1437.31925815911,0.307082714214958,""
"bace","rubin_types_mixed_BM_l0.7_r0.5_mcar0.3_n300_M20_s86",300,0.7,0.5,86,FALSE,1,0.166666666666667,1.0327579695799,1390.61188392651,0.188707280832095,""
"bace","rubin_types_mixed_BM_l0.7_r0.5_mcar0.3_n300_M20_s87",300,0.7,0.5,87,TRUE,1,0.0666666666666666,1.51096285552945,1600,0.171867261020307,""
"bace","rubin_types_mixed_BM_l0.7_r0.5_mcar0.3_n300_M20_s88",300,0.7,0.5,88,TRUE,1,0.111111111111111,1.86262677325892,1401.12284863955,0.259039128281327,""
"bace","rubin_types_mixed_BM_l0.7_r0.5_mcar0.3_n300_M20_s89",300,0.7,0.5,89,TRUE,1,1,2.50997561067156,1425.00317866292,0.205052005943536,""
"bace","rubin_types_mixed_BM_l0.7_r0.5_mcar0.3_n300_M20_s90",300,0.7,0.5,90,TRUE,1,0.0465116279069768,2.8712009348967,1489.80090378109,0.204061416542843,""
"bace","rubin_types_mixed_BM_l0.7_r0.5_mcar0.3_n300_M20_s91",300,0.7,0.5,91,TRUE,1,0.75,2.23360163277712,1274.12239848506,0.260525012382368,""
"bace","rubin_types_mixed_BM_l0.7_r0.5_mcar0.3_n300_M20_s92",300,0.7,0.5,92,FALSE,1,0.333333333333333,1.34041363956321,1403.57062059504,0.20455671124319,""
"bace","rubin_types_mixed_BM_l0.7_r0.5_mcar0.3_n300_M20_s93",300,0.7,0.5,93,FALSE,1,0.166666666666667,1.57985596236611,1474.44357645371,0.100544824170381,""
"bace","rubin_types_mixed_BM_l0.7_r0.5_mcar0.3_n300_M20_s94",300,0.7,0.5,94,TRUE,1,0.111111111111111,2.87961430358161,1447.93676083915,0.176820208023774,""
"bace","rubin_types_mixed_BM_l0.7_r0.5_mcar0.3_n300_M20_s95",300,0.7,0.5,95,TRUE,1,0.441849780597525,1.28687575713767,1194.08841625515,0.37295690936107,""
"bace","rubin_types_mixed_BM_l0.7_r0.5_mcar0.3_n300_M20_s96",300,0.7,0.5,96,TRUE,1,0.0925925925925926,0.737909008868687,1597.10793231614,0.16097077761268,""
"bace","rubin_types_mixed_BM_l0.7_r0.5_mcar0.3_n300_M20_s97",300,0.7,0.5,97,TRUE,1,0.00638513303546351,1.24050579083129,1487.07759279227,0.20604259534423,""
"bace","rubin_types_mixed_BM_l0.7_r0.5_mcar0.3_n300_M20_s98",300,0.7,0.5,98,FALSE,1,0.0277777777777777,0.953873121577761,1453.42977989999,0.136701337295691,""
"bace","rubin_types_mixed_BM_l0.7_r0.5_mcar0.3_n300_M20_s99",300,0.7,0.5,99,FALSE,1,0.36389993725902,1.6303203198626,1452.08823945488,0.115403665180783,""
"bace","rubin_types_mixed_BM_l1_r0_mcar0.3_n100_M20_s102",100,1,0,102,FALSE,1,0.223431345112488,1.41119511075902,106.897437079286,0.4962852897474,""
"bace","rubin_types_mixed_BM_l1_r0_mcar0.3_n100_M20_s103",100,1,0,103,TRUE,1,0.148148148148148,1.00200403163802,964.030801828914,0.384677419354839,"ord: dropped 2 empty level(s);cat3: dropped 1 empty level(s)"
"bace","rubin_types_mixed_BM_l1_r0_mcar0.3_n100_M20_s104",100,1,0,104,FALSE,1,0.131552643619479,1.28039921180099,35.2775330339759,0.571428571428571,"ord: dropped 1 empty level(s)"
"bace","rubin_types_mixed_BM_l1_r0_mcar0.3_n100_M20_s105",100,1,0,105,TRUE,1,0.0662251655629139,1.53023206998182,204.576955480881,0.489177489177489,"ord: dropped 1 empty level(s)"
"bace","rubin_types_mixed_BM_l1_r0_mcar0.3_n100_M20_s106",100,1,0,106,FALSE,1,0.333333333333333,1.18276823164581,63.6534056906017,0.517316017316017,"ord: dropped 1 empty level(s)"
"bace","rubin_types_mixed_BM_l1_r0_mcar0.3_n100_M20_s107",100,1,0,107,TRUE,1,0.125,1.28115527680717,127.079751277264,0.488855869242199,""
"bace","rubin_types_mixed_BM_l1_r0_mcar0.3_n100_M20_s108",100,1,0,108,FALSE,1,0.2,1.91161805662675,81.7433948317012,0.519068845963348,""
"bace","rubin_types_mixed_BM_l1_r0_mcar0.3_n100_M20_s109",100,1,0,109,TRUE,1,0.5,1.48723979684884,176.544166159527,0.480435859336305,""
"bace","rubin_types_mixed_BM_l1_r0_mcar0.3_n100_M20_s110",100,1,0,110,FALSE,1,0.135148976649348,2.11400984708101,142.832777660396,0.486874690440812,""
"bace","rubin_types_mixed_BM_l1_r0_mcar0.3_n100_M20_s111",100,1,0,111,FALSE,1,0.363636363636364,1.98082774350204,80.027561946714,0.507034632034632,"ord: dropped 1 empty level(s)"
"bace","rubin_types_mixed_BM_l1_r0_mcar0.3_n100_M20_s112",100,1,0,112,FALSE,1,0.333333333333333,2.05660388365814,553.085502140396,0.403054448871182,"cat3: dropped 1 empty level(s)"
"bace","rubin_types_mixed_BM_l1_r0_mcar0.3_n100_M20_s113",100,1,0,113,TRUE,1,0.0833333333333333,1.80055995109348,74.751243933688,0.516398330351819,"ord: dropped 2 empty level(s)"
"bace","rubin_types_mixed_BM_l1_r0_mcar0.3_n100_M20_s114",100,1,0,114,TRUE,1,0.116470679815534,1.35327464469596,328.397832370266,0.418790968681719,"ord: dropped 1 empty level(s);cat3: dropped 1 empty level(s)"
"bace","rubin_types_mixed_BM_l1_r0_mcar0.3_n100_M20_s115",100,1,0,115,TRUE,1,0.0894117022625999,0.827577541853227,32.9303158943044,0.575532441802873,""
"bace","rubin_types_mixed_BM_l1_r0_mcar0.3_n100_M20_s116",100,1,0,116,TRUE,1,0.142857142857143,1.63972666038972,765.819816277484,0.383831026948288,"ord: dropped 1 empty level(s);cat3: dropped 1 empty level(s)"
"bace","rubin_types_mixed_BM_l1_r0_mcar0.3_n100_M20_s117",100,1,0,117,TRUE,1,0.0798590468610849,0.87288596294066,321.868786673418,0.473006438831104,""
"bace","rubin_types_mixed_BM_l1_r0_mcar0.3_n100_M20_s118",100,1,0,118,FALSE,1,3333333.33333333,1.26339718908361,65.7756492220713,0.549281822684497,""
"bace","rubin_types_mixed_BM_l1_r0_mcar0.3_n100_M20_s119",100,1,0,119,TRUE,1,0.75,1.33508084712199,35.6880458566932,0.542207792207792,"ord: dropped 1 empty level(s)"
"bace","rubin_types_mixed_BM_l1_r0_mcar0.3_n100_M20_s120",100,1,0,120,FALSE,1,0.5,1.11963718572097,127.333393584661,0.486874690440812,""
"bace","rubin_types_mixed_BM_l1_r0_mcar0.3_n100_M20_s121",100,1,0,121,FALSE,1,0.2,1.47248278902687,78.2419414690801,0.505695889053987,""
"bace","rubin_types_mixed_BM_l1_r0_mcar0.3_n100_M20_s122",100,1,0,122,FALSE,1,6666666.66666667,1.38305993635667,359.509423453316,0.44954128440367,"bin: left out (1 observed class);ord: dropped 2 empty level(s)"
"bace","rubin_types_mixed_BM_l1_r0_mcar0.3_n100_M20_s123",100,1,0,123,FALSE,1,0.164174364502509,1.42241224877793,111.985138995839,0.498266468548787,""
"bace","rubin_types_mixed_BM_l1_r0_mcar0.3_n100_M20_s124",100,1,0,124,FALSE,1,1,1.15094701584859,816.398190372756,0.27831094049904,"bin: left out (1 observed class);ord: dropped 1 empty level(s);cat3: dropped 1 empty level(s)"
"bace","rubin_types_mixed_BM_l1_r0_mcar0.3_n100_M20_s125",100,1,0,125,TRUE,1,0.542735922813364,0.670301352438104,643.051012965507,0.416334661354582,"cat3: dropped 1 empty level(s)"
"bace","rubin_types_mixed_BM_l1_r0_mcar0.3_n100_M20_s126",100,1,0,126,TRUE,1,0.0938436501214669,1.15600754536139,731.439619071305,0.432392273402675,""
"bace","rubin_types_mixed_BM_l1_r0_mcar0.3_n100_M20_s127",100,1,0,127,TRUE,1,0.333333333333333,2.16060498701353,89.5969119381416,0.507677067855374,""
"bace","rubin_types_mixed_BM_l1_r0_mcar0.3_n100_M20_s128",100,1,0,128,TRUE,1,0.5,1.477820638263,709.739506197722,0.381646030589949,"ord: dropped 1 empty level(s);cat3: dropped 1 empty level(s)"
"bace","rubin_types_mixed_BM_l1_r0_mcar0.3_n100_M20_s129",100,1,0,129,TRUE,1,0.8,1.1823178292725,65.1397052898489,0.509242695289207,"ord: dropped 2 empty level(s)"
"bace","rubin_types_mixed_BM_l1_r0_mcar0.3_n100_M20_s130",100,1,0,130,FALSE,1,0.516509391688558,1.32372491730815,95.2553796523619,0.50074294205052,""
"bace","rubin_types_mixed_BM_l1_r0_mcar0.3_n100_M20_s131",100,1,0,131,FALSE,1,1,1.70865120146612,794.441126358173,0.378004369992717,"ord: dropped 1 empty level(s);cat3: dropped 1 empty level(s)"
"bace","rubin_types_mixed_BM_l1_r0_mcar0.3_n100_M20_s132",100,1,0,132,FALSE,1,1.04397561611305,1.80663548894381,44.1220466465204,0.554234769687964,""
"bace","rubin_types_mixed_BM_l1_r0_mcar0.3_n100_M20_s133",100,1,0,133,FALSE,1,1,1.7033363304511,43.4573372290568,0.557701832590391,""
"bace","rubin_types_mixed_BM_l1_r0_mcar0.3_n100_M20_s134",100,1,0,134,FALSE,1,0.0263157894736843,1.12835470297336,132.124607554474,0.49479940564636,""
"bace","rubin_types_mixed_BM_l1_r0_mcar0.3_n100_M20_s135",100,1,0,135,FALSE,1,0.333333333333333,1.53018065053772,660.597314630287,0.381646030589949,"ord: dropped 1 empty level(s);cat3: dropped 1 empty level(s)"
"bace","rubin_types_mixed_BM_l1_r0_mcar0.3_n100_M20_s136",100,1,0,136,TRUE,1,1,1.19940723090054,173.052209818772,0.479445269935612,""
"bace","rubin_types_mixed_BM_l1_r0_mcar0.3_n100_M20_s138",100,1,0,138,TRUE,1,0.230769230769231,1.11596000115153,92.5957825895478,0.505695889053987,""
"bace","rubin_types_mixed_BM_l1_r0_mcar0.3_n100_M20_s140",100,1,0,140,FALSE,1,1,1.48335660730161,92.5904833212402,0.503219415552254,""
"bace","rubin_types_mixed_BM_l1_r0_mcar0.3_n100_M20_s141",100,1,0,141,TRUE,1,0.25,2.51627487089295,730.735639374499,0.380189366351056,"ord: dropped 1 empty level(s);cat3: dropped 1 empty level(s)"
"bace","rubin_types_mixed_BM_l1_r0_mcar0.3_n100_M20_s142",100,1,0,142,FALSE,1,0.25,1.18320575452224,291.88674846672,0.466567607726597,""
"bace","rubin_types_mixed_BM_l1_r0_mcar0.3_n100_M20_s143",100,1,0,143,FALSE,1,0.786036696962677,0.753290533298411,29.0530731825532,0.579004329004329,"ord: dropped 1 empty level(s)"
"bace","rubin_types_mixed_BM_l1_r0_mcar0.3_n100_M20_s144",100,1,0,144,TRUE,1,0.117647058823529,1.28532433565789,131.523352259171,0.491332342743933,""
"bace","rubin_types_mixed_BM_l1_r0_mcar0.3_n100_M20_s145",100,1,0,145,FALSE,1,6666666.66666667,1.41570530428408,93.3240711205705,0.502705627705628,"ord: dropped 1 empty level(s)"
"bace","rubin_types_mixed_BM_l1_r0_mcar0.3_n100_M20_s146",100,1,0,146,FALSE,1,3333333.33333333,0.892585844457504,38.5584810849341,0.545454545454545,"ord: dropped 1 empty level(s)"
"bace","rubin_types_mixed_BM_l1_r0_mcar0.3_n100_M20_s147",100,1,0,147,FALSE,1,0.111111111111111,1.2656916050286,300.113027861405,0.450186799501868,"bin: left out (1 observed class)"
"bace","rubin_types_mixed_BM_l1_r0_mcar0.3_n100_M20_s148",100,1,0,148,TRUE,1,0.285714285714286,1.88602124065752,130.154938081088,0.476446034585569,"ord: dropped 2 empty level(s)"
"bace","rubin_types_mixed_BM_l1_r0_mcar0.3_n100_M20_s149",100,1,0,149,TRUE,1,0.108108108108108,1.2442194164335,130.767024799101,0.489718614718615,"ord: dropped 1 empty level(s)"
"bace","rubin_types_mixed_BM_l1_r0_mcar0.3_n100_M20_s150",100,1,0,150,TRUE,1,0.125,1.37994471531675,167.816370346757,0.488855869242199,""
"bace","rubin_types_mixed_BM_l1_r0_mcar0.3_n100_M20_s151",100,1,0,151,FALSE,1,0.225735810309224,1.01986275440931,25.0379211168065,0.633481921743437,""
"bace","rubin_types_mixed_BM_l1_r0_mcar0.3_n100_M20_s152",100,1,0,152,FALSE,1,0.5,1.02615759631408,48.917943954519,0.518939393939394,"ord: dropped 1 empty level(s)"
"bace","rubin_types_mixed_BM_l1_r0_mcar0.3_n100_M20_s153",100,1,0,153,TRUE,1,0.0084033613445379,1.94888986871661,651.289552051638,0.378732702112163,"ord: dropped 1 empty level(s);cat3: dropped 1 empty level(s)"
"bace","rubin_types_mixed_BM_l1_r0_mcar0.3_n100_M20_s154",100,1,0,154,FALSE,1,0.666666666666667,1.74172930304634,87.2630843964125,0.505952380952381,"ord: dropped 1 empty level(s)"
"bace","rubin_types_mixed_BM_l1_r0_mcar0.3_n100_M20_s156",100,1,0,156,TRUE,1,0.2,1.15944891087406,241.877899061935,0.463744588744589,"ord: dropped 1 empty level(s)"
"bace","rubin_types_mixed_BM_l1_r0_mcar0.3_n100_M20_s157",100,1,0,157,FALSE,1,0.252941176470588,0.986000466787477,787.466499157923,0.463744588744589,"ord: dropped 1 empty level(s)"
"bace","rubin_types_mixed_BM_l1_r0_mcar0.3_n100_M20_s159",100,1,0,159,TRUE,1,0.0384615384615384,1.34332134860514,142.424311174704,0.481812760882528,"ord: dropped 2 empty level(s)"
"bace","rubin_types_mixed_BM_l1_r0_mcar0.3_n100_M20_s160",100,1,0,160,FALSE,1,3333333.33333333,1.03653320265647,453.311056866469,0.469044081228331,""
"bace","rubin_types_mixed_BM_l1_r0_mcar0.3_n100_M20_s161",100,1,0,161,TRUE,1,0.5,2.11644560497653,690.592983885137,0.302303262955854,"bin: left out (1 observed class);ord: dropped 1 empty level(s);cat3: dropped 1 empty level(s)"
"bace","rubin_types_mixed_BM_l1_r0_mcar0.3_n100_M20_s162",100,1,0,162,FALSE,1,1,1.04982800784331,67.8824626350782,0.524021792966815,""
"bace","rubin_types_mixed_BM_l1_r0_mcar0.3_n100_M20_s163",100,1,0,163,TRUE,1,0.111111111111111,0.921077224145196,616.585281738012,0.47609561752988,"cat3: dropped 1 empty level(s)"
"bace","rubin_types_mixed_BM_l1_r0_mcar0.3_n100_M20_s164",100,1,0,164,TRUE,1,0.0219848888082325,0.767491813124585,75.8508348309444,0.50520059435364,""
"bace","rubin_types_mixed_BM_l1_r0_mcar0.3_n100_M20_s165",100,1,0,165,FALSE,1,3333333.33333333,1.2070771268141,153.625301523409,0.487865279841506,""
"bace","rubin_types_mixed_BM_l1_r0_mcar0.3_n100_M20_s166",100,1,0,166,FALSE,1,0.621960291505638,1.69079410038027,116.659497356324,0.4962852897474,""
"bace","rubin_types_mixed_BM_l1_r0_mcar0.3_n100_M20_s167",100,1,0,167,TRUE,1,0.0769230769230769,1.14855218757315,87.1508721614958,0.503875968992248,"ord: dropped 2 empty level(s)"
"bace","rubin_types_mixed_BM_l1_r0_mcar0.3_n100_M20_s168",100,1,0,168,TRUE,1,0.104036251958122,1.58822129390578,158.051533095445,0.481921743437345,""
"bace","rubin_types_mixed_BM_l1_r0_mcar0.3_n100_M20_s169",100,1,0,169,FALSE,1,0.125,1.27442695723223,53.417070779834,0.512630014858841,""
"bace","rubin_types_mixed_BM_l1_r0_mcar0.3_n100_M20_s170",100,1,0,170,FALSE,1,0.050012070634224,0.793408723327347,573.579892484576,0.487003058103976,"bin: left out (1 observed class);ord: dropped 2 empty level(s)"
"bace","rubin_types_mixed_BM_l1_r0_mcar0.3_n100_M20_s171",100,1,0,171,FALSE,1,0.5,1.23290796273383,31.9061997472232,0.5789995047053,""
"bace","rubin_types_mixed_BM_l1_r0_mcar0.3_n100_M20_s173",100,1,0,173,FALSE,1,2,0.938226039244796,672.350701271522,0.478225806451613,"ord: dropped 2 empty level(s);cat3: dropped 1 empty level(s)"
"bace","rubin_types_mixed_BM_l1_r0_mcar0.3_n100_M20_s174",100,1,0,174,TRUE,1,0.453974713359205,1.2635751622138,75.3733482957049,0.515106488360574,""
"bace","rubin_types_mixed_BM_l1_r0_mcar0.3_n100_M20_s175",100,1,0,175,FALSE,1,0.111111111111111,0.783996714482099,45.8037209992735,0.548786527984151,""
"bace","rubin_types_mixed_BM_l1_r0_mcar0.3_n100_M20_s176",100,1,0,176,FALSE,1,3333333.33333333,1.65513815292726,96.3850160293929,0.501082251082251,"ord: dropped 1 empty level(s)"
"bace","rubin_types_mixed_BM_l1_r0_mcar0.3_n100_M20_s177",100,1,0,177,TRUE,1,0.0454545454545456,1.44637702956373,405.766850620939,0.456168831168831,"ord: dropped 1 empty level(s)"
"bace","rubin_types_mixed_BM_l1_r0_mcar0.3_n100_M20_s178",100,1,0,178,FALSE,1,0.555555555555556,1.3137737395001,161.97970704754,0.481426448736999,""
"bace","rubin_types_mixed_BM_l1_r0_mcar0.3_n100_M20_s179",100,1,0,179,TRUE,1,0.0112028303430666,1.46993748315637,97.9010008485506,0.50074294205052,""
"bace","rubin_types_mixed_BM_l1_r0_mcar0.3_n100_M20_s180",100,1,0,180,TRUE,1,0.333333333333333,1.05267821616785,846.903153059952,0.399854333576111,"ord: dropped 1 empty level(s);cat3: dropped 1 empty level(s)"
"bace","rubin_types_mixed_BM_l1_r0_mcar0.3_n100_M20_s181",100,1,0,181,TRUE,1,2,1.29136182140308,226.581733870233,0.478896103896104,"ord: dropped 1 empty level(s)"
"bace","rubin_types_mixed_BM_l1_r0_mcar0.3_n100_M20_s182",100,1,0,182,FALSE,1,3.01161039188309,1.21817324629858,42.9679314249805,0.547619047619048,"ord: dropped 1 empty level(s)"
"bace","rubin_types_mixed_BM_l1_r0_mcar0.3_n100_M20_s183",100,1,0,183,FALSE,1,0.333333333333333,1.25119061915925,81.240208973925,0.507575757575758,"ord: dropped 1 empty level(s)"
"bace","rubin_types_mixed_BM_l1_r0_mcar0.3_n100_M20_s185",100,1,0,185,FALSE,1,0.690402476780186,1.26244891118905,36.2331233602027,0.546536796536797,"ord: dropped 1 empty level(s)"
"bace","rubin_types_mixed_BM_l1_r0_mcar0.3_n100_M20_s186",100,1,0,186,TRUE,1,0.1,1.31098511938617,86.4243260571772,0.503219415552254,""
"bace","rubin_types_mixed_BM_l1_r0_mcar0.3_n100_M20_s187",100,1,0,187,TRUE,1,0.1,0.85699697884184,346.513617622514,0.490341753343239,""
"bace","rubin_types_mixed_BM_l1_r0_mcar0.3_n100_M20_s188",100,1,0,188,TRUE,1,0.25,1.48766012412314,205.284499042955,0.473997028231798,""
"bace","rubin_types_mixed_BM_l1_r0_mcar0.3_n100_M20_s189",100,1,0,189,TRUE,1,0.222222222222222,1.37476730010165,87.4745727060644,0.5037147102526,""
"bace","rubin_types_mixed_BM_l1_r0_mcar0.3_n100_M20_s191",100,1,0,191,FALSE,1,0.396806147849658,1.41751764675506,37.6825015835601,0.579990094105993,""
"bace","rubin_types_mixed_BM_l1_r0_mcar0.3_n100_M20_s192",100,1,0,192,FALSE,1,3333333.33333333,1.11250030986825,27.4117797246437,0.62852897473997,""
"bace","rubin_types_mixed_BM_l1_r0_mcar0.3_n100_M20_s193",100,1,0,193,TRUE,1,0.0229694821837086,1.14878915839816,99.4378423843388,0.50074294205052,""
"bace","rubin_types_mixed_BM_l1_r0_mcar0.3_n100_M20_s194",100,1,0,194,FALSE,1,0.355555555555556,1.06225723289526,27.887372560748,0.57751362060426,""
"bace","rubin_types_mixed_BM_l1_r0_mcar0.3_n100_M20_s195",100,1,0,195,TRUE,1,0.272727272727273,1.423591581495,117.619176519576,0.494588744588745,"ord: dropped 1 empty level(s)"
"bace","rubin_types_mixed_BM_l1_r0_mcar0.3_n100_M20_s196",100,1,0,196,TRUE,1,0.25,1.6687615836431,903.28370787289,0.362532523850824,"bin: left out (1 observed class);cat3: dropped 1 empty level(s)"
"bace","rubin_types_mixed_BM_l1_r0_mcar0.3_n100_M20_s197",100,1,0,197,FALSE,1,0.074074074074074,1.31878034212559,994.791665513485,0.344621513944223,"cat3: dropped 1 empty level(s)"
"bace","rubin_types_mixed_BM_l1_r0_mcar0.3_n100_M20_s198",100,1,0,198,FALSE,1,3333333.33333333,0.615527774657528,17.1048615454243,0.600649350649351,"ord: dropped 1 empty level(s)"
"bace","rubin_types_mixed_BM_l1_r0_mcar0.3_n100_M20_s199",100,1,0,199,FALSE,1,0.674072323199513,1.42175391139231,58.2395276006333,0.53689945517583,""
"bace","rubin_types_mixed_BM_l1_r0_mcar0.3_n100_M20_s200",100,1,0,200,TRUE,1,0.1,1.47962660681942,79.0590851594184,0.510822510822511,"ord: dropped 1 empty level(s)"
"bace","rubin_types_mixed_BM_l1_r0_mcar0.3_n1000_M20_s62",1000,1,0,62,TRUE,1,0.043831168831169,1.02947693066189,128.90549878812,0.471320346320346,"ord: dropped 1 empty level(s)"
"bace","rubin_types_mixed_BM_l1_r0_mcar0.3_n1000_M20_s63",1000,1,0,63,TRUE,1,0.00156433320297227,1.67350919975358,203.432908466844,0.424467558197127,""
"bace","rubin_types_mixed_BM_l1_r0_mcar0.3_n1000_M20_s64",1000,1,0,64,TRUE,1,0.00896860986547076,2.48215395166593,600.538842145677,0.254316069057105,"cat3: dropped 1 empty level(s)"
"bace","rubin_types_mixed_BM_l1_r0_mcar0.3_n1000_M20_s65",1000,1,0,65,TRUE,1,0.023809523809524,2.37158805516493,292.441944388534,0.41654284299158,""
"bace","rubin_types_mixed_BM_l1_r0_mcar0.3_n1000_M20_s66",1000,1,0,66,TRUE,1,0.142857142857143,0.988241023754784,193.917908864538,0.432270916334661,"cat3: dropped 1 empty level(s)"
"bace","rubin_types_mixed_BM_l1_r0_mcar0.3_n1000_M20_s67",1000,1,0,67,TRUE,1,0.0270270270270271,2.02598726913958,434.371447182191,0.318969787023279,""
"bace","rubin_types_mixed_BM_l1_r0_mcar0.3_n1000_M20_s68",1000,1,0,68,TRUE,1,0.0129870129870131,2.28639462510995,273.980230277455,0.390292223873205,""
"bace","rubin_types_mixed_BM_l1_r0_mcar0.3_n1000_M20_s69",1000,1,0,69,TRUE,1,0.0833333333333333,3.40763642797713,362.613462586182,0.363051015354136,""
"bace","rubin_types_mixed_BM_l1_r0_mcar0.3_n1000_M20_s70",1000,1,0,70,TRUE,1,0.00393120393120389,1.37373584599938,661.365409205959,0.362549800796813,"cat3: dropped 1 empty level(s)"
"bace","rubin_types_mixed_BM_l1_r0_mcar0.3_n1000_M20_s71",1000,1,0,71,TRUE,1,0.00934579439252327,3.42975656803169,712.006054798069,0.277556440903054,"cat3: dropped 1 empty level(s)"
"bace","rubin_types_mixed_BM_l1_r0_mcar0.3_n1000_M20_s72",1000,1,0,72,TRUE,1,0.0526315789473683,1.0907378165049,315.089514229904,0.33531451213472,""
"bace","rubin_types_mixed_BM_l1_r0_mcar0.3_n1000_M20_s74",1000,1,0,74,TRUE,1,0.015748031496063,1.33996044894003,708.34112264578,0.306451612903226,"ord: dropped 2 empty level(s);cat3: dropped 1 empty level(s)"
"bace","rubin_types_mixed_BM_l1_r0_mcar0.3_n1000_M20_s75",1000,1,0,75,TRUE,1,0.00460829493087568,1.72598811439628,445.490161147051,0.414561664190193,""
"bace","rubin_types_mixed_BM_l1_r0_mcar0.3_n1000_M20_s76",1000,1,0,76,TRUE,1,0.00925925925925932,2.08640529446619,406.421464322247,0.371966319960376,""
"bace","rubin_types_mixed_BM_l1_r0_mcar0.3_n1000_M20_s77",1000,1,0,77,TRUE,1,0.00172562553925802,1.54530802242217,364.131496341473,0.368003962357603,""
"bace","rubin_types_mixed_BM_l1_r0_mcar0.3_n1000_M20_s78",1000,1,0,78,TRUE,1,0.00320000000000007,1.86654326194999,339.614659294835,0.327389796929173,""
"bace","rubin_types_mixed_BM_l1_r0_mcar0.3_n1000_M20_s79",1000,1,0,79,TRUE,1,0.0068027210884353,1.67755628802114,242.311529445622,0.386329866270431,""
"bace","rubin_types_mixed_BM_l1_r0_mcar0.3_n1000_M20_s80",1000,1,0,80,TRUE,1,0.0179080635276619,6.23474357552126,522.862351756846,0.290836653386454,"cat3: dropped 1 empty level(s)"
"bace","rubin_types_mixed_BM_l1_r0_mcar0.3_n1000_M20_s81",1000,1,0,81,TRUE,1,0.00334675981214411,4.45488683430859,560.561886038104,0.291407222914072,"bin: left out (1 observed class)"
"bace","rubin_types_mixed_BM_l1_r0_mcar0.3_n300_M20_s100",300,1,0,100,TRUE,1,0.0042401534744052,2.85455862903787,177.712679538828,0.472015849430411,""
"bace","rubin_types_mixed_BM_l1_r0_mcar0.3_n300_M20_s101",300,1,0,101,TRUE,1,0.0187031812770026,2.253581781482,213.598243905941,0.434373452204061,""
"bace","rubin_types_mixed_BM_l1_r0_mcar0.3_n300_M20_s102",300,1,0,102,TRUE,1,0.0666666666666666,1.85741214589729,159.070046783669,0.483225108225108,"ord: dropped 1 empty level(s)"
"bace","rubin_types_mixed_BM_l1_r0_mcar0.3_n300_M20_s52",300,1,0,52,TRUE,1,0.0181818181818181,2.01984993304264,306.680176754595,0.429915799900941,""
"bace","rubin_types_mixed_BM_l1_r0_mcar0.3_n300_M20_s53",300,1,0,53,TRUE,1,0.00653594771241845,1.6540160324875,285.170625294427,0.41991341991342,"ord: dropped 1 empty level(s)"
"bace","rubin_types_mixed_BM_l1_r0_mcar0.3_n300_M20_s54",300,1,0,54,TRUE,1,0.00854700854700852,1.42715316053335,533.017541058095,0.313182811361981,"ord: dropped 1 empty level(s);cat3: dropped 1 empty level(s)"
"bace","rubin_types_mixed_BM_l1_r0_mcar0.3_n300_M20_s55",300,1,0,55,TRUE,1,0.577589534139104,3.91711028468067,499.390318437253,0.410958904109589,"bin: left out (1 observed class)"
"bace","rubin_types_mixed_BM_l1_r0_mcar0.3_n300_M20_s56",300,1,0,56,TRUE,1,0.7248551957937,1.13182084411946,40.2597103713123,0.573055968301139,""
"bace","rubin_types_mixed_BM_l1_r0_mcar0.3_n300_M20_s57",300,1,0,57,TRUE,1,0.00885791082338179,2.50471626567611,773.630934711381,0.314077025232404,"cat3: dropped 1 empty level(s)"
"bace","rubin_types_mixed_BM_l1_r0_mcar0.3_n300_M20_s58",300,1,0,58,TRUE,1,0.00547445255474451,1.99755318517331,252.302326951114,0.473464519976148,"ord: dropped 2 empty level(s)"
"bace","rubin_types_mixed_BM_l1_r0_mcar0.3_n300_M20_s60",300,1,0,60,TRUE,1,0.0399999999999999,2.17233165572725,169.970911500269,0.48051948051948,"ord: dropped 1 empty level(s)"
"bace","rubin_types_mixed_BM_l1_r0_mcar0.3_n300_M20_s61",300,1,0,61,TRUE,1,0.0303030303030302,2.07122324363391,220.285503673375,0.460497835497836,"ord: dropped 1 empty level(s)"
"bace","rubin_types_mixed_BM_l1_r0_mcar0.3_n300_M20_s63",300,1,0,63,TRUE,1,0.00456621004566227,2.44603728240966,519.134871783771,0.378732702112163,"ord: dropped 1 empty level(s);cat3: dropped 1 empty level(s)"
"bace","rubin_types_mixed_BM_l1_r0_mcar0.3_n300_M20_s64",300,1,0,64,TRUE,1,0.0476190476190477,1.85100953910317,168.248310945419,0.482683982683983,"ord: dropped 1 empty level(s)"
"bace","rubin_types_mixed_BM_l1_r0_mcar0.3_n300_M20_s65",300,1,0,65,FALSE,1,0.333333333333333,1.53505041767469,464.282255941603,0.355525051475635,"bin: left out (1 observed class);ord: dropped 1 empty level(s)"
"bace","rubin_types_mixed_BM_l1_r0_mcar0.3_n300_M20_s66",300,1,0,66,TRUE,1,0.00292226767971955,1.5380799614384,325.949713555884,0.430906389301634,""
"bace","rubin_types_mixed_BM_l1_r0_mcar0.3_n300_M20_s67",300,1,0,67,TRUE,1,0.0769230769230768,1.5673158080411,438.9862553174,0.421495789995047,""
"bace","rubin_types_mixed_BM_l1_r0_mcar0.3_n300_M20_s70",300,1,0,70,TRUE,1,0.1,2.75595953963176,292.134119747388,0.444805194805195,"ord: dropped 1 empty level(s)"
"bace","rubin_types_mixed_BM_l1_r0_mcar0.3_n300_M20_s71",300,1,0,71,TRUE,1,0.0444444444444445,3.26880969682883,644.927640289677,0.408594319009468,"ord: dropped 1 empty level(s);cat3: dropped 1 empty level(s)"
"bace","rubin_types_mixed_BM_l1_r0_mcar0.3_n300_M20_s72",300,1,0,72,TRUE,1,0.0985854874467559,1.30611885629083,98.2453689322344,0.50222882615156,""
"bace","rubin_types_mixed_BM_l1_r0_mcar0.3_n300_M20_s73",300,1,0,73,TRUE,1,0.143612214219996,2.01147751713836,653.730302333584,0.382470119521912,"cat3: dropped 1 empty level(s)"
"bace","rubin_types_mixed_BM_l1_r0_mcar0.3_n300_M20_s74",300,1,0,74,TRUE,1,0.0384615384615383,1.3265904880954,491.334101001483,0.397226349678058,""
"bace","rubin_types_mixed_BM_l1_r0_mcar0.3_n300_M20_s75",300,1,0,75,TRUE,1,0.5,2.82329414257749,533.464036831305,0.352589641434263,"cat3: dropped 1 empty level(s)"
"bace","rubin_types_mixed_BM_l1_r0_mcar0.3_n300_M20_s76",300,1,0,76,TRUE,1,0.0500000000000001,2.37487665863476,114.424889717717,0.483225108225108,"ord: dropped 1 empty level(s)"
"bace","rubin_types_mixed_BM_l1_r0_mcar0.3_n300_M20_s77",300,1,0,77,TRUE,1,0.0392156862745099,1.28529059752689,286.631022942173,0.411589895988113,""
"bace","rubin_types_mixed_BM_l1_r0_mcar0.3_n300_M20_s78",300,1,0,78,TRUE,1,0.0555555555555556,2.48584394417916,847.924716426473,0.279548472775564,"cat3: dropped 1 empty level(s)"
"bace","rubin_types_mixed_BM_l1_r0_mcar0.3_n300_M20_s79",300,1,0,79,TRUE,1,0.0121951219512196,1.83449114751365,192.191331467257,0.447251114413076,""
"bace","rubin_types_mixed_BM_l1_r0_mcar0.3_n300_M20_s80",300,1,0,80,TRUE,1,0.0333333333333332,1.34483953604549,770.329721891046,0.340637450199203,"cat3: dropped 1 empty level(s)"
"bace","rubin_types_mixed_BM_l1_r0_mcar0.3_n300_M20_s81",300,1,0,81,TRUE,1,0.0103806228373702,2.62360191328096,170.327046154196,0.45715700842001,""
"bace","rubin_types_mixed_BM_l1_r0_mcar0.3_n300_M20_s82",300,1,0,82,TRUE,1,0.011206866137732,2.60420308617428,164.59174761848,0.462662337662338,"ord: dropped 1 empty level(s)"
"bace","rubin_types_mixed_BM_l1_r0_mcar0.3_n300_M20_s83",300,1,0,83,TRUE,1,0.25,1.98511272627436,155.687908230385,0.477464091134225,""
"bace","rubin_types_mixed_BM_l1_r0_mcar0.3_n300_M20_s84",300,1,0,84,TRUE,1,0.00676818950930624,1.78971746825335,160.89084480803,0.478896103896104,"ord: dropped 1 empty level(s)"
"bace","rubin_types_mixed_BM_l1_r0_mcar0.3_n300_M20_s85",300,1,0,85,TRUE,1,0.0303030303030303,1.81909538627532,305.308710716863,0.468073593073593,"ord: dropped 1 empty level(s)"
"bace","rubin_types_mixed_BM_l1_r0_mcar0.3_n300_M20_s86",300,1,0,86,TRUE,1,0.025,1.70101756278904,184.357566658333,0.471025260029718,""
"bace","rubin_types_mixed_BM_l1_r0_mcar0.3_n300_M20_s87",300,1,0,87,TRUE,1,2,1.37574623518708,90.3841584225701,0.510822510822511,"ord: dropped 1 empty level(s)"
"bace","rubin_types_mixed_BM_l1_r0_mcar0.3_n300_M20_s88",300,1,0,88,TRUE,1,0.0384615384615385,1.21880753124838,271.363867728453,0.468073593073593,"ord: dropped 1 empty level(s)"
"bace","rubin_types_mixed_BM_l1_r0_mcar0.3_n300_M20_s89",300,1,0,89,TRUE,1,0.0238095238095238,4.03749772832044,820.578741273304,0.248560460652591,"bin: left out (1 observed class);ord: dropped 1 empty level(s);cat3: dropped 1 empty level(s)"
"bace","rubin_types_mixed_BM_l1_r0_mcar0.3_n300_M20_s90",300,1,0,90,TRUE,1,0.103831383275868,1.6133251220009,254.92139158607,0.41951461119366,""
"bace","rubin_types_mixed_BM_l1_r0_mcar0.3_n300_M20_s91",300,1,0,91,TRUE,1,0.0743627178080306,1.24889151219338,435.671673412396,0.423972263496781,""
"bace","rubin_types_mixed_BM_l1_r0_mcar0.3_n300_M20_s92",300,1,0,92,TRUE,1,0.00176905227977334,1.81891176472156,958.136546323488,0.353969410050983,"ord: dropped 1 empty level(s);cat3: dropped 1 empty level(s)"
"bace","rubin_types_mixed_BM_l1_r0_mcar0.3_n300_M20_s93",300,1,0,93,TRUE,1,0.00396903014956593,4.467312702372,648.864921999775,0.384351407000686,"bin: left out (1 observed class);ord: dropped 1 empty level(s)"
"bace","rubin_types_mixed_BM_l1_r0_mcar0.3_n300_M20_s95",300,1,0,95,TRUE,1,0.0104466114319842,2.03452467805837,1078.06973335094,0.246641074856046,"ord: dropped 1 empty level(s);cat3: left out (1 observed class)"
"bace","rubin_types_mixed_BM_l1_r0_mcar0.3_n300_M20_s96",300,1,0,96,TRUE,1,0.0151515151515151,1.04455327888054,163.08474388809,0.487554112554113,"ord: dropped 1 empty level(s)"
"bace","rubin_types_mixed_BM_l1_r0_mcar0.3_n300_M20_s97",300,1,0,97,TRUE,1,0.0416666666666667,2.27400129006511,201.304947885242,0.447251114413076,""
"bace","rubin_types_mixed_BM_l1_r0_mcar0.3_n300_M20_s98",300,1,0,98,TRUE,1,0.0400000000000001,2.60735582940586,205.314467032486,0.43452380952381,"ord: dropped 1 empty level(s)"
"bace","rubin_types_mixed_BM_l1_r0_mcar0.3_n300_M20_s99",300,1,0,99,TRUE,1,0.0370370370370371,3.13741169617762,192.310063227402,0.442640692640693,"ord: dropped 1 empty level(s)"
"bace","rubin_types_mixed_BM_l1_r0.5_mcar0.3_n100_M20_s101",100,1,0.5,101,FALSE,1,0.117647058823529,1.6678221894849,160.330015302899,0.464091134224864,""
"bace","rubin_types_mixed_BM_l1_r0.5_mcar0.3_n100_M20_s102",100,1,0.5,102,TRUE,1,0.0909090909090909,1.29226647465138,106.002950318113,0.495789995047053,""
"bace","rubin_types_mixed_BM_l1_r0.5_mcar0.3_n100_M20_s104",100,1,0.5,104,TRUE,1,0.0588235294117647,0.974906269858954,43.4388254019405,0.545995670995671,"ord: dropped 1 empty level(s)"
"bace","rubin_types_mixed_BM_l1_r0.5_mcar0.3_n100_M20_s105",100,1,0.5,105,FALSE,1,0.5,2.11460472554611,1037.01328208566,0.359229747675963,"cat3: dropped 1 empty level(s)"
"bace","rubin_types_mixed_BM_l1_r0.5_mcar0.3_n100_M20_s106",100,1,0.5,106,TRUE,1,0.25,1.12327511394897,109.455680245397,0.498509242695289,"ord: dropped 2 empty level(s)"
"bace","rubin_types_mixed_BM_l1_r0.5_mcar0.3_n100_M20_s107",100,1,0.5,107,TRUE,1,0.0809757435948567,2.1284546756973,72.0101037670983,0.530460624071322,""
"bace","rubin_types_mixed_BM_l1_r0.5_mcar0.3_n100_M20_s108",100,1,0.5,108,TRUE,1,0.5,1.79836878900526,61.1076479407922,0.534090909090909,"ord: dropped 1 empty level(s)"
"bace","rubin_types_mixed_BM_l1_r0.5_mcar0.3_n100_M20_s109",100,1,0.5,109,FALSE,1,0.25,1.10249369406639,48.6104325710207,0.542207792207792,"ord: dropped 1 empty level(s)"
"bace","rubin_types_mixed_BM_l1_r0.5_mcar0.3_n100_M20_s110",100,1,0.5,110,TRUE,1,0.233967872817895,1.41471702938469,96.2496132375786,0.500247647350173,""
"bace","rubin_types_mixed_BM_l1_r0.5_mcar0.3_n100_M20_s111",100,1,0.5,111,TRUE,1,0.285714285714286,1.1171114614083,156.374141754033,0.486379395740466,""
"bace","rubin_types_mixed_BM_l1_r0.5_mcar0.3_n100_M20_s112",100,1,0.5,112,TRUE,1,0.0543081034185587,1.366037052148,170.670254557977,0.471520554730064,""
"bace","rubin_types_mixed_BM_l1_r0.5_mcar0.3_n100_M20_s113",100,1,0.5,113,FALSE,1,0.369127516778524,0.83750093206322,23.0968767027476,0.577221228384019,"ord: dropped 2 empty level(s)"
"bace","rubin_types_mixed_BM_l1_r0.5_mcar0.3_n100_M20_s114",100,1,0.5,114,FALSE,1,0.29375,1.05450672615892,25.5182214493507,0.621753246753247,"ord: dropped 1 empty level(s)"
"bace","rubin_types_mixed_BM_l1_r0.5_mcar0.3_n100_M20_s115",100,1,0.5,115,FALSE,1,0.111111111111111,2.37580167522505,751.856785417712,0.386410432395333,"bin: left out (1 observed class);ord: dropped 1 empty level(s)"
"bace","rubin_types_mixed_BM_l1_r0.5_mcar0.3_n100_M20_s116",100,1,0.5,116,FALSE,1,2,2.44269357177606,632.631198974613,0.378732702112163,"ord: dropped 1 empty level(s);cat3: dropped 1 empty level(s)"
"bace","rubin_types_mixed_BM_l1_r0.5_mcar0.3_n100_M20_s117",100,1,0.5,117,TRUE,1,0.118190509983923,1.37282963449048,218.929558428124,0.479978354978355,"ord: dropped 1 empty level(s)"
"bace","rubin_types_mixed_BM_l1_r0.5_mcar0.3_n100_M20_s118",100,1,0.5,118,TRUE,1,0.666666666666667,1.70908560948101,159.535283167471,0.483407627538385,""
"bace","rubin_types_mixed_BM_l1_r0.5_mcar0.3_n100_M20_s119",100,1,0.5,119,TRUE,1,0.25,1.59507583040577,617.435072497244,0.393299344501092,"ord: dropped 1 empty level(s);cat3: dropped 1 empty level(s)"
"bace","rubin_types_mixed_BM_l1_r0.5_mcar0.3_n100_M20_s120",100,1,0.5,120,TRUE,1,0.0694797880831546,1.65079839809504,905.654590949575,0.38667496886675,"bin: left out (1 observed class)"
"bace","rubin_types_mixed_BM_l1_r0.5_mcar0.3_n100_M20_s121",100,1,0.5,121,FALSE,1,1,1.13853285773351,131.669874899358,0.49025974025974,"ord: dropped 1 empty level(s)"
"bace","rubin_types_mixed_BM_l1_r0.5_mcar0.3_n100_M20_s122",100,1,0.5,122,TRUE,1,0.333333333333333,1.39238407751775,386.149852183214,0.46177370030581,"bin: left out (1 observed class);ord: dropped 2 empty level(s)"
"bace","rubin_types_mixed_BM_l1_r0.5_mcar0.3_n100_M20_s123",100,1,0.5,123,FALSE,1,0.428571428571428,1.60296348376938,34.8384257214332,0.555720653789004,""
"bace","rubin_types_mixed_BM_l1_r0.5_mcar0.3_n100_M20_s124",100,1,0.5,124,TRUE,1,0.037037037037037,1.55313576716561,56.059382480761,0.51520572450805,"ord: dropped 2 empty level(s)"
"bace","rubin_types_mixed_BM_l1_r0.5_mcar0.3_n100_M20_s125",100,1,0.5,125,TRUE,1,0.0727272727272728,1.52494391648136,559.310074929548,0.385790172642762,"cat3: dropped 1 empty level(s)"
"bace","rubin_types_mixed_BM_l1_r0.5_mcar0.3_n100_M20_s126",100,1,0.5,126,FALSE,1,0.125,0.737330187268999,412.2180571439,0.455044612216884,"bin: left out (1 observed class);ord: dropped 1 empty level(s)"
"bace","rubin_types_mixed_BM_l1_r0.5_mcar0.3_n100_M20_s127",100,1,0.5,127,FALSE,1,3,1.09486555365642,45.9101736547566,0.531305903398927,"ord: dropped 2 empty level(s)"
"bace","rubin_types_mixed_BM_l1_r0.5_mcar0.3_n100_M20_s128",100,1,0.5,128,FALSE,1,0.333333333333333,1.2271535888468,470.150028865986,0.389110225763612,"cat3: dropped 1 empty level(s)"
"bace","rubin_types_mixed_BM_l1_r0.5_mcar0.3_n100_M20_s129",100,1,0.5,129,TRUE,1,0.285714285714286,1.44607987587273,91.4448006886232,0.503787878787879,"ord: dropped 1 empty level(s)"
"bace","rubin_types_mixed_BM_l1_r0.5_mcar0.3_n100_M20_s130",100,1,0.5,130,FALSE,1,0.488292576843426,0.923918409732617,139.828562169867,0.488360574541852,""
"bace","rubin_types_mixed_BM_l1_r0.5_mcar0.3_n100_M20_s132",100,1,0.5,132,FALSE,1,0.153846153846154,1.44416114554655,98.7625252699277,0.500247647350173,""
"bace","rubin_types_mixed_BM_l1_r0.5_mcar0.3_n100_M20_s133",100,1,0.5,133,FALSE,1,0.593185792364346,0.821010933103011,42.333158836454,0.554730064388311,""
"bace","rubin_types_mixed_BM_l1_r0.5_mcar0.3_n100_M20_s134",100,1,0.5,134,TRUE,1,0.01834806625123,2.23036241839502,189.55758657729,0.460497835497836,"ord: dropped 1 empty level(s)"
"bace","rubin_types_mixed_BM_l1_r0.5_mcar0.3_n100_M20_s135",100,1,0.5,135,FALSE,1,0.60655737704918,1.29645270325831,430.104490320903,0.447543160690571,"cat3: dropped 1 empty level(s)"
"bace","rubin_types_mixed_BM_l1_r0.5_mcar0.3_n100_M20_s136",100,1,0.5,136,TRUE,1,0.0124223602484473,2.00497526638742,335.49753397431,0.384462151394422,"cat3: dropped 1 empty level(s)"
"bace","rubin_types_mixed_BM_l1_r0.5_mcar0.3_n100_M20_s138",100,1,0.5,138,TRUE,1,0.125,1.44119472593662,85.4723879013279,0.508667657256067,""
"bace","rubin_types_mixed_BM_l1_r0.5_mcar0.3_n100_M20_s139",100,1,0.5,139,TRUE,1,0.257693276910839,1.13158799448603,46.7096028514772,0.534883720930233,"ord: dropped 2 empty level(s)"
"bace","rubin_types_mixed_BM_l1_r0.5_mcar0.3_n100_M20_s140",100,1,0.5,140,FALSE,1,0.0555555555555555,1.30080613107857,39.6618708818072,0.548291233283804,""
"bace","rubin_types_mixed_BM_l1_r0.5_mcar0.3_n100_M20_s142",100,1,0.5,142,TRUE,1,0.090909090909091,1.38501637110681,135.792440769575,0.492322932144626,""
"bace","rubin_types_mixed_BM_l1_r0.5_mcar0.3_n100_M20_s144",100,1,0.5,144,TRUE,1,0.486320243112408,1.27103706716323,149.787941678216,0.488360574541852,""
"bace","rubin_types_mixed_BM_l1_r0.5_mcar0.3_n100_M20_s145",100,1,0.5,145,TRUE,1,6666666.66666667,2.02786510281127,118.579928025689,0.494047619047619,"ord: dropped 1 empty level(s)"
"bace","rubin_types_mixed_BM_l1_r0.5_mcar0.3_n100_M20_s146",100,1,0.5,146,TRUE,1,0.882834280192659,0.863711663919972,20.5840201087123,0.606736007924715,""
"bace","rubin_types_mixed_BM_l1_r0.5_mcar0.3_n100_M20_s148",100,1,0.5,148,FALSE,1,0.122954410176888,0.827546674526875,481.727656187129,0.433651344319167,"bin: left out (1 observed class);cat3: dropped 1 empty level(s)"
"bace","rubin_types_mixed_BM_l1_r0.5_mcar0.3_n100_M20_s149",100,1,0.5,149,TRUE,1,0.351851851851852,1.31143463407634,243.653958234067,0.465596330275229,"bin: left out (1 observed class);ord: dropped 2 empty level(s)"
"bace","rubin_types_mixed_BM_l1_r0.5_mcar0.3_n100_M20_s150",100,1,0.5,150,TRUE,1,0.128378378378378,1.56080000746996,99.289674197113,0.500247647350173,""
"bace","rubin_types_mixed_BM_l1_r0.5_mcar0.3_n100_M20_s151",100,1,0.5,151,FALSE,1,0.194444444444445,1.02553097234949,153.325372867929,0.465471447543161,"cat3: dropped 1 empty level(s)"
"bace","rubin_types_mixed_BM_l1_r0.5_mcar0.3_n100_M20_s152",100,1,0.5,152,TRUE,1,0.277227722772277,1.03615464250045,18.0181673181471,0.674096087171867,""
"bace","rubin_types_mixed_BM_l1_r0.5_mcar0.3_n100_M20_s153",100,1,0.5,153,TRUE,1,0.105004888876947,1.51025570062327,704.088416447074,0.363723608445297,"ord: dropped 1 empty level(s);cat3: left out (1 observed class)"
"bace","rubin_types_mixed_BM_l1_r0.5_mcar0.3_n100_M20_s154",100,1,0.5,154,FALSE,1,0.333333333333333,0.988002609727135,82.6517581612336,0.514611193660228,""
"bace","rubin_types_mixed_BM_l1_r0.5_mcar0.3_n100_M20_s155",100,1,0.5,155,TRUE,1,0.282475623842832,1.51609325234601,409.877702389581,0.448652585579024,"ord: dropped 1 empty level(s);cat3: dropped 1 empty level(s)"
"bace","rubin_types_mixed_BM_l1_r0.5_mcar0.3_n100_M20_s156",100,1,0.5,156,FALSE,1,0.6,1.27657743548574,152.657232893644,0.481921743437345,""
"bace","rubin_types_mixed_BM_l1_r0.5_mcar0.3_n100_M20_s157",100,1,0.5,157,FALSE,1,0.0264150943396227,1.28535494678349,945.60737483345,0.399126001456664,"ord: dropped 1 empty level(s);cat3: dropped 1 empty level(s)"
"bace","rubin_types_mixed_BM_l1_r0.5_mcar0.3_n100_M20_s158",100,1,0.5,158,FALSE,1,0.333333333333333,1.21697040854416,217.331799459251,0.428393524283935,"bin: left out (1 observed class)"
"bace","rubin_types_mixed_BM_l1_r0.5_mcar0.3_n100_M20_s159",100,1,0.5,159,TRUE,1,0.285714285714286,1.37629130758248,113.536080714704,0.494047619047619,"ord: dropped 1 empty level(s)"
"bace","rubin_types_mixed_BM_l1_r0.5_mcar0.3_n100_M20_s160",100,1,0.5,160,TRUE,1,0.3,1.00466855312936,403.568255615475,0.466072313026251,""
"bace","rubin_types_mixed_BM_l1_r0.5_mcar0.3_n100_M20_s161",100,1,0.5,161,FALSE,1,1,2.0137261058503,671.934530873542,0.373173970783533,"cat3: dropped 1 empty level(s)"
"bace","rubin_types_mixed_BM_l1_r0.5_mcar0.3_n100_M20_s163",100,1,0.5,163,TRUE,1,0.0434782608695653,1.7363693130714,174.026829646636,0.488095238095238,"ord: dropped 1 empty level(s)"
"bace","rubin_types_mixed_BM_l1_r0.5_mcar0.3_n100_M20_s164",100,1,0.5,164,TRUE,1,0.401607599274706,0.994999635228054,254.536636310177,0.491827637444279,""
"bace","rubin_types_mixed_BM_l1_r0.5_mcar0.3_n100_M20_s165",100,1,0.5,165,TRUE,1,0.00799999999999997,1.31161586144164,186.932167613694,0.473997028231798,""
"bace","rubin_types_mixed_BM_l1_r0.5_mcar0.3_n100_M20_s166",100,1,0.5,166,FALSE,1,0.574417253861898,1.29081752077931,253.103359756017,0.483407627538385,""
"bace","rubin_types_mixed_BM_l1_r0.5_mcar0.3_n100_M20_s167",100,1,0.5,167,TRUE,1,0.0416666666666667,1.3452331399265,298.354210926908,0.468548786527984,""
"bace","rubin_types_mixed_BM_l1_r0.5_mcar0.3_n100_M20_s168",100,1,0.5,168,FALSE,1,0.111111111111111,1.02257889134778,308.157355112382,0.462109955423477,""
"bace","rubin_types_mixed_BM_l1_r0.5_mcar0.3_n100_M20_s169",100,1,0.5,169,FALSE,1,0.0793784217513397,1.39080118979943,106.77058772044,0.495294700346706,""
"bace","rubin_types_mixed_BM_l1_r0.5_mcar0.3_n100_M20_s170",100,1,0.5,170,TRUE,1,1.68641827899046,1.12612500322667,26.1715299518891,0.545020870602266,"ord: dropped 2 empty level(s)"
"bace","rubin_types_mixed_BM_l1_r0.5_mcar0.3_n100_M20_s171",100,1,0.5,171,FALSE,1,0.214285714285714,1.01657047634655,132.708348412398,0.493808816245666,""
"bace","rubin_types_mixed_BM_l1_r0.5_mcar0.3_n100_M20_s172",100,1,0.5,172,FALSE,1,0.333333333333333,0.934115548712946,119.218074548433,0.496780584447746,""
"bace","rubin_types_mixed_BM_l1_r0.5_mcar0.3_n100_M20_s173",100,1,0.5,173,FALSE,1,0.1,1.54727363974187,1073.97730128576,0.268714011516315,"bin: left out (1 observed class);ord: dropped 1 empty level(s);cat3: dropped 1 empty level(s)"
"bace","rubin_types_mixed_BM_l1_r0.5_mcar0.3_n100_M20_s174",100,1,0.5,174,FALSE,1,0.6,1.79642100061264,63.7234057963833,0.524021792966815,""
"bace","rubin_types_mixed_BM_l1_r0.5_mcar0.3_n100_M20_s176",100,1,0.5,176,FALSE,1,0.1,1.57209014469431,191.771246867154,0.483766233766234,"ord: dropped 1 empty level(s)"
"bace","rubin_types_mixed_BM_l1_r0.5_mcar0.3_n100_M20_s177",100,1,0.5,177,FALSE,1,0.133333333333333,1.29053885878436,79.4710469612003,0.511144130757801,""
"bace","rubin_types_mixed_BM_l1_r0.5_mcar0.3_n100_M20_s178",100,1,0.5,178,TRUE,1,0.666666666666667,1.43527146003855,97.9457371490206,0.5,"ord: dropped 1 empty level(s)"
"bace","rubin_types_mixed_BM_l1_r0.5_mcar0.3_n100_M20_s179",100,1,0.5,179,TRUE,1,0.0384615384615384,1.36188366059002,81.9116741208544,0.508172362555721,""
"bace","rubin_types_mixed_BM_l1_r0.5_mcar0.3_n100_M20_s180",100,1,0.5,180,FALSE,1,0.338772783263619,1.0808515634369,32.5971063622375,0.543231961836613,"ord: dropped 2 empty level(s)"
"bace","rubin_types_mixed_BM_l1_r0.5_mcar0.3_n100_M20_s181",100,1,0.5,181,TRUE,1,0.586080586080586,1.69730564912003,205.728100433374,0.48479427549195,"ord: dropped 2 empty level(s)"
"bace","rubin_types_mixed_BM_l1_r0.5_mcar0.3_n100_M20_s182",100,1,0.5,182,TRUE,1,0.819575080888219,2.24402746480202,66.9462561166378,0.516398330351819,"ord: dropped 2 empty level(s)"
"bace","rubin_types_mixed_BM_l1_r0.5_mcar0.3_n100_M20_s183",100,1,0.5,183,FALSE,1,2.46830822973002,1.50544706001983,167.16390901256,0.488360574541852,""
"bace","rubin_types_mixed_BM_l1_r0.5_mcar0.3_n100_M20_s184",100,1,0.5,184,TRUE,1,0.246406570841889,1.27429765777757,994.893929329248,0.441369264384559,"ord: dropped 1 empty level(s);cat3: dropped 1 empty level(s)"
"bace","rubin_types_mixed_BM_l1_r0.5_mcar0.3_n100_M20_s185",100,1,0.5,185,TRUE,1,0.1875,2.14023848284347,188.744716345553,0.485986881335719,"ord: dropped 2 empty level(s)"
"bace","rubin_types_mixed_BM_l1_r0.5_mcar0.3_n100_M20_s186",100,1,0.5,186,FALSE,1,0.235772357723577,0.863652838482582,12.8221875995912,0.701337295690936,""
"bace","rubin_types_mixed_BM_l1_r0.5_mcar0.3_n100_M20_s187",100,1,0.5,187,TRUE,1,0.434815856308852,0.962918555635457,37.7323896318232,0.548786527984151,""
"bace","rubin_types_mixed_BM_l1_r0.5_mcar0.3_n100_M20_s189",100,1,0.5,189,TRUE,1,0.125,1.39626105863457,76.6524422169662,0.50974025974026,"ord: dropped 1 empty level(s)"
"bace","rubin_types_mixed_BM_l1_r0.5_mcar0.3_n100_M20_s190",100,1,0.5,190,TRUE,1,0.0344224473161938,1.21398717845105,95.4417314656733,0.500541125541126,"ord: dropped 1 empty level(s)"
"bace","rubin_types_mixed_BM_l1_r0.5_mcar0.3_n100_M20_s191",100,1,0.5,191,FALSE,1,0.255121536912921,1.67544033434699,105.844366751304,0.496780584447746,""
"bace","rubin_types_mixed_BM_l1_r0.5_mcar0.3_n100_M20_s194",100,1,0.5,194,TRUE,1,0.111111111111111,1.11466521410573,33.7352014706811,0.54004329004329,"ord: dropped 1 empty level(s)"
"bace","rubin_types_mixed_BM_l1_r0.5_mcar0.3_n100_M20_s195",100,1,0.5,195,TRUE,1,0.4,1.66201235009121,236.003711523492,0.48051948051948,"ord: dropped 1 empty level(s)"
"bace","rubin_types_mixed_BM_l1_r0.5_mcar0.3_n100_M20_s196",100,1,0.5,196,FALSE,1,0.111111111111111,1.23552174263991,830.490485650434,0.40974605353466,"bin: left out (1 observed class);ord: dropped 1 empty level(s)"
"bace","rubin_types_mixed_BM_l1_r0.5_mcar0.3_n100_M20_s197",100,1,0.5,197,TRUE,1,0.1,2.05551801682566,674.676882666897,0.385126162018592,"cat3: dropped 1 empty level(s)"
"bace","rubin_types_mixed_BM_l1_r0.5_mcar0.3_n100_M20_s198",100,1,0.5,198,TRUE,1,0.0588235294117647,3.34936316167241,973.835848478704,0.265834932821497,"bin: left out (1 observed class);ord: dropped 1 empty level(s);cat3: dropped 1 empty level(s)"
"bace","rubin_types_mixed_BM_l1_r0.5_mcar0.3_n100_M20_s200",100,1,0.5,200,TRUE,1,0.234477163352441,1.23025061645734,70.7897453996809,0.520562770562771,"ord: dropped 1 empty level(s)"
"bace","rubin_types_mixed_BM_l1_r0.5_mcar0.3_n300_M20_s100",300,1,0.5,100,TRUE,1,0.076923076923077,2.33913397996875,271.844071145515,0.425458147597821,""
"bace","rubin_types_mixed_BM_l1_r0.5_mcar0.3_n300_M20_s101",300,1,0.5,101,TRUE,1,0.0232558139534884,3.42229321989301,813.231296136533,0.284860557768924,"cat3: dropped 1 empty level(s)"
"bace","rubin_types_mixed_BM_l1_r0.5_mcar0.3_n300_M20_s102",300,1,0.5,102,TRUE,1,0.0137457044673539,1.99194097586086,415.266020222408,0.330635118306351,"bin: left out (1 observed class)"
"bace","rubin_types_mixed_BM_l1_r0.5_mcar0.3_n300_M20_s52",300,1,0.5,52,TRUE,1,0.00862068965517238,0.972873190905302,417.071230841964,0.439821693907875,""
"bace","rubin_types_mixed_BM_l1_r0.5_mcar0.3_n300_M20_s53",300,1,0.5,53,TRUE,1,0.0107913669064749,1.60244185624479,368.616606251568,0.363213811420983,"cat3: dropped 1 empty level(s)"
"bace","rubin_types_mixed_BM_l1_r0.5_mcar0.3_n300_M20_s54",300,1,0.5,54,FALSE,1,0.137931034482759,0.843860518771877,134.113345928467,0.4745670995671,"ord: dropped 1 empty level(s)"
"bace","rubin_types_mixed_BM_l1_r0.5_mcar0.3_n300_M20_s55",300,1,0.5,55,FALSE,1,0.25,6.38737169375285,899.331812484262,0.23320537428023,"bin: left out (1 observed class);ord: dropped 1 empty level(s);cat3: dropped 1 empty level(s)"
"bace","rubin_types_mixed_BM_l1_r0.5_mcar0.3_n300_M20_s56",300,1,0.5,56,TRUE,1,1.28703573196766,1.69457040425117,125.859392610874,0.479940564635958,""
"bace","rubin_types_mixed_BM_l1_r0.5_mcar0.3_n300_M20_s57",300,1,0.5,57,TRUE,1,0.25,1.94181336574673,741.79472327593,0.375830013280212,"cat3: dropped 1 empty level(s)"
"bace","rubin_types_mixed_BM_l1_r0.5_mcar0.3_n300_M20_s58",300,1,0.5,58,TRUE,1,0.0285714285714286,2.3121256417027,270.867738994473,0.436354631005448,""
"bace","rubin_types_mixed_BM_l1_r0.5_mcar0.3_n300_M20_s59",300,1,0.5,59,TRUE,1,0.166666666666667,2.00541245297082,383.76308873427,0.444245676803816,"ord: dropped 2 empty level(s)"
"bace","rubin_types_mixed_BM_l1_r0.5_mcar0.3_n300_M20_s60",300,1,0.5,60,TRUE,1,0.0270270270270271,2.98094167884439,420.468743099558,0.443181818181818,"ord: dropped 1 empty level(s)"
"bace","rubin_types_mixed_BM_l1_r0.5_mcar0.3_n300_M20_s61",300,1,0.5,61,TRUE,1,0.0270270270270271,2.1048846258083,575.371352764578,0.433441558441558,"ord: dropped 1 empty level(s)"
"bace","rubin_types_mixed_BM_l1_r0.5_mcar0.3_n300_M20_s62",300,1,0.5,62,TRUE,1,0.0266565071427757,1.30103068351385,553.610047308268,0.442793462109955,""
"bace","rubin_types_mixed_BM_l1_r0.5_mcar0.3_n300_M20_s63",300,1,0.5,63,TRUE,1,0.076923076923077,1.22634502034334,65.3562060427604,0.533927686973749,""
"bace","rubin_types_mixed_BM_l1_r0.5_mcar0.3_n300_M20_s64",300,1,0.5,64,TRUE,1,1,1.69389001735714,160.803944352846,0.468053491827637,""
"bace","rubin_types_mixed_BM_l1_r0.5_mcar0.3_n300_M20_s65",300,1,0.5,65,TRUE,1,0.00624999999999998,1.2501384077163,453.284701294919,0.358956760466712,"bin: left out (1 observed class);ord: dropped 1 empty level(s)"
"bace","rubin_types_mixed_BM_l1_r0.5_mcar0.3_n300_M20_s66",300,1,0.5,66,TRUE,1,0.25,1.32310306201293,765.160076601066,0.409694555112882,"cat3: dropped 1 empty level(s)"
"bace","rubin_types_mixed_BM_l1_r0.5_mcar0.3_n300_M20_s67",300,1,0.5,67,TRUE,1,0.25,1.32601257020733,393.831899026465,0.432392273402675,""
"bace","rubin_types_mixed_BM_l1_r0.5_mcar0.3_n300_M20_s69",300,1,0.5,69,TRUE,1,0.428571428571428,1.34548838362734,525.352243698352,0.436270939548434,"ord: dropped 1 empty level(s);cat3: dropped 1 empty level(s)"
"bace","rubin_types_mixed_BM_l1_r0.5_mcar0.3_n300_M20_s70",300,1,0.5,70,TRUE,1,0.0288329664266599,1.05412588730037,62.8453300688672,0.543831168831169,"ord: dropped 1 empty level(s)"
"bace","rubin_types_mixed_BM_l1_r0.5_mcar0.3_n300_M20_s71",300,1,0.5,71,TRUE,1,0.0159680638722556,2.64828874859274,635.660018626843,0.40241935483871,"ord: dropped 2 empty level(s);cat3: dropped 1 empty level(s)"
"bace","rubin_types_mixed_BM_l1_r0.5_mcar0.3_n300_M20_s72",300,1,0.5,72,TRUE,1,0.0628347239074404,1.95994485162502,820.622327666586,0.346613545816733,"cat3: dropped 1 empty level(s)"
"bace","rubin_types_mixed_BM_l1_r0.5_mcar0.3_n300_M20_s73",300,1,0.5,73,TRUE,1,0.803513838333414,0.885917932208306,126.176988769536,0.484893511639425,""
"bace","rubin_types_mixed_BM_l1_r0.5_mcar0.3_n300_M20_s74",300,1,0.5,74,TRUE,1,0.0243902439024391,3.14054099636617,582.849346166285,0.345229424617626,"ord: dropped 1 empty level(s);cat3: dropped 1 empty level(s)"
"bace","rubin_types_mixed_BM_l1_r0.5_mcar0.3_n300_M20_s75",300,1,0.5,75,TRUE,1,0.0476190476190476,1.60426464580444,490.125489170188,0.452922077922078,"ord: dropped 1 empty level(s)"
"bace","rubin_types_mixed_BM_l1_r0.5_mcar0.3_n300_M20_s76",300,1,0.5,76,TRUE,1,0.0810810810810811,1.27441457026584,289.816828660492,0.425458147597821,""
"bace","rubin_types_mixed_BM_l1_r0.5_mcar0.3_n300_M20_s77",300,1,0.5,77,TRUE,1,0.168224299065421,1.24442596571451,75.7320029804163,0.519564140663695,""
"bace","rubin_types_mixed_BM_l1_r0.5_mcar0.3_n300_M20_s78",300,1,0.5,78,TRUE,1,0.0833333333333332,1.7061470388875,797.54109227361,0.318725099601594,"cat3: dropped 1 empty level(s)"
"bace","rubin_types_mixed_BM_l1_r0.5_mcar0.3_n300_M20_s79",300,1,0.5,79,FALSE,1,0.1,1.68685182800727,353.155279098469,0.430411094601288,""
"bace","rubin_types_mixed_BM_l1_r0.5_mcar0.3_n300_M20_s80",300,1,0.5,80,TRUE,1,1,1.88821756436617,111.414521267793,0.4962852897474,""
"bace","rubin_types_mixed_BM_l1_r0.5_mcar0.3_n300_M20_s81",300,1,0.5,81,TRUE,1,0.019027429495954,2.45984007424162,297.993812816429,0.434373452204061,""
"bace","rubin_types_mixed_BM_l1_r0.5_mcar0.3_n300_M20_s82",300,1,0.5,82,TRUE,1,0.0434782608695653,1.70715920627167,192.089760391712,0.466450216450216,"ord: dropped 1 empty level(s)"
"bace","rubin_types_mixed_BM_l1_r0.5_mcar0.3_n300_M20_s83",300,1,0.5,83,TRUE,1,0.0740740740740742,1.56412744657335,381.581864382493,0.41802872709262,""
"bace","rubin_types_mixed_BM_l1_r0.5_mcar0.3_n300_M20_s84",300,1,0.5,84,TRUE,1,0.2,1.57370337119414,141.078594747224,0.472511144130758,""
"bace","rubin_types_mixed_BM_l1_r0.5_mcar0.3_n300_M20_s85",300,1,0.5,85,TRUE,1,0.410409655413113,1.18363608231099,44.2293544727366,0.587419514611194,""
"bace","rubin_types_mixed_BM_l1_r0.5_mcar0.3_n300_M20_s86",300,1,0.5,86,TRUE,1,0.00307989078328971,2.81007705089444,277.134580573462,0.451401311866428,"ord: dropped 2 empty level(s)"
"bace","rubin_types_mixed_BM_l1_r0.5_mcar0.3_n300_M20_s88",300,1,0.5,88,FALSE,1,0.00537374760674923,1.19282533696001,289.749645092557,0.448241703813769,""
"bace","rubin_types_mixed_BM_l1_r0.5_mcar0.3_n300_M20_s89",300,1,0.5,89,TRUE,1,0.222222222222222,0.91694269120338,120.942138003114,0.483902922238732,""
"bace","rubin_types_mixed_BM_l1_r0.5_mcar0.3_n300_M20_s90",300,1,0.5,90,TRUE,1,0.533928970390535,0.688784115715052,223.796190563127,0.456166419019316,""
"bace","rubin_types_mixed_BM_l1_r0.5_mcar0.3_n300_M20_s91",300,1,0.5,91,TRUE,1,0.000592872953029489,1.77029090822929,153.340039851582,0.476473501733531,""
"bace","rubin_types_mixed_BM_l1_r0.5_mcar0.3_n300_M20_s92",300,1,0.5,92,TRUE,1,0.00798497443439746,2.3387980180005,194.475344938756,0.470529965329371,""
"bace","rubin_types_mixed_BM_l1_r0.5_mcar0.3_n300_M20_s93",300,1,0.5,93,TRUE,1,0.0434782608695652,1.45691447798476,116.210043665839,0.492965367965368,"ord: dropped 1 empty level(s)"
"bace","rubin_types_mixed_BM_l1_r0.5_mcar0.3_n300_M20_s94",300,1,0.5,94,TRUE,1,0.0454545454545454,2.35862493199223,227.970647632655,0.441307578008915,""
"bace","rubin_types_mixed_BM_l1_r0.5_mcar0.3_n300_M20_s95",300,1,0.5,95,TRUE,1,0.0205403077030205,0.738166463294977,236.337793045088,0.444223107569721,"cat3: dropped 1 empty level(s)"
"bace","rubin_types_mixed_BM_l1_r0.5_mcar0.3_n300_M20_s96",300,1,0.5,96,TRUE,1,0.00606060606060604,1.36823382795203,138.171427025506,0.479978354978355,"ord: dropped 1 empty level(s)"
"bace","rubin_types_mixed_BM_l1_r0.5_mcar0.3_n300_M20_s97",300,1,0.5,97,FALSE,1,0.5,3.1072279209342,194.439071843106,0.446428571428571,"ord: dropped 1 empty level(s)"
"bace","rubin_types_mixed_BM_l1_r0.5_mcar0.3_n300_M20_s98",300,1,0.5,98,TRUE,1,0.0181818181818181,1.47437855137278,349.964197053252,0.421495789995047,""
"bace","rubin_types_mixed_BM_l1_r0.5_mcar0.3_n300_M20_s99",300,1,0.5,99,TRUE,1,0.0425531914893618,2.76180752009678,260.528369665216,0.465367965367965,"ord: dropped 1 empty level(s)"
"bace","rubin_types_mixed_BM_l0.3_r0_mcar0.3_n1000_M20_s31",1000,0.3,0,31,FALSE,1,0.662761559706401,45.6691702179646,1600,0.00396235760277365,""
"bace","rubin_types_mixed_BM_l0.3_r0_mcar0.3_n1000_M20_s32",1000,0.3,0,32,TRUE,1,0.42603589778316,43.4927463469057,1600,0.00396235760277365,""
"bace","rubin_types_mixed_BM_l0.3_r0_mcar0.3_n1000_M20_s33",1000,0.3,0,33,FALSE,1,1.25655781822361,39.0367582844247,1600,0.00445765230312036,""
"bace","rubin_types_mixed_BM_l0.3_r0_mcar0.3_n1000_M20_s34",1000,0.3,0,34,FALSE,1,0.192307692307692,59.2176877138655,1600,0.00198117880138683,""
"bace","rubin_types_mixed_BM_l0.3_r0_mcar0.3_n1000_M20_s35",1000,0.3,0,35,FALSE,1,1.2699342977324,56.552411660578,1600,0.00594353640416048,""
"bace","rubin_types_mixed_BM_l0.3_r0_mcar0.3_n1000_M20_s36",1000,0.3,0,36,FALSE,1,0.28241445763591,33.7612905556335,1600,0.00445765230312036,""
"bace","rubin_types_mixed_BM_l0.3_r0_mcar0.3_n1000_M20_s37",1000,0.3,0,37,TRUE,1,0.0884353741496599,46.1447146209353,1600,0.00594353640416048,""
"bace","rubin_types_mixed_BM_l0.3_r0_mcar0.3_n1000_M20_s38",1000,0.3,0,38,FALSE,1,3.34526408541149,72.6551217606493,1600,0.00148588410104012,""
"bace","rubin_types_mixed_BM_l0.3_r0_mcar0.3_n1000_M20_s39",1000,0.3,0,39,FALSE,1,0.241568422856099,37.9625678844552,1600,0.0079247152055473,""
"bace","rubin_types_mixed_BM_l0.3_r0_mcar0.3_n1000_M20_s40",1000,0.3,0,40,FALSE,1,1.38987704738472,64.7146567723074,1600,0.00495294700346706,""
"bace","rubin_types_mixed_BM_l0.3_r0.5_mcar0.3_n1000_M20_s31",1000,0.3,0.5,31,TRUE,1,0.0322580645161291,50.6934692109146,1600,0.00297176820208024,""
"bace","rubin_types_mixed_BM_l0.3_r0.5_mcar0.3_n1000_M20_s32",1000,0.3,0.5,32,TRUE,1,0.0266241402764889,60.3602554100323,1600,0.00198117880138683,""
"bace","rubin_types_mixed_BM_l0.3_r0.5_mcar0.3_n1000_M20_s33",1000,0.3,0.5,33,TRUE,1,0.2787062840545,64.593628755223,1600,0.000990589400693413,""
"bace","rubin_types_mixed_BM_l0.3_r0.5_mcar0.3_n1000_M20_s34",1000,0.3,0.5,34,TRUE,1,0.0522388059701492,82.4297062308422,1600,0.000495294700346706,""
"bace","rubin_types_mixed_BM_l0.3_r0.5_mcar0.3_n1000_M20_s35",1000,0.3,0.5,35,TRUE,1,0.0303030303030303,77.6265415271847,1600,0.00247647350173353,""
"bace","rubin_types_mixed_BM_l0.3_r0.5_mcar0.3_n1000_M20_s36",1000,0.3,0.5,36,FALSE,1,0.01117318607039,64.1386984268531,1600,0.00148588410104012,""
"bace","rubin_types_mixed_BM_l0.3_r0.5_mcar0.3_n1000_M20_s37",1000,0.3,0.5,37,TRUE,1,0.0567375886524823,58.0433757211088,1600,0.00148588410104012,""
"bace","rubin_types_mixed_BM_l0.3_r0.5_mcar0.3_n1000_M20_s38",1000,0.3,0.5,38,TRUE,1,0.408703155677032,81.0440632569628,1600,0.00148588410104012,""
"bace","rubin_types_mixed_BM_l0.3_r0.5_mcar0.3_n1000_M20_s39",1000,0.3,0.5,39,TRUE,1,0.0179640718562874,40.8181945468698,1600,0.00346706290242694,""
"bace","rubin_types_mixed_BM_l0.3_r0.5_mcar0.3_n1000_M20_s40",1000,0.3,0.5,40,FALSE,1,0.178510299154632,41.7024650593131,1600,0.00247647350173353,""
"bace","rubin_types_mixed_BM_l0.7_r0_mcar0.3_n1000_M20_s31",1000,0.7,0,31,FALSE,1,0.0872203699421665,1.05522969134594,1510.65085775934,0.108964834076275,""
"bace","rubin_types_mixed_BM_l0.7_r0_mcar0.3_n1000_M20_s32",1000,0.7,0,32,FALSE,1,0.117707985594022,3.04801951743686,1408.52075757546,0.0950965824665676,""
"bace","rubin_types_mixed_BM_l0.7_r0_mcar0.3_n1000_M20_s33",1000,0.7,0,33,FALSE,1,0.12899453492202,27.1091423487468,1600,0.00346706290242694,""
"bace","rubin_types_mixed_BM_l0.7_r0_mcar0.3_n1000_M20_s34",1000,0.7,0,34,TRUE,1,0.081081081081081,80.7634690601363,1600,0.00247647350173353,""
"bace","rubin_types_mixed_BM_l0.7_r0_mcar0.3_n1000_M20_s35",1000,0.7,0,35,FALSE,1,0.32,44.5366688798693,1600,0.00396235760277365,""
"bace","rubin_types_mixed_BM_l0.7_r0_mcar0.3_n1000_M20_s36",1000,0.7,0,36,FALSE,1,0.147201357678952,46.9978316009675,1600,0.00544824170381377,""
"bace","rubin_types_mixed_BM_l0.7_r0_mcar0.3_n1000_M20_s37",1000,0.7,0,37,FALSE,1,0.0459770114942528,45.1035872703312,1600,0.000990589400693413,""
"bace","rubin_types_mixed_BM_l0.7_r0_mcar0.3_n1000_M20_s38",1000,0.7,0,38,FALSE,1,4.05615022235438,86.5080770203444,1600,0.000990589400693413,""
"bace","rubin_types_mixed_BM_l0.7_r0_mcar0.3_n1000_M20_s39",1000,0.7,0,39,TRUE,1,0.153846153846154,42.6001538441286,1600,0.00396235760277365,""
"bace","rubin_types_mixed_BM_l0.7_r0_mcar0.3_n1000_M20_s40",1000,0.7,0,40,TRUE,1,0.0909090909090909,47.0103426514154,1600,0.00247647350173353,""
"bace","rubin_types_mixed_BM_l1_r0_mcar0.3_n1000_M20_s100",1000,1,0,100,TRUE,1,0.032258064516129,3.01001532642525,299.052508085434,0.350668647845468,""
"bace","rubin_types_mixed_BM_l1_r0_mcar0.3_n1000_M20_s87",1000,1,0,87,TRUE,1,0.0176430136631796,0.694696019100094,376.592177069281,0.346201743462017,"bin: left out (1 observed class)"
"bace","rubin_types_mixed_BM_l1_r0_mcar0.3_n1000_M20_s88",1000,1,0,88,TRUE,1,0.0277777777777777,1.90368092244295,165.633231703066,0.441017316017316,"ord: dropped 1 empty level(s)"
"bace","rubin_types_mixed_BM_l1_r0_mcar0.3_n1000_M20_s89",1000,1,0,89,TRUE,1,0.00552486187845298,1.71084350272533,410.476076074063,0.362060425953442,""
"bace","rubin_types_mixed_BM_l1_r0_mcar0.3_n1000_M20_s90",1000,1,0,90,TRUE,1,0.011764705882353,1.40315678035207,366.410335072231,0.419372294372294,"ord: dropped 1 empty level(s)"
"bace","rubin_types_mixed_BM_l1_r0_mcar0.3_n1000_M20_s91",1000,1,0,91,TRUE,1,0.009433962264151,2.09057884848239,264.370688881345,0.386825160970778,""
"bace","rubin_types_mixed_BM_l1_r0_mcar0.3_n1000_M20_s92",1000,1,0,92,TRUE,1,0.0298779282158096,2.05834994989798,287.626823685345,0.397226349678058,""
"bace","rubin_types_mixed_BM_l1_r0_mcar0.3_n1000_M20_s93",1000,1,0,93,TRUE,1,0.0217391304347826,2.79269819469073,263.68069984177,0.358593363051015,""
"bace","rubin_types_mixed_BM_l1_r0_mcar0.3_n1000_M20_s94",1000,1,0,94,TRUE,1,0.00648771071360792,1.82053280510245,447.14653003812,0.300801165331391,"ord: dropped 1 empty level(s);cat3: dropped 1 empty level(s)"
"bace","rubin_types_mixed_BM_l1_r0_mcar0.3_n1000_M20_s95",1000,1,0,95,TRUE,1,0.0129870129870131,1.44307940552804,324.25694870393,0.395740465577018,""
"bace","rubin_types_mixed_BM_l1_r0_mcar0.3_n1000_M20_s96",1000,1,0,96,TRUE,1,0.00826446280991741,1.7049149656186,689.174177046452,0.358766233766234,"ord: dropped 1 empty level(s)"
"bace","rubin_types_mixed_BM_l1_r0_mcar0.3_n1000_M20_s97",1000,1,0,97,TRUE,1,0.00411522633744852,2.72175732406158,281.828708547374,0.422981674096087,""
"bace","rubin_types_mixed_BM_l1_r0_mcar0.3_n1000_M20_s98",1000,1,0,98,TRUE,1,0.00729927007299275,3.20539452392767,596.038111032362,0.316096139839767,"ord: dropped 1 empty level(s);cat3: dropped 1 empty level(s)"
"bace","rubin_types_mixed_BM_l1_r0.5_mcar0.3_n1000_M20_s61",1000,1,0.5,61,TRUE,1,333333.333333333,1.26696004531094,645.672685257151,0.362709395484341,"ord: dropped 1 empty level(s);cat3: dropped 1 empty level(s)"
"bace","rubin_types_mixed_BM_l1_r0.5_mcar0.3_n1000_M20_s62",1000,1,0.5,62,TRUE,1,0.00746268656716423,2.35583407129444,360.194804433064,0.345779220779221,"ord: dropped 1 empty level(s)"
"bace","rubin_types_mixed_BM_l1_r0.5_mcar0.3_n1000_M20_s63",1000,1,0.5,63,TRUE,1,0.0256410256410256,2.24125026407371,513.811132302616,0.347201584943041,""
"bace","rubin_types_mixed_BM_l1_r0.5_mcar0.3_n1000_M20_s64",1000,1,0.5,64,TRUE,1,0.2,1.83491299648608,202.660783163371,0.382862803368004,""
"bace","rubin_types_mixed_BM_l1_r0.5_mcar0.3_n1000_M20_s65",1000,1,0.5,65,TRUE,1,0.00578034682080919,2.25661326228276,361.942114800184,0.388806339772164,""
"bace","rubin_types_mixed_BM_l1_r0.5_mcar0.3_n1000_M20_s66",1000,1,0.5,66,TRUE,1,0.00437809957174106,1.0448553868303,78.2163948686641,0.533008658008658,"ord: dropped 1 empty level(s)"
"bace","rubin_types_mixed_BM_l1_r0.5_mcar0.3_n1000_M20_s67",1000,1,0.5,67,TRUE,1,0.00326371527162493,3.57460457137802,290.801138393442,0.328875681030213,""
"bace","rubin_types_mixed_BM_l1_r0.5_mcar0.3_n1000_M20_s68",1000,1,0.5,68,TRUE,1,0.0526315789473685,2.17632219207054,465.251167181273,0.364041604754829,""
"bace","rubin_types_mixed_BM_l1_r0.5_mcar0.3_n1000_M20_s69",1000,1,0.5,69,TRUE,1,0.011035425042277,1.16560325819477,423.854528178143,0.411094601287766,""
"bace","rubin_types_mixed_BM_l1_r0.5_mcar0.3_n1000_M20_s71",1000,1,0.5,71,TRUE,1,0.0140845070422535,1.22214128498184,329.382030067659,0.341258048538881,""
"bace","rubin_types_mixed_BM_l1_r0.5_mcar0.3_n1000_M20_s72",1000,1,0.5,72,TRUE,1,0.023809523809524,1.98141248915038,257.924900671012,0.401684001981179,""
"bace","rubin_types_mixed_BM_l1_r0.5_mcar0.3_n1000_M20_s74",1000,1,0.5,74,TRUE,1,0.00281491907107677,1.29082252893249,423.532755450794,0.369588744588745,"ord: dropped 1 empty level(s)"
"bace","rubin_types_mixed_BM_l1_r0.5_mcar0.3_n1000_M20_s75",1000,1,0.5,75,TRUE,1,0.125,1.26427671969414,224.666527389349,0.414502164502164,"ord: dropped 1 empty level(s)"
"bace","rubin_types_mixed_BM_l1_r0.5_mcar0.3_n1000_M20_s76",1000,1,0.5,76,TRUE,1,0.00283553875236289,1.72283112442846,230.010064874494,0.409090909090909,"ord: dropped 1 empty level(s)"
"bace","rubin_types_mixed_BM_l1_r0.5_mcar0.3_n1000_M20_s78",1000,1,0.5,78,TRUE,1,0.0207373271889401,1.39812220145654,235.809597336124,0.36998514115899,""
"bace","rubin_types_mixed_BM_l1_r0.5_mcar0.3_n1000_M20_s79",1000,1,0.5,79,TRUE,1,0.0147058823529412,2.20949369465749,235.480807436122,0.384348687469044,""
"bace","rubin_types_mixed_BM_l1_r0.5_mcar0.3_n1000_M20_s80",1000,1,0.5,80,TRUE,1,0.012484697078064,3.0366863214645,398.855397680401,0.319465081723626,""
"bace","rubin_types_mixed_BM_l1_r0.5_mcar0.3_n1000_M20_s81",1000,1,0.5,81,TRUE,1,0.00463892582436673,1.26164681789184,300.771517133026,0.402597402597403,"ord: dropped 1 empty level(s)"
"bace","rubin_types_mixed_BM_l1_r0.5_mcar0.3_n1000_M20_s82",1000,1,0.5,82,TRUE,1,0.0219780219780219,3.17868849203277,575.840587277205,0.349678058444775,""
"bace","rubin_types_mixed_BM_l1_r0.5_mcar0.3_n1000_M20_s83",1000,1,0.5,83,TRUE,1,0.00641025641025634,1.66463136681489,350.960126853278,0.393759286775631,""
"bace","rubin_types_mixed_BM_l1_r0.5_mcar0.3_n1000_M20_s84",1000,1,0.5,84,TRUE,1,0.0150375939849625,2.28907298814444,288.977990758147,0.363744782349434,"ord: dropped 2 empty level(s)"
"bace","rubin_types_mixed_BM_l1_r0.5_mcar0.3_n1000_M20_s85",1000,1,0.5,85,TRUE,1,0.0188679245283019,2.51857319042213,301.648377458402,0.339276869737494,""
"bace","rubin_types_mixed_BM_l1_r0.5_mcar0.3_n1000_M20_s86",1000,1,0.5,86,TRUE,1,0.00209973753280831,1.00503255722559,245.268727811526,0.391778107974245,""
