"job_id","cell_id","rep","missing_mechanism","g6_mar_label","family","n_species","phylo_lambda","miss_frac","seed","candidate_sha","driver_sha","hostname","lambda_mode","fit_ok","fit_sec","blend_loss","baseline_loss","paired_delta","r_cal_gnn_mean","gate_open_frac","floor_fired","error"
162,162,1,"MNAR",FALSE,"F1",100,0.2,0.1,46201,"6fddd79","HEAD","totoro","fixed_1",TRUE,72.017,0.916951175279718,0.925954481244076,-0.00900330596435828,0.1375,0.25,TRUE,NA
163,163,1,"MNAR",FALSE,"F2",100,0.2,0.1,46301,"6fddd79","HEAD","totoro","fixed_1",TRUE,65.227,0.886351480165505,0.966016751687283,-0.0796652715217775,0.5,0.5,TRUE,NA
164,164,1,"MNAR",FALSE,"F3",100,0.2,0.1,46401,"6fddd79","HEAD","totoro","fixed_1",TRUE,64.357,0.868579790850426,0.8190856450072,0.0494941458432254,0,0,TRUE,NA
165,165,1,"MNAR",FALSE,"F1",300,0.2,0.1,46501,"6fddd79","HEAD","totoro","fixed_1",TRUE,90.892,0.906683359979785,0.90959666605075,-0.00291330607096518,0.25,0.25,TRUE,NA
166,166,1,"MNAR",FALSE,"F2",300,0.2,0.1,46601,"6fddd79","HEAD","totoro","fixed_1",TRUE,91.871,0.862870183289334,0.93407243086144,-0.0712022475721055,0.597222222222222,0.75,FALSE,NA
167,167,1,"MNAR",FALSE,"F3",300,0.2,0.1,46701,"6fddd79","HEAD","totoro","fixed_1",TRUE,92.273,0.739802974087284,0.77566769950096,-0.0358647254136761,0.166666666666667,0.166666666666667,TRUE,NA
168,168,1,"MNAR",FALSE,"F1",1000,0.2,0.1,46801,"6fddd79","HEAD","totoro","fixed_1",TRUE,516.427,0.9887337756004,0.991158735793782,-0.00242496019338179,0.166666666666667,0.25,FALSE,NA
169,169,1,"MNAR",FALSE,"F2",1000,0.2,0.1,46901,"6fddd79","HEAD","totoro","fixed_1",TRUE,507.42,0.931836183073347,0.932462131266593,-0.000625948193245129,0.208333333333333,0.5,FALSE,NA
170,170,1,"MNAR",FALSE,"F3",1000,0.2,0.1,47001,"6fddd79","HEAD","totoro","fixed_1",TRUE,505.024,0.720416129832222,0.727047558380726,-0.00663142854850407,0.333333333333333,0.333333333333333,TRUE,NA
171,171,1,"MNAR",FALSE,"F1",100,0.5,0.1,47101,"6fddd79","HEAD","totoro","fixed_1",TRUE,64.273,0.936359072243954,0.887524986451771,0.0488340857921836,0,0,TRUE,NA
172,172,1,"MNAR",FALSE,"F2",100,0.5,0.1,47201,"6fddd79","HEAD","totoro","fixed_1",TRUE,65.174,0.792209786123844,0.780797897068649,0.011411889055195,0.25,0.25,FALSE,NA
173,173,1,"MNAR",FALSE,"F3",100,0.5,0.1,47301,"6fddd79","HEAD","totoro","fixed_1",TRUE,67.049,0.793633320814557,0.839844856702557,-0.0462115358880005,0.166666666666667,0.166666666666667,TRUE,NA
174,174,1,"MNAR",FALSE,"F1",300,0.5,0.1,47401,"6fddd79","HEAD","totoro","fixed_1",TRUE,88.564,0.765501073864902,0.7655010737443,1.20601972852796e-10,0,0,FALSE,NA
175,175,1,"MNAR",FALSE,"F2",300,0.5,0.1,47501,"6fddd79","HEAD","totoro","fixed_1",TRUE,84.211,0.856913916411788,0.931757525964252,-0.0748436095524643,0.5,0.5,FALSE,NA
176,176,1,"MNAR",FALSE,"F3",300,0.5,0.1,47601,"6fddd79","HEAD","totoro","fixed_1",TRUE,83.986,0.824704038432603,0.738068025072344,0.0866360133602587,0,0,TRUE,NA
177,177,1,"MNAR",FALSE,"F1",1000,0.5,0.1,47701,"6fddd79","HEAD","totoro","fixed_1",TRUE,483.013,0.910734825439922,0.910734826754631,-1.31470823117041e-09,0,0,FALSE,NA
178,178,1,"MNAR",FALSE,"F2",1000,0.5,0.1,47801,"6fddd79","HEAD","totoro","fixed_1",TRUE,468.769,0.806839490471451,0.849581828832201,-0.0427423383607497,0.6,0.75,FALSE,NA
179,179,1,"MNAR",FALSE,"F3",1000,0.5,0.1,47901,"6fddd79","HEAD","totoro","fixed_1",TRUE,486.401,0.716273964509067,0.684943526726564,0.0313304377825031,0,0,TRUE,NA
180,180,1,"MNAR",FALSE,"F1",100,1,0.1,48001,"6fddd79","HEAD","totoro","fixed_1",TRUE,65.535,0.920477668187902,0.906767267851772,0.0137104003361298,0,0,FALSE,NA
181,181,1,"MNAR",FALSE,"F2",100,1,0.1,48101,"6fddd79","HEAD","totoro","fixed_1",TRUE,66.486,0.4462747728329,0.578873024011547,-0.132598251178647,0.425,0.5,TRUE,NA
182,182,1,"MNAR",FALSE,"F3",100,1,0.1,48201,"6fddd79","HEAD","totoro","fixed_1",TRUE,63.995,0.539849708728707,0.61384067793092,-0.0739909692022132,0.171296296296296,0.666666666666667,TRUE,NA
183,183,1,"MNAR",FALSE,"F1",300,1,0.1,48301,"6fddd79","HEAD","totoro","fixed_1",TRUE,86.017,0.468720133810033,0.461548002971162,0.00717213083887153,0.25,0.25,FALSE,NA
184,184,1,"MNAR",FALSE,"F2",300,1,0.1,48401,"6fddd79","HEAD","totoro","fixed_1",TRUE,85.882,0.528898399690994,0.557520968586726,-0.0286225688957318,0.636842105263158,0.75,FALSE,NA
185,185,1,"MNAR",FALSE,"F3",300,1,0.1,48501,"6fddd79","HEAD","totoro","fixed_1",TRUE,83.085,0.427006291373106,0.435687004113283,-0.00868071274017745,0.166666666666667,0.166666666666667,FALSE,NA
186,186,1,"MNAR",FALSE,"F1",1000,1,0.1,48601,"6fddd79","HEAD","totoro","fixed_1",TRUE,518.77,0.423862940234014,0.422739222013523,0.00112371822049162,0.3,0.5,FALSE,NA
187,187,1,"MNAR",FALSE,"F2",1000,1,0.1,48701,"6fddd79","HEAD","totoro","fixed_1",TRUE,520.42,0.622739722516154,0.639841969776865,-0.017102247260711,0.6125,0.75,FALSE,NA
188,188,1,"MNAR",FALSE,"F3",1000,1,0.1,48801,"6fddd79","HEAD","totoro","fixed_1",TRUE,453.113,0.375485730388534,0.368286532548166,0.00719919784036827,0.15,0.166666666666667,FALSE,NA
189,189,1,"MNAR",FALSE,"F1",100,0.2,0.3,48901,"6fddd79","HEAD","totoro","fixed_1",TRUE,66.757,1.05527487219339,1.04577154254124,0.00950332965215694,0.21875,0.25,TRUE,NA
190,190,1,"MNAR",FALSE,"F2",100,0.2,0.3,49001,"6fddd79","HEAD","totoro","fixed_1",TRUE,66.418,0.960758476447722,0.959774800578996,0.000983675868725498,0.25,0.25,TRUE,NA
191,191,1,"MNAR",FALSE,"F3",100,0.2,0.3,49101,"6fddd79","HEAD","totoro","fixed_1",TRUE,65.559,0.774219676562388,0.70248393055391,0.0717357460084782,0,0,TRUE,NA
192,192,1,"MNAR",FALSE,"F1",300,0.2,0.3,49201,"6fddd79","HEAD","totoro","fixed_1",TRUE,79.626,1.04210204235234,1.05185215727561,-0.00975011492327083,0.25,0.25,FALSE,NA
193,193,1,"MNAR",FALSE,"F2",300,0.2,0.3,49301,"6fddd79","HEAD","totoro","fixed_1",TRUE,90.81,0.896257027923406,0.929457609792567,-0.0332005818691611,0.5,0.5,TRUE,NA
194,194,1,"MNAR",FALSE,"F3",300,0.2,0.3,49401,"6fddd79","HEAD","totoro","fixed_1",TRUE,84.309,0.753234234497285,0.76745845542593,-0.0142242209286451,0,0,TRUE,NA
195,195,1,"MNAR",FALSE,"F1",1000,0.2,0.3,49501,"6fddd79","HEAD","totoro","fixed_1",TRUE,322.852,0.990804235684126,0.992436931635773,-0.0016326959516465,0.375,0.5,FALSE,NA
196,196,1,"MNAR",FALSE,"F2",1000,0.2,0.3,49601,"6fddd79","HEAD","totoro","fixed_1",TRUE,319.807,0.991555689682797,1.02861421803455,-0.0370585283517478,0.725,0.75,FALSE,NA
197,197,1,"MNAR",FALSE,"F3",1000,0.2,0.3,49701,"6fddd79","HEAD","totoro","fixed_1",TRUE,344.106,0.718180039399398,0.72849760418375,-0.0103175647843516,0.166666666666667,0.166666666666667,TRUE,NA
198,198,1,"MNAR",FALSE,"F1",100,0.5,0.3,49801,"6fddd79","HEAD","totoro","fixed_1",TRUE,65.38,0.950060606378833,0.970562249271315,-0.0205016428924828,0.2875,0.5,TRUE,NA
199,199,1,"MNAR",FALSE,"F2",100,0.5,0.3,49901,"6fddd79","HEAD","totoro","fixed_1",TRUE,74.146,0.759379119117501,0.880367199358179,-0.120988080240678,0.5,0.5,TRUE,NA
200,200,1,"MNAR",FALSE,"F3",100,0.5,0.3,50001,"6fddd79","HEAD","totoro","fixed_1",TRUE,66.944,0.803919998137523,0.874919656783759,-0.0709996586462354,0.166666666666667,0.166666666666667,TRUE,NA
201,201,1,"MNAR",FALSE,"F1",300,0.5,0.3,50101,"6fddd79","HEAD","totoro","fixed_1",TRUE,78.976,0.810765969046774,0.834685851103607,-0.023919882056833,0.592105263157895,0.75,FALSE,NA
202,202,1,"MNAR",FALSE,"F2",300,0.5,0.3,50201,"6fddd79","HEAD","totoro","fixed_1",TRUE,80.06,0.992102519658592,0.997812189165166,-0.00570966950657348,0.382352941176471,0.5,FALSE,NA
203,203,1,"MNAR",FALSE,"F3",300,0.5,0.3,50301,"6fddd79","HEAD","totoro","fixed_1",TRUE,81.425,0.695378558290319,0.726804355713504,-0.0314257974231853,0.141666666666667,0.333333333333333,TRUE,NA
204,204,1,"MNAR",FALSE,"F1",1000,0.5,0.3,50401,"6fddd79","HEAD","totoro","fixed_1",TRUE,353.218,0.92497162415237,0.926302291848911,-0.00133066769654144,0.171052631578947,0.25,FALSE,NA
205,205,1,"MNAR",FALSE,"F2",1000,0.5,0.3,50501,"6fddd79","HEAD","totoro","fixed_1",TRUE,338.277,0.905472627461017,0.937691722848777,-0.0322190953877598,0.5,0.5,FALSE,NA
206,206,1,"MNAR",FALSE,"F3",1000,0.5,0.3,50601,"6fddd79","HEAD","totoro","fixed_1",TRUE,352.542,0.632196463676086,0.656005987235682,-0.0238095235595955,0.05,0.5,FALSE,NA
207,207,1,"MNAR",FALSE,"F1",100,1,0.3,50701,"6fddd79","HEAD","totoro","fixed_1",TRUE,61.921,0.701677090919788,0.71906406886936,-0.0173869779495718,0.25,0.25,FALSE,NA
208,208,1,"MNAR",FALSE,"F2",100,1,0.3,50801,"6fddd79","HEAD","totoro","fixed_1",TRUE,64.467,0.692766606715379,0.706757032746209,-0.01399042603083,0.3875,0.5,FALSE,NA
209,209,1,"MNAR",FALSE,"F3",100,1,0.3,50901,"6fddd79","HEAD","totoro","fixed_1",TRUE,67.493,0.49873101895538,0.463122415717208,0.0356086032381724,0,0,TRUE,NA
210,210,1,"MNAR",FALSE,"F1",300,1,0.3,51001,"6fddd79","HEAD","totoro","fixed_1",TRUE,75.372,0.650713089837409,0.645621755246739,0.00509133459067057,0.0138888888888889,0.25,FALSE,NA
211,211,1,"MNAR",FALSE,"F2",300,1,0.3,51101,"6fddd79","HEAD","totoro","fixed_1",TRUE,78.618,0.616560083945587,0.624932651202503,-0.00837256725691582,0.45,0.5,FALSE,NA
212,212,1,"MNAR",FALSE,"F3",300,1,0.3,51201,"6fddd79","HEAD","totoro","fixed_1",TRUE,80.84,0.564519169596474,0.559010790234174,0.00550837936229986,0,0,TRUE,NA
213,213,1,"MNAR",FALSE,"F1",1000,1,0.3,51301,"6fddd79","HEAD","totoro","fixed_1",TRUE,408.917,0.491663837538304,0.49166384000992,-2.47161624500336e-09,0,0,FALSE,NA
214,214,1,"MNAR",FALSE,"F2",1000,1,0.3,51401,"6fddd79","HEAD","totoro","fixed_1",TRUE,359.354,0.49587699592725,0.533581196419845,-0.0377042004925955,0.5,0.5,FALSE,NA
215,215,1,"MNAR",FALSE,"F3",1000,1,0.3,51501,"6fddd79","HEAD","totoro","fixed_1",TRUE,347.683,0.477889746001509,0.477363868834203,0.000525877167306454,0.120175438596491,0.666666666666667,FALSE,NA
216,216,1,"MNAR",FALSE,"F1",100,0.2,0.5,51601,"6fddd79","HEAD","totoro","fixed_1",TRUE,66.163,0.888332246620863,0.864337787250914,0.023994459369949,0,0,TRUE,NA
217,217,1,"MNAR",FALSE,"F2",100,0.2,0.5,51701,"6fddd79","HEAD","totoro","fixed_1",TRUE,69.039,0.780216232449165,0.870333450545,-0.0901172180958358,0.35,0.5,TRUE,NA
218,218,1,"MNAR",FALSE,"F3",100,0.2,0.5,51801,"6fddd79","HEAD","totoro","fixed_1",TRUE,67.365,0.823750050949577,0.807104458627714,0.016645592321863,0,0,TRUE,NA
219,219,1,"MNAR",FALSE,"F1",300,0.2,0.5,51901,"6fddd79","HEAD","totoro","fixed_1",TRUE,75.147,0.935232675812055,0.93718357164379,-0.00195089583173536,0.222222222222222,0.25,TRUE,NA
220,220,1,"MNAR",FALSE,"F2",300,0.2,0.5,52001,"6fddd79","HEAD","totoro","fixed_1",TRUE,78.673,0.845794668145739,0.875965231993501,-0.0301705638477621,0.25,0.25,TRUE,NA
221,221,1,"MNAR",FALSE,"F3",300,0.2,0.5,52101,"6fddd79","HEAD","totoro","fixed_1",TRUE,80.653,0.647493752990601,0.637200910484367,0.0102928425062339,0,0,TRUE,NA
222,222,1,"MNAR",FALSE,"F1",1000,0.2,0.5,52201,"6fddd79","HEAD","totoro","fixed_1",TRUE,263.541,0.99020787036307,0.984146711603593,0.00606115875947633,0,0,TRUE,NA
223,223,1,"MNAR",FALSE,"F2",1000,0.2,0.5,52301,"6fddd79","HEAD","totoro","fixed_1",TRUE,258.597,1.02429103784794,1.0663249019049,-0.0420338640569531,0.675,0.75,TRUE,NA
224,224,1,"MNAR",FALSE,"F3",1000,0.2,0.5,52401,"6fddd79","HEAD","totoro","fixed_1",TRUE,242.852,0.66398514378176,0.665360427081893,-0.00137528330013337,0.0583333333333333,0.166666666666667,TRUE,NA
225,225,1,"MNAR",FALSE,"F1",100,0.5,0.5,52501,"6fddd79","HEAD","totoro","fixed_1",TRUE,64.114,1.11596457663334,1.11283439370471,0.00313018292863765,0.15,0.25,TRUE,NA
226,226,1,"MNAR",FALSE,"F2",100,0.5,0.5,52601,"6fddd79","HEAD","totoro","fixed_1",TRUE,65.541,0.77243370947942,0.773442687823207,-0.0010089783437871,0.25,0.25,FALSE,NA
227,227,1,"MNAR",FALSE,"F3",100,0.5,0.5,52701,"6fddd79","HEAD","totoro","fixed_1",TRUE,65.285,0.606536941236831,0.588041188093023,0.0184957531438078,0.108333333333333,0.166666666666667,TRUE,NA
228,228,1,"MNAR",FALSE,"F1",300,0.5,0.5,52801,"6fddd79","HEAD","totoro","fixed_1",TRUE,83.171,0.84839286362375,0.845816376124831,0.00257648749891903,0.4375,0.5,FALSE,NA
229,229,1,"MNAR",FALSE,"F2",300,0.5,0.5,52901,"6fddd79","HEAD","totoro","fixed_1",TRUE,75.623,0.927572089606677,0.908063112704785,0.0195089769018926,0.367647058823529,0.5,TRUE,NA
230,230,1,"MNAR",FALSE,"F3",300,0.5,0.5,53001,"6fddd79","HEAD","totoro","fixed_1",TRUE,80.875,0.581709613109981,0.598858969694693,-0.0171493565847118,0,0,TRUE,NA
231,231,1,"MNAR",FALSE,"F1",1000,0.5,0.5,53101,"6fddd79","HEAD","totoro","fixed_1",TRUE,248.309,0.869648705988278,0.871743829597208,-0.00209512360893049,0,0,FALSE,NA
232,232,1,"MNAR",FALSE,"F2",1000,0.5,0.5,53201,"6fddd79","HEAD","totoro","fixed_1",TRUE,250.579,0.859010827039653,0.826854008362643,0.0321568186770103,0,0,FALSE,NA
233,233,1,"MNAR",FALSE,"F3",1000,0.5,0.5,53301,"6fddd79","HEAD","totoro","fixed_1",TRUE,246.445,0.70768393478254,0.722244797236365,-0.0145608624538245,0,0,TRUE,NA
234,234,1,"MNAR",FALSE,"F1",100,1,0.5,53401,"6fddd79","HEAD","totoro","fixed_1",TRUE,69.825,0.721989886903951,0.708143540529822,0.0138463463741296,0.447368421052632,0.5,FALSE,NA
235,235,1,"MNAR",FALSE,"F2",100,1,0.5,53501,"6fddd79","HEAD","totoro","fixed_1",TRUE,70.27,0.689611887380902,0.644239463218146,0.0453724241627564,0.583333333333333,0.75,FALSE,NA
236,236,1,"MNAR",FALSE,"F3",100,1,0.5,53601,"6fddd79","HEAD","totoro","fixed_1",TRUE,64.953,0.71038125031669,0.522908476114465,0.187472774202225,0,0,TRUE,NA
237,237,1,"MNAR",FALSE,"F1",300,1,0.5,53701,"6fddd79","HEAD","totoro","fixed_1",TRUE,82.064,0.478914686868021,0.46572097121439,0.0131937156536308,0.25,0.25,FALSE,NA
238,238,1,"MNAR",FALSE,"F2",300,1,0.5,53801,"6fddd79","HEAD","totoro","fixed_1",TRUE,80.741,0.777620490700915,0.778754932962061,-0.00113444226114545,0.2,0.25,FALSE,NA
239,239,1,"MNAR",FALSE,"F3",300,1,0.5,53901,"6fddd79","HEAD","totoro","fixed_1",TRUE,79.046,0.500548007228049,0.367214672935111,0.133333334292937,0,0,TRUE,NA
240,240,1,"MNAR",FALSE,"F1",1000,1,0.5,54001,"6fddd79","HEAD","totoro","fixed_1",TRUE,270.579,0.470521942305215,0.470557074859114,-3.51325538983094e-05,0.1,0.25,FALSE,NA
241,241,1,"MNAR",FALSE,"F2",1000,1,0.5,54101,"6fddd79","HEAD","totoro","fixed_1",TRUE,255.385,0.610013754015875,0.61400674827191,-0.0039929942560355,0.25,0.25,FALSE,NA
242,242,1,"MNAR",FALSE,"F3",1000,1,0.5,54201,"6fddd79","HEAD","totoro","fixed_1",TRUE,256.963,0.473788622311533,0.479133975851963,-0.00534535354042937,0.116666666666667,0.166666666666667,FALSE,NA
405,162,2,"MNAR",FALSE,"F1",100,0.2,0.1,46202,"6fddd79","HEAD","totoro","fixed_1",TRUE,64.036,1.11012149902584,1.12736913921883,-0.0172476401929884,0,0,TRUE,NA
406,163,2,"MNAR",FALSE,"F2",100,0.2,0.1,46302,"6fddd79","HEAD","totoro","fixed_1",TRUE,67.291,1.11072198858112,1.10657152159464,0.00415046698647337,0,0,TRUE,NA
407,164,2,"MNAR",FALSE,"F3",100,0.2,0.1,46402,"6fddd79","HEAD","totoro","fixed_1",TRUE,65.339,0.790043828632378,0.757774544350494,0.0322692842818844,0.0666666666666667,0.166666666666667,TRUE,NA
408,165,2,"MNAR",FALSE,"F1",300,0.2,0.1,46502,"6fddd79","HEAD","totoro","fixed_1",TRUE,89.677,0.999629753631107,1.01011799196034,-0.0104882383292353,0.375,0.5,FALSE,NA
409,166,2,"MNAR",FALSE,"F2",300,0.2,0.1,46602,"6fddd79","HEAD","totoro","fixed_1",TRUE,89.273,0.886645538539182,0.953554074582804,-0.0669085360436212,0.75,0.75,TRUE,NA
410,167,2,"MNAR",FALSE,"F3",300,0.2,0.1,46702,"6fddd79","HEAD","totoro","fixed_1",TRUE,95.256,0.76500010851209,0.770877851266846,-0.00587774275475628,0,0,TRUE,NA
411,168,2,"MNAR",FALSE,"F1",1000,0.2,0.1,46802,"6fddd79","HEAD","totoro","fixed_1",TRUE,457.19,0.959106183507112,0.963358577523167,-0.00425239401605471,0.25,0.25,FALSE,NA
412,169,2,"MNAR",FALSE,"F2",1000,0.2,0.1,46902,"6fddd79","HEAD","totoro","fixed_1",TRUE,450.363,0.958424133279623,0.987684289188835,-0.0292601559092122,0.4875,0.5,FALSE,NA
413,170,2,"MNAR",FALSE,"F3",1000,0.2,0.1,47002,"6fddd79","HEAD","totoro","fixed_1",TRUE,484.87,0.779558170317725,0.781385848784488,-0.00182767846676313,0,0,FALSE,NA
414,171,2,"MNAR",FALSE,"F1",100,0.5,0.1,47102,"6fddd79","HEAD","totoro","fixed_1",TRUE,68.41,0.949639127438044,0.900767403387602,0.0488717240504423,0.25,0.25,TRUE,NA
415,172,2,"MNAR",FALSE,"F2",100,0.5,0.1,47202,"6fddd79","HEAD","totoro","fixed_1",TRUE,66.556,0.87986402410858,0.95885546262607,-0.0789914385174907,0.75,0.75,FALSE,NA
416,173,2,"MNAR",FALSE,"F3",100,0.5,0.1,47302,"6fddd79","HEAD","totoro","fixed_1",TRUE,69.058,0.751685777625147,0.609324663764132,0.142361113861015,0,0,TRUE,NA
417,174,2,"MNAR",FALSE,"F1",300,0.5,0.1,47402,"6fddd79","HEAD","totoro","fixed_1",TRUE,87.693,0.909494723612541,0.891375910662082,0.0181188129504586,0.25,0.25,FALSE,NA
418,175,2,"MNAR",FALSE,"F2",300,0.5,0.1,47502,"6fddd79","HEAD","totoro","fixed_1",TRUE,84.59,0.924154865837047,1.03143779152613,-0.107282925689078,0.5,0.5,FALSE,NA
419,176,2,"MNAR",FALSE,"F3",300,0.5,0.1,47602,"6fddd79","HEAD","totoro","fixed_1",TRUE,84.275,0.579351150046611,0.593636864664445,-0.0142857146178339,0.0333333333333333,0.166666666666667,FALSE,NA
420,177,2,"MNAR",FALSE,"F1",1000,0.5,0.1,47702,"6fddd79","HEAD","totoro","fixed_1",TRUE,511.49,0.863301456353693,0.863301457284539,-9.3084517871489e-10,0,0,FALSE,NA
421,178,2,"MNAR",FALSE,"F2",1000,0.5,0.1,47802,"6fddd79","HEAD","totoro","fixed_1",TRUE,494.469,0.788790295771515,0.819038466419249,-0.0302481706477343,0.5,0.5,FALSE,NA
422,179,2,"MNAR",FALSE,"F3",1000,0.5,0.1,47902,"6fddd79","HEAD","totoro","fixed_1",TRUE,506.597,0.62940650312966,0.629406503818442,-6.88782586522052e-10,0,0,FALSE,NA
423,180,2,"MNAR",FALSE,"F1",100,1,0.1,48002,"6fddd79","HEAD","totoro","fixed_1",TRUE,68.492,0.562803575907222,0.560996024011725,0.00180755189549675,0.109375,0.25,FALSE,NA
424,181,2,"MNAR",FALSE,"F2",100,1,0.1,48102,"6fddd79","HEAD","totoro","fixed_1",TRUE,63.94,0.635281181580976,0.67972688066295,-0.0444456990819743,0.4125,0.5,FALSE,NA
425,182,2,"MNAR",FALSE,"F3",100,1,0.1,48202,"6fddd79","HEAD","totoro","fixed_1",TRUE,67.4,0.58116489953034,0.542179276493274,0.0389856230370662,0,0,TRUE,NA
426,183,2,"MNAR",FALSE,"F1",300,1,0.1,48302,"6fddd79","HEAD","totoro","fixed_1",TRUE,90.65,0.523140899468463,0.523140900825854,-1.35739053330752e-09,0,0,FALSE,NA
427,184,2,"MNAR",FALSE,"F2",300,1,0.1,48402,"6fddd79","HEAD","totoro","fixed_1",TRUE,86.871,0.638123101033998,0.67637265016758,-0.0382495491335818,0.675,0.75,FALSE,NA
428,185,2,"MNAR",FALSE,"F3",300,1,0.1,48502,"6fddd79","HEAD","totoro","fixed_1",TRUE,88.768,0.441777055478076,0.439473519171933,0.00230353630614299,0.15,0.166666666666667,FALSE,NA
429,186,2,"MNAR",FALSE,"F1",1000,1,0.1,48602,"6fddd79","HEAD","totoro","fixed_1",TRUE,525.259,0.440649463804585,0.440649463177461,6.27124019381142e-10,0,0,FALSE,NA
430,187,2,"MNAR",FALSE,"F2",1000,1,0.1,48702,"6fddd79","HEAD","totoro","fixed_1",TRUE,529.066,0.512117189943284,0.53953395116648,-0.0274167612231964,0.475,0.5,FALSE,NA
431,188,2,"MNAR",FALSE,"F3",1000,1,0.1,48802,"6fddd79","HEAD","totoro","fixed_1",TRUE,477.741,0.542018511441443,0.542018511755507,-3.14063441919643e-10,0,0,FALSE,NA
432,189,2,"MNAR",FALSE,"F1",100,0.2,0.3,48902,"6fddd79","HEAD","totoro","fixed_1",TRUE,66.264,1.08658015437648,1.04778311912022,0.0387970352562585,0,0,TRUE,NA
433,190,2,"MNAR",FALSE,"F2",100,0.2,0.3,49002,"6fddd79","HEAD","totoro","fixed_1",TRUE,62.164,1.29688301063768,1.26413896701374,0.0327440436239386,0.1125,0.25,TRUE,NA
434,191,2,"MNAR",FALSE,"F3",100,0.2,0.3,49102,"6fddd79","HEAD","totoro","fixed_1",TRUE,71.039,0.567299928456768,0.613740457682147,-0.0464405292253791,0,0,TRUE,NA
435,192,2,"MNAR",FALSE,"F1",300,0.2,0.3,49202,"6fddd79","HEAD","totoro","fixed_1",TRUE,83.5,0.982112469219064,0.999509425414423,-0.0173969561953583,0.5,0.5,FALSE,NA
436,193,2,"MNAR",FALSE,"F2",300,0.2,0.3,49302,"6fddd79","HEAD","totoro","fixed_1",TRUE,85.533,1.11444179294727,1.10200424674415,0.0124375462031141,0,0,TRUE,NA
437,194,2,"MNAR",FALSE,"F3",300,0.2,0.3,49402,"6fddd79","HEAD","totoro","fixed_1",TRUE,80.854,0.689505737098439,0.753490312158919,-0.0639845750604799,0.166666666666667,0.166666666666667,TRUE,NA
438,195,2,"MNAR",FALSE,"F1",1000,0.2,0.3,49502,"6fddd79","HEAD","totoro","fixed_1",TRUE,372.133,0.997497470237194,0.979108929055519,0.018388541181675,0,0,TRUE,NA
439,196,2,"MNAR",FALSE,"F2",1000,0.2,0.3,49602,"6fddd79","HEAD","totoro","fixed_1",TRUE,349.672,0.900763894643003,0.927599856354137,-0.0268359617111343,0.6625,0.75,FALSE,NA
440,197,2,"MNAR",FALSE,"F3",1000,0.2,0.3,49702,"6fddd79","HEAD","totoro","fixed_1",TRUE,366.876,0.69421635768702,0.707138157822079,-0.0129218001350591,0,0,TRUE,NA
441,198,2,"MNAR",FALSE,"F1",100,0.5,0.3,49802,"6fddd79","HEAD","totoro","fixed_1",TRUE,67.752,0.647078932093102,0.662704263860037,-0.0156253317669345,0,0,TRUE,NA
442,199,2,"MNAR",FALSE,"F2",100,0.5,0.3,49902,"6fddd79","HEAD","totoro","fixed_1",TRUE,64.677,0.856418377949812,1.01018238516187,-0.153764007212058,0.5,0.5,TRUE,NA
443,200,2,"MNAR",FALSE,"F3",100,0.5,0.3,50002,"6fddd79","HEAD","totoro","fixed_1",TRUE,69.921,0.634946108360605,0.71071259250339,-0.0757664841427848,0,0,TRUE,NA
444,201,2,"MNAR",FALSE,"F1",300,0.5,0.3,50102,"6fddd79","HEAD","totoro","fixed_1",TRUE,77.666,0.84066139160769,0.845189657070753,-0.00452826546306329,0.25,0.25,FALSE,NA
445,202,2,"MNAR",FALSE,"F2",300,0.5,0.3,50202,"6fddd79","HEAD","totoro","fixed_1",TRUE,80.916,0.809448122273383,0.857185616673187,-0.0477374943998037,0.25,0.25,FALSE,NA
446,203,2,"MNAR",FALSE,"F3",300,0.5,0.3,50302,"6fddd79","HEAD","totoro","fixed_1",TRUE,79.578,0.652011924432653,0.646017973385469,0.00599395104718414,0,0,TRUE,NA
447,204,2,"MNAR",FALSE,"F1",1000,0.5,0.3,50402,"6fddd79","HEAD","totoro","fixed_1",TRUE,344.588,0.865602570115143,0.86216502838098,0.00343754173416344,0.25,0.25,FALSE,NA
448,205,2,"MNAR",FALSE,"F2",1000,0.5,0.3,50502,"6fddd79","HEAD","totoro","fixed_1",TRUE,356.835,0.880668114873978,0.916639509359295,-0.0359713944853173,0.75,0.75,FALSE,NA
449,206,2,"MNAR",FALSE,"F3",1000,0.5,0.3,50602,"6fddd79","HEAD","totoro","fixed_1",TRUE,326.696,0.657544924174583,0.658175401611093,-0.000630477436510124,0.166666666666667,0.166666666666667,FALSE,NA
450,207,2,"MNAR",FALSE,"F1",100,1,0.3,50702,"6fddd79","HEAD","totoro","fixed_1",TRUE,65.535,0.60802860742253,0.597891811941714,0.0101367954808161,0.0625,0.25,FALSE,NA
451,208,2,"MNAR",FALSE,"F2",100,1,0.3,50802,"6fddd79","HEAD","totoro","fixed_1",TRUE,70.093,0.763401804924327,0.750877322289529,0.012524482634798,0.35,0.5,TRUE,NA
452,209,2,"MNAR",FALSE,"F3",100,1,0.3,50902,"6fddd79","HEAD","totoro","fixed_1",TRUE,66.966,0.498039910230772,0.437772339680883,0.0602675705498895,0.0175438596491228,0.166666666666667,TRUE,NA
453,210,2,"MNAR",FALSE,"F1",300,1,0.3,51002,"6fddd79","HEAD","totoro","fixed_1",TRUE,79.988,0.472158280423475,0.472063125676156,9.51547473193037e-05,0.175,0.25,FALSE,NA
454,211,2,"MNAR",FALSE,"F2",300,1,0.3,51102,"6fddd79","HEAD","totoro","fixed_1",TRUE,82.806,0.70939265987145,0.729501542971791,-0.0201088831003416,0.4875,0.5,FALSE,NA
455,212,2,"MNAR",FALSE,"F3",300,1,0.3,51202,"6fddd79","HEAD","totoro","fixed_1",TRUE,86.764,0.59769107940943,0.597691078577324,8.32105273573802e-10,0,0,FALSE,NA
456,213,2,"MNAR",FALSE,"F1",1000,1,0.3,51302,"6fddd79","HEAD","totoro","fixed_1",TRUE,380.704,0.582312116846052,0.585846938986431,-0.00353482214037926,0,0,FALSE,NA
457,214,2,"MNAR",FALSE,"F2",1000,1,0.3,51402,"6fddd79","HEAD","totoro","fixed_1",TRUE,364.838,0.596267916031776,0.602245352006764,-0.00597743597498768,0.5,0.5,FALSE,NA
458,215,2,"MNAR",FALSE,"F3",1000,1,0.3,51502,"6fddd79","HEAD","totoro","fixed_1",TRUE,371.191,0.442980453193663,0.448727580099582,-0.00574712690591966,0,0,FALSE,NA
459,216,2,"MNAR",FALSE,"F1",100,0.2,0.5,51602,"6fddd79","HEAD","totoro","fixed_1",TRUE,67.367,0.913272007819159,0.98242893123597,-0.0691569234168105,0.3875,0.5,TRUE,NA
460,217,2,"MNAR",FALSE,"F2",100,0.2,0.5,51702,"6fddd79","HEAD","totoro","fixed_1",TRUE,70.74,0.921973984406022,0.916102145625779,0.00587183878024378,0,0,TRUE,NA
461,218,2,"MNAR",FALSE,"F3",100,0.2,0.5,51802,"6fddd79","HEAD","totoro","fixed_1",TRUE,78.734,0.655255258077087,0.673499274943485,-0.0182440168663982,0,0,TRUE,NA
462,219,2,"MNAR",FALSE,"F1",300,0.2,0.5,51902,"6fddd79","HEAD","totoro","fixed_1",TRUE,83.251,0.814539433099895,0.80541921727914,0.00912021582075484,0.75,0.75,TRUE,NA
463,220,2,"MNAR",FALSE,"F2",300,0.2,0.5,52002,"6fddd79","HEAD","totoro","fixed_1",TRUE,81.356,1.00574104840853,0.998970544716683,0.00677050369184884,0.388888888888889,0.5,TRUE,NA
464,221,2,"MNAR",FALSE,"F3",300,0.2,0.5,52102,"6fddd79","HEAD","totoro","fixed_1",TRUE,80.167,0.791829707911572,0.807303970185644,-0.0154742622740712,0,0,TRUE,NA
465,222,2,"MNAR",FALSE,"F1",1000,0.2,0.5,52202,"6fddd79","HEAD","totoro","fixed_1",TRUE,267.351,0.99004917376337,0.993898061920208,-0.00384888815683793,0.6875,0.75,FALSE,NA
466,223,2,"MNAR",FALSE,"F2",1000,0.2,0.5,52302,"6fddd79","HEAD","totoro","fixed_1",TRUE,276.281,1.00946811536327,1.05139372878086,-0.0419256134175909,0.5,0.5,TRUE,NA
467,224,2,"MNAR",FALSE,"F3",1000,0.2,0.5,52402,"6fddd79","HEAD","totoro","fixed_1",TRUE,271.817,0.709341081728926,0.717738596784192,-0.00839751505526598,0,0,TRUE,NA
468,225,2,"MNAR",FALSE,"F1",100,0.5,0.5,52502,"6fddd79","HEAD","totoro","fixed_1",TRUE,67.779,1.20551120794727,1.22182642062868,-0.0163152126814103,0.5,0.5,TRUE,NA
469,226,2,"MNAR",FALSE,"F2",100,0.5,0.5,52602,"6fddd79","HEAD","totoro","fixed_1",TRUE,72.351,0.968780017252431,0.939988921536545,0.0287910957158861,0,0,FALSE,NA
470,227,2,"MNAR",FALSE,"F3",100,0.5,0.5,52702,"6fddd79","HEAD","totoro","fixed_1",TRUE,67.288,0.561834027864345,0.537059348074685,0.0247746797896604,0,0,TRUE,NA
471,228,2,"MNAR",FALSE,"F1",300,0.5,0.5,52802,"6fddd79","HEAD","totoro","fixed_1",TRUE,73.29,0.864084961645253,0.864084961016772,6.28481378051049e-10,0,0,FALSE,NA
472,229,2,"MNAR",FALSE,"F2",300,0.5,0.5,52902,"6fddd79","HEAD","totoro","fixed_1",TRUE,76.573,1.15654852828144,1.15966102013057,-0.00311249184913276,0.25,0.25,FALSE,NA
473,230,2,"MNAR",FALSE,"F3",300,0.5,0.5,53002,"6fddd79","HEAD","totoro","fixed_1",TRUE,87.212,0.549195495391536,0.620642599681439,-0.0714471042899033,0.0916666666666667,0.166666666666667,TRUE,NA
474,231,2,"MNAR",FALSE,"F1",1000,0.5,0.5,53102,"6fddd79","HEAD","totoro","fixed_1",TRUE,274.246,0.953730590317414,0.953730591628152,-1.31073740750054e-09,0,0,FALSE,NA
475,232,2,"MNAR",FALSE,"F2",1000,0.5,0.5,53202,"6fddd79","HEAD","totoro","fixed_1",TRUE,257.019,0.859467038106877,0.889425085876997,-0.0299580477701193,0.6,0.75,FALSE,NA
476,233,2,"MNAR",FALSE,"F3",1000,0.5,0.5,53302,"6fddd79","HEAD","totoro","fixed_1",TRUE,272.385,0.697446605541143,0.694389098048621,0.00305750749252198,0,0,FALSE,NA
477,234,2,"MNAR",FALSE,"F1",100,1,0.5,53402,"6fddd79","HEAD","totoro","fixed_1",TRUE,66.149,0.597162780933775,0.573050538705152,0.0241122422286228,0.0375,0.25,FALSE,NA
478,235,2,"MNAR",FALSE,"F2",100,1,0.5,53502,"6fddd79","HEAD","totoro","fixed_1",TRUE,66.027,0.881810039606508,0.773430671677859,0.108379367928649,0.144736842105263,0.25,TRUE,NA
479,236,2,"MNAR",FALSE,"F3",100,1,0.5,53602,"6fddd79","HEAD","totoro","fixed_1",TRUE,63.782,0.598095871140206,0.691845875055704,-0.0937500039154979,0,0,TRUE,NA
480,237,2,"MNAR",FALSE,"F1",300,1,0.5,53702,"6fddd79","HEAD","totoro","fixed_1",TRUE,90.448,0.794956150353473,0.654506519807918,0.140449630545555,0,0,TRUE,NA
481,238,2,"MNAR",FALSE,"F2",300,1,0.5,53802,"6fddd79","HEAD","totoro","fixed_1",TRUE,96.889,0.577257037804253,0.5717738463663,0.00548319143795384,0.210526315789474,0.25,TRUE,NA
482,239,2,"MNAR",FALSE,"F3",300,1,0.5,53902,"6fddd79","HEAD","totoro","fixed_1",TRUE,88.938,0.537073480669727,0.550407849115489,-0.0133343684457619,0,0,TRUE,NA
483,240,2,"MNAR",FALSE,"F1",1000,1,0.5,54002,"6fddd79","HEAD","totoro","fixed_1",TRUE,261.304,0.51598247069702,0.518240056125078,-0.00225758542805854,0.225,0.25,FALSE,NA
484,241,2,"MNAR",FALSE,"F2",1000,1,0.5,54102,"6fddd79","HEAD","totoro","fixed_1",TRUE,272.266,0.60167445315677,0.61489711469099,-0.0132226615342207,0.35,0.5,FALSE,NA
485,242,2,"MNAR",FALSE,"F3",1000,1,0.5,54202,"6fddd79","HEAD","totoro","fixed_1",TRUE,254.963,0.43667887545115,0.449196435383055,-0.0125175599319058,0.0294117647058823,0.166666666666667,FALSE,NA
648,162,3,"MNAR",FALSE,"F1",100,0.2,0.1,46203,"6fddd79","HEAD","totoro","fixed_1",TRUE,81.358,0.921737271207971,0.930191290092257,-0.00845401888428587,0.1375,0.25,TRUE,NA
649,163,3,"MNAR",FALSE,"F2",100,0.2,0.1,46303,"6fddd79","HEAD","totoro","fixed_1",TRUE,71.067,0.951765982960116,0.947001801175498,0.00476418178461835,0,0,TRUE,NA
650,164,3,"MNAR",FALSE,"F3",100,0.2,0.1,46403,"6fddd79","HEAD","totoro","fixed_1",TRUE,71.975,0.892627842833688,0.840622433138294,0.0520054096953946,0.0555555555555556,0.166666666666667,TRUE,NA
651,165,3,"MNAR",FALSE,"F1",300,0.2,0.1,46503,"6fddd79","HEAD","totoro","fixed_1",TRUE,98.957,0.96481602023004,0.934292258857595,0.0305237613724451,0.25,0.25,TRUE,NA
652,166,3,"MNAR",FALSE,"F2",300,0.2,0.1,46603,"6fddd79","HEAD","totoro","fixed_1",TRUE,100.053,0.854937884536934,0.876667611234347,-0.0217297266974131,0.5,0.5,FALSE,NA
653,167,3,"MNAR",FALSE,"F3",300,0.2,0.1,46703,"6fddd79","HEAD","totoro","fixed_1",TRUE,99.212,0.725646457451275,0.749154884359017,-0.0235084269077417,0,0,TRUE,NA
654,168,3,"MNAR",FALSE,"F1",1000,0.2,0.1,46803,"6fddd79","HEAD","totoro","fixed_1",TRUE,499.556,1.02137112432183,1.02137112391686,4.04974498380284e-10,0,0,FALSE,NA
655,169,3,"MNAR",FALSE,"F2",1000,0.2,0.1,46903,"6fddd79","HEAD","totoro","fixed_1",TRUE,504.26,0.879838017719737,0.956159675133252,-0.0763216574135149,1,1,FALSE,NA
656,170,3,"MNAR",FALSE,"F3",1000,0.2,0.1,47003,"6fddd79","HEAD","totoro","fixed_1",TRUE,467.46,0.727598488867424,0.721248377680179,0.00635011118724449,0,0,TRUE,NA
657,171,3,"MNAR",FALSE,"F1",100,0.5,0.1,47103,"6fddd79","HEAD","totoro","fixed_1",TRUE,74.515,1.02327578893751,1.09130712626014,-0.0680313373226347,0.3625,0.5,TRUE,NA
658,172,3,"MNAR",FALSE,"F2",100,0.5,0.1,47203,"6fddd79","HEAD","totoro","fixed_1",TRUE,78.644,0.72737153927304,0.831539589842221,-0.104168050569181,0.75,0.75,FALSE,NA
659,173,3,"MNAR",FALSE,"F3",100,0.5,0.1,47303,"6fddd79","HEAD","totoro","fixed_1",TRUE,78.214,0.647132823752764,0.601869705777613,0.0452631179751507,0.0964912280701754,0.166666666666667,TRUE,NA
660,174,3,"MNAR",FALSE,"F1",300,0.5,0.1,47403,"6fddd79","HEAD","totoro","fixed_1",TRUE,95.97,0.838467421006393,0.854299241034217,-0.0158318200278248,0.7125,0.75,FALSE,NA
661,175,3,"MNAR",FALSE,"F2",300,0.5,0.1,47503,"6fddd79","HEAD","totoro","fixed_1",TRUE,96.339,1.05244987234528,1.10093812468908,-0.0484882523437973,0.25,0.25,FALSE,NA
662,176,3,"MNAR",FALSE,"F3",300,0.5,0.1,47603,"6fddd79","HEAD","totoro","fixed_1",TRUE,100.877,0.728188647180679,0.701402932875685,0.0267857143049943,0,0,TRUE,NA
663,177,3,"MNAR",FALSE,"F1",1000,0.5,0.1,47703,"6fddd79","HEAD","totoro","fixed_1",TRUE,466.147,0.798044806449482,0.804185042299092,-0.00614023584961088,0.525,0.75,FALSE,NA
664,178,3,"MNAR",FALSE,"F2",1000,0.5,0.1,47803,"6fddd79","HEAD","totoro","fixed_1",TRUE,491.77,0.942758664302311,0.95017181552427,-0.00741315122195907,0.328676470588235,0.5,FALSE,NA
665,179,3,"MNAR",FALSE,"F3",1000,0.5,0.1,47903,"6fddd79","HEAD","totoro","fixed_1",TRUE,515.175,0.669942591463735,0.669942591373379,9.03555008591184e-11,0,0,FALSE,NA
666,180,3,"MNAR",FALSE,"F1",100,1,0.1,48003,"6fddd79","HEAD","totoro","fixed_1",TRUE,72.567,0.701612561267073,0.633532310626651,0.0680802506404222,0,0,TRUE,NA
667,181,3,"MNAR",FALSE,"F2",100,1,0.1,48103,"6fddd79","HEAD","totoro","fixed_1",TRUE,75.614,0.684478720269393,0.729638831789085,-0.0451601115196917,0.5,0.5,FALSE,NA
668,182,3,"MNAR",FALSE,"F3",100,1,0.1,48203,"6fddd79","HEAD","totoro","fixed_1",TRUE,81.37,0.438992743832886,0.45347540886565,-0.0144826650327639,0,0,FALSE,NA
669,183,3,"MNAR",FALSE,"F1",300,1,0.1,48303,"6fddd79","HEAD","totoro","fixed_1",TRUE,100.312,0.555795955653977,0.548993609001953,0.00680234665202384,0.448026315789474,0.5,FALSE,NA
670,184,3,"MNAR",FALSE,"F2",300,1,0.1,48403,"6fddd79","HEAD","totoro","fixed_1",TRUE,99.451,0.418635382754436,0.434192055285206,-0.0155566725307697,0.371052631578947,0.5,FALSE,NA
671,185,3,"MNAR",FALSE,"F3",300,1,0.1,48503,"6fddd79","HEAD","totoro","fixed_1",TRUE,96.736,0.630368711936405,0.579686623084529,0.0506820888518755,0,0,TRUE,NA
672,186,3,"MNAR",FALSE,"F1",1000,1,0.1,48603,"6fddd79","HEAD","totoro","fixed_1",TRUE,468.136,0.48649563279086,0.483783195960268,0.00271243683059186,0.275,0.5,FALSE,NA
673,187,3,"MNAR",FALSE,"F2",1000,1,0.1,48703,"6fddd79","HEAD","totoro","fixed_1",TRUE,506.307,0.516134038349782,0.552430822103178,-0.0362967837533955,0.461184210526316,0.5,FALSE,NA
674,188,3,"MNAR",FALSE,"F3",1000,1,0.1,48803,"6fddd79","HEAD","totoro","fixed_1",TRUE,536.785,0.443273912927338,0.438694255862524,0.00457965706481378,0.191666666666667,0.333333333333333,FALSE,NA
675,189,3,"MNAR",FALSE,"F1",100,0.2,0.3,48903,"6fddd79","HEAD","totoro","fixed_1",TRUE,70.753,1.02117277646425,0.99800220160739,0.0231705748568581,0.175,0.25,TRUE,NA
676,190,3,"MNAR",FALSE,"F2",100,0.2,0.3,49003,"6fddd79","HEAD","totoro","fixed_1",TRUE,79.207,0.920579428071415,1.0311766409529,-0.110597212881488,0.5,0.5,TRUE,NA
677,191,3,"MNAR",FALSE,"F3",100,0.2,0.3,49103,"6fddd79","HEAD","totoro","fixed_1",TRUE,90.289,0.543061867940194,0.574883138550898,-0.0318212706107045,0,0,TRUE,NA
678,192,3,"MNAR",FALSE,"F1",300,0.2,0.3,49203,"6fddd79","HEAD","totoro","fixed_1",TRUE,96.09,1.09839390395144,1.0895961700042,0.00879773394723182,0.25,0.25,TRUE,NA
679,193,3,"MNAR",FALSE,"F2",300,0.2,0.3,49303,"6fddd79","HEAD","totoro","fixed_1",TRUE,103.859,0.920849979019522,0.926922862248738,-0.00607288322921584,0,0,TRUE,NA
680,194,3,"MNAR",FALSE,"F3",300,0.2,0.3,49403,"6fddd79","HEAD","totoro","fixed_1",TRUE,97.516,0.736516460813525,0.78488811788453,-0.0483716570710057,0,0,TRUE,NA
681,195,3,"MNAR",FALSE,"F1",1000,0.2,0.3,49503,"6fddd79","HEAD","totoro","fixed_1",TRUE,369.113,0.976347469751259,0.976347468864338,8.86920648035527e-10,0,0,FALSE,NA
682,196,3,"MNAR",FALSE,"F2",1000,0.2,0.3,49603,"6fddd79","HEAD","totoro","fixed_1",TRUE,380.644,0.919719866407544,0.95212666940553,-0.0324068029979859,0.75,0.75,TRUE,NA
683,197,3,"MNAR",FALSE,"F3",1000,0.2,0.3,49703,"6fddd79","HEAD","totoro","fixed_1",TRUE,363.158,0.624430363244259,0.635928317301216,-0.0114979540569571,0.166666666666667,0.166666666666667,TRUE,NA
684,198,3,"MNAR",FALSE,"F1",100,0.5,0.3,49803,"6fddd79","HEAD","totoro","fixed_1",TRUE,92.855,1.05833632720169,1.07628643506427,-0.0179501078625803,0.5,0.5,TRUE,NA
685,199,3,"MNAR",FALSE,"F2",100,0.5,0.3,49903,"6fddd79","HEAD","totoro","fixed_1",TRUE,86.562,1.00590614873051,1.09977922509402,-0.0938730763635047,0.302631578947368,0.5,TRUE,NA
686,200,3,"MNAR",FALSE,"F3",100,0.5,0.3,50003,"6fddd79","HEAD","totoro","fixed_1",TRUE,77.62,0.722092138359149,0.656930561306013,0.0651615770531356,0,0,TRUE,NA
687,201,3,"MNAR",FALSE,"F1",300,0.5,0.3,50103,"6fddd79","HEAD","totoro","fixed_1",TRUE,92.866,0.712374367291191,0.718090904188715,-0.00571653689752405,0.25,0.25,FALSE,NA
688,202,3,"MNAR",FALSE,"F2",300,0.5,0.3,50203,"6fddd79","HEAD","totoro","fixed_1",TRUE,94.471,0.860460054019985,0.873988023072,-0.0135279690520155,0.225,0.25,TRUE,NA
689,203,3,"MNAR",FALSE,"F3",300,0.5,0.3,50303,"6fddd79","HEAD","totoro","fixed_1",TRUE,95.919,0.713358705020423,0.711547562874612,0.00181114214581102,0.157894736842105,0.166666666666667,FALSE,NA
690,204,3,"MNAR",FALSE,"F1",1000,0.5,0.3,50403,"6fddd79","HEAD","totoro","fixed_1",TRUE,385.374,0.866867907959951,0.88379004056252,-0.0169221326025699,0.4625,0.5,FALSE,NA
691,205,3,"MNAR",FALSE,"F2",1000,0.5,0.3,50503,"6fddd79","HEAD","totoro","fixed_1",TRUE,360.328,0.88583915307709,0.898268376657738,-0.0124292235806487,0.5,0.5,FALSE,NA
692,206,3,"MNAR",FALSE,"F3",1000,0.5,0.3,50603,"6fddd79","HEAD","totoro","fixed_1",TRUE,366.197,0.692480568028418,0.715115527752283,-0.0226349597238655,0.125,0.166666666666667,TRUE,NA
693,207,3,"MNAR",FALSE,"F1",100,1,0.3,50703,"6fddd79","HEAD","totoro","fixed_1",TRUE,71.222,0.713237552942563,0.710876106631036,0.00236144631152646,0.125,0.25,FALSE,NA
694,208,3,"MNAR",FALSE,"F2",100,1,0.3,50803,"6fddd79","HEAD","totoro","fixed_1",TRUE,78.038,0.572700672001346,0.597129893044494,-0.0244292210431483,0.25,0.25,FALSE,NA
695,209,3,"MNAR",FALSE,"F3",100,1,0.3,50903,"6fddd79","HEAD","totoro","fixed_1",TRUE,76.732,0.568268673275432,0.48177193443158,0.0864967388438521,0,0,TRUE,NA
696,210,3,"MNAR",FALSE,"F1",300,1,0.3,51003,"6fddd79","HEAD","totoro","fixed_1",TRUE,99.761,0.667594148093883,0.684658847237522,-0.0170646991436398,0.486111111111111,0.5,FALSE,NA
697,211,3,"MNAR",FALSE,"F2",300,1,0.3,51103,"6fddd79","HEAD","totoro","fixed_1",TRUE,93.227,0.516319463654268,0.52086572094855,-0.00454625729428271,0.333333333333333,0.5,FALSE,NA
698,212,3,"MNAR",FALSE,"F3",300,1,0.3,51203,"6fddd79","HEAD","totoro","fixed_1",TRUE,91.48,0.554509487258382,0.557192005357286,-0.00268251809890352,0,0,TRUE,NA
699,213,3,"MNAR",FALSE,"F1",1000,1,0.3,51303,"6fddd79","HEAD","totoro","fixed_1",TRUE,338.716,0.522762862335428,0.518647984621412,0.00411487771401664,0.2125,0.5,FALSE,NA
700,214,3,"MNAR",FALSE,"F2",1000,1,0.3,51403,"6fddd79","HEAD","totoro","fixed_1",TRUE,387.69,0.525110757779075,0.516212680344682,0.0088980774343933,0.4625,0.5,FALSE,NA
701,215,3,"MNAR",FALSE,"F3",1000,1,0.3,51503,"6fddd79","HEAD","totoro","fixed_1",TRUE,361.451,0.490378374873076,0.489998213314653,0.000380161558423187,0,0,FALSE,NA
702,216,3,"MNAR",FALSE,"F1",100,0.2,0.5,51603,"6fddd79","HEAD","totoro","fixed_1",TRUE,78.422,1.06043849110331,1.01928521693904,0.041153274164266,0.132352941176471,0.25,TRUE,NA
703,217,3,"MNAR",FALSE,"F2",100,0.2,0.5,51703,"6fddd79","HEAD","totoro","fixed_1",TRUE,75.855,1.07604350045912,1.0281573766833,0.0478861237758186,0,0,TRUE,NA
704,218,3,"MNAR",FALSE,"F3",100,0.2,0.5,51803,"6fddd79","HEAD","totoro","fixed_1",TRUE,76.99,0.573961658196014,0.610359651490361,-0.0363979932943477,0,0,TRUE,NA
705,219,3,"MNAR",FALSE,"F1",300,0.2,0.5,51903,"6fddd79","HEAD","totoro","fixed_1",TRUE,89.257,1.14654472442293,1.15216494917571,-0.00562022475278212,0,0,TRUE,NA
706,220,3,"MNAR",FALSE,"F2",300,0.2,0.5,52003,"6fddd79","HEAD","totoro","fixed_1",TRUE,91.483,0.810478951943758,0.799514140696883,0.0109648112468751,0.25,0.25,TRUE,NA
707,221,3,"MNAR",FALSE,"F3",300,0.2,0.5,52103,"6fddd79","HEAD","totoro","fixed_1",TRUE,93.989,0.739531291179609,0.739531290767588,4.1202063982837e-10,0,0,TRUE,NA
708,222,3,"MNAR",FALSE,"F1",1000,0.2,0.5,52203,"6fddd79","HEAD","totoro","fixed_1",TRUE,270.454,0.936304632510968,0.92870311448817,0.00760151802279807,0.225,0.25,TRUE,NA
709,223,3,"MNAR",FALSE,"F2",1000,0.2,0.5,52303,"6fddd79","HEAD","totoro","fixed_1",TRUE,286.766,0.85135050128221,0.865425687634525,-0.0140751863523157,0.35,0.5,FALSE,NA
710,224,3,"MNAR",FALSE,"F3",1000,0.2,0.5,52403,"6fddd79","HEAD","totoro","fixed_1",TRUE,264.546,0.645180316845131,0.643349416370003,0.00183090047512802,0.263157894736842,0.333333333333333,TRUE,NA
711,225,3,"MNAR",FALSE,"F1",100,0.5,0.5,52503,"6fddd79","HEAD","totoro","fixed_1",TRUE,77.546,0.783897070819501,0.779371465997812,0.00452560482168918,0.25,0.25,TRUE,NA
712,226,3,"MNAR",FALSE,"F2",100,0.5,0.5,52603,"6fddd79","HEAD","totoro","fixed_1",TRUE,86.45,0.874930424467909,0.958203112805705,-0.083272688337796,0.593055555555556,0.75,TRUE,NA
713,227,3,"MNAR",FALSE,"F3",100,0.5,0.5,52703,"6fddd79","HEAD","totoro","fixed_1",TRUE,75.697,0.77977614131832,0.779776141622701,-3.0438129794419e-10,0,0,TRUE,NA
714,228,3,"MNAR",FALSE,"F1",300,0.5,0.5,52803,"6fddd79","HEAD","totoro","fixed_1",TRUE,94.486,0.91725684862954,0.917256850062717,-1.43317691048139e-09,0,0,FALSE,NA
715,229,3,"MNAR",FALSE,"F2",300,0.5,0.5,52903,"6fddd79","HEAD","totoro","fixed_1",TRUE,94.66,0.815968203671035,0.855080357351956,-0.039112153680921,0.361111111111111,0.5,FALSE,NA
716,230,3,"MNAR",FALSE,"F3",300,0.5,0.5,53003,"6fddd79","HEAD","totoro","fixed_1",TRUE,97.518,0.645561755623261,0.647878423682079,-0.00231666805881781,0.166666666666667,0.166666666666667,TRUE,NA
717,231,3,"MNAR",FALSE,"F1",1000,0.5,0.5,53103,"6fddd79","HEAD","totoro","fixed_1",TRUE,270.403,0.882427379026713,0.880953021232687,0.00147435779402616,0,0,FALSE,NA
718,232,3,"MNAR",FALSE,"F2",1000,0.5,0.5,53203,"6fddd79","HEAD","totoro","fixed_1",TRUE,244.695,0.908756145947487,0.926029530512523,-0.0172733845650358,0.3875,0.5,FALSE,NA
719,233,3,"MNAR",FALSE,"F3",1000,0.5,0.5,53303,"6fddd79","HEAD","totoro","fixed_1",TRUE,269.864,0.66082816529168,0.628350456485564,0.0324777088061163,0,0,TRUE,NA
720,234,3,"MNAR",FALSE,"F1",100,1,0.5,53403,"6fddd79","HEAD","totoro","fixed_1",TRUE,78.112,0.795536754646075,0.592489013511924,0.20304774113415,0.2125,0.25,TRUE,NA
721,235,3,"MNAR",FALSE,"F2",100,1,0.5,53503,"6fddd79","HEAD","totoro","fixed_1",TRUE,80.778,0.490751471814597,0.554525477972305,-0.0637740061577077,0.80921052631579,1,FALSE,NA
722,236,3,"MNAR",FALSE,"F3",100,1,0.5,53603,"6fddd79","HEAD","totoro","fixed_1",TRUE,79.656,0.541638433673356,0.541638444158403,-1.04850470528106e-08,0,0,TRUE,NA
723,237,3,"MNAR",FALSE,"F1",300,1,0.5,53703,"6fddd79","HEAD","totoro","fixed_1",TRUE,90.677,0.53168051753188,0.531680523847792,-6.31591146049715e-09,0,0,FALSE,NA
724,238,3,"MNAR",FALSE,"F2",300,1,0.5,53803,"6fddd79","HEAD","totoro","fixed_1",TRUE,90.589,0.782612405448935,0.802073233037784,-0.0194608275888485,0.415441176470588,0.75,FALSE,NA
725,239,3,"MNAR",FALSE,"F3",300,1,0.5,53903,"6fddd79","HEAD","totoro","fixed_1",TRUE,91.866,0.500296303091917,0.491223546286364,0.00907275680555353,0,0,FALSE,NA
726,240,3,"MNAR",FALSE,"F1",1000,1,0.5,54003,"6fddd79","HEAD","totoro","fixed_1",TRUE,285.211,0.420829611077194,0.41594563057098,0.0048839805062138,0.428289473684211,0.75,FALSE,NA
727,241,3,"MNAR",FALSE,"F2",1000,1,0.5,54103,"6fddd79","HEAD","totoro","fixed_1",TRUE,277.949,0.56958928417701,0.586710653587795,-0.0171213694107852,0.375,0.5,FALSE,NA
728,242,3,"MNAR",FALSE,"F3",1000,1,0.5,54203,"6fddd79","HEAD","totoro","fixed_1",TRUE,284.405,0.508609473280482,0.504547120944856,0.00406235233562591,0.140350877192982,0.166666666666667,TRUE,NA
891,162,4,"MNAR",FALSE,"F1",100,0.2,0.1,46204,"6fddd79","HEAD","totoro","fixed_1",TRUE,73.398,0.806371673791878,0.810058075641193,-0.00368640184931479,0.3125,0.5,TRUE,NA
892,163,4,"MNAR",FALSE,"F2",100,0.2,0.1,46304,"6fddd79","HEAD","totoro","fixed_1",TRUE,72.328,1.01197753525593,1.01552594588335,-0.00354841062741995,0.5,0.5,TRUE,NA
893,164,4,"MNAR",FALSE,"F3",100,0.2,0.1,46404,"6fddd79","HEAD","totoro","fixed_1",TRUE,74.547,0.672324108815682,0.675487936795161,-0.00316382797947856,0.108333333333333,0.166666666666667,TRUE,NA
894,165,4,"MNAR",FALSE,"F1",300,0.2,0.1,46504,"6fddd79","HEAD","totoro","fixed_1",TRUE,103.047,1.03691021459466,1.0685087709074,-0.0315985563127394,0.25,0.25,TRUE,NA
895,166,4,"MNAR",FALSE,"F2",300,0.2,0.1,46604,"6fddd79","HEAD","totoro","fixed_1",TRUE,104.808,0.946984785219838,0.976399892542579,-0.0294151073227416,0.5,0.5,TRUE,NA
896,167,4,"MNAR",FALSE,"F3",300,0.2,0.1,46704,"6fddd79","HEAD","totoro","fixed_1",TRUE,93.132,0.782715784554898,0.75385820964735,0.0288575749075487,0,0,TRUE,NA
897,168,4,"MNAR",FALSE,"F1",1000,0.2,0.1,46804,"6fddd79","HEAD","totoro","fixed_1",TRUE,478.331,0.909279152051924,0.911455731410359,-0.00217657935843485,0.225,0.25,FALSE,NA
898,169,4,"MNAR",FALSE,"F2",1000,0.2,0.1,46904,"6fddd79","HEAD","totoro","fixed_1",TRUE,453.341,0.945582382890662,0.968314826162102,-0.0227324432714399,0.5,0.5,FALSE,NA
899,170,4,"MNAR",FALSE,"F3",1000,0.2,0.1,47004,"6fddd79","HEAD","totoro","fixed_1",TRUE,515.165,0.714943575943367,0.732775273249336,-0.0178316973059696,0.141666666666667,0.333333333333333,FALSE,NA
900,171,4,"MNAR",FALSE,"F1",100,0.5,0.1,47104,"6fddd79","HEAD","totoro","fixed_1",TRUE,76.158,0.913619231234926,0.902311793495075,0.0113074377398512,0,0,TRUE,NA
901,172,4,"MNAR",FALSE,"F2",100,0.5,0.1,47204,"6fddd79","HEAD","totoro","fixed_1",TRUE,74.256,0.78180283477851,0.812690115744263,-0.0308872809657524,0.675,0.75,FALSE,NA
902,173,4,"MNAR",FALSE,"F3",100,0.5,0.1,47304,"6fddd79","HEAD","totoro","fixed_1",TRUE,83.63,0.663616325722158,0.717263237343846,-0.0536469116216877,0,0,TRUE,NA
903,174,4,"MNAR",FALSE,"F1",300,0.5,0.1,47404,"6fddd79","HEAD","totoro","fixed_1",TRUE,91.034,0.87319256419838,0.879323844780044,-0.00613128058166379,0.078125,0.25,FALSE,NA
904,175,4,"MNAR",FALSE,"F2",300,0.5,0.1,47504,"6fddd79","HEAD","totoro","fixed_1",TRUE,98.927,0.798053008703808,0.848309637964072,-0.0502566292602641,0.3875,0.75,FALSE,NA
905,176,4,"MNAR",FALSE,"F3",300,0.5,0.1,47604,"6fddd79","HEAD","totoro","fixed_1",TRUE,99.777,0.755468304813531,0.747303473475896,0.00816483133763524,0.133333333333333,0.166666666666667,TRUE,NA
906,177,4,"MNAR",FALSE,"F1",1000,0.5,0.1,47704,"6fddd79","HEAD","totoro","fixed_1",TRUE,455.816,0.892186684013719,0.890856250601758,0.00133043341196093,0.474342105263158,0.5,FALSE,NA
907,178,4,"MNAR",FALSE,"F2",1000,0.5,0.1,47804,"6fddd79","HEAD","totoro","fixed_1",TRUE,532.081,0.95963105747426,0.981866235160717,-0.022235177686457,0.5,0.5,FALSE,NA
908,179,4,"MNAR",FALSE,"F3",1000,0.5,0.1,47904,"6fddd79","HEAD","totoro","fixed_1",TRUE,460.004,0.677140367092407,0.677140367113463,-2.10557127289235e-11,0,0,FALSE,NA
909,180,4,"MNAR",FALSE,"F1",100,1,0.1,48004,"6fddd79","HEAD","totoro","fixed_1",TRUE,72.215,0.513710480785837,0.512196538814002,0.00151394197183463,0.025,0.25,FALSE,NA
910,181,4,"MNAR",FALSE,"F2",100,1,0.1,48104,"6fddd79","HEAD","totoro","fixed_1",TRUE,76.087,0.702377423777928,0.737857492049426,-0.0354800682714976,0.5,0.5,FALSE,NA
911,182,4,"MNAR",FALSE,"F3",100,1,0.1,48204,"6fddd79","HEAD","totoro","fixed_1",TRUE,76.108,0.68278381116942,0.684260127823527,-0.00147631665410664,0,0,TRUE,NA
912,183,4,"MNAR",FALSE,"F1",300,1,0.1,48304,"6fddd79","HEAD","totoro","fixed_1",TRUE,91.838,0.392836384457761,0.395030052108034,-0.00219366765027351,0.0375,0.25,FALSE,NA
913,184,4,"MNAR",FALSE,"F2",300,1,0.1,48404,"6fddd79","HEAD","totoro","fixed_1",TRUE,92.808,0.615034788653755,0.62319103960763,-0.00815625095387462,0.1375,0.25,FALSE,NA
914,185,4,"MNAR",FALSE,"F3",300,1,0.1,48504,"6fddd79","HEAD","totoro","fixed_1",TRUE,100.05,0.452797531612996,0.454947696141967,-0.00215016452897066,0.114035087719298,0.166666666666667,FALSE,NA
915,186,4,"MNAR",FALSE,"F1",1000,1,0.1,48604,"6fddd79","HEAD","totoro","fixed_1",TRUE,470.174,0.40272207042276,0.402179861319146,0.00054220910361491,0.25,0.25,FALSE,NA
916,187,4,"MNAR",FALSE,"F2",1000,1,0.1,48704,"6fddd79","HEAD","totoro","fixed_1",TRUE,552.651,0.441200621923392,0.446103220052289,-0.00490259812889637,0.142857142857143,0.25,FALSE,NA
917,188,4,"MNAR",FALSE,"F3",1000,1,0.1,48804,"6fddd79","HEAD","totoro","fixed_1",TRUE,476.837,0.522195395336774,0.522195395545356,-2.08582040528427e-10,0,0,FALSE,NA
918,189,4,"MNAR",FALSE,"F1",100,0.2,0.3,48904,"6fddd79","HEAD","totoro","fixed_1",TRUE,72.347,0.594177846120684,0.609016091218279,-0.0148382450975949,0.25,0.25,TRUE,NA
919,190,4,"MNAR",FALSE,"F2",100,0.2,0.3,49004,"6fddd79","HEAD","totoro","fixed_1",TRUE,77.818,0.91730555344858,0.917242155262569,6.33981860114208e-05,0.125,0.25,TRUE,NA
920,191,4,"MNAR",FALSE,"F3",100,0.2,0.3,49104,"6fddd79","HEAD","totoro","fixed_1",TRUE,72.919,0.653810209819593,0.667699098492362,-0.0138888886727686,0,0,TRUE,NA
921,192,4,"MNAR",FALSE,"F1",300,0.2,0.3,49204,"6fddd79","HEAD","totoro","fixed_1",TRUE,94.547,0.839088898900498,0.796352982829474,0.0427359160710239,0.25,0.25,TRUE,NA
922,193,4,"MNAR",FALSE,"F2",300,0.2,0.3,49304,"6fddd79","HEAD","totoro","fixed_1",TRUE,93.154,1.08450691662709,1.16084240655476,-0.0763354899276711,0.5,0.5,TRUE,NA
923,194,4,"MNAR",FALSE,"F3",300,0.2,0.3,49404,"6fddd79","HEAD","totoro","fixed_1",TRUE,87.472,0.687978708856518,0.65124438079862,0.0367343280578977,0,0,TRUE,NA
924,195,4,"MNAR",FALSE,"F1",1000,0.2,0.3,49504,"6fddd79","HEAD","totoro","fixed_1",TRUE,346.761,0.968153642818164,0.968983524443873,-0.000829881625709294,0.25,0.25,FALSE,NA
925,196,4,"MNAR",FALSE,"F2",1000,0.2,0.3,49604,"6fddd79","HEAD","totoro","fixed_1",TRUE,341.897,0.91156271639314,0.945077017479583,-0.0335143010864438,0.75,0.75,FALSE,NA
926,197,4,"MNAR",FALSE,"F3",1000,0.2,0.3,49704,"6fddd79","HEAD","totoro","fixed_1",TRUE,353.056,0.680833170890865,0.656428852839723,0.0244043180511428,0.0392156862745098,0.166666666666667,TRUE,NA
927,198,4,"MNAR",FALSE,"F1",100,0.5,0.3,49804,"6fddd79","HEAD","totoro","fixed_1",TRUE,67.891,0.966229096830934,0.979980875938162,-0.0137517791072287,0,0,TRUE,NA
928,199,4,"MNAR",FALSE,"F2",100,0.5,0.3,49904,"6fddd79","HEAD","totoro","fixed_1",TRUE,75.894,0.896246652514801,1.00941283346966,-0.113166180954863,0.325,0.5,TRUE,NA
929,200,4,"MNAR",FALSE,"F3",100,0.5,0.3,50004,"6fddd79","HEAD","totoro","fixed_1",TRUE,79.683,0.923541609678663,0.887766468424284,0.0357751412543783,0,0,TRUE,NA
930,201,4,"MNAR",FALSE,"F1",300,0.5,0.3,50104,"6fddd79","HEAD","totoro","fixed_1",TRUE,93.162,0.838003382196584,0.83562398891391,0.00237939328267356,0.5,0.5,TRUE,NA
931,202,4,"MNAR",FALSE,"F2",300,0.5,0.3,50204,"6fddd79","HEAD","totoro","fixed_1",TRUE,81.107,0.805770230455215,0.846051342354622,-0.0402811118994063,0.75,0.75,TRUE,NA
932,203,4,"MNAR",FALSE,"F3",300,0.5,0.3,50304,"6fddd79","HEAD","totoro","fixed_1",TRUE,84.807,0.689058294268957,0.714058294377151,-0.0250000001081939,0,0,TRUE,NA
933,204,4,"MNAR",FALSE,"F1",1000,0.5,0.3,50404,"6fddd79","HEAD","totoro","fixed_1",TRUE,337.79,0.877540569808614,0.883180164715054,-0.00563959490643995,0.2125,0.5,FALSE,NA
934,205,4,"MNAR",FALSE,"F2",1000,0.5,0.3,50504,"6fddd79","HEAD","totoro","fixed_1",TRUE,359.805,0.774394555886864,0.788820779838625,-0.0144262239517612,0.4875,0.5,FALSE,NA
935,206,4,"MNAR",FALSE,"F3",1000,0.5,0.3,50604,"6fddd79","HEAD","totoro","fixed_1",TRUE,353.873,0.613709495148603,0.599208025522514,0.0145014696260894,0.05,0.5,TRUE,NA
936,207,4,"MNAR",FALSE,"F1",100,1,0.3,50704,"6fddd79","HEAD","totoro","fixed_1",TRUE,76.012,0.483106428599215,0.496271976861536,-0.013165548262321,0.355263157894737,0.5,FALSE,NA
937,208,4,"MNAR",FALSE,"F2",100,1,0.3,50804,"6fddd79","HEAD","totoro","fixed_1",TRUE,77.621,0.446995294404224,0.41780579603925,0.0291894983649742,0.171052631578947,0.25,FALSE,NA
938,209,4,"MNAR",FALSE,"F3",100,1,0.3,50904,"6fddd79","HEAD","totoro","fixed_1",TRUE,79.581,0.76428217446094,0.767470049433306,-0.00318787497236683,0.105864197530864,0.666666666666667,FALSE,NA
939,210,4,"MNAR",FALSE,"F1",300,1,0.3,51004,"6fddd79","HEAD","totoro","fixed_1",TRUE,91.153,0.544224314602822,0.544342519236682,-0.000118204633860364,0,0,FALSE,NA
940,211,4,"MNAR",FALSE,"F2",300,1,0.3,51104,"6fddd79","HEAD","totoro","fixed_1",TRUE,89.582,0.601075489455229,0.600111411856395,0.000964077598833213,0.706944444444444,1,FALSE,NA
941,212,4,"MNAR",FALSE,"F3",300,1,0.3,51204,"6fddd79","HEAD","totoro","fixed_1",TRUE,90.902,0.538946058552943,0.534057882174961,0.00488817637798145,0,0,FALSE,NA
942,213,4,"MNAR",FALSE,"F1",1000,1,0.3,51304,"6fddd79","HEAD","totoro","fixed_1",TRUE,343.137,0.471185185015175,0.473058498794627,-0.00187331377945188,0.375,0.5,FALSE,NA
943,214,4,"MNAR",FALSE,"F2",1000,1,0.3,51404,"6fddd79","HEAD","totoro","fixed_1",TRUE,362.26,0.601171544179168,0.61612192872342,-0.0149503845442526,0.025,0.25,FALSE,NA
944,215,4,"MNAR",FALSE,"F3",1000,1,0.3,51504,"6fddd79","HEAD","totoro","fixed_1",TRUE,367.001,0.461081497975191,0.449735589656014,0.0113459083191775,0,0,FALSE,NA
945,216,4,"MNAR",FALSE,"F1",100,0.2,0.5,51604,"6fddd79","HEAD","totoro","fixed_1",TRUE,72.666,1.23864430868463,1.25200319105485,-0.013358882370218,0.25,0.25,TRUE,NA
946,217,4,"MNAR",FALSE,"F2",100,0.2,0.5,51704,"6fddd79","HEAD","totoro","fixed_1",TRUE,86.049,0.940011898064463,0.904182341146095,0.0358295569183682,0,0,TRUE,NA
947,218,4,"MNAR",FALSE,"F3",100,0.2,0.5,51804,"6fddd79","HEAD","totoro","fixed_1",TRUE,83.791,0.6229630940094,0.637285634116192,-0.0143225401067928,0,0,TRUE,NA
948,219,4,"MNAR",FALSE,"F1",300,0.2,0.5,51904,"6fddd79","HEAD","totoro","fixed_1",TRUE,88.971,0.890836391945695,0.894814664932335,-0.00397827298664022,0.05,0.25,TRUE,NA
949,220,4,"MNAR",FALSE,"F2",300,0.2,0.5,52004,"6fddd79","HEAD","totoro","fixed_1",TRUE,102.09,1.01151636118303,1.03245570074754,-0.0209393395645043,0.5,0.5,TRUE,NA
950,221,4,"MNAR",FALSE,"F3",300,0.2,0.5,52104,"6fddd79","HEAD","totoro","fixed_1",TRUE,95.395,0.712257122112076,0.750279653109082,-0.0380225309970063,0,0,TRUE,NA
951,222,4,"MNAR",FALSE,"F1",1000,0.2,0.5,52204,"6fddd79","HEAD","totoro","fixed_1",TRUE,270.381,1.00957196367004,1.00887266452691,0.000699299143129828,0.625,0.75,FALSE,NA
952,223,4,"MNAR",FALSE,"F2",1000,0.2,0.5,52304,"6fddd79","HEAD","totoro","fixed_1",TRUE,283.034,0.929822477834747,0.940823063903044,-0.0110005860682972,0.375,0.5,TRUE,NA
953,224,4,"MNAR",FALSE,"F3",1000,0.2,0.5,52404,"6fddd79","HEAD","totoro","fixed_1",TRUE,285.931,0.657108903681988,0.658645460539832,-0.00153655685784404,0,0,TRUE,NA
954,225,4,"MNAR",FALSE,"F1",100,0.5,0.5,52504,"6fddd79","HEAD","totoro","fixed_1",TRUE,84.356,0.871991058077924,0.920435140260977,-0.0484440821830531,0.398684210526316,0.5,TRUE,NA
955,226,4,"MNAR",FALSE,"F2",100,0.5,0.5,52604,"6fddd79","HEAD","totoro","fixed_1",TRUE,72.183,0.882611399098303,0.932477592868258,-0.0498661937699552,0.25,0.25,TRUE,NA
956,227,4,"MNAR",FALSE,"F3",100,0.5,0.5,52704,"6fddd79","HEAD","totoro","fixed_1",TRUE,83.38,0.739864349135094,0.669864617915109,0.0699997312199848,0.166666666666667,0.166666666666667,TRUE,NA
957,228,4,"MNAR",FALSE,"F1",300,0.5,0.5,52804,"6fddd79","HEAD","totoro","fixed_1",TRUE,102.846,0.822236827130387,0.849402374588943,-0.027165547458556,0.157894736842105,0.25,TRUE,NA
958,229,4,"MNAR",FALSE,"F2",300,0.5,0.5,52904,"6fddd79","HEAD","totoro","fixed_1",TRUE,95.629,0.930796465664055,0.935572483739735,-0.00477601807568007,0.638888888888889,0.75,FALSE,NA
959,230,4,"MNAR",FALSE,"F3",300,0.5,0.5,53004,"6fddd79","HEAD","totoro","fixed_1",TRUE,106.388,0.627562885102326,0.591828296680998,0.0357345884213279,0.0166666666666667,0.166666666666667,TRUE,NA
960,231,4,"MNAR",FALSE,"F1",1000,0.5,0.5,53104,"6fddd79","HEAD","totoro","fixed_1",TRUE,278.973,0.82287037538857,0.822870375798677,-4.10106726356219e-10,0,0,FALSE,NA
961,232,4,"MNAR",FALSE,"F2",1000,0.5,0.5,53204,"6fddd79","HEAD","totoro","fixed_1",TRUE,271.849,0.876690659387159,0.871211469360133,0.00547919002702613,0.5875,0.75,FALSE,NA
962,233,4,"MNAR",FALSE,"F3",1000,0.5,0.5,53304,"6fddd79","HEAD","totoro","fixed_1",TRUE,288.298,0.517823588818413,0.531712477412898,-0.0138888885944844,0,0,TRUE,NA
963,234,4,"MNAR",FALSE,"F1",100,1,0.5,53404,"6fddd79","HEAD","totoro","fixed_1",TRUE,89.999,0.830995141326251,0.68394119253717,0.147053948789081,0.236842105263158,0.25,TRUE,NA
964,235,4,"MNAR",FALSE,"F2",100,1,0.5,53504,"6fddd79","HEAD","totoro","fixed_1",TRUE,70.813,0.912118812974456,0.847691735319148,0.0644270776553082,0.396710526315789,0.5,TRUE,NA
965,236,4,"MNAR",FALSE,"F3",100,1,0.5,53604,"6fddd79","HEAD","totoro","fixed_1",TRUE,76.11,0.622537100613814,0.592078185700336,0.0304589149134784,0,0,TRUE,NA
966,237,4,"MNAR",FALSE,"F1",300,1,0.5,53704,"6fddd79","HEAD","totoro","fixed_1",TRUE,87.323,0.519812735419248,0.516766325842998,0.00304640957625002,0.25,0.25,FALSE,NA
967,238,4,"MNAR",FALSE,"F2",300,1,0.5,53804,"6fddd79","HEAD","totoro","fixed_1",TRUE,78.355,0.605450415715232,0.625099476247329,-0.0196490605320975,0.704545454545455,0.75,FALSE,NA
968,239,4,"MNAR",FALSE,"F3",300,1,0.5,53904,"6fddd79","HEAD","totoro","fixed_1",TRUE,87.758,0.473551017782158,0.473551016898868,8.83290107722701e-10,0,0,FALSE,NA
969,240,4,"MNAR",FALSE,"F1",1000,1,0.5,54004,"6fddd79","HEAD","totoro","fixed_1",TRUE,278.077,0.479121799930107,0.484650428297167,-0.00552862836705997,0.3375,0.5,FALSE,NA
970,241,4,"MNAR",FALSE,"F2",1000,1,0.5,54104,"6fddd79","HEAD","totoro","fixed_1",TRUE,272.139,0.618790000319535,0.619045484017551,-0.000255483698015868,0.375,0.5,FALSE,NA
971,242,4,"MNAR",FALSE,"F3",1000,1,0.5,54204,"6fddd79","HEAD","totoro","fixed_1",TRUE,270.794,0.467845314033215,0.476954821181803,-0.00910950714858749,0,0,FALSE,NA
1134,162,5,"MNAR",FALSE,"F1",100,0.2,0.1,46205,"6fddd79","HEAD","totoro","fixed_1",TRUE,79.925,0.850435116011508,0.94272490502984,-0.0922897890183321,0.6375,0.75,TRUE,NA
1135,163,5,"MNAR",FALSE,"F2",100,0.2,0.1,46305,"6fddd79","HEAD","totoro","fixed_1",TRUE,68.169,0.959806046196084,0.963138486691426,-0.00333244049534198,0.25,0.25,TRUE,NA
1136,164,5,"MNAR",FALSE,"F3",100,0.2,0.1,46405,"6fddd79","HEAD","totoro","fixed_1",TRUE,72.5,0.87340887762948,0.800630996440573,0.0727778811889064,0,0,TRUE,NA
1137,165,5,"MNAR",FALSE,"F1",300,0.2,0.1,46505,"6fddd79","HEAD","totoro","fixed_1",TRUE,105.574,0.922555993895954,0.923342505567644,-0.000786511671690193,0.1,0.25,FALSE,NA
1138,166,5,"MNAR",FALSE,"F2",300,0.2,0.1,46605,"6fddd79","HEAD","totoro","fixed_1",TRUE,98.367,0.826700677855978,0.906619549057842,-0.0799188712018642,0.725,0.75,TRUE,NA
1139,167,5,"MNAR",FALSE,"F3",300,0.2,0.1,46705,"6fddd79","HEAD","totoro","fixed_1",TRUE,103.016,0.73876921232523,0.738769212839326,-5.14095876980036e-10,0,0,FALSE,NA
1140,168,5,"MNAR",FALSE,"F1",1000,0.2,0.1,46805,"6fddd79","HEAD","totoro","fixed_1",TRUE,461.542,0.947088999877214,0.947088999724542,1.52672430253631e-10,0,0,FALSE,NA
1141,169,5,"MNAR",FALSE,"F2",1000,0.2,0.1,46905,"6fddd79","HEAD","totoro","fixed_1",TRUE,503.851,0.968953883393446,1.00847774195974,-0.0395238585662971,0.5,0.5,FALSE,NA
1142,170,5,"MNAR",FALSE,"F3",1000,0.2,0.1,47005,"6fddd79","HEAD","totoro","fixed_1",TRUE,450.936,0.71785816943542,0.713775766199108,0.00408240323631259,0.166666666666667,0.166666666666667,FALSE,NA
1143,171,5,"MNAR",FALSE,"F1",100,0.5,0.1,47105,"6fddd79","HEAD","totoro","fixed_1",TRUE,66.048,0.813197744468368,0.778073815174251,0.0351239292941163,0.1875,0.25,TRUE,NA
1144,172,5,"MNAR",FALSE,"F2",100,0.5,0.1,47205,"6fddd79","HEAD","totoro","fixed_1",TRUE,77.177,0.937103275084201,1.03049171145261,-0.093388436368413,0.328947368421053,0.5,TRUE,NA
1145,173,5,"MNAR",FALSE,"F3",100,0.5,0.1,47305,"6fddd79","HEAD","totoro","fixed_1",TRUE,83.087,0.704837401128688,0.666804693851301,0.0380327072773875,0.166666666666667,0.166666666666667,TRUE,NA
1146,174,5,"MNAR",FALSE,"F1",300,0.5,0.1,47405,"6fddd79","HEAD","totoro","fixed_1",TRUE,102.095,0.895133365905328,0.880020461514875,0.0151129043904529,0,0,TRUE,NA
1147,175,5,"MNAR",FALSE,"F2",300,0.5,0.1,47505,"6fddd79","HEAD","totoro","fixed_1",TRUE,101.554,0.863977392351519,0.911163715363196,-0.0471863230116771,0.75,0.75,TRUE,NA
1148,176,5,"MNAR",FALSE,"F3",300,0.5,0.1,47605,"6fddd79","HEAD","totoro","fixed_1",TRUE,94.345,0.720076685420691,0.74332229828866,-0.0232456128679691,0,0,TRUE,NA
1149,177,5,"MNAR",FALSE,"F1",1000,0.5,0.1,47705,"6fddd79","HEAD","totoro","fixed_1",TRUE,482.794,0.903729500567977,0.904637791693768,-0.000908291125790273,0.5,0.5,FALSE,NA
1150,178,5,"MNAR",FALSE,"F2",1000,0.5,0.1,47805,"6fddd79","HEAD","totoro","fixed_1",TRUE,463.925,0.886319772045502,0.905951847433571,-0.0196320753880687,0.5,0.5,FALSE,NA
1151,179,5,"MNAR",FALSE,"F3",1000,0.5,0.1,47905,"6fddd79","HEAD","totoro","fixed_1",TRUE,463.637,0.641928021929047,0.646911322333705,-0.00498330040465811,0.15,0.166666666666667,FALSE,NA
1152,180,5,"MNAR",FALSE,"F1",100,1,0.1,48005,"6fddd79","HEAD","totoro","fixed_1",TRUE,76.836,0.708380774380043,0.702232170584628,0.00614860379541504,0.6125,0.75,FALSE,NA
1153,181,5,"MNAR",FALSE,"F2",100,1,0.1,48105,"6fddd79","HEAD","totoro","fixed_1",TRUE,74.361,0.762996320855485,0.812286927166177,-0.0492906063106917,0.5125,0.75,FALSE,NA
1154,182,5,"MNAR",FALSE,"F3",100,1,0.1,48205,"6fddd79","HEAD","totoro","fixed_1",TRUE,83.026,0.555382065433953,0.5420764282826,0.0133056371513529,0,0,TRUE,NA
1155,183,5,"MNAR",FALSE,"F1",300,1,0.1,48305,"6fddd79","HEAD","totoro","fixed_1",TRUE,102.276,0.594616652349883,0.594184558245692,0.000432094104191205,0.298611111111111,0.5,FALSE,NA
1156,184,5,"MNAR",FALSE,"F2",300,1,0.1,48405,"6fddd79","HEAD","totoro","fixed_1",TRUE,95.305,0.546370662826104,0.584582538910672,-0.0382118760845687,0.625,0.75,FALSE,NA
1157,185,5,"MNAR",FALSE,"F3",300,1,0.1,48505,"6fddd79","HEAD","totoro","fixed_1",TRUE,97.55,0.508504344144869,0.5159278620534,-0.00742351790853168,0.133333333333333,0.166666666666667,FALSE,NA
1158,186,5,"MNAR",FALSE,"F1",1000,1,0.1,48605,"6fddd79","HEAD","totoro","fixed_1",TRUE,553.863,0.404702870705053,0.402325644318438,0.00237722638661497,0.4125,0.5,FALSE,NA
1159,187,5,"MNAR",FALSE,"F2",1000,1,0.1,48705,"6fddd79","HEAD","totoro","fixed_1",TRUE,463.203,0.575850226249186,0.599196770422539,-0.0233465441733529,0.2125,0.25,FALSE,NA
1160,188,5,"MNAR",FALSE,"F3",1000,1,0.1,48805,"6fddd79","HEAD","totoro","fixed_1",TRUE,464.86,0.550218119929375,0.553097694347893,-0.00287957441851749,0,0,FALSE,NA
1161,189,5,"MNAR",FALSE,"F1",100,0.2,0.3,48905,"6fddd79","HEAD","totoro","fixed_1",TRUE,70.949,0.954696866240466,1.0021880160185,-0.047491149778035,0.25,0.25,TRUE,NA
1162,190,5,"MNAR",FALSE,"F2",100,0.2,0.3,49005,"6fddd79","HEAD","totoro","fixed_1",TRUE,67.067,0.917521208483485,1.00232315367211,-0.08480194518862,0.25,0.25,TRUE,NA
1163,191,5,"MNAR",FALSE,"F3",100,0.2,0.3,49105,"6fddd79","HEAD","totoro","fixed_1",TRUE,85.245,0.608618535458513,0.667511103243407,-0.0588925677848943,0,0,TRUE,NA
1164,192,5,"MNAR",FALSE,"F1",300,0.2,0.3,49205,"6fddd79","HEAD","totoro","fixed_1",TRUE,87.575,1.00427320498121,1.02195493926411,-0.0176817342828985,0.25,0.25,TRUE,NA
1165,193,5,"MNAR",FALSE,"F2",300,0.2,0.3,49305,"6fddd79","HEAD","totoro","fixed_1",TRUE,89.29,0.88706147668102,0.94867697465213,-0.0616154979711105,0.5,0.5,FALSE,NA
1166,194,5,"MNAR",FALSE,"F3",300,0.2,0.3,49405,"6fddd79","HEAD","totoro","fixed_1",TRUE,96.362,0.696452800768378,0.737944398201214,-0.0414915974328364,0,0,TRUE,NA
1167,195,5,"MNAR",FALSE,"F1",1000,0.2,0.3,49505,"6fddd79","HEAD","totoro","fixed_1",TRUE,364.462,0.995966963534778,0.994926982981729,0.00103998055304888,0,0,TRUE,NA
1168,196,5,"MNAR",FALSE,"F2",1000,0.2,0.3,49605,"6fddd79","HEAD","totoro","fixed_1",TRUE,381.462,1.0585659029248,1.10574063817195,-0.0471747352471477,0.5,0.5,FALSE,NA
1169,197,5,"MNAR",FALSE,"F3",1000,0.2,0.3,49705,"6fddd79","HEAD","totoro","fixed_1",TRUE,329.475,0.710437626290368,0.695480619899866,0.0149570063905013,0.0916666666666667,0.166666666666667,TRUE,NA
1170,198,5,"MNAR",FALSE,"F1",100,0.5,0.3,49805,"6fddd79","HEAD","totoro","fixed_1",TRUE,83.288,0.801345825236295,0.77019386552927,0.0311519597070251,0.271929824561404,0.5,TRUE,NA
1171,199,5,"MNAR",FALSE,"F2",100,0.5,0.3,49905,"6fddd79","HEAD","totoro","fixed_1",TRUE,79.722,0.842456365946524,0.816426977736894,0.0260293882096305,0,0,TRUE,NA
1172,200,5,"MNAR",FALSE,"F3",100,0.5,0.3,50005,"6fddd79","HEAD","totoro","fixed_1",TRUE,81.982,0.631614232100381,0.68022534273261,-0.0486111106322289,0,0,TRUE,NA
1173,201,5,"MNAR",FALSE,"F1",300,0.5,0.3,50105,"6fddd79","HEAD","totoro","fixed_1",TRUE,95.191,0.98511495604005,0.993975422361381,-0.00886046632133031,0.25,0.25,FALSE,NA
1174,202,5,"MNAR",FALSE,"F2",300,0.5,0.3,50205,"6fddd79","HEAD","totoro","fixed_1",TRUE,95.311,0.88776030947913,0.923968044888715,-0.036207735409585,0.469444444444444,0.75,FALSE,NA
1175,203,5,"MNAR",FALSE,"F3",300,0.5,0.3,50305,"6fddd79","HEAD","totoro","fixed_1",TRUE,97.237,0.625875833318635,0.657646418775449,-0.0317705854568141,0.141666666666667,0.166666666666667,TRUE,NA
1176,204,5,"MNAR",FALSE,"F1",1000,0.5,0.3,50405,"6fddd79","HEAD","totoro","fixed_1",TRUE,371.486,0.83579355753541,0.850600010177144,-0.0148064526417343,0.5,0.75,FALSE,NA
1177,205,5,"MNAR",FALSE,"F2",1000,0.5,0.3,50505,"6fddd79","HEAD","totoro","fixed_1",TRUE,359.837,0.844132643260495,0.879138037952079,-0.0350053946915836,0.9625,1,FALSE,NA
1178,206,5,"MNAR",FALSE,"F3",1000,0.5,0.3,50605,"6fddd79","HEAD","totoro","fixed_1",TRUE,356.082,0.557843550422081,0.54509962421489,0.0127439262071911,0,0,TRUE,NA
1179,207,5,"MNAR",FALSE,"F1",100,1,0.3,50705,"6fddd79","HEAD","totoro","fixed_1",TRUE,81.654,1.03563346091009,0.835724497987168,0.199908962922923,0.2625,0.5,TRUE,NA
1180,208,5,"MNAR",FALSE,"F2",100,1,0.3,50805,"6fddd79","HEAD","totoro","fixed_1",TRUE,80.619,0.503884251584472,0.548959935190929,-0.0450756836064572,0.5,0.5,FALSE,NA
1181,209,5,"MNAR",FALSE,"F3",100,1,0.3,50905,"6fddd79","HEAD","totoro","fixed_1",TRUE,82.177,0.635071825912256,0.452935034007096,0.182136791905159,0,0,TRUE,NA
1182,210,5,"MNAR",FALSE,"F1",300,1,0.3,51005,"6fddd79","HEAD","totoro","fixed_1",TRUE,85.434,0.557399911129096,0.560383494640092,-0.00298358351099548,0.25,0.25,FALSE,NA
1183,211,5,"MNAR",FALSE,"F2",300,1,0.3,51105,"6fddd79","HEAD","totoro","fixed_1",TRUE,96.333,0.667518177069674,0.682242101583105,-0.0147239245134306,0.225,0.25,FALSE,NA
1184,212,5,"MNAR",FALSE,"F3",300,1,0.3,51205,"6fddd79","HEAD","totoro","fixed_1",TRUE,95.063,0.576892061648586,0.592521026486936,-0.01562896483835,0,0,TRUE,NA
1185,213,5,"MNAR",FALSE,"F1",1000,1,0.3,51305,"6fddd79","HEAD","totoro","fixed_1",TRUE,368.184,0.560467670990432,0.560150537795937,0.00031713319449489,0.05,0.25,FALSE,NA
1186,214,5,"MNAR",FALSE,"F2",1000,1,0.3,51405,"6fddd79","HEAD","totoro","fixed_1",TRUE,347.729,0.503308117012106,0.518985310026487,-0.0156771930143811,0.35,0.5,FALSE,NA
1187,215,5,"MNAR",FALSE,"F3",1000,1,0.3,51505,"6fddd79","HEAD","totoro","fixed_1",TRUE,345.256,0.435044873439893,0.43932780548884,-0.00428293204894681,0.025,0.166666666666667,FALSE,NA
1188,216,5,"MNAR",FALSE,"F1",100,0.2,0.5,51605,"6fddd79","HEAD","totoro","fixed_1",TRUE,77.087,1.08669758082319,1.09335901095165,-0.0066614301284571,0.117647058823529,0.25,TRUE,NA
1189,217,5,"MNAR",FALSE,"F2",100,0.2,0.5,51705,"6fddd79","HEAD","totoro","fixed_1",TRUE,76.491,0.992390719015919,1.07159427020843,-0.0792035511925069,0.71875,0.75,FALSE,NA
1190,218,5,"MNAR",FALSE,"F3",100,0.2,0.5,51805,"6fddd79","HEAD","totoro","fixed_1",TRUE,72.986,0.849279069746423,0.859457646346073,-0.0101785765996497,0,0,TRUE,NA
1191,219,5,"MNAR",FALSE,"F1",300,0.2,0.5,51905,"6fddd79","HEAD","totoro","fixed_1",TRUE,99.83,0.911764040553631,0.894144395020688,0.017619645532943,0,0,TRUE,NA
1192,220,5,"MNAR",FALSE,"F2",300,0.2,0.5,52005,"6fddd79","HEAD","totoro","fixed_1",TRUE,88.085,0.906345144724326,0.917869893393681,-0.0115247486693549,0.25,0.25,TRUE,NA
1193,221,5,"MNAR",FALSE,"F3",300,0.2,0.5,52105,"6fddd79","HEAD","totoro","fixed_1",TRUE,90.201,0.728037254889942,0.72954074217195,-0.00150348728200811,0.166666666666667,0.166666666666667,TRUE,NA
1194,222,5,"MNAR",FALSE,"F1",1000,0.2,0.5,52205,"6fddd79","HEAD","totoro","fixed_1",TRUE,260.893,0.998791661870173,0.998791661852346,1.78267400841037e-11,0,0,FALSE,NA
1195,223,5,"MNAR",FALSE,"F2",1000,0.2,0.5,52305,"6fddd79","HEAD","totoro","fixed_1",TRUE,257.645,0.900728819812066,0.913839678058553,-0.0131108582464864,0.225,0.25,FALSE,NA
1196,224,5,"MNAR",FALSE,"F3",1000,0.2,0.5,52405,"6fddd79","HEAD","totoro","fixed_1",TRUE,275.214,0.613696959041621,0.617710000736858,-0.00401304169523653,0,0,TRUE,NA
1197,225,5,"MNAR",FALSE,"F1",100,0.5,0.5,52505,"6fddd79","HEAD","totoro","fixed_1",TRUE,81.151,1.08063436369999,0.974200841066984,0.106433522633003,0.25,0.25,TRUE,NA
1198,226,5,"MNAR",FALSE,"F2",100,0.5,0.5,52605,"6fddd79","HEAD","totoro","fixed_1",TRUE,75.746,1.06581086797484,1.00747581019917,0.0583350577756703,0,0,TRUE,NA
1199,227,5,"MNAR",FALSE,"F3",100,0.5,0.5,52705,"6fddd79","HEAD","totoro","fixed_1",TRUE,72.154,0.876397950685433,0.899441701993563,-0.0230437513081305,0,0,TRUE,NA
1200,228,5,"MNAR",FALSE,"F1",300,0.5,0.5,52805,"6fddd79","HEAD","totoro","fixed_1",TRUE,87.658,0.859647629525557,0.870247850349563,-0.0106002208240056,0.304761904761905,0.5,FALSE,NA
1201,229,5,"MNAR",FALSE,"F2",300,0.5,0.5,52905,"6fddd79","HEAD","totoro","fixed_1",TRUE,82.81,0.884768830323594,0.89249084625293,-0.00772201592933586,0.25,0.25,TRUE,NA
1202,230,5,"MNAR",FALSE,"F3",300,0.5,0.5,53005,"6fddd79","HEAD","totoro","fixed_1",TRUE,87.541,0.712499078370179,0.654806771272096,0.0576923070980822,0,0,TRUE,NA
1203,231,5,"MNAR",FALSE,"F1",1000,0.5,0.5,53105,"6fddd79","HEAD","totoro","fixed_1",TRUE,272.42,0.879854363259966,0.879854363636508,-3.76542463875751e-10,0,0,FALSE,NA
1204,232,5,"MNAR",FALSE,"F2",1000,0.5,0.5,53205,"6fddd79","HEAD","totoro","fixed_1",TRUE,264.189,0.893657135076471,0.895744120795557,-0.00208698571908517,0.25,0.25,TRUE,NA
1205,233,5,"MNAR",FALSE,"F3",1000,0.5,0.5,53305,"6fddd79","HEAD","totoro","fixed_1",TRUE,276.912,0.625275215454549,0.632589045346604,-0.00731382989205498,0.12037037037037,0.166666666666667,TRUE,NA
1206,234,5,"MNAR",FALSE,"F1",100,1,0.5,53405,"6fddd79","HEAD","totoro","fixed_1",TRUE,80.377,0.506576588006657,0.514579873938232,-0.00800328593157418,0.25,0.25,FALSE,NA
1207,235,5,"MNAR",FALSE,"F2",100,1,0.5,53505,"6fddd79","HEAD","totoro","fixed_1",TRUE,77.429,0.882186607085368,0.888012147114997,-0.00582554002962876,0,0,TRUE,NA
1208,236,5,"MNAR",FALSE,"F3",100,1,0.5,53605,"6fddd79","HEAD","totoro","fixed_1",TRUE,79.147,0.341988053523604,0.483654724214978,-0.141666670691373,0,0,TRUE,NA
1209,237,5,"MNAR",FALSE,"F1",300,1,0.5,53705,"6fddd79","HEAD","totoro","fixed_1",TRUE,97.8,0.53968111805726,0.530383628375325,0.00929748968193467,0.2,0.25,FALSE,NA
1210,238,5,"MNAR",FALSE,"F2",300,1,0.5,53805,"6fddd79","HEAD","totoro","fixed_1",TRUE,81.612,0.710599762795137,0.689974155983986,0.0206256068111509,0.3125,0.5,FALSE,NA
1211,239,5,"MNAR",FALSE,"F3",300,1,0.5,53905,"6fddd79","HEAD","totoro","fixed_1",TRUE,85.293,0.653068659392588,0.699877217246302,-0.0468085578537141,0.0416666666666667,0.166666666666667,TRUE,NA
1212,240,5,"MNAR",FALSE,"F1",1000,1,0.5,54005,"6fddd79","HEAD","totoro","fixed_1",TRUE,264.175,0.478895572220295,0.478895571592572,6.27722984702928e-10,0,0,FALSE,NA
1213,241,5,"MNAR",FALSE,"F2",1000,1,0.5,54105,"6fddd79","HEAD","totoro","fixed_1",TRUE,266.065,0.505366975072938,0.506527100304289,-0.00116012523135123,0.475,0.5,FALSE,NA
1214,242,5,"MNAR",FALSE,"F3",1000,1,0.5,54205,"6fddd79","HEAD","totoro","fixed_1",TRUE,243.782,0.440420487355129,0.441419758899152,-0.000999271544023073,0.025,0.166666666666667,TRUE,NA
1377,162,6,"MNAR",FALSE,"F1",100,0.2,0.1,46206,"6fddd79","HEAD","totoro","fixed_1",TRUE,73.774,0.970952743623127,0.951505124886849,0.0194476187362776,0.25,0.25,TRUE,NA
1378,163,6,"MNAR",FALSE,"F2",100,0.2,0.1,46306,"6fddd79","HEAD","totoro","fixed_1",TRUE,73.699,1.18892941030386,1.24565259964277,-0.0567231893389104,0.710526315789474,0.75,FALSE,NA
1379,164,6,"MNAR",FALSE,"F3",100,0.2,0.1,46406,"6fddd79","HEAD","totoro","fixed_1",TRUE,77.645,0.842961400305276,0.908344176511638,-0.0653827762063615,0,0,TRUE,NA
1380,165,6,"MNAR",FALSE,"F1",300,0.2,0.1,46506,"6fddd79","HEAD","totoro","fixed_1",TRUE,91.08,0.866213166626047,0.871647282445138,-0.00543411581909137,0.25,0.25,TRUE,NA
1381,166,6,"MNAR",FALSE,"F2",300,0.2,0.1,46606,"6fddd79","HEAD","totoro","fixed_1",TRUE,97.179,1.01261791990752,1.10172487203593,-0.0891069521284091,0.75,0.75,TRUE,NA
1382,167,6,"MNAR",FALSE,"F3",300,0.2,0.1,46706,"6fddd79","HEAD","totoro","fixed_1",TRUE,106.042,0.681969759871056,0.706106201595751,-0.0241364417246946,0.166666666666667,0.166666666666667,TRUE,NA
1383,168,6,"MNAR",FALSE,"F1",1000,0.2,0.1,46806,"6fddd79","HEAD","totoro","fixed_1",TRUE,462.751,0.895716193494877,0.90318123957995,-0.00746504608507303,0.5,0.5,FALSE,NA
1384,169,6,"MNAR",FALSE,"F2",1000,0.2,0.1,46906,"6fddd79","HEAD","totoro","fixed_1",TRUE,466.483,0.943488398669584,0.977158533614892,-0.0336701349453083,0.675,0.75,FALSE,NA
1385,170,6,"MNAR",FALSE,"F3",1000,0.2,0.1,47006,"6fddd79","HEAD","totoro","fixed_1",TRUE,493.939,0.707955798003967,0.707955797942015,6.19522211309231e-11,0,0,FALSE,NA
1386,171,6,"MNAR",FALSE,"F1",100,0.5,0.1,47106,"6fddd79","HEAD","totoro","fixed_1",TRUE,70.467,0.904213354843612,0.8927053373452,0.0115080174984122,0.6625,0.75,FALSE,NA
1387,172,6,"MNAR",FALSE,"F2",100,0.5,0.1,47206,"6fddd79","HEAD","totoro","fixed_1",TRUE,69.109,0.781130624457236,0.859808083913229,-0.0786774594559922,0.75,0.75,TRUE,NA
1388,173,6,"MNAR",FALSE,"F3",100,0.5,0.1,47306,"6fddd79","HEAD","totoro","fixed_1",TRUE,79.874,0.659575566749758,0.609609011568787,0.049966555180971,0.0882352941176471,0.166666666666667,TRUE,NA
1389,174,6,"MNAR",FALSE,"F1",300,0.5,0.1,47406,"6fddd79","HEAD","totoro","fixed_1",TRUE,108.398,0.814819439597161,0.81481943894385,6.53310516796068e-10,0,0,FALSE,NA
1390,175,6,"MNAR",FALSE,"F2",300,0.5,0.1,47506,"6fddd79","HEAD","totoro","fixed_1",TRUE,90.15,0.903192447487359,0.924476359283129,-0.0212839117957695,0.4375,0.5,FALSE,NA
1391,176,6,"MNAR",FALSE,"F3",300,0.5,0.1,47606,"6fddd79","HEAD","totoro","fixed_1",TRUE,89.858,0.693771043726846,0.694817705674282,-0.00104666194743541,0.158333333333333,0.166666666666667,FALSE,NA
1392,177,6,"MNAR",FALSE,"F1",1000,0.5,0.1,47706,"6fddd79","HEAD","totoro","fixed_1",TRUE,494.583,0.836637086093622,0.83246285347834,0.00417423261528149,0,0,FALSE,NA
1393,178,6,"MNAR",FALSE,"F2",1000,0.5,0.1,47806,"6fddd79","HEAD","totoro","fixed_1",TRUE,493.356,0.976759090705401,1.02094325766262,-0.0441841669572149,0.5625,0.75,FALSE,NA
1394,179,6,"MNAR",FALSE,"F3",1000,0.5,0.1,47906,"6fddd79","HEAD","totoro","fixed_1",TRUE,443.154,0.69450073663129,0.703934698849556,-0.0094339622182662,0.0666666666666667,0.166666666666667,FALSE,NA
1395,180,6,"MNAR",FALSE,"F1",100,1,0.1,48006,"6fddd79","HEAD","totoro","fixed_1",TRUE,75.447,0.736769671033102,0.60488875658432,0.131880914448782,0,0,TRUE,NA
1396,181,6,"MNAR",FALSE,"F2",100,1,0.1,48106,"6fddd79","HEAD","totoro","fixed_1",TRUE,76.668,0.828851290178496,0.881820003239129,-0.0529687130606328,0.75,0.75,FALSE,NA
1397,182,6,"MNAR",FALSE,"F3",100,1,0.1,48206,"6fddd79","HEAD","totoro","fixed_1",TRUE,71.301,0.507070284133647,0.507070283339653,7.93993870651377e-10,0,0,TRUE,NA
1398,183,6,"MNAR",FALSE,"F1",300,1,0.1,48306,"6fddd79","HEAD","totoro","fixed_1",TRUE,101.6,0.537358969395234,0.54280528053172,-0.00544631113648597,0.5,0.5,FALSE,NA
1399,184,6,"MNAR",FALSE,"F2",300,1,0.1,48406,"6fddd79","HEAD","totoro","fixed_1",TRUE,90.074,0.645703927476908,0.688006097266522,-0.0423021697896142,0.2375,0.25,FALSE,NA
1400,185,6,"MNAR",FALSE,"F3",300,1,0.1,48506,"6fddd79","HEAD","totoro","fixed_1",TRUE,90.954,0.474731056682498,0.426343957026234,0.0483870996562644,0,0,TRUE,NA
1401,186,6,"MNAR",FALSE,"F1",1000,1,0.1,48606,"6fddd79","HEAD","totoro","fixed_1",TRUE,480.688,0.432480761922978,0.433835811304186,-0.00135504938120762,0.125,0.25,FALSE,NA
1402,187,6,"MNAR",FALSE,"F2",1000,1,0.1,48706,"6fddd79","HEAD","totoro","fixed_1",TRUE,488.979,0.608548678770282,0.614154109063871,-0.00560543029358962,0.240131578947368,0.75,FALSE,NA
1403,188,6,"MNAR",FALSE,"F3",1000,1,0.1,48806,"6fddd79","HEAD","totoro","fixed_1",TRUE,454.011,0.381624845870389,0.388066519594884,-0.00644167372449533,0.2,0.333333333333333,FALSE,NA
1404,189,6,"MNAR",FALSE,"F1",100,0.2,0.3,48906,"6fddd79","HEAD","totoro","fixed_1",TRUE,66.48,0.971946253464831,0.933710255384211,0.0382359980806204,0,0,TRUE,NA
1405,190,6,"MNAR",FALSE,"F2",100,0.2,0.3,49006,"6fddd79","HEAD","totoro","fixed_1",TRUE,71.642,0.858546178659275,0.845384349890953,0.0131618287683221,0,0,TRUE,NA
1406,191,6,"MNAR",FALSE,"F3",100,0.2,0.3,49106,"6fddd79","HEAD","totoro","fixed_1",TRUE,75.24,0.612140648293448,0.609259803146347,0.00288084514710063,0,0,TRUE,NA
1407,192,6,"MNAR",FALSE,"F1",300,0.2,0.3,49206,"6fddd79","HEAD","totoro","fixed_1",TRUE,95.942,0.939254301770731,0.943307433290211,-0.0040531315194795,0.5,0.5,FALSE,NA
1408,193,6,"MNAR",FALSE,"F2",300,0.2,0.3,49306,"6fddd79","HEAD","totoro","fixed_1",TRUE,82.128,0.848765924308018,0.917031636587896,-0.0682657122798775,0.7,0.75,FALSE,NA
1409,194,6,"MNAR",FALSE,"F3",300,0.2,0.3,49406,"6fddd79","HEAD","totoro","fixed_1",TRUE,83.328,0.663914958453138,0.702932897259333,-0.0390179388061948,0,0,TRUE,NA
1410,195,6,"MNAR",FALSE,"F1",1000,0.2,0.3,49506,"6fddd79","HEAD","totoro","fixed_1",TRUE,358.978,0.89209735940066,0.899477092347577,-0.0073797329469173,0.25,0.25,FALSE,NA
1411,196,6,"MNAR",FALSE,"F2",1000,0.2,0.3,49606,"6fddd79","HEAD","totoro","fixed_1",TRUE,332.528,0.866971331255692,0.901968697231909,-0.0349973659762168,0.75,0.75,FALSE,NA
1412,197,6,"MNAR",FALSE,"F3",1000,0.2,0.3,49706,"6fddd79","HEAD","totoro","fixed_1",TRUE,351.657,0.696132325759787,0.666392313233874,0.0297400125259126,0,0,TRUE,NA
1413,198,6,"MNAR",FALSE,"F1",100,0.5,0.3,49806,"6fddd79","HEAD","totoro","fixed_1",TRUE,84.563,0.858256733028211,0.788544464928118,0.0697122681000933,0.25,0.25,TRUE,NA
1414,199,6,"MNAR",FALSE,"F2",100,0.5,0.3,49906,"6fddd79","HEAD","totoro","fixed_1",TRUE,67.041,0.924216288359486,0.967645193230923,-0.0434289048714364,0.25,0.25,TRUE,NA
1415,200,6,"MNAR",FALSE,"F3",100,0.5,0.3,50006,"6fddd79","HEAD","totoro","fixed_1",TRUE,74.733,0.598105939693016,0.799449563420441,-0.201343623727425,0.166666666666667,0.166666666666667,TRUE,NA
1416,201,6,"MNAR",FALSE,"F1",300,0.5,0.3,50106,"6fddd79","HEAD","totoro","fixed_1",TRUE,95.515,0.930851893905069,0.948029598870187,-0.0171777049651178,0.5,0.5,FALSE,NA
1417,202,6,"MNAR",FALSE,"F2",300,0.5,0.3,50206,"6fddd79","HEAD","totoro","fixed_1",TRUE,82.776,1.01813786749834,0.997518566699172,0.020619300799172,0.4625,0.5,TRUE,NA
1418,203,6,"MNAR",FALSE,"F3",300,0.5,0.3,50306,"6fddd79","HEAD","totoro","fixed_1",TRUE,91.616,0.631281657001238,0.681559841766116,-0.0502781847648784,0,0,TRUE,NA
1419,204,6,"MNAR",FALSE,"F1",1000,0.5,0.3,50406,"6fddd79","HEAD","totoro","fixed_1",TRUE,355.272,0.869761250909265,0.872483723582061,-0.00272247267279524,0.25,0.25,FALSE,NA
1420,205,6,"MNAR",FALSE,"F2",1000,0.5,0.3,50506,"6fddd79","HEAD","totoro","fixed_1",TRUE,356.801,0.910337760974733,0.917902880819852,-0.00756511984511865,0.379166666666667,0.75,TRUE,NA
1421,206,6,"MNAR",FALSE,"F3",1000,0.5,0.3,50606,"6fddd79","HEAD","totoro","fixed_1",TRUE,352.644,0.693228320246312,0.673903894472744,0.0193244257735679,0.00833333333333333,0.166666666666667,FALSE,NA
1422,207,6,"MNAR",FALSE,"F1",100,1,0.3,50706,"6fddd79","HEAD","totoro","fixed_1",TRUE,68.182,0.785188343672306,0.809716108672972,-0.0245277650006654,0.45,0.5,FALSE,NA
1423,208,6,"MNAR",FALSE,"F2",100,1,0.3,50806,"6fddd79","HEAD","totoro","fixed_1",TRUE,73.445,0.669050572493817,0.744088028351743,-0.0750374558579251,0.5,0.5,FALSE,NA
1424,209,6,"MNAR",FALSE,"F3",100,1,0.3,50906,"6fddd79","HEAD","totoro","fixed_1",TRUE,77.674,0.915670830065034,0.704348756858642,0.211322073206392,0,0,TRUE,NA
1425,210,6,"MNAR",FALSE,"F1",300,1,0.3,51006,"6fddd79","HEAD","totoro","fixed_1",TRUE,93.329,0.485214027609681,0.502358323825109,-0.0171442962154283,0.671052631578947,0.75,FALSE,NA
1426,211,6,"MNAR",FALSE,"F2",300,1,0.3,51106,"6fddd79","HEAD","totoro","fixed_1",TRUE,83.824,0.688395260274125,0.702062360612949,-0.013667100338824,0.725,0.75,FALSE,NA
1427,212,6,"MNAR",FALSE,"F3",300,1,0.3,51206,"6fddd79","HEAD","totoro","fixed_1",TRUE,99.312,0.425364701780714,0.441149386739579,-0.0157846849588646,0.05,0.166666666666667,TRUE,NA
1428,213,6,"MNAR",FALSE,"F1",1000,1,0.3,51306,"6fddd79","HEAD","totoro","fixed_1",TRUE,343.343,0.507747485796582,0.516556750553351,-0.00880926475676858,0.3875,0.5,FALSE,NA
1429,214,6,"MNAR",FALSE,"F2",1000,1,0.3,51406,"6fddd79","HEAD","totoro","fixed_1",TRUE,350.335,0.536650758356485,0.543111099364639,-0.00646034100815407,0.125,0.25,FALSE,NA
1430,215,6,"MNAR",FALSE,"F3",1000,1,0.3,51506,"6fddd79","HEAD","totoro","fixed_1",TRUE,346.042,0.410204551698881,0.410204551483975,2.14906425988204e-10,0,0,FALSE,NA
1431,216,6,"MNAR",FALSE,"F1",100,0.2,0.5,51606,"6fddd79","HEAD","totoro","fixed_1",TRUE,78.742,1.082733780059,1.08705581726782,-0.00432203720882418,0.25,0.25,TRUE,NA
1432,217,6,"MNAR",FALSE,"F2",100,0.2,0.5,51706,"6fddd79","HEAD","totoro","fixed_1",TRUE,67.449,1.04897898570511,1.1496927307085,-0.100713745003393,0.25,0.25,TRUE,NA
1433,218,6,"MNAR",FALSE,"F3",100,0.2,0.5,51806,"6fddd79","HEAD","totoro","fixed_1",TRUE,70.311,0.613013362412721,0.663928760946194,-0.0509153985334727,0,0,TRUE,NA
1434,219,6,"MNAR",FALSE,"F1",300,0.2,0.5,51906,"6fddd79","HEAD","totoro","fixed_1",TRUE,91.442,0.896824082678943,0.892428942562539,0.00439514011640385,0.263157894736842,0.5,TRUE,NA
1435,220,6,"MNAR",FALSE,"F2",300,0.2,0.5,52006,"6fddd79","HEAD","totoro","fixed_1",TRUE,89.421,0.774452033970919,0.829184974164037,-0.0547329401931188,0.5,0.5,TRUE,NA
1436,221,6,"MNAR",FALSE,"F3",300,0.2,0.5,52106,"6fddd79","HEAD","totoro","fixed_1",TRUE,85.021,0.646801795449877,0.642307951294297,0.00449384415558007,0,0,TRUE,NA
1437,222,6,"MNAR",FALSE,"F1",1000,0.2,0.5,52206,"6fddd79","HEAD","totoro","fixed_1",TRUE,262.088,0.934872796457499,0.934263376324202,0.000609420133296568,0.416666666666667,0.5,FALSE,NA
1438,223,6,"MNAR",FALSE,"F2",1000,0.2,0.5,52306,"6fddd79","HEAD","totoro","fixed_1",TRUE,283.936,0.850255746321462,0.858797243465298,-0.00854149714383601,0.7125,0.75,FALSE,NA
1439,224,6,"MNAR",FALSE,"F3",1000,0.2,0.5,52406,"6fddd79","HEAD","totoro","fixed_1",TRUE,280.071,0.697314483284366,0.689864789268338,0.00744969401602824,0,0,TRUE,NA
1440,225,6,"MNAR",FALSE,"F1",100,0.5,0.5,52506,"6fddd79","HEAD","totoro","fixed_1",TRUE,80.767,0.889313289001654,0.900035519227429,-0.0107222302257752,0,0,TRUE,NA
1441,226,6,"MNAR",FALSE,"F2",100,0.5,0.5,52606,"6fddd79","HEAD","totoro","fixed_1",TRUE,71.079,0.952002407333622,1.04611455935082,-0.0941121520171948,0.5,0.5,TRUE,NA
1442,227,6,"MNAR",FALSE,"F3",100,0.5,0.5,52706,"6fddd79","HEAD","totoro","fixed_1",TRUE,78.449,0.639395187894559,0.595189905154625,0.0442052827399344,0,0,TRUE,NA
1443,228,6,"MNAR",FALSE,"F1",300,0.5,0.5,52806,"6fddd79","HEAD","totoro","fixed_1",TRUE,82.827,0.900626147092317,0.897880426367355,0.00274572072496226,0.25,0.25,FALSE,NA
1444,229,6,"MNAR",FALSE,"F2",300,0.5,0.5,52906,"6fddd79","HEAD","totoro","fixed_1",TRUE,94.588,0.823608076237193,0.829075086142012,-0.00546700990481919,0.0875,0.25,FALSE,NA
1445,230,6,"MNAR",FALSE,"F3",300,0.5,0.5,53006,"6fddd79","HEAD","totoro","fixed_1",TRUE,85.995,0.552331436409467,0.536706435688512,0.015625000720955,0,0,TRUE,NA
1446,231,6,"MNAR",FALSE,"F1",1000,0.5,0.5,53106,"6fddd79","HEAD","totoro","fixed_1",TRUE,267.288,0.894811579856867,0.890448945533576,0.00436263432329109,0,0,FALSE,NA
1447,232,6,"MNAR",FALSE,"F2",1000,0.5,0.5,53206,"6fddd79","HEAD","totoro","fixed_1",TRUE,283.395,0.870514607140291,0.889027356733836,-0.0185127495935455,0.25,0.25,FALSE,NA
1448,233,6,"MNAR",FALSE,"F3",1000,0.5,0.5,53306,"6fddd79","HEAD","totoro","fixed_1",TRUE,263.893,0.562156647121939,0.5693499541671,-0.00719330704516041,0.175,0.333333333333333,TRUE,NA
1449,234,6,"MNAR",FALSE,"F1",100,1,0.5,53406,"6fddd79","HEAD","totoro","fixed_1",TRUE,83.494,0.524140850838486,0.521202372986498,0.00293847785198842,0.075,0.25,FALSE,NA
1450,235,6,"MNAR",FALSE,"F2",100,1,0.5,53506,"6fddd79","HEAD","totoro","fixed_1",TRUE,77.338,0.572435056802068,0.647447936241709,-0.0750128794396415,0.5,0.5,FALSE,NA
1451,236,6,"MNAR",FALSE,"F3",100,1,0.5,53606,"6fddd79","HEAD","totoro","fixed_1",TRUE,78.606,0.483087337525265,0.460542244012693,0.0225450935125718,0.166666666666667,0.166666666666667,TRUE,NA
1452,237,6,"MNAR",FALSE,"F1",300,1,0.5,53706,"6fddd79","HEAD","totoro","fixed_1",TRUE,94.081,0.571858008866692,0.579286018884141,-0.0074280100174493,0.444444444444444,0.5,FALSE,NA
1453,238,6,"MNAR",FALSE,"F2",300,1,0.5,53806,"6fddd79","HEAD","totoro","fixed_1",TRUE,93.556,0.504454926606827,0.496625422487901,0.00782950411892547,0.45,0.5,FALSE,NA
1454,239,6,"MNAR",FALSE,"F3",300,1,0.5,53906,"6fddd79","HEAD","totoro","fixed_1",TRUE,95.678,0.611961732749103,0.55916046105705,0.0528012716920537,0.333333333333333,0.333333333333333,TRUE,NA
1455,240,6,"MNAR",FALSE,"F1",1000,1,0.5,54006,"6fddd79","HEAD","totoro","fixed_1",TRUE,275.861,0.483485626807597,0.48288261643253,0.000603010375066659,0.2375,0.25,FALSE,NA
1456,241,6,"MNAR",FALSE,"F2",1000,1,0.5,54106,"6fddd79","HEAD","totoro","fixed_1",TRUE,264.55,0.529725320122345,0.538232067618961,-0.00850674749661628,0.6875,0.75,FALSE,NA
1457,242,6,"MNAR",FALSE,"F3",1000,1,0.5,54206,"6fddd79","HEAD","totoro","fixed_1",TRUE,274.613,0.474238364428908,0.495276016616852,-0.0210376521879435,0,0,TRUE,NA
1620,162,7,"MNAR",FALSE,"F1",100,0.2,0.1,46207,"6fddd79","HEAD","totoro","fixed_1",TRUE,82.807,0.897313473239224,0.92131529355579,-0.0240018203165665,0.503947368421053,0.75,TRUE,NA
1621,163,7,"MNAR",FALSE,"F2",100,0.2,0.1,46307,"6fddd79","HEAD","totoro","fixed_1",TRUE,76.577,0.980993898627984,1.03051141361221,-0.0495175149842206,0.25,0.25,TRUE,NA
1622,164,7,"MNAR",FALSE,"F3",100,0.2,0.1,46407,"6fddd79","HEAD","totoro","fixed_1",TRUE,86.73,0.528180580816512,0.524811714193535,0.00336886662297686,0.156578947368421,0.333333333333333,TRUE,NA
1623,165,7,"MNAR",FALSE,"F1",300,0.2,0.1,46507,"6fddd79","HEAD","totoro","fixed_1",TRUE,106.069,0.964859564914396,0.968378863235014,-0.00351929832061748,0.2875,0.5,FALSE,NA
1624,166,7,"MNAR",FALSE,"F2",300,0.2,0.1,46607,"6fddd79","HEAD","totoro","fixed_1",TRUE,98.643,1.08815326873417,1.17840367392919,-0.0902504051950148,0.5,0.5,FALSE,NA
1625,167,7,"MNAR",FALSE,"F3",300,0.2,0.1,46707,"6fddd79","HEAD","totoro","fixed_1",TRUE,99.946,0.769413579606399,0.760913989085238,0.00849959052116034,0,0,TRUE,NA
1626,168,7,"MNAR",FALSE,"F1",1000,0.2,0.1,46807,"6fddd79","HEAD","totoro","fixed_1",TRUE,456.502,0.92473578910659,0.931553915018908,-0.0068181259123179,0.5,0.5,FALSE,NA
1627,169,7,"MNAR",FALSE,"F2",1000,0.2,0.1,46907,"6fddd79","HEAD","totoro","fixed_1",TRUE,511.454,0.96060931325959,0.969000270233558,-0.0083909569739683,0.455882352941176,0.5,TRUE,NA
1628,170,7,"MNAR",FALSE,"F3",1000,0.2,0.1,47007,"6fddd79","HEAD","totoro","fixed_1",TRUE,460.576,0.721419187380036,0.733027410482786,-0.01160822310275,0.316666666666667,0.333333333333333,FALSE,NA
1629,171,7,"MNAR",FALSE,"F1",100,0.5,0.1,47107,"6fddd79","HEAD","totoro","fixed_1",TRUE,76.573,0.725558849558827,0.732380646813694,-0.00682179725486742,0,0,TRUE,NA
1630,172,7,"MNAR",FALSE,"F2",100,0.5,0.1,47207,"6fddd79","HEAD","totoro","fixed_1",TRUE,81.302,0.658935978040084,0.676272587555588,-0.0173366095155035,0.5,0.5,TRUE,NA
1631,173,7,"MNAR",FALSE,"F3",100,0.5,0.1,47307,"6fddd79","HEAD","totoro","fixed_1",TRUE,81.445,0.64248089025523,0.65439311806106,-0.01191222780583,0,0,TRUE,NA
1632,174,7,"MNAR",FALSE,"F1",300,0.5,0.1,47407,"6fddd79","HEAD","totoro","fixed_1",TRUE,94.289,0.788739358121306,0.77729373956965,0.0114456185516559,0.173076923076923,0.25,FALSE,NA
1633,175,7,"MNAR",FALSE,"F2",300,0.5,0.1,47507,"6fddd79","HEAD","totoro","fixed_1",TRUE,103.05,0.832067795446653,0.86560809318748,-0.0335402977408275,0.5,0.5,TRUE,NA
1634,176,7,"MNAR",FALSE,"F3",300,0.5,0.1,47607,"6fddd79","HEAD","totoro","fixed_1",TRUE,102.726,0.593476968448347,0.60533622989451,-0.0118592614461628,0.108333333333333,0.166666666666667,FALSE,NA
1635,177,7,"MNAR",FALSE,"F1",1000,0.5,0.1,47707,"6fddd79","HEAD","totoro","fixed_1",TRUE,515.886,0.803153701244174,0.803153701156035,8.81384965012444e-11,0,0,FALSE,NA
1636,178,7,"MNAR",FALSE,"F2",1000,0.5,0.1,47807,"6fddd79","HEAD","totoro","fixed_1",TRUE,459.16,0.888586823967373,0.922030281564897,-0.033443457597524,0.4875,0.5,FALSE,NA
1637,179,7,"MNAR",FALSE,"F3",1000,0.5,0.1,47907,"6fddd79","HEAD","totoro","fixed_1",TRUE,448.084,0.64360808339106,0.643608082489409,9.01650643037044e-10,0,0,FALSE,NA
1638,180,7,"MNAR",FALSE,"F1",100,1,0.1,48007,"6fddd79","HEAD","totoro","fixed_1",TRUE,73.964,0.5719615324162,0.627680126822726,-0.0557185944065265,0.675,0.75,FALSE,NA
1639,181,7,"MNAR",FALSE,"F2",100,1,0.1,48107,"6fddd79","HEAD","totoro","fixed_1",TRUE,77.83,0.589908286072981,0.651453656897471,-0.0615453708244905,0.75,0.75,TRUE,NA
1640,182,7,"MNAR",FALSE,"F3",100,1,0.1,48207,"6fddd79","HEAD","totoro","fixed_1",TRUE,77.859,0.540031297721884,0.540031294328243,3.39364147894372e-09,0,0,FALSE,NA
1641,183,7,"MNAR",FALSE,"F1",300,1,0.1,48307,"6fddd79","HEAD","totoro","fixed_1",TRUE,107.103,0.545757086133848,0.545757084358738,1.7751101699659e-09,0,0,FALSE,NA
1642,184,7,"MNAR",FALSE,"F2",300,1,0.1,48407,"6fddd79","HEAD","totoro","fixed_1",TRUE,101.996,0.611921113013299,0.645158925956193,-0.0332378129428945,0.465277777777778,0.75,FALSE,NA
1643,185,7,"MNAR",FALSE,"F3",300,1,0.1,48507,"6fddd79","HEAD","totoro","fixed_1",TRUE,104.703,0.541271785906413,0.486951060858535,0.0543207250478779,0.075,0.333333333333333,TRUE,NA
1644,186,7,"MNAR",FALSE,"F1",1000,1,0.1,48607,"6fddd79","HEAD","totoro","fixed_1",TRUE,480.581,0.426162283597142,0.425026626710525,0.00113565688661649,0.25,0.25,FALSE,NA
1645,187,7,"MNAR",FALSE,"F2",1000,1,0.1,48707,"6fddd79","HEAD","totoro","fixed_1",TRUE,469.204,0.569236023070102,0.593466888197228,-0.0242308651271259,0.6,0.75,FALSE,NA
1646,188,7,"MNAR",FALSE,"F3",1000,1,0.1,48807,"6fddd79","HEAD","totoro","fixed_1",TRUE,524.056,0.432784939298492,0.432784938860072,4.38420078019419e-10,0,0,FALSE,NA
1647,189,7,"MNAR",FALSE,"F1",100,0.2,0.3,48907,"6fddd79","HEAD","totoro","fixed_1",TRUE,78.659,0.74653482755204,0.751199385541924,-0.00466455798988374,0.25,0.25,FALSE,NA
1648,190,7,"MNAR",FALSE,"F2",100,0.2,0.3,49007,"6fddd79","HEAD","totoro","fixed_1",TRUE,78.24,0.9643430596545,1.02681184246607,-0.0624687828115734,0.5,0.5,FALSE,NA
1649,191,7,"MNAR",FALSE,"F3",100,0.2,0.3,49107,"6fddd79","HEAD","totoro","fixed_1",TRUE,78.366,0.863966769747315,0.818329611647814,0.0456371580995008,0,0,TRUE,NA
1650,192,7,"MNAR",FALSE,"F1",300,0.2,0.3,49207,"6fddd79","HEAD","totoro","fixed_1",TRUE,89.556,0.911343310111793,0.932273568990328,-0.0209302588785349,0,0,TRUE,NA
1651,193,7,"MNAR",FALSE,"F2",300,0.2,0.3,49307,"6fddd79","HEAD","totoro","fixed_1",TRUE,90.911,0.851086256215389,0.853042836159499,-0.00195657994410969,0.25,0.25,TRUE,NA
1652,194,7,"MNAR",FALSE,"F3",300,0.2,0.3,49407,"6fddd79","HEAD","totoro","fixed_1",TRUE,96.828,0.632105269916987,0.687956176612009,-0.0558509066950224,0.166666666666667,0.166666666666667,TRUE,NA
1653,195,7,"MNAR",FALSE,"F1",1000,0.2,0.3,49507,"6fddd79","HEAD","totoro","fixed_1",TRUE,338.328,0.889626085986623,0.898600168357662,-0.0089740823710388,0.5,0.5,FALSE,NA
1654,196,7,"MNAR",FALSE,"F2",1000,0.2,0.3,49607,"6fddd79","HEAD","totoro","fixed_1",TRUE,349.624,0.944105132556858,0.998411279736933,-0.0543061471800756,0.7125,0.75,FALSE,NA
1655,197,7,"MNAR",FALSE,"F3",1000,0.2,0.3,49707,"6fddd79","HEAD","totoro","fixed_1",TRUE,344.518,0.649075764984256,0.660436091138471,-0.0113603261542156,0,0,TRUE,NA
1656,198,7,"MNAR",FALSE,"F1",100,0.5,0.3,49807,"6fddd79","HEAD","totoro","fixed_1",TRUE,75.779,0.808222494166144,0.891833666552824,-0.0836111723866803,0.138888888888889,0.25,TRUE,NA
1657,199,7,"MNAR",FALSE,"F2",100,0.5,0.3,49907,"6fddd79","HEAD","totoro","fixed_1",TRUE,80.453,0.71044664340763,0.801458279483783,-0.0910116360761533,0.75,0.75,FALSE,NA
1658,200,7,"MNAR",FALSE,"F3",100,0.5,0.3,50007,"6fddd79","HEAD","totoro","fixed_1",TRUE,83.833,0.666457994305904,0.702172281675596,-0.0357142873696923,0,0,TRUE,NA
1659,201,7,"MNAR",FALSE,"F1",300,0.5,0.3,50107,"6fddd79","HEAD","totoro","fixed_1",TRUE,104.958,0.7987761515082,0.799450963677242,-0.000674812169041639,0,0,FALSE,NA
1660,202,7,"MNAR",FALSE,"F2",300,0.5,0.3,50207,"6fddd79","HEAD","totoro","fixed_1",TRUE,101.881,0.715420379280753,0.769723956360614,-0.0543035770798614,0.7375,0.75,FALSE,NA
1661,203,7,"MNAR",FALSE,"F3",300,0.5,0.3,50307,"6fddd79","HEAD","totoro","fixed_1",TRUE,99.446,0.631130230470094,0.61379549332611,0.0173347371439844,0,0,TRUE,NA
1662,204,7,"MNAR",FALSE,"F1",1000,0.5,0.3,50407,"6fddd79","HEAD","totoro","fixed_1",TRUE,350.538,0.841825108294825,0.837101842360782,0.00472326593404282,0.0125,0.25,FALSE,NA
1663,205,7,"MNAR",FALSE,"F2",1000,0.5,0.3,50507,"6fddd79","HEAD","totoro","fixed_1",TRUE,330.42,0.798833512775967,0.829907823976973,-0.0310743112010056,0.5,0.5,FALSE,NA
1664,206,7,"MNAR",FALSE,"F3",1000,0.5,0.3,50607,"6fddd79","HEAD","totoro","fixed_1",TRUE,344.335,0.660839564372016,0.653656807305,0.00718275706701588,0,0,TRUE,NA
1665,207,7,"MNAR",FALSE,"F1",100,1,0.3,50707,"6fddd79","HEAD","totoro","fixed_1",TRUE,79.547,0.760933727361124,0.738411992440133,0.0225217349209906,0.2,0.25,FALSE,NA
1666,208,7,"MNAR",FALSE,"F2",100,1,0.3,50807,"6fddd79","HEAD","totoro","fixed_1",TRUE,85.29,0.573123235766273,0.487393691365032,0.085729544401241,0.25,0.25,TRUE,NA
1667,209,7,"MNAR",FALSE,"F3",100,1,0.3,50907,"6fddd79","HEAD","totoro","fixed_1",TRUE,73.304,0.666611415065603,0.686954353983487,-0.0203429389178842,0,0,TRUE,NA
1668,210,7,"MNAR",FALSE,"F1",300,1,0.3,51007,"6fddd79","HEAD","totoro","fixed_1",TRUE,98.211,0.552349575276709,0.552349577097787,-1.82107795509978e-09,0,0,FALSE,NA
1669,211,7,"MNAR",FALSE,"F2",300,1,0.3,51107,"6fddd79","HEAD","totoro","fixed_1",TRUE,91.656,0.638095578514097,0.638436418580499,-0.000340840066402559,0.2375,0.25,FALSE,NA
1670,212,7,"MNAR",FALSE,"F3",300,1,0.3,51207,"6fddd79","HEAD","totoro","fixed_1",TRUE,95.784,0.623589632673161,0.564362385211587,0.0592272474615744,0,0,TRUE,NA
1671,213,7,"MNAR",FALSE,"F1",1000,1,0.3,51307,"6fddd79","HEAD","totoro","fixed_1",TRUE,365.533,0.487624239576428,0.483702209598319,0.00392202997810837,0.1625,0.25,FALSE,NA
1672,214,7,"MNAR",FALSE,"F2",1000,1,0.3,51407,"6fddd79","HEAD","totoro","fixed_1",TRUE,367.868,0.663843797367585,0.692817979451183,-0.0289741820835976,0.425,0.5,FALSE,NA
1673,215,7,"MNAR",FALSE,"F3",1000,1,0.3,51507,"6fddd79","HEAD","totoro","fixed_1",TRUE,352.862,0.425845665698966,0.425845664923062,7.75904840377706e-10,0,0,FALSE,NA
1674,216,7,"MNAR",FALSE,"F1",100,0.2,0.5,51607,"6fddd79","HEAD","totoro","fixed_1",TRUE,76.551,0.839326985551351,0.837202756020845,0.00212422953050595,0,0,TRUE,NA
1675,217,7,"MNAR",FALSE,"F2",100,0.2,0.5,51707,"6fddd79","HEAD","totoro","fixed_1",TRUE,74.508,0.855853049807384,0.890095876214021,-0.0342428264066368,0.175,0.25,TRUE,NA
1676,218,7,"MNAR",FALSE,"F3",100,0.2,0.5,51807,"6fddd79","HEAD","totoro","fixed_1",TRUE,79.961,0.459715896949646,0.529002832952192,-0.0692869360025468,0.166666666666667,0.166666666666667,TRUE,NA
1677,219,7,"MNAR",FALSE,"F1",300,0.2,0.5,51907,"6fddd79","HEAD","totoro","fixed_1",TRUE,93.508,0.722658264080792,0.731245142276526,-0.00858687819573389,0.25,0.25,TRUE,NA
1678,220,7,"MNAR",FALSE,"F2",300,0.2,0.5,52007,"6fddd79","HEAD","totoro","fixed_1",TRUE,91.331,0.955907755277139,0.966676149748761,-0.0107683944716218,0.25,0.25,TRUE,NA
1679,221,7,"MNAR",FALSE,"F3",300,0.2,0.5,52107,"6fddd79","HEAD","totoro","fixed_1",TRUE,88.257,0.567565527674969,0.567565527099143,5.75826053506034e-10,0,0,FALSE,NA
1680,222,7,"MNAR",FALSE,"F1",1000,0.2,0.5,52207,"6fddd79","HEAD","totoro","fixed_1",TRUE,268.266,0.940144987449795,0.933799440396511,0.00634554705328427,0.0131578947368421,0.25,TRUE,NA
1681,223,7,"MNAR",FALSE,"F2",1000,0.2,0.5,52307,"6fddd79","HEAD","totoro","fixed_1",TRUE,276.273,0.96303333478535,0.935495651200063,0.0275376835852869,0,0,TRUE,NA
1682,224,7,"MNAR",FALSE,"F3",1000,0.2,0.5,52407,"6fddd79","HEAD","totoro","fixed_1",TRUE,290.953,0.705887692050599,0.690549403247137,0.0153382888034617,0,0,TRUE,NA
1683,225,7,"MNAR",FALSE,"F1",100,0.5,0.5,52507,"6fddd79","HEAD","totoro","fixed_1",TRUE,79.795,1.03441220805167,0.99608606345819,0.0383261445934806,0.5,0.5,TRUE,NA
1684,226,7,"MNAR",FALSE,"F2",100,0.5,0.5,52607,"6fddd79","HEAD","totoro","fixed_1",TRUE,72.548,0.669485225787835,0.748578756459145,-0.0790935306713108,0.5,0.5,TRUE,NA
1685,227,7,"MNAR",FALSE,"F3",100,0.5,0.5,52707,"6fddd79","HEAD","totoro","fixed_1",TRUE,67.684,0.845851915369064,0.831566201710074,0.01428571365899,0,0,TRUE,NA
1686,228,7,"MNAR",FALSE,"F1",300,0.5,0.5,52807,"6fddd79","HEAD","totoro","fixed_1",TRUE,89.503,0.922393680906099,0.910933388169857,0.0114602927362428,0.15,0.25,FALSE,NA
1687,229,7,"MNAR",FALSE,"F2",300,0.5,0.5,52907,"6fddd79","HEAD","totoro","fixed_1",TRUE,88.415,0.892193036614858,0.97581436681965,-0.0836213302047916,0.75,0.75,TRUE,NA
1688,230,7,"MNAR",FALSE,"F3",300,0.5,0.5,53007,"6fddd79","HEAD","totoro","fixed_1",TRUE,91.021,0.680498073224884,0.64883140653185,0.0316666666930335,0,0,TRUE,NA
1689,231,7,"MNAR",FALSE,"F1",1000,0.5,0.5,53107,"6fddd79","HEAD","totoro","fixed_1",TRUE,261.128,0.87437152661702,0.874371526758883,-1.41862632752066e-10,0,0,FALSE,NA
1690,232,7,"MNAR",FALSE,"F2",1000,0.5,0.5,53207,"6fddd79","HEAD","totoro","fixed_1",TRUE,272.829,0.943951493931057,0.953323322753296,-0.00937182882223864,0.631578947368421,0.75,FALSE,NA
1691,233,7,"MNAR",FALSE,"F3",1000,0.5,0.5,53307,"6fddd79","HEAD","totoro","fixed_1",TRUE,247.532,0.618569800198375,0.63117040481995,-0.0126006046215743,0.158333333333333,0.166666666666667,TRUE,NA
1692,234,7,"MNAR",FALSE,"F1",100,1,0.5,53407,"6fddd79","HEAD","totoro","fixed_1",TRUE,75.238,0.702794932424662,0.702794926541246,5.88341542151483e-09,0,0,FALSE,NA
1693,235,7,"MNAR",FALSE,"F2",100,1,0.5,53507,"6fddd79","HEAD","totoro","fixed_1",TRUE,73.443,0.688676807549003,0.710914133272113,-0.0222373257231108,0.25,0.25,TRUE,NA
1694,236,7,"MNAR",FALSE,"F3",100,1,0.5,53607,"6fddd79","HEAD","totoro","fixed_1",TRUE,72.366,0.519494141871215,0.519494144819202,-2.94798785382966e-09,0,0,TRUE,NA
1695,237,7,"MNAR",FALSE,"F1",300,1,0.5,53707,"6fddd79","HEAD","totoro","fixed_1",TRUE,93.082,0.499554821554605,0.506646458457804,-0.00709163690319897,0.025,0.25,FALSE,NA
1696,238,7,"MNAR",FALSE,"F2",300,1,0.5,53807,"6fddd79","HEAD","totoro","fixed_1",TRUE,81.757,0.539404999626764,0.556932350193357,-0.0175273505665934,0.25,0.25,FALSE,NA
1697,239,7,"MNAR",FALSE,"F3",300,1,0.5,53907,"6fddd79","HEAD","totoro","fixed_1",TRUE,88.852,0.52259346775132,0.582893109111555,-0.0602996413602355,0.1,0.333333333333333,TRUE,NA
1698,240,7,"MNAR",FALSE,"F1",1000,1,0.5,54007,"6fddd79","HEAD","totoro","fixed_1",TRUE,269.683,0.54187015176177,0.532433951528349,0.00943620023342118,0.0789473684210526,0.25,FALSE,NA
1699,241,7,"MNAR",FALSE,"F2",1000,1,0.5,54107,"6fddd79","HEAD","totoro","fixed_1",TRUE,256.826,0.563064923894736,0.582429014948223,-0.019364091053487,0.486842105263158,0.5,FALSE,NA
1700,242,7,"MNAR",FALSE,"F3",1000,1,0.5,54207,"6fddd79","HEAD","totoro","fixed_1",TRUE,275.093,0.445274506796319,0.459767258752158,-0.0144927519558394,0,0,TRUE,NA
1863,162,8,"MNAR",FALSE,"F1",100,0.2,0.1,46208,"6fddd79","HEAD","totoro","fixed_1",TRUE,75.61,1.03957716214126,1.06845955260107,-0.0288823904598048,0.25,0.25,TRUE,NA
1864,163,8,"MNAR",FALSE,"F2",100,0.2,0.1,46308,"6fddd79","HEAD","totoro","fixed_1",TRUE,66.641,0.851944708459751,0.914562535070909,-0.0626178266111577,0.225,0.25,TRUE,NA
1865,164,8,"MNAR",FALSE,"F3",100,0.2,0.1,46408,"6fddd79","HEAD","totoro","fixed_1",TRUE,70.923,0.676955451782198,0.700499456779579,-0.023544004997381,0.208333333333333,0.333333333333333,FALSE,NA
1866,165,8,"MNAR",FALSE,"F1",300,0.2,0.1,46508,"6fddd79","HEAD","totoro","fixed_1",TRUE,98.7,0.988533260932783,0.99054960527041,-0.00201634433762721,0,0,FALSE,NA
1867,166,8,"MNAR",FALSE,"F2",300,0.2,0.1,46608,"6fddd79","HEAD","totoro","fixed_1",TRUE,88.311,0.910919895905182,0.963024260257409,-0.0521043643522271,0.605263157894737,0.75,TRUE,NA
1868,167,8,"MNAR",FALSE,"F3",300,0.2,0.1,46708,"6fddd79","HEAD","totoro","fixed_1",TRUE,94.307,0.693616080047336,0.699092522293799,-0.00547644224646249,0.166666666666667,0.166666666666667,TRUE,NA
1869,168,8,"MNAR",FALSE,"F1",1000,0.2,0.1,46808,"6fddd79","HEAD","totoro","fixed_1",TRUE,460.07,0.921342922313788,0.939265578673056,-0.0179226563592684,0.25,0.25,TRUE,NA
1870,169,8,"MNAR",FALSE,"F2",1000,0.2,0.1,46908,"6fddd79","HEAD","totoro","fixed_1",TRUE,459.932,0.860625030931987,0.893303521538468,-0.0326784906064813,0.7125,0.75,FALSE,NA
1871,170,8,"MNAR",FALSE,"F3",1000,0.2,0.1,47008,"6fddd79","HEAD","totoro","fixed_1",TRUE,485.489,0.792523575033896,0.784259111987776,0.00826446304612005,0,0,FALSE,NA
1872,171,8,"MNAR",FALSE,"F1",100,0.5,0.1,47108,"6fddd79","HEAD","totoro","fixed_1",TRUE,71.233,0.963075537138185,0.975034928087979,-0.0119593909497945,0.227272727272727,0.25,FALSE,NA
1873,172,8,"MNAR",FALSE,"F2",100,0.5,0.1,47208,"6fddd79","HEAD","totoro","fixed_1",TRUE,70.093,0.665464518302341,0.685752594928311,-0.0202880766259702,0.25,0.25,FALSE,NA
1874,173,8,"MNAR",FALSE,"F3",100,0.5,0.1,47308,"6fddd79","HEAD","totoro","fixed_1",TRUE,72.373,0.745510092517419,0.647642454150159,0.0978676383672602,0,0,TRUE,NA
1875,174,8,"MNAR",FALSE,"F1",300,0.5,0.1,47408,"6fddd79","HEAD","totoro","fixed_1",TRUE,99.211,0.836444230664591,0.841563846610245,-0.00511961594565424,0.125,0.25,FALSE,NA
1876,175,8,"MNAR",FALSE,"F2",300,0.5,0.1,47508,"6fddd79","HEAD","totoro","fixed_1",TRUE,96.048,0.834150156878633,0.893115931527284,-0.0589657746486507,0.825,1,FALSE,NA
1877,176,8,"MNAR",FALSE,"F3",300,0.5,0.1,47608,"6fddd79","HEAD","totoro","fixed_1",TRUE,94.017,0.760445713396786,0.753047531868451,0.00739818152833571,0.0416666666666667,0.166666666666667,TRUE,NA
1878,177,8,"MNAR",FALSE,"F1",1000,0.5,0.1,47708,"6fddd79","HEAD","totoro","fixed_1",TRUE,469.327,0.874849215467015,0.876829903689719,-0.00198068822270481,0.0875,0.25,FALSE,NA
1879,178,8,"MNAR",FALSE,"F2",1000,0.5,0.1,47808,"6fddd79","HEAD","totoro","fixed_1",TRUE,507.724,0.800298784030508,0.834366615666523,-0.0340678316360158,0.5,0.5,FALSE,NA
1880,179,8,"MNAR",FALSE,"F3",1000,0.5,0.1,47908,"6fddd79","HEAD","totoro","fixed_1",TRUE,500.43,0.67804871564617,0.683499039357866,-0.00545032371169596,0.137254901960784,0.166666666666667,FALSE,NA
1881,180,8,"MNAR",FALSE,"F1",100,1,0.1,48008,"6fddd79","HEAD","totoro","fixed_1",TRUE,69.935,0.862175293806193,0.869978948596096,-0.00780365478990297,0.220588235294118,0.25,FALSE,NA
1882,181,8,"MNAR",FALSE,"F2",100,1,0.1,48108,"6fddd79","HEAD","totoro","fixed_1",TRUE,76.618,0.688778015189158,0.745406503687388,-0.0566284884982302,0.225,0.25,TRUE,NA
1883,182,8,"MNAR",FALSE,"F3",100,1,0.1,48208,"6fddd79","HEAD","totoro","fixed_1",TRUE,73.27,0.590168944085019,0.63183561079544,-0.041666666710421,0,0,TRUE,NA
1884,183,8,"MNAR",FALSE,"F1",300,1,0.1,48308,"6fddd79","HEAD","totoro","fixed_1",TRUE,96.679,0.621863297825954,0.626325880593324,-0.00446258276736999,0,0,FALSE,NA
1885,184,8,"MNAR",FALSE,"F2",300,1,0.1,48408,"6fddd79","HEAD","totoro","fixed_1",TRUE,97.743,0.63721185847407,0.664843163934225,-0.0276313054601547,0.421052631578947,0.5,FALSE,NA
1886,185,8,"MNAR",FALSE,"F3",300,1,0.1,48508,"6fddd79","HEAD","totoro","fixed_1",TRUE,97.581,0.446210061558451,0.400149879011266,0.0460601825471854,0.116666666666667,0.166666666666667,TRUE,NA
1887,186,8,"MNAR",FALSE,"F1",1000,1,0.1,48608,"6fddd79","HEAD","totoro","fixed_1",TRUE,491.398,0.455857397986362,0.45644502870001,-0.000587630713647869,0.075,0.25,FALSE,NA
1888,187,8,"MNAR",FALSE,"F2",1000,1,0.1,48708,"6fddd79","HEAD","totoro","fixed_1",TRUE,494.96,0.580100555314924,0.600150212567791,-0.0200496572528672,0.2,0.5,FALSE,NA
1889,188,8,"MNAR",FALSE,"F3",1000,1,0.1,48808,"6fddd79","HEAD","totoro","fixed_1",TRUE,474.684,0.494663626642069,0.488799504682747,0.0058641219593229,0.258333333333333,0.333333333333333,FALSE,NA
1890,189,8,"MNAR",FALSE,"F1",100,0.2,0.3,48908,"6fddd79","HEAD","totoro","fixed_1",TRUE,80.319,0.819311404279795,0.82288428087708,-0.00357287659728522,0,0,TRUE,NA
1891,190,8,"MNAR",FALSE,"F2",100,0.2,0.3,49008,"6fddd79","HEAD","totoro","fixed_1",TRUE,70.679,0.781698544461658,0.82023016562971,-0.0385316211680515,0.5625,0.75,FALSE,NA
1892,191,8,"MNAR",FALSE,"F3",100,0.2,0.3,49108,"6fddd79","HEAD","totoro","fixed_1",TRUE,72.033,0.568526440867017,0.555860012365391,0.0126664285016254,0.166666666666667,0.166666666666667,TRUE,NA
1893,192,8,"MNAR",FALSE,"F1",300,0.2,0.3,49208,"6fddd79","HEAD","totoro","fixed_1",TRUE,90.518,0.897812563320562,0.889641940245936,0.00817062307462613,0.1375,0.25,TRUE,NA
1894,193,8,"MNAR",FALSE,"F2",300,0.2,0.3,49308,"6fddd79","HEAD","totoro","fixed_1",TRUE,93.346,1.00038749666776,1.10929291472715,-0.108905418059391,0.85,1,FALSE,NA
1895,194,8,"MNAR",FALSE,"F3",300,0.2,0.3,49408,"6fddd79","HEAD","totoro","fixed_1",TRUE,88.431,0.651890559237106,0.677827975052084,-0.025937415814978,0.225,0.333333333333333,FALSE,NA
1896,195,8,"MNAR",FALSE,"F1",1000,0.2,0.3,49508,"6fddd79","HEAD","totoro","fixed_1",TRUE,349.518,0.984372076782395,0.975792028528771,0.0085800482536238,0.5,0.5,TRUE,NA
1897,196,8,"MNAR",FALSE,"F2",1000,0.2,0.3,49608,"6fddd79","HEAD","totoro","fixed_1",TRUE,353.022,0.787482983212965,0.823398190770669,-0.0359152075577038,0.45,0.5,FALSE,NA
1898,197,8,"MNAR",FALSE,"F3",1000,0.2,0.3,49708,"6fddd79","HEAD","totoro","fixed_1",TRUE,325.081,0.716308196546282,0.708724081286504,0.00758411525977731,0.1,0.5,TRUE,NA
1899,198,8,"MNAR",FALSE,"F1",100,0.5,0.3,49808,"6fddd79","HEAD","totoro","fixed_1",TRUE,74.633,0.846389428876926,0.834363407690744,0.0120260211861813,0.425,0.5,TRUE,NA
1900,199,8,"MNAR",FALSE,"F2",100,0.5,0.3,49908,"6fddd79","HEAD","totoro","fixed_1",TRUE,74.458,0.903067755660545,0.818244126972078,0.0848236286884675,0.25,0.25,TRUE,NA
1901,200,8,"MNAR",FALSE,"F3",100,0.5,0.3,50008,"6fddd79","HEAD","totoro","fixed_1",TRUE,75.064,0.847524152223509,0.806586198026466,0.0409379541970426,0.133333333333333,0.166666666666667,TRUE,NA
1902,201,8,"MNAR",FALSE,"F1",300,0.5,0.3,50108,"6fddd79","HEAD","totoro","fixed_1",TRUE,94.612,0.75420298449837,0.760214059005284,-0.00601107450691352,0,0,FALSE,NA
1903,202,8,"MNAR",FALSE,"F2",300,0.5,0.3,50208,"6fddd79","HEAD","totoro","fixed_1",TRUE,89.739,0.829132156882552,0.836078989534275,-0.00694683265172347,0.55,0.75,FALSE,NA
1904,203,8,"MNAR",FALSE,"F3",300,0.5,0.3,50308,"6fddd79","HEAD","totoro","fixed_1",TRUE,91.95,0.551004799120642,0.613641508591122,-0.0626367094704796,0.166666666666667,0.166666666666667,TRUE,NA
1905,204,8,"MNAR",FALSE,"F1",1000,0.5,0.3,50408,"6fddd79","HEAD","totoro","fixed_1",TRUE,375.079,0.883003642063292,0.8830036418418,2.21492491014885e-10,0,0,FALSE,NA
1906,205,8,"MNAR",FALSE,"F2",1000,0.5,0.3,50508,"6fddd79","HEAD","totoro","fixed_1",TRUE,365.465,0.895052731461282,0.90514524029522,-0.0100925088339381,0.25,0.25,FALSE,NA
1907,206,8,"MNAR",FALSE,"F3",1000,0.5,0.3,50608,"6fddd79","HEAD","totoro","fixed_1",TRUE,329.153,0.694766763139285,0.702702934471277,-0.00793617133199109,0,0,FALSE,NA
1908,207,8,"MNAR",FALSE,"F1",100,1,0.3,50708,"6fddd79","HEAD","totoro","fixed_1",TRUE,80.17,0.631415847811245,0.62822321440703,0.00319263340421572,0.1,0.25,FALSE,NA
1909,208,8,"MNAR",FALSE,"F2",100,1,0.3,50808,"6fddd79","HEAD","totoro","fixed_1",TRUE,70.215,0.526863277399843,0.60067833081557,-0.0738150534157277,0.223684210526316,0.5,FALSE,NA
1910,209,8,"MNAR",FALSE,"F3",100,1,0.3,50908,"6fddd79","HEAD","totoro","fixed_1",TRUE,75.173,0.58588278359439,0.585882782718663,8.75726602345139e-10,0,0,FALSE,NA
1911,210,8,"MNAR",FALSE,"F1",300,1,0.3,51008,"6fddd79","HEAD","totoro","fixed_1",TRUE,87.2,0.595482342389436,0.594815625857294,0.00066671653214212,0.3625,0.5,FALSE,NA
1912,211,8,"MNAR",FALSE,"F2",300,1,0.3,51108,"6fddd79","HEAD","totoro","fixed_1",TRUE,86.53,0.693555720138808,0.733027378576026,-0.0394716584372179,0.359649122807018,0.75,FALSE,NA
1913,212,8,"MNAR",FALSE,"F3",300,1,0.3,51208,"6fddd79","HEAD","totoro","fixed_1",TRUE,95.74,0.572650428621018,0.581455441633988,-0.00880501301297032,0.0555555555555556,0.166666666666667,FALSE,NA
1914,213,8,"MNAR",FALSE,"F1",1000,1,0.3,51308,"6fddd79","HEAD","totoro","fixed_1",TRUE,364.579,0.529465639121895,0.533167478999116,-0.00370183987722073,0.25,0.25,FALSE,NA
1915,214,8,"MNAR",FALSE,"F2",1000,1,0.3,51408,"6fddd79","HEAD","totoro","fixed_1",TRUE,333.021,0.582153599191021,0.612144012659647,-0.0299904134686262,0.4125,0.5,FALSE,NA
1916,215,8,"MNAR",FALSE,"F3",1000,1,0.3,51508,"6fddd79","HEAD","totoro","fixed_1",TRUE,354.354,0.460418656416826,0.460919330493342,-0.00050067407651605,0,0,FALSE,NA
1917,216,8,"MNAR",FALSE,"F1",100,0.2,0.5,51608,"6fddd79","HEAD","totoro","fixed_1",TRUE,70.116,0.819444842318916,0.837364506009336,-0.0179196636904201,0,0,TRUE,NA
1918,217,8,"MNAR",FALSE,"F2",100,0.2,0.5,51708,"6fddd79","HEAD","totoro","fixed_1",TRUE,73.735,0.665582984258919,0.657664816032678,0.00791816822624092,0.25,0.25,TRUE,NA
1919,218,8,"MNAR",FALSE,"F3",100,0.2,0.5,51808,"6fddd79","HEAD","totoro","fixed_1",TRUE,76.392,0.668880340874606,0.64982028194009,0.0190600589345163,0.166666666666667,0.166666666666667,TRUE,NA
1920,219,8,"MNAR",FALSE,"F1",300,0.2,0.5,51908,"6fddd79","HEAD","totoro","fixed_1",TRUE,91.831,0.922149883588081,0.927877757829844,-0.00572787424176302,0.729166666666667,0.75,TRUE,NA
1921,220,8,"MNAR",FALSE,"F2",300,0.2,0.5,52008,"6fddd79","HEAD","totoro","fixed_1",TRUE,95.306,0.890009497136188,0.93060436097829,-0.0405948638421019,0.6,0.75,FALSE,NA
1922,221,8,"MNAR",FALSE,"F3",300,0.2,0.5,52108,"6fddd79","HEAD","totoro","fixed_1",TRUE,88.461,0.76105079809358,0.778983159094304,-0.0179323610007242,0,0,TRUE,NA
1923,222,8,"MNAR",FALSE,"F1",1000,0.2,0.5,52208,"6fddd79","HEAD","totoro","fixed_1",TRUE,274.725,0.93124566397391,0.928527890698164,0.00271777327574563,0,0,FALSE,NA
1924,223,8,"MNAR",FALSE,"F2",1000,0.2,0.5,52308,"6fddd79","HEAD","totoro","fixed_1",TRUE,272.996,0.972920846929283,0.986365596419994,-0.0134447494907113,0.725,0.75,FALSE,NA
1925,224,8,"MNAR",FALSE,"F3",1000,0.2,0.5,52408,"6fddd79","HEAD","totoro","fixed_1",TRUE,269.355,0.689545455457677,0.692782356258583,-0.00323690080090622,0,0,TRUE,NA
1926,225,8,"MNAR",FALSE,"F1",100,0.5,0.5,52508,"6fddd79","HEAD","totoro","fixed_1",TRUE,72.613,0.885035607223577,0.873631182642756,0.0114044245808216,0,0,TRUE,NA
1927,226,8,"MNAR",FALSE,"F2",100,0.5,0.5,52608,"6fddd79","HEAD","totoro","fixed_1",TRUE,86.099,0.772074863995749,0.834855779959871,-0.0627809159641215,0.25,0.25,TRUE,NA
1928,227,8,"MNAR",FALSE,"F3",100,0.5,0.5,52708,"6fddd79","HEAD","totoro","fixed_1",TRUE,76.177,0.549487499458034,0.670391323999662,-0.120903824541627,0.166666666666667,0.166666666666667,TRUE,NA
1929,228,8,"MNAR",FALSE,"F1",300,0.5,0.5,52808,"6fddd79","HEAD","totoro","fixed_1",TRUE,89.751,0.979169842663772,0.968451013939976,0.0107188287237953,0.6375,0.75,TRUE,NA
1930,229,8,"MNAR",FALSE,"F2",300,0.5,0.5,52908,"6fddd79","HEAD","totoro","fixed_1",TRUE,89.141,0.978630304957756,0.969785562626587,0.00884474233116872,0.46875,0.75,FALSE,NA
1931,230,8,"MNAR",FALSE,"F3",300,0.5,0.5,53008,"6fddd79","HEAD","totoro","fixed_1",TRUE,94.109,0.723999445911618,0.703278896458214,0.0207205494534041,0.0256410256410256,0.166666666666667,TRUE,NA
1932,231,8,"MNAR",FALSE,"F1",1000,0.5,0.5,53108,"6fddd79","HEAD","totoro","fixed_1",TRUE,254.104,0.834874469160123,0.826089963806669,0.00878450535345376,0.334210526315789,0.5,FALSE,NA
1933,232,8,"MNAR",FALSE,"F2",1000,0.5,0.5,53208,"6fddd79","HEAD","totoro","fixed_1",TRUE,275.71,0.857690136459397,0.869176237085386,-0.0114861006259883,0.691176470588235,0.75,FALSE,NA
1934,233,8,"MNAR",FALSE,"F3",1000,0.5,0.5,53308,"6fddd79","HEAD","totoro","fixed_1",TRUE,275.39,0.572733578981624,0.577642132322403,-0.00490855334077933,0.166666666666667,0.166666666666667,TRUE,NA
1935,234,8,"MNAR",FALSE,"F1",100,1,0.5,53408,"6fddd79","HEAD","totoro","fixed_1",TRUE,79.061,0.704726798917137,0.727488824073082,-0.0227620251559445,0.0125,0.25,TRUE,NA
1936,235,8,"MNAR",FALSE,"F2",100,1,0.5,53508,"6fddd79","HEAD","totoro","fixed_1",TRUE,72.004,0.805155470417245,0.826185280372918,-0.0210298099556735,0.0131578947368421,0.25,FALSE,NA
1937,236,8,"MNAR",FALSE,"F3",100,1,0.5,53608,"6fddd79","HEAD","totoro","fixed_1",TRUE,75.771,0.666787499875265,0.505319431839515,0.16146806803575,0,0,TRUE,NA
1938,237,8,"MNAR",FALSE,"F1",300,1,0.5,53708,"6fddd79","HEAD","totoro","fixed_1",TRUE,89.639,0.500038439714974,0.494400379659606,0.00563806005536827,0.125,0.25,FALSE,NA
1939,238,8,"MNAR",FALSE,"F2",300,1,0.5,53808,"6fddd79","HEAD","totoro","fixed_1",TRUE,85.536,0.708286668382278,0.747972662142654,-0.0396859937603766,0.1,0.25,FALSE,NA
1940,239,8,"MNAR",FALSE,"F3",300,1,0.5,53908,"6fddd79","HEAD","totoro","fixed_1",TRUE,94.672,0.502825022389623,0.517530905665264,-0.0147058832756409,0,0,TRUE,NA
1941,240,8,"MNAR",FALSE,"F1",1000,1,0.5,54008,"6fddd79","HEAD","totoro","fixed_1",TRUE,268.033,0.458075011186266,0.454475868233037,0.00359914295322872,0.1875,0.25,FALSE,NA
1942,241,8,"MNAR",FALSE,"F2",1000,1,0.5,54108,"6fddd79","HEAD","totoro","fixed_1",TRUE,259.979,0.597638419688016,0.599974021202671,-0.00233560151465562,0.4375,0.5,FALSE,NA
1943,242,8,"MNAR",FALSE,"F3",1000,1,0.5,54208,"6fddd79","HEAD","totoro","fixed_1",TRUE,280.99,0.497772062800969,0.497772063828255,-1.02728597850543e-09,0,0,FALSE,NA
2106,162,9,"MNAR",FALSE,"F1",100,0.2,0.1,46209,"6fddd79","HEAD","totoro","fixed_1",TRUE,85.663,0.896922074453073,0.918357481271222,-0.0214354068181491,0.25,0.25,TRUE,NA
2107,163,9,"MNAR",FALSE,"F2",100,0.2,0.1,46309,"6fddd79","HEAD","totoro","fixed_1",TRUE,78.88,0.687990586565168,0.683209449003963,0.00478113756120468,0.5,0.5,TRUE,NA
2108,164,9,"MNAR",FALSE,"F3",100,0.2,0.1,46409,"6fddd79","HEAD","totoro","fixed_1",TRUE,76.426,0.846405205767657,0.885109549905894,-0.0387043441382375,0,0,TRUE,NA
2109,165,9,"MNAR",FALSE,"F1",300,0.2,0.1,46509,"6fddd79","HEAD","totoro","fixed_1",TRUE,106.333,0.989750515007302,0.957756940170324,0.031993574836978,0.0714285714285714,0.25,TRUE,NA
2110,166,9,"MNAR",FALSE,"F2",300,0.2,0.1,46609,"6fddd79","HEAD","totoro","fixed_1",TRUE,106.026,0.890359879345792,0.894491401216242,-0.00413152187044952,0,0,TRUE,NA
2111,167,9,"MNAR",FALSE,"F3",300,0.2,0.1,46709,"6fddd79","HEAD","totoro","fixed_1",TRUE,106.451,0.682878075566012,0.681477077378051,0.00140099818796147,0.166666666666667,0.166666666666667,TRUE,NA
2112,168,9,"MNAR",FALSE,"F1",1000,0.2,0.1,46809,"6fddd79","HEAD","totoro","fixed_1",TRUE,434.027,0.928848702050389,0.935473418398009,-0.00662471634762063,0.5,0.5,FALSE,NA
2113,169,9,"MNAR",FALSE,"F2",1000,0.2,0.1,46909,"6fddd79","HEAD","totoro","fixed_1",TRUE,448.523,0.856475480224587,0.896209765827405,-0.0397342856028178,0.75,0.75,FALSE,NA
2114,170,9,"MNAR",FALSE,"F3",1000,0.2,0.1,47009,"6fddd79","HEAD","totoro","fixed_1",TRUE,476.475,0.725146351678306,0.720798525389316,0.00434782628899055,0,0,TRUE,NA
2115,171,9,"MNAR",FALSE,"F1",100,0.5,0.1,47109,"6fddd79","HEAD","totoro","fixed_1",TRUE,72.75,0.832829399318764,0.90200600692705,-0.069176607608285,0.75,0.75,FALSE,NA
2116,172,9,"MNAR",FALSE,"F2",100,0.5,0.1,47209,"6fddd79","HEAD","totoro","fixed_1",TRUE,82.469,0.985467500184683,0.969075768343933,0.0163917318407496,0.25,0.25,TRUE,NA
2117,173,9,"MNAR",FALSE,"F3",100,0.5,0.1,47309,"6fddd79","HEAD","totoro","fixed_1",TRUE,75.499,0.678534475302996,0.657362569602036,0.0211719057009596,0.166666666666667,0.166666666666667,TRUE,NA
2118,174,9,"MNAR",FALSE,"F1",300,0.5,0.1,47409,"6fddd79","HEAD","totoro","fixed_1",TRUE,97.765,0.914188190280633,0.906167059545182,0.00802113073545052,0,0,FALSE,NA
2119,175,9,"MNAR",FALSE,"F2",300,0.5,0.1,47509,"6fddd79","HEAD","totoro","fixed_1",TRUE,104.661,0.87238283207651,0.914454780439846,-0.0420719483633363,0.486111111111111,0.5,FALSE,NA
2120,176,9,"MNAR",FALSE,"F3",300,0.5,0.1,47609,"6fddd79","HEAD","totoro","fixed_1",TRUE,103.367,0.75876357897573,0.76313918058509,-0.00437560160935979,0.0416666666666667,0.166666666666667,TRUE,NA
2121,177,9,"MNAR",FALSE,"F1",1000,0.5,0.1,47709,"6fddd79","HEAD","totoro","fixed_1",TRUE,456.592,0.840079075514833,0.840079075467862,4.69707606143288e-11,0,0,FALSE,NA
2122,178,9,"MNAR",FALSE,"F2",1000,0.5,0.1,47809,"6fddd79","HEAD","totoro","fixed_1",TRUE,459.997,0.878594353553629,0.916355988903612,-0.0377616353499828,0.6625,0.75,FALSE,NA
2123,179,9,"MNAR",FALSE,"F3",1000,0.5,0.1,47909,"6fddd79","HEAD","totoro","fixed_1",TRUE,433.851,0.713635890915658,0.709328143835655,0.0043077470800037,0.141666666666667,0.666666666666667,FALSE,NA
2124,180,9,"MNAR",FALSE,"F1",100,1,0.1,48009,"6fddd79","HEAD","totoro","fixed_1",TRUE,70.805,0.771638240254704,0.616833408703328,0.154804831551376,0.25,0.25,TRUE,NA
2125,181,9,"MNAR",FALSE,"F2",100,1,0.1,48109,"6fddd79","HEAD","totoro","fixed_1",TRUE,78.428,0.671614025424545,0.67671997579968,-0.0051059503751355,0.5,0.5,FALSE,NA
2126,182,9,"MNAR",FALSE,"F3",100,1,0.1,48209,"6fddd79","HEAD","totoro","fixed_1",TRUE,83.485,0.552638612185271,0.575682114539357,-0.0230435023540863,0,0,TRUE,NA
2127,183,9,"MNAR",FALSE,"F1",300,1,0.1,48309,"6fddd79","HEAD","totoro","fixed_1",TRUE,101.508,0.542011714262285,0.542449134323239,-0.00043742006095393,0.1875,0.25,FALSE,NA
2128,184,9,"MNAR",FALSE,"F2",300,1,0.1,48409,"6fddd79","HEAD","totoro","fixed_1",TRUE,104.502,0.544823520547528,0.553200995785921,-0.00837747523839261,0.155921052631579,0.5,FALSE,NA
2129,185,9,"MNAR",FALSE,"F3",300,1,0.1,48509,"6fddd79","HEAD","totoro","fixed_1",TRUE,97.425,0.560056133993866,0.546481883455486,0.0135742505383791,0.166666666666667,0.166666666666667,FALSE,NA
2130,186,9,"MNAR",FALSE,"F1",1000,1,0.1,48609,"6fddd79","HEAD","totoro","fixed_1",TRUE,469.596,0.431584589421677,0.431584589917555,-4.95878282880113e-10,0,0,FALSE,NA
2131,187,9,"MNAR",FALSE,"F2",1000,1,0.1,48709,"6fddd79","HEAD","totoro","fixed_1",TRUE,427.222,0.606393032494217,0.635179663630183,-0.0287866311359657,0.1875,0.25,FALSE,NA
2132,188,9,"MNAR",FALSE,"F3",1000,1,0.1,48809,"6fddd79","HEAD","totoro","fixed_1",TRUE,446.622,0.460562245864348,0.456779993268729,0.00378225259561921,0.0833333333333333,0.666666666666667,FALSE,NA
2133,189,9,"MNAR",FALSE,"F1",100,0.2,0.3,48909,"6fddd79","HEAD","totoro","fixed_1",TRUE,76.594,1.07157216967398,1.12173014225183,-0.0501579725778589,0,0,TRUE,NA
2134,190,9,"MNAR",FALSE,"F2",100,0.2,0.3,49009,"6fddd79","HEAD","totoro","fixed_1",TRUE,78.12,0.972486950994504,0.988556862767822,-0.0160699117733172,0.470588235294118,0.5,TRUE,NA
2135,191,9,"MNAR",FALSE,"F3",100,0.2,0.3,49109,"6fddd79","HEAD","totoro","fixed_1",TRUE,78.749,0.522579456074324,0.534800988063296,-0.0122215319889717,0,0,TRUE,NA
2136,192,9,"MNAR",FALSE,"F1",300,0.2,0.3,49209,"6fddd79","HEAD","totoro","fixed_1",TRUE,85.41,1.09331486470604,1.07227547440454,0.0210393903014996,0,0,TRUE,NA
2137,193,9,"MNAR",FALSE,"F2",300,0.2,0.3,49309,"6fddd79","HEAD","totoro","fixed_1",TRUE,93.113,0.865287740789343,0.872798256693359,-0.00751051590401564,0.575,0.75,FALSE,NA
2138,194,9,"MNAR",FALSE,"F3",300,0.2,0.3,49409,"6fddd79","HEAD","totoro","fixed_1",TRUE,91.38,0.736494513230636,0.622090477717497,0.114404035513139,0.166666666666667,0.166666666666667,TRUE,NA
2139,195,9,"MNAR",FALSE,"F1",1000,0.2,0.3,49509,"6fddd79","HEAD","totoro","fixed_1",TRUE,352.474,0.975254127893563,0.979149546485757,-0.00389541859219455,0.25,0.25,FALSE,NA
2140,196,9,"MNAR",FALSE,"F2",1000,0.2,0.3,49609,"6fddd79","HEAD","totoro","fixed_1",TRUE,369.338,0.936414236307554,0.941088945132118,-0.00467470882456422,0.75,0.75,TRUE,NA
2141,197,9,"MNAR",FALSE,"F3",1000,0.2,0.3,49709,"6fddd79","HEAD","totoro","fixed_1",TRUE,345.308,0.673043661754217,0.674666713954644,-0.00162305220042658,0.0666666666666667,0.166666666666667,TRUE,NA
2142,198,9,"MNAR",FALSE,"F1",100,0.5,0.3,49809,"6fddd79","HEAD","totoro","fixed_1",TRUE,76.697,1.07017104894325,0.991133204281076,0.0790378446621764,0.25,0.25,TRUE,NA
2143,199,9,"MNAR",FALSE,"F2",100,0.5,0.3,49909,"6fddd79","HEAD","totoro","fixed_1",TRUE,78.652,0.762122150693106,0.673421846466302,0.0887003042268046,0.25,0.25,TRUE,NA
2144,200,9,"MNAR",FALSE,"F3",100,0.5,0.3,50009,"6fddd79","HEAD","totoro","fixed_1",TRUE,84.261,0.840746777285909,0.840746777272512,1.33968391935468e-11,0,0,TRUE,NA
2145,201,9,"MNAR",FALSE,"F1",300,0.5,0.3,50109,"6fddd79","HEAD","totoro","fixed_1",TRUE,95.746,0.866931648765519,0.849697671356403,0.017233977409116,0.125,0.25,FALSE,NA
2146,202,9,"MNAR",FALSE,"F2",300,0.5,0.3,50209,"6fddd79","HEAD","totoro","fixed_1",TRUE,94.147,0.861028746279546,0.885041743990753,-0.0240129977112072,0.4125,0.5,FALSE,NA
2147,203,9,"MNAR",FALSE,"F3",300,0.5,0.3,50309,"6fddd79","HEAD","totoro","fixed_1",TRUE,90.47,0.766977966185123,0.81008141526024,-0.0431034490751169,0,0,TRUE,NA
2148,204,9,"MNAR",FALSE,"F1",1000,0.5,0.3,50409,"6fddd79","HEAD","totoro","fixed_1",TRUE,337.568,0.887620769384736,0.888975033510321,-0.00135426412558537,0,0,FALSE,NA
2149,205,9,"MNAR",FALSE,"F2",1000,0.5,0.3,50509,"6fddd79","HEAD","totoro","fixed_1",TRUE,348.614,0.749824414388171,0.771564733706458,-0.0217403193182867,0.5,0.5,FALSE,NA
2150,206,9,"MNAR",FALSE,"F3",1000,0.5,0.3,50609,"6fddd79","HEAD","totoro","fixed_1",TRUE,334.347,0.716417011225847,0.707796320825363,0.00862069040048397,0,0,TRUE,NA
2151,207,9,"MNAR",FALSE,"F1",100,1,0.3,50709,"6fddd79","HEAD","totoro","fixed_1",TRUE,85.747,0.538897382678769,0.581509299947603,-0.0426119172688338,0.25,0.25,FALSE,NA
2152,208,9,"MNAR",FALSE,"F2",100,1,0.3,50809,"6fddd79","HEAD","totoro","fixed_1",TRUE,77.989,0.766835591350733,0.793472444887941,-0.0266368535372085,0.449342105263158,0.5,FALSE,NA
2153,209,9,"MNAR",FALSE,"F3",100,1,0.3,50909,"6fddd79","HEAD","totoro","fixed_1",TRUE,86.05,0.536152482110415,0.53615248175153,3.58884810758298e-10,0,0,FALSE,NA
2154,210,9,"MNAR",FALSE,"F1",300,1,0.3,51009,"6fddd79","HEAD","totoro","fixed_1",TRUE,91.142,0.564947742778114,0.564947742800287,-2.21724860693939e-11,0,0,FALSE,NA
2155,211,9,"MNAR",FALSE,"F2",300,1,0.3,51109,"6fddd79","HEAD","totoro","fixed_1",TRUE,92.919,0.742438013633473,0.777852013887465,-0.0354140002539917,0.235294117647059,0.25,FALSE,NA
2156,212,9,"MNAR",FALSE,"F3",300,1,0.3,51209,"6fddd79","HEAD","totoro","fixed_1",TRUE,93.089,0.558493461112176,0.558493461012915,9.92608217842417e-11,0,0,TRUE,NA
2157,213,9,"MNAR",FALSE,"F1",1000,1,0.3,51309,"6fddd79","HEAD","totoro","fixed_1",TRUE,356.002,0.43486610721195,0.435343383614907,-0.000477276402957305,0,0,FALSE,NA
2158,214,9,"MNAR",FALSE,"F2",1000,1,0.3,51409,"6fddd79","HEAD","totoro","fixed_1",TRUE,326.771,0.597779603530798,0.61583724876147,-0.0180576452306723,0.5,0.5,FALSE,NA
2159,215,9,"MNAR",FALSE,"F3",1000,1,0.3,51509,"6fddd79","HEAD","totoro","fixed_1",TRUE,337.228,0.49755638469595,0.522087964111767,-0.0245315794158172,0,0,FALSE,NA
2160,216,9,"MNAR",FALSE,"F1",100,0.2,0.5,51609,"6fddd79","HEAD","totoro","fixed_1",TRUE,75.653,0.964533505289262,1.00512556595659,-0.0405920606673265,0.25,0.25,TRUE,NA
2161,217,9,"MNAR",FALSE,"F2",100,0.2,0.5,51709,"6fddd79","HEAD","totoro","fixed_1",TRUE,74.172,0.856803802896595,0.916024398400784,-0.0592205955041896,0,0,TRUE,NA
2162,218,9,"MNAR",FALSE,"F3",100,0.2,0.5,51809,"6fddd79","HEAD","totoro","fixed_1",TRUE,86.638,0.579081065606011,0.52677307806327,0.052307987542741,0,0,TRUE,NA
2163,219,9,"MNAR",FALSE,"F1",300,0.2,0.5,51909,"6fddd79","HEAD","totoro","fixed_1",TRUE,92.035,0.83249968946948,0.851131209755027,-0.018631520285547,0,0,FALSE,NA
2164,220,9,"MNAR",FALSE,"F2",300,0.2,0.5,52009,"6fddd79","HEAD","totoro","fixed_1",TRUE,88.678,0.908442641725177,0.915653581789707,-0.00721094006453005,0,0,TRUE,NA
2165,221,9,"MNAR",FALSE,"F3",300,0.2,0.5,52109,"6fddd79","HEAD","totoro","fixed_1",TRUE,84.403,0.755412895842899,0.755275077111298,0.000137818731600237,0,0,TRUE,NA
2166,222,9,"MNAR",FALSE,"F1",1000,0.2,0.5,52209,"6fddd79","HEAD","totoro","fixed_1",TRUE,272.886,0.927079249964789,0.930246876455014,-0.00316762649022428,0.125,0.25,FALSE,NA
2167,223,9,"MNAR",FALSE,"F2",1000,0.2,0.5,52309,"6fddd79","HEAD","totoro","fixed_1",TRUE,263.879,0.899267141062295,0.940255034657171,-0.0409878935948763,0.75,0.75,FALSE,NA
2168,224,9,"MNAR",FALSE,"F3",1000,0.2,0.5,52409,"6fddd79","HEAD","totoro","fixed_1",TRUE,257.911,0.649823623581696,0.655565459754028,-0.00574183617233226,0,0,TRUE,NA
2169,225,9,"MNAR",FALSE,"F1",100,0.5,0.5,52509,"6fddd79","HEAD","totoro","fixed_1",TRUE,68.955,0.808467410994551,0.776361227925678,0.032106183068873,0.236842105263158,0.25,FALSE,NA
2170,226,9,"MNAR",FALSE,"F2",100,0.5,0.5,52609,"6fddd79","HEAD","totoro","fixed_1",TRUE,81.059,0.778785776373706,0.816577909679133,-0.0377921333054273,0.3125,0.5,TRUE,NA
2171,227,9,"MNAR",FALSE,"F3",100,0.5,0.5,52709,"6fddd79","HEAD","totoro","fixed_1",TRUE,76.518,0.73274617258704,0.665537709243385,0.0672084633436552,0,0,TRUE,NA
2172,228,9,"MNAR",FALSE,"F1",300,0.5,0.5,52809,"6fddd79","HEAD","totoro","fixed_1",TRUE,89.285,0.978930254306315,0.941206027395588,0.0377242269107264,0.25,0.25,TRUE,NA
2173,229,9,"MNAR",FALSE,"F2",300,0.5,0.5,52909,"6fddd79","HEAD","totoro","fixed_1",TRUE,92.441,0.835159335327926,0.879866531260558,-0.0447071959326322,0.5,0.5,FALSE,NA
2174,230,9,"MNAR",FALSE,"F3",300,0.5,0.5,53009,"6fddd79","HEAD","totoro","fixed_1",TRUE,89.465,0.569373951692628,0.622005530468277,-0.0526315787756491,0,0,TRUE,NA
2175,231,9,"MNAR",FALSE,"F1",1000,0.5,0.5,53109,"6fddd79","HEAD","totoro","fixed_1",TRUE,249.572,0.928820870054705,0.928820871043606,-9.88900961118588e-10,0,0,FALSE,NA
2176,232,9,"MNAR",FALSE,"F2",1000,0.5,0.5,53209,"6fddd79","HEAD","totoro","fixed_1",TRUE,259.413,0.856112888649659,0.871424291726397,-0.0153114030767376,0.725,0.75,FALSE,NA
2177,233,9,"MNAR",FALSE,"F3",1000,0.5,0.5,53309,"6fddd79","HEAD","totoro","fixed_1",TRUE,258.491,0.665257439538571,0.658114583117906,0.00714285642066481,0,0,TRUE,NA
2178,234,9,"MNAR",FALSE,"F1",100,1,0.5,53409,"6fddd79","HEAD","totoro","fixed_1",TRUE,82.711,0.490280947808138,0.462712961844691,0.0275679859634473,0,0,FALSE,NA
2179,235,9,"MNAR",FALSE,"F2",100,1,0.5,53509,"6fddd79","HEAD","totoro","fixed_1",TRUE,80.285,0.933546839608665,0.995835562303866,-0.0622887226952016,0,0,TRUE,NA
2180,236,9,"MNAR",FALSE,"F3",100,1,0.5,53609,"6fddd79","HEAD","totoro","fixed_1",TRUE,83.106,0.46832098228834,0.510047107343364,-0.041726125055024,0.174074074074074,0.333333333333333,TRUE,NA
2181,237,9,"MNAR",FALSE,"F1",300,1,0.5,53709,"6fddd79","HEAD","totoro","fixed_1",TRUE,88.814,0.460043930843052,0.449013066394847,0.0110308644482055,0.197368421052632,0.25,FALSE,NA
2182,238,9,"MNAR",FALSE,"F2",300,1,0.5,53809,"6fddd79","HEAD","totoro","fixed_1",TRUE,85.41,0.775747753299973,0.780756692853279,-0.00500893955330617,0.153846153846154,0.25,FALSE,NA
2183,239,9,"MNAR",FALSE,"F3",300,1,0.5,53909,"6fddd79","HEAD","totoro","fixed_1",TRUE,92.231,0.52294384315733,0.509250615229753,0.0136932279275773,0,0,TRUE,NA
2184,240,9,"MNAR",FALSE,"F1",1000,1,0.5,54009,"6fddd79","HEAD","totoro","fixed_1",TRUE,250.083,0.574016261154251,0.573310484800581,0.000705776353670529,0.125,0.25,FALSE,NA
2185,241,9,"MNAR",FALSE,"F2",1000,1,0.5,54109,"6fddd79","HEAD","totoro","fixed_1",TRUE,265.274,0.643079310521987,0.651877677029215,-0.00879836650722876,0.1375,0.25,FALSE,NA
2186,242,9,"MNAR",FALSE,"F3",1000,1,0.5,54209,"6fddd79","HEAD","totoro","fixed_1",TRUE,262.923,0.449713787490824,0.441791641494986,0.00792214599583763,0,0,TRUE,NA
2349,162,10,"MNAR",FALSE,"F1",100,0.2,0.1,46210,"6fddd79","HEAD","totoro","fixed_1",TRUE,71.086,0.896303275566139,0.875567142826228,0.0207361327399107,0,0,TRUE,NA
2350,163,10,"MNAR",FALSE,"F2",100,0.2,0.1,46310,"6fddd79","HEAD","totoro","fixed_1",TRUE,74.771,0.826778065738728,0.853538349637198,-0.02676028389847,0.4125,0.5,TRUE,NA
2351,164,10,"MNAR",FALSE,"F3",100,0.2,0.1,46410,"6fddd79","HEAD","totoro","fixed_1",TRUE,73.461,0.764180208165694,0.774725680692075,-0.0105454725263812,0.166666666666667,0.166666666666667,TRUE,NA
2352,165,10,"MNAR",FALSE,"F1",300,0.2,0.1,46510,"6fddd79","HEAD","totoro","fixed_1",TRUE,96.241,0.958688838882905,0.947409211317656,0.0112796275652484,0.25,0.25,TRUE,NA
2353,166,10,"MNAR",FALSE,"F2",300,0.2,0.1,46610,"6fddd79","HEAD","totoro","fixed_1",TRUE,95.316,0.932431425220021,0.951602784204689,-0.0191713589846678,0.394736842105263,0.5,TRUE,NA
2354,167,10,"MNAR",FALSE,"F3",300,0.2,0.1,46710,"6fddd79","HEAD","totoro","fixed_1",TRUE,93.951,0.752708533267871,0.791081459221302,-0.0383729259534311,0,0,TRUE,NA
2355,168,10,"MNAR",FALSE,"F1",1000,0.2,0.1,46810,"6fddd79","HEAD","totoro","fixed_1",TRUE,396.919,0.961526634455897,0.962475813290039,-0.000949178834142583,0.6125,0.75,FALSE,NA
2356,169,10,"MNAR",FALSE,"F2",1000,0.2,0.1,46910,"6fddd79","HEAD","totoro","fixed_1",TRUE,414.924,0.986999525639824,1.01263955225421,-0.0256400266143816,0.692307692307692,0.75,FALSE,NA
2357,170,10,"MNAR",FALSE,"F3",1000,0.2,0.1,47010,"6fddd79","HEAD","totoro","fixed_1",TRUE,411.428,0.769328841321814,0.777845945923616,-0.008517104601802,0.333333333333333,0.333333333333333,FALSE,NA
2358,171,10,"MNAR",FALSE,"F1",100,0.5,0.1,47110,"6fddd79","HEAD","totoro","fixed_1",TRUE,67.566,0.914558900172464,0.911697301552995,0.00286159861946833,0.505263157894737,0.75,FALSE,NA
2359,172,10,"MNAR",FALSE,"F2",100,0.5,0.1,47210,"6fddd79","HEAD","totoro","fixed_1",TRUE,66.353,0.815914972138967,0.853284158281713,-0.0373691861427458,0,0,TRUE,NA
2360,173,10,"MNAR",FALSE,"F3",100,0.5,0.1,47310,"6fddd79","HEAD","totoro","fixed_1",TRUE,70.516,0.668785343407088,0.699860608176055,-0.0310752647689676,0.166666666666667,0.166666666666667,TRUE,NA
2361,174,10,"MNAR",FALSE,"F1",300,0.5,0.1,47410,"6fddd79","HEAD","totoro","fixed_1",TRUE,95.407,0.80876752058118,0.808767520499267,8.19129208906588e-11,0,0,FALSE,NA
2362,175,10,"MNAR",FALSE,"F2",300,0.5,0.1,47510,"6fddd79","HEAD","totoro","fixed_1",TRUE,99.545,0.742653942221699,0.794145487352762,-0.0514915451310627,0.5625,0.75,FALSE,NA
2363,176,10,"MNAR",FALSE,"F3",300,0.5,0.1,47610,"6fddd79","HEAD","totoro","fixed_1",TRUE,97.44,0.70307029398232,0.704678463734942,-0.00160816975262201,0,0,TRUE,NA
2364,177,10,"MNAR",FALSE,"F1",1000,0.5,0.1,47710,"6fddd79","HEAD","totoro","fixed_1",TRUE,404.576,0.915512859866503,0.919275392095557,-0.00376253222905443,0.2625,0.5,FALSE,NA
2365,178,10,"MNAR",FALSE,"F2",1000,0.5,0.1,47810,"6fddd79","HEAD","totoro","fixed_1",TRUE,400.603,0.93339028091904,0.940052183543255,-0.00666190262421495,0.2125,0.5,FALSE,NA
2366,179,10,"MNAR",FALSE,"F3",1000,0.5,0.1,47910,"6fddd79","HEAD","totoro","fixed_1",TRUE,408.271,0.65704857997569,0.662100969155416,-0.00505238917972528,0.166666666666667,0.166666666666667,FALSE,NA
2367,180,10,"MNAR",FALSE,"F1",100,1,0.1,48010,"6fddd79","HEAD","totoro","fixed_1",TRUE,72.26,0.658071839080638,0.652000192885801,0.00607164619483691,0.2125,0.25,FALSE,NA
2368,181,10,"MNAR",FALSE,"F2",100,1,0.1,48110,"6fddd79","HEAD","totoro","fixed_1",TRUE,72.226,0.726639353501698,0.688245962847181,0.0383933906545172,0.313235294117647,0.5,FALSE,NA
2369,182,10,"MNAR",FALSE,"F3",100,1,0.1,48210,"6fddd79","HEAD","totoro","fixed_1",TRUE,75.61,0.419739332059902,0.386302400873163,0.0334369311867392,0.00833333333333333,0.166666666666667,TRUE,NA
2370,183,10,"MNAR",FALSE,"F1",300,1,0.1,48310,"6fddd79","HEAD","totoro","fixed_1",TRUE,97.933,0.550225386110524,0.557528237042557,-0.00730285093203309,0.4,0.5,FALSE,NA
2371,184,10,"MNAR",FALSE,"F2",300,1,0.1,48410,"6fddd79","HEAD","totoro","fixed_1",TRUE,103.626,0.616996567600363,0.638790020983804,-0.0217934533834407,0.570833333333333,0.75,FALSE,NA
2372,185,10,"MNAR",FALSE,"F3",300,1,0.1,48510,"6fddd79","HEAD","totoro","fixed_1",TRUE,96.77,0.617241673012449,0.626926366186214,-0.0096846931737653,0.157894736842105,0.166666666666667,FALSE,NA
2373,186,10,"MNAR",FALSE,"F1",1000,1,0.1,48610,"6fddd79","HEAD","totoro","fixed_1",TRUE,450.095,0.377684971934954,0.379746883891042,-0.00206191195608751,0.1625,0.25,FALSE,NA
2374,187,10,"MNAR",FALSE,"F2",1000,1,0.1,48710,"6fddd79","HEAD","totoro","fixed_1",TRUE,420.55,0.527899984325489,0.536332527238424,-0.00843254291293494,0.25,0.25,FALSE,NA
2375,188,10,"MNAR",FALSE,"F3",1000,1,0.1,48810,"6fddd79","HEAD","totoro","fixed_1",TRUE,416.893,0.491519222941491,0.491519222752379,1.89111670767517e-10,0,0,FALSE,NA
2376,189,10,"MNAR",FALSE,"F1",100,0.2,0.3,48910,"6fddd79","HEAD","totoro","fixed_1",TRUE,69.673,0.968891847751906,0.986931714003843,-0.018039866251937,0.2125,0.25,FALSE,NA
2377,190,10,"MNAR",FALSE,"F2",100,0.2,0.3,49010,"6fddd79","HEAD","totoro","fixed_1",TRUE,69.355,1.07197373882009,1.05293813694839,0.0190356018717006,0,0,TRUE,NA
2378,191,10,"MNAR",FALSE,"F3",100,0.2,0.3,49110,"6fddd79","HEAD","totoro","fixed_1",TRUE,67.278,0.791098993832264,0.845312281291345,-0.0542132874590806,0.166666666666667,0.166666666666667,TRUE,NA
2379,192,10,"MNAR",FALSE,"F1",300,0.2,0.3,49210,"6fddd79","HEAD","totoro","fixed_1",TRUE,88.427,0.977898054819871,0.980326499843119,-0.00242844502324746,0.25,0.25,TRUE,NA
2380,193,10,"MNAR",FALSE,"F2",300,0.2,0.3,49310,"6fddd79","HEAD","totoro","fixed_1",TRUE,83.995,1.14664010442538,1.233901604831,-0.0872615004056239,0.5,0.5,FALSE,NA
2381,194,10,"MNAR",FALSE,"F3",300,0.2,0.3,49410,"6fddd79","HEAD","totoro","fixed_1",TRUE,96.97,0.65771933608773,0.696001489532886,-0.0382821534451568,0,0,TRUE,NA
2382,195,10,"MNAR",FALSE,"F1",1000,0.2,0.3,49510,"6fddd79","HEAD","totoro","fixed_1",TRUE,324.767,0.949162143988051,0.952713741141544,-0.00355159715349351,0.35,0.5,FALSE,NA
2383,196,10,"MNAR",FALSE,"F2",1000,0.2,0.3,49610,"6fddd79","HEAD","totoro","fixed_1",TRUE,315.059,0.957640925078836,0.968331908647771,-0.0106909835689345,0.25,0.25,TRUE,NA
2384,197,10,"MNAR",FALSE,"F3",1000,0.2,0.3,49710,"6fddd79","HEAD","totoro","fixed_1",TRUE,299.881,0.674311135166863,0.686792854890928,-0.0124817197240645,0.166666666666667,0.166666666666667,TRUE,NA
2385,198,10,"MNAR",FALSE,"F1",100,0.5,0.3,49810,"6fddd79","HEAD","totoro","fixed_1",TRUE,73.254,0.919594492124425,0.914492160846664,0.00510233127776094,0.25,0.25,TRUE,NA
2386,199,10,"MNAR",FALSE,"F2",100,0.5,0.3,49910,"6fddd79","HEAD","totoro","fixed_1",TRUE,69.118,0.694521078007811,0.723840709084756,-0.0293196310769441,0.25,0.25,FALSE,NA
2387,200,10,"MNAR",FALSE,"F3",100,0.5,0.3,50010,"6fddd79","HEAD","totoro","fixed_1",TRUE,68.863,0.523541393682679,0.593349365333808,-0.069807971651129,0,0,TRUE,NA
2388,201,10,"MNAR",FALSE,"F1",300,0.5,0.3,50110,"6fddd79","HEAD","totoro","fixed_1",TRUE,91.728,0.854102783895113,0.854024000208459,7.8783686653594e-05,0,0,TRUE,NA
2389,202,10,"MNAR",FALSE,"F2",300,0.5,0.3,50210,"6fddd79","HEAD","totoro","fixed_1",TRUE,88.095,0.864432848599509,0.910035516994111,-0.0456026683946014,0.25,0.25,TRUE,NA
2390,203,10,"MNAR",FALSE,"F3",300,0.5,0.3,50310,"6fddd79","HEAD","totoro","fixed_1",TRUE,84.543,0.630146632234357,0.580146631564628,0.0500000006697283,0,0,TRUE,NA
2391,204,10,"MNAR",FALSE,"F1",1000,0.5,0.3,50410,"6fddd79","HEAD","totoro","fixed_1",TRUE,303.565,0.930156394165841,0.930156394030684,1.35157329772539e-10,0,0,FALSE,NA
2392,205,10,"MNAR",FALSE,"F2",1000,0.5,0.3,50510,"6fddd79","HEAD","totoro","fixed_1",TRUE,309.597,0.843925713268056,0.877191716261125,-0.0332660029930696,0.75,0.75,FALSE,NA
2393,206,10,"MNAR",FALSE,"F3",1000,0.5,0.3,50610,"6fddd79","HEAD","totoro","fixed_1",TRUE,297.787,0.646593146552084,0.618711643163401,0.0278815033886834,0.0333333333333333,0.5,FALSE,NA
2394,207,10,"MNAR",FALSE,"F1",100,1,0.3,50710,"6fddd79","HEAD","totoro","fixed_1",TRUE,70.249,0.623295984068402,0.625555759637878,-0.00225977556947621,0.25,0.25,FALSE,NA
2395,208,10,"MNAR",FALSE,"F2",100,1,0.3,50810,"6fddd79","HEAD","totoro","fixed_1",TRUE,69.507,0.806193906358185,0.831221251921448,-0.025027345563263,0.25,0.25,FALSE,NA
2396,209,10,"MNAR",FALSE,"F3",100,1,0.3,50910,"6fddd79","HEAD","totoro","fixed_1",TRUE,68.601,0.653025125472998,0.653025129795665,-4.32266655803204e-09,0,0,FALSE,NA
2397,210,10,"MNAR",FALSE,"F1",300,1,0.3,51010,"6fddd79","HEAD","totoro","fixed_1",TRUE,95.496,0.666491689986634,0.635826210812542,0.0306654791740921,0.271052631578947,0.5,FALSE,NA
2398,211,10,"MNAR",FALSE,"F2",300,1,0.3,51110,"6fddd79","HEAD","totoro","fixed_1",TRUE,89.496,0.577319580361834,0.580547052916013,-0.00322747255417921,0.725,0.75,FALSE,NA
2399,212,10,"MNAR",FALSE,"F3",300,1,0.3,51210,"6fddd79","HEAD","totoro","fixed_1",TRUE,85.365,0.541198843325186,0.478698841296497,0.0625000020286882,0,0,TRUE,NA
2400,213,10,"MNAR",FALSE,"F1",1000,1,0.3,51310,"6fddd79","HEAD","totoro","fixed_1",TRUE,305.772,0.598995869149247,0.598995868419401,7.29845073266233e-10,0,0,FALSE,NA
2401,214,10,"MNAR",FALSE,"F2",1000,1,0.3,51410,"6fddd79","HEAD","totoro","fixed_1",TRUE,304.364,0.634426804385691,0.65855090787178,-0.0241241034860886,0.4,0.75,FALSE,NA
2402,215,10,"MNAR",FALSE,"F3",1000,1,0.3,51510,"6fddd79","HEAD","totoro","fixed_1",TRUE,297.738,0.479404239577239,0.486841664597654,-0.00743742502041495,0.0175438596491228,0.166666666666667,FALSE,NA
2403,216,10,"MNAR",FALSE,"F1",100,0.2,0.5,51610,"6fddd79","HEAD","totoro","fixed_1",TRUE,75.394,0.92707100598224,0.875892032403778,0.0511789735784624,0.25,0.25,TRUE,NA
2404,217,10,"MNAR",FALSE,"F2",100,0.2,0.5,51710,"6fddd79","HEAD","totoro","fixed_1",TRUE,74.067,0.908525881888242,0.882207178600197,0.0263187032880453,0,0,TRUE,NA
2405,218,10,"MNAR",FALSE,"F3",100,0.2,0.5,51810,"6fddd79","HEAD","totoro","fixed_1",TRUE,77.738,0.788494858879717,0.883500763904275,-0.0950059050245576,0,0,TRUE,NA
2406,219,10,"MNAR",FALSE,"F1",300,0.2,0.5,51910,"6fddd79","HEAD","totoro","fixed_1",TRUE,88.257,1.10561484472211,1.08942811968563,0.0161867250364793,0.225,0.25,TRUE,NA
2407,220,10,"MNAR",FALSE,"F2",300,0.2,0.5,52010,"6fddd79","HEAD","totoro","fixed_1",TRUE,90.096,0.726262462539079,0.724798219864905,0.00146424267417455,0.45,0.5,TRUE,NA
2408,221,10,"MNAR",FALSE,"F3",300,0.2,0.5,52110,"6fddd79","HEAD","totoro","fixed_1",TRUE,89.548,0.77030496665276,0.749528147118319,0.0207768195344413,0,0,TRUE,NA
2409,222,10,"MNAR",FALSE,"F1",1000,0.2,0.5,52210,"6fddd79","HEAD","totoro","fixed_1",TRUE,249.695,0.951181746151317,0.950470787985361,0.000710958165956566,0.1125,0.25,FALSE,NA
2410,223,10,"MNAR",FALSE,"F2",1000,0.2,0.5,52310,"6fddd79","HEAD","totoro","fixed_1",TRUE,249.615,0.925491758447895,0.948739744783768,-0.023247986335873,0.5,0.5,FALSE,NA
2411,224,10,"MNAR",FALSE,"F3",1000,0.2,0.5,52410,"6fddd79","HEAD","totoro","fixed_1",TRUE,231.428,0.668027062741208,0.686515366384062,-0.0184883036428543,0,0,TRUE,NA
2412,225,10,"MNAR",FALSE,"F1",100,0.5,0.5,52510,"6fddd79","HEAD","totoro","fixed_1",TRUE,69.857,0.928711942570382,0.951017076110449,-0.022305133540067,0.183333333333333,0.25,FALSE,NA
2413,226,10,"MNAR",FALSE,"F2",100,0.5,0.5,52610,"6fddd79","HEAD","totoro","fixed_1",TRUE,76.311,1.47088482739803,1.49847955027258,-0.0275947228745432,0,0,TRUE,NA
2414,227,10,"MNAR",FALSE,"F3",100,0.5,0.5,52710,"6fddd79","HEAD","totoro","fixed_1",TRUE,76.595,0.55791108249298,0.603983862735468,-0.0460727802424883,0.166666666666667,0.166666666666667,TRUE,NA
2415,228,10,"MNAR",FALSE,"F1",300,0.5,0.5,52810,"6fddd79","HEAD","totoro","fixed_1",TRUE,85.303,0.968169032965412,0.969597428924828,-0.00142839595941613,0,0,FALSE,NA
2416,229,10,"MNAR",FALSE,"F2",300,0.5,0.5,52910,"6fddd79","HEAD","totoro","fixed_1",TRUE,84.637,1.05418879285485,1.06731786137695,-0.0131290685221015,0.4875,0.5,TRUE,NA
2417,230,10,"MNAR",FALSE,"F3",300,0.5,0.5,53010,"6fddd79","HEAD","totoro","fixed_1",TRUE,85.381,0.77848769507943,0.827801801063007,-0.0493141059835775,0,0,TRUE,NA
2418,231,10,"MNAR",FALSE,"F1",1000,0.5,0.5,53110,"6fddd79","HEAD","totoro","fixed_1",TRUE,229.637,0.830902422026161,0.83422196541922,-0.00331954339305862,0.2625,0.5,FALSE,NA
2419,232,10,"MNAR",FALSE,"F2",1000,0.5,0.5,53210,"6fddd79","HEAD","totoro","fixed_1",TRUE,224.081,0.838421284445091,0.85725354157423,-0.0188322571291388,0.4375,0.5,FALSE,NA
2420,233,10,"MNAR",FALSE,"F3",1000,0.5,0.5,53310,"6fddd79","HEAD","totoro","fixed_1",TRUE,250.074,0.725056171663042,0.717353282534888,0.00770288912815442,0.166666666666667,0.166666666666667,TRUE,NA
2421,234,10,"MNAR",FALSE,"F1",100,1,0.5,53410,"6fddd79","HEAD","totoro","fixed_1",TRUE,72.639,0.612424284516571,0.611288013622885,0.00113627089368629,0,0,FALSE,NA
2422,235,10,"MNAR",FALSE,"F2",100,1,0.5,53510,"6fddd79","HEAD","totoro","fixed_1",TRUE,73.996,0.579377811476909,0.622433909610067,-0.0430560981331582,0.25,0.25,FALSE,NA
2423,236,10,"MNAR",FALSE,"F3",100,1,0.5,53610,"6fddd79","HEAD","totoro","fixed_1",TRUE,76.745,0.739431306236865,0.65609796918096,0.0833333370559048,0,0,TRUE,NA
2424,237,10,"MNAR",FALSE,"F1",300,1,0.5,53710,"6fddd79","HEAD","totoro","fixed_1",TRUE,92.317,0.445554871389434,0.445554872078524,-6.89089729721815e-10,0,0,FALSE,NA
2425,238,10,"MNAR",FALSE,"F2",300,1,0.5,53810,"6fddd79","HEAD","totoro","fixed_1",TRUE,90.056,0.59942419945489,0.618062919933934,-0.0186387204790436,0.25,0.25,FALSE,NA
2426,239,10,"MNAR",FALSE,"F3",300,1,0.5,53910,"6fddd79","HEAD","totoro","fixed_1",TRUE,91.234,0.559159322007156,0.566630570387641,-0.00747124838048585,0.0583333333333333,0.166666666666667,TRUE,NA
2427,240,10,"MNAR",FALSE,"F1",1000,1,0.5,54010,"6fddd79","HEAD","totoro","fixed_1",TRUE,222.4,0.486745593013556,0.486745590801061,2.21249474297025e-09,0,0,FALSE,NA
2428,241,10,"MNAR",FALSE,"F2",1000,1,0.5,54110,"6fddd79","HEAD","totoro","fixed_1",TRUE,228.1,0.626969571246421,0.655428429461459,-0.0284588582150377,0.5,0.5,FALSE,NA
2429,242,10,"MNAR",FALSE,"F3",1000,1,0.5,54210,"6fddd79","HEAD","totoro","fixed_1",TRUE,224.191,0.42570796638407,0.428491572158383,-0.00278360577431347,0.166666666666667,0.166666666666667,TRUE,NA
2592,162,11,"MNAR",FALSE,"F1",100,0.2,0.1,46211,"6fddd79","HEAD","totoro","fixed_1",TRUE,63.46,0.897789365936112,0.902342207541097,-0.00455284160498493,0,0,TRUE,NA
2593,163,11,"MNAR",FALSE,"F2",100,0.2,0.1,46311,"6fddd79","HEAD","totoro","fixed_1",TRUE,64.162,1.09826824234051,1.12736577312116,-0.0290975307806538,0,0,TRUE,NA
2594,164,11,"MNAR",FALSE,"F3",100,0.2,0.1,46411,"6fddd79","HEAD","totoro","fixed_1",TRUE,68.175,0.955204076467325,0.932476803630298,0.0227272728370271,0.1,0.5,TRUE,NA
2595,165,11,"MNAR",FALSE,"F1",300,0.2,0.1,46511,"6fddd79","HEAD","totoro","fixed_1",TRUE,80.905,1.00545245436109,0.992079081244911,0.0133733731161763,0,0,TRUE,NA
2596,166,11,"MNAR",FALSE,"F2",300,0.2,0.1,46611,"6fddd79","HEAD","totoro","fixed_1",TRUE,87.023,0.845109659230126,0.911097378748132,-0.0659877195180061,0.75,0.75,FALSE,NA
2597,167,11,"MNAR",FALSE,"F3",300,0.2,0.1,46711,"6fddd79","HEAD","totoro","fixed_1",TRUE,90.652,0.666224548032494,0.676082645601155,-0.00985809756866074,0.238095238095238,0.333333333333333,FALSE,NA
2598,168,11,"MNAR",FALSE,"F1",1000,0.2,0.1,46811,"6fddd79","HEAD","totoro","fixed_1",TRUE,529.568,1.01987461261763,1.01959305668629,0.00028155593134227,0.359375,0.5,TRUE,NA
2599,169,11,"MNAR",FALSE,"F2",1000,0.2,0.1,46911,"6fddd79","HEAD","totoro","fixed_1",TRUE,484.54,1.03229564310542,1.07651380151585,-0.0442181584104357,0.25,0.25,FALSE,NA
2600,170,11,"MNAR",FALSE,"F3",1000,0.2,0.1,47011,"6fddd79","HEAD","totoro","fixed_1",TRUE,478.675,0.744192441607555,0.762192824945075,-0.0180003833375204,0.333333333333333,0.333333333333333,FALSE,NA
2601,171,11,"MNAR",FALSE,"F1",100,0.5,0.1,47111,"6fddd79","HEAD","totoro","fixed_1",TRUE,66.194,0.860249146179128,0.866187705285241,-0.00593855910611341,0.25,0.25,FALSE,NA
2602,172,11,"MNAR",FALSE,"F2",100,0.5,0.1,47211,"6fddd79","HEAD","totoro","fixed_1",TRUE,64.615,0.824404727085231,0.855115067709996,-0.0307103406247652,0.1875,0.5,TRUE,NA
2603,173,11,"MNAR",FALSE,"F3",100,0.5,0.1,47311,"6fddd79","HEAD","totoro","fixed_1",TRUE,67.604,0.561030358190723,0.525242967872774,0.0357873903179493,0.166666666666667,0.166666666666667,TRUE,NA
2604,174,11,"MNAR",FALSE,"F1",300,0.5,0.1,47411,"6fddd79","HEAD","totoro","fixed_1",TRUE,88.673,0.898564453847162,0.90840312448116,-0.00983867063399857,0.4125,0.5,FALSE,NA
2605,175,11,"MNAR",FALSE,"F2",300,0.5,0.1,47511,"6fddd79","HEAD","totoro","fixed_1",TRUE,89.979,0.866984472876937,0.895301416907989,-0.028316944031052,0.45,0.5,TRUE,NA
2606,176,11,"MNAR",FALSE,"F3",300,0.5,0.1,47611,"6fddd79","HEAD","totoro","fixed_1",TRUE,90.316,0.680136010629528,0.648691601081527,0.0314444095480014,0,0,TRUE,NA
2607,177,11,"MNAR",FALSE,"F1",1000,0.5,0.1,47711,"6fddd79","HEAD","totoro","fixed_1",TRUE,491.238,0.856729270581956,0.859168380887055,-0.00243911030509913,0.1,0.25,FALSE,NA
2608,178,11,"MNAR",FALSE,"F2",1000,0.5,0.1,47811,"6fddd79","HEAD","totoro","fixed_1",TRUE,478.851,0.824233890836622,0.846420766794819,-0.0221868759581961,0.3875,0.5,FALSE,NA
2609,179,11,"MNAR",FALSE,"F3",1000,0.5,0.1,47911,"6fddd79","HEAD","totoro","fixed_1",TRUE,518.029,0.692641061654026,0.690448079318472,0.00219298233555376,0,0,FALSE,NA
2610,180,11,"MNAR",FALSE,"F1",100,1,0.1,48011,"6fddd79","HEAD","totoro","fixed_1",TRUE,68.737,0.662182626322198,0.639030674699897,0.023151951622301,0.275,0.5,FALSE,NA
2611,181,11,"MNAR",FALSE,"F2",100,1,0.1,48111,"6fddd79","HEAD","totoro","fixed_1",TRUE,68.568,0.731632557506186,0.681696310733484,0.0499362467727019,0.171052631578947,0.25,FALSE,NA
2612,182,11,"MNAR",FALSE,"F3",100,1,0.1,48211,"6fddd79","HEAD","totoro","fixed_1",TRUE,72.271,0.494732047104374,0.440105594729233,0.0546264523751407,0.17280701754386,0.333333333333333,TRUE,NA
2613,183,11,"MNAR",FALSE,"F1",300,1,0.1,48311,"6fddd79","HEAD","totoro","fixed_1",TRUE,87.521,0.623800187161997,0.626696996415648,-0.00289680925365121,0.25,0.25,FALSE,NA
2614,184,11,"MNAR",FALSE,"F2",300,1,0.1,48411,"6fddd79","HEAD","totoro","fixed_1",TRUE,90.13,0.675274951220085,0.70231294604077,-0.0270379948206849,0.625,0.75,FALSE,NA
2615,185,11,"MNAR",FALSE,"F3",300,1,0.1,48511,"6fddd79","HEAD","totoro","fixed_1",TRUE,88.916,0.592680364437801,0.532074302588953,0.0606060618488474,0,0,TRUE,NA
2616,186,11,"MNAR",FALSE,"F1",1000,1,0.1,48611,"6fddd79","HEAD","totoro","fixed_1",TRUE,505.933,0.427053696472013,0.427053696615865,-1.4385242996795e-10,0,0,FALSE,NA
2617,187,11,"MNAR",FALSE,"F2",1000,1,0.1,48711,"6fddd79","HEAD","totoro","fixed_1",TRUE,449.251,0.520679147621844,0.52850631797103,-0.0078271703491859,0.25,0.25,FALSE,NA
2618,188,11,"MNAR",FALSE,"F3",1000,1,0.1,48811,"6fddd79","HEAD","totoro","fixed_1",TRUE,547.833,0.45036939956352,0.452773244644435,-0.00240384508091451,0.025,0.5,FALSE,NA
2619,189,11,"MNAR",FALSE,"F1",100,0.2,0.3,48911,"6fddd79","HEAD","totoro","fixed_1",TRUE,64.2,0.812992338532191,0.819458848652032,-0.00646651011984112,0.25,0.25,TRUE,NA
2620,190,11,"MNAR",FALSE,"F2",100,0.2,0.3,49011,"6fddd79","HEAD","totoro","fixed_1",TRUE,67.485,0.857595160188109,0.893669441039692,-0.0360742808515828,0.1875,0.25,TRUE,NA
2621,191,11,"MNAR",FALSE,"F3",100,0.2,0.3,49111,"6fddd79","HEAD","totoro","fixed_1",TRUE,68.891,0.803867293553514,0.87703958147454,-0.0731722879210261,0,0,TRUE,NA
2622,192,11,"MNAR",FALSE,"F1",300,0.2,0.3,49211,"6fddd79","HEAD","totoro","fixed_1",TRUE,85.264,0.982836130926021,0.96411817255151,0.0187179583745104,0,0,TRUE,NA
2623,193,11,"MNAR",FALSE,"F2",300,0.2,0.3,49311,"6fddd79","HEAD","totoro","fixed_1",TRUE,78.217,0.929135368081638,0.923477628391906,0.00565773968973182,0.4875,0.5,TRUE,NA
2624,194,11,"MNAR",FALSE,"F3",300,0.2,0.3,49411,"6fddd79","HEAD","totoro","fixed_1",TRUE,80.862,0.818251028990406,0.840400132183519,-0.0221491031931131,0,0,TRUE,NA
2625,195,11,"MNAR",FALSE,"F1",1000,0.2,0.3,49511,"6fddd79","HEAD","totoro","fixed_1",TRUE,329.057,0.991004273260309,0.98932560575493,0.00167866750537882,0,0,FALSE,NA
2626,196,11,"MNAR",FALSE,"F2",1000,0.2,0.3,49611,"6fddd79","HEAD","totoro","fixed_1",TRUE,350.881,0.955067651725656,0.941180769871188,0.0138868818544677,0,0,TRUE,NA
2627,197,11,"MNAR",FALSE,"F3",1000,0.2,0.3,49711,"6fddd79","HEAD","totoro","fixed_1",TRUE,349.895,0.803463866159047,0.792157971711951,0.0113058944470962,0,0,TRUE,NA
2628,198,11,"MNAR",FALSE,"F1",100,0.5,0.3,49811,"6fddd79","HEAD","totoro","fixed_1",TRUE,65.049,0.691387425248091,0.713907442851407,-0.0225200176033161,0.5875,0.75,FALSE,NA
2629,199,11,"MNAR",FALSE,"F2",100,0.5,0.3,49911,"6fddd79","HEAD","totoro","fixed_1",TRUE,64.427,0.705247509058539,0.699883591567271,0.00536391749126763,0.25,0.25,TRUE,NA
2630,200,11,"MNAR",FALSE,"F3",100,0.5,0.3,50011,"6fddd79","HEAD","totoro","fixed_1",TRUE,68.265,0.657833159129197,0.659888639310984,-0.00205548018178647,0,0,TRUE,NA
2631,201,11,"MNAR",FALSE,"F1",300,0.5,0.3,50111,"6fddd79","HEAD","totoro","fixed_1",TRUE,86.063,0.874812569084704,0.862940837756395,0.0118717313283097,0.265625,0.5,FALSE,NA
2632,202,11,"MNAR",FALSE,"F2",300,0.5,0.3,50211,"6fddd79","HEAD","totoro","fixed_1",TRUE,85.517,0.805817338925103,0.872283399099891,-0.0664660601747887,1,1,FALSE,NA
2633,203,11,"MNAR",FALSE,"F3",300,0.5,0.3,50311,"6fddd79","HEAD","totoro","fixed_1",TRUE,83.772,0.598908908077531,0.618464858279248,-0.0195559502017172,0,0,TRUE,NA
2634,204,11,"MNAR",FALSE,"F1",1000,0.5,0.3,50411,"6fddd79","HEAD","totoro","fixed_1",TRUE,333.391,0.84522466793455,0.845224667669979,2.64571031749483e-10,0,0,FALSE,NA
2635,205,11,"MNAR",FALSE,"F2",1000,0.5,0.3,50511,"6fddd79","HEAD","totoro","fixed_1",TRUE,356.085,0.956778019203494,0.980179625193436,-0.0234016059899419,0.673684210526316,0.75,FALSE,NA
2636,206,11,"MNAR",FALSE,"F3",1000,0.5,0.3,50611,"6fddd79","HEAD","totoro","fixed_1",TRUE,358.8,0.650389539227921,0.629338435506375,0.0210511037215457,0.05,0.5,TRUE,NA
2637,207,11,"MNAR",FALSE,"F1",100,1,0.3,50711,"6fddd79","HEAD","totoro","fixed_1",TRUE,64.488,0.538602861099873,0.563740680000086,-0.0251378189002135,0.236111111111111,0.25,FALSE,NA
2638,208,11,"MNAR",FALSE,"F2",100,1,0.3,50811,"6fddd79","HEAD","totoro","fixed_1",TRUE,67.243,0.86722490674257,0.836261989918211,0.0309629168243588,0.248529411764706,0.5,TRUE,NA
2639,209,11,"MNAR",FALSE,"F3",100,1,0.3,50911,"6fddd79","HEAD","totoro","fixed_1",TRUE,68.688,0.710678250005857,0.786785012296728,-0.0761067622908709,0,0,TRUE,NA
2640,210,11,"MNAR",FALSE,"F1",300,1,0.3,51011,"6fddd79","HEAD","totoro","fixed_1",TRUE,81.931,0.531943292632364,0.537807504490013,-0.00586421185764896,0.152777777777778,0.25,FALSE,NA
2641,211,11,"MNAR",FALSE,"F2",300,1,0.3,51111,"6fddd79","HEAD","totoro","fixed_1",TRUE,81.697,0.499243603223196,0.502740258738954,-0.00349665551575767,0.25,0.25,FALSE,NA
2642,212,11,"MNAR",FALSE,"F3",300,1,0.3,51211,"6fddd79","HEAD","totoro","fixed_1",TRUE,81.948,0.456133025510171,0.534147085452376,-0.0780140599422047,0.12280701754386,0.166666666666667,TRUE,NA
2643,213,11,"MNAR",FALSE,"F1",1000,1,0.3,51311,"6fddd79","HEAD","totoro","fixed_1",TRUE,377.169,0.454139189873103,0.451546187023154,0.00259300284994879,0.075,0.25,FALSE,NA
2644,214,11,"MNAR",FALSE,"F2",1000,1,0.3,51411,"6fddd79","HEAD","totoro","fixed_1",TRUE,325.523,0.549232777391858,0.562280263722499,-0.0130474863306415,0.3375,0.5,FALSE,NA
2645,215,11,"MNAR",FALSE,"F3",1000,1,0.3,51511,"6fddd79","HEAD","totoro","fixed_1",TRUE,324.062,0.365564076937223,0.368810830047369,-0.00324675311014527,0,0,FALSE,NA
2646,216,11,"MNAR",FALSE,"F1",100,0.2,0.5,51611,"6fddd79","HEAD","totoro","fixed_1",TRUE,67.16,0.663129551547999,0.777824392819109,-0.11469484127111,0.25,0.25,TRUE,NA
2647,217,11,"MNAR",FALSE,"F2",100,0.2,0.5,51711,"6fddd79","HEAD","totoro","fixed_1",TRUE,64.323,0.886973508104323,0.882651222051061,0.00432228605326168,0.350877192982456,0.5,TRUE,NA
2648,218,11,"MNAR",FALSE,"F3",100,0.2,0.5,51811,"6fddd79","HEAD","totoro","fixed_1",TRUE,65.127,0.724611701567902,0.638821106079385,0.085790595488517,0,0,TRUE,NA
2649,219,11,"MNAR",FALSE,"F1",300,0.2,0.5,51911,"6fddd79","HEAD","totoro","fixed_1",TRUE,79.321,1.06260375245436,1.08659176584432,-0.0239880133899624,0,0,TRUE,NA
2650,220,11,"MNAR",FALSE,"F2",300,0.2,0.5,52011,"6fddd79","HEAD","totoro","fixed_1",TRUE,77.839,1.02960607779919,1.02182498697992,0.00778109081926437,0.25,0.25,TRUE,NA
2651,221,11,"MNAR",FALSE,"F3",300,0.2,0.5,52111,"6fddd79","HEAD","totoro","fixed_1",TRUE,79.084,0.66175498297332,0.649754307822957,0.0120006751503633,0,0,TRUE,NA
2652,222,11,"MNAR",FALSE,"F1",1000,0.2,0.5,52211,"6fddd79","HEAD","totoro","fixed_1",TRUE,254.38,0.964576083318976,0.976222638082657,-0.0116465547636809,0,0,TRUE,NA
2653,223,11,"MNAR",FALSE,"F2",1000,0.2,0.5,52311,"6fddd79","HEAD","totoro","fixed_1",TRUE,261.028,0.886576879692935,0.932704396512119,-0.0461275168191839,0.25,0.25,TRUE,NA
2654,224,11,"MNAR",FALSE,"F3",1000,0.2,0.5,52411,"6fddd79","HEAD","totoro","fixed_1",TRUE,281.959,0.623948793464302,0.631082286632916,-0.00713349316861411,0,0,TRUE,NA
2655,225,11,"MNAR",FALSE,"F1",100,0.5,0.5,52511,"6fddd79","HEAD","totoro","fixed_1",TRUE,66.168,0.742699849638324,0.753892470878361,-0.0111926212400376,0.125,0.25,TRUE,NA
2656,226,11,"MNAR",FALSE,"F2",100,0.5,0.5,52611,"6fddd79","HEAD","totoro","fixed_1",TRUE,62.131,0.527735063860784,0.530973839939769,-0.00323877607898571,0.225,0.25,FALSE,NA
2657,227,11,"MNAR",FALSE,"F3",100,0.5,0.5,52711,"6fddd79","HEAD","totoro","fixed_1",TRUE,63.853,0.971616788345879,0.903584358971276,0.0680324293746026,0,0,TRUE,NA
2658,228,11,"MNAR",FALSE,"F1",300,0.5,0.5,52811,"6fddd79","HEAD","totoro","fixed_1",TRUE,79.044,0.807862209641901,0.797545136412778,0.0103170732291235,0,0,TRUE,NA
2659,229,11,"MNAR",FALSE,"F2",300,0.5,0.5,52911,"6fddd79","HEAD","totoro","fixed_1",TRUE,78.077,0.81427646393886,0.804574610405348,0.00970185353351138,0.195833333333333,0.5,FALSE,NA
2660,230,11,"MNAR",FALSE,"F3",300,0.5,0.5,53011,"6fddd79","HEAD","totoro","fixed_1",TRUE,81.617,0.78423043075074,0.781062835368504,0.00316759538223588,0,0,TRUE,NA
2661,231,11,"MNAR",FALSE,"F1",1000,0.5,0.5,53111,"6fddd79","HEAD","totoro","fixed_1",TRUE,256.355,0.898732467713325,0.904661922275862,-0.00592945456253691,0.125,0.25,FALSE,NA
2662,232,11,"MNAR",FALSE,"F2",1000,0.5,0.5,53211,"6fddd79","HEAD","totoro","fixed_1",TRUE,251.486,0.815168385376377,0.870002652283194,-0.0548342669068175,0.5,0.5,FALSE,NA
2663,233,11,"MNAR",FALSE,"F3",1000,0.5,0.5,53311,"6fddd79","HEAD","totoro","fixed_1",TRUE,257.696,0.672967525268764,0.686244708381787,-0.0132771831130227,0.025,0.166666666666667,TRUE,NA
2664,234,11,"MNAR",FALSE,"F1",100,1,0.5,53411,"6fddd79","HEAD","totoro","fixed_1",TRUE,66.286,0.954289936316935,0.916159246895881,0.0381306894210535,0.388888888888889,0.75,FALSE,NA
2665,235,11,"MNAR",FALSE,"F2",100,1,0.5,53511,"6fddd79","HEAD","totoro","fixed_1",TRUE,65.834,0.671952864812192,0.626316126125776,0.0456367386864157,0.25,0.25,FALSE,NA
2666,236,11,"MNAR",FALSE,"F3",100,1,0.5,53611,"6fddd79","HEAD","totoro","fixed_1",TRUE,69.357,0.469696260777324,0.518799637845896,-0.049103377068572,0.0833333333333333,0.166666666666667,FALSE,NA
2667,237,11,"MNAR",FALSE,"F1",300,1,0.5,53711,"6fddd79","HEAD","totoro","fixed_1",TRUE,87.378,0.628095279573781,0.634185349268626,-0.00609006969484494,0,0,FALSE,NA
2668,238,11,"MNAR",FALSE,"F2",300,1,0.5,53811,"6fddd79","HEAD","totoro","fixed_1",TRUE,82.149,0.524653204773151,0.566376568564217,-0.0417233637910663,0.473684210526316,0.5,TRUE,NA
2669,239,11,"MNAR",FALSE,"F3",300,1,0.5,53911,"6fddd79","HEAD","totoro","fixed_1",TRUE,79.971,0.556997035553492,0.575269889780603,-0.0182728542271102,0.166666666666667,0.166666666666667,TRUE,NA
2670,240,11,"MNAR",FALSE,"F1",1000,1,0.5,54011,"6fddd79","HEAD","totoro","fixed_1",TRUE,262.749,0.526115777424885,0.526115777265335,1.59549373712764e-10,0,0,FALSE,NA
2671,241,11,"MNAR",FALSE,"F2",1000,1,0.5,54111,"6fddd79","HEAD","totoro","fixed_1",TRUE,260.898,0.617392580168951,0.624091222708339,-0.00669864253938812,0.52171052631579,0.75,FALSE,NA
2672,242,11,"MNAR",FALSE,"F3",1000,1,0.5,54211,"6fddd79","HEAD","totoro","fixed_1",TRUE,253.482,0.411130999059148,0.411130999544425,-4.85277706907539e-10,0,0,FALSE,NA
2835,162,12,"MNAR",FALSE,"F1",100,0.2,0.1,46212,"6fddd79","HEAD","totoro","fixed_1",TRUE,68.374,0.846762706369185,0.829790994771755,0.0169717115974302,0,0,TRUE,NA
2836,163,12,"MNAR",FALSE,"F2",100,0.2,0.1,46312,"6fddd79","HEAD","totoro","fixed_1",TRUE,64.984,1.07771183560097,1.08625133925896,-0.00853950365799827,0,0,TRUE,NA
2837,164,12,"MNAR",FALSE,"F3",100,0.2,0.1,46412,"6fddd79","HEAD","totoro","fixed_1",TRUE,65.804,0.681857114580315,0.590948024071486,0.0909090905088282,0,0,TRUE,NA
2838,165,12,"MNAR",FALSE,"F1",300,0.2,0.1,46512,"6fddd79","HEAD","totoro","fixed_1",TRUE,87.566,0.909090534961522,0.916195523605171,-0.00710498864364839,0.25,0.25,FALSE,NA
2839,166,12,"MNAR",FALSE,"F2",300,0.2,0.1,46612,"6fddd79","HEAD","totoro","fixed_1",TRUE,90.688,0.967803426903891,1.0418587529249,-0.0740553260210126,0.75,0.75,FALSE,NA
2840,167,12,"MNAR",FALSE,"F3",300,0.2,0.1,46712,"6fddd79","HEAD","totoro","fixed_1",TRUE,88.261,0.803150659264326,0.811051476543897,-0.00790081727957159,0.05,0.166666666666667,TRUE,NA
2841,168,12,"MNAR",FALSE,"F1",1000,0.2,0.1,46812,"6fddd79","HEAD","totoro","fixed_1",TRUE,541.368,0.945042140660586,0.949132173518444,-0.0040900328578577,0.325,0.5,TRUE,NA
2842,169,12,"MNAR",FALSE,"F2",1000,0.2,0.1,46912,"6fddd79","HEAD","totoro","fixed_1",TRUE,471.125,0.908965242622614,0.933305016220046,-0.0243397735974317,0.725,0.75,FALSE,NA
2843,170,12,"MNAR",FALSE,"F3",1000,0.2,0.1,47012,"6fddd79","HEAD","totoro","fixed_1",TRUE,509.362,0.695670919378452,0.695589651115563,8.12682628883454e-05,0.0916666666666667,0.166666666666667,TRUE,NA
2844,171,12,"MNAR",FALSE,"F1",100,0.5,0.1,47112,"6fddd79","HEAD","totoro","fixed_1",TRUE,62.905,0.854038823548637,0.830998286031601,0.0230405375170359,0,0,TRUE,NA
2845,172,12,"MNAR",FALSE,"F2",100,0.5,0.1,47212,"6fddd79","HEAD","totoro","fixed_1",TRUE,68.049,0.940909242632683,1.15026129436613,-0.209352051733449,0.5,0.5,TRUE,NA
2846,173,12,"MNAR",FALSE,"F3",100,0.5,0.1,47312,"6fddd79","HEAD","totoro","fixed_1",TRUE,66.701,0.836281336867658,0.72832144572743,0.107959891140229,0.2,0.5,TRUE,NA
2847,174,12,"MNAR",FALSE,"F1",300,0.5,0.1,47412,"6fddd79","HEAD","totoro","fixed_1",TRUE,87.405,0.841989689611741,0.845103421378929,-0.00311373176718832,0.184210526315789,0.25,FALSE,NA
2848,175,12,"MNAR",FALSE,"F2",300,0.5,0.1,47512,"6fddd79","HEAD","totoro","fixed_1",TRUE,83.929,0.794878805400295,0.857900295893328,-0.0630214904930325,0.686111111111111,0.75,FALSE,NA
2849,176,12,"MNAR",FALSE,"F3",300,0.5,0.1,47612,"6fddd79","HEAD","totoro","fixed_1",TRUE,86.504,0.568559479360177,0.585459713953962,-0.0169002345937853,0,0,TRUE,NA
2850,177,12,"MNAR",FALSE,"F1",1000,0.5,0.1,47712,"6fddd79","HEAD","totoro","fixed_1",TRUE,524.561,0.818994839596123,0.822398400609242,-0.00340356101311878,0.175,0.25,FALSE,NA
2851,178,12,"MNAR",FALSE,"F2",1000,0.5,0.1,47812,"6fddd79","HEAD","totoro","fixed_1",TRUE,456.654,0.905860712643133,0.921762708276264,-0.0159019956331309,0.5,0.5,FALSE,NA
2852,179,12,"MNAR",FALSE,"F3",1000,0.5,0.1,47912,"6fddd79","HEAD","totoro","fixed_1",TRUE,510.052,0.660311977263306,0.683161310563585,-0.0228493333002789,0.192982456140351,0.333333333333333,TRUE,NA
2853,180,12,"MNAR",FALSE,"F1",100,1,0.1,48012,"6fddd79","HEAD","totoro","fixed_1",TRUE,63.843,0.621564999024706,0.650252347346561,-0.0286873483218547,0.4,0.5,FALSE,NA
2854,181,12,"MNAR",FALSE,"F2",100,1,0.1,48112,"6fddd79","HEAD","totoro","fixed_1",TRUE,68.795,0.686508203244328,0.792641533676205,-0.106133330431877,0.5,0.5,FALSE,NA
2855,182,12,"MNAR",FALSE,"F3",100,1,0.1,48212,"6fddd79","HEAD","totoro","fixed_1",TRUE,73.073,0.551977364817026,0.54977050585519,0.00220685896183637,0,0,TRUE,NA
2856,183,12,"MNAR",FALSE,"F1",300,1,0.1,48312,"6fddd79","HEAD","totoro","fixed_1",TRUE,90.27,0.554162577900052,0.563396550700455,-0.00923397280040261,0.171052631578947,0.25,FALSE,NA
2857,184,12,"MNAR",FALSE,"F2",300,1,0.1,48412,"6fddd79","HEAD","totoro","fixed_1",TRUE,93.099,0.609411473072925,0.633604376439556,-0.0241929033666308,0.475,0.5,FALSE,NA
2858,185,12,"MNAR",FALSE,"F3",300,1,0.1,48512,"6fddd79","HEAD","totoro","fixed_1",TRUE,99.527,0.619256682958207,0.619256683551832,-5.93625149036825e-10,0,0,FALSE,NA
2859,186,12,"MNAR",FALSE,"F1",1000,1,0.1,48612,"6fddd79","HEAD","totoro","fixed_1",TRUE,542.821,0.492818343977033,0.500635028306414,-0.00781668432938043,0.5,0.5,FALSE,NA
2860,187,12,"MNAR",FALSE,"F2",1000,1,0.1,48712,"6fddd79","HEAD","totoro","fixed_1",TRUE,485.795,0.578725538177049,0.607239414194288,-0.0285138760172394,0.436842105263158,0.75,FALSE,NA
2861,188,12,"MNAR",FALSE,"F3",1000,1,0.1,48812,"6fddd79","HEAD","totoro","fixed_1",TRUE,488.548,0.442896597908437,0.468563508503402,-0.0256669105949658,0.275,0.666666666666667,FALSE,NA
2862,189,12,"MNAR",FALSE,"F1",100,0.2,0.3,48912,"6fddd79","HEAD","totoro","fixed_1",TRUE,69.414,0.846995482180402,0.807217628122091,0.039777854058311,0.5,0.5,FALSE,NA
2863,190,12,"MNAR",FALSE,"F2",100,0.2,0.3,49012,"6fddd79","HEAD","totoro","fixed_1",TRUE,67.818,0.817569374861825,0.788060271704448,0.0295091031573764,0,0,TRUE,NA
2864,191,12,"MNAR",FALSE,"F3",100,0.2,0.3,49112,"6fddd79","HEAD","totoro","fixed_1",TRUE,78.508,0.481719115108521,0.546396316144413,-0.0646772010358914,0.166666666666667,0.166666666666667,TRUE,NA
2865,192,12,"MNAR",FALSE,"F1",300,0.2,0.3,49212,"6fddd79","HEAD","totoro","fixed_1",TRUE,90.296,0.890898184682976,0.896775255666675,-0.00587707098369861,0,0,TRUE,NA
2866,193,12,"MNAR",FALSE,"F2",300,0.2,0.3,49312,"6fddd79","HEAD","totoro","fixed_1",TRUE,88.204,1.02658574518712,1.05251395209789,-0.0259282069107736,0,0,TRUE,NA
2867,194,12,"MNAR",FALSE,"F3",300,0.2,0.3,49412,"6fddd79","HEAD","totoro","fixed_1",TRUE,86.896,0.670586199879327,0.735272391695258,-0.0646861918159304,0,0,TRUE,NA
2868,195,12,"MNAR",FALSE,"F1",1000,0.2,0.3,49512,"6fddd79","HEAD","totoro","fixed_1",TRUE,369.203,0.987811146769425,0.986692008445945,0.00111913832348065,0.2125,0.25,TRUE,NA
2869,196,12,"MNAR",FALSE,"F2",1000,0.2,0.3,49612,"6fddd79","HEAD","totoro","fixed_1",TRUE,381.355,0.849304901248328,0.890524018245536,-0.0412191169972084,0.5,0.5,FALSE,NA
2870,197,12,"MNAR",FALSE,"F3",1000,0.2,0.3,49712,"6fddd79","HEAD","totoro","fixed_1",TRUE,340.511,0.695396704057556,0.713468993237075,-0.0180722891795192,0,0,FALSE,NA
2871,198,12,"MNAR",FALSE,"F1",100,0.5,0.3,49812,"6fddd79","HEAD","totoro","fixed_1",TRUE,67.731,0.849016888574328,0.870610769781607,-0.0215938812072791,0.5,0.5,FALSE,NA
2872,199,12,"MNAR",FALSE,"F2",100,0.5,0.3,49912,"6fddd79","HEAD","totoro","fixed_1",TRUE,71.349,0.953503980130081,0.877641926274641,0.0758620538554399,0.0535714285714286,0.25,TRUE,NA
2873,200,12,"MNAR",FALSE,"F3",100,0.5,0.3,50012,"6fddd79","HEAD","totoro","fixed_1",TRUE,70.129,0.841648428066073,0.875099161701495,-0.0334507336354223,0.166666666666667,0.166666666666667,TRUE,NA
2874,201,12,"MNAR",FALSE,"F1",300,0.5,0.3,50112,"6fddd79","HEAD","totoro","fixed_1",TRUE,83.642,0.81453501082614,0.816287485493441,-0.00175247466730111,0.486111111111111,0.5,TRUE,NA
2875,202,12,"MNAR",FALSE,"F2",300,0.5,0.3,50212,"6fddd79","HEAD","totoro","fixed_1",TRUE,90.906,0.830239836943869,0.816703877497487,0.0135359594463814,0.25,0.25,TRUE,NA
2876,203,12,"MNAR",FALSE,"F3",300,0.5,0.3,50312,"6fddd79","HEAD","totoro","fixed_1",TRUE,88.393,0.622599476416577,0.614766480345165,0.00783299607141252,0,0,TRUE,NA
2877,204,12,"MNAR",FALSE,"F1",1000,0.5,0.3,50412,"6fddd79","HEAD","totoro","fixed_1",TRUE,366.672,0.82912150295107,0.831490191336373,-0.00236868838530357,0.25,0.25,FALSE,NA
2878,205,12,"MNAR",FALSE,"F2",1000,0.5,0.3,50512,"6fddd79","HEAD","totoro","fixed_1",TRUE,349.285,0.87034421031163,0.897840319843881,-0.0274961095322518,0.557692307692308,0.75,FALSE,NA
2879,206,12,"MNAR",FALSE,"F3",1000,0.5,0.3,50612,"6fddd79","HEAD","totoro","fixed_1",TRUE,376.825,0.647358156192008,0.659936094791556,-0.0125779385995478,0.108333333333333,0.166666666666667,TRUE,NA
2880,207,12,"MNAR",FALSE,"F1",100,1,0.3,50712,"6fddd79","HEAD","totoro","fixed_1",TRUE,64.294,0.694381432039641,0.697498744041293,-0.00311731200165166,0,0,FALSE,NA
2881,208,12,"MNAR",FALSE,"F2",100,1,0.3,50812,"6fddd79","HEAD","totoro","fixed_1",TRUE,63.657,0.945976849741385,0.792238396038265,0.15373845370312,0.118421052631579,0.5,TRUE,NA
2882,209,12,"MNAR",FALSE,"F3",100,1,0.3,50912,"6fddd79","HEAD","totoro","fixed_1",TRUE,74.677,0.529464980559132,0.570718276535005,-0.0412532959758735,0.166666666666667,0.166666666666667,TRUE,NA
2883,210,12,"MNAR",FALSE,"F1",300,1,0.3,51012,"6fddd79","HEAD","totoro","fixed_1",TRUE,90.167,0.642633068808812,0.645665245181323,-0.00303217637251163,0.225,0.25,FALSE,NA
2884,211,12,"MNAR",FALSE,"F2",300,1,0.3,51112,"6fddd79","HEAD","totoro","fixed_1",TRUE,92.86,0.661259190080019,0.666441861876629,-0.00518267179660992,0.25,0.25,FALSE,NA
2885,212,12,"MNAR",FALSE,"F3",300,1,0.3,51212,"6fddd79","HEAD","totoro","fixed_1",TRUE,88.791,0.626828881948389,0.599051104180091,0.0277777777682979,0,0,TRUE,NA
2886,213,12,"MNAR",FALSE,"F1",1000,1,0.3,51312,"6fddd79","HEAD","totoro","fixed_1",TRUE,361.645,0.46113944075934,0.461174558033815,-3.51172744753603e-05,0.1375,0.25,FALSE,NA
2887,214,12,"MNAR",FALSE,"F2",1000,1,0.3,51412,"6fddd79","HEAD","totoro","fixed_1",TRUE,330.891,0.628298959079843,0.642170778469664,-0.0138718193898211,0.31578947368421,0.5,FALSE,NA
2888,215,12,"MNAR",FALSE,"F3",1000,1,0.3,51512,"6fddd79","HEAD","totoro","fixed_1",TRUE,350.747,0.514546272340643,0.52077922390673,-0.00623295156608683,0,0,FALSE,NA
2889,216,12,"MNAR",FALSE,"F1",100,0.2,0.5,51612,"6fddd79","HEAD","totoro","fixed_1",TRUE,77.211,1.10352793634721,1.06608879002992,0.037439146317281,0,0,TRUE,NA
2890,217,12,"MNAR",FALSE,"F2",100,0.2,0.5,51712,"6fddd79","HEAD","totoro","fixed_1",TRUE,69.19,0.813358950284829,0.830340461927188,-0.0169815116423586,0.722222222222222,0.75,TRUE,NA
2891,218,12,"MNAR",FALSE,"F3",100,0.2,0.5,51812,"6fddd79","HEAD","totoro","fixed_1",TRUE,75.823,0.538865955226935,0.543691529947206,-0.00482557472027167,0,0,TRUE,NA
2892,219,12,"MNAR",FALSE,"F1",300,0.2,0.5,51912,"6fddd79","HEAD","totoro","fixed_1",TRUE,87.059,0.963823565328922,0.949540850372579,0.0142827149563428,0.25,0.25,TRUE,NA
2893,220,12,"MNAR",FALSE,"F2",300,0.2,0.5,52012,"6fddd79","HEAD","totoro","fixed_1",TRUE,88.291,1.03399548187984,1.07886724452313,-0.0448717626432871,0.5,0.5,TRUE,NA
2894,221,12,"MNAR",FALSE,"F3",300,0.2,0.5,52112,"6fddd79","HEAD","totoro","fixed_1",TRUE,84.006,0.710530206734823,0.700461438961208,0.0100687677736151,0.166666666666667,0.166666666666667,TRUE,NA
2895,222,12,"MNAR",FALSE,"F1",1000,0.2,0.5,52212,"6fddd79","HEAD","totoro","fixed_1",TRUE,262.648,1.01615479356718,1.02178643440294,-0.00563164083575618,0.5,0.5,FALSE,NA
2896,223,12,"MNAR",FALSE,"F2",1000,0.2,0.5,52312,"6fddd79","HEAD","totoro","fixed_1",TRUE,290.475,0.944024907573142,0.955165976508182,-0.0111410689350402,0.5,0.5,FALSE,NA
2897,224,12,"MNAR",FALSE,"F3",1000,0.2,0.5,52412,"6fddd79","HEAD","totoro","fixed_1",TRUE,246.806,0.604701550421868,0.603104776250447,0.00159677417142168,0,0,TRUE,NA
2898,225,12,"MNAR",FALSE,"F1",100,0.5,0.5,52512,"6fddd79","HEAD","totoro","fixed_1",TRUE,72.368,0.865939493465775,0.843687613911527,0.022251879554248,0,0,TRUE,NA
2899,226,12,"MNAR",FALSE,"F2",100,0.5,0.5,52612,"6fddd79","HEAD","totoro","fixed_1",TRUE,65.228,1.2986584469661,1.33336772436947,-0.0347092774033715,0,0,TRUE,NA
2900,227,12,"MNAR",FALSE,"F3",100,0.5,0.5,52712,"6fddd79","HEAD","totoro","fixed_1",TRUE,76.624,0.650056791502384,0.63138522172415,0.0186715697782343,0,0,TRUE,NA
2901,228,12,"MNAR",FALSE,"F1",300,0.5,0.5,52812,"6fddd79","HEAD","totoro","fixed_1",TRUE,86.58,0.862006639750164,0.858726574847557,0.0032800649026069,0.269736842105263,0.5,TRUE,NA
2902,229,12,"MNAR",FALSE,"F2",300,0.5,0.5,52912,"6fddd79","HEAD","totoro","fixed_1",TRUE,89.407,0.866351760368766,0.897735795802174,-0.0313840354334084,0.5,0.5,FALSE,NA
2903,230,12,"MNAR",FALSE,"F3",300,0.5,0.5,53012,"6fddd79","HEAD","totoro","fixed_1",TRUE,90.174,0.673209231383601,0.631542564605093,0.0416666667785078,0,0,TRUE,NA
2904,231,12,"MNAR",FALSE,"F1",1000,0.5,0.5,53112,"6fddd79","HEAD","totoro","fixed_1",TRUE,266.355,0.828153184241516,0.829620823514114,-0.00146763927259808,0,0,FALSE,NA
2905,232,12,"MNAR",FALSE,"F2",1000,0.5,0.5,53212,"6fddd79","HEAD","totoro","fixed_1",TRUE,239.916,0.784292981037889,0.796277884964256,-0.0119849039263671,0.475,0.75,FALSE,NA
2906,233,12,"MNAR",FALSE,"F3",1000,0.5,0.5,53312,"6fddd79","HEAD","totoro","fixed_1",TRUE,247.375,0.62926849772846,0.627735909474851,0.00153258825360869,0.149122807017544,0.166666666666667,TRUE,NA
2907,234,12,"MNAR",FALSE,"F1",100,1,0.5,53412,"6fddd79","HEAD","totoro","fixed_1",TRUE,74.401,0.5553386025881,0.476107306315169,0.0792312962729305,0.25,0.25,TRUE,NA
2908,235,12,"MNAR",FALSE,"F2",100,1,0.5,53512,"6fddd79","HEAD","totoro","fixed_1",TRUE,77.553,0.866190932507609,0.774891209677763,0.0912997228298464,0.197368421052632,0.25,TRUE,NA
2909,236,12,"MNAR",FALSE,"F3",100,1,0.5,53612,"6fddd79","HEAD","totoro","fixed_1",TRUE,75.516,0.576628692189156,0.608872600336896,-0.0322439081477398,0.166666666666667,0.166666666666667,FALSE,NA
2910,237,12,"MNAR",FALSE,"F1",300,1,0.5,53712,"6fddd79","HEAD","totoro","fixed_1",TRUE,90.101,0.717801679024354,0.716272809468353,0.00152886955600029,0.0735294117647059,0.25,FALSE,NA
2911,238,12,"MNAR",FALSE,"F2",300,1,0.5,53812,"6fddd79","HEAD","totoro","fixed_1",TRUE,86.875,0.648503164731002,0.677898168761873,-0.0293950040308709,0.644517543859649,1,FALSE,NA
2912,239,12,"MNAR",FALSE,"F3",300,1,0.5,53912,"6fddd79","HEAD","totoro","fixed_1",TRUE,96.44,0.465877878121743,0.533443583426497,-0.0675657053047535,0,0,TRUE,NA
2913,240,12,"MNAR",FALSE,"F1",1000,1,0.5,54012,"6fddd79","HEAD","totoro","fixed_1",TRUE,273.567,0.57452062069633,0.574520621582561,-8.86231088514933e-10,0,0,FALSE,NA
2914,241,12,"MNAR",FALSE,"F2",1000,1,0.5,54112,"6fddd79","HEAD","totoro","fixed_1",TRUE,283.128,0.611950971562044,0.617264201111382,-0.00531322954933799,0.5,0.5,FALSE,NA
2915,242,12,"MNAR",FALSE,"F3",1000,1,0.5,54212,"6fddd79","HEAD","totoro","fixed_1",TRUE,284.031,0.492728476304325,0.496630882777484,-0.00390240647315854,0.0784313725490196,0.166666666666667,FALSE,NA
3078,162,13,"MNAR",FALSE,"F1",100,0.2,0.1,46213,"6fddd79","HEAD","totoro","fixed_1",TRUE,73.875,0.875248518677442,0.897051659456034,-0.0218031407785929,0.5,0.5,TRUE,NA
3079,163,13,"MNAR",FALSE,"F2",100,0.2,0.1,46313,"6fddd79","HEAD","totoro","fixed_1",TRUE,72.885,0.866276703277335,0.883780177425195,-0.0175034741478602,0.0384615384615385,0.25,TRUE,NA
3080,164,13,"MNAR",FALSE,"F3",100,0.2,0.1,46413,"6fddd79","HEAD","totoro","fixed_1",TRUE,78.409,0.654892065984714,0.538404701419101,0.116487364565612,0,0,TRUE,NA
3081,165,13,"MNAR",FALSE,"F1",300,0.2,0.1,46513,"6fddd79","HEAD","totoro","fixed_1",TRUE,93.608,1.0584215082157,1.06169067810374,-0.0032691698880416,0,0,TRUE,NA
3082,166,13,"MNAR",FALSE,"F2",300,0.2,0.1,46613,"6fddd79","HEAD","totoro","fixed_1",TRUE,98.169,0.793116258021461,0.88221450964752,-0.089098251626059,0.5,0.5,TRUE,NA
3083,167,13,"MNAR",FALSE,"F3",300,0.2,0.1,46713,"6fddd79","HEAD","totoro","fixed_1",TRUE,94.163,0.609857342541872,0.61580972338768,-0.00595238084580763,0,0,TRUE,NA
3084,168,13,"MNAR",FALSE,"F1",1000,0.2,0.1,46813,"6fddd79","HEAD","totoro","fixed_1",TRUE,550.345,0.945632279162572,0.938125779792653,0.00750649936991832,0.25,0.25,TRUE,NA
3085,169,13,"MNAR",FALSE,"F2",1000,0.2,0.1,46913,"6fddd79","HEAD","totoro","fixed_1",TRUE,505.822,0.893978084002701,0.920620615153521,-0.0266425311508204,0.25,0.25,TRUE,NA
3086,170,13,"MNAR",FALSE,"F3",1000,0.2,0.1,47013,"6fddd79","HEAD","totoro","fixed_1",TRUE,542.706,0.732460261756787,0.760250940319582,-0.0277906785627956,0.166666666666667,0.166666666666667,FALSE,NA
3087,171,13,"MNAR",FALSE,"F1",100,0.5,0.1,47113,"6fddd79","HEAD","totoro","fixed_1",TRUE,69.697,0.841005875688384,0.852260128487362,-0.0112542527989786,0.25,0.25,FALSE,NA
3088,172,13,"MNAR",FALSE,"F2",100,0.5,0.1,47213,"6fddd79","HEAD","totoro","fixed_1",TRUE,75.726,0.798263158835733,0.778382481660163,0.0198806771755703,0.444444444444444,0.5,TRUE,NA
3089,173,13,"MNAR",FALSE,"F3",100,0.5,0.1,47313,"6fddd79","HEAD","totoro","fixed_1",TRUE,72.476,0.568938563638592,0.577547206929056,-0.0086086432904634,0.275,0.333333333333333,FALSE,NA
3090,174,13,"MNAR",FALSE,"F1",300,0.5,0.1,47413,"6fddd79","HEAD","totoro","fixed_1",TRUE,89.639,0.979849201549315,0.969854495695571,0.00999470585374407,0.375,0.5,FALSE,NA
3091,175,13,"MNAR",FALSE,"F2",300,0.5,0.1,47513,"6fddd79","HEAD","totoro","fixed_1",TRUE,96.211,0.784084534492192,0.841961523596917,-0.0578769891047245,1,1,FALSE,NA
3092,176,13,"MNAR",FALSE,"F3",300,0.5,0.1,47613,"6fddd79","HEAD","totoro","fixed_1",TRUE,100.1,0.656088198312859,0.617025697513426,0.0390625007994337,0,0,FALSE,NA
3093,177,13,"MNAR",FALSE,"F1",1000,0.5,0.1,47713,"6fddd79","HEAD","totoro","fixed_1",TRUE,508.596,0.811606289569334,0.812462858119113,-0.000856568549779002,0.425,0.5,FALSE,NA
3094,178,13,"MNAR",FALSE,"F2",1000,0.5,0.1,47813,"6fddd79","HEAD","totoro","fixed_1",TRUE,474.239,0.782233723906089,0.806467380295,-0.0242336563889114,0.75,0.75,FALSE,NA
3095,179,13,"MNAR",FALSE,"F3",1000,0.5,0.1,47913,"6fddd79","HEAD","totoro","fixed_1",TRUE,476.432,0.650148888357836,0.648147023510158,0.00200186484767861,0,0,FALSE,NA
3096,180,13,"MNAR",FALSE,"F1",100,1,0.1,48013,"6fddd79","HEAD","totoro","fixed_1",TRUE,72.174,0.660197871397393,0.66019787241522,-1.01782748895829e-09,0,0,FALSE,NA
3097,181,13,"MNAR",FALSE,"F2",100,1,0.1,48113,"6fddd79","HEAD","totoro","fixed_1",TRUE,75.611,0.408607895315829,0.467873552950322,-0.0592656576344938,0.4125,0.5,FALSE,NA
3098,182,13,"MNAR",FALSE,"F3",100,1,0.1,48213,"6fddd79","HEAD","totoro","fixed_1",TRUE,79.894,0.542387003751714,0.542387001811734,1.93998039854648e-09,0,0,TRUE,NA
3099,183,13,"MNAR",FALSE,"F1",300,1,0.1,48313,"6fddd79","HEAD","totoro","fixed_1",TRUE,102.516,0.495686505170926,0.501837747164177,-0.00615124199325096,0.525,0.75,FALSE,NA
3100,184,13,"MNAR",FALSE,"F2",300,1,0.1,48413,"6fddd79","HEAD","totoro","fixed_1",TRUE,106.761,0.68719057802032,0.705450194226645,-0.0182596162063249,0.475,0.5,FALSE,NA
3101,185,13,"MNAR",FALSE,"F3",300,1,0.1,48513,"6fddd79","HEAD","totoro","fixed_1",TRUE,104.619,0.45761287608873,0.459883740433759,-0.00227086434502988,0.0666666666666667,0.166666666666667,FALSE,NA
3102,186,13,"MNAR",FALSE,"F1",1000,1,0.1,48613,"6fddd79","HEAD","totoro","fixed_1",TRUE,478.165,0.439631103501496,0.443270764303879,-0.00363966080238354,0.2125,0.25,FALSE,NA
3103,187,13,"MNAR",FALSE,"F2",1000,1,0.1,48713,"6fddd79","HEAD","totoro","fixed_1",TRUE,515.774,0.515435606726513,0.565981765499584,-0.050546158773071,0.4875,0.5,FALSE,NA
3104,188,13,"MNAR",FALSE,"F3",1000,1,0.1,48813,"6fddd79","HEAD","totoro","fixed_1",TRUE,522.538,0.562951571649197,0.56295157241448,-7.65283059145361e-10,0,0,FALSE,NA
3105,189,13,"MNAR",FALSE,"F1",100,0.2,0.3,48913,"6fddd79","HEAD","totoro","fixed_1",TRUE,70.827,0.99409966727831,0.965459837060243,0.028639830218067,0.25,0.25,TRUE,NA
3106,190,13,"MNAR",FALSE,"F2",100,0.2,0.3,49013,"6fddd79","HEAD","totoro","fixed_1",TRUE,73.174,0.724082028282082,0.791743628920379,-0.0676616006382972,0.25,0.25,TRUE,NA
3107,191,13,"MNAR",FALSE,"F3",100,0.2,0.3,49113,"6fddd79","HEAD","totoro","fixed_1",TRUE,78.26,0.676388703481666,0.68946978376736,-0.0130810802856939,0,0,TRUE,NA
3108,192,13,"MNAR",FALSE,"F1",300,0.2,0.3,49213,"6fddd79","HEAD","totoro","fixed_1",TRUE,100.057,0.986920367199333,0.971919010858432,0.0150013563409009,0,0,TRUE,NA
3109,193,13,"MNAR",FALSE,"F2",300,0.2,0.3,49313,"6fddd79","HEAD","totoro","fixed_1",TRUE,85.884,0.919733986727606,0.90336902119061,0.0163649655369961,0.25,0.25,TRUE,NA
3110,194,13,"MNAR",FALSE,"F3",300,0.2,0.3,49413,"6fddd79","HEAD","totoro","fixed_1",TRUE,90.051,0.771312259568868,0.771958588881625,-0.000646329312756988,0,0,TRUE,NA
3111,195,13,"MNAR",FALSE,"F1",1000,0.2,0.3,49513,"6fddd79","HEAD","totoro","fixed_1",TRUE,372.8,0.918783050249729,0.918783049769183,4.80545159220469e-10,0,0,FALSE,NA
3112,196,13,"MNAR",FALSE,"F2",1000,0.2,0.3,49613,"6fddd79","HEAD","totoro","fixed_1",TRUE,351.212,0.921086641680194,0.951068224844387,-0.0299815831641927,0.8375,1,FALSE,NA
3113,197,13,"MNAR",FALSE,"F3",1000,0.2,0.3,49713,"6fddd79","HEAD","totoro","fixed_1",TRUE,340.113,0.703577573080758,0.706296556134821,-0.00271898305406315,0.216666666666667,0.666666666666667,TRUE,NA
3114,198,13,"MNAR",FALSE,"F1",100,0.5,0.3,49813,"6fddd79","HEAD","totoro","fixed_1",TRUE,78.414,0.961000939423838,0.921732812135377,0.0392681272884606,0,0,TRUE,NA
3115,199,13,"MNAR",FALSE,"F2",100,0.5,0.3,49913,"6fddd79","HEAD","totoro","fixed_1",TRUE,68.7,0.828425166580045,0.880106919291959,-0.0516817527119142,0.5,0.5,FALSE,NA
3116,200,13,"MNAR",FALSE,"F3",100,0.5,0.3,50013,"6fddd79","HEAD","totoro","fixed_1",TRUE,78.02,0.649712284793782,0.64971228369606,1.09772191336788e-09,0,0,TRUE,NA
3117,201,13,"MNAR",FALSE,"F1",300,0.5,0.3,50113,"6fddd79","HEAD","totoro","fixed_1",TRUE,95.538,0.864933982422012,0.876406289991984,-0.0114723075699714,0.1875,0.25,FALSE,NA
3118,202,13,"MNAR",FALSE,"F2",300,0.5,0.3,50213,"6fddd79","HEAD","totoro","fixed_1",TRUE,92.822,0.913293458199444,0.942220177178984,-0.0289267189795399,0.5125,0.75,FALSE,NA
3119,203,13,"MNAR",FALSE,"F3",300,0.5,0.3,50313,"6fddd79","HEAD","totoro","fixed_1",TRUE,93.593,0.613601327403127,0.606495065414363,0.00710626198876418,0.166666666666667,0.166666666666667,TRUE,NA
3120,204,13,"MNAR",FALSE,"F1",1000,0.5,0.3,50413,"6fddd79","HEAD","totoro","fixed_1",TRUE,364.371,0.901939179224693,0.90193918006388,-8.39187053180979e-10,0,0,FALSE,NA
3121,205,13,"MNAR",FALSE,"F2",1000,0.5,0.3,50513,"6fddd79","HEAD","totoro","fixed_1",TRUE,351.342,0.876178639972819,0.88386238304901,-0.00768374307619135,0.3875,0.5,FALSE,NA
3122,206,13,"MNAR",FALSE,"F3",1000,0.5,0.3,50613,"6fddd79","HEAD","totoro","fixed_1",TRUE,361.385,0.616964536293967,0.621964537015158,-0.00500000072119089,0,0,FALSE,NA
3123,207,13,"MNAR",FALSE,"F1",100,1,0.3,50713,"6fddd79","HEAD","totoro","fixed_1",TRUE,76.918,0.59476949588356,0.633705635746353,-0.0389361398627931,0.5875,0.75,FALSE,NA
3124,208,13,"MNAR",FALSE,"F2",100,1,0.3,50813,"6fddd79","HEAD","totoro","fixed_1",TRUE,73.522,0.777717416090829,0.816250128710121,-0.0385327126192925,0.475,0.75,TRUE,NA
3125,209,13,"MNAR",FALSE,"F3",100,1,0.3,50913,"6fddd79","HEAD","totoro","fixed_1",TRUE,76.005,0.730305801817297,0.630513128476311,0.0997926733409861,0.166666666666667,0.166666666666667,TRUE,NA
3126,210,13,"MNAR",FALSE,"F1",300,1,0.3,51013,"6fddd79","HEAD","totoro","fixed_1",TRUE,97.358,0.602388053998889,0.602345885436722,4.21685621666557e-05,0.25,0.25,FALSE,NA
3127,211,13,"MNAR",FALSE,"F2",300,1,0.3,51113,"6fddd79","HEAD","totoro","fixed_1",TRUE,99.76,0.790128564886284,0.829991128856748,-0.0398625639704644,0.619047619047619,0.75,FALSE,NA
3128,212,13,"MNAR",FALSE,"F3",300,1,0.3,51213,"6fddd79","HEAD","totoro","fixed_1",TRUE,90.333,0.569284238401163,0.506599438757577,0.0626847996435858,0.141666666666667,0.333333333333333,TRUE,NA
3129,213,13,"MNAR",FALSE,"F1",1000,1,0.3,51313,"6fddd79","HEAD","totoro","fixed_1",TRUE,386.798,0.414371133062609,0.414371132360683,7.01925795265623e-10,0,0,FALSE,NA
3130,214,13,"MNAR",FALSE,"F2",1000,1,0.3,51413,"6fddd79","HEAD","totoro","fixed_1",TRUE,409.496,0.586608970883485,0.584175376607301,0.0024335942761835,0.1,0.25,FALSE,NA
3131,215,13,"MNAR",FALSE,"F3",1000,1,0.3,51513,"6fddd79","HEAD","totoro","fixed_1",TRUE,375.584,0.512004064208205,0.537620469973136,-0.0256164057649313,0,0,TRUE,NA
3132,216,13,"MNAR",FALSE,"F1",100,0.2,0.5,51613,"6fddd79","HEAD","totoro","fixed_1",TRUE,73.104,0.720029157364119,0.75227238946632,-0.0322432321022008,0.1625,0.25,TRUE,NA
3133,217,13,"MNAR",FALSE,"F2",100,0.2,0.5,51713,"6fddd79","HEAD","totoro","fixed_1",TRUE,72.153,0.966348061578297,0.951259961109014,0.0150881004692838,0.25,0.25,TRUE,NA
3134,218,13,"MNAR",FALSE,"F3",100,0.2,0.5,51813,"6fddd79","HEAD","totoro","fixed_1",TRUE,75.845,0.54880510761724,0.575693873492559,-0.0268887658753189,0,0,TRUE,NA
3135,219,13,"MNAR",FALSE,"F1",300,0.2,0.5,51913,"6fddd79","HEAD","totoro","fixed_1",TRUE,94.405,0.934326300379098,0.947586424049287,-0.0132601236701892,0.25,0.25,TRUE,NA
3136,220,13,"MNAR",FALSE,"F2",300,0.2,0.5,52013,"6fddd79","HEAD","totoro","fixed_1",TRUE,85.998,0.84795855680569,0.850192918613376,-0.0022343618076861,0.575,0.75,FALSE,NA
3137,221,13,"MNAR",FALSE,"F3",300,0.2,0.5,52113,"6fddd79","HEAD","totoro","fixed_1",TRUE,86.002,0.691909216516328,0.682564204501233,0.0093450120150943,0,0,TRUE,NA
3138,222,13,"MNAR",FALSE,"F1",1000,0.2,0.5,52213,"6fddd79","HEAD","totoro","fixed_1",TRUE,285.971,0.963623022777201,0.966226573818585,-0.00260355104138443,0.1375,0.25,FALSE,NA
3139,223,13,"MNAR",FALSE,"F2",1000,0.2,0.5,52313,"6fddd79","HEAD","totoro","fixed_1",TRUE,285.14,0.801667953816123,0.856446910122355,-0.0547789563062326,0.75,0.75,TRUE,NA
3140,224,13,"MNAR",FALSE,"F3",1000,0.2,0.5,52413,"6fddd79","HEAD","totoro","fixed_1",TRUE,305.472,0.608262907049967,0.612429573559962,-0.00416666650999453,0,0,TRUE,NA
3141,225,13,"MNAR",FALSE,"F1",100,0.5,0.5,52513,"6fddd79","HEAD","totoro","fixed_1",TRUE,69.866,0.75981180583954,0.742895680496702,0.0169161253428375,0.725,0.75,FALSE,NA
3142,226,13,"MNAR",FALSE,"F2",100,0.5,0.5,52613,"6fddd79","HEAD","totoro","fixed_1",TRUE,72.297,0.855269350061201,0.879607504389668,-0.0243381543284668,0,0,TRUE,NA
3143,227,13,"MNAR",FALSE,"F3",100,0.5,0.5,52713,"6fddd79","HEAD","totoro","fixed_1",TRUE,79.638,0.54442344563647,0.630337285340199,-0.0859138397037287,0.15,0.166666666666667,TRUE,NA
3144,228,13,"MNAR",FALSE,"F1",300,0.5,0.5,52813,"6fddd79","HEAD","totoro","fixed_1",TRUE,86.324,0.895444374444983,0.896665695970423,-0.00122132152544008,0.482142857142857,0.5,FALSE,NA
3145,229,13,"MNAR",FALSE,"F2",300,0.5,0.5,52913,"6fddd79","HEAD","totoro","fixed_1",TRUE,88.939,0.989263810609409,0.962554709574686,0.0267091010347231,0.4125,0.5,FALSE,NA
3146,230,13,"MNAR",FALSE,"F3",300,0.5,0.5,53013,"6fddd79","HEAD","totoro","fixed_1",TRUE,89.82,0.595818457000194,0.669347866005708,-0.0735294090055134,0,0,TRUE,NA
3147,231,13,"MNAR",FALSE,"F1",1000,0.5,0.5,53113,"6fddd79","HEAD","totoro","fixed_1",TRUE,272.509,0.764370107682899,0.770398005803868,-0.00602789812096916,0.223684210526316,0.25,FALSE,NA
3148,232,13,"MNAR",FALSE,"F2",1000,0.5,0.5,53213,"6fddd79","HEAD","totoro","fixed_1",TRUE,286.055,0.830573849314492,0.833909238418798,-0.0033353891043062,0.5,0.5,FALSE,NA
3149,233,13,"MNAR",FALSE,"F3",1000,0.5,0.5,53313,"6fddd79","HEAD","totoro","fixed_1",TRUE,272.071,0.603708044945911,0.604526185001826,-0.000818140055915184,0,0,TRUE,NA
3150,234,13,"MNAR",FALSE,"F1",100,1,0.5,53413,"6fddd79","HEAD","totoro","fixed_1",TRUE,71.209,0.546792720368148,0.545583509745757,0.00120921062239066,0,0,FALSE,NA
3151,235,13,"MNAR",FALSE,"F2",100,1,0.5,53513,"6fddd79","HEAD","totoro","fixed_1",TRUE,84.424,0.918588858646818,0.680416181114936,0.238172677531883,0.25,0.25,TRUE,NA
3152,236,13,"MNAR",FALSE,"F3",100,1,0.5,53613,"6fddd79","HEAD","totoro","fixed_1",TRUE,74.541,0.548722099769471,0.498814193059908,0.0499079067095632,0.166666666666667,0.166666666666667,TRUE,NA
3153,237,13,"MNAR",FALSE,"F1",300,1,0.5,53713,"6fddd79","HEAD","totoro","fixed_1",TRUE,87.525,0.514976567584981,0.516582506316056,-0.00160593873107462,0.25,0.25,FALSE,NA
3154,238,13,"MNAR",FALSE,"F2",300,1,0.5,53813,"6fddd79","HEAD","totoro","fixed_1",TRUE,85.286,0.811656007909912,0.776473631674271,0.0351823762356409,0.2125,0.25,TRUE,NA
3155,239,13,"MNAR",FALSE,"F3",300,1,0.5,53913,"6fddd79","HEAD","totoro","fixed_1",TRUE,89.966,0.691189908104707,0.727383853478983,-0.0361939453742759,0.0641025641025641,0.166666666666667,TRUE,NA
3156,240,13,"MNAR",FALSE,"F1",1000,1,0.5,54013,"6fddd79","HEAD","totoro","fixed_1",TRUE,292.314,0.548200586196722,0.549822809026374,-0.00162222282965208,0.342105263157895,0.5,FALSE,NA
3157,241,13,"MNAR",FALSE,"F2",1000,1,0.5,54113,"6fddd79","HEAD","totoro","fixed_1",TRUE,286.293,0.557088701974579,0.550539667061685,0.00654903491289371,0,0,FALSE,NA
3158,242,13,"MNAR",FALSE,"F3",1000,1,0.5,54213,"6fddd79","HEAD","totoro","fixed_1",TRUE,296.917,0.478150614047137,0.476912950264756,0.00123766378238027,0.0916666666666667,0.166666666666667,FALSE,NA
3321,162,14,"MNAR",FALSE,"F1",100,0.2,0.1,46214,"6fddd79","HEAD","totoro","fixed_1",TRUE,76.078,0.992670824004543,1.00255234846909,-0.00988152446454327,0.25,0.25,TRUE,NA
3322,163,14,"MNAR",FALSE,"F2",100,0.2,0.1,46314,"6fddd79","HEAD","totoro","fixed_1",TRUE,76.257,0.916056618624081,1.03811974960518,-0.122063130981099,0.5,0.5,TRUE,NA
3323,164,14,"MNAR",FALSE,"F3",100,0.2,0.1,46414,"6fddd79","HEAD","totoro","fixed_1",TRUE,74.009,0.718411385335129,0.744194423166595,-0.0257830378314661,0,0,TRUE,NA
3324,165,14,"MNAR",FALSE,"F1",300,0.2,0.1,46514,"6fddd79","HEAD","totoro","fixed_1",TRUE,99.914,0.983771698066047,0.993131600810881,-0.00935990274483423,0.233333333333333,0.25,TRUE,NA
3325,166,14,"MNAR",FALSE,"F2",300,0.2,0.1,46614,"6fddd79","HEAD","totoro","fixed_1",TRUE,107.782,1.07111945205139,1.07504609306167,-0.00392664101027362,0.35,0.5,TRUE,NA
3326,167,14,"MNAR",FALSE,"F3",300,0.2,0.1,46714,"6fddd79","HEAD","totoro","fixed_1",TRUE,107.577,0.667745391263177,0.676425429219805,-0.00868003795662764,0,0,TRUE,NA
3327,168,14,"MNAR",FALSE,"F1",1000,0.2,0.1,46814,"6fddd79","HEAD","totoro","fixed_1",TRUE,551.532,0.958814386470512,0.97217328372214,-0.0133588972516276,0.5,0.5,FALSE,NA
3328,169,14,"MNAR",FALSE,"F2",1000,0.2,0.1,46914,"6fddd79","HEAD","totoro","fixed_1",TRUE,488.2,0.981229538578256,1.02731283996665,-0.0460833013883967,0.75,0.75,FALSE,NA
3329,170,14,"MNAR",FALSE,"F3",1000,0.2,0.1,47014,"6fddd79","HEAD","totoro","fixed_1",TRUE,448.833,0.750793210378162,0.762467895703129,-0.011674685324967,0.3,0.333333333333333,FALSE,NA
3330,171,14,"MNAR",FALSE,"F1",100,0.5,0.1,47114,"6fddd79","HEAD","totoro","fixed_1",TRUE,88.781,0.854589656604157,0.889891797081266,-0.0353021404771089,0.78968253968254,1,FALSE,NA
3331,172,14,"MNAR",FALSE,"F2",100,0.5,0.1,47214,"6fddd79","HEAD","totoro","fixed_1",TRUE,79.006,0.781152059597055,0.906774884631556,-0.125622825034501,0.5,0.5,TRUE,NA
3332,173,14,"MNAR",FALSE,"F3",100,0.5,0.1,47314,"6fddd79","HEAD","totoro","fixed_1",TRUE,84.428,0.661146753225871,0.697514670395977,-0.0363679171701058,0.1,0.166666666666667,TRUE,NA
3333,174,14,"MNAR",FALSE,"F1",300,0.5,0.1,47414,"6fddd79","HEAD","totoro","fixed_1",TRUE,101.76,1.01660707163184,1.01660706987292,1.75891790021865e-09,0,0,FALSE,NA
3334,175,14,"MNAR",FALSE,"F2",300,0.5,0.1,47514,"6fddd79","HEAD","totoro","fixed_1",TRUE,102.331,0.835164759220286,0.851057812353905,-0.0158930531336193,0.175,0.25,FALSE,NA
3335,176,14,"MNAR",FALSE,"F3",300,0.5,0.1,47614,"6fddd79","HEAD","totoro","fixed_1",TRUE,102.069,0.658968109966414,0.65896811073821,-7.71795627407812e-10,0,0,FALSE,NA
3336,177,14,"MNAR",FALSE,"F1",1000,0.5,0.1,47714,"6fddd79","HEAD","totoro","fixed_1",TRUE,514.317,0.828462840089919,0.828462838846501,1.24341781315707e-09,0,0,FALSE,NA
3337,178,14,"MNAR",FALSE,"F2",1000,0.5,0.1,47814,"6fddd79","HEAD","totoro","fixed_1",TRUE,477.286,0.911044500285035,0.922111568096996,-0.0110670678119609,0.275,0.5,FALSE,NA
3338,179,14,"MNAR",FALSE,"F3",1000,0.5,0.1,47914,"6fddd79","HEAD","totoro","fixed_1",TRUE,449.454,0.66396442581311,0.666609106395783,-0.0026446805826732,0.133333333333333,0.166666666666667,FALSE,NA
3339,180,14,"MNAR",FALSE,"F1",100,1,0.1,48014,"6fddd79","HEAD","totoro","fixed_1",TRUE,76.623,0.532486177033554,0.529352837651977,0.003133339381577,0.25,0.25,FALSE,NA
3340,181,14,"MNAR",FALSE,"F2",100,1,0.1,48114,"6fddd79","HEAD","totoro","fixed_1",TRUE,80.566,0.648779915492288,0.774949792185287,-0.126169876692999,0.4875,0.5,TRUE,NA
3341,182,14,"MNAR",FALSE,"F3",100,1,0.1,48214,"6fddd79","HEAD","totoro","fixed_1",TRUE,77.44,0.512245822187248,0.480995823636486,0.0312499985507622,0,0,TRUE,NA
3342,183,14,"MNAR",FALSE,"F1",300,1,0.1,48314,"6fddd79","HEAD","totoro","fixed_1",TRUE,98.081,0.499076227633187,0.503060809252432,-0.0039845816192452,0.333333333333333,0.5,FALSE,NA
3343,184,14,"MNAR",FALSE,"F2",300,1,0.1,48414,"6fddd79","HEAD","totoro","fixed_1",TRUE,108.653,0.759419365881092,0.776857278782239,-0.0174379129011473,0.435526315789474,0.5,FALSE,NA
3344,185,14,"MNAR",FALSE,"F3",300,1,0.1,48514,"6fddd79","HEAD","totoro","fixed_1",TRUE,96.352,0.635234949147112,0.65273300326639,-0.0174980541192779,0.116666666666667,0.166666666666667,TRUE,NA
3345,186,14,"MNAR",FALSE,"F1",1000,1,0.1,48614,"6fddd79","HEAD","totoro","fixed_1",TRUE,522.457,0.454527503150619,0.454527503799895,-6.49276243880337e-10,0,0,FALSE,NA
3346,187,14,"MNAR",FALSE,"F2",1000,1,0.1,48714,"6fddd79","HEAD","totoro","fixed_1",TRUE,545.271,0.550755985003276,0.573121421268556,-0.0223654362652796,0.4,1,FALSE,NA
3347,188,14,"MNAR",FALSE,"F3",1000,1,0.1,48814,"6fddd79","HEAD","totoro","fixed_1",TRUE,487.272,0.434781782526774,0.433001843053195,0.00177993947357891,0.166666666666667,0.166666666666667,FALSE,NA
3348,189,14,"MNAR",FALSE,"F1",100,0.2,0.3,48914,"6fddd79","HEAD","totoro","fixed_1",TRUE,85.931,1.02462387574728,1.00219310136121,0.0224307743860668,0.1875,0.25,TRUE,NA
3349,190,14,"MNAR",FALSE,"F2",100,0.2,0.3,49014,"6fddd79","HEAD","totoro","fixed_1",TRUE,78.788,1.06226139109487,1.09852395821801,-0.0362625671231418,0,0,TRUE,NA
3350,191,14,"MNAR",FALSE,"F3",100,0.2,0.3,49114,"6fddd79","HEAD","totoro","fixed_1",TRUE,84.098,0.582817911735446,0.654787321942326,-0.07196941020688,0.166666666666667,0.166666666666667,TRUE,NA
3351,192,14,"MNAR",FALSE,"F1",300,0.2,0.3,49214,"6fddd79","HEAD","totoro","fixed_1",TRUE,95.738,0.987406877676662,1.00919025597394,-0.0217833782972832,0.2,0.25,TRUE,NA
3352,193,14,"MNAR",FALSE,"F2",300,0.2,0.3,49314,"6fddd79","HEAD","totoro","fixed_1",TRUE,92.719,1.00438576106649,1.04114766154217,-0.0367619004756772,0.5,0.5,TRUE,NA
3353,194,14,"MNAR",FALSE,"F3",300,0.2,0.3,49414,"6fddd79","HEAD","totoro","fixed_1",TRUE,95.725,0.719497914693093,0.650973191937084,0.0685247227560091,0.166666666666667,0.166666666666667,TRUE,NA
3354,195,14,"MNAR",FALSE,"F1",1000,0.2,0.3,49514,"6fddd79","HEAD","totoro","fixed_1",TRUE,367.06,0.948609227979516,0.933016760694869,0.015592467284647,0.5,0.5,TRUE,NA
3355,196,14,"MNAR",FALSE,"F2",1000,0.2,0.3,49614,"6fddd79","HEAD","totoro","fixed_1",TRUE,385.333,0.964800794892774,1.02323473219702,-0.0584339373042453,0.5,0.5,FALSE,NA
3356,197,14,"MNAR",FALSE,"F3",1000,0.2,0.3,49714,"6fddd79","HEAD","totoro","fixed_1",TRUE,356.461,0.753843872648338,0.753843872507909,1.4042866869346e-10,0,0,FALSE,NA
3357,198,14,"MNAR",FALSE,"F1",100,0.5,0.3,49814,"6fddd79","HEAD","totoro","fixed_1",TRUE,86.312,0.952928424791219,0.900616831839792,0.0523115929514265,0.5,0.5,TRUE,NA
3358,199,14,"MNAR",FALSE,"F2",100,0.5,0.3,49914,"6fddd79","HEAD","totoro","fixed_1",TRUE,88.116,0.981426989153702,0.991294650062834,-0.00986766090913138,0.25,0.25,TRUE,NA
3359,200,14,"MNAR",FALSE,"F3",100,0.5,0.3,50014,"6fddd79","HEAD","totoro","fixed_1",TRUE,87.222,0.751284903397535,0.786282179956448,-0.0349972765589134,0.1,0.166666666666667,TRUE,NA
3360,201,14,"MNAR",FALSE,"F1",300,0.5,0.3,50114,"6fddd79","HEAD","totoro","fixed_1",TRUE,97.836,0.931007197464717,0.940819665304548,-0.00981246783983125,0.25,0.25,FALSE,NA
3361,202,14,"MNAR",FALSE,"F2",300,0.5,0.3,50214,"6fddd79","HEAD","totoro","fixed_1",TRUE,94.814,0.925881294919248,0.951744549299942,-0.025863254380694,0.434868421052632,0.5,TRUE,NA
3362,203,14,"MNAR",FALSE,"F3",300,0.5,0.3,50314,"6fddd79","HEAD","totoro","fixed_1",TRUE,101.533,0.643096930128813,0.655596930683022,-0.0125000005542093,0,0,FALSE,NA
3363,204,14,"MNAR",FALSE,"F1",1000,0.5,0.3,50414,"6fddd79","HEAD","totoro","fixed_1",TRUE,366.098,0.912484369705503,0.912484370010684,-3.0518110261113e-10,0,0,FALSE,NA
3364,205,14,"MNAR",FALSE,"F2",1000,0.5,0.3,50514,"6fddd79","HEAD","totoro","fixed_1",TRUE,347.602,0.830670848924564,0.857494396408932,-0.0268235474843683,0.411842105263158,0.5,FALSE,NA
3365,206,14,"MNAR",FALSE,"F3",1000,0.5,0.3,50614,"6fddd79","HEAD","totoro","fixed_1",TRUE,351.904,0.74059680560901,0.729987096948949,0.0106097086600605,0,0,FALSE,NA
3366,207,14,"MNAR",FALSE,"F1",100,1,0.3,50714,"6fddd79","HEAD","totoro","fixed_1",TRUE,84.049,0.686457894988338,0.736102822816925,-0.0496449278285876,0.375,0.5,FALSE,NA
3367,208,14,"MNAR",FALSE,"F2",100,1,0.3,50814,"6fddd79","HEAD","totoro","fixed_1",TRUE,86.954,0.609311575111495,0.622228718670286,-0.0129171435587905,0.486842105263158,0.5,FALSE,NA
3368,209,14,"MNAR",FALSE,"F3",100,1,0.3,50914,"6fddd79","HEAD","totoro","fixed_1",TRUE,85.722,0.408278521562002,0.380500740014844,0.0277777815471574,0,0,TRUE,NA
3369,210,14,"MNAR",FALSE,"F1",300,1,0.3,51014,"6fddd79","HEAD","totoro","fixed_1",TRUE,107.928,0.486929623456378,0.48692962358992,-1.33542510383222e-10,0,0,FALSE,NA
3370,211,14,"MNAR",FALSE,"F2",300,1,0.3,51114,"6fddd79","HEAD","totoro","fixed_1",TRUE,100.58,0.613363757467551,0.666632196076427,-0.0532684386088755,0.4625,0.5,FALSE,NA
3371,212,14,"MNAR",FALSE,"F3",300,1,0.3,51214,"6fddd79","HEAD","totoro","fixed_1",TRUE,95.753,0.563937160617078,0.546421496596417,0.0175156640206612,0,0,TRUE,NA
3372,213,14,"MNAR",FALSE,"F1",1000,1,0.3,51314,"6fddd79","HEAD","totoro","fixed_1",TRUE,332.229,0.526094037776497,0.522897990417647,0.00319604735885004,0.375,0.5,FALSE,NA
3373,214,14,"MNAR",FALSE,"F2",1000,1,0.3,51414,"6fddd79","HEAD","totoro","fixed_1",TRUE,350.267,0.529473120134422,0.531436437075988,-0.00196331694156626,0,0,FALSE,NA
3374,215,14,"MNAR",FALSE,"F3",1000,1,0.3,51514,"6fddd79","HEAD","totoro","fixed_1",TRUE,339.872,0.505427006581069,0.512426400859941,-0.00699939427887264,0.0583333333333333,0.166666666666667,FALSE,NA
3375,216,14,"MNAR",FALSE,"F1",100,0.2,0.5,51614,"6fddd79","HEAD","totoro","fixed_1",TRUE,79.652,0.83547896457345,0.788197301210422,0.047281663363028,0,0,TRUE,NA
3376,217,14,"MNAR",FALSE,"F2",100,0.2,0.5,51714,"6fddd79","HEAD","totoro","fixed_1",TRUE,81.829,1.37845842461853,1.39869905707515,-0.0202406324566244,0.2,0.25,TRUE,NA
3377,218,14,"MNAR",FALSE,"F3",100,0.2,0.5,51814,"6fddd79","HEAD","totoro","fixed_1",TRUE,81.469,0.601988048840756,0.687722627419398,-0.0857345785786421,0,0,TRUE,NA
3378,219,14,"MNAR",FALSE,"F1",300,0.2,0.5,51914,"6fddd79","HEAD","totoro","fixed_1",TRUE,100.861,0.85569424917113,0.860718903056378,-0.0050246538852472,0.25,0.25,TRUE,NA
3379,220,14,"MNAR",FALSE,"F2",300,0.2,0.5,52014,"6fddd79","HEAD","totoro","fixed_1",TRUE,100.905,0.886719841122275,0.995518355545181,-0.108798514422906,0.75,0.75,TRUE,NA
3380,221,14,"MNAR",FALSE,"F3",300,0.2,0.5,52114,"6fddd79","HEAD","totoro","fixed_1",TRUE,107.907,0.583422991739774,0.613106560991959,-0.0296835692521847,0,0,TRUE,NA
3381,222,14,"MNAR",FALSE,"F1",1000,0.2,0.5,52214,"6fddd79","HEAD","totoro","fixed_1",TRUE,272.99,0.943803509180711,0.94946395143966,-0.00566044225894868,0.446428571428571,0.5,TRUE,NA
3382,223,14,"MNAR",FALSE,"F2",1000,0.2,0.5,52314,"6fddd79","HEAD","totoro","fixed_1",TRUE,265.477,0.894073370471677,0.917207511735603,-0.0231341412639259,0.7375,0.75,FALSE,NA
3383,224,14,"MNAR",FALSE,"F3",1000,0.2,0.5,52414,"6fddd79","HEAD","totoro","fixed_1",TRUE,264.828,0.68654912287317,0.688198160093105,-0.0016490372199347,0.108333333333333,0.166666666666667,TRUE,NA
3384,225,14,"MNAR",FALSE,"F1",100,0.5,0.5,52514,"6fddd79","HEAD","totoro","fixed_1",TRUE,86.5,0.785033070878289,0.895669541839412,-0.110636470961124,0.1,0.25,TRUE,NA
3385,226,14,"MNAR",FALSE,"F2",100,0.5,0.5,52614,"6fddd79","HEAD","totoro","fixed_1",TRUE,84.837,0.851805097365256,0.924043830933097,-0.072238733567841,0.3984375,0.5,TRUE,NA
3386,227,14,"MNAR",FALSE,"F3",100,0.5,0.5,52714,"6fddd79","HEAD","totoro","fixed_1",TRUE,81.475,0.614812662374603,0.723227526913597,-0.108414864538994,0,0,TRUE,NA
3387,228,14,"MNAR",FALSE,"F1",300,0.5,0.5,52814,"6fddd79","HEAD","totoro","fixed_1",TRUE,96.824,0.962300664640226,0.962300667623677,-2.98345148586066e-09,0,0,FALSE,NA
3388,229,14,"MNAR",FALSE,"F2",300,0.5,0.5,52914,"6fddd79","HEAD","totoro","fixed_1",TRUE,98.043,0.737206971296281,0.753516241298415,-0.0163092700021344,0.384210526315789,0.5,FALSE,NA
3389,230,14,"MNAR",FALSE,"F3",300,0.5,0.5,53014,"6fddd79","HEAD","totoro","fixed_1",TRUE,93.887,0.522844740371291,0.564511406152569,-0.0416666657812772,0,0,TRUE,NA
3390,231,14,"MNAR",FALSE,"F1",1000,0.5,0.5,53114,"6fddd79","HEAD","totoro","fixed_1",TRUE,261.616,0.852777032042606,0.863268059603489,-0.0104910275608832,0.25,0.25,FALSE,NA
3391,232,14,"MNAR",FALSE,"F2",1000,0.5,0.5,53214,"6fddd79","HEAD","totoro","fixed_1",TRUE,265.99,0.742158975932509,0.757988951326787,-0.0158299753942779,0.5,0.5,FALSE,NA
3392,233,14,"MNAR",FALSE,"F3",1000,0.5,0.5,53314,"6fddd79","HEAD","totoro","fixed_1",TRUE,267.273,0.566033925704054,0.553713195548427,0.012320730155627,0.05,0.166666666666667,TRUE,NA
3393,234,14,"MNAR",FALSE,"F1",100,1,0.5,53414,"6fddd79","HEAD","totoro","fixed_1",TRUE,88.029,0.693341517422267,0.668534329345077,0.0248071880771896,0.25,0.25,FALSE,NA
3394,235,14,"MNAR",FALSE,"F2",100,1,0.5,53514,"6fddd79","HEAD","totoro","fixed_1",TRUE,86.624,0.406180659497215,0.408711878649869,-0.00253121915265336,0.593984962406015,0.75,FALSE,NA
3395,236,14,"MNAR",FALSE,"F3",100,1,0.5,53614,"6fddd79","HEAD","totoro","fixed_1",TRUE,90.696,0.608432409729901,0.732607511595938,-0.124175101866037,0,0,TRUE,NA
3396,237,14,"MNAR",FALSE,"F1",300,1,0.5,53714,"6fddd79","HEAD","totoro","fixed_1",TRUE,101.124,0.524890739163485,0.521333434377185,0.00355730478629968,0.1875,0.5,FALSE,NA
3397,238,14,"MNAR",FALSE,"F2",300,1,0.5,53814,"6fddd79","HEAD","totoro","fixed_1",TRUE,96.167,0.797263048378459,0.806389878416182,-0.00912683003772263,0.25,0.25,FALSE,NA
3398,239,14,"MNAR",FALSE,"F3",300,1,0.5,53914,"6fddd79","HEAD","totoro","fixed_1",TRUE,97.264,0.563908346874153,0.524434664268363,0.0394736826057897,0,0,TRUE,NA
3399,240,14,"MNAR",FALSE,"F1",1000,1,0.5,54014,"6fddd79","HEAD","totoro","fixed_1",TRUE,271.623,0.547853963258219,0.54785396324185,1.63689062304684e-11,0,0,FALSE,NA
3400,241,14,"MNAR",FALSE,"F2",1000,1,0.5,54114,"6fddd79","HEAD","totoro","fixed_1",TRUE,262.948,0.64462872118016,0.622679013637519,0.0219497075426411,0.325,0.5,FALSE,NA
3401,242,14,"MNAR",FALSE,"F3",1000,1,0.5,54214,"6fddd79","HEAD","totoro","fixed_1",TRUE,270.004,0.486603359131565,0.47827002592857,0.00833333320299479,0,0,FALSE,NA
3564,162,15,"MNAR",FALSE,"F1",100,0.2,0.1,46215,"6fddd79","HEAD","totoro","fixed_1",TRUE,80.954,0.883228182410147,0.980822602219984,-0.0975944198098365,0.5,0.5,TRUE,NA
3565,163,15,"MNAR",FALSE,"F2",100,0.2,0.1,46315,"6fddd79","HEAD","totoro","fixed_1",TRUE,78.081,1.07330956068401,1.12397361945722,-0.0506640587732115,0.25,0.25,TRUE,NA
3566,164,15,"MNAR",FALSE,"F3",100,0.2,0.1,46415,"6fddd79","HEAD","totoro","fixed_1",TRUE,81.972,0.963527021800912,0.772660314419231,0.190866707381681,0,0,TRUE,NA
3567,165,15,"MNAR",FALSE,"F1",300,0.2,0.1,46515,"6fddd79","HEAD","totoro","fixed_1",TRUE,114.37,0.977973437606755,0.971029197330777,0.00694424027597773,0,0,TRUE,NA
3568,166,15,"MNAR",FALSE,"F2",300,0.2,0.1,46615,"6fddd79","HEAD","totoro","fixed_1",TRUE,107.272,1.0999911637171,1.14085516953264,-0.0408640058155341,0.5,0.5,TRUE,NA
3569,167,15,"MNAR",FALSE,"F3",300,0.2,0.1,46715,"6fddd79","HEAD","totoro","fixed_1",TRUE,100.029,0.69752928964954,0.706411074546523,-0.00888178489698355,0.308333333333333,0.333333333333333,TRUE,NA
3570,168,15,"MNAR",FALSE,"F1",1000,0.2,0.1,46815,"6fddd79","HEAD","totoro","fixed_1",TRUE,509.803,0.96877482099337,0.97102251627195,-0.00224769527857982,0.25,0.25,FALSE,NA
3571,169,15,"MNAR",FALSE,"F2",1000,0.2,0.1,46915,"6fddd79","HEAD","totoro","fixed_1",TRUE,491.865,0.949348580800778,0.973377240421792,-0.024028659621014,0.5,0.5,FALSE,NA
3572,170,15,"MNAR",FALSE,"F3",1000,0.2,0.1,47015,"6fddd79","HEAD","totoro","fixed_1",TRUE,527.017,0.73465602382174,0.746150619490065,-0.011494595668325,0.133333333333333,0.166666666666667,TRUE,NA
3573,171,15,"MNAR",FALSE,"F1",100,0.5,0.1,47115,"6fddd79","HEAD","totoro","fixed_1",TRUE,84.257,1.01838708548557,1.02798031373732,-0.00959322825174858,0.25,0.25,FALSE,NA
3574,172,15,"MNAR",FALSE,"F2",100,0.5,0.1,47215,"6fddd79","HEAD","totoro","fixed_1",TRUE,85.829,0.876687785435752,1.01844921662523,-0.141761431189473,0.234375,0.25,TRUE,NA
3575,173,15,"MNAR",FALSE,"F3",100,0.5,0.1,47315,"6fddd79","HEAD","totoro","fixed_1",TRUE,90.477,0.668063068565044,0.645702894480263,0.0223601740847807,0.166666666666667,0.166666666666667,TRUE,NA
3576,174,15,"MNAR",FALSE,"F1",300,0.5,0.1,47415,"6fddd79","HEAD","totoro","fixed_1",TRUE,104.473,0.83494814387691,0.84122527954616,-0.00627713566924992,0.5,0.5,FALSE,NA
3577,175,15,"MNAR",FALSE,"F2",300,0.5,0.1,47515,"6fddd79","HEAD","totoro","fixed_1",TRUE,107.107,0.89124461587722,0.908544445253115,-0.0172998293758949,0.5,0.75,FALSE,NA
3578,176,15,"MNAR",FALSE,"F3",300,0.5,0.1,47615,"6fddd79","HEAD","totoro","fixed_1",TRUE,109.361,0.638176007385853,0.594034077593672,0.0441419297921816,0.16047471620227,0.666666666666667,TRUE,NA
3579,177,15,"MNAR",FALSE,"F1",1000,0.5,0.1,47715,"6fddd79","HEAD","totoro","fixed_1",TRUE,554.255,0.878801966118622,0.883664414087079,-0.00486244796845658,0.25,0.25,FALSE,NA
3580,178,15,"MNAR",FALSE,"F2",1000,0.5,0.1,47815,"6fddd79","HEAD","totoro","fixed_1",TRUE,526.731,0.852209049978754,0.93703792512133,-0.0848288751425761,0.75,0.75,FALSE,NA
3581,179,15,"MNAR",FALSE,"F3",1000,0.5,0.1,47915,"6fddd79","HEAD","totoro","fixed_1",TRUE,495.052,0.691259424328929,0.713986697024999,-0.0227272726960701,0,0,TRUE,NA
3582,180,15,"MNAR",FALSE,"F1",100,1,0.1,48015,"6fddd79","HEAD","totoro","fixed_1",TRUE,80.54,0.561500442374093,0.561500447259767,-4.88567419854036e-09,0,0,FALSE,NA
3583,181,15,"MNAR",FALSE,"F2",100,1,0.1,48115,"6fddd79","HEAD","totoro","fixed_1",TRUE,78.717,0.667413370640086,0.652347932706172,0.0150654379339139,0.625,0.75,TRUE,NA
3584,182,15,"MNAR",FALSE,"F3",100,1,0.1,48215,"6fddd79","HEAD","totoro","fixed_1",TRUE,81.426,0.531339384147138,0.567633323793044,-0.0362939396459065,0,0,TRUE,NA
3585,183,15,"MNAR",FALSE,"F1",300,1,0.1,48315,"6fddd79","HEAD","totoro","fixed_1",TRUE,95.216,0.576091514619312,0.590014316886646,-0.0139228022673341,0.3875,0.5,FALSE,NA
3586,184,15,"MNAR",FALSE,"F2",300,1,0.1,48415,"6fddd79","HEAD","totoro","fixed_1",TRUE,96.12,0.505937557771793,0.536558647381864,-0.0306210896100705,0.442724458204334,0.5,FALSE,NA
3587,185,15,"MNAR",FALSE,"F3",300,1,0.1,48515,"6fddd79","HEAD","totoro","fixed_1",TRUE,98.158,0.563375853790732,0.548669972453614,0.014705881337118,0,0,TRUE,NA
3588,186,15,"MNAR",FALSE,"F1",1000,1,0.1,48615,"6fddd79","HEAD","totoro","fixed_1",TRUE,470.97,0.543022218811941,0.543022217714417,1.09752429366949e-09,0,0,FALSE,NA
3589,187,15,"MNAR",FALSE,"F2",1000,1,0.1,48715,"6fddd79","HEAD","totoro","fixed_1",TRUE,509.952,0.584710969438184,0.615345929007788,-0.0306349595696037,0.473684210526316,0.5,FALSE,NA
3590,188,15,"MNAR",FALSE,"F3",1000,1,0.1,48815,"6fddd79","HEAD","totoro","fixed_1",TRUE,455.48,0.418586857031954,0.418586857517918,-4.85964157803664e-10,0,0,FALSE,NA
3591,189,15,"MNAR",FALSE,"F1",100,0.2,0.3,48915,"6fddd79","HEAD","totoro","fixed_1",TRUE,77.755,0.99376473049976,1.01706560228732,-0.0233008717875641,0.5,0.5,TRUE,NA
3592,190,15,"MNAR",FALSE,"F2",100,0.2,0.3,49015,"6fddd79","HEAD","totoro","fixed_1",TRUE,82.435,0.919357745558902,0.901839060796592,0.01751868476231,0,0,TRUE,NA
3593,191,15,"MNAR",FALSE,"F3",100,0.2,0.3,49115,"6fddd79","HEAD","totoro","fixed_1",TRUE,83.62,0.556029976703811,0.585771716188082,-0.0297417394842712,0.166666666666667,0.166666666666667,TRUE,NA
3594,192,15,"MNAR",FALSE,"F1",300,0.2,0.3,49215,"6fddd79","HEAD","totoro","fixed_1",TRUE,92.351,0.814144302927757,0.816136898276846,-0.00199259534908891,0.25,0.25,TRUE,NA
3595,193,15,"MNAR",FALSE,"F2",300,0.2,0.3,49315,"6fddd79","HEAD","totoro","fixed_1",TRUE,91.18,0.847395094833585,0.87019552552173,-0.0228004306881455,0.736842105263158,0.75,FALSE,NA
3596,194,15,"MNAR",FALSE,"F3",300,0.2,0.3,49415,"6fddd79","HEAD","totoro","fixed_1",TRUE,91.72,0.653596911873053,0.685233876554554,-0.0316369646815011,0.166666666666667,0.166666666666667,TRUE,NA
3597,195,15,"MNAR",FALSE,"F1",1000,0.2,0.3,49515,"6fddd79","HEAD","totoro","fixed_1",TRUE,338.239,0.908590068593203,0.908590068631775,-3.8572034455342e-11,0,0,FALSE,NA
3598,196,15,"MNAR",FALSE,"F2",1000,0.2,0.3,49615,"6fddd79","HEAD","totoro","fixed_1",TRUE,359.289,0.853048848092351,0.87963092501149,-0.0265820769191388,0.5,0.5,FALSE,NA
3599,197,15,"MNAR",FALSE,"F3",1000,0.2,0.3,49715,"6fddd79","HEAD","totoro","fixed_1",TRUE,353.501,0.750009079032823,0.724255093707158,0.0257539853256653,0.141666666666667,0.166666666666667,TRUE,NA
3600,198,15,"MNAR",FALSE,"F1",100,0.5,0.3,49815,"6fddd79","HEAD","totoro","fixed_1",TRUE,73.514,0.874143082129991,0.891451865961041,-0.0173087838310499,0.430555555555556,0.5,TRUE,NA
3601,199,15,"MNAR",FALSE,"F2",100,0.5,0.3,49915,"6fddd79","HEAD","totoro","fixed_1",TRUE,80.947,0.704553048659247,0.667555326146166,0.0369977225130803,0,0,TRUE,NA
3602,200,15,"MNAR",FALSE,"F3",100,0.5,0.3,50015,"6fddd79","HEAD","totoro","fixed_1",TRUE,85.198,0.74161134159405,0.666611338402978,0.075000003191072,0,0,TRUE,NA
3603,201,15,"MNAR",FALSE,"F1",300,0.5,0.3,50115,"6fddd79","HEAD","totoro","fixed_1",TRUE,91.267,0.986393898624944,0.934357519223659,0.0520363794012848,0.075,0.25,TRUE,NA
3604,202,15,"MNAR",FALSE,"F2",300,0.5,0.3,50215,"6fddd79","HEAD","totoro","fixed_1",TRUE,91.123,0.840551539808353,0.926559396987594,-0.0860078571792406,0.3,0.5,TRUE,NA
3605,203,15,"MNAR",FALSE,"F3",300,0.5,0.3,50315,"6fddd79","HEAD","totoro","fixed_1",TRUE,89.008,0.505296973416193,0.515916633098756,-0.0106196596825638,0.166666666666667,0.166666666666667,FALSE,NA
3606,204,15,"MNAR",FALSE,"F1",1000,0.5,0.3,50415,"6fddd79","HEAD","totoro","fixed_1",TRUE,343.44,0.89660731011463,0.896607310522627,-4.07996747497918e-10,0,0,FALSE,NA
3607,205,15,"MNAR",FALSE,"F2",1000,0.5,0.3,50515,"6fddd79","HEAD","totoro","fixed_1",TRUE,356.2,0.786828845716374,0.822329435415248,-0.035500589698874,0.8,1,FALSE,NA
3608,206,15,"MNAR",FALSE,"F3",1000,0.5,0.3,50615,"6fddd79","HEAD","totoro","fixed_1",TRUE,379.957,0.680697437763008,0.680697437065175,6.97832680529586e-10,0,0,FALSE,NA
3609,207,15,"MNAR",FALSE,"F1",100,1,0.3,50715,"6fddd79","HEAD","totoro","fixed_1",TRUE,72.475,0.525569456090618,0.532020970887696,-0.00645151479707795,0.25,0.25,FALSE,NA
3610,208,15,"MNAR",FALSE,"F2",100,1,0.3,50815,"6fddd79","HEAD","totoro","fixed_1",TRUE,76.184,0.812394314101026,0.618967637422237,0.193426676678789,0.225,0.5,TRUE,NA
3611,209,15,"MNAR",FALSE,"F3",100,1,0.3,50915,"6fddd79","HEAD","totoro","fixed_1",TRUE,76.231,0.772242835167095,0.721683756307291,0.0505590788598036,0,0,TRUE,NA
3612,210,15,"MNAR",FALSE,"F1",300,1,0.3,51015,"6fddd79","HEAD","totoro","fixed_1",TRUE,88.888,0.521858271693345,0.521858273169253,-1.47590739629777e-09,0,0,FALSE,NA
3613,211,15,"MNAR",FALSE,"F2",300,1,0.3,51115,"6fddd79","HEAD","totoro","fixed_1",TRUE,93.006,0.748754894857286,0.762374077864875,-0.0136191830075895,0.475,0.75,FALSE,NA
3614,212,15,"MNAR",FALSE,"F3",300,1,0.3,51215,"6fddd79","HEAD","totoro","fixed_1",TRUE,89.487,0.551568189649697,0.546445204031014,0.00512298561868296,0.0666666666666667,0.166666666666667,TRUE,NA
3615,213,15,"MNAR",FALSE,"F1",1000,1,0.3,51315,"6fddd79","HEAD","totoro","fixed_1",TRUE,351.429,0.423559178513439,0.429756526581574,-0.00619734806813493,0.3,0.5,FALSE,NA
3616,214,15,"MNAR",FALSE,"F2",1000,1,0.3,51415,"6fddd79","HEAD","totoro","fixed_1",TRUE,365.681,0.628269825049261,0.65547235018188,-0.0272025251326182,0.4125,0.75,FALSE,NA
3617,215,15,"MNAR",FALSE,"F3",1000,1,0.3,51515,"6fddd79","HEAD","totoro","fixed_1",TRUE,378.457,0.492207992767477,0.48688884331782,0.00531914944965689,0,0,FALSE,NA
3618,216,15,"MNAR",FALSE,"F1",100,0.2,0.5,51615,"6fddd79","HEAD","totoro","fixed_1",TRUE,75.853,0.826445806634855,0.851612819251435,-0.0251670126165807,0.105263157894737,0.25,TRUE,NA
3619,217,15,"MNAR",FALSE,"F2",100,0.2,0.5,51715,"6fddd79","HEAD","totoro","fixed_1",TRUE,75.843,0.946976324084976,0.885534218357999,0.0614421057269773,0.25,0.25,TRUE,NA
3620,218,15,"MNAR",FALSE,"F3",100,0.2,0.5,51815,"6fddd79","HEAD","totoro","fixed_1",TRUE,74.067,0.883986915358765,0.842315618584316,0.0416712967744496,0,0,TRUE,NA
3621,219,15,"MNAR",FALSE,"F1",300,0.2,0.5,51915,"6fddd79","HEAD","totoro","fixed_1",TRUE,86.457,1.00369226345969,1.00548531804684,-0.00179305458715318,0,0,TRUE,NA
3622,220,15,"MNAR",FALSE,"F2",300,0.2,0.5,52015,"6fddd79","HEAD","totoro","fixed_1",TRUE,92.012,0.759256816060857,0.791505862876316,-0.0322490468154593,0.25,0.25,TRUE,NA
3623,221,15,"MNAR",FALSE,"F3",300,0.2,0.5,52115,"6fddd79","HEAD","totoro","fixed_1",TRUE,85.261,0.649649919921272,0.685186726782741,-0.0355368068614689,0,0,TRUE,NA
3624,222,15,"MNAR",FALSE,"F1",1000,0.2,0.5,52215,"6fddd79","HEAD","totoro","fixed_1",TRUE,296.985,0.957066951312078,0.957066951398808,-8.67299565499025e-11,0,0,FALSE,NA
3625,223,15,"MNAR",FALSE,"F2",1000,0.2,0.5,52315,"6fddd79","HEAD","totoro","fixed_1",TRUE,252.7,0.8463610261394,0.893375974029589,-0.0470149478901898,0.75,0.75,FALSE,NA
3626,224,15,"MNAR",FALSE,"F3",1000,0.2,0.5,52415,"6fddd79","HEAD","totoro","fixed_1",TRUE,271.259,0.583597676575836,0.607791225134054,-0.0241935485582175,0,0,TRUE,NA
3627,225,15,"MNAR",FALSE,"F1",100,0.5,0.5,52515,"6fddd79","HEAD","totoro","fixed_1",TRUE,73.241,0.677836671149708,0.749164362948252,-0.0713276917985443,0.25,0.25,TRUE,NA
3628,226,15,"MNAR",FALSE,"F2",100,0.5,0.5,52615,"6fddd79","HEAD","totoro","fixed_1",TRUE,74.666,1.06657233198706,1.18583054656904,-0.11925821458198,0.25,0.25,TRUE,NA
3629,227,15,"MNAR",FALSE,"F3",100,0.5,0.5,52715,"6fddd79","HEAD","totoro","fixed_1",TRUE,75.831,0.702387402522089,0.70761300794555,-0.00522560542346007,0,0,TRUE,NA
3630,228,15,"MNAR",FALSE,"F1",300,0.5,0.5,52815,"6fddd79","HEAD","totoro","fixed_1",TRUE,85.632,0.83400988875874,0.834009887285694,1.47304624054101e-09,0,0,FALSE,NA
3631,229,15,"MNAR",FALSE,"F2",300,0.5,0.5,52915,"6fddd79","HEAD","totoro","fixed_1",TRUE,84.757,0.818396964239415,0.766154262101065,0.0522427021383501,0.25,0.25,TRUE,NA
3632,230,15,"MNAR",FALSE,"F3",300,0.5,0.5,53015,"6fddd79","HEAD","totoro","fixed_1",TRUE,84.563,0.718981931864143,0.730345568258546,-0.0113636363944026,0,0,TRUE,NA
3633,231,15,"MNAR",FALSE,"F1",1000,0.5,0.5,53115,"6fddd79","HEAD","totoro","fixed_1",TRUE,278.604,0.880244405567131,0.86293337988236,0.0173110256847709,0.0208333333333333,0.25,TRUE,NA
3634,232,15,"MNAR",FALSE,"F2",1000,0.5,0.5,53215,"6fddd79","HEAD","totoro","fixed_1",TRUE,268.004,0.790303205256769,0.813518404074056,-0.0232151988172873,0.6,0.75,FALSE,NA
3635,233,15,"MNAR",FALSE,"F3",1000,0.5,0.5,53315,"6fddd79","HEAD","totoro","fixed_1",TRUE,256.772,0.608793998062226,0.630505635791464,-0.0217116377292381,0.104166666666667,0.166666666666667,TRUE,NA
3636,234,15,"MNAR",FALSE,"F1",100,1,0.5,53415,"6fddd79","HEAD","totoro","fixed_1",TRUE,72.021,0.428522991313832,0.431851109859907,-0.00332811854607445,0.25,0.25,FALSE,NA
3637,235,15,"MNAR",FALSE,"F2",100,1,0.5,53515,"6fddd79","HEAD","totoro","fixed_1",TRUE,70.75,0.774337140635959,0.774307307771762,2.98328641972212e-05,0.4625,0.5,TRUE,NA
3638,236,15,"MNAR",FALSE,"F3",100,1,0.5,53615,"6fddd79","HEAD","totoro","fixed_1",TRUE,79.373,0.538442738191344,0.538442735126212,3.06513270320607e-09,0,0,TRUE,NA
3639,237,15,"MNAR",FALSE,"F1",300,1,0.5,53715,"6fddd79","HEAD","totoro","fixed_1",TRUE,86.266,0.645255371384942,0.641618225548981,0.00363714583596075,0.2,0.25,FALSE,NA
3640,238,15,"MNAR",FALSE,"F2",300,1,0.5,53815,"6fddd79","HEAD","totoro","fixed_1",TRUE,89.218,0.741364499320962,0.728408730115858,0.0129557692051043,0.441176470588235,0.5,FALSE,NA
3641,239,15,"MNAR",FALSE,"F3",300,1,0.5,53915,"6fddd79","HEAD","totoro","fixed_1",TRUE,87.486,0.553931373892167,0.558727947010949,-0.00479657311878201,0.0416666666666667,0.166666666666667,TRUE,NA
3642,240,15,"MNAR",FALSE,"F1",1000,1,0.5,54015,"6fddd79","HEAD","totoro","fixed_1",TRUE,301.28,0.419769479428308,0.422019254359995,-0.00224977493168743,0.1625,0.25,FALSE,NA
3643,241,15,"MNAR",FALSE,"F2",1000,1,0.5,54115,"6fddd79","HEAD","totoro","fixed_1",TRUE,257.754,0.470350073325106,0.487334256052111,-0.016984182727005,0.1875,0.75,FALSE,NA
3644,242,15,"MNAR",FALSE,"F3",1000,1,0.5,54215,"6fddd79","HEAD","totoro","fixed_1",TRUE,259.078,0.512349248751044,0.53240816650325,-0.0200589177522064,0.166666666666667,0.333333333333333,TRUE,NA
3807,162,16,"MNAR",FALSE,"F1",100,0.2,0.1,46216,"6fddd79","HEAD","totoro","fixed_1",TRUE,70.038,1.11687323156816,1.13057469431117,-0.0137014627430025,0,0,TRUE,NA
3808,163,16,"MNAR",FALSE,"F2",100,0.2,0.1,46316,"6fddd79","HEAD","totoro","fixed_1",TRUE,69.72,0.818199053683779,0.883901213265188,-0.0657021595814086,0.5,0.5,TRUE,NA
3809,164,16,"MNAR",FALSE,"F3",100,0.2,0.1,46416,"6fddd79","HEAD","totoro","fixed_1",TRUE,78.754,0.794878408359658,0.791085008093618,0.00379340026604047,0.222916666666667,0.333333333333333,TRUE,NA
3810,165,16,"MNAR",FALSE,"F1",300,0.2,0.1,46516,"6fddd79","HEAD","totoro","fixed_1",TRUE,93.333,0.892652715106888,0.897307718317662,-0.00465500321077361,0.25,0.25,TRUE,NA
3811,166,16,"MNAR",FALSE,"F2",300,0.2,0.1,46616,"6fddd79","HEAD","totoro","fixed_1",TRUE,95.699,0.864854361681515,0.987387185916359,-0.122532824234845,0.75,0.75,TRUE,NA
3812,167,16,"MNAR",FALSE,"F3",300,0.2,0.1,46716,"6fddd79","HEAD","totoro","fixed_1",TRUE,101.795,0.777617500574986,0.761387086172835,0.0162304144021503,0,0,TRUE,NA
3813,168,16,"MNAR",FALSE,"F1",1000,0.2,0.1,46816,"6fddd79","HEAD","totoro","fixed_1",TRUE,494.062,0.954212923340959,0.954484288345211,-0.000271365004252622,0.203125,0.25,FALSE,NA
3814,169,16,"MNAR",FALSE,"F2",1000,0.2,0.1,46916,"6fddd79","HEAD","totoro","fixed_1",TRUE,501.805,0.88778561368859,0.932242834928394,-0.0444572212398048,0.6375,0.75,FALSE,NA
3815,170,16,"MNAR",FALSE,"F3",1000,0.2,0.1,47016,"6fddd79","HEAD","totoro","fixed_1",TRUE,487.732,0.709727918175236,0.702240063164669,0.00748785501056703,0.166666666666667,0.166666666666667,TRUE,NA
3816,171,16,"MNAR",FALSE,"F1",100,0.5,0.1,47116,"6fddd79","HEAD","totoro","fixed_1",TRUE,75.949,1.10596178422142,1.07337214552615,0.0325896386952691,0.25,0.25,TRUE,NA
3817,172,16,"MNAR",FALSE,"F2",100,0.5,0.1,47216,"6fddd79","HEAD","totoro","fixed_1",TRUE,71.722,0.782849854066371,0.936069285435977,-0.153219431369606,0.25,0.25,TRUE,NA
3818,173,16,"MNAR",FALSE,"F3",100,0.5,0.1,47316,"6fddd79","HEAD","totoro","fixed_1",TRUE,74.797,0.75300389891545,0.72454085729123,0.0284630416242196,0,0,TRUE,NA
3819,174,16,"MNAR",FALSE,"F1",300,0.5,0.1,47416,"6fddd79","HEAD","totoro","fixed_1",TRUE,93.636,0.819284261341194,0.819284258857108,2.48408593694904e-09,0,0,FALSE,NA
3820,175,16,"MNAR",FALSE,"F2",300,0.5,0.1,47516,"6fddd79","HEAD","totoro","fixed_1",TRUE,98.984,0.834427968693611,0.906668821641184,-0.0722408529475737,1,1,FALSE,NA
3821,176,16,"MNAR",FALSE,"F3",300,0.5,0.1,47616,"6fddd79","HEAD","totoro","fixed_1",TRUE,106.546,0.701744099711489,0.700042578736791,0.00170152097469789,0.141666666666667,0.166666666666667,FALSE,NA
3822,177,16,"MNAR",FALSE,"F1",1000,0.5,0.1,47716,"6fddd79","HEAD","totoro","fixed_1",TRUE,476.665,0.858152004320651,0.858152004369325,-4.86737317118013e-11,0,0,FALSE,NA
3823,178,16,"MNAR",FALSE,"F2",1000,0.5,0.1,47816,"6fddd79","HEAD","totoro","fixed_1",TRUE,513.528,0.921097298738842,0.949980317764135,-0.0288830190252927,0.95,1,FALSE,NA
3824,179,16,"MNAR",FALSE,"F3",1000,0.5,0.1,47916,"6fddd79","HEAD","totoro","fixed_1",TRUE,473.698,0.621817231025206,0.626910557316502,-0.005093326291296,0.0583333333333333,0.333333333333333,FALSE,NA
3825,180,16,"MNAR",FALSE,"F1",100,1,0.1,48016,"6fddd79","HEAD","totoro","fixed_1",TRUE,78.971,0.557208023398157,0.548165454025818,0.00904256937233883,0.473611111111111,0.5,FALSE,NA
3826,181,16,"MNAR",FALSE,"F2",100,1,0.1,48116,"6fddd79","HEAD","totoro","fixed_1",TRUE,74.035,0.650452944933237,0.69301249904778,-0.042559554114543,0.407894736842105,0.5,FALSE,NA
3827,182,16,"MNAR",FALSE,"F3",100,1,0.1,48216,"6fddd79","HEAD","totoro","fixed_1",TRUE,78.8,0.668647617406943,0.596635358932132,0.0720122584748109,0.166666666666667,0.166666666666667,TRUE,NA
3828,183,16,"MNAR",FALSE,"F1",300,1,0.1,48316,"6fddd79","HEAD","totoro","fixed_1",TRUE,96.732,0.45398601538462,0.454078155312385,-9.21399277654111e-05,0.0625,0.25,FALSE,NA
3829,184,16,"MNAR",FALSE,"F2",300,1,0.1,48416,"6fddd79","HEAD","totoro","fixed_1",TRUE,103.132,0.582931662239933,0.586550357828935,-0.00361869558900163,0.25,0.25,FALSE,NA
3830,185,16,"MNAR",FALSE,"F3",300,1,0.1,48516,"6fddd79","HEAD","totoro","fixed_1",TRUE,94.999,0.460528757636429,0.42159352603436,0.0389352316020686,0.196929824561404,0.333333333333333,TRUE,NA
3831,186,16,"MNAR",FALSE,"F1",1000,1,0.1,48616,"6fddd79","HEAD","totoro","fixed_1",TRUE,458.902,0.498592699505153,0.487772658385583,0.0108200411195699,0.15,0.25,FALSE,NA
3832,187,16,"MNAR",FALSE,"F2",1000,1,0.1,48716,"6fddd79","HEAD","totoro","fixed_1",TRUE,528.638,0.521613505058881,0.521613501845291,3.21359006072441e-09,0,0,FALSE,NA
3833,188,16,"MNAR",FALSE,"F3",1000,1,0.1,48816,"6fddd79","HEAD","totoro","fixed_1",TRUE,485.451,0.441359642758252,0.430766422637437,0.0105932201208153,0.025,0.5,FALSE,NA
3834,189,16,"MNAR",FALSE,"F1",100,0.2,0.3,48916,"6fddd79","HEAD","totoro","fixed_1",TRUE,71.592,0.890848989648698,0.805158456817257,0.0856905328314412,0,0,TRUE,NA
3835,190,16,"MNAR",FALSE,"F2",100,0.2,0.3,49016,"6fddd79","HEAD","totoro","fixed_1",TRUE,72.471,0.775860399842458,0.826769119017249,-0.0509087191747909,0.25,0.25,FALSE,NA
3836,191,16,"MNAR",FALSE,"F3",100,0.2,0.3,49116,"6fddd79","HEAD","totoro","fixed_1",TRUE,74.946,0.767363766560851,0.849588223467285,-0.0822244569064342,0.0833333333333333,0.166666666666667,TRUE,NA
3837,192,16,"MNAR",FALSE,"F1",300,0.2,0.3,49216,"6fddd79","HEAD","totoro","fixed_1",TRUE,89.184,1.00086279633209,0.978446076563887,0.022416719768199,0.5,0.5,TRUE,NA
3838,193,16,"MNAR",FALSE,"F2",300,0.2,0.3,49316,"6fddd79","HEAD","totoro","fixed_1",TRUE,95.831,0.947740899356885,0.991697835733054,-0.0439569363761689,0.5,0.5,TRUE,NA
3839,194,16,"MNAR",FALSE,"F3",300,0.2,0.3,49416,"6fddd79","HEAD","totoro","fixed_1",TRUE,93.684,0.582415775534562,0.560676645186617,0.0217391303479448,0,0,TRUE,NA
3840,195,16,"MNAR",FALSE,"F1",1000,0.2,0.3,49516,"6fddd79","HEAD","totoro","fixed_1",TRUE,331.877,0.946013142401188,0.946013142416747,-1.55593316009117e-11,0,0,FALSE,NA
3841,196,16,"MNAR",FALSE,"F2",1000,0.2,0.3,49616,"6fddd79","HEAD","totoro","fixed_1",TRUE,344.399,1.04341866186725,1.04706491870038,-0.00364625683312103,0.25,0.25,FALSE,NA
3842,197,16,"MNAR",FALSE,"F3",1000,0.2,0.3,49716,"6fddd79","HEAD","totoro","fixed_1",TRUE,353,0.727539339290771,0.726047471048696,0.00149186824207503,0,0,TRUE,NA
3843,198,16,"MNAR",FALSE,"F1",100,0.5,0.3,49816,"6fddd79","HEAD","totoro","fixed_1",TRUE,84.882,0.877734195431314,0.964951163207061,-0.0872169677757464,0,0,TRUE,NA
3844,199,16,"MNAR",FALSE,"F2",100,0.5,0.3,49916,"6fddd79","HEAD","totoro","fixed_1",TRUE,83.299,0.887420617605564,0.893153849071622,-0.00573323146605764,0.3375,0.5,TRUE,NA
3845,200,16,"MNAR",FALSE,"F3",100,0.5,0.3,50016,"6fddd79","HEAD","totoro","fixed_1",TRUE,78.61,0.771266489325829,0.713426357328856,0.0578401319969728,0,0,TRUE,NA
3846,201,16,"MNAR",FALSE,"F1",300,0.5,0.3,50116,"6fddd79","HEAD","totoro","fixed_1",TRUE,85.312,1.03213501665519,1.03296780491552,-0.000832788260329398,0.25,0.25,FALSE,NA
3847,202,16,"MNAR",FALSE,"F2",300,0.5,0.3,50216,"6fddd79","HEAD","totoro","fixed_1",TRUE,90.598,0.8447673592755,0.921276579963499,-0.0765092206879985,0.6625,0.75,TRUE,NA
3848,203,16,"MNAR",FALSE,"F3",300,0.5,0.3,50316,"6fddd79","HEAD","totoro","fixed_1",TRUE,91.885,0.6453090398593,0.703064443121573,-0.057755403262273,0.0333333333333333,0.166666666666667,TRUE,NA
3849,204,16,"MNAR",FALSE,"F1",1000,0.5,0.3,50416,"6fddd79","HEAD","totoro","fixed_1",TRUE,374.737,0.897738416547807,0.897738416482507,6.52997655947729e-11,0,0,FALSE,NA
3850,205,16,"MNAR",FALSE,"F2",1000,0.5,0.3,50516,"6fddd79","HEAD","totoro","fixed_1",TRUE,373.17,0.874742846556589,0.89551495332576,-0.0207721067691712,0.539400584795322,0.75,FALSE,NA
3851,206,16,"MNAR",FALSE,"F3",1000,0.5,0.3,50616,"6fddd79","HEAD","totoro","fixed_1",TRUE,363.323,0.706982038353293,0.710750314051267,-0.00376827569797411,0.258333333333333,0.333333333333333,TRUE,NA
3852,207,16,"MNAR",FALSE,"F1",100,1,0.3,50716,"6fddd79","HEAD","totoro","fixed_1",TRUE,71.579,0.753083091937864,0.748051277570636,0.00503181436722799,0.25,0.25,TRUE,NA
3853,208,16,"MNAR",FALSE,"F2",100,1,0.3,50816,"6fddd79","HEAD","totoro","fixed_1",TRUE,77.069,0.515588338394991,0.533592611168397,-0.0180042727734062,0.406944444444444,0.5,FALSE,NA
3854,209,16,"MNAR",FALSE,"F3",100,1,0.3,50916,"6fddd79","HEAD","totoro","fixed_1",TRUE,69.66,0.647321622769692,0.476767276935365,0.170554345834328,0.166666666666667,0.166666666666667,TRUE,NA
3855,210,16,"MNAR",FALSE,"F1",300,1,0.3,51016,"6fddd79","HEAD","totoro","fixed_1",TRUE,87.486,0.550034675253313,0.551822760998863,-0.00178808574554967,0.125,0.25,FALSE,NA
3856,211,16,"MNAR",FALSE,"F2",300,1,0.3,51116,"6fddd79","HEAD","totoro","fixed_1",TRUE,106.319,0.6224085833723,0.657221601165111,-0.0348130177928107,0.403846153846154,0.5,FALSE,NA
3857,212,16,"MNAR",FALSE,"F3",300,1,0.3,51216,"6fddd79","HEAD","totoro","fixed_1",TRUE,95.341,0.509984970553938,0.489550948472788,0.0204340220811502,0.0475490196078431,0.333333333333333,TRUE,NA
3858,213,16,"MNAR",FALSE,"F1",1000,1,0.3,51316,"6fddd79","HEAD","totoro","fixed_1",TRUE,351.533,0.455066035683201,0.455066034768469,9.1473140173548e-10,0,0,FALSE,NA
3859,214,16,"MNAR",FALSE,"F2",1000,1,0.3,51416,"6fddd79","HEAD","totoro","fixed_1",TRUE,370.423,0.53162701481318,0.545760363074251,-0.014133348261071,0.55,0.75,FALSE,NA
3860,215,16,"MNAR",FALSE,"F3",1000,1,0.3,51516,"6fddd79","HEAD","totoro","fixed_1",TRUE,338.844,0.442811263191781,0.417973511159936,0.0248377520318445,0,0,TRUE,NA
3861,216,16,"MNAR",FALSE,"F1",100,0.2,0.5,51616,"6fddd79","HEAD","totoro","fixed_1",TRUE,71.827,0.855639806499624,0.854142290095599,0.00149751640402462,0,0,TRUE,NA
3862,217,16,"MNAR",FALSE,"F2",100,0.2,0.5,51716,"6fddd79","HEAD","totoro","fixed_1",TRUE,84.49,1.0082450180867,1.1062485314722,-0.0980035133854968,0.25,0.25,TRUE,NA
3863,218,16,"MNAR",FALSE,"F3",100,0.2,0.5,51816,"6fddd79","HEAD","totoro","fixed_1",TRUE,82.163,0.794367667396216,0.742894264903501,0.0514734024927153,0.166666666666667,0.166666666666667,TRUE,NA
3864,219,16,"MNAR",FALSE,"F1",300,0.2,0.5,51916,"6fddd79","HEAD","totoro","fixed_1",TRUE,86.401,1.16312784357312,1.17513527485639,-0.0120074312832785,0.225,0.25,TRUE,NA
3865,220,16,"MNAR",FALSE,"F2",300,0.2,0.5,52016,"6fddd79","HEAD","totoro","fixed_1",TRUE,87.273,1.11519409253828,1.10715919993291,0.00803489260536527,0.05,0.25,TRUE,NA
3866,221,16,"MNAR",FALSE,"F3",300,0.2,0.5,52116,"6fddd79","HEAD","totoro","fixed_1",TRUE,87.404,0.717649382023984,0.703040093805624,0.0146092882183592,0.025,0.166666666666667,TRUE,NA
3867,222,16,"MNAR",FALSE,"F1",1000,0.2,0.5,52216,"6fddd79","HEAD","totoro","fixed_1",TRUE,263.756,0.936767851206295,0.940927846366274,-0.00415999515997945,0.25,0.25,FALSE,NA
3868,223,16,"MNAR",FALSE,"F2",1000,0.2,0.5,52316,"6fddd79","HEAD","totoro","fixed_1",TRUE,250.984,0.894745223691656,0.940067037003993,-0.0453218133123368,0.4125,0.5,TRUE,NA
3869,224,16,"MNAR",FALSE,"F3",1000,0.2,0.5,52416,"6fddd79","HEAD","totoro","fixed_1",TRUE,267.125,0.716147813382853,0.716167859131189,-2.00457483358063e-05,0.166666666666667,0.166666666666667,TRUE,NA
3870,225,16,"MNAR",FALSE,"F1",100,0.5,0.5,52516,"6fddd79","HEAD","totoro","fixed_1",TRUE,74.491,0.885227657543328,1.00736832216025,-0.122140664616921,0.347222222222222,0.5,TRUE,NA
3871,226,16,"MNAR",FALSE,"F2",100,0.5,0.5,52616,"6fddd79","HEAD","totoro","fixed_1",TRUE,71.879,0.905731861385906,0.916880959293619,-0.0111490979077133,0.45,0.5,TRUE,NA
3872,227,16,"MNAR",FALSE,"F3",100,0.5,0.5,52716,"6fddd79","HEAD","totoro","fixed_1",TRUE,87.717,0.887642611813489,0.887642610969547,8.43942249417751e-10,0,0,TRUE,NA
3873,228,16,"MNAR",FALSE,"F1",300,0.5,0.5,52816,"6fddd79","HEAD","totoro","fixed_1",TRUE,91.789,0.883598159628672,0.883598161136872,-1.50819901012511e-09,0,0,FALSE,NA
3874,229,16,"MNAR",FALSE,"F2",300,0.5,0.5,52916,"6fddd79","HEAD","totoro","fixed_1",TRUE,84.296,0.79743659499891,0.858406997885035,-0.0609704028861252,0.857894736842105,1,FALSE,NA
3875,230,16,"MNAR",FALSE,"F3",300,0.5,0.5,53016,"6fddd79","HEAD","totoro","fixed_1",TRUE,104.263,0.701032814470287,0.709394018078287,-0.00836120360799952,0,0,TRUE,NA
3876,231,16,"MNAR",FALSE,"F1",1000,0.5,0.5,53116,"6fddd79","HEAD","totoro","fixed_1",TRUE,271.776,1.04578639274498,1.0438357919831,0.00195060076187792,0,0,FALSE,NA
3877,232,16,"MNAR",FALSE,"F2",1000,0.5,0.5,53216,"6fddd79","HEAD","totoro","fixed_1",TRUE,288.111,0.987520978680108,0.99634653541001,-0.00882555672990204,0.5,0.5,FALSE,NA
3878,233,16,"MNAR",FALSE,"F3",1000,0.5,0.5,53316,"6fddd79","HEAD","totoro","fixed_1",TRUE,264.831,0.606812459556223,0.634660240932141,-0.027847781375918,0,0,TRUE,NA
3879,234,16,"MNAR",FALSE,"F1",100,1,0.5,53416,"6fddd79","HEAD","totoro","fixed_1",TRUE,86.243,0.682987916354241,0.683525391489871,-0.000537475135630405,0.45,0.5,FALSE,NA
3880,235,16,"MNAR",FALSE,"F2",100,1,0.5,53516,"6fddd79","HEAD","totoro","fixed_1",TRUE,78.803,0.845445366819516,0.876063890721762,-0.0306185239022462,0.217171717171717,0.5,FALSE,NA
3881,236,16,"MNAR",FALSE,"F3",100,1,0.5,53616,"6fddd79","HEAD","totoro","fixed_1",TRUE,70.91,0.56570810309308,0.619860162829732,-0.0541520597366519,0,0,FALSE,NA
3882,237,16,"MNAR",FALSE,"F1",300,1,0.5,53716,"6fddd79","HEAD","totoro","fixed_1",TRUE,97.298,0.477641251263307,0.477052986493309,0.000588264769997793,0.25,0.25,FALSE,NA
3883,238,16,"MNAR",FALSE,"F2",300,1,0.5,53816,"6fddd79","HEAD","totoro","fixed_1",TRUE,85.284,0.602654717906497,0.604032896530462,-0.00137817862396494,0.535526315789474,0.75,FALSE,NA
3884,239,16,"MNAR",FALSE,"F3",300,1,0.5,53916,"6fddd79","HEAD","totoro","fixed_1",TRUE,89.848,0.480899606345968,0.524542202557559,-0.0436425962115907,0.116666666666667,0.166666666666667,TRUE,NA
3885,240,16,"MNAR",FALSE,"F1",1000,1,0.5,54016,"6fddd79","HEAD","totoro","fixed_1",TRUE,277.39,0.494757196048404,0.494757196020417,2.79869460939608e-11,0,0,FALSE,NA
3886,241,16,"MNAR",FALSE,"F2",1000,1,0.5,54116,"6fddd79","HEAD","totoro","fixed_1",TRUE,280.34,0.51885589585485,0.518403058295981,0.000452837558868935,0.486842105263158,0.5,FALSE,NA
3887,242,16,"MNAR",FALSE,"F3",1000,1,0.5,54216,"6fddd79","HEAD","totoro","fixed_1",TRUE,286.757,0.473286633735923,0.478721415580567,-0.00543478184464358,0,0,FALSE,NA
4050,162,17,"MNAR",FALSE,"F1",100,0.2,0.1,46217,"6fddd79","HEAD","totoro","fixed_1",TRUE,75.542,0.99066102638849,0.966628375639677,0.0240326507488131,0,0,TRUE,NA
4051,163,17,"MNAR",FALSE,"F2",100,0.2,0.1,46317,"6fddd79","HEAD","totoro","fixed_1",TRUE,84.058,1.10165533914886,1.10817462995209,-0.00651929080323477,0.25,0.25,TRUE,NA
4052,164,17,"MNAR",FALSE,"F3",100,0.2,0.1,46417,"6fddd79","HEAD","totoro","fixed_1",TRUE,89.603,0.731784381051662,0.833789841656724,-0.102005460605061,0,0,TRUE,NA
4053,165,17,"MNAR",FALSE,"F1",300,0.2,0.1,46517,"6fddd79","HEAD","totoro","fixed_1",TRUE,100.134,0.929070866046848,0.951053984448722,-0.0219831184018743,0.602884615384615,0.75,FALSE,NA
4054,166,17,"MNAR",FALSE,"F2",300,0.2,0.1,46617,"6fddd79","HEAD","totoro","fixed_1",TRUE,106.656,0.847932486106482,0.872569724538493,-0.024637238432011,0.75,0.75,FALSE,NA
4055,167,17,"MNAR",FALSE,"F3",300,0.2,0.1,46717,"6fddd79","HEAD","totoro","fixed_1",TRUE,94.931,0.784078349035464,0.792766699140891,-0.00868835010542701,0,0,TRUE,NA
4056,168,17,"MNAR",FALSE,"F1",1000,0.2,0.1,46817,"6fddd79","HEAD","totoro","fixed_1",TRUE,551.097,0.960609418414732,0.960609418054087,3.60644625274631e-10,0,0,FALSE,NA
4057,169,17,"MNAR",FALSE,"F2",1000,0.2,0.1,46917,"6fddd79","HEAD","totoro","fixed_1",TRUE,481.964,0.887932719525418,0.906302802999631,-0.0183700834742131,0.25,0.25,TRUE,NA
4058,170,17,"MNAR",FALSE,"F3",1000,0.2,0.1,47017,"6fddd79","HEAD","totoro","fixed_1",TRUE,503.217,0.702713916926587,0.706489732618077,-0.0037758156914891,0.166666666666667,0.166666666666667,FALSE,NA
4059,171,17,"MNAR",FALSE,"F1",100,0.5,0.1,47117,"6fddd79","HEAD","totoro","fixed_1",TRUE,93.44,0.8947921446573,0.922592331217923,-0.0278001865606227,0.25,0.25,TRUE,NA
4060,172,17,"MNAR",FALSE,"F2",100,0.5,0.1,47217,"6fddd79","HEAD","totoro","fixed_1",TRUE,79.951,0.931682282348438,0.892254514119807,0.0394277682286309,0.1875,0.25,TRUE,NA
4061,173,17,"MNAR",FALSE,"F3",100,0.5,0.1,47317,"6fddd79","HEAD","totoro","fixed_1",TRUE,93.076,0.700417368894327,0.678894981722698,0.0215223871716285,0.166666666666667,0.166666666666667,TRUE,NA
4062,174,17,"MNAR",FALSE,"F1",300,0.5,0.1,47417,"6fddd79","HEAD","totoro","fixed_1",TRUE,121.557,0.742371719548201,0.747203991294593,-0.004832271746392,0.25,0.25,FALSE,NA
4063,175,17,"MNAR",FALSE,"F2",300,0.5,0.1,47517,"6fddd79","HEAD","totoro","fixed_1",TRUE,93.425,0.977240832822873,1.03382263217675,-0.056581799353877,0.899038461538462,1,FALSE,NA
4064,176,17,"MNAR",FALSE,"F3",300,0.5,0.1,47617,"6fddd79","HEAD","totoro","fixed_1",TRUE,101.153,0.786977760241274,0.726276525829881,0.060701234411393,0,0,TRUE,NA
4065,177,17,"MNAR",FALSE,"F1",1000,0.5,0.1,47717,"6fddd79","HEAD","totoro","fixed_1",TRUE,477.771,0.832761298027659,0.831712682229192,0.00104861579846705,0.1625,0.25,FALSE,NA
4066,178,17,"MNAR",FALSE,"F2",1000,0.5,0.1,47817,"6fddd79","HEAD","totoro","fixed_1",TRUE,463.755,0.86407155036091,0.896948801497926,-0.032877251137016,0.527777777777778,0.75,FALSE,NA
4067,179,17,"MNAR",FALSE,"F3",1000,0.5,0.1,47917,"6fddd79","HEAD","totoro","fixed_1",TRUE,468.184,0.640955965754758,0.624936331512971,0.0160196342417864,0.125,0.166666666666667,FALSE,NA
4068,180,17,"MNAR",FALSE,"F1",100,1,0.1,48017,"6fddd79","HEAD","totoro","fixed_1",TRUE,82.256,0.693983568237598,0.682490726819075,0.011492841418523,0.05,0.25,FALSE,NA
4069,181,17,"MNAR",FALSE,"F2",100,1,0.1,48117,"6fddd79","HEAD","totoro","fixed_1",TRUE,83.42,0.60646305711884,0.623831067542235,-0.0173680104233954,0.45,0.5,FALSE,NA
4070,182,17,"MNAR",FALSE,"F3",100,1,0.1,48217,"6fddd79","HEAD","totoro","fixed_1",TRUE,73.881,0.584667970907006,0.584667971946443,-1.03943664786499e-09,0,0,FALSE,NA
4071,183,17,"MNAR",FALSE,"F1",300,1,0.1,48317,"6fddd79","HEAD","totoro","fixed_1",TRUE,97.689,0.591723718384164,0.593670700462662,-0.00194698207849786,0.1125,0.25,FALSE,NA
4072,184,17,"MNAR",FALSE,"F2",300,1,0.1,48417,"6fddd79","HEAD","totoro","fixed_1",TRUE,112.941,0.621496182400043,0.65416088006539,-0.0326646976653472,0.673026315789474,0.75,FALSE,NA
4073,185,17,"MNAR",FALSE,"F3",300,1,0.1,48517,"6fddd79","HEAD","totoro","fixed_1",TRUE,102.686,0.586633354383581,0.586633353505324,8.78257577774377e-10,0,0,FALSE,NA
4074,186,17,"MNAR",FALSE,"F1",1000,1,0.1,48617,"6fddd79","HEAD","totoro","fixed_1",TRUE,491.19,0.401271232247347,0.402050372020027,-0.000779139772679571,0.1125,0.25,FALSE,NA
4075,187,17,"MNAR",FALSE,"F2",1000,1,0.1,48717,"6fddd79","HEAD","totoro","fixed_1",TRUE,521.642,0.5101757367837,0.52598998731636,-0.0158142505326604,0.2375,0.25,FALSE,NA
4076,188,17,"MNAR",FALSE,"F3",1000,1,0.1,48817,"6fddd79","HEAD","totoro","fixed_1",TRUE,469.564,0.430670122358813,0.435507360886427,-0.00483723852761425,0,0,FALSE,NA
4077,189,17,"MNAR",FALSE,"F1",100,0.2,0.3,48917,"6fddd79","HEAD","totoro","fixed_1",TRUE,88.708,0.961111429462281,0.93642325983358,0.0246881696287017,0.0735294117647059,0.25,TRUE,NA
4078,190,17,"MNAR",FALSE,"F2",100,0.2,0.3,49017,"6fddd79","HEAD","totoro","fixed_1",TRUE,81.018,1.09799801595693,1.13247649730722,-0.0344784813502974,0.3375,0.5,TRUE,NA
4079,191,17,"MNAR",FALSE,"F3",100,0.2,0.3,49117,"6fddd79","HEAD","totoro","fixed_1",TRUE,79.126,0.736001522504367,0.743542117482788,-0.00754059497842108,0.0833333333333333,0.166666666666667,TRUE,NA
4080,192,17,"MNAR",FALSE,"F1",300,0.2,0.3,49217,"6fddd79","HEAD","totoro","fixed_1",TRUE,104.993,0.892068639536349,0.91160780191606,-0.0195391623797109,0.5,0.5,TRUE,NA
4081,193,17,"MNAR",FALSE,"F2",300,0.2,0.3,49317,"6fddd79","HEAD","totoro","fixed_1",TRUE,98.396,0.827991405731906,0.866899502105109,-0.0389080963732036,0.5,0.5,TRUE,NA
4082,194,17,"MNAR",FALSE,"F3",300,0.2,0.3,49417,"6fddd79","HEAD","totoro","fixed_1",TRUE,97.919,0.696651392847345,0.676766649611557,0.0198847432357881,0,0,TRUE,NA
4083,195,17,"MNAR",FALSE,"F1",1000,0.2,0.3,49517,"6fddd79","HEAD","totoro","fixed_1",TRUE,367.819,0.942935581538685,0.945413261934839,-0.00247768039615448,0.4,0.5,FALSE,NA
4084,196,17,"MNAR",FALSE,"F2",1000,0.2,0.3,49617,"6fddd79","HEAD","totoro","fixed_1",TRUE,380.105,0.96236654901364,0.988919884434188,-0.0265533354205483,0.5,0.5,FALSE,NA
4085,197,17,"MNAR",FALSE,"F3",1000,0.2,0.3,49717,"6fddd79","HEAD","totoro","fixed_1",TRUE,346.305,0.6788672632944,0.675681978207973,0.00318528508642746,0.166666666666667,0.166666666666667,FALSE,NA
4086,198,17,"MNAR",FALSE,"F1",100,0.5,0.3,49817,"6fddd79","HEAD","totoro","fixed_1",TRUE,87.131,0.956590338194451,0.920506250772628,0.0360840874218231,0.25,0.25,TRUE,NA
4087,199,17,"MNAR",FALSE,"F2",100,0.5,0.3,49917,"6fddd79","HEAD","totoro","fixed_1",TRUE,84.215,0.734881683693968,0.739000093103634,-0.00411840940966546,0.473684210526316,0.5,TRUE,NA
4088,200,17,"MNAR",FALSE,"F3",100,0.5,0.3,50017,"6fddd79","HEAD","totoro","fixed_1",TRUE,83.452,0.759270418735597,0.733723343860012,0.0255470748755849,0.166666666666667,0.166666666666667,TRUE,NA
4089,201,17,"MNAR",FALSE,"F1",300,0.5,0.3,50117,"6fddd79","HEAD","totoro","fixed_1",TRUE,104.895,0.948551340864274,0.958228709918216,-0.00967736905394245,0.1625,0.25,FALSE,NA
4090,202,17,"MNAR",FALSE,"F2",300,0.5,0.3,50217,"6fddd79","HEAD","totoro","fixed_1",TRUE,89.903,0.972921249313593,0.986293780429368,-0.0133725311157755,0.625,0.75,FALSE,NA
4091,203,17,"MNAR",FALSE,"F3",300,0.5,0.3,50317,"6fddd79","HEAD","totoro","fixed_1",TRUE,90.745,0.652972404878954,0.644737318232983,0.00823508664597017,0,0,TRUE,NA
4092,204,17,"MNAR",FALSE,"F1",1000,0.5,0.3,50417,"6fddd79","HEAD","totoro","fixed_1",TRUE,350.519,0.887920994975637,0.887920995318184,-3.42547545884031e-10,0,0,FALSE,NA
4093,205,17,"MNAR",FALSE,"F2",1000,0.5,0.3,50517,"6fddd79","HEAD","totoro","fixed_1",TRUE,376.28,0.736481644059916,0.772412644460021,-0.0359310004001047,0.759722222222222,1,FALSE,NA
4094,206,17,"MNAR",FALSE,"F3",1000,0.5,0.3,50617,"6fddd79","HEAD","totoro","fixed_1",TRUE,359.035,0.589617483441571,0.59851330346705,-0.00889582002547928,0.166666666666667,0.166666666666667,FALSE,NA
4095,207,17,"MNAR",FALSE,"F1",100,1,0.3,50717,"6fddd79","HEAD","totoro","fixed_1",TRUE,73.579,0.730039146875975,0.728546995430067,0.00149215144590897,0.4375,0.5,FALSE,NA
4096,208,17,"MNAR",FALSE,"F2",100,1,0.3,50817,"6fddd79","HEAD","totoro","fixed_1",TRUE,86.671,0.700032672435406,0.786805182236195,-0.0867725098007894,0.138888888888889,0.25,FALSE,NA
4097,209,17,"MNAR",FALSE,"F3",100,1,0.3,50917,"6fddd79","HEAD","totoro","fixed_1",TRUE,87.39,0.543949775413084,0.569870579703541,-0.0259208042904571,0.125,0.166666666666667,FALSE,NA
4098,210,17,"MNAR",FALSE,"F1",300,1,0.3,51017,"6fddd79","HEAD","totoro","fixed_1",TRUE,103.865,0.492795756044091,0.482888201776376,0.0099075542677155,0.175,0.25,FALSE,NA
4099,211,17,"MNAR",FALSE,"F2",300,1,0.3,51117,"6fddd79","HEAD","totoro","fixed_1",TRUE,101.069,0.650260043943222,0.671996601071854,-0.0217365571286328,0.375,0.5,FALSE,NA
4100,212,17,"MNAR",FALSE,"F3",300,1,0.3,51217,"6fddd79","HEAD","totoro","fixed_1",TRUE,103.662,0.607620286996045,0.619701571058011,-0.0120812840619658,0.05,0.166666666666667,TRUE,NA
4101,213,17,"MNAR",FALSE,"F1",1000,1,0.3,51317,"6fddd79","HEAD","totoro","fixed_1",TRUE,362.673,0.45581009196679,0.45581009298504,-1.01824915166304e-09,0,0,FALSE,NA
4102,214,17,"MNAR",FALSE,"F2",1000,1,0.3,51417,"6fddd79","HEAD","totoro","fixed_1",TRUE,372.991,0.561477957851861,0.554396672840928,0.00708128501093297,0.25,0.25,FALSE,NA
4103,215,17,"MNAR",FALSE,"F3",1000,1,0.3,51517,"6fddd79","HEAD","totoro","fixed_1",TRUE,358.42,0.436458128603863,0.443674230974981,-0.00721610237111825,0.166666666666667,0.166666666666667,FALSE,NA
4104,216,17,"MNAR",FALSE,"F1",100,0.2,0.5,51617,"6fddd79","HEAD","totoro","fixed_1",TRUE,78.78,0.979948451660715,0.933880357066829,0.0460680945938856,0,0,TRUE,NA
4105,217,17,"MNAR",FALSE,"F2",100,0.2,0.5,51717,"6fddd79","HEAD","totoro","fixed_1",TRUE,85.188,0.675469246387517,0.716350546035864,-0.0408812996483469,0.25,0.25,TRUE,NA
4106,218,17,"MNAR",FALSE,"F3",100,0.2,0.5,51817,"6fddd79","HEAD","totoro","fixed_1",TRUE,85.612,0.75016320269091,0.714247557234051,0.0359156454568595,0,0,TRUE,NA
4107,219,17,"MNAR",FALSE,"F1",300,0.2,0.5,51917,"6fddd79","HEAD","totoro","fixed_1",TRUE,99.669,0.835726093723962,0.824418177301838,0.011307916422124,0.25,0.25,TRUE,NA
4108,220,17,"MNAR",FALSE,"F2",300,0.2,0.5,52017,"6fddd79","HEAD","totoro","fixed_1",TRUE,99.201,0.935571542068914,0.988055873541747,-0.0524843314728328,0.5,0.5,FALSE,NA
4109,221,17,"MNAR",FALSE,"F3",300,0.2,0.5,52117,"6fddd79","HEAD","totoro","fixed_1",TRUE,104.319,0.737429113931194,0.825861163331994,-0.0884320494007996,0,0,TRUE,NA
4110,222,17,"MNAR",FALSE,"F1",1000,0.2,0.5,52217,"6fddd79","HEAD","totoro","fixed_1",TRUE,274.19,0.949565311854298,0.957794645404445,-0.00822933355014666,0.4375,0.5,FALSE,NA
4111,223,17,"MNAR",FALSE,"F2",1000,0.2,0.5,52317,"6fddd79","HEAD","totoro","fixed_1",TRUE,265.923,0.977891723113052,1.00412078179113,-0.0262290586780749,0.5,0.5,TRUE,NA
4112,224,17,"MNAR",FALSE,"F3",1000,0.2,0.5,52417,"6fddd79","HEAD","totoro","fixed_1",TRUE,277.983,0.666628591858063,0.662461924920686,0.00416666693737688,0,0,TRUE,NA
4113,225,17,"MNAR",FALSE,"F1",100,0.5,0.5,52517,"6fddd79","HEAD","totoro","fixed_1",TRUE,75.929,1.08428428631166,0.976503174327321,0.107781111984336,0.407894736842105,0.5,TRUE,NA
4114,226,17,"MNAR",FALSE,"F2",100,0.5,0.5,52617,"6fddd79","HEAD","totoro","fixed_1",TRUE,80.35,0.834168215277146,0.887315602721127,-0.0531473874439812,0.343382352941176,0.5,TRUE,NA
4115,227,17,"MNAR",FALSE,"F3",100,0.5,0.5,52717,"6fddd79","HEAD","totoro","fixed_1",TRUE,76.522,0.771766841754361,0.896898375604144,-0.125131533849783,0,0,TRUE,NA
4116,228,17,"MNAR",FALSE,"F1",300,0.5,0.5,52817,"6fddd79","HEAD","totoro","fixed_1",TRUE,95.404,0.818398105410178,0.803181408615176,0.015216696795002,0.1125,0.25,TRUE,NA
4117,229,17,"MNAR",FALSE,"F2",300,0.5,0.5,52917,"6fddd79","HEAD","totoro","fixed_1",TRUE,87.487,0.883333711219356,0.893234041710841,-0.0099003304914852,0.65,0.75,FALSE,NA
4118,230,17,"MNAR",FALSE,"F3",300,0.5,0.5,53017,"6fddd79","HEAD","totoro","fixed_1",TRUE,86.013,0.736333128748936,0.709404968801545,0.0269281599473908,0,0,TRUE,NA
4119,231,17,"MNAR",FALSE,"F1",1000,0.5,0.5,53117,"6fddd79","HEAD","totoro","fixed_1",TRUE,267.231,0.939835904635325,0.910240493478113,0.029595411157212,0,0,FALSE,NA
4120,232,17,"MNAR",FALSE,"F2",1000,0.5,0.5,53217,"6fddd79","HEAD","totoro","fixed_1",TRUE,276.671,0.981945505655466,0.990654449242327,-0.00870894358686081,0.25,0.25,FALSE,NA
4121,233,17,"MNAR",FALSE,"F3",1000,0.5,0.5,53317,"6fddd79","HEAD","totoro","fixed_1",TRUE,289.652,0.632746867121014,0.628840616580038,0.0039062505409766,0,0,FALSE,NA
4122,234,17,"MNAR",FALSE,"F1",100,1,0.5,53417,"6fddd79","HEAD","totoro","fixed_1",TRUE,74.534,0.43618915638518,0.467770637116688,-0.0315814807315083,0.25,0.25,TRUE,NA
4123,235,17,"MNAR",FALSE,"F2",100,1,0.5,53517,"6fddd79","HEAD","totoro","fixed_1",TRUE,77.068,0.61454170792164,0.577640376104516,0.0369013318171236,0,0,TRUE,NA
4124,236,17,"MNAR",FALSE,"F3",100,1,0.5,53617,"6fddd79","HEAD","totoro","fixed_1",TRUE,79.979,0.441975653284633,0.381800730882685,0.0601749224019477,0.166666666666667,0.166666666666667,FALSE,NA
4125,237,17,"MNAR",FALSE,"F1",300,1,0.5,53717,"6fddd79","HEAD","totoro","fixed_1",TRUE,88.909,0.70727958319355,0.708491733141952,-0.00121214994840224,0.2,0.25,FALSE,NA
4126,238,17,"MNAR",FALSE,"F2",300,1,0.5,53817,"6fddd79","HEAD","totoro","fixed_1",TRUE,93.398,0.924520819523355,0.924520820397942,-8.74587735566479e-10,0,0,FALSE,NA
4127,239,17,"MNAR",FALSE,"F3",300,1,0.5,53917,"6fddd79","HEAD","totoro","fixed_1",TRUE,89.333,0.458302476477811,0.458302476586145,-1.08333453319176e-10,0,0,FALSE,NA
4128,240,17,"MNAR",FALSE,"F1",1000,1,0.5,54017,"6fddd79","HEAD","totoro","fixed_1",TRUE,291.658,0.592363774296675,0.597648399864157,-0.00528462556748233,0.2,0.25,FALSE,NA
4129,241,17,"MNAR",FALSE,"F2",1000,1,0.5,54117,"6fddd79","HEAD","totoro","fixed_1",TRUE,277.941,0.546453790519771,0.550092534523023,-0.00363874400325215,0,0,FALSE,NA
4130,242,17,"MNAR",FALSE,"F3",1000,1,0.5,54217,"6fddd79","HEAD","totoro","fixed_1",TRUE,264.255,0.419290769094897,0.419290769022538,7.2359118696852e-11,0,0,TRUE,NA
4293,162,18,"MNAR",FALSE,"F1",100,0.2,0.1,46218,"6fddd79","HEAD","totoro","fixed_1",TRUE,74.443,0.776837310869379,0.798173193148117,-0.0213358822787378,0.5,0.5,FALSE,NA
4294,163,18,"MNAR",FALSE,"F2",100,0.2,0.1,46318,"6fddd79","HEAD","totoro","fixed_1",TRUE,79.546,0.805976831154855,0.876008459431376,-0.0700316282765205,0.25,0.25,TRUE,NA
4295,164,18,"MNAR",FALSE,"F3",100,0.2,0.1,46418,"6fddd79","HEAD","totoro","fixed_1",TRUE,73.398,0.736993942038589,0.694798365862172,0.0421955761764166,0,0,TRUE,NA
4296,165,18,"MNAR",FALSE,"F1",300,0.2,0.1,46518,"6fddd79","HEAD","totoro","fixed_1",TRUE,102.473,0.927377287844226,0.922035543918738,0.00534174392548781,0.25,0.25,TRUE,NA
4297,166,18,"MNAR",FALSE,"F2",300,0.2,0.1,46618,"6fddd79","HEAD","totoro","fixed_1",TRUE,102.765,0.928770319467869,0.97964009384067,-0.0508697743728013,0.5,0.5,FALSE,NA
4298,167,18,"MNAR",FALSE,"F3",300,0.2,0.1,46718,"6fddd79","HEAD","totoro","fixed_1",TRUE,104.503,0.700703339268909,0.728874034278605,-0.0281706950096963,0.166666666666667,0.166666666666667,TRUE,NA
4299,168,18,"MNAR",FALSE,"F1",1000,0.2,0.1,46818,"6fddd79","HEAD","totoro","fixed_1",TRUE,513.27,0.873908446373255,0.873908446036392,3.3686320399795e-10,0,0,FALSE,NA
4300,169,18,"MNAR",FALSE,"F2",1000,0.2,0.1,46918,"6fddd79","HEAD","totoro","fixed_1",TRUE,498.899,0.959840702975755,0.972282499662103,-0.0124417966863486,0.425,0.5,FALSE,NA
4301,170,18,"MNAR",FALSE,"F3",1000,0.2,0.1,47018,"6fddd79","HEAD","totoro","fixed_1",TRUE,470.773,0.699516295449232,0.697089111017811,0.00242718443142043,0,0,FALSE,NA
4302,171,18,"MNAR",FALSE,"F1",100,0.5,0.1,47118,"6fddd79","HEAD","totoro","fixed_1",TRUE,76.044,0.993735975384037,1.0507979983156,-0.0570620229315622,0.5,0.5,TRUE,NA
4303,172,18,"MNAR",FALSE,"F2",100,0.5,0.1,47218,"6fddd79","HEAD","totoro","fixed_1",TRUE,79.517,0.914444688445915,0.841486778207365,0.0729579102385504,0.447368421052632,0.5,TRUE,NA
4304,173,18,"MNAR",FALSE,"F3",100,0.5,0.1,47318,"6fddd79","HEAD","totoro","fixed_1",TRUE,75.69,0.71088190818496,0.785881908690751,-0.0750000005057916,0,0,TRUE,NA
4305,174,18,"MNAR",FALSE,"F1",300,0.5,0.1,47418,"6fddd79","HEAD","totoro","fixed_1",TRUE,94.349,0.908373333640586,0.907609846566917,0.000763487073668911,0,0,FALSE,NA
4306,175,18,"MNAR",FALSE,"F2",300,0.5,0.1,47518,"6fddd79","HEAD","totoro","fixed_1",TRUE,99.531,0.806027435912433,0.840259063069596,-0.0342316271571632,0.45,0.75,FALSE,NA
4307,176,18,"MNAR",FALSE,"F3",300,0.5,0.1,47618,"6fddd79","HEAD","totoro","fixed_1",TRUE,102.095,0.696385692987285,0.65434657969797,0.042039113289316,0,0,TRUE,NA
4308,177,18,"MNAR",FALSE,"F1",1000,0.5,0.1,47718,"6fddd79","HEAD","totoro","fixed_1",TRUE,516.479,0.855924228511119,0.857512020164151,-0.00158779165303158,0.3,0.5,FALSE,NA
4309,178,18,"MNAR",FALSE,"F2",1000,0.5,0.1,47818,"6fddd79","HEAD","totoro","fixed_1",TRUE,516.609,0.764858935117094,0.784432427207542,-0.019573492090448,0.5,0.5,FALSE,NA
4310,179,18,"MNAR",FALSE,"F3",1000,0.5,0.1,47918,"6fddd79","HEAD","totoro","fixed_1",TRUE,516.373,0.624389180551967,0.619487219262968,0.00490196128899978,0.131578947368421,0.5,FALSE,NA
4311,180,18,"MNAR",FALSE,"F1",100,1,0.1,48018,"6fddd79","HEAD","totoro","fixed_1",TRUE,71.217,0.450071461045874,0.4662462118627,-0.0161747508168253,0.25,0.25,FALSE,NA
4312,181,18,"MNAR",FALSE,"F2",100,1,0.1,48118,"6fddd79","HEAD","totoro","fixed_1",TRUE,76.881,0.68018065754567,0.69307569067755,-0.0128950331318799,0.3375,0.5,FALSE,NA
4313,182,18,"MNAR",FALSE,"F3",100,1,0.1,48218,"6fddd79","HEAD","totoro","fixed_1",TRUE,81.791,0.543481012395146,0.534109434574089,0.0093715778210568,0.225,0.333333333333333,TRUE,NA
4314,183,18,"MNAR",FALSE,"F1",300,1,0.1,48318,"6fddd79","HEAD","totoro","fixed_1",TRUE,99.813,0.612236436425955,0.63680602236508,-0.0245695859391245,0.4125,0.75,FALSE,NA
4315,184,18,"MNAR",FALSE,"F2",300,1,0.1,48418,"6fddd79","HEAD","totoro","fixed_1",TRUE,101.09,0.715252734208713,0.749339963155708,-0.0340872289469946,0.47171052631579,0.75,FALSE,NA
4316,185,18,"MNAR",FALSE,"F3",300,1,0.1,48518,"6fddd79","HEAD","totoro","fixed_1",TRUE,100.607,0.556648315604069,0.559321968076979,-0.00267365247291029,0.166666666666667,0.166666666666667,FALSE,NA
4317,186,18,"MNAR",FALSE,"F1",1000,1,0.1,48618,"6fddd79","HEAD","totoro","fixed_1",TRUE,525.29,0.479680383868179,0.479680385664745,-1.79656584053944e-09,0,0,FALSE,NA
4318,187,18,"MNAR",FALSE,"F2",1000,1,0.1,48718,"6fddd79","HEAD","totoro","fixed_1",TRUE,558.295,0.557526608963749,0.581977052350834,-0.0244504433870848,0.25,0.25,FALSE,NA
4319,188,18,"MNAR",FALSE,"F3",1000,1,0.1,48818,"6fddd79","HEAD","totoro","fixed_1",TRUE,514.344,0.418313801749245,0.410161627178471,0.00815217457077438,0.0087719298245614,0.166666666666667,FALSE,NA
4320,189,18,"MNAR",FALSE,"F1",100,0.2,0.3,48918,"6fddd79","HEAD","totoro","fixed_1",TRUE,80.44,0.834790261525205,0.859637854893259,-0.0248475933680541,0,0,TRUE,NA
4321,190,18,"MNAR",FALSE,"F2",100,0.2,0.3,49018,"6fddd79","HEAD","totoro","fixed_1",TRUE,77.057,1.12516868733078,1.16755522407334,-0.0423865367425587,0,0,TRUE,NA
4322,191,18,"MNAR",FALSE,"F3",100,0.2,0.3,49118,"6fddd79","HEAD","totoro","fixed_1",TRUE,82.977,0.655722160277473,0.673821087370636,-0.0180989270931631,0.166666666666667,0.166666666666667,TRUE,NA
4323,192,18,"MNAR",FALSE,"F1",300,0.2,0.3,49218,"6fddd79","HEAD","totoro","fixed_1",TRUE,92.285,0.970939240388646,0.967351299712324,0.00358794067632184,0.171875,0.25,TRUE,NA
4324,193,18,"MNAR",FALSE,"F2",300,0.2,0.3,49318,"6fddd79","HEAD","totoro","fixed_1",TRUE,99.177,0.836844741959959,0.877579370486232,-0.0407346285262731,0.4625,0.5,TRUE,NA
4325,194,18,"MNAR",FALSE,"F3",300,0.2,0.3,49418,"6fddd79","HEAD","totoro","fixed_1",TRUE,99.201,0.868317602495394,0.874554038906922,-0.00623643641152882,0.166666666666667,0.166666666666667,TRUE,NA
4326,195,18,"MNAR",FALSE,"F1",1000,0.2,0.3,49518,"6fddd79","HEAD","totoro","fixed_1",TRUE,369.615,1.02531349494867,1.01901640071886,0.00629709422981106,0.0833333333333333,0.25,FALSE,NA
4327,196,18,"MNAR",FALSE,"F2",1000,0.2,0.3,49618,"6fddd79","HEAD","totoro","fixed_1",TRUE,354.261,0.896877838753211,0.899837447469731,-0.00295960871652023,0.35,0.5,FALSE,NA
4328,197,18,"MNAR",FALSE,"F3",1000,0.2,0.3,49718,"6fddd79","HEAD","totoro","fixed_1",TRUE,339.253,0.737716378430207,0.73771637858414,-1.53933088498093e-10,0,0,FALSE,NA
4329,198,18,"MNAR",FALSE,"F1",100,0.5,0.3,49818,"6fddd79","HEAD","totoro","fixed_1",TRUE,81.735,0.698268822599111,0.716913952272064,-0.0186451296729536,0.25,0.25,FALSE,NA
4330,199,18,"MNAR",FALSE,"F2",100,0.5,0.3,49918,"6fddd79","HEAD","totoro","fixed_1",TRUE,81.132,0.876213236114775,0.8805063452358,-0.00429310912102498,0.25,0.25,TRUE,NA
4331,200,18,"MNAR",FALSE,"F3",100,0.5,0.3,50018,"6fddd79","HEAD","totoro","fixed_1",TRUE,74.91,0.821031913692324,0.769038633159317,0.0519932805330069,0,0,TRUE,NA
4332,201,18,"MNAR",FALSE,"F1",300,0.5,0.3,50118,"6fddd79","HEAD","totoro","fixed_1",TRUE,97.749,1.00281340351798,0.98778351693145,0.0150298865865257,0,0,TRUE,NA
4333,202,18,"MNAR",FALSE,"F2",300,0.5,0.3,50218,"6fddd79","HEAD","totoro","fixed_1",TRUE,94.164,0.842522154080457,0.877727064601883,-0.0352049105214268,0.55,0.75,FALSE,NA
4334,203,18,"MNAR",FALSE,"F3",300,0.5,0.3,50318,"6fddd79","HEAD","totoro","fixed_1",TRUE,101.343,0.742915313599036,0.729969082398744,0.0129462312002926,0.141666666666667,0.166666666666667,TRUE,NA
4335,204,18,"MNAR",FALSE,"F1",1000,0.5,0.3,50418,"6fddd79","HEAD","totoro","fixed_1",TRUE,358.147,0.880119764156761,0.878897444991997,0.00122231916476423,0.1125,0.25,FALSE,NA
4336,205,18,"MNAR",FALSE,"F2",1000,0.5,0.3,50518,"6fddd79","HEAD","totoro","fixed_1",TRUE,342.661,0.78938671531838,0.831196191057678,-0.0418094757392979,0.725,0.75,FALSE,NA
4337,206,18,"MNAR",FALSE,"F3",1000,0.5,0.3,50618,"6fddd79","HEAD","totoro","fixed_1",TRUE,344.289,0.6232068938714,0.631337031498391,-0.00813013762699089,0.133333333333333,0.666666666666667,FALSE,NA
4338,207,18,"MNAR",FALSE,"F1",100,1,0.3,50718,"6fddd79","HEAD","totoro","fixed_1",TRUE,81.514,0.716639055881364,0.765426709662076,-0.0487876537807118,0.811111111111111,1,FALSE,NA
4339,208,18,"MNAR",FALSE,"F2",100,1,0.3,50818,"6fddd79","HEAD","totoro","fixed_1",TRUE,80.026,0.874101652936477,0.871722421152396,0.00237923178408139,0.25,0.25,TRUE,NA
4340,209,18,"MNAR",FALSE,"F3",100,1,0.3,50918,"6fddd79","HEAD","totoro","fixed_1",TRUE,77.72,0.599915580720352,0.611154330439936,-0.0112387497195841,0.155555555555556,0.166666666666667,FALSE,NA
4341,210,18,"MNAR",FALSE,"F1",300,1,0.3,51018,"6fddd79","HEAD","totoro","fixed_1",TRUE,98.503,0.533556190008591,0.550160860583988,-0.0166046705753962,0.175,0.25,FALSE,NA
4342,211,18,"MNAR",FALSE,"F2",300,1,0.3,51118,"6fddd79","HEAD","totoro","fixed_1",TRUE,100.686,0.796406466165076,0.807661086173832,-0.0112546200087564,0.197368421052632,0.25,FALSE,NA
4343,212,18,"MNAR",FALSE,"F3",300,1,0.3,51218,"6fddd79","HEAD","totoro","fixed_1",TRUE,94.758,0.553813906108797,0.528312874198145,0.025501031910652,0.0583333333333333,0.166666666666667,TRUE,NA
4344,213,18,"MNAR",FALSE,"F1",1000,1,0.3,51318,"6fddd79","HEAD","totoro","fixed_1",TRUE,384.451,0.617213852414433,0.612445338844229,0.00476851357020414,0.332894736842105,0.5,FALSE,NA
4345,214,18,"MNAR",FALSE,"F2",1000,1,0.3,51418,"6fddd79","HEAD","totoro","fixed_1",TRUE,337.5,0.588862650040667,0.598380743495328,-0.00951809345466104,0.4125,0.5,FALSE,NA
4346,215,18,"MNAR",FALSE,"F3",1000,1,0.3,51518,"6fddd79","HEAD","totoro","fixed_1",TRUE,359.992,0.428467842118032,0.418570572916763,0.00989726920126921,0.225,0.333333333333333,FALSE,NA
4347,216,18,"MNAR",FALSE,"F1",100,0.2,0.5,51618,"6fddd79","HEAD","totoro","fixed_1",TRUE,79.851,1.00657356569759,1.01120409193734,-0.00463052623974791,0,0,TRUE,NA
4348,217,18,"MNAR",FALSE,"F2",100,0.2,0.5,51718,"6fddd79","HEAD","totoro","fixed_1",TRUE,85.222,0.943330323982623,1.0235717995765,-0.0802414755938802,0.4875,0.5,TRUE,NA
4349,218,18,"MNAR",FALSE,"F3",100,0.2,0.5,51818,"6fddd79","HEAD","totoro","fixed_1",TRUE,82.475,0.806909671325585,0.804464735602894,0.00244493572269078,0,0,TRUE,NA
4350,219,18,"MNAR",FALSE,"F1",300,0.2,0.5,51918,"6fddd79","HEAD","totoro","fixed_1",TRUE,92.021,1.01186924209709,1.00037349697267,0.01149574512442,0.35,0.5,TRUE,NA
4351,220,18,"MNAR",FALSE,"F2",300,0.2,0.5,52018,"6fddd79","HEAD","totoro","fixed_1",TRUE,93.217,0.80452045366191,0.816933368929798,-0.0124129152678876,0.25,0.25,FALSE,NA
4352,221,18,"MNAR",FALSE,"F3",300,0.2,0.5,52118,"6fddd79","HEAD","totoro","fixed_1",TRUE,100.712,0.592334621862029,0.607895479977303,-0.0155608581152746,0.166666666666667,0.166666666666667,TRUE,NA
4353,222,18,"MNAR",FALSE,"F1",1000,0.2,0.5,52218,"6fddd79","HEAD","totoro","fixed_1",TRUE,266.951,1.04521789864374,1.04580926803966,-0.00059136939592852,0,0,TRUE,NA
4354,223,18,"MNAR",FALSE,"F2",1000,0.2,0.5,52318,"6fddd79","HEAD","totoro","fixed_1",TRUE,279.78,0.964618122925957,0.992687084608459,-0.0280689616825016,0.5,0.5,FALSE,NA
4355,224,18,"MNAR",FALSE,"F3",1000,0.2,0.5,52418,"6fddd79","HEAD","totoro","fixed_1",TRUE,262.586,0.621333842925472,0.626938779673536,-0.00560493674806384,0,0,TRUE,NA
4356,225,18,"MNAR",FALSE,"F1",100,0.5,0.5,52518,"6fddd79","HEAD","totoro","fixed_1",TRUE,85.201,0.802224619532054,0.756507921963269,0.0457166975687846,0,0,TRUE,NA
4357,226,18,"MNAR",FALSE,"F2",100,0.5,0.5,52618,"6fddd79","HEAD","totoro","fixed_1",TRUE,77.074,0.571966117136173,0.608723369281375,-0.0367572521452029,0.75,0.75,TRUE,NA
4358,227,18,"MNAR",FALSE,"F3",100,0.5,0.5,52718,"6fddd79","HEAD","totoro","fixed_1",TRUE,80.473,0.588978517572102,0.637985925681368,-0.0490074081092663,0.166666666666667,0.166666666666667,TRUE,NA
4359,228,18,"MNAR",FALSE,"F1",300,0.5,0.5,52818,"6fddd79","HEAD","totoro","fixed_1",TRUE,94.549,0.979899933082282,0.934381310774596,0.045518622307686,0.25,0.25,TRUE,NA
4360,229,18,"MNAR",FALSE,"F2",300,0.5,0.5,52918,"6fddd79","HEAD","totoro","fixed_1",TRUE,96.382,0.790073773138031,0.832780190328427,-0.0427064171903966,0.424342105263158,0.5,TRUE,NA
4361,230,18,"MNAR",FALSE,"F3",300,0.5,0.5,53018,"6fddd79","HEAD","totoro","fixed_1",TRUE,92.163,0.731149880492724,0.773855278034117,-0.0427053975413936,0,0,TRUE,NA
4362,231,18,"MNAR",FALSE,"F1",1000,0.5,0.5,53118,"6fddd79","HEAD","totoro","fixed_1",TRUE,271.423,0.837928703690698,0.837928704550962,-8.60264082191975e-10,0,0,FALSE,NA
4363,232,18,"MNAR",FALSE,"F2",1000,0.5,0.5,53218,"6fddd79","HEAD","totoro","fixed_1",TRUE,272.341,0.91369516073234,0.930789341330586,-0.0170941805982459,0.5,0.5,TRUE,NA
4364,233,18,"MNAR",FALSE,"F3",1000,0.5,0.5,53318,"6fddd79","HEAD","totoro","fixed_1",TRUE,277.411,0.607440737337446,0.621863814253556,-0.0144230769161101,0,0,TRUE,NA
4365,234,18,"MNAR",FALSE,"F1",100,1,0.5,53418,"6fddd79","HEAD","totoro","fixed_1",TRUE,81.372,0.806302874984065,0.806278158301015,2.47166830499301e-05,0.1875,0.25,TRUE,NA
4366,235,18,"MNAR",FALSE,"F2",100,1,0.5,53518,"6fddd79","HEAD","totoro","fixed_1",TRUE,82.912,0.839436607708405,0.989562749291852,-0.150126141583447,0.460526315789474,0.5,FALSE,NA
4367,236,18,"MNAR",FALSE,"F3",100,1,0.5,53618,"6fddd79","HEAD","totoro","fixed_1",TRUE,80.317,0.469919045105126,0.482345170780848,-0.0124261256757218,0,0,TRUE,NA
4368,237,18,"MNAR",FALSE,"F1",300,1,0.5,53718,"6fddd79","HEAD","totoro","fixed_1",TRUE,99.966,0.705824288390584,0.708967694453432,-0.00314340606284824,0.25,0.25,FALSE,NA
4369,238,18,"MNAR",FALSE,"F2",300,1,0.5,53818,"6fddd79","HEAD","totoro","fixed_1",TRUE,93.563,0.753246173022832,0.766757491172396,-0.0135113181495634,0.5,0.5,FALSE,NA
4370,239,18,"MNAR",FALSE,"F3",300,1,0.5,53918,"6fddd79","HEAD","totoro","fixed_1",TRUE,96.003,0.546576748140883,0.565326746544786,-0.0187499984039031,0,0,TRUE,NA
4371,240,18,"MNAR",FALSE,"F1",1000,1,0.5,54018,"6fddd79","HEAD","totoro","fixed_1",TRUE,280.187,0.520606936095267,0.520606937152787,-1.05751940537857e-09,0,0,FALSE,NA
4372,241,18,"MNAR",FALSE,"F2",1000,1,0.5,54118,"6fddd79","HEAD","totoro","fixed_1",TRUE,264.746,0.522592267063604,0.557890939217244,-0.0352986721536399,0.6,0.75,FALSE,NA
4373,242,18,"MNAR",FALSE,"F3",1000,1,0.5,54218,"6fddd79","HEAD","totoro","fixed_1",TRUE,279.695,0.470820456198052,0.46962500495086,0.00119545124719161,0,0,FALSE,NA
4536,162,19,"MNAR",FALSE,"F1",100,0.2,0.1,46219,"6fddd79","HEAD","totoro","fixed_1",TRUE,84.584,1.13191199634049,1.14976146688719,-0.0178494705467012,0.235294117647059,0.25,TRUE,NA
4537,163,19,"MNAR",FALSE,"F2",100,0.2,0.1,46319,"6fddd79","HEAD","totoro","fixed_1",TRUE,80.757,0.848678058658064,0.836493931211507,0.0121841274465578,0.25,0.25,TRUE,NA
4538,164,19,"MNAR",FALSE,"F3",100,0.2,0.1,46419,"6fddd79","HEAD","totoro","fixed_1",TRUE,86.8,0.632544909772897,0.744630561805999,-0.112085652033102,0,0,TRUE,NA
4539,165,19,"MNAR",FALSE,"F1",300,0.2,0.1,46519,"6fddd79","HEAD","totoro","fixed_1",TRUE,106.296,0.92200066180289,0.93933053810389,-0.0173298763010005,0.630357142857143,0.75,FALSE,NA
4540,166,19,"MNAR",FALSE,"F2",300,0.2,0.1,46619,"6fddd79","HEAD","totoro","fixed_1",TRUE,101.556,0.876599393901884,0.903815060054215,-0.0272156661523314,0.5,0.5,TRUE,NA
4541,167,19,"MNAR",FALSE,"F3",300,0.2,0.1,46719,"6fddd79","HEAD","totoro","fixed_1",TRUE,111.157,0.757940835300989,0.749945069266748,0.00799576603424113,0.158333333333333,0.166666666666667,TRUE,NA
4542,168,19,"MNAR",FALSE,"F1",1000,0.2,0.1,46819,"6fddd79","HEAD","totoro","fixed_1",TRUE,473.664,0.957303338958429,0.960735744370676,-0.00343240541224643,0.2125,0.5,FALSE,NA
4543,169,19,"MNAR",FALSE,"F2",1000,0.2,0.1,46919,"6fddd79","HEAD","totoro","fixed_1",TRUE,544.106,0.877998687566388,0.92357805667267,-0.0455793691062812,0.5,0.5,FALSE,NA
4544,170,19,"MNAR",FALSE,"F3",1000,0.2,0.1,47019,"6fddd79","HEAD","totoro","fixed_1",TRUE,487.338,0.739231010696378,0.755096676453315,-0.0158656657569375,0.2,0.333333333333333,FALSE,NA
4545,171,19,"MNAR",FALSE,"F1",100,0.5,0.1,47119,"6fddd79","HEAD","totoro","fixed_1",TRUE,89.684,0.998213465714467,0.991774798007105,0.00643866770736146,0.25,0.25,FALSE,NA
4546,172,19,"MNAR",FALSE,"F2",100,0.5,0.1,47219,"6fddd79","HEAD","totoro","fixed_1",TRUE,84.268,0.98835605353011,0.972566536665199,0.0157895168649106,0.175,0.25,TRUE,NA
4547,173,19,"MNAR",FALSE,"F3",100,0.5,0.1,47319,"6fddd79","HEAD","totoro","fixed_1",TRUE,74.916,0.734869781696123,0.750345438093095,-0.0154756563969719,0.166666666666667,0.166666666666667,FALSE,NA
4548,174,19,"MNAR",FALSE,"F1",300,0.5,0.1,47419,"6fddd79","HEAD","totoro","fixed_1",TRUE,101.161,0.92194543200217,0.937891021077741,-0.015945589075571,0.471875,0.5,FALSE,NA
4549,175,19,"MNAR",FALSE,"F2",300,0.5,0.1,47519,"6fddd79","HEAD","totoro","fixed_1",TRUE,98.734,0.866566754655951,0.894237802730072,-0.0276710480741206,0.7375,0.75,FALSE,NA
4550,176,19,"MNAR",FALSE,"F3",300,0.5,0.1,47619,"6fddd79","HEAD","totoro","fixed_1",TRUE,96.128,0.636201407323562,0.568664726268307,0.0675366810552551,0.166666666666667,0.166666666666667,TRUE,NA
4551,177,19,"MNAR",FALSE,"F1",1000,0.5,0.1,47719,"6fddd79","HEAD","totoro","fixed_1",TRUE,507.195,0.856044203456075,0.85604420393593,-4.79854267432245e-10,0,0,FALSE,NA
4552,178,19,"MNAR",FALSE,"F2",1000,0.5,0.1,47819,"6fddd79","HEAD","totoro","fixed_1",TRUE,488.623,0.88090205154869,0.90223341075796,-0.0213313592092694,0.4625,0.75,FALSE,NA
4553,179,19,"MNAR",FALSE,"F3",1000,0.5,0.1,47919,"6fddd79","HEAD","totoro","fixed_1",TRUE,505.818,0.705913775633505,0.705913776641787,-1.00828256854868e-09,0,0,FALSE,NA
4554,180,19,"MNAR",FALSE,"F1",100,1,0.1,48019,"6fddd79","HEAD","totoro","fixed_1",TRUE,81.736,0.70643634543225,0.733938999868518,-0.0275026544362674,0.461184210526316,0.5,FALSE,NA
4555,181,19,"MNAR",FALSE,"F2",100,1,0.1,48119,"6fddd79","HEAD","totoro","fixed_1",TRUE,71.266,0.564823873744624,0.614238064217659,-0.0494141904730352,0.4375,0.5,FALSE,NA
4556,182,19,"MNAR",FALSE,"F3",100,1,0.1,48219,"6fddd79","HEAD","totoro","fixed_1",TRUE,80.792,0.64502615850928,0.471968019295956,0.173058139213325,0,0,TRUE,NA
4557,183,19,"MNAR",FALSE,"F1",300,1,0.1,48319,"6fddd79","HEAD","totoro","fixed_1",TRUE,104.984,0.576022570721075,0.578704646553161,-0.00268207583208624,0,0,FALSE,NA
4558,184,19,"MNAR",FALSE,"F2",300,1,0.1,48419,"6fddd79","HEAD","totoro","fixed_1",TRUE,106.301,0.735208201846258,0.784397627815168,-0.0491894259689099,0.5,0.5,FALSE,NA
4559,185,19,"MNAR",FALSE,"F3",300,1,0.1,48519,"6fddd79","HEAD","totoro","fixed_1",TRUE,108.809,0.376911998063295,0.370178677139111,0.00673332092418449,0.183333333333333,0.333333333333333,FALSE,NA
4560,186,19,"MNAR",FALSE,"F1",1000,1,0.1,48619,"6fddd79","HEAD","totoro","fixed_1",TRUE,498.294,0.506540580598443,0.507606312330467,-0.00106573173202484,0.1,0.25,FALSE,NA
4561,187,19,"MNAR",FALSE,"F2",1000,1,0.1,48719,"6fddd79","HEAD","totoro","fixed_1",TRUE,477.293,0.513506386225615,0.524499874741281,-0.0109934885156656,0.3,0.5,FALSE,NA
4562,188,19,"MNAR",FALSE,"F3",1000,1,0.1,48819,"6fddd79","HEAD","totoro","fixed_1",TRUE,499.684,0.373954324253663,0.37237487918584,0.00157944506782315,0.108333333333333,0.166666666666667,FALSE,NA
4563,189,19,"MNAR",FALSE,"F1",100,0.2,0.3,48919,"6fddd79","HEAD","totoro","fixed_1",TRUE,82.891,0.803934657735943,0.812033674761833,-0.00809901702589044,0.25,0.25,TRUE,NA
4564,190,19,"MNAR",FALSE,"F2",100,0.2,0.3,49019,"6fddd79","HEAD","totoro","fixed_1",TRUE,80.016,0.962730808332452,1.04139076735333,-0.0786599590208799,0.75,0.75,TRUE,NA
4565,191,19,"MNAR",FALSE,"F3",100,0.2,0.3,49119,"6fddd79","HEAD","totoro","fixed_1",TRUE,87.306,0.720046866273581,0.657980864511191,0.0620660017623903,0.102564102564103,0.166666666666667,TRUE,NA
4566,192,19,"MNAR",FALSE,"F1",300,0.2,0.3,49219,"6fddd79","HEAD","totoro","fixed_1",TRUE,101.413,1.01665973449592,1.00117901454927,0.0154807199466482,0.25,0.25,TRUE,NA
4567,193,19,"MNAR",FALSE,"F2",300,0.2,0.3,49319,"6fddd79","HEAD","totoro","fixed_1",TRUE,102.563,0.888691496982047,0.942150660901072,-0.0534591639190247,0.5,0.5,TRUE,NA
4568,194,19,"MNAR",FALSE,"F3",300,0.2,0.3,49419,"6fddd79","HEAD","totoro","fixed_1",TRUE,96.1,0.601476462800952,0.627619094822846,-0.0261426320218937,0,0,TRUE,NA
4569,195,19,"MNAR",FALSE,"F1",1000,0.2,0.3,49519,"6fddd79","HEAD","totoro","fixed_1",TRUE,347.5,0.916547416170325,0.900589155844531,0.0159582603257934,0,0,TRUE,NA
4570,196,19,"MNAR",FALSE,"F2",1000,0.2,0.3,49619,"6fddd79","HEAD","totoro","fixed_1",TRUE,359.574,0.861788547386304,0.893971757871313,-0.032183210485009,0.5,0.5,FALSE,NA
4571,197,19,"MNAR",FALSE,"F3",1000,0.2,0.3,49719,"6fddd79","HEAD","totoro","fixed_1",TRUE,372.819,0.69405645883731,0.688395806506633,0.00566065233067714,0.1,0.166666666666667,TRUE,NA
4572,198,19,"MNAR",FALSE,"F1",100,0.5,0.3,49819,"6fddd79","HEAD","totoro","fixed_1",TRUE,84.611,1.13171096238605,1.08489618079978,0.0468147815862654,0.25,0.25,TRUE,NA
4573,199,19,"MNAR",FALSE,"F2",100,0.5,0.3,49919,"6fddd79","HEAD","totoro","fixed_1",TRUE,83.003,0.906075779666323,1.00623632731323,-0.100160547646902,0.5,0.5,FALSE,NA
4574,200,19,"MNAR",FALSE,"F3",100,0.5,0.3,50019,"6fddd79","HEAD","totoro","fixed_1",TRUE,84.353,0.629977065839111,0.658702336492227,-0.0287252706531161,0,0,TRUE,NA
4575,201,19,"MNAR",FALSE,"F1",300,0.5,0.3,50119,"6fddd79","HEAD","totoro","fixed_1",TRUE,93.72,0.831289514517611,0.845667827172582,-0.0143783126549718,0.806578947368421,1,FALSE,NA
4576,202,19,"MNAR",FALSE,"F2",300,0.5,0.3,50219,"6fddd79","HEAD","totoro","fixed_1",TRUE,94.639,0.84825277366863,0.86945579820426,-0.0212030245356302,0.5,0.5,TRUE,NA
4577,203,19,"MNAR",FALSE,"F3",300,0.5,0.3,50319,"6fddd79","HEAD","totoro","fixed_1",TRUE,93.363,0.629948011127758,0.610355492852834,0.0195925182749246,0.0333333333333333,0.166666666666667,TRUE,NA
4578,204,19,"MNAR",FALSE,"F1",1000,0.5,0.3,50419,"6fddd79","HEAD","totoro","fixed_1",TRUE,367.069,0.901885162819674,0.917221949520483,-0.0153367867008096,0.65,0.75,FALSE,NA
4579,205,19,"MNAR",FALSE,"F2",1000,0.5,0.3,50519,"6fddd79","HEAD","totoro","fixed_1",TRUE,373.776,0.908596061034335,0.937822042435349,-0.029225981401014,0.4875,0.5,FALSE,NA
4580,206,19,"MNAR",FALSE,"F3",1000,0.5,0.3,50619,"6fddd79","HEAD","totoro","fixed_1",TRUE,337.703,0.67772650497547,0.674103316767063,0.00362318820840701,0,0,TRUE,NA
4581,207,19,"MNAR",FALSE,"F1",100,1,0.3,50719,"6fddd79","HEAD","totoro","fixed_1",TRUE,78.946,0.534249489343259,0.541599828779687,-0.00735033943642849,0.25,0.25,FALSE,NA
4582,208,19,"MNAR",FALSE,"F2",100,1,0.3,50819,"6fddd79","HEAD","totoro","fixed_1",TRUE,76.204,0.958743586416347,0.972701764572829,-0.013958178156482,0.175,0.25,FALSE,NA
4583,209,19,"MNAR",FALSE,"F3",100,1,0.3,50919,"6fddd79","HEAD","totoro","fixed_1",TRUE,76.332,0.680435370342058,0.704424100605606,-0.0239887302635475,0.166666666666667,0.166666666666667,FALSE,NA
4584,210,19,"MNAR",FALSE,"F1",300,1,0.3,51019,"6fddd79","HEAD","totoro","fixed_1",TRUE,99.156,0.560877314463429,0.564247365694704,-0.00337005123127532,0.5,0.5,FALSE,NA
4585,211,19,"MNAR",FALSE,"F2",300,1,0.3,51119,"6fddd79","HEAD","totoro","fixed_1",TRUE,93.929,0.619363187510729,0.635861903851198,-0.0164987163404688,0.632236842105263,1,FALSE,NA
4586,212,19,"MNAR",FALSE,"F3",300,1,0.3,51219,"6fddd79","HEAD","totoro","fixed_1",TRUE,98.332,0.427811600034011,0.427589694955883,0.000221905078128803,0.214035087719298,0.333333333333333,TRUE,NA
4587,213,19,"MNAR",FALSE,"F1",1000,1,0.3,51319,"6fddd79","HEAD","totoro","fixed_1",TRUE,360.169,0.457773041107088,0.459855759470002,-0.00208271836291396,0.1,0.5,FALSE,NA
4588,214,19,"MNAR",FALSE,"F2",1000,1,0.3,51419,"6fddd79","HEAD","totoro","fixed_1",TRUE,335.413,0.574855193790916,0.597926563997232,-0.023071370206316,0.225,0.25,FALSE,NA
4589,215,19,"MNAR",FALSE,"F3",1000,1,0.3,51519,"6fddd79","HEAD","totoro","fixed_1",TRUE,340.097,0.427159459256654,0.427159460602396,-1.34574257293352e-09,0,0,FALSE,NA
4590,216,19,"MNAR",FALSE,"F1",100,0.2,0.5,51619,"6fddd79","HEAD","totoro","fixed_1",TRUE,81.177,0.849814867518135,0.84011651305528,0.00969835446285561,0.25,0.25,TRUE,NA
4591,217,19,"MNAR",FALSE,"F2",100,0.2,0.5,51719,"6fddd79","HEAD","totoro","fixed_1",TRUE,72.593,1.04556660119969,1.01727343784611,0.0282931633535826,0,0,TRUE,NA
4592,218,19,"MNAR",FALSE,"F3",100,0.2,0.5,51819,"6fddd79","HEAD","totoro","fixed_1",TRUE,74.658,0.590509519566377,0.610095107641973,-0.0195855880755962,0,0,TRUE,NA
4593,219,19,"MNAR",FALSE,"F1",300,0.2,0.5,51919,"6fddd79","HEAD","totoro","fixed_1",TRUE,94.684,1.15006185336578,1.13508540273838,0.0149764506274015,0.7,0.75,FALSE,NA
4594,220,19,"MNAR",FALSE,"F2",300,0.2,0.5,52019,"6fddd79","HEAD","totoro","fixed_1",TRUE,90.991,1.01245601262875,1.00022322896579,0.0122327836629648,0.3375,0.5,TRUE,NA
4595,221,19,"MNAR",FALSE,"F3",300,0.2,0.5,52119,"6fddd79","HEAD","totoro","fixed_1",TRUE,97.217,0.750178226911158,0.767876545241822,-0.0176983183306644,0,0,TRUE,NA
4596,222,19,"MNAR",FALSE,"F1",1000,0.2,0.5,52219,"6fddd79","HEAD","totoro","fixed_1",TRUE,274.625,0.952978197220695,0.939433074366481,0.0135451228542136,0.25,0.25,TRUE,NA
4597,223,19,"MNAR",FALSE,"F2",1000,0.2,0.5,52319,"6fddd79","HEAD","totoro","fixed_1",TRUE,259.088,0.976647792442405,0.965177780088171,0.0114700123542337,0.175,0.25,TRUE,NA
4598,224,19,"MNAR",FALSE,"F3",1000,0.2,0.5,52419,"6fddd79","HEAD","totoro","fixed_1",TRUE,262.504,0.632042848020866,0.635801130840683,-0.00375828281981638,0.111111111111111,0.166666666666667,TRUE,NA
4599,225,19,"MNAR",FALSE,"F1",100,0.5,0.5,52519,"6fddd79","HEAD","totoro","fixed_1",TRUE,69.73,1.13311639111144,1.16458882118963,-0.031472430078189,0,0,TRUE,NA
4600,226,19,"MNAR",FALSE,"F2",100,0.5,0.5,52619,"6fddd79","HEAD","totoro","fixed_1",TRUE,72.675,0.587279834205859,0.650617986544117,-0.0633381523382586,0.3625,0.5,FALSE,NA
4601,227,19,"MNAR",FALSE,"F3",100,0.5,0.5,52719,"6fddd79","HEAD","totoro","fixed_1",TRUE,71.751,0.648813456802219,0.686271993831533,-0.0374585370293145,0,0,TRUE,NA
4602,228,19,"MNAR",FALSE,"F1",300,0.5,0.5,52819,"6fddd79","HEAD","totoro","fixed_1",TRUE,88.913,0.96045187476973,0.930578852187641,0.0298730225820887,0,0,TRUE,NA
4603,229,19,"MNAR",FALSE,"F2",300,0.5,0.5,52919,"6fddd79","HEAD","totoro","fixed_1",TRUE,85.227,0.893401832434135,0.904049220721715,-0.0106473882875805,0.25,0.25,TRUE,NA
4604,230,19,"MNAR",FALSE,"F3",300,0.5,0.5,53019,"6fddd79","HEAD","totoro","fixed_1",TRUE,89.677,0.651637436593645,0.685728345339291,-0.0340909087456467,0,0,TRUE,NA
4605,231,19,"MNAR",FALSE,"F1",1000,0.5,0.5,53119,"6fddd79","HEAD","totoro","fixed_1",TRUE,269.029,0.935454361208187,0.935454361236372,-2.81843437477391e-11,0,0,FALSE,NA
4606,232,19,"MNAR",FALSE,"F2",1000,0.5,0.5,53219,"6fddd79","HEAD","totoro","fixed_1",TRUE,251.07,0.699606392359534,0.7205773452203,-0.0209709528607654,0.5,0.5,FALSE,NA
4607,233,19,"MNAR",FALSE,"F3",1000,0.5,0.5,53319,"6fddd79","HEAD","totoro","fixed_1",TRUE,279.102,0.62135146245258,0.645996348014536,-0.0246448855619563,0,0,TRUE,NA
4608,234,19,"MNAR",FALSE,"F1",100,1,0.5,53419,"6fddd79","HEAD","totoro","fixed_1",TRUE,78.998,0.433099065547645,0.44218149874376,-0.00908243319611507,0.25,0.25,FALSE,NA
4609,235,19,"MNAR",FALSE,"F2",100,1,0.5,53519,"6fddd79","HEAD","totoro","fixed_1",TRUE,71.374,0.725143092126569,0.701579831842287,0.0235632602842812,0.225,0.25,FALSE,NA
4610,236,19,"MNAR",FALSE,"F3",100,1,0.5,53619,"6fddd79","HEAD","totoro","fixed_1",TRUE,74.111,0.598225864149775,0.551234151160301,0.0469917129894736,0,0,TRUE,NA
4611,237,19,"MNAR",FALSE,"F1",300,1,0.5,53719,"6fddd79","HEAD","totoro","fixed_1",TRUE,84.286,0.499814914686185,0.501952738764584,-0.00213782407839896,0.680555555555556,0.75,FALSE,NA
4612,238,19,"MNAR",FALSE,"F2",300,1,0.5,53819,"6fddd79","HEAD","totoro","fixed_1",TRUE,86.656,0.558792013743611,0.579350546178088,-0.0205585324344764,0.25,0.25,FALSE,NA
4613,239,19,"MNAR",FALSE,"F3",300,1,0.5,53919,"6fddd79","HEAD","totoro","fixed_1",TRUE,92.833,0.560798139350619,0.590429988054228,-0.0296318487036089,0.239912280701754,0.666666666666667,TRUE,NA
4614,240,19,"MNAR",FALSE,"F1",1000,1,0.5,54019,"6fddd79","HEAD","totoro","fixed_1",TRUE,283.552,0.50583214303928,0.505832144499733,-1.46045298077269e-09,0,0,FALSE,NA
4615,241,19,"MNAR",FALSE,"F2",1000,1,0.5,54119,"6fddd79","HEAD","totoro","fixed_1",TRUE,295.222,0.571304813193298,0.583130371871821,-0.0118255586785229,0.4625,0.75,FALSE,NA
4616,242,19,"MNAR",FALSE,"F3",1000,1,0.5,54219,"6fddd79","HEAD","totoro","fixed_1",TRUE,266.198,0.496995914445251,0.501026825738028,-0.00403091129277688,0.144444444444444,0.166666666666667,TRUE,NA
4779,162,20,"MNAR",FALSE,"F1",100,0.2,0.1,46220,"6fddd79","HEAD","totoro","fixed_1",TRUE,71.187,1.04627589598421,1.0662779500676,-0.0200020540833905,0.25,0.25,TRUE,NA
4780,163,20,"MNAR",FALSE,"F2",100,0.2,0.1,46320,"6fddd79","HEAD","totoro","fixed_1",TRUE,80.251,0.805785526282921,0.896972141370944,-0.0911866150880234,0.5,0.5,TRUE,NA
4781,164,20,"MNAR",FALSE,"F3",100,0.2,0.1,46420,"6fddd79","HEAD","totoro","fixed_1",TRUE,75.002,0.636213500472125,0.664789392221418,-0.0285758917492935,0.0666666666666667,0.166666666666667,TRUE,NA
4782,165,20,"MNAR",FALSE,"F1",300,0.2,0.1,46520,"6fddd79","HEAD","totoro","fixed_1",TRUE,100.439,0.989790598497479,0.993698640975558,-0.00390804247807852,0.5,0.5,TRUE,NA
4783,166,20,"MNAR",FALSE,"F2",300,0.2,0.1,46620,"6fddd79","HEAD","totoro","fixed_1",TRUE,97.46,0.920271191269605,0.926766771215868,-0.00649557994626326,0.25,0.25,TRUE,NA
4784,167,20,"MNAR",FALSE,"F3",300,0.2,0.1,46720,"6fddd79","HEAD","totoro","fixed_1",TRUE,103.029,0.772081346098125,0.710327281780065,0.0617540643180597,0,0,TRUE,NA
4785,168,20,"MNAR",FALSE,"F1",1000,0.2,0.1,46820,"6fddd79","HEAD","totoro","fixed_1",TRUE,474.535,0.945573973291029,0.948867822185714,-0.00329384889468476,0.25,0.25,FALSE,NA
4786,169,20,"MNAR",FALSE,"F2",1000,0.2,0.1,46920,"6fddd79","HEAD","totoro","fixed_1",TRUE,520.053,0.937233840418583,0.956079175252868,-0.0188453348342851,0.616666666666667,0.75,FALSE,NA
4787,170,20,"MNAR",FALSE,"F3",1000,0.2,0.1,47020,"6fddd79","HEAD","totoro","fixed_1",TRUE,501.669,0.693574187912282,0.708037364689852,-0.0144631767775695,0.15625,0.166666666666667,FALSE,NA
4788,171,20,"MNAR",FALSE,"F1",100,0.5,0.1,47120,"6fddd79","HEAD","totoro","fixed_1",TRUE,73.33,0.83703741733246,0.915970413825717,-0.0789329964932569,0.25,0.25,TRUE,NA
4789,172,20,"MNAR",FALSE,"F2",100,0.5,0.1,47220,"6fddd79","HEAD","totoro","fixed_1",TRUE,72.461,0.714548540507201,0.79531777374218,-0.0807692332349796,0.75,0.75,FALSE,NA
4790,173,20,"MNAR",FALSE,"F3",100,0.5,0.1,47320,"6fddd79","HEAD","totoro","fixed_1",TRUE,75.632,0.711554539886997,0.68159633644368,0.0299582034433171,0,0,TRUE,NA
4791,174,20,"MNAR",FALSE,"F1",300,0.5,0.1,47420,"6fddd79","HEAD","totoro","fixed_1",TRUE,98.776,0.792772741661385,0.795435656803759,-0.00266291514237416,0.453125,0.5,FALSE,NA
4792,175,20,"MNAR",FALSE,"F2",300,0.5,0.1,47520,"6fddd79","HEAD","totoro","fixed_1",TRUE,95,0.942143649906057,1.04246764838114,-0.100323998475084,0.75,0.75,TRUE,NA
4793,176,20,"MNAR",FALSE,"F3",300,0.5,0.1,47620,"6fddd79","HEAD","totoro","fixed_1",TRUE,100.696,0.594947432227807,0.5960500633865,-0.00110263115869269,0.208333333333333,0.333333333333333,FALSE,NA
4794,177,20,"MNAR",FALSE,"F1",1000,0.5,0.1,47720,"6fddd79","HEAD","totoro","fixed_1",TRUE,505.686,0.800808125496028,0.80080812582099,-3.24961502151666e-10,0,0,FALSE,NA
4795,178,20,"MNAR",FALSE,"F2",1000,0.5,0.1,47820,"6fddd79","HEAD","totoro","fixed_1",TRUE,524.255,0.817909484612511,0.86892687350673,-0.051017388894219,0.5,0.5,FALSE,NA
4796,179,20,"MNAR",FALSE,"F3",1000,0.5,0.1,47920,"6fddd79","HEAD","totoro","fixed_1",TRUE,484.505,0.638124627252556,0.656699796528642,-0.018575169276086,0.42156862745098,0.833333333333333,FALSE,NA
4797,180,20,"MNAR",FALSE,"F1",100,1,0.1,48020,"6fddd79","HEAD","totoro","fixed_1",TRUE,73.816,0.527734771639398,0.505955530059787,0.0217792415796103,0.296052631578947,0.5,FALSE,NA
4798,181,20,"MNAR",FALSE,"F2",100,1,0.1,48120,"6fddd79","HEAD","totoro","fixed_1",TRUE,68.984,0.585818359748738,0.689759197795079,-0.103940838046341,0.448684210526316,0.5,FALSE,NA
4799,182,20,"MNAR",FALSE,"F3",100,1,0.1,48220,"6fddd79","HEAD","totoro","fixed_1",TRUE,79.374,0.440546650405685,0.450355787693552,-0.00980913728786659,0.166666666666667,0.166666666666667,FALSE,NA
4800,183,20,"MNAR",FALSE,"F1",300,1,0.1,48320,"6fddd79","HEAD","totoro","fixed_1",TRUE,105.698,0.428293358530131,0.426370855262419,0.00192250326771176,0.2,0.25,FALSE,NA
4801,184,20,"MNAR",FALSE,"F2",300,1,0.1,48420,"6fddd79","HEAD","totoro","fixed_1",TRUE,92.569,0.60614041421895,0.64266540240326,-0.0365249881843098,0.7,0.75,FALSE,NA
4802,185,20,"MNAR",FALSE,"F3",300,1,0.1,48520,"6fddd79","HEAD","totoro","fixed_1",TRUE,99.01,0.576570397975466,0.53233752336141,0.0442328746140564,0.166666666666667,0.166666666666667,TRUE,NA
4803,186,20,"MNAR",FALSE,"F1",1000,1,0.1,48620,"6fddd79","HEAD","totoro","fixed_1",TRUE,556.349,0.508319121786577,0.509082283958522,-0.000763162171945497,0.0875,0.25,FALSE,NA
4804,187,20,"MNAR",FALSE,"F2",1000,1,0.1,48720,"6fddd79","HEAD","totoro","fixed_1",TRUE,572.695,0.568942253075886,0.603395779166527,-0.0344535260906411,0.4125,0.75,FALSE,NA
4805,188,20,"MNAR",FALSE,"F3",1000,1,0.1,48820,"6fddd79","HEAD","totoro","fixed_1",TRUE,516.836,0.501275891184945,0.521621846200688,-0.0203459550157435,0.0087719298245614,0.166666666666667,FALSE,NA
4806,189,20,"MNAR",FALSE,"F1",100,0.2,0.3,48920,"6fddd79","HEAD","totoro","fixed_1",TRUE,72.678,1.07380619511826,1.01011259851153,0.0636935966067345,0.144736842105263,0.25,TRUE,NA
4807,190,20,"MNAR",FALSE,"F2",100,0.2,0.3,49020,"6fddd79","HEAD","totoro","fixed_1",TRUE,68.359,0.811891271453095,0.826061447157531,-0.0141701757044355,0,0,TRUE,NA
4808,191,20,"MNAR",FALSE,"F3",100,0.2,0.3,49120,"6fddd79","HEAD","totoro","fixed_1",TRUE,76.712,0.957775931239329,0.953761575508162,0.00401435573116693,0,0,TRUE,NA
4809,192,20,"MNAR",FALSE,"F1",300,0.2,0.3,49220,"6fddd79","HEAD","totoro","fixed_1",TRUE,87.874,0.958324093468243,0.972881573023575,-0.0145574795553324,0.25,0.25,FALSE,NA
4810,193,20,"MNAR",FALSE,"F2",300,0.2,0.3,49320,"6fddd79","HEAD","totoro","fixed_1",TRUE,93.35,0.976406215581118,1.03912359167163,-0.062717376090516,0.25,0.25,TRUE,NA
4811,194,20,"MNAR",FALSE,"F3",300,0.2,0.3,49420,"6fddd79","HEAD","totoro","fixed_1",TRUE,90.527,0.683177805442123,0.699318395542599,-0.0161405901004764,0,0,TRUE,NA
4812,195,20,"MNAR",FALSE,"F1",1000,0.2,0.3,49520,"6fddd79","HEAD","totoro","fixed_1",TRUE,366.289,0.97428840921894,0.978823377916959,-0.00453496869801917,0.25,0.25,FALSE,NA
4813,196,20,"MNAR",FALSE,"F2",1000,0.2,0.3,49620,"6fddd79","HEAD","totoro","fixed_1",TRUE,343.891,0.90634072796842,0.953958074829333,-0.0476173468609137,0.75,0.75,TRUE,NA
4814,197,20,"MNAR",FALSE,"F3",1000,0.2,0.3,49720,"6fddd79","HEAD","totoro","fixed_1",TRUE,352.712,0.775149502366001,0.796323380657565,-0.021173878291564,0,0,TRUE,NA
4815,198,20,"MNAR",FALSE,"F1",100,0.5,0.3,49820,"6fddd79","HEAD","totoro","fixed_1",TRUE,71.968,0.878881482484277,0.860507311988418,0.0183741704958591,0,0,FALSE,NA
4816,199,20,"MNAR",FALSE,"F2",100,0.5,0.3,49920,"6fddd79","HEAD","totoro","fixed_1",TRUE,69.777,0.861210628026699,0.843857586430631,0.0173530415960682,0.25,0.25,TRUE,NA
4817,200,20,"MNAR",FALSE,"F3",100,0.5,0.3,50020,"6fddd79","HEAD","totoro","fixed_1",TRUE,76.002,0.803945648836422,0.940784386861886,-0.136838738025465,0.233333333333333,0.666666666666667,TRUE,NA
4818,201,20,"MNAR",FALSE,"F1",300,0.5,0.3,50120,"6fddd79","HEAD","totoro","fixed_1",TRUE,89.102,0.881970438981564,0.910395653861259,-0.0284252148796956,0.25,0.25,FALSE,NA
4819,202,20,"MNAR",FALSE,"F2",300,0.5,0.3,50220,"6fddd79","HEAD","totoro","fixed_1",TRUE,85.232,0.724736875803474,0.74550373691782,-0.020766861114346,0.5,0.5,FALSE,NA
4820,203,20,"MNAR",FALSE,"F3",300,0.5,0.3,50320,"6fddd79","HEAD","totoro","fixed_1",TRUE,90.776,0.596642373525638,0.614489794874835,-0.0178474213491973,0,0,TRUE,NA
4821,204,20,"MNAR",FALSE,"F1",1000,0.5,0.3,50420,"6fddd79","HEAD","totoro","fixed_1",TRUE,349.73,0.952284275735547,0.953260960185621,-0.000976684450073706,0,0,FALSE,NA
4822,205,20,"MNAR",FALSE,"F2",1000,0.5,0.3,50520,"6fddd79","HEAD","totoro","fixed_1",TRUE,363.825,0.795658083381608,0.809132005357234,-0.0134739219756258,0.473684210526316,0.5,FALSE,NA
4823,206,20,"MNAR",FALSE,"F3",1000,0.5,0.3,50620,"6fddd79","HEAD","totoro","fixed_1",TRUE,343.084,0.565788627518449,0.565456681097513,0.00033194642093648,0.141666666666667,0.166666666666667,FALSE,NA
4824,207,20,"MNAR",FALSE,"F1",100,1,0.3,50720,"6fddd79","HEAD","totoro","fixed_1",TRUE,75.063,0.495636324896306,0.49486922953482,0.000767095361486003,0.319444444444444,0.5,FALSE,NA
4825,208,20,"MNAR",FALSE,"F2",100,1,0.3,50820,"6fddd79","HEAD","totoro","fixed_1",TRUE,73.789,0.858453324782224,0.853862690357421,0.00459063442480323,0,0,FALSE,NA
4826,209,20,"MNAR",FALSE,"F3",100,1,0.3,50920,"6fddd79","HEAD","totoro","fixed_1",TRUE,69.718,0.495789181366765,0.437534041219649,0.0582551401471162,0,0,TRUE,NA
4827,210,20,"MNAR",FALSE,"F1",300,1,0.3,51020,"6fddd79","HEAD","totoro","fixed_1",TRUE,97.977,0.577426740176741,0.563111319350572,0.0143154208261688,0.2,0.25,FALSE,NA
4828,211,20,"MNAR",FALSE,"F2",300,1,0.3,51120,"6fddd79","HEAD","totoro","fixed_1",TRUE,90.624,0.787592671401813,0.838894960964581,-0.0513022895627681,0.486111111111111,0.5,FALSE,NA
4829,212,20,"MNAR",FALSE,"F3",300,1,0.3,51220,"6fddd79","HEAD","totoro","fixed_1",TRUE,99.127,0.563419733420731,0.564893177578571,-0.00147344415784045,0.142857142857143,0.166666666666667,FALSE,NA
4830,213,20,"MNAR",FALSE,"F1",1000,1,0.3,51320,"6fddd79","HEAD","totoro","fixed_1",TRUE,342.193,0.50816846633313,0.508168467838543,-1.5054121282887e-09,0,0,FALSE,NA
4831,214,20,"MNAR",FALSE,"F2",1000,1,0.3,51420,"6fddd79","HEAD","totoro","fixed_1",TRUE,352.381,0.545545823817578,0.552288803168389,-0.00674297935081081,0.505263157894737,0.75,FALSE,NA
4832,215,20,"MNAR",FALSE,"F3",1000,1,0.3,51520,"6fddd79","HEAD","totoro","fixed_1",TRUE,348.073,0.519691810562676,0.514197305076861,0.00549450548581532,0.05,0.5,FALSE,NA
4833,216,20,"MNAR",FALSE,"F1",100,0.2,0.5,51620,"6fddd79","HEAD","totoro","fixed_1",TRUE,74.915,0.867506951153295,0.846020419207193,0.0214865319461028,0.1,0.25,TRUE,NA
4834,217,20,"MNAR",FALSE,"F2",100,0.2,0.5,51720,"6fddd79","HEAD","totoro","fixed_1",TRUE,79.474,0.865217438852361,0.857555935572617,0.00766150327974457,0,0,TRUE,NA
4835,218,20,"MNAR",FALSE,"F3",100,0.2,0.5,51820,"6fddd79","HEAD","totoro","fixed_1",TRUE,75.391,0.718711987148455,0.721541779559812,-0.00282979241135706,0,0,TRUE,NA
4836,219,20,"MNAR",FALSE,"F1",300,0.2,0.5,51920,"6fddd79","HEAD","totoro","fixed_1",TRUE,92.899,0.798519924228422,0.775878807202382,0.0226411170260398,0.25,0.25,TRUE,NA
4837,220,20,"MNAR",FALSE,"F2",300,0.2,0.5,52020,"6fddd79","HEAD","totoro","fixed_1",TRUE,97.731,0.928248986733041,0.946302476593541,-0.0180534898604996,0.25,0.25,TRUE,NA
4838,221,20,"MNAR",FALSE,"F3",300,0.2,0.5,52120,"6fddd79","HEAD","totoro","fixed_1",TRUE,92.203,0.684950538464098,0.687836045828278,-0.00288550736417981,0,0,TRUE,NA
4839,222,20,"MNAR",FALSE,"F1",1000,0.2,0.5,52220,"6fddd79","HEAD","totoro","fixed_1",TRUE,284.681,0.93988145292554,0.9520157242637,-0.0121342713381597,0.5,0.5,FALSE,NA
4840,223,20,"MNAR",FALSE,"F2",1000,0.2,0.5,52320,"6fddd79","HEAD","totoro","fixed_1",TRUE,282.136,0.921910421892501,0.955806700407543,-0.033896278515042,0.75,0.75,FALSE,NA
4841,224,20,"MNAR",FALSE,"F3",1000,0.2,0.5,52420,"6fddd79","HEAD","totoro","fixed_1",TRUE,289.908,0.70318384929608,0.706874072508427,-0.00369022321234624,0.166666666666667,0.166666666666667,TRUE,NA
4842,225,20,"MNAR",FALSE,"F1",100,0.5,0.5,52520,"6fddd79","HEAD","totoro","fixed_1",TRUE,72.753,0.805067192958365,0.812543640156495,-0.00747644719813034,0.3625,0.5,TRUE,NA
4843,226,20,"MNAR",FALSE,"F2",100,0.5,0.5,52620,"6fddd79","HEAD","totoro","fixed_1",TRUE,77.222,0.911297524104194,0.936151163052412,-0.0248536389482177,0.25,0.25,FALSE,NA
4844,227,20,"MNAR",FALSE,"F3",100,0.5,0.5,52720,"6fddd79","HEAD","totoro","fixed_1",TRUE,76.747,0.433497320374656,0.456534126671265,-0.0230368062966091,0,0,TRUE,NA
4845,228,20,"MNAR",FALSE,"F1",300,0.5,0.5,52820,"6fddd79","HEAD","totoro","fixed_1",TRUE,93.071,0.812032257935395,0.787455794345646,0.0245764635897489,0,0,TRUE,NA
4846,229,20,"MNAR",FALSE,"F2",300,0.5,0.5,52920,"6fddd79","HEAD","totoro","fixed_1",TRUE,93.964,0.746610458748159,0.809670860936888,-0.0630604021887291,0.5625,0.75,FALSE,NA
4847,230,20,"MNAR",FALSE,"F3",300,0.5,0.5,53020,"6fddd79","HEAD","totoro","fixed_1",TRUE,100.118,0.5598214304964,0.567151031878351,-0.00732960138195138,0.333333333333333,0.333333333333333,TRUE,NA
4848,231,20,"MNAR",FALSE,"F1",1000,0.5,0.5,53120,"6fddd79","HEAD","totoro","fixed_1",TRUE,282.365,0.833227658137995,0.833227658425159,-2.87163959278303e-10,0,0,FALSE,NA
4849,232,20,"MNAR",FALSE,"F2",1000,0.5,0.5,53220,"6fddd79","HEAD","totoro","fixed_1",TRUE,277.19,0.901171757266587,0.919578879498824,-0.0184071222322367,0.5125,0.75,FALSE,NA
4850,233,20,"MNAR",FALSE,"F3",1000,0.5,0.5,53320,"6fddd79","HEAD","totoro","fixed_1",TRUE,266.495,0.630346882171906,0.630346880901921,1.26998589422556e-09,0,0,FALSE,NA
4851,234,20,"MNAR",FALSE,"F1",100,1,0.5,53420,"6fddd79","HEAD","totoro","fixed_1",TRUE,81.456,0.601795596588395,0.601795593662045,2.92634971810202e-09,0,0,FALSE,NA
4852,235,20,"MNAR",FALSE,"F2",100,1,0.5,53520,"6fddd79","HEAD","totoro","fixed_1",TRUE,78.994,1.1127154867402,1.06169104589395,0.0510244408462466,0.144736842105263,0.25,TRUE,NA
4853,236,20,"MNAR",FALSE,"F3",100,1,0.5,53620,"6fddd79","HEAD","totoro","fixed_1",TRUE,78.597,0.520155380019925,0.4761301460721,0.0440252339478252,0.166666666666667,0.166666666666667,TRUE,NA
4854,237,20,"MNAR",FALSE,"F1",300,1,0.5,53720,"6fddd79","HEAD","totoro","fixed_1",TRUE,97.573,0.716603754450357,0.698767784511213,0.0178359699391435,0,0,FALSE,NA
4855,238,20,"MNAR",FALSE,"F2",300,1,0.5,53820,"6fddd79","HEAD","totoro","fixed_1",TRUE,97.81,0.397547264086459,0.395786228800941,0.00176103528551835,0.1125,0.25,FALSE,NA
4856,239,20,"MNAR",FALSE,"F3",300,1,0.5,53920,"6fddd79","HEAD","totoro","fixed_1",TRUE,93.199,0.64427419138963,0.586641597981161,0.0576325934084682,0.0789473684210526,0.166666666666667,TRUE,NA
4857,240,20,"MNAR",FALSE,"F1",1000,1,0.5,54020,"6fddd79","HEAD","totoro","fixed_1",TRUE,287.211,0.543071886578108,0.545184153959545,-0.00211226738143744,0.175,0.25,FALSE,NA
4858,241,20,"MNAR",FALSE,"F2",1000,1,0.5,54120,"6fddd79","HEAD","totoro","fixed_1",TRUE,289.164,0.643019263052183,0.649571497579279,-0.00655223452709597,0.45,0.5,FALSE,NA
4859,242,20,"MNAR",FALSE,"F3",1000,1,0.5,54220,"6fddd79","HEAD","totoro","fixed_1",TRUE,289.371,0.456412542260015,0.458041726161933,-0.00162918390191874,0.0925925925925926,0.166666666666667,FALSE,NA
5022,162,21,"MNAR",FALSE,"F1",100,0.2,0.1,46221,"6fddd79","HEAD","totoro","fixed_1",TRUE,83.093,0.900318071709343,0.893839603499429,0.00647846820991393,0.5,0.5,TRUE,NA
5023,163,21,"MNAR",FALSE,"F2",100,0.2,0.1,46321,"6fddd79","HEAD","totoro","fixed_1",TRUE,91.032,0.78468906836326,0.793089167637945,-0.00840009927468488,0.25,0.25,TRUE,NA
5024,164,21,"MNAR",FALSE,"F3",100,0.2,0.1,46421,"6fddd79","HEAD","totoro","fixed_1",TRUE,81.88,0.65706547935069,0.664000173805523,-0.0069346944548333,0,0,TRUE,NA
5025,165,21,"MNAR",FALSE,"F1",300,0.2,0.1,46521,"6fddd79","HEAD","totoro","fixed_1",TRUE,104.62,1.10405787964153,1.10002113491004,0.00403674473148885,0.5,0.5,TRUE,NA
5026,166,21,"MNAR",FALSE,"F2",300,0.2,0.1,46621,"6fddd79","HEAD","totoro","fixed_1",TRUE,110.718,0.967579723242062,1.02301230293149,-0.055432579689432,0.75,0.75,TRUE,NA
5027,167,21,"MNAR",FALSE,"F3",300,0.2,0.1,46721,"6fddd79","HEAD","totoro","fixed_1",TRUE,104.553,0.781736775569843,0.713669946802663,0.0680668287671804,0,0,TRUE,NA
5028,168,21,"MNAR",FALSE,"F1",1000,0.2,0.1,46821,"6fddd79","HEAD","totoro","fixed_1",TRUE,530.552,1.00456441387311,1.01000227519971,-0.0054378613265964,0.25,0.25,FALSE,NA
5029,169,21,"MNAR",FALSE,"F2",1000,0.2,0.1,46921,"6fddd79","HEAD","totoro","fixed_1",TRUE,516.21,0.900747104231515,0.936913561546829,-0.0361664573153148,0.6875,0.75,FALSE,NA
5030,170,21,"MNAR",FALSE,"F3",1000,0.2,0.1,47021,"6fddd79","HEAD","totoro","fixed_1",TRUE,557.57,0.773801086524037,0.782300410174477,-0.00849932365043959,0.225,0.333333333333333,TRUE,NA
5031,171,21,"MNAR",FALSE,"F1",100,0.5,0.1,47121,"6fddd79","HEAD","totoro","fixed_1",TRUE,86.843,1.00913966447795,1.00913966662979,-2.15184181584505e-09,0,0,FALSE,NA
5032,172,21,"MNAR",FALSE,"F2",100,0.5,0.1,47221,"6fddd79","HEAD","totoro","fixed_1",TRUE,82.604,1.055679659803,1.02653117126453,0.0291484885384701,0.2375,0.25,TRUE,NA
5033,173,21,"MNAR",FALSE,"F3",100,0.5,0.1,47321,"6fddd79","HEAD","totoro","fixed_1",TRUE,84.402,0.763943577492286,0.863943577232172,-0.0999999997398857,0,0,TRUE,NA
5034,174,21,"MNAR",FALSE,"F1",300,0.5,0.1,47421,"6fddd79","HEAD","totoro","fixed_1",TRUE,100.588,0.889848702916869,0.902621924574786,-0.0127732216579172,0.6,0.75,FALSE,NA
5035,175,21,"MNAR",FALSE,"F2",300,0.5,0.1,47521,"6fddd79","HEAD","totoro","fixed_1",TRUE,113.099,0.897313252271678,0.983305289443574,-0.0859920371718954,0.485294117647059,0.5,FALSE,NA
5036,176,21,"MNAR",FALSE,"F3",300,0.5,0.1,47621,"6fddd79","HEAD","totoro","fixed_1",TRUE,107.89,0.748815670719301,0.730322580307528,0.0184930904117734,0,0,TRUE,NA
5037,177,21,"MNAR",FALSE,"F1",1000,0.5,0.1,47721,"6fddd79","HEAD","totoro","fixed_1",TRUE,544.066,0.861848331257273,0.85597920337896,0.00586912787831373,0.2375,0.25,FALSE,NA
5038,178,21,"MNAR",FALSE,"F2",1000,0.5,0.1,47821,"6fddd79","HEAD","totoro","fixed_1",TRUE,487.577,0.813412289796366,0.843946419336809,-0.0305341295404429,0.65,0.75,FALSE,NA
5039,179,21,"MNAR",FALSE,"F3",1000,0.5,0.1,47921,"6fddd79","HEAD","totoro","fixed_1",TRUE,468.252,0.677455276262109,0.677455275427192,8.34917024405968e-10,0,0,FALSE,NA
5040,180,21,"MNAR",FALSE,"F1",100,1,0.1,48021,"6fddd79","HEAD","totoro","fixed_1",TRUE,85.869,0.46720331500871,0.466166700869831,0.00103661413887846,0.25,0.25,FALSE,NA
5041,181,21,"MNAR",FALSE,"F2",100,1,0.1,48121,"6fddd79","HEAD","totoro","fixed_1",TRUE,88.666,0.613094471048463,0.72608187524233,-0.112987404193867,0.658333333333333,1,FALSE,NA
5042,182,21,"MNAR",FALSE,"F3",100,1,0.1,48221,"6fddd79","HEAD","totoro","fixed_1",TRUE,84.483,0.659652203867709,0.571185863959635,0.0884663399080734,0.156862745098039,0.166666666666667,TRUE,NA
5043,183,21,"MNAR",FALSE,"F1",300,1,0.1,48321,"6fddd79","HEAD","totoro","fixed_1",TRUE,107.434,0.521791637597083,0.525443055582566,-0.00365141798548274,0.175,0.25,FALSE,NA
5044,184,21,"MNAR",FALSE,"F2",300,1,0.1,48421,"6fddd79","HEAD","totoro","fixed_1",TRUE,104.546,0.648967374905271,0.68042622267303,-0.031458847767759,0.4375,0.5,FALSE,NA
5045,185,21,"MNAR",FALSE,"F3",300,1,0.1,48521,"6fddd79","HEAD","totoro","fixed_1",TRUE,113.56,0.499155582843669,0.499155584396679,-1.55301055349e-09,0,0,FALSE,NA
5046,186,21,"MNAR",FALSE,"F1",1000,1,0.1,48621,"6fddd79","HEAD","totoro","fixed_1",TRUE,513.097,0.48522117072941,0.485688993005607,-0.000467822276197571,0.0625,0.25,FALSE,NA
5047,187,21,"MNAR",FALSE,"F2",1000,1,0.1,48721,"6fddd79","HEAD","totoro","fixed_1",TRUE,545.802,0.529936415681063,0.568574548267926,-0.0386381325868626,0.4625,0.5,FALSE,NA
5048,188,21,"MNAR",FALSE,"F3",1000,1,0.1,48821,"6fddd79","HEAD","totoro","fixed_1",TRUE,525,0.458397291130143,0.456239368253318,0.00215792287682509,0.216666666666667,0.666666666666667,FALSE,NA
5049,189,21,"MNAR",FALSE,"F1",100,0.2,0.3,48921,"6fddd79","HEAD","totoro","fixed_1",TRUE,78.564,1.05311158831793,1.05204241209926,0.00106917621866698,0.4875,0.5,TRUE,NA
5050,190,21,"MNAR",FALSE,"F2",100,0.2,0.3,49021,"6fddd79","HEAD","totoro","fixed_1",TRUE,83.902,0.961845331005134,0.973032741814111,-0.0111874108089773,0.5,0.5,TRUE,NA
5051,191,21,"MNAR",FALSE,"F3",100,0.2,0.3,49121,"6fddd79","HEAD","totoro","fixed_1",TRUE,86.949,0.649882976398825,0.719283527329278,-0.0694005509304526,0.333333333333333,0.333333333333333,TRUE,NA
5052,192,21,"MNAR",FALSE,"F1",300,0.2,0.3,49221,"6fddd79","HEAD","totoro","fixed_1",TRUE,99.754,0.94080273193599,0.957090842344594,-0.0162881104086038,0.2,0.25,TRUE,NA
5053,193,21,"MNAR",FALSE,"F2",300,0.2,0.3,49321,"6fddd79","HEAD","totoro","fixed_1",TRUE,105.277,0.853427429988173,0.908969088701203,-0.0555416587130306,0.416666666666667,0.5,FALSE,NA
5054,194,21,"MNAR",FALSE,"F3",300,0.2,0.3,49421,"6fddd79","HEAD","totoro","fixed_1",TRUE,102.972,0.708253361979093,0.682184407094125,0.026068954884968,0.166666666666667,0.166666666666667,TRUE,NA
5055,195,21,"MNAR",FALSE,"F1",1000,0.2,0.3,49521,"6fddd79","HEAD","totoro","fixed_1",TRUE,354.354,1.01173947588444,1.01684215203148,-0.00510267614703985,0.116666666666667,0.25,TRUE,NA
5056,196,21,"MNAR",FALSE,"F2",1000,0.2,0.3,49621,"6fddd79","HEAD","totoro","fixed_1",TRUE,335.691,0.889120598102332,0.936788684114349,-0.0476680860120162,0.75,0.75,FALSE,NA
5057,197,21,"MNAR",FALSE,"F3",1000,0.2,0.3,49721,"6fddd79","HEAD","totoro","fixed_1",TRUE,361.875,0.69419292893774,0.696442586539526,-0.00224965760178641,0.107142857142857,0.166666666666667,TRUE,NA
5058,198,21,"MNAR",FALSE,"F1",100,0.5,0.3,49821,"6fddd79","HEAD","totoro","fixed_1",TRUE,78.274,0.682996799279794,0.682969540516815,2.72587629788212e-05,0.25,0.25,FALSE,NA
5059,199,21,"MNAR",FALSE,"F2",100,0.5,0.3,49921,"6fddd79","HEAD","totoro","fixed_1",TRUE,74.893,0.705921280581683,0.711492073484999,-0.00557079290331608,0.5,0.5,TRUE,NA
5060,200,21,"MNAR",FALSE,"F3",100,0.5,0.3,50021,"6fddd79","HEAD","totoro","fixed_1",TRUE,82.538,0.742175756539048,0.767175756257832,-0.0249999997187839,0,0,TRUE,NA
5061,201,21,"MNAR",FALSE,"F1",300,0.5,0.3,50121,"6fddd79","HEAD","totoro","fixed_1",TRUE,97.012,0.798338088323109,0.787663155157179,0.0106749331659295,0.5,0.5,FALSE,NA
5062,202,21,"MNAR",FALSE,"F2",300,0.5,0.3,50221,"6fddd79","HEAD","totoro","fixed_1",TRUE,96.356,0.866784213656326,0.965513704930545,-0.0987294912742191,0.858333333333333,1,FALSE,NA
5063,203,21,"MNAR",FALSE,"F3",300,0.5,0.3,50321,"6fddd79","HEAD","totoro","fixed_1",TRUE,98.588,0.716610054547565,0.69795762659922,0.0186524279483445,0,0,TRUE,NA
5064,204,21,"MNAR",FALSE,"F1",1000,0.5,0.3,50421,"6fddd79","HEAD","totoro","fixed_1",TRUE,366.837,0.867354868445358,0.867354869246498,-8.01140265238587e-10,0,0,FALSE,NA
5065,205,21,"MNAR",FALSE,"F2",1000,0.5,0.3,50521,"6fddd79","HEAD","totoro","fixed_1",TRUE,369.773,0.837982199167321,0.856973174435436,-0.0189909752681148,0.25,0.25,FALSE,NA
5066,206,21,"MNAR",FALSE,"F3",1000,0.5,0.3,50621,"6fddd79","HEAD","totoro","fixed_1",TRUE,344.543,0.678651186606925,0.687271875900315,-0.00862068929338999,0,0,TRUE,NA
5067,207,21,"MNAR",FALSE,"F1",100,1,0.3,50721,"6fddd79","HEAD","totoro","fixed_1",TRUE,83.759,0.637830262796975,0.650283869062202,-0.0124536062652277,0.2125,0.25,FALSE,NA
5068,208,21,"MNAR",FALSE,"F2",100,1,0.3,50821,"6fddd79","HEAD","totoro","fixed_1",TRUE,78.326,1.02841177788939,0.984635291796102,0.0437764860932911,0.25,0.25,FALSE,NA
5069,209,21,"MNAR",FALSE,"F3",100,1,0.3,50921,"6fddd79","HEAD","totoro","fixed_1",TRUE,85.607,0.595516332672457,0.669030121057378,-0.0735137883849208,0,0,TRUE,NA
5070,210,21,"MNAR",FALSE,"F1",300,1,0.3,51021,"6fddd79","HEAD","totoro","fixed_1",TRUE,97.365,0.519309880280596,0.519309879745481,5.35115729505264e-10,0,0,FALSE,NA
5071,211,21,"MNAR",FALSE,"F2",300,1,0.3,51121,"6fddd79","HEAD","totoro","fixed_1",TRUE,97.872,0.631486291807229,0.659310690065762,-0.0278243982585329,0.378125,0.5,FALSE,NA
5072,212,21,"MNAR",FALSE,"F3",300,1,0.3,51221,"6fddd79","HEAD","totoro","fixed_1",TRUE,96.532,0.456165643133901,0.47229467403719,-0.0161290309032894,0,0,TRUE,NA
5073,213,21,"MNAR",FALSE,"F1",1000,1,0.3,51321,"6fddd79","HEAD","totoro","fixed_1",TRUE,392.42,0.465704275739734,0.466360282994504,-0.000656007254770552,0.025,0.25,FALSE,NA
5074,214,21,"MNAR",FALSE,"F2",1000,1,0.3,51421,"6fddd79","HEAD","totoro","fixed_1",TRUE,365.444,0.609076998704933,0.621391502215724,-0.0123145035107902,0.6125,0.75,FALSE,NA
5075,215,21,"MNAR",FALSE,"F3",1000,1,0.3,51521,"6fddd79","HEAD","totoro","fixed_1",TRUE,378.367,0.458990275232297,0.462213782078739,-0.00322350684644152,0.0526315789473684,0.166666666666667,FALSE,NA
5076,216,21,"MNAR",FALSE,"F1",100,0.2,0.5,51621,"6fddd79","HEAD","totoro","fixed_1",TRUE,79.775,1.09768907454506,1.07933241306492,0.0183566614801403,0,0,TRUE,NA
5077,217,21,"MNAR",FALSE,"F2",100,0.2,0.5,51721,"6fddd79","HEAD","totoro","fixed_1",TRUE,80.922,1.29403934853062,1.25553236433356,0.0385069841970676,0,0,TRUE,NA
5078,218,21,"MNAR",FALSE,"F3",100,0.2,0.5,51821,"6fddd79","HEAD","totoro","fixed_1",TRUE,80.423,0.761511951760781,0.718084482512772,0.0434274692480083,0.166666666666667,0.166666666666667,TRUE,NA
5079,219,21,"MNAR",FALSE,"F1",300,0.2,0.5,51921,"6fddd79","HEAD","totoro","fixed_1",TRUE,91.48,0.991632869163376,0.982479618728302,0.00915325043507409,0,0,TRUE,NA
5080,220,21,"MNAR",FALSE,"F2",300,0.2,0.5,52021,"6fddd79","HEAD","totoro","fixed_1",TRUE,88.679,1.26903745864424,1.2580288338887,0.0110086247555408,0.0961538461538461,0.25,TRUE,NA
5081,221,21,"MNAR",FALSE,"F3",300,0.2,0.5,52121,"6fddd79","HEAD","totoro","fixed_1",TRUE,92.738,0.696369509273663,0.710677853301506,-0.0143083440278426,0.166666666666667,0.166666666666667,TRUE,NA
5082,222,21,"MNAR",FALSE,"F1",1000,0.2,0.5,52221,"6fddd79","HEAD","totoro","fixed_1",TRUE,268.114,1.07307278026262,1.0742881147657,-0.00121533450308497,0.25,0.25,FALSE,NA
5083,223,21,"MNAR",FALSE,"F2",1000,0.2,0.5,52321,"6fddd79","HEAD","totoro","fixed_1",TRUE,268.561,0.890244872761668,0.934933745759937,-0.0446888729982696,0.75,0.75,TRUE,NA
5084,224,21,"MNAR",FALSE,"F3",1000,0.2,0.5,52421,"6fddd79","HEAD","totoro","fixed_1",TRUE,275.198,0.600363659975395,0.600363660292776,-3.17381010361828e-10,0,0,TRUE,NA
5085,225,21,"MNAR",FALSE,"F1",100,0.5,0.5,52521,"6fddd79","HEAD","totoro","fixed_1",TRUE,74.779,1.2209920746454,1.01592517523244,0.205066899412964,0,0,TRUE,NA
5086,226,21,"MNAR",FALSE,"F2",100,0.5,0.5,52621,"6fddd79","HEAD","totoro","fixed_1",TRUE,79.169,0.980625326842946,1.01966272616307,-0.0390373993201265,0.2875,0.5,TRUE,NA
5087,227,21,"MNAR",FALSE,"F3",100,0.5,0.5,52721,"6fddd79","HEAD","totoro","fixed_1",TRUE,83.169,0.671359797483936,0.629784917874444,0.0415748796094916,0.166666666666667,0.166666666666667,TRUE,NA
5088,228,21,"MNAR",FALSE,"F1",300,0.5,0.5,52821,"6fddd79","HEAD","totoro","fixed_1",TRUE,92.099,0.730069410901436,0.730069408281164,2.62027155528699e-09,0,0,FALSE,NA
5089,229,21,"MNAR",FALSE,"F2",300,0.5,0.5,52921,"6fddd79","HEAD","totoro","fixed_1",TRUE,92.266,0.725885074334257,0.749668467125867,-0.0237833927916106,0.430555555555556,0.5,FALSE,NA
5090,230,21,"MNAR",FALSE,"F3",300,0.5,0.5,53021,"6fddd79","HEAD","totoro","fixed_1",TRUE,94.071,0.682012363823479,0.732023990708548,-0.0500116268850684,0.333333333333333,0.333333333333333,TRUE,NA
5091,231,21,"MNAR",FALSE,"F1",1000,0.5,0.5,53121,"6fddd79","HEAD","totoro","fixed_1",TRUE,272.12,0.859598073350062,0.860361241067877,-0.000763167717814706,0.28125,0.5,FALSE,NA
5092,232,21,"MNAR",FALSE,"F2",1000,0.5,0.5,53221,"6fddd79","HEAD","totoro","fixed_1",TRUE,266.401,0.902454811679454,0.914859966100023,-0.0124051544205692,0.3,0.5,FALSE,NA
5093,233,21,"MNAR",FALSE,"F3",1000,0.5,0.5,53321,"6fddd79","HEAD","totoro","fixed_1",TRUE,261.59,0.610838168724141,0.612289493651646,-0.00145132492750544,0.166666666666667,0.166666666666667,TRUE,NA
5094,234,21,"MNAR",FALSE,"F1",100,1,0.5,53421,"6fddd79","HEAD","totoro","fixed_1",TRUE,75.762,0.601594653026751,0.600068487681426,0.00152616534532513,0.460526315789474,0.5,FALSE,NA
5095,235,21,"MNAR",FALSE,"F2",100,1,0.5,53521,"6fddd79","HEAD","totoro","fixed_1",TRUE,80.149,0.585200680454158,0.588727750022287,-0.00352706956812965,0.25,0.25,TRUE,NA
5096,236,21,"MNAR",FALSE,"F3",100,1,0.5,53621,"6fddd79","HEAD","totoro","fixed_1",TRUE,79.271,0.523156457353065,0.493981369146066,0.0291750882069985,0,0,TRUE,NA
5097,237,21,"MNAR",FALSE,"F1",300,1,0.5,53721,"6fddd79","HEAD","totoro","fixed_1",TRUE,91.648,0.652130183623497,0.663465318283612,-0.011335134660115,0.4625,0.5,FALSE,NA
5098,238,21,"MNAR",FALSE,"F2",300,1,0.5,53821,"6fddd79","HEAD","totoro","fixed_1",TRUE,94.123,0.679083077188635,0.715037609163169,-0.0359545319745342,0.4,0.5,TRUE,NA
5099,239,21,"MNAR",FALSE,"F3",300,1,0.5,53921,"6fddd79","HEAD","totoro","fixed_1",TRUE,95.178,0.507737315146154,0.467495089710474,0.0402422254356798,0.0666666666666667,0.166666666666667,TRUE,NA
5100,240,21,"MNAR",FALSE,"F1",1000,1,0.5,54021,"6fddd79","HEAD","totoro","fixed_1",TRUE,279.942,0.500841224327947,0.500841223227926,1.10002085218497e-09,0,0,FALSE,NA
5101,241,21,"MNAR",FALSE,"F2",1000,1,0.5,54121,"6fddd79","HEAD","totoro","fixed_1",TRUE,258.076,0.532957892344586,0.541347824205375,-0.00838993186078918,0.25,0.25,FALSE,NA
5102,242,21,"MNAR",FALSE,"F3",1000,1,0.5,54221,"6fddd79","HEAD","totoro","fixed_1",TRUE,279.796,0.55686175289825,0.562532905873549,-0.00567115297529863,0.0916666666666667,0.166666666666667,TRUE,NA
5265,162,22,"MNAR",FALSE,"F1",100,0.2,0.1,46222,"6fddd79","HEAD","totoro","fixed_1",TRUE,79.224,0.824057321453046,0.830345420762582,-0.00628809930953589,0,0,TRUE,NA
5266,163,22,"MNAR",FALSE,"F2",100,0.2,0.1,46322,"6fddd79","HEAD","totoro","fixed_1",TRUE,77.309,0.898344884698863,0.920802303960634,-0.022457419261771,0,0,TRUE,NA
5267,164,22,"MNAR",FALSE,"F3",100,0.2,0.1,46422,"6fddd79","HEAD","totoro","fixed_1",TRUE,76.219,0.721263773094881,0.653081954931053,0.0681818181638278,0,0,TRUE,NA
5268,165,22,"MNAR",FALSE,"F1",300,0.2,0.1,46522,"6fddd79","HEAD","totoro","fixed_1",TRUE,93.724,0.959420600312052,0.961143277998871,-0.00172267768681877,0.15,0.25,FALSE,NA
5269,166,22,"MNAR",FALSE,"F2",300,0.2,0.1,46622,"6fddd79","HEAD","totoro","fixed_1",TRUE,100.363,0.896747336575002,0.908940404270708,-0.0121930676957066,0.25,0.25,TRUE,NA
5270,167,22,"MNAR",FALSE,"F3",300,0.2,0.1,46722,"6fddd79","HEAD","totoro","fixed_1",TRUE,100.594,0.796297453066406,0.801015749260667,-0.0047182961942609,0,0,TRUE,NA
5271,168,22,"MNAR",FALSE,"F1",1000,0.2,0.1,46822,"6fddd79","HEAD","totoro","fixed_1",TRUE,538.365,0.923586662310111,0.925200701680756,-0.00161403937064442,0.25,0.25,FALSE,NA
5272,169,22,"MNAR",FALSE,"F2",1000,0.2,0.1,46922,"6fddd79","HEAD","totoro","fixed_1",TRUE,469.068,0.900052487018616,0.924428435514784,-0.0243759484961678,0.4375,0.5,TRUE,NA
5273,170,22,"MNAR",FALSE,"F3",1000,0.2,0.1,47022,"6fddd79","HEAD","totoro","fixed_1",TRUE,473.762,0.782873256608502,0.78231287752094,0.000560379087562235,0.0666666666666667,0.166666666666667,FALSE,NA
5274,171,22,"MNAR",FALSE,"F1",100,0.5,0.1,47122,"6fddd79","HEAD","totoro","fixed_1",TRUE,79.915,0.880736564347834,0.904137734777177,-0.0234011704293436,0.25,0.25,TRUE,NA
5275,172,22,"MNAR",FALSE,"F2",100,0.5,0.1,47222,"6fddd79","HEAD","totoro","fixed_1",TRUE,78.683,0.833107763387411,0.80977835074483,0.0233294126425814,0.5,0.5,TRUE,NA
5276,173,22,"MNAR",FALSE,"F3",100,0.5,0.1,47322,"6fddd79","HEAD","totoro","fixed_1",TRUE,79.205,0.643519651881859,0.643519650889505,9.92353421658265e-10,0,0,FALSE,NA
5277,174,22,"MNAR",FALSE,"F1",300,0.5,0.1,47422,"6fddd79","HEAD","totoro","fixed_1",TRUE,97.721,0.836114216420744,0.85432811166058,-0.0182138952398363,0.5,0.5,FALSE,NA
5278,175,22,"MNAR",FALSE,"F2",300,0.5,0.1,47522,"6fddd79","HEAD","totoro","fixed_1",TRUE,95.387,0.863998074548402,0.934858784611965,-0.0708607100635626,0.5,0.5,FALSE,NA
5279,176,22,"MNAR",FALSE,"F3",300,0.5,0.1,47622,"6fddd79","HEAD","totoro","fixed_1",TRUE,100.365,0.725503222119488,0.672224358084197,0.0532788640352917,0.166666666666667,0.166666666666667,TRUE,NA
5280,177,22,"MNAR",FALSE,"F1",1000,0.5,0.1,47722,"6fddd79","HEAD","totoro","fixed_1",TRUE,527.963,0.887275271373885,0.899390358310084,-0.0121150869361997,0.25,0.25,FALSE,NA
5281,178,22,"MNAR",FALSE,"F2",1000,0.5,0.1,47822,"6fddd79","HEAD","totoro","fixed_1",TRUE,530.43,0.862890360375015,0.880561967658132,-0.0176716072831166,0.4875,0.5,FALSE,NA
5282,179,22,"MNAR",FALSE,"F3",1000,0.5,0.1,47922,"6fddd79","HEAD","totoro","fixed_1",TRUE,518.769,0.644830979688378,0.646721692136148,-0.0018907124477695,0.158333333333333,0.166666666666667,FALSE,NA
5283,180,22,"MNAR",FALSE,"F1",100,1,0.1,48022,"6fddd79","HEAD","totoro","fixed_1",TRUE,73.637,0.765381874300044,0.748059927312121,0.0173219469879231,0.5,0.5,FALSE,NA
5284,181,22,"MNAR",FALSE,"F2",100,1,0.1,48122,"6fddd79","HEAD","totoro","fixed_1",TRUE,72.749,0.632254582842006,0.771631715468057,-0.139377132626051,0.672619047619048,0.75,TRUE,NA
5285,182,22,"MNAR",FALSE,"F3",100,1,0.1,48222,"6fddd79","HEAD","totoro","fixed_1",TRUE,77.944,0.51239349348971,0.530436681404337,-0.0180431879146277,0.148148148148148,0.166666666666667,TRUE,NA
5286,183,22,"MNAR",FALSE,"F1",300,1,0.1,48322,"6fddd79","HEAD","totoro","fixed_1",TRUE,93.169,0.509991888853099,0.520378053176498,-0.0103861643233992,0.3375,0.75,FALSE,NA
5287,184,22,"MNAR",FALSE,"F2",300,1,0.1,48422,"6fddd79","HEAD","totoro","fixed_1",TRUE,102.643,0.696346779606011,0.701750951707942,-0.00540417210193089,0.0375,0.25,FALSE,NA
5288,185,22,"MNAR",FALSE,"F3",300,1,0.1,48522,"6fddd79","HEAD","totoro","fixed_1",TRUE,100.386,0.49230171703583,0.504489767394315,-0.0121880503584854,0.298684210526316,0.333333333333333,FALSE,NA
5289,186,22,"MNAR",FALSE,"F1",1000,1,0.1,48622,"6fddd79","HEAD","totoro","fixed_1",TRUE,494.026,0.501805884070576,0.501805883196184,8.7439211426954e-10,0,0,FALSE,NA
5290,187,22,"MNAR",FALSE,"F2",1000,1,0.1,48722,"6fddd79","HEAD","totoro","fixed_1",TRUE,513.432,0.599231049131846,0.620396900163281,-0.0211658510314351,0.6875,0.75,FALSE,NA
5291,188,22,"MNAR",FALSE,"F3",1000,1,0.1,48822,"6fddd79","HEAD","totoro","fixed_1",TRUE,498.262,0.484545796080355,0.484322953094415,0.000222842985940275,0,0,FALSE,NA
5292,189,22,"MNAR",FALSE,"F1",100,0.2,0.3,48922,"6fddd79","HEAD","totoro","fixed_1",TRUE,81.455,1.06699521318335,1.05191131314963,0.0150839000337173,0,0,TRUE,NA
5293,190,22,"MNAR",FALSE,"F2",100,0.2,0.3,49022,"6fddd79","HEAD","totoro","fixed_1",TRUE,77.445,0.762399976581962,0.789401235431127,-0.0270012588491646,0.75,0.75,FALSE,NA
5294,191,22,"MNAR",FALSE,"F3",100,0.2,0.3,49122,"6fddd79","HEAD","totoro","fixed_1",TRUE,78.311,0.596826054229527,0.62675873960612,-0.0299326853765925,0.1,0.166666666666667,TRUE,NA
5295,192,22,"MNAR",FALSE,"F1",300,0.2,0.3,49222,"6fddd79","HEAD","totoro","fixed_1",TRUE,99.598,0.925388938264473,0.916421155726232,0.00896778253824126,0.5,0.5,TRUE,NA
5296,193,22,"MNAR",FALSE,"F2",300,0.2,0.3,49322,"6fddd79","HEAD","totoro","fixed_1",TRUE,88.03,0.861665692095869,0.85192738515708,0.00973830693878885,0.25,0.25,TRUE,NA
5297,194,22,"MNAR",FALSE,"F3",300,0.2,0.3,49422,"6fddd79","HEAD","totoro","fixed_1",TRUE,90.144,0.658478943148034,0.654258845167606,0.00422009798042766,0,0,TRUE,NA
5298,195,22,"MNAR",FALSE,"F1",1000,0.2,0.3,49522,"6fddd79","HEAD","totoro","fixed_1",TRUE,359.844,0.925234017267058,0.933486788134379,-0.00825277086732068,0.25,0.25,TRUE,NA
5299,196,22,"MNAR",FALSE,"F2",1000,0.2,0.3,49622,"6fddd79","HEAD","totoro","fixed_1",TRUE,378.971,0.838782994334509,0.878899941705615,-0.0401169473711055,0.5875,0.75,FALSE,NA
5300,197,22,"MNAR",FALSE,"F3",1000,0.2,0.3,49722,"6fddd79","HEAD","totoro","fixed_1",TRUE,344.507,0.696560352051121,0.703427169262715,-0.00686681721159377,0.166666666666667,0.166666666666667,TRUE,NA
5301,198,22,"MNAR",FALSE,"F1",100,0.5,0.3,49822,"6fddd79","HEAD","totoro","fixed_1",TRUE,80.311,0.878080535341064,0.890865456463793,-0.0127849211227293,0.25,0.25,FALSE,NA
5302,199,22,"MNAR",FALSE,"F2",100,0.5,0.3,49922,"6fddd79","HEAD","totoro","fixed_1",TRUE,71.613,1.11156434588242,1.09932110234029,0.0122432435421278,0,0,TRUE,NA
5303,200,22,"MNAR",FALSE,"F3",100,0.5,0.3,50022,"6fddd79","HEAD","totoro","fixed_1",TRUE,70.812,0.645507340668713,0.634395189145352,0.0111121515233608,0,0,TRUE,NA
5304,201,22,"MNAR",FALSE,"F1",300,0.5,0.3,50122,"6fddd79","HEAD","totoro","fixed_1",TRUE,100.806,0.925907833742399,0.917362702504683,0.00854513123771572,0,0,FALSE,NA
5305,202,22,"MNAR",FALSE,"F2",300,0.5,0.3,50222,"6fddd79","HEAD","totoro","fixed_1",TRUE,93.529,0.785905439608403,0.829612717314586,-0.0437072777061823,0.5625,0.75,FALSE,NA
5306,203,22,"MNAR",FALSE,"F3",300,0.5,0.3,50322,"6fddd79","HEAD","totoro","fixed_1",TRUE,83.155,0.63130444816399,0.632338407879949,-0.00103395971595832,0.157407407407407,0.166666666666667,FALSE,NA
5307,204,22,"MNAR",FALSE,"F1",1000,0.5,0.3,50422,"6fddd79","HEAD","totoro","fixed_1",TRUE,341.002,0.806125295440325,0.80612529674187,-1.30154476085664e-09,0,0,FALSE,NA
5308,205,22,"MNAR",FALSE,"F2",1000,0.5,0.3,50522,"6fddd79","HEAD","totoro","fixed_1",TRUE,369.363,0.793295755553845,0.823451591548333,-0.0301558359944881,0.375,0.5,FALSE,NA
5309,206,22,"MNAR",FALSE,"F3",1000,0.5,0.3,50622,"6fddd79","HEAD","totoro","fixed_1",TRUE,360.363,0.64332398530543,0.643323985086188,2.19241735877063e-10,0,0,FALSE,NA
5310,207,22,"MNAR",FALSE,"F1",100,1,0.3,50722,"6fddd79","HEAD","totoro","fixed_1",TRUE,80.883,0.614171494087053,0.524263511693429,0.0899079823936246,0,0,TRUE,NA
5311,208,22,"MNAR",FALSE,"F2",100,1,0.3,50822,"6fddd79","HEAD","totoro","fixed_1",TRUE,69.59,0.659090270096866,0.673476948498119,-0.0143866784012525,0.642543859649123,0.75,FALSE,NA
5312,209,22,"MNAR",FALSE,"F3",100,1,0.3,50922,"6fddd79","HEAD","totoro","fixed_1",TRUE,68.72,0.404121452291795,0.394274929618668,0.00984652267312713,0.3,0.333333333333333,TRUE,NA
5313,210,22,"MNAR",FALSE,"F1",300,1,0.3,51022,"6fddd79","HEAD","totoro","fixed_1",TRUE,82.742,0.556129913134554,0.577646037012406,-0.0215161238778525,0.575,0.75,FALSE,NA
5314,211,22,"MNAR",FALSE,"F2",300,1,0.3,51122,"6fddd79","HEAD","totoro","fixed_1",TRUE,91.766,0.435554036792178,0.520654635185387,-0.0851005983932084,0.513157894736842,0.75,FALSE,NA
5315,212,22,"MNAR",FALSE,"F3",300,1,0.3,51222,"6fddd79","HEAD","totoro","fixed_1",TRUE,87.1,0.575292225850287,0.538833588085741,0.0364586377645465,0.12962962962963,0.166666666666667,TRUE,NA
5316,213,22,"MNAR",FALSE,"F1",1000,1,0.3,51322,"6fddd79","HEAD","totoro","fixed_1",TRUE,337.014,0.466968524245533,0.467825048486817,-0.000856524241283796,0.075,0.25,FALSE,NA
5317,214,22,"MNAR",FALSE,"F2",1000,1,0.3,51422,"6fddd79","HEAD","totoro","fixed_1",TRUE,337.436,0.562860263694176,0.569491861271781,-0.00663159757760468,0.3125,0.5,FALSE,NA
5318,215,22,"MNAR",FALSE,"F3",1000,1,0.3,51522,"6fddd79","HEAD","totoro","fixed_1",TRUE,353.352,0.519070457271796,0.482202457940665,0.0368679993311312,0.0416666666666667,0.166666666666667,TRUE,NA
5319,216,22,"MNAR",FALSE,"F1",100,0.2,0.5,51622,"6fddd79","HEAD","totoro","fixed_1",TRUE,76.721,0.958004159037628,0.882392094055428,0.0756120649822003,0,0,TRUE,NA
5320,217,22,"MNAR",FALSE,"F2",100,0.2,0.5,51722,"6fddd79","HEAD","totoro","fixed_1",TRUE,84.383,1.2401432467125,1.30369140197993,-0.0635481552674242,0.5,0.5,TRUE,NA
5321,218,22,"MNAR",FALSE,"F3",100,0.2,0.5,51822,"6fddd79","HEAD","totoro","fixed_1",TRUE,68.402,0.499960566310255,0.621355657048046,-0.121395090737791,0,0,TRUE,NA
5322,219,22,"MNAR",FALSE,"F1",300,0.2,0.5,51922,"6fddd79","HEAD","totoro","fixed_1",TRUE,85.238,0.946023822640144,0.949759092741513,-0.00373527010136954,0.184210526315789,0.25,FALSE,NA
5323,220,22,"MNAR",FALSE,"F2",300,0.2,0.5,52022,"6fddd79","HEAD","totoro","fixed_1",TRUE,90.347,1.10272029975848,1.10822550801257,-0.00550520825408829,0.166666666666667,0.25,TRUE,NA
5324,221,22,"MNAR",FALSE,"F3",300,0.2,0.5,52122,"6fddd79","HEAD","totoro","fixed_1",TRUE,86.311,0.591656882033365,0.632971024342219,-0.0413141423088537,0.166666666666667,0.166666666666667,TRUE,NA
5325,222,22,"MNAR",FALSE,"F1",1000,0.2,0.5,52222,"6fddd79","HEAD","totoro","fixed_1",TRUE,262.51,1.02408688623176,1.02231388518721,0.00177300104454248,0,0,TRUE,NA
5326,223,22,"MNAR",FALSE,"F2",1000,0.2,0.5,52322,"6fddd79","HEAD","totoro","fixed_1",TRUE,289.403,1.00956197320047,1.03612170263909,-0.0265597294386282,0.75,0.75,TRUE,NA
5327,224,22,"MNAR",FALSE,"F3",1000,0.2,0.5,52422,"6fddd79","HEAD","totoro","fixed_1",TRUE,290.662,0.65984225504694,0.701373941922119,-0.0415316868751788,0,0,TRUE,NA
5328,225,22,"MNAR",FALSE,"F1",100,0.5,0.5,52522,"6fddd79","HEAD","totoro","fixed_1",TRUE,79.368,0.723276438898604,0.78340361565733,-0.0601271767587255,0.15,0.25,TRUE,NA
5329,226,22,"MNAR",FALSE,"F2",100,0.5,0.5,52622,"6fddd79","HEAD","totoro","fixed_1",TRUE,75.324,0.995437797652108,1.00821870108582,-0.012780903433708,0.6,0.75,TRUE,NA
5330,227,22,"MNAR",FALSE,"F3",100,0.5,0.5,52722,"6fddd79","HEAD","totoro","fixed_1",TRUE,81.735,0.60124013721715,0.686206803789695,-0.0849666665725454,0,0,TRUE,NA
5331,228,22,"MNAR",FALSE,"F1",300,0.5,0.5,52822,"6fddd79","HEAD","totoro","fixed_1",TRUE,82.536,0.89601603557687,0.892399103219869,0.00361693235700078,0.4875,0.5,FALSE,NA
5332,229,22,"MNAR",FALSE,"F2",300,0.5,0.5,52922,"6fddd79","HEAD","totoro","fixed_1",TRUE,86.332,1.00908951094266,1.04460483787408,-0.0355153269314166,0.25,0.25,TRUE,NA
5333,230,22,"MNAR",FALSE,"F3",300,0.5,0.5,53022,"6fddd79","HEAD","totoro","fixed_1",TRUE,101.766,0.601476485091125,0.640950167937156,-0.0394736828460315,0,0,TRUE,NA
5334,231,22,"MNAR",FALSE,"F1",1000,0.5,0.5,53122,"6fddd79","HEAD","totoro","fixed_1",TRUE,277.679,0.909731609094333,0.908466812725913,0.00126479636841992,0.0625,0.25,FALSE,NA
5335,232,22,"MNAR",FALSE,"F2",1000,0.5,0.5,53222,"6fddd79","HEAD","totoro","fixed_1",TRUE,266.863,0.808251988941407,0.807776786891622,0.000475202049784906,0.625,0.75,FALSE,NA
5336,233,22,"MNAR",FALSE,"F3",1000,0.5,0.5,53322,"6fddd79","HEAD","totoro","fixed_1",TRUE,263.869,0.665532020990998,0.674006596780368,-0.00847457578937005,0,0,TRUE,NA
5337,234,22,"MNAR",FALSE,"F1",100,1,0.5,53422,"6fddd79","HEAD","totoro","fixed_1",TRUE,72.184,0.586054923916221,0.501573753109634,0.0844811708065873,0.0916666666666667,0.5,FALSE,NA
5338,235,22,"MNAR",FALSE,"F2",100,1,0.5,53522,"6fddd79","HEAD","totoro","fixed_1",TRUE,73.481,0.788768987256917,0.828607292559376,-0.0398383053024591,0.1875,0.25,FALSE,NA
5339,236,22,"MNAR",FALSE,"F3",100,1,0.5,53622,"6fddd79","HEAD","totoro","fixed_1",TRUE,75.794,0.653892947709951,0.667840841398521,-0.0139478936885699,0.166666666666667,0.166666666666667,TRUE,NA
5340,237,22,"MNAR",FALSE,"F1",300,1,0.5,53722,"6fddd79","HEAD","totoro","fixed_1",TRUE,84.613,0.616965285159468,0.613398380831989,0.00356690432747875,0.1,0.25,FALSE,NA
5341,238,22,"MNAR",FALSE,"F2",300,1,0.5,53822,"6fddd79","HEAD","totoro","fixed_1",TRUE,86.366,0.745836728450788,0.750606409386633,-0.00476968093584507,0.4375,0.5,FALSE,NA
5342,239,22,"MNAR",FALSE,"F3",300,1,0.5,53922,"6fddd79","HEAD","totoro","fixed_1",TRUE,87.544,0.572070952048774,0.593378713454312,-0.0213077614055386,0,0,TRUE,NA
5343,240,22,"MNAR",FALSE,"F1",1000,1,0.5,54022,"6fddd79","HEAD","totoro","fixed_1",TRUE,275.759,0.547434066865287,0.547912048582405,-0.000477981717118658,0.575,0.75,FALSE,NA
5344,241,22,"MNAR",FALSE,"F2",1000,1,0.5,54122,"6fddd79","HEAD","totoro","fixed_1",TRUE,287.925,0.522345601237225,0.521388944150321,0.000956657086904289,0.225,0.25,FALSE,NA
5345,242,22,"MNAR",FALSE,"F3",1000,1,0.5,54222,"6fddd79","HEAD","totoro","fixed_1",TRUE,276.663,0.437897129090452,0.449674253373337,-0.0117771242828852,0.0833333333333333,0.166666666666667,TRUE,NA
5508,162,23,"MNAR",FALSE,"F1",100,0.2,0.1,46223,"6fddd79","HEAD","totoro","fixed_1",TRUE,83.347,0.835377823494222,0.766471316223433,0.0689065072707886,0.473684210526316,0.5,TRUE,NA
5509,163,23,"MNAR",FALSE,"F2",100,0.2,0.1,46323,"6fddd79","HEAD","totoro","fixed_1",TRUE,75.681,0.745620891754261,0.822193363525632,-0.0765724717713708,0.75,0.75,FALSE,NA
5510,164,23,"MNAR",FALSE,"F3",100,0.2,0.1,46423,"6fddd79","HEAD","totoro","fixed_1",TRUE,75.519,0.67824755017924,0.702755197251151,-0.0245076470719114,0.166666666666667,0.166666666666667,TRUE,NA
5511,165,23,"MNAR",FALSE,"F1",300,0.2,0.1,46523,"6fddd79","HEAD","totoro","fixed_1",TRUE,96.464,1.01232208397118,1.00397481055055,0.00834727342063379,0.25,0.25,TRUE,NA
5512,166,23,"MNAR",FALSE,"F2",300,0.2,0.1,46623,"6fddd79","HEAD","totoro","fixed_1",TRUE,106.373,0.884807440259626,0.897360222463443,-0.0125527822038176,0,0,TRUE,NA
5513,167,23,"MNAR",FALSE,"F3",300,0.2,0.1,46723,"6fddd79","HEAD","totoro","fixed_1",TRUE,111.297,0.701209456015815,0.67730790240391,0.0239015536119047,0.341666666666667,0.666666666666667,TRUE,NA
5514,168,23,"MNAR",FALSE,"F1",1000,0.2,0.1,46823,"6fddd79","HEAD","totoro","fixed_1",TRUE,579.7,0.936913529202407,0.936913528722228,4.80178785622343e-10,0,0,FALSE,NA
5515,169,23,"MNAR",FALSE,"F2",1000,0.2,0.1,46923,"6fddd79","HEAD","totoro","fixed_1",TRUE,490.837,1.0436749990094,1.05214678041702,-0.00847178140762739,0.55,0.75,TRUE,NA
5516,170,23,"MNAR",FALSE,"F3",1000,0.2,0.1,47023,"6fddd79","HEAD","totoro","fixed_1",TRUE,494.978,0.700416783938266,0.711977059084915,-0.0115602751466489,0.166666666666667,0.166666666666667,TRUE,NA
5517,171,23,"MNAR",FALSE,"F1",100,0.5,0.1,47123,"6fddd79","HEAD","totoro","fixed_1",TRUE,83.349,0.761063250459979,0.699060388120432,0.0620028623395471,0.415441176470588,0.75,TRUE,NA
5518,172,23,"MNAR",FALSE,"F2",100,0.5,0.1,47223,"6fddd79","HEAD","totoro","fixed_1",TRUE,76.49,0.654658749287207,0.759838161987583,-0.105179412700376,0.5,0.5,FALSE,NA
5519,173,23,"MNAR",FALSE,"F3",100,0.5,0.1,47323,"6fddd79","HEAD","totoro","fixed_1",TRUE,79.386,0.530566003196755,0.548623244213946,-0.0180572410171911,0,0,TRUE,NA
5520,174,23,"MNAR",FALSE,"F1",300,0.5,0.1,47423,"6fddd79","HEAD","totoro","fixed_1",TRUE,107.832,0.863847857821329,0.863847856825082,9.96246418694113e-10,0,0,FALSE,NA
5521,175,23,"MNAR",FALSE,"F2",300,0.5,0.1,47523,"6fddd79","HEAD","totoro","fixed_1",TRUE,110.462,0.797774161377763,0.865956957433891,-0.068182796056128,0.7,0.75,FALSE,NA
5522,176,23,"MNAR",FALSE,"F3",300,0.5,0.1,47623,"6fddd79","HEAD","totoro","fixed_1",TRUE,112.912,0.593717557601765,0.578128109175408,0.0155894484263567,0.158333333333333,0.166666666666667,FALSE,NA
5523,177,23,"MNAR",FALSE,"F1",1000,0.5,0.1,47723,"6fddd79","HEAD","totoro","fixed_1",TRUE,503.948,0.81308194785402,0.813081949097931,-1.24391175138072e-09,0,0,FALSE,NA
5524,178,23,"MNAR",FALSE,"F2",1000,0.5,0.1,47823,"6fddd79","HEAD","totoro","fixed_1",TRUE,539.16,0.893307138974666,0.919563713779109,-0.0262565748044435,0.675,0.75,FALSE,NA
5525,179,23,"MNAR",FALSE,"F3",1000,0.5,0.1,47923,"6fddd79","HEAD","totoro","fixed_1",TRUE,542.732,0.657977638403907,0.66361574178979,-0.00563810338588322,0.283333333333333,0.5,FALSE,NA
5526,180,23,"MNAR",FALSE,"F1",100,1,0.1,48023,"6fddd79","HEAD","totoro","fixed_1",TRUE,78.266,0.604342732583436,0.569469971941904,0.0348727606415322,0.473684210526316,0.5,FALSE,NA
5527,181,23,"MNAR",FALSE,"F2",100,1,0.1,48123,"6fddd79","HEAD","totoro","fixed_1",TRUE,78.666,0.5820535023602,0.602148726098085,-0.0200952237378854,0.25,0.25,TRUE,NA
5528,182,23,"MNAR",FALSE,"F3",100,1,0.1,48223,"6fddd79","HEAD","totoro","fixed_1",TRUE,89.009,0.594256962883277,0.606157122754602,-0.011900159871325,0,0,TRUE,NA
5529,183,23,"MNAR",FALSE,"F1",300,1,0.1,48323,"6fddd79","HEAD","totoro","fixed_1",TRUE,99.499,0.432918759528734,0.432918760021339,-4.92604901314309e-10,0,0,FALSE,NA
5530,184,23,"MNAR",FALSE,"F2",300,1,0.1,48423,"6fddd79","HEAD","totoro","fixed_1",TRUE,102.992,0.60435898205156,0.664443290978687,-0.0600843089271267,0.697368421052632,0.75,FALSE,NA
5531,185,23,"MNAR",FALSE,"F3",300,1,0.1,48523,"6fddd79","HEAD","totoro","fixed_1",TRUE,100.676,0.568317825064784,0.569232586303532,-0.00091476123874723,0.0833333333333333,0.166666666666667,TRUE,NA
5532,186,23,"MNAR",FALSE,"F1",1000,1,0.1,48623,"6fddd79","HEAD","totoro","fixed_1",TRUE,542.868,0.430062921311848,0.42978490752584,0.000278013786008557,0.075,0.25,FALSE,NA
5533,187,23,"MNAR",FALSE,"F2",1000,1,0.1,48723,"6fddd79","HEAD","totoro","fixed_1",TRUE,496.004,0.553143417671277,0.563223818698313,-0.0100804010270359,0.1,0.25,FALSE,NA
5534,188,23,"MNAR",FALSE,"F3",1000,1,0.1,48823,"6fddd79","HEAD","totoro","fixed_1",TRUE,500.017,0.480081876811301,0.480081877382022,-5.70720026793481e-10,0,0,FALSE,NA
5535,189,23,"MNAR",FALSE,"F1",100,0.2,0.3,48923,"6fddd79","HEAD","totoro","fixed_1",TRUE,87.749,0.734477057798214,0.748944308361341,-0.0144672505631271,0.5,0.5,TRUE,NA
5536,190,23,"MNAR",FALSE,"F2",100,0.2,0.3,49023,"6fddd79","HEAD","totoro","fixed_1",TRUE,85.036,0.767201425952185,0.801886089431474,-0.034684663479289,0.25,0.25,TRUE,NA
5537,191,23,"MNAR",FALSE,"F3",100,0.2,0.3,49123,"6fddd79","HEAD","totoro","fixed_1",TRUE,88.406,0.540644006685455,0.645676740062389,-0.105032733376934,0.166666666666667,0.166666666666667,TRUE,NA
5538,192,23,"MNAR",FALSE,"F1",300,0.2,0.3,49223,"6fddd79","HEAD","totoro","fixed_1",TRUE,93.236,1.0056202611185,1.00846114216581,-0.00284088104731195,0.25,0.25,TRUE,NA
5539,193,23,"MNAR",FALSE,"F2",300,0.2,0.3,49323,"6fddd79","HEAD","totoro","fixed_1",TRUE,102.563,0.943933104736442,0.977637139453396,-0.0337040347169538,0.475,0.5,TRUE,NA
5540,194,23,"MNAR",FALSE,"F3",300,0.2,0.3,49423,"6fddd79","HEAD","totoro","fixed_1",TRUE,94.952,0.667405360657518,0.663444920214121,0.0039604404433975,0,0,TRUE,NA
5541,195,23,"MNAR",FALSE,"F1",1000,0.2,0.3,49523,"6fddd79","HEAD","totoro","fixed_1",TRUE,365.066,0.979727921166149,0.979727921345995,-1.79845360825936e-10,0,0,FALSE,NA
5542,196,23,"MNAR",FALSE,"F2",1000,0.2,0.3,49623,"6fddd79","HEAD","totoro","fixed_1",TRUE,382.251,0.92118697528855,0.927914342378749,-0.00672736709019872,0.25,0.25,FALSE,NA
5543,197,23,"MNAR",FALSE,"F3",1000,0.2,0.3,49723,"6fddd79","HEAD","totoro","fixed_1",TRUE,363.761,0.721770705802309,0.727293630087976,-0.00552292428566681,0,0,TRUE,NA
5544,198,23,"MNAR",FALSE,"F1",100,0.5,0.3,49823,"6fddd79","HEAD","totoro","fixed_1",TRUE,84.482,0.917620154712096,0.88019592298115,0.0374242317309456,0.25,0.25,TRUE,NA
5545,199,23,"MNAR",FALSE,"F2",100,0.5,0.3,49923,"6fddd79","HEAD","totoro","fixed_1",TRUE,72.053,0.813143260517642,0.881701161450927,-0.0685579009332851,0,0,TRUE,NA
5546,200,23,"MNAR",FALSE,"F3",100,0.5,0.3,50023,"6fddd79","HEAD","totoro","fixed_1",TRUE,81.349,0.599182415359493,0.600364406534957,-0.00118199117546447,0,0,TRUE,NA
5547,201,23,"MNAR",FALSE,"F1",300,0.5,0.3,50123,"6fddd79","HEAD","totoro","fixed_1",TRUE,91.284,0.832071500510032,0.832071499747304,7.62728658010303e-10,0,0,FALSE,NA
5548,202,23,"MNAR",FALSE,"F2",300,0.5,0.3,50223,"6fddd79","HEAD","totoro","fixed_1",TRUE,92.499,0.861739555084758,0.906680452992068,-0.0449408979073096,0.975,1,FALSE,NA
5549,203,23,"MNAR",FALSE,"F3",300,0.5,0.3,50323,"6fddd79","HEAD","totoro","fixed_1",TRUE,99.221,0.651042766564693,0.69834006447402,-0.047297297909327,0,0,TRUE,NA
5550,204,23,"MNAR",FALSE,"F1",1000,0.5,0.3,50423,"6fddd79","HEAD","totoro","fixed_1",TRUE,346.089,0.896402911635964,0.897313484589964,-0.000910572953999766,0.0588235294117647,0.25,FALSE,NA
5551,205,23,"MNAR",FALSE,"F2",1000,0.5,0.3,50523,"6fddd79","HEAD","totoro","fixed_1",TRUE,368.677,0.879416217200226,0.902445755375506,-0.0230295381752795,0.5,0.5,FALSE,NA
5552,206,23,"MNAR",FALSE,"F3",1000,0.5,0.3,50623,"6fddd79","HEAD","totoro","fixed_1",TRUE,341.849,0.644988955020815,0.634172133097769,0.0108168219230459,0.416666666666667,0.666666666666667,FALSE,NA
5553,207,23,"MNAR",FALSE,"F1",100,1,0.3,50723,"6fddd79","HEAD","totoro","fixed_1",TRUE,80.725,0.618072097090608,0.619799644976769,-0.0017275478861617,0.480769230769231,0.5,FALSE,NA
5554,208,23,"MNAR",FALSE,"F2",100,1,0.3,50823,"6fddd79","HEAD","totoro","fixed_1",TRUE,76.202,0.665442619783886,0.754997232227114,-0.089554612443228,0.5375,0.75,TRUE,NA
5555,209,23,"MNAR",FALSE,"F3",100,1,0.3,50923,"6fddd79","HEAD","totoro","fixed_1",TRUE,77.358,0.62369030495577,0.540352235421136,0.0833380695346342,0.166666666666667,0.166666666666667,TRUE,NA
5556,210,23,"MNAR",FALSE,"F1",300,1,0.3,51023,"6fddd79","HEAD","totoro","fixed_1",TRUE,99.799,0.543666287635803,0.549631481867234,-0.00596519423143138,0.25,0.25,FALSE,NA
5557,211,23,"MNAR",FALSE,"F2",300,1,0.3,51123,"6fddd79","HEAD","totoro","fixed_1",TRUE,100.136,0.466632984437659,0.507158685841031,-0.0405257014033719,0.520394736842105,0.75,FALSE,NA
5558,212,23,"MNAR",FALSE,"F3",300,1,0.3,51223,"6fddd79","HEAD","totoro","fixed_1",TRUE,103.534,0.603898387437376,0.511874427602179,0.0920239598351971,0.166666666666667,0.166666666666667,FALSE,NA
5559,213,23,"MNAR",FALSE,"F1",1000,1,0.3,51323,"6fddd79","HEAD","totoro","fixed_1",TRUE,358.763,0.536469094911541,0.536469094328889,5.8265170466143e-10,0,0,FALSE,NA
5560,214,23,"MNAR",FALSE,"F2",1000,1,0.3,51423,"6fddd79","HEAD","totoro","fixed_1",TRUE,366.898,0.65524174819341,0.66965131617932,-0.0144095679859108,0.5,0.75,FALSE,NA
5561,215,23,"MNAR",FALSE,"F3",1000,1,0.3,51523,"6fddd79","HEAD","totoro","fixed_1",TRUE,348.649,0.429069592247535,0.429069592538018,-2.90483637144234e-10,0,0,TRUE,NA
5562,216,23,"MNAR",FALSE,"F1",100,0.2,0.5,51623,"6fddd79","HEAD","totoro","fixed_1",TRUE,83.312,0.955637347215192,0.960278443666756,-0.00464109645156363,0,0,TRUE,NA
5563,217,23,"MNAR",FALSE,"F2",100,0.2,0.5,51723,"6fddd79","HEAD","totoro","fixed_1",TRUE,81.811,0.888408886458883,0.888210793090333,0.000198093368549701,0.25,0.25,TRUE,NA
5564,218,23,"MNAR",FALSE,"F3",100,0.2,0.5,51823,"6fddd79","HEAD","totoro","fixed_1",TRUE,79.224,0.714971800112271,0.670079567808009,0.0448922323042616,0,0,TRUE,NA
5565,219,23,"MNAR",FALSE,"F1",300,0.2,0.5,51923,"6fddd79","HEAD","totoro","fixed_1",TRUE,93.481,0.919743080267706,0.94112411579818,-0.0213810355304741,0.2375,0.25,TRUE,NA
5566,220,23,"MNAR",FALSE,"F2",300,0.2,0.5,52023,"6fddd79","HEAD","totoro","fixed_1",TRUE,89.056,0.759205561002897,0.821095065498869,-0.0618895044959721,0.5,0.5,TRUE,NA
5567,221,23,"MNAR",FALSE,"F3",300,0.2,0.5,52123,"6fddd79","HEAD","totoro","fixed_1",TRUE,87.131,0.646674169654045,0.688340836359257,-0.0416666667052121,0,0,TRUE,NA
5568,222,23,"MNAR",FALSE,"F1",1000,0.2,0.5,52223,"6fddd79","HEAD","totoro","fixed_1",TRUE,266.419,0.91208460404711,0.912741279622981,-0.000656675575871346,0.25,0.25,TRUE,NA
5569,223,23,"MNAR",FALSE,"F2",1000,0.2,0.5,52323,"6fddd79","HEAD","totoro","fixed_1",TRUE,274.407,0.9489362460071,0.991791713489219,-0.0428554674821189,0.4875,0.5,FALSE,NA
5570,224,23,"MNAR",FALSE,"F3",1000,0.2,0.5,52423,"6fddd79","HEAD","totoro","fixed_1",TRUE,254.38,0.707434738338416,0.702222555833028,0.00521218250538735,0.152777777777778,0.166666666666667,TRUE,NA
5571,225,23,"MNAR",FALSE,"F1",100,0.5,0.5,52523,"6fddd79","HEAD","totoro","fixed_1",TRUE,76.334,1.24022212420787,1.23246726830692,0.00775485590095126,0.5,0.5,TRUE,NA
5572,226,23,"MNAR",FALSE,"F2",100,0.5,0.5,52623,"6fddd79","HEAD","totoro","fixed_1",TRUE,76.523,0.708837111573573,0.753984197270881,-0.045147085697308,0.25,0.25,TRUE,NA
5573,227,23,"MNAR",FALSE,"F3",100,0.5,0.5,52723,"6fddd79","HEAD","totoro","fixed_1",TRUE,80.499,0.867039815955608,0.904863042034557,-0.0378232260789487,0,0,TRUE,NA
5574,228,23,"MNAR",FALSE,"F1",300,0.5,0.5,52823,"6fddd79","HEAD","totoro","fixed_1",TRUE,92.412,0.806094960017704,0.826584007826215,-0.0204890478085109,0.175,0.25,FALSE,NA
5575,229,23,"MNAR",FALSE,"F2",300,0.5,0.5,52923,"6fddd79","HEAD","totoro","fixed_1",TRUE,94.147,0.994175759627004,1.0050229512102,-0.0108471915831944,0.223684210526316,0.25,FALSE,NA
5576,230,23,"MNAR",FALSE,"F3",300,0.5,0.5,53023,"6fddd79","HEAD","totoro","fixed_1",TRUE,94.916,0.560243616192241,0.585975093192366,-0.0257314770001249,0,0,TRUE,NA
5577,231,23,"MNAR",FALSE,"F1",1000,0.5,0.5,53123,"6fddd79","HEAD","totoro","fixed_1",TRUE,258.817,0.883030155429014,0.883764306215832,-0.000734150786817711,0.0875,0.25,FALSE,NA
5578,232,23,"MNAR",FALSE,"F2",1000,0.5,0.5,53223,"6fddd79","HEAD","totoro","fixed_1",TRUE,289.862,0.843809512251641,0.845957688912602,-0.00214817666096045,0.5,0.5,FALSE,NA
5579,233,23,"MNAR",FALSE,"F3",1000,0.5,0.5,53323,"6fddd79","HEAD","totoro","fixed_1",TRUE,280.253,0.717364358493859,0.738933392477988,-0.0215690339841281,0,0,TRUE,NA
5580,234,23,"MNAR",FALSE,"F1",100,1,0.5,53423,"6fddd79","HEAD","totoro","fixed_1",TRUE,76.927,0.78059908759597,0.77781620705007,0.00278288054590026,0.145833333333333,0.25,FALSE,NA
5581,235,23,"MNAR",FALSE,"F2",100,1,0.5,53523,"6fddd79","HEAD","totoro","fixed_1",TRUE,78.843,0.852572491630082,0.88855483603975,-0.0359823444096676,0.270833333333333,0.5,TRUE,NA
5582,236,23,"MNAR",FALSE,"F3",100,1,0.5,53623,"6fddd79","HEAD","totoro","fixed_1",TRUE,80.829,0.4401027412362,0.590102746460498,-0.150000005224299,0,0,TRUE,NA
5583,237,23,"MNAR",FALSE,"F1",300,1,0.5,53723,"6fddd79","HEAD","totoro","fixed_1",TRUE,97.567,0.608606719822633,0.608606719390985,4.31648050636113e-10,0,0,FALSE,NA
5584,238,23,"MNAR",FALSE,"F2",300,1,0.5,53823,"6fddd79","HEAD","totoro","fixed_1",TRUE,93.022,0.595381620779258,0.56614469964259,0.0292369211366675,0.05,0.25,FALSE,NA
5585,239,23,"MNAR",FALSE,"F3",300,1,0.5,53923,"6fddd79","HEAD","totoro","fixed_1",TRUE,91.218,0.569026531783621,0.584065260451212,-0.0150387286675908,0.141666666666667,0.166666666666667,TRUE,NA
5586,240,23,"MNAR",FALSE,"F1",1000,1,0.5,54023,"6fddd79","HEAD","totoro","fixed_1",TRUE,274.107,0.539360047708527,0.535236801955742,0.00412324575278544,0.2,0.25,FALSE,NA
5587,241,23,"MNAR",FALSE,"F2",1000,1,0.5,54123,"6fddd79","HEAD","totoro","fixed_1",TRUE,261.196,0.628130256421162,0.651068254621503,-0.0229379982003414,0,0,FALSE,NA
5588,242,23,"MNAR",FALSE,"F3",1000,1,0.5,54223,"6fddd79","HEAD","totoro","fixed_1",TRUE,270.549,0.506063586721253,0.526371124079472,-0.0203075373582183,0,0,TRUE,NA
5751,162,24,"MNAR",FALSE,"F1",100,0.2,0.1,46224,"6fddd79","HEAD","totoro","fixed_1",TRUE,76.999,0.804957646199497,0.794641143429289,0.010316502770208,0.25,0.25,TRUE,NA
5752,163,24,"MNAR",FALSE,"F2",100,0.2,0.1,46324,"6fddd79","HEAD","totoro","fixed_1",TRUE,77.479,0.870521617861201,0.943072183508223,-0.0725505656470219,0.45,0.5,TRUE,NA
5753,164,24,"MNAR",FALSE,"F3",100,0.2,0.1,46424,"6fddd79","HEAD","totoro","fixed_1",TRUE,77.747,0.806428288086932,0.820174585601829,-0.0137462975148971,0.166666666666667,0.166666666666667,TRUE,NA
5754,165,24,"MNAR",FALSE,"F1",300,0.2,0.1,46524,"6fddd79","HEAD","totoro","fixed_1",TRUE,101.011,0.994224669350686,0.983488701836078,0.010735967514608,0,0,TRUE,NA
5755,166,24,"MNAR",FALSE,"F2",300,0.2,0.1,46624,"6fddd79","HEAD","totoro","fixed_1",TRUE,99.293,0.836347946932247,0.936434557393776,-0.100086610461528,0.75,0.75,TRUE,NA
5756,167,24,"MNAR",FALSE,"F3",300,0.2,0.1,46724,"6fddd79","HEAD","totoro","fixed_1",TRUE,105.911,0.744093500586409,0.744505995653887,-0.000412495067478535,0.15,0.166666666666667,TRUE,NA
5757,168,24,"MNAR",FALSE,"F1",1000,0.2,0.1,46824,"6fddd79","HEAD","totoro","fixed_1",TRUE,532.554,1.0176920443349,1.02071583288351,-0.00302378854860819,0.25,0.25,FALSE,NA
5758,169,24,"MNAR",FALSE,"F2",1000,0.2,0.1,46924,"6fddd79","HEAD","totoro","fixed_1",TRUE,518.338,0.877996950678292,0.901941361212704,-0.0239444105344121,0.75,0.75,FALSE,NA
5759,170,24,"MNAR",FALSE,"F3",1000,0.2,0.1,47024,"6fddd79","HEAD","totoro","fixed_1",TRUE,500.533,0.726084883276866,0.707262120404212,0.0188227628726537,0.100438596491228,0.333333333333333,FALSE,NA
5760,171,24,"MNAR",FALSE,"F1",100,0.5,0.1,47124,"6fddd79","HEAD","totoro","fixed_1",TRUE,78.322,0.691773171090454,0.679548509654921,0.0122246614355326,0.25,0.25,FALSE,NA
5761,172,24,"MNAR",FALSE,"F2",100,0.5,0.1,47224,"6fddd79","HEAD","totoro","fixed_1",TRUE,73.746,0.952553543609453,0.963002765279414,-0.0104492216699607,0.25,0.25,TRUE,NA
5762,173,24,"MNAR",FALSE,"F3",100,0.5,0.1,47324,"6fddd79","HEAD","totoro","fixed_1",TRUE,77.539,0.724833259852152,0.637088645983612,0.0877446138685395,0,0,TRUE,NA
5763,174,24,"MNAR",FALSE,"F1",300,0.5,0.1,47424,"6fddd79","HEAD","totoro","fixed_1",TRUE,101.024,0.940729130862369,0.940191914033621,0.000537216828747966,0.821428571428571,1,FALSE,NA
5764,175,24,"MNAR",FALSE,"F2",300,0.5,0.1,47524,"6fddd79","HEAD","totoro","fixed_1",TRUE,98.997,0.863577141878983,0.914161872302083,-0.0505847304231,0.5,0.5,FALSE,NA
5765,176,24,"MNAR",FALSE,"F3",300,0.5,0.1,47624,"6fddd79","HEAD","totoro","fixed_1",TRUE,104.292,0.659251721836681,0.644579232946246,0.0146724888904346,0.0833333333333333,0.166666666666667,TRUE,NA
5766,177,24,"MNAR",FALSE,"F1",1000,0.5,0.1,47724,"6fddd79","HEAD","totoro","fixed_1",TRUE,471.45,0.8906049328487,0.890604931292079,1.55662038814341e-09,0,0,FALSE,NA
5767,178,24,"MNAR",FALSE,"F2",1000,0.5,0.1,47824,"6fddd79","HEAD","totoro","fixed_1",TRUE,459.19,0.755450788010949,0.782853766276852,-0.0274029782659029,0.4125,0.5,FALSE,NA
5768,179,24,"MNAR",FALSE,"F3",1000,0.5,0.1,47924,"6fddd79","HEAD","totoro","fixed_1",TRUE,468.179,0.663027855624194,0.663027855198852,4.25341983856242e-10,0,0,FALSE,NA
5769,180,24,"MNAR",FALSE,"F1",100,1,0.1,48024,"6fddd79","HEAD","totoro","fixed_1",TRUE,76.932,0.593538644516247,0.57875639306669,0.0147822514495565,0.25,0.25,FALSE,NA
5770,181,24,"MNAR",FALSE,"F2",100,1,0.1,48124,"6fddd79","HEAD","totoro","fixed_1",TRUE,77.653,0.594805740643966,0.624380002197055,-0.0295742615530886,0.3375,0.5,TRUE,NA
5771,182,24,"MNAR",FALSE,"F3",100,1,0.1,48224,"6fddd79","HEAD","totoro","fixed_1",TRUE,76.346,0.664760545139143,0.581406327065222,0.0833542180739211,0.117592592592593,0.333333333333333,TRUE,NA
5772,183,24,"MNAR",FALSE,"F1",300,1,0.1,48324,"6fddd79","HEAD","totoro","fixed_1",TRUE,100.88,0.527390178851652,0.529235946410324,-0.00184576755867205,0.075,0.25,FALSE,NA
5773,184,24,"MNAR",FALSE,"F2",300,1,0.1,48424,"6fddd79","HEAD","totoro","fixed_1",TRUE,93.498,0.549369772886277,0.579102045816594,-0.0297322729303174,0.25,0.25,FALSE,NA
5774,185,24,"MNAR",FALSE,"F3",300,1,0.1,48524,"6fddd79","HEAD","totoro","fixed_1",TRUE,99.146,0.545053678402712,0.578075405489689,-0.0330217270869774,0.141025641025641,0.166666666666667,FALSE,NA
5775,186,24,"MNAR",FALSE,"F1",1000,1,0.1,48624,"6fddd79","HEAD","totoro","fixed_1",TRUE,506.495,0.512281384762274,0.511062372540197,0.00121901222207677,0.2125,0.5,FALSE,NA
5776,187,24,"MNAR",FALSE,"F2",1000,1,0.1,48724,"6fddd79","HEAD","totoro","fixed_1",TRUE,520.316,0.553560257662475,0.574669890324448,-0.0211096326619731,0.4375,0.5,FALSE,NA
5777,188,24,"MNAR",FALSE,"F3",1000,1,0.1,48824,"6fddd79","HEAD","totoro","fixed_1",TRUE,481.551,0.413601313747142,0.413797648729368,-0.000196334982226098,0.225,0.333333333333333,FALSE,NA
5778,189,24,"MNAR",FALSE,"F1",100,0.2,0.3,48924,"6fddd79","HEAD","totoro","fixed_1",TRUE,76.645,1.1180081831873,1.12395271033773,-0.00594452715042548,0,0,TRUE,NA
5779,190,24,"MNAR",FALSE,"F2",100,0.2,0.3,49024,"6fddd79","HEAD","totoro","fixed_1",TRUE,77.096,0.886120605685618,0.920659019750778,-0.0345384140651598,0.25,0.25,TRUE,NA
5780,191,24,"MNAR",FALSE,"F3",100,0.2,0.3,49124,"6fddd79","HEAD","totoro","fixed_1",TRUE,75.841,0.594504342717673,0.687449212195457,-0.0929448694777845,0.166666666666667,0.166666666666667,TRUE,NA
5781,192,24,"MNAR",FALSE,"F1",300,0.2,0.3,49224,"6fddd79","HEAD","totoro","fixed_1",TRUE,90.177,0.902647866651914,0.902647866492652,1.59262047993991e-10,0,0,FALSE,NA
5782,193,24,"MNAR",FALSE,"F2",300,0.2,0.3,49324,"6fddd79","HEAD","totoro","fixed_1",TRUE,95.463,0.917533706477051,0.945888119599077,-0.0283544131220259,0.444444444444444,0.5,FALSE,NA
5783,194,24,"MNAR",FALSE,"F3",300,0.2,0.3,49424,"6fddd79","HEAD","totoro","fixed_1",TRUE,89.653,0.810504137098831,0.828534502773489,-0.0180303656746582,0,0,TRUE,NA
5784,195,24,"MNAR",FALSE,"F1",1000,0.2,0.3,49524,"6fddd79","HEAD","totoro","fixed_1",TRUE,370.54,0.877869913209706,0.889164633370243,-0.0112947201605367,0.472222222222222,0.5,FALSE,NA
5785,196,24,"MNAR",FALSE,"F2",1000,0.2,0.3,49624,"6fddd79","HEAD","totoro","fixed_1",TRUE,387.294,0.935975450886947,0.962465143367293,-0.0264896924803457,0.5,0.5,FALSE,NA
5786,197,24,"MNAR",FALSE,"F3",1000,0.2,0.3,49724,"6fddd79","HEAD","totoro","fixed_1",TRUE,351.551,0.670653328915638,0.683986726265774,-0.0133333973501358,0,0,FALSE,NA
5787,198,24,"MNAR",FALSE,"F1",100,0.5,0.3,49824,"6fddd79","HEAD","totoro","fixed_1",TRUE,72.781,0.859580332125759,0.858231213605324,0.0013491185204354,0.140625,0.25,FALSE,NA
5788,199,24,"MNAR",FALSE,"F2",100,0.5,0.3,49924,"6fddd79","HEAD","totoro","fixed_1",TRUE,73.666,0.844123344344549,0.859492779008451,-0.0153694346639023,0,0,TRUE,NA
5789,200,24,"MNAR",FALSE,"F3",100,0.5,0.3,50024,"6fddd79","HEAD","totoro","fixed_1",TRUE,79.899,0.595087824766811,0.710523370955721,-0.115435546188909,0,0,TRUE,NA
5790,201,24,"MNAR",FALSE,"F1",300,0.5,0.3,50124,"6fddd79","HEAD","totoro","fixed_1",TRUE,92.777,0.755041968009391,0.761074817990226,-0.00603284998083586,0,0,FALSE,NA
5791,202,24,"MNAR",FALSE,"F2",300,0.5,0.3,50224,"6fddd79","HEAD","totoro","fixed_1",TRUE,89.483,0.875321060324542,0.920140735387795,-0.044819675063253,0.725,0.75,TRUE,NA
5792,203,24,"MNAR",FALSE,"F3",300,0.5,0.3,50324,"6fddd79","HEAD","totoro","fixed_1",TRUE,92.956,0.63310161428464,0.636185299390627,-0.00308368510598778,0.133333333333333,0.166666666666667,FALSE,NA
5793,204,24,"MNAR",FALSE,"F1",1000,0.5,0.3,50424,"6fddd79","HEAD","totoro","fixed_1",TRUE,343.338,0.901754722215932,0.907579498855216,-0.00582477663928382,0.4625,0.5,FALSE,NA
5794,205,24,"MNAR",FALSE,"F2",1000,0.5,0.3,50524,"6fddd79","HEAD","totoro","fixed_1",TRUE,378.225,0.857746463725919,0.875600688162136,-0.0178542244362168,0.3875,0.5,FALSE,NA
5795,206,24,"MNAR",FALSE,"F3",1000,0.5,0.3,50624,"6fddd79","HEAD","totoro","fixed_1",TRUE,365.6,0.63221240755385,0.635319559698041,-0.00310715214419022,0.0416666666666667,0.166666666666667,FALSE,NA
5796,207,24,"MNAR",FALSE,"F1",100,1,0.3,50724,"6fddd79","HEAD","totoro","fixed_1",TRUE,71.589,0.571831304161763,0.591265046794509,-0.0194337426327461,0.435526315789474,0.5,FALSE,NA
5797,208,24,"MNAR",FALSE,"F2",100,1,0.3,50824,"6fddd79","HEAD","totoro","fixed_1",TRUE,75.522,0.636303996130203,0.666485440589692,-0.0301814444594889,0.347222222222222,0.5,FALSE,NA
5798,209,24,"MNAR",FALSE,"F3",100,1,0.3,50924,"6fddd79","HEAD","totoro","fixed_1",TRUE,74.633,0.487777484558842,0.498603156825944,-0.0108256722671023,0.05,0.166666666666667,TRUE,NA
5799,210,24,"MNAR",FALSE,"F1",300,1,0.3,51024,"6fddd79","HEAD","totoro","fixed_1",TRUE,95.993,0.726031310876944,0.726031310202872,6.74071909401164e-10,0,0,FALSE,NA
5800,211,24,"MNAR",FALSE,"F2",300,1,0.3,51124,"6fddd79","HEAD","totoro","fixed_1",TRUE,94.375,0.883555425280662,0.902067849382874,-0.0185124241022128,0.25,0.25,FALSE,NA
5801,212,24,"MNAR",FALSE,"F3",300,1,0.3,51224,"6fddd79","HEAD","totoro","fixed_1",TRUE,89.385,0.494457614771857,0.508080233593618,-0.0136226188217615,0.166666666666667,0.166666666666667,FALSE,NA
5802,213,24,"MNAR",FALSE,"F1",1000,1,0.3,51324,"6fddd79","HEAD","totoro","fixed_1",TRUE,350.201,0.534474742978106,0.535850992296527,-0.00137624931842051,0.2375,0.25,FALSE,NA
5803,214,24,"MNAR",FALSE,"F2",1000,1,0.3,51424,"6fddd79","HEAD","totoro","fixed_1",TRUE,356.108,0.563883369647554,0.579720287897166,-0.0158369182496114,0.460526315789474,0.5,FALSE,NA
5804,215,24,"MNAR",FALSE,"F3",1000,1,0.3,51524,"6fddd79","HEAD","totoro","fixed_1",TRUE,372.594,0.471562516189553,0.48028344683085,-0.00872093064129703,0.15,0.5,FALSE,NA
5805,216,24,"MNAR",FALSE,"F1",100,0.2,0.5,51624,"6fddd79","HEAD","totoro","fixed_1",TRUE,74.351,0.937900804271416,0.890630199359003,0.047270604912413,0.5,0.5,FALSE,NA
5806,217,24,"MNAR",FALSE,"F2",100,0.2,0.5,51724,"6fddd79","HEAD","totoro","fixed_1",TRUE,75.99,1.07920032281061,1.07723823283629,0.00196208997432157,0,0,TRUE,NA
5807,218,24,"MNAR",FALSE,"F3",100,0.2,0.5,51824,"6fddd79","HEAD","totoro","fixed_1",TRUE,80.735,0.599348712683228,0.660108186238778,-0.0607594735555501,0,0,TRUE,NA
5808,219,24,"MNAR",FALSE,"F1",300,0.2,0.5,51924,"6fddd79","HEAD","totoro","fixed_1",TRUE,91.047,0.856733860282357,0.848498473901606,0.00823538638075128,0,0,TRUE,NA
5809,220,24,"MNAR",FALSE,"F2",300,0.2,0.5,52024,"6fddd79","HEAD","totoro","fixed_1",TRUE,88.074,1.08741397919353,1.08077602488559,0.00663795430793468,0,0,TRUE,NA
5810,221,24,"MNAR",FALSE,"F3",300,0.2,0.5,52124,"6fddd79","HEAD","totoro","fixed_1",TRUE,90.629,0.745907829217033,0.777765576192523,-0.0318577469754897,0.166666666666667,0.166666666666667,TRUE,NA
5811,222,24,"MNAR",FALSE,"F1",1000,0.2,0.5,52224,"6fddd79","HEAD","totoro","fixed_1",TRUE,274.193,0.962611913548223,0.962611913134523,4.13699963175418e-10,0,0,FALSE,NA
5812,223,24,"MNAR",FALSE,"F2",1000,0.2,0.5,52324,"6fddd79","HEAD","totoro","fixed_1",TRUE,282.911,0.860968847797926,0.889838671451137,-0.0288698236532112,0.5,0.5,FALSE,NA
5813,224,24,"MNAR",FALSE,"F3",1000,0.2,0.5,52424,"6fddd79","HEAD","totoro","fixed_1",TRUE,287.288,0.706324153210773,0.717129453195173,-0.0108052999843999,0,0,TRUE,NA
5814,225,24,"MNAR",FALSE,"F1",100,0.5,0.5,52524,"6fddd79","HEAD","totoro","fixed_1",TRUE,79.852,0.721012187711022,0.820413405482641,-0.0994012177716193,0.5,0.5,TRUE,NA
5815,226,24,"MNAR",FALSE,"F2",100,0.5,0.5,52624,"6fddd79","HEAD","totoro","fixed_1",TRUE,77.872,0.711273454441992,0.717217180939076,-0.00594372649708363,0.525,0.75,TRUE,NA
5816,227,24,"MNAR",FALSE,"F3",100,0.5,0.5,52724,"6fddd79","HEAD","totoro","fixed_1",TRUE,78.785,0.647642793516303,0.573447598726039,0.0741951947902646,0,0,TRUE,NA
5817,228,24,"MNAR",FALSE,"F1",300,0.5,0.5,52824,"6fddd79","HEAD","totoro","fixed_1",TRUE,92.45,0.953238771085683,0.956998956073504,-0.00376018498782071,0.447368421052632,0.5,TRUE,NA
5818,229,24,"MNAR",FALSE,"F2",300,0.5,0.5,52924,"6fddd79","HEAD","totoro","fixed_1",TRUE,90.13,0.940134033296164,0.979333544956344,-0.0391995116601797,0.473684210526316,0.5,TRUE,NA
5819,230,24,"MNAR",FALSE,"F3",300,0.5,0.5,53024,"6fddd79","HEAD","totoro","fixed_1",TRUE,96.677,0.723958526488161,0.701320572907591,0.0226379535805696,0.166666666666667,0.166666666666667,TRUE,NA
5820,231,24,"MNAR",FALSE,"F1",1000,0.5,0.5,53124,"6fddd79","HEAD","totoro","fixed_1",TRUE,273.835,0.832127998082518,0.8348250118578,-0.00269701377528264,0.075,0.25,FALSE,NA
5821,232,24,"MNAR",FALSE,"F2",1000,0.5,0.5,53224,"6fddd79","HEAD","totoro","fixed_1",TRUE,273.021,0.855161405322022,0.881176433073606,-0.0260150277515836,0.263888888888889,0.5,FALSE,NA
5822,233,24,"MNAR",FALSE,"F3",1000,0.5,0.5,53324,"6fddd79","HEAD","totoro","fixed_1",TRUE,271.547,0.630191256961074,0.650069466114871,-0.0198782091537967,0,0,TRUE,NA
5823,234,24,"MNAR",FALSE,"F1",100,1,0.5,53424,"6fddd79","HEAD","totoro","fixed_1",TRUE,80.631,0.832040842807532,0.786148541056151,0.0458923017513808,0.5,0.5,FALSE,NA
5824,235,24,"MNAR",FALSE,"F2",100,1,0.5,53524,"6fddd79","HEAD","totoro","fixed_1",TRUE,80.209,0.879128898558744,0.8888153123689,-0.009686413810156,0.607142857142857,0.75,FALSE,NA
5825,236,24,"MNAR",FALSE,"F3",100,1,0.5,53624,"6fddd79","HEAD","totoro","fixed_1",TRUE,86.055,0.182521087845896,0.201353069269057,-0.0188319814231613,0,0,TRUE,NA
5826,237,24,"MNAR",FALSE,"F1",300,1,0.5,53724,"6fddd79","HEAD","totoro","fixed_1",TRUE,96.603,0.449958041209968,0.44995804199948,-7.8951167825636e-10,0,0,FALSE,NA
5827,238,24,"MNAR",FALSE,"F2",300,1,0.5,53824,"6fddd79","HEAD","totoro","fixed_1",TRUE,86.24,0.563191199236352,0.563829455204129,-0.000638255967776669,0.2625,0.5,FALSE,NA
5828,239,24,"MNAR",FALSE,"F3",300,1,0.5,53924,"6fddd79","HEAD","totoro","fixed_1",TRUE,97.222,0.681330976804775,0.669426213560904,0.0119047632438715,0,0,TRUE,NA
5829,240,24,"MNAR",FALSE,"F1",1000,1,0.5,54024,"6fddd79","HEAD","totoro","fixed_1",TRUE,298.426,0.456083068739804,0.456083066553948,2.18585621825085e-09,0,0,FALSE,NA
5830,241,24,"MNAR",FALSE,"F2",1000,1,0.5,54124,"6fddd79","HEAD","totoro","fixed_1",TRUE,268.524,0.658693015970098,0.664206100245485,-0.00551308427538721,0.5,0.5,FALSE,NA
5831,242,24,"MNAR",FALSE,"F3",1000,1,0.5,54224,"6fddd79","HEAD","totoro","fixed_1",TRUE,265.688,0.50779569631411,0.4946378021318,0.0131578941823093,0,0,FALSE,NA
5994,162,25,"MNAR",FALSE,"F1",100,0.2,0.1,46225,"6fddd79","HEAD","totoro","fixed_1",TRUE,78.542,0.960295178055169,0.941437734386788,0.0188574436683805,0,0,TRUE,NA
5995,163,25,"MNAR",FALSE,"F2",100,0.2,0.1,46325,"6fddd79","HEAD","totoro","fixed_1",TRUE,77.389,0.800907146071791,0.786946515934238,0.013960630137553,0.75,0.75,TRUE,NA
5996,164,25,"MNAR",FALSE,"F3",100,0.2,0.1,46425,"6fddd79","HEAD","totoro","fixed_1",TRUE,88.455,0.631970138425356,0.563409162822642,0.0685609756027139,0,0,TRUE,NA
5997,165,25,"MNAR",FALSE,"F1",300,0.2,0.1,46525,"6fddd79","HEAD","totoro","fixed_1",TRUE,106.927,0.874590013433233,0.887271952117748,-0.0126819386845145,0.7125,0.75,FALSE,NA
5998,166,25,"MNAR",FALSE,"F2",300,0.2,0.1,46625,"6fddd79","HEAD","totoro","fixed_1",TRUE,107.339,0.796771935964122,0.878427409494884,-0.0816554735307621,0.5,0.5,TRUE,NA
5999,167,25,"MNAR",FALSE,"F3",300,0.2,0.1,46725,"6fddd79","HEAD","totoro","fixed_1",TRUE,111.105,0.792348787101874,0.81934793299091,-0.0269991458890361,0,0,TRUE,NA
6000,168,25,"MNAR",FALSE,"F1",1000,0.2,0.1,46825,"6fddd79","HEAD","totoro","fixed_1",TRUE,534.3,1.05850577308307,1.0515894615817,0.00691631150136662,0,0,FALSE,NA
6001,169,25,"MNAR",FALSE,"F2",1000,0.2,0.1,46925,"6fddd79","HEAD","totoro","fixed_1",TRUE,485.571,0.957397132326398,0.950102813657887,0.00729431866851127,0.1875,0.25,TRUE,NA
6002,170,25,"MNAR",FALSE,"F3",1000,0.2,0.1,47025,"6fddd79","HEAD","totoro","fixed_1",TRUE,507.002,0.752399758124992,0.766862568160697,-0.0144628100357046,0,0,FALSE,NA
6003,171,25,"MNAR",FALSE,"F1",100,0.5,0.1,47125,"6fddd79","HEAD","totoro","fixed_1",TRUE,80.455,0.88072867898116,0.886085817503491,-0.00535713852233066,0.7375,0.75,FALSE,NA
6004,172,25,"MNAR",FALSE,"F2",100,0.5,0.1,47225,"6fddd79","HEAD","totoro","fixed_1",TRUE,84.925,0.752002844398369,0.890138428565753,-0.138135584167384,0.714285714285714,0.75,TRUE,NA
6005,173,25,"MNAR",FALSE,"F3",100,0.5,0.1,47325,"6fddd79","HEAD","totoro","fixed_1",TRUE,79.61,0.66670294421242,0.620972634471691,0.0457303097407293,0.166666666666667,0.166666666666667,TRUE,NA
6006,174,25,"MNAR",FALSE,"F1",300,0.5,0.1,47425,"6fddd79","HEAD","totoro","fixed_1",TRUE,106.648,0.837137910703739,0.857199334213489,-0.0200614235097496,0.25,0.25,FALSE,NA
6007,175,25,"MNAR",FALSE,"F2",300,0.5,0.1,47525,"6fddd79","HEAD","totoro","fixed_1",TRUE,104.307,0.904564721577751,0.975065684184657,-0.0705009626069052,0.451315789473684,0.75,FALSE,NA
6008,176,25,"MNAR",FALSE,"F3",300,0.5,0.1,47625,"6fddd79","HEAD","totoro","fixed_1",TRUE,111.081,0.837414243350726,0.788782017884454,0.0486322254662712,0.166666666666667,0.166666666666667,TRUE,NA
6009,177,25,"MNAR",FALSE,"F1",1000,0.5,0.1,47725,"6fddd79","HEAD","totoro","fixed_1",TRUE,472.827,0.829387113613779,0.829492411491949,-0.00010529787816993,0.1,0.25,FALSE,NA
6010,178,25,"MNAR",FALSE,"F2",1000,0.5,0.1,47825,"6fddd79","HEAD","totoro","fixed_1",TRUE,502.788,0.910566587597731,0.950336834446367,-0.0397702468486364,0.5,0.5,FALSE,NA
6011,179,25,"MNAR",FALSE,"F3",1000,0.5,0.1,47925,"6fddd79","HEAD","totoro","fixed_1",TRUE,498.259,0.727060091627917,0.714805189659918,0.0122549019679986,0,0,TRUE,NA
6012,180,25,"MNAR",FALSE,"F1",100,1,0.1,48025,"6fddd79","HEAD","totoro","fixed_1",TRUE,82.078,0.520541761638149,0.506259487888994,0.0142822737491555,0.194078947368421,0.5,FALSE,NA
6013,181,25,"MNAR",FALSE,"F2",100,1,0.1,48125,"6fddd79","HEAD","totoro","fixed_1",TRUE,78.834,0.509933040787261,0.582523038936218,-0.0725899981489566,0.475,0.5,FALSE,NA
6014,182,25,"MNAR",FALSE,"F3",100,1,0.1,48225,"6fddd79","HEAD","totoro","fixed_1",TRUE,86.59,0.577095627333943,0.585221787832396,-0.00812616049845283,0.166666666666667,0.166666666666667,FALSE,NA
6015,183,25,"MNAR",FALSE,"F1",300,1,0.1,48325,"6fddd79","HEAD","totoro","fixed_1",TRUE,106.763,0.565053539670026,0.562879600988639,0.00217393868138627,0.325735294117647,0.5,FALSE,NA
6016,184,25,"MNAR",FALSE,"F2",300,1,0.1,48425,"6fddd79","HEAD","totoro","fixed_1",TRUE,93.878,0.563604853466056,0.582144816257952,-0.018539962791896,0.347222222222222,0.5,FALSE,NA
6017,185,25,"MNAR",FALSE,"F3",300,1,0.1,48525,"6fddd79","HEAD","totoro","fixed_1",TRUE,107.027,0.581532141906773,0.580822436927791,0.000709704978981818,0.140350877192982,0.166666666666667,FALSE,NA
6018,186,25,"MNAR",FALSE,"F1",1000,1,0.1,48625,"6fddd79","HEAD","totoro","fixed_1",TRUE,509.306,0.472675660327121,0.473825473080858,-0.00114981275373643,0.1,0.5,FALSE,NA
6019,187,25,"MNAR",FALSE,"F2",1000,1,0.1,48725,"6fddd79","HEAD","totoro","fixed_1",TRUE,488.792,0.506878135487076,0.536485940829015,-0.0296078053419391,0.425,0.5,FALSE,NA
6020,188,25,"MNAR",FALSE,"F3",1000,1,0.1,48825,"6fddd79","HEAD","totoro","fixed_1",TRUE,469.685,0.462389124873261,0.4669878406129,-0.00459871573963916,0,0,FALSE,NA
6021,189,25,"MNAR",FALSE,"F1",100,0.2,0.3,48925,"6fddd79","HEAD","totoro","fixed_1",TRUE,83.038,0.98139159696956,0.975619404056114,0.00577219291344666,0.0875,0.25,TRUE,NA
6022,190,25,"MNAR",FALSE,"F2",100,0.2,0.3,49025,"6fddd79","HEAD","totoro","fixed_1",TRUE,83.436,0.82860621408253,1.01019898025921,-0.18159276617668,0.25,0.25,TRUE,NA
6023,191,25,"MNAR",FALSE,"F3",100,0.2,0.3,49125,"6fddd79","HEAD","totoro","fixed_1",TRUE,77.13,0.67755311032354,0.684799423753403,-0.00724631342986359,0,0,TRUE,NA
6024,192,25,"MNAR",FALSE,"F1",300,0.2,0.3,49225,"6fddd79","HEAD","totoro","fixed_1",TRUE,94.736,0.913499743903329,0.913499743834022,6.9307004579855e-11,0,0,FALSE,NA
6025,193,25,"MNAR",FALSE,"F2",300,0.2,0.3,49325,"6fddd79","HEAD","totoro","fixed_1",TRUE,98.985,0.955034798877498,0.977125006798672,-0.0220902079211742,0.25,0.25,TRUE,NA
6026,194,25,"MNAR",FALSE,"F3",300,0.2,0.3,49425,"6fddd79","HEAD","totoro","fixed_1",TRUE,101.242,0.733282593728855,0.729799814990121,0.00348277873873404,0,0,TRUE,NA
6027,195,25,"MNAR",FALSE,"F1",1000,0.2,0.3,49525,"6fddd79","HEAD","totoro","fixed_1",TRUE,369.631,0.966449556858754,0.963335046419868,0.00311451043888655,0.25,0.25,FALSE,NA
6028,196,25,"MNAR",FALSE,"F2",1000,0.2,0.3,49625,"6fddd79","HEAD","totoro","fixed_1",TRUE,374.247,0.869412801693023,0.91096236703226,-0.0415495653392373,0.75,0.75,FALSE,NA
6029,197,25,"MNAR",FALSE,"F3",1000,0.2,0.3,49725,"6fddd79","HEAD","totoro","fixed_1",TRUE,357.207,0.707389070331457,0.738715543994041,-0.0313264736625841,0.241666666666667,0.666666666666667,FALSE,NA
6030,198,25,"MNAR",FALSE,"F1",100,0.5,0.3,49825,"6fddd79","HEAD","totoro","fixed_1",TRUE,79.699,1.13042630518747,1.10417798740464,0.0262483177828321,0.5,0.5,TRUE,NA
6031,199,25,"MNAR",FALSE,"F2",100,0.5,0.3,49925,"6fddd79","HEAD","totoro","fixed_1",TRUE,79.529,0.755554778903252,0.670430029348535,0.085124749554717,0.5,0.5,TRUE,NA
6032,200,25,"MNAR",FALSE,"F3",100,0.5,0.3,50025,"6fddd79","HEAD","totoro","fixed_1",TRUE,81.799,0.732228023207827,0.78060237532793,-0.0483743521201031,0,0,TRUE,NA
6033,201,25,"MNAR",FALSE,"F1",300,0.5,0.3,50125,"6fddd79","HEAD","totoro","fixed_1",TRUE,101.003,0.867891375613767,0.871216700025762,-0.0033253244119954,0,0,FALSE,NA
6034,202,25,"MNAR",FALSE,"F2",300,0.5,0.3,50225,"6fddd79","HEAD","totoro","fixed_1",TRUE,90.961,0.914730548151999,0.95930990343581,-0.0445793552838107,0.539473684210526,0.75,TRUE,NA
6035,203,25,"MNAR",FALSE,"F3",300,0.5,0.3,50325,"6fddd79","HEAD","totoro","fixed_1",TRUE,96.776,0.585325116292693,0.604627651752805,-0.0193025354601121,0.116666666666667,0.166666666666667,TRUE,NA
6036,204,25,"MNAR",FALSE,"F1",1000,0.5,0.3,50425,"6fddd79","HEAD","totoro","fixed_1",TRUE,387.477,0.847432324849742,0.846323131788014,0.00110919306172863,0.1875,0.25,FALSE,NA
6037,205,25,"MNAR",FALSE,"F2",1000,0.5,0.3,50525,"6fddd79","HEAD","totoro","fixed_1",TRUE,358.121,0.929915201390173,0.944261149456371,-0.0143459480661984,0.570394736842105,0.75,FALSE,NA
6038,206,25,"MNAR",FALSE,"F3",1000,0.5,0.3,50625,"6fddd79","HEAD","totoro","fixed_1",TRUE,373.127,0.671258829635749,0.671258828992767,6.42981667908771e-10,0,0,FALSE,NA
6039,207,25,"MNAR",FALSE,"F1",100,1,0.3,50725,"6fddd79","HEAD","totoro","fixed_1",TRUE,77.954,0.760740343664205,0.777507007031921,-0.0167666633677157,0.5,0.5,FALSE,NA
6040,208,25,"MNAR",FALSE,"F2",100,1,0.3,50825,"6fddd79","HEAD","totoro","fixed_1",TRUE,78.088,0.544262848242951,0.660608766424287,-0.116345918181336,0.5,0.5,TRUE,NA
6041,209,25,"MNAR",FALSE,"F3",100,1,0.3,50925,"6fddd79","HEAD","totoro","fixed_1",TRUE,86.058,0.49568061130667,0.495680612360822,-1.05415270956755e-09,0,0,TRUE,NA
6042,210,25,"MNAR",FALSE,"F1",300,1,0.3,51025,"6fddd79","HEAD","totoro","fixed_1",TRUE,100.229,0.554877757949004,0.549040001747905,0.00583775620109972,0.632236842105263,0.75,FALSE,NA
6043,211,25,"MNAR",FALSE,"F2",300,1,0.3,51125,"6fddd79","HEAD","totoro","fixed_1",TRUE,104.667,0.818469060206324,0.820350903640351,-0.0018818434340262,0.580921052631579,0.75,FALSE,NA
6044,212,25,"MNAR",FALSE,"F3",300,1,0.3,51225,"6fddd79","HEAD","totoro","fixed_1",TRUE,100.349,0.415352161363517,0.413171243370791,0.00218091799272596,0,0,FALSE,NA
6045,213,25,"MNAR",FALSE,"F1",1000,1,0.3,51325,"6fddd79","HEAD","totoro","fixed_1",TRUE,372.028,0.576942372675856,0.578180183025214,-0.00123781034935866,0.275,0.5,FALSE,NA
6046,214,25,"MNAR",FALSE,"F2",1000,1,0.3,51425,"6fddd79","HEAD","totoro","fixed_1",TRUE,399.914,0.565652634873018,0.577279922945417,-0.0116272880723989,0.25,0.25,FALSE,NA
6047,215,25,"MNAR",FALSE,"F3",1000,1,0.3,51525,"6fddd79","HEAD","totoro","fixed_1",TRUE,344.811,0.506655011722604,0.510152518814754,-0.00349750709215035,0.141666666666667,0.166666666666667,FALSE,NA
6048,216,25,"MNAR",FALSE,"F1",100,0.2,0.5,51625,"6fddd79","HEAD","totoro","fixed_1",TRUE,85.846,1.12631453466397,1.08490839278105,0.041406141882921,0.25,0.25,TRUE,NA
6049,217,25,"MNAR",FALSE,"F2",100,0.2,0.5,51725,"6fddd79","HEAD","totoro","fixed_1",TRUE,82.233,1.05818469998743,1.03178853770413,0.0263961622833002,0,0,TRUE,NA
6050,218,25,"MNAR",FALSE,"F3",100,0.2,0.5,51825,"6fddd79","HEAD","totoro","fixed_1",TRUE,77.768,0.612721523388731,0.633559882908883,-0.0208383595201513,0,0,TRUE,NA
6051,219,25,"MNAR",FALSE,"F1",300,0.2,0.5,51925,"6fddd79","HEAD","totoro","fixed_1",TRUE,91.074,0.823171330040537,0.803014070721953,0.0201572593185837,0.25,0.25,TRUE,NA
6052,220,25,"MNAR",FALSE,"F2",300,0.2,0.5,52025,"6fddd79","HEAD","totoro","fixed_1",TRUE,93.409,0.847500764463494,0.884768288395179,-0.0372675239316853,0.5,0.5,FALSE,NA
6053,221,25,"MNAR",FALSE,"F3",300,0.2,0.5,52125,"6fddd79","HEAD","totoro","fixed_1",TRUE,86.485,0.591382341502586,0.61534935292502,-0.0239670114224334,0.166666666666667,0.166666666666667,TRUE,NA
6054,222,25,"MNAR",FALSE,"F1",1000,0.2,0.5,52225,"6fddd79","HEAD","totoro","fixed_1",TRUE,288.604,0.983702368760251,0.982457218287376,0.00124515047287432,0.575,0.75,FALSE,NA
6055,223,25,"MNAR",FALSE,"F2",1000,0.2,0.5,52325,"6fddd79","HEAD","totoro","fixed_1",TRUE,307.113,1.04803222209761,1.0650431334172,-0.0170109113195918,0.25,0.25,FALSE,NA
6056,224,25,"MNAR",FALSE,"F3",1000,0.2,0.5,52425,"6fddd79","HEAD","totoro","fixed_1",TRUE,279.06,0.723123043153625,0.735984991356535,-0.0128619482029096,0,0,TRUE,NA
6057,225,25,"MNAR",FALSE,"F1",100,0.5,0.5,52525,"6fddd79","HEAD","totoro","fixed_1",TRUE,83.834,0.640961217122444,0.653492478533851,-0.0125312614114067,0.5,0.75,FALSE,NA
6058,226,25,"MNAR",FALSE,"F2",100,0.5,0.5,52625,"6fddd79","HEAD","totoro","fixed_1",TRUE,77.713,0.869946854496653,0.963420784792322,-0.0934739302956689,0,0,TRUE,NA
6059,227,25,"MNAR",FALSE,"F3",100,0.5,0.5,52725,"6fddd79","HEAD","totoro","fixed_1",TRUE,82.206,0.768388910998199,0.777274526258472,-0.00888561526027354,0.166666666666667,0.166666666666667,TRUE,NA
6060,228,25,"MNAR",FALSE,"F1",300,0.5,0.5,52825,"6fddd79","HEAD","totoro","fixed_1",TRUE,87.69,0.761008026240896,0.759788005369184,0.00122002087171214,0.3,0.5,FALSE,NA
6061,229,25,"MNAR",FALSE,"F2",300,0.5,0.5,52925,"6fddd79","HEAD","totoro","fixed_1",TRUE,94.041,0.811893152401141,0.854449475758372,-0.0425563233572319,0.25,0.25,TRUE,NA
6062,230,25,"MNAR",FALSE,"F3",300,0.5,0.5,53025,"6fddd79","HEAD","totoro","fixed_1",TRUE,87.385,0.745832298360285,0.745832298378462,-1.81773485152803e-11,0,0,TRUE,NA
6063,231,25,"MNAR",FALSE,"F1",1000,0.5,0.5,53125,"6fddd79","HEAD","totoro","fixed_1",TRUE,283.277,0.8636391258811,0.863639126999043,-1.1179432934938e-09,0,0,FALSE,NA
6064,232,25,"MNAR",FALSE,"F2",1000,0.5,0.5,53225,"6fddd79","HEAD","totoro","fixed_1",TRUE,282.049,0.80152939152218,0.823655778523051,-0.0221263870008707,0.5,0.5,FALSE,NA
6065,233,25,"MNAR",FALSE,"F3",1000,0.5,0.5,53325,"6fddd79","HEAD","totoro","fixed_1",TRUE,280.76,0.663387386103286,0.667914882995953,-0.00452749689266718,0.0916666666666667,0.166666666666667,TRUE,NA
6066,234,25,"MNAR",FALSE,"F1",100,1,0.5,53425,"6fddd79","HEAD","totoro","fixed_1",TRUE,72.064,0.926273082525952,0.754079119557371,0.172193962968581,0.204545454545455,0.25,TRUE,NA
6067,235,25,"MNAR",FALSE,"F2",100,1,0.5,53525,"6fddd79","HEAD","totoro","fixed_1",TRUE,89.696,0.824155014855456,0.78757275350131,0.0365822613541457,0,0,TRUE,NA
6068,236,25,"MNAR",FALSE,"F3",100,1,0.5,53625,"6fddd79","HEAD","totoro","fixed_1",TRUE,89.454,0.624009256063039,0.603355262665475,0.0206539933975641,0,0,TRUE,NA
6069,237,25,"MNAR",FALSE,"F1",300,1,0.5,53725,"6fddd79","HEAD","totoro","fixed_1",TRUE,100.26,0.521921646932659,0.521921649978829,-3.04617064905699e-09,0,0,FALSE,NA
6070,238,25,"MNAR",FALSE,"F2",300,1,0.5,53825,"6fddd79","HEAD","totoro","fixed_1",TRUE,99.731,0.52291854862916,0.615625851571192,-0.0927073029420327,0.4625,0.5,FALSE,NA
6071,239,25,"MNAR",FALSE,"F3",300,1,0.5,53925,"6fddd79","HEAD","totoro","fixed_1",TRUE,93.988,0.524406782719253,0.546158737184306,-0.0217519544650535,0,0,TRUE,NA
6072,240,25,"MNAR",FALSE,"F1",1000,1,0.5,54025,"6fddd79","HEAD","totoro","fixed_1",TRUE,276.664,0.505654499975375,0.50565449894552,1.02985475702866e-09,0,0,FALSE,NA
6073,241,25,"MNAR",FALSE,"F2",1000,1,0.5,54125,"6fddd79","HEAD","totoro","fixed_1",TRUE,282.343,0.594220065836762,0.594220062749486,3.08727643449913e-09,0,0,FALSE,NA
6074,242,25,"MNAR",FALSE,"F3",1000,1,0.5,54225,"6fddd79","HEAD","totoro","fixed_1",TRUE,288.011,0.448966793724351,0.44302477642323,0.00594201730112026,0,0,FALSE,NA
6237,162,26,"MNAR",FALSE,"F1",100,0.2,0.1,46226,"6fddd79","HEAD","totoro","fixed_1",TRUE,85.002,0.958193815571033,0.996980946940913,-0.0387871313698798,0.75,0.75,TRUE,NA
6238,163,26,"MNAR",FALSE,"F2",100,0.2,0.1,46326,"6fddd79","HEAD","totoro","fixed_1",TRUE,73.768,0.732737834753913,0.812414333746854,-0.0796764989929409,0.472222222222222,0.5,TRUE,NA
6239,164,26,"MNAR",FALSE,"F3",100,0.2,0.1,46426,"6fddd79","HEAD","totoro","fixed_1",TRUE,86.08,0.789537187833323,0.751595944043658,0.0379412437896648,0.166666666666667,0.166666666666667,TRUE,NA
6240,165,26,"MNAR",FALSE,"F1",300,0.2,0.1,46526,"6fddd79","HEAD","totoro","fixed_1",TRUE,95.669,1.02261226718307,1.0117601311201,0.0108521360629639,0,0,TRUE,NA
6241,166,26,"MNAR",FALSE,"F2",300,0.2,0.1,46626,"6fddd79","HEAD","totoro","fixed_1",TRUE,91.765,0.941909535181318,0.94120050435232,0.000709030828998092,0.1375,0.25,TRUE,NA
6242,167,26,"MNAR",FALSE,"F3",300,0.2,0.1,46726,"6fddd79","HEAD","totoro","fixed_1",TRUE,93.282,0.683274042792426,0.700205747124954,-0.0169317043325279,0.130952380952381,0.166666666666667,TRUE,NA
6243,168,26,"MNAR",FALSE,"F1",1000,0.2,0.1,46826,"6fddd79","HEAD","totoro","fixed_1",TRUE,506.727,1.02230145268822,1.03225125470695,-0.00994980201872697,0.25,0.25,FALSE,NA
6244,169,26,"MNAR",FALSE,"F2",1000,0.2,0.1,46926,"6fddd79","HEAD","totoro","fixed_1",TRUE,499.907,0.878604345210898,0.928343214056869,-0.0497388688459706,0.75,0.75,FALSE,NA
6245,170,26,"MNAR",FALSE,"F3",1000,0.2,0.1,47026,"6fddd79","HEAD","totoro","fixed_1",TRUE,485.951,0.706074424438338,0.706074424478686,-4.03480582278348e-11,0,0,FALSE,NA
6246,171,26,"MNAR",FALSE,"F1",100,0.5,0.1,47126,"6fddd79","HEAD","totoro","fixed_1",TRUE,80.049,0.914036422628643,0.91641184660586,-0.00237542397721602,0.25,0.25,FALSE,NA
6247,172,26,"MNAR",FALSE,"F2",100,0.5,0.1,47226,"6fddd79","HEAD","totoro","fixed_1",TRUE,78.009,0.692367167949765,0.828727290944509,-0.136360122994744,0.4,0.5,TRUE,NA
6248,173,26,"MNAR",FALSE,"F3",100,0.5,0.1,47326,"6fddd79","HEAD","totoro","fixed_1",TRUE,69.765,0.774651225219912,0.828592247883589,-0.0539410226636763,0,0,TRUE,NA
6249,174,26,"MNAR",FALSE,"F1",300,0.5,0.1,47426,"6fddd79","HEAD","totoro","fixed_1",TRUE,102.341,0.97200888992035,0.959036768931153,0.0129721209891971,0,0,TRUE,NA
6250,175,26,"MNAR",FALSE,"F2",300,0.5,0.1,47526,"6fddd79","HEAD","totoro","fixed_1",TRUE,100.084,0.967647456396247,0.97109709389541,-0.00344963749916372,0.5,0.5,FALSE,NA
6251,176,26,"MNAR",FALSE,"F3",300,0.5,0.1,47626,"6fddd79","HEAD","totoro","fixed_1",TRUE,107.03,0.684636601498674,0.694964163240767,-0.0103275617420924,0.0833333333333333,0.166666666666667,TRUE,NA
6252,177,26,"MNAR",FALSE,"F1",1000,0.5,0.1,47726,"6fddd79","HEAD","totoro","fixed_1",TRUE,461.233,0.832257122747864,0.832257121760882,9.86982606754339e-10,0,0,FALSE,NA
6253,178,26,"MNAR",FALSE,"F2",1000,0.5,0.1,47826,"6fddd79","HEAD","totoro","fixed_1",TRUE,446.851,0.779120615048225,0.801282640640938,-0.022162025592713,0.7625,1,FALSE,NA
6254,179,26,"MNAR",FALSE,"F3",1000,0.5,0.1,47926,"6fddd79","HEAD","totoro","fixed_1",TRUE,458.492,0.630951580425855,0.615452397646723,0.0154991827791316,0.175,0.333333333333333,FALSE,NA
6255,180,26,"MNAR",FALSE,"F1",100,1,0.1,48026,"6fddd79","HEAD","totoro","fixed_1",TRUE,75.961,0.68438086677174,0.698301505947413,-0.0139206391756731,0.1,0.25,FALSE,NA
6256,181,26,"MNAR",FALSE,"F2",100,1,0.1,48126,"6fddd79","HEAD","totoro","fixed_1",TRUE,74.122,0.658450161527495,0.715940189214856,-0.0574900276873617,0.380185758513932,0.75,FALSE,NA
6257,182,26,"MNAR",FALSE,"F3",100,1,0.1,48226,"6fddd79","HEAD","totoro","fixed_1",TRUE,76.631,0.622242045041695,0.604797546106648,0.0174444989350475,0.25,0.333333333333333,TRUE,NA
6258,183,26,"MNAR",FALSE,"F1",300,1,0.1,48326,"6fddd79","HEAD","totoro","fixed_1",TRUE,89.562,0.62082727838907,0.628517012194246,-0.00768973380517624,0.474342105263158,0.5,FALSE,NA
6259,184,26,"MNAR",FALSE,"F2",300,1,0.1,48426,"6fddd79","HEAD","totoro","fixed_1",TRUE,101.364,0.577930055146191,0.615495912491387,-0.0375658573451968,0.935526315789474,1,FALSE,NA
6260,185,26,"MNAR",FALSE,"F3",300,1,0.1,48526,"6fddd79","HEAD","totoro","fixed_1",TRUE,112.431,0.473076642380541,0.428594333081509,0.0444823092990315,0.0754385964912281,0.333333333333333,TRUE,NA
6261,186,26,"MNAR",FALSE,"F1",1000,1,0.1,48626,"6fddd79","HEAD","totoro","fixed_1",TRUE,503.389,0.446389850533308,0.444447215144012,0.00194263538929645,0.225,0.25,FALSE,NA
6262,187,26,"MNAR",FALSE,"F2",1000,1,0.1,48726,"6fddd79","HEAD","totoro","fixed_1",TRUE,476.242,0.558003163013184,0.576343436492139,-0.0183402734789548,0.552631578947368,0.75,FALSE,NA
6263,188,26,"MNAR",FALSE,"F3",1000,1,0.1,48826,"6fddd79","HEAD","totoro","fixed_1",TRUE,463.536,0.54767191052296,0.550040939575462,-0.00236902905250191,0,0,FALSE,NA
6264,189,26,"MNAR",FALSE,"F1",100,0.2,0.3,48926,"6fddd79","HEAD","totoro","fixed_1",TRUE,76.048,1.04731585070777,1.009630619107,0.037685231600769,0,0,TRUE,NA
6265,190,26,"MNAR",FALSE,"F2",100,0.2,0.3,49026,"6fddd79","HEAD","totoro","fixed_1",TRUE,70.333,0.597464641838848,0.689866414650898,-0.0924017728120498,0.5,0.5,TRUE,NA
6266,191,26,"MNAR",FALSE,"F3",100,0.2,0.3,49126,"6fddd79","HEAD","totoro","fixed_1",TRUE,78.117,0.678920209228895,0.688782485290767,-0.00986227606187173,0,0,TRUE,NA
6267,192,26,"MNAR",FALSE,"F1",300,0.2,0.3,49226,"6fddd79","HEAD","totoro","fixed_1",TRUE,92.929,1.04269521150568,1.0196487308713,0.023046480634378,0,0,TRUE,NA
6268,193,26,"MNAR",FALSE,"F2",300,0.2,0.3,49326,"6fddd79","HEAD","totoro","fixed_1",TRUE,94.055,0.968948635782684,0.98160763735174,-0.0126590015690552,0,0,TRUE,NA
6269,194,26,"MNAR",FALSE,"F3",300,0.2,0.3,49426,"6fddd79","HEAD","totoro","fixed_1",TRUE,87.009,0.625730925202222,0.633191996689696,-0.0074610714874731,0,0,TRUE,NA
6270,195,26,"MNAR",FALSE,"F1",1000,0.2,0.3,49526,"6fddd79","HEAD","totoro","fixed_1",TRUE,363.021,0.940405292460494,0.940405292497562,-3.7067238167765e-11,0,0,FALSE,NA
6271,196,26,"MNAR",FALSE,"F2",1000,0.2,0.3,49626,"6fddd79","HEAD","totoro","fixed_1",TRUE,333.495,0.850893307112982,0.886813814835893,-0.0359205077229113,0.5375,0.75,TRUE,NA
6272,197,26,"MNAR",FALSE,"F3",1000,0.2,0.3,49726,"6fddd79","HEAD","totoro","fixed_1",TRUE,350.438,0.676270146075115,0.707647911331466,-0.0313777652563512,0.166666666666667,0.166666666666667,TRUE,NA
6273,198,26,"MNAR",FALSE,"F1",100,0.5,0.3,49826,"6fddd79","HEAD","totoro","fixed_1",TRUE,70.153,0.9008765137893,0.97030740769242,-0.0694308939031197,0.2375,0.25,TRUE,NA
6274,199,26,"MNAR",FALSE,"F2",100,0.5,0.3,49926,"6fddd79","HEAD","totoro","fixed_1",TRUE,81.875,0.815347370490661,1.00977246470148,-0.194425094210819,0.416666666666667,0.5,TRUE,NA
6275,200,26,"MNAR",FALSE,"F3",100,0.5,0.3,50026,"6fddd79","HEAD","totoro","fixed_1",TRUE,82.406,0.746751382854744,0.771948786612721,-0.0251974037579771,0,0,TRUE,NA
6276,201,26,"MNAR",FALSE,"F1",300,0.5,0.3,50126,"6fddd79","HEAD","totoro","fixed_1",TRUE,99.169,0.88182502550602,0.898071106214808,-0.0162460807087884,0.4,0.5,FALSE,NA
6277,202,26,"MNAR",FALSE,"F2",300,0.5,0.3,50226,"6fddd79","HEAD","totoro","fixed_1",TRUE,97.008,0.925614120656721,0.957458138015652,-0.0318440173589305,0.5,0.5,TRUE,NA
6278,203,26,"MNAR",FALSE,"F3",300,0.5,0.3,50326,"6fddd79","HEAD","totoro","fixed_1",TRUE,88.711,0.594684668853295,0.581675134865091,0.0130095339882041,0.0701754385964912,0.166666666666667,FALSE,NA
6279,204,26,"MNAR",FALSE,"F1",1000,0.5,0.3,50426,"6fddd79","HEAD","totoro","fixed_1",TRUE,347.797,0.872610582061589,0.872610582356094,-2.94505642095544e-10,0,0,FALSE,NA
6280,205,26,"MNAR",FALSE,"F2",1000,0.5,0.3,50526,"6fddd79","HEAD","totoro","fixed_1",TRUE,335.758,0.824071385680333,0.835483411918037,-0.0114120262377041,0.4625,0.5,FALSE,NA
6281,206,26,"MNAR",FALSE,"F3",1000,0.5,0.3,50626,"6fddd79","HEAD","totoro","fixed_1",TRUE,336.312,0.675469043353935,0.685995359132899,-0.0105263157789639,0,0,TRUE,NA
6282,207,26,"MNAR",FALSE,"F1",100,1,0.3,50726,"6fddd79","HEAD","totoro","fixed_1",TRUE,68.587,0.646041012630259,0.659521119115975,-0.0134801064857163,0.325,0.5,FALSE,NA
6283,208,26,"MNAR",FALSE,"F2",100,1,0.3,50826,"6fddd79","HEAD","totoro","fixed_1",TRUE,74.571,0.721520823010037,0.707004314363708,0.014516508646329,0.0394736842105263,0.25,FALSE,NA
6284,209,26,"MNAR",FALSE,"F3",100,1,0.3,50926,"6fddd79","HEAD","totoro","fixed_1",TRUE,81.527,0.514394199858579,0.550938643195966,-0.0365444433373865,0.2,0.5,TRUE,NA
6285,210,26,"MNAR",FALSE,"F1",300,1,0.3,51026,"6fddd79","HEAD","totoro","fixed_1",TRUE,90.056,0.506772084810023,0.483056273069297,0.0237158117407262,0.64671052631579,0.75,FALSE,NA
6286,211,26,"MNAR",FALSE,"F2",300,1,0.3,51126,"6fddd79","HEAD","totoro","fixed_1",TRUE,93.836,0.685773845166174,0.694968661878159,-0.00919481671198441,0.511111111111111,0.75,FALSE,NA
6287,212,26,"MNAR",FALSE,"F3",300,1,0.3,51226,"6fddd79","HEAD","totoro","fixed_1",TRUE,93.915,0.543712566417214,0.546938687474771,-0.00322612105755726,0,0,FALSE,NA
6288,213,26,"MNAR",FALSE,"F1",1000,1,0.3,51326,"6fddd79","HEAD","totoro","fixed_1",TRUE,367.485,0.482425229471134,0.482425229560308,-8.9173946005161e-11,0,0,FALSE,NA
6289,214,26,"MNAR",FALSE,"F2",1000,1,0.3,51426,"6fddd79","HEAD","totoro","fixed_1",TRUE,344.389,0.5963174397065,0.612569429208632,-0.0162519895021321,0.611339009287926,0.75,FALSE,NA
6290,215,26,"MNAR",FALSE,"F3",1000,1,0.3,51526,"6fddd79","HEAD","totoro","fixed_1",TRUE,326.737,0.53016573504987,0.53016573603154,-9.81669190380785e-10,0,0,FALSE,NA
6291,216,26,"MNAR",FALSE,"F1",100,0.2,0.5,51626,"6fddd79","HEAD","totoro","fixed_1",TRUE,82.872,1.33771454744649,1.336079228294,0.00163531915248738,0.3,0.5,TRUE,NA
6292,217,26,"MNAR",FALSE,"F2",100,0.2,0.5,51726,"6fddd79","HEAD","totoro","fixed_1",TRUE,76.906,0.781373063384252,0.787477894259234,-0.00610483087498226,0,0,TRUE,NA
6293,218,26,"MNAR",FALSE,"F3",100,0.2,0.5,51826,"6fddd79","HEAD","totoro","fixed_1",TRUE,71.752,0.551116713082112,0.546713560975326,0.0044031521067861,0,0,TRUE,NA
6294,219,26,"MNAR",FALSE,"F1",300,0.2,0.5,51926,"6fddd79","HEAD","totoro","fixed_1",TRUE,91.838,1.02974936905022,1.024156792004,0.00559257704622351,0,0,TRUE,NA
6295,220,26,"MNAR",FALSE,"F2",300,0.2,0.5,52026,"6fddd79","HEAD","totoro","fixed_1",TRUE,88.587,0.864708232615768,0.91438777075495,-0.0496795381391822,0.683333333333333,0.75,TRUE,NA
6296,221,26,"MNAR",FALSE,"F3",300,0.2,0.5,52126,"6fddd79","HEAD","totoro","fixed_1",TRUE,88.626,0.608298672588275,0.637129052995201,-0.0288303804069259,0,0,TRUE,NA
6297,222,26,"MNAR",FALSE,"F1",1000,0.2,0.5,52226,"6fddd79","HEAD","totoro","fixed_1",TRUE,276.757,1.06680710013527,1.04659239062067,0.0202147095146032,0,0,TRUE,NA
6298,223,26,"MNAR",FALSE,"F2",1000,0.2,0.5,52326,"6fddd79","HEAD","totoro","fixed_1",TRUE,280.982,1.00724304871616,1.01578118187141,-0.00853813315525054,0.25,0.25,TRUE,NA
6299,224,26,"MNAR",FALSE,"F3",1000,0.2,0.5,52426,"6fddd79","HEAD","totoro","fixed_1",TRUE,275.189,0.665426454779646,0.665695624241779,-0.000269169462132623,0,0,TRUE,NA
6300,225,26,"MNAR",FALSE,"F1",100,0.5,0.5,52526,"6fddd79","HEAD","totoro","fixed_1",TRUE,75.235,0.951275497974872,0.966310697963175,-0.0150351999883025,0,0,TRUE,NA
6301,226,26,"MNAR",FALSE,"F2",100,0.5,0.5,52626,"6fddd79","HEAD","totoro","fixed_1",TRUE,77.986,0.965114880095321,0.994121274676833,-0.0290063945815122,0.5,0.5,TRUE,NA
6302,227,26,"MNAR",FALSE,"F3",100,0.5,0.5,52726,"6fddd79","HEAD","totoro","fixed_1",TRUE,78.426,0.604353871925725,0.67118420783067,-0.0668303359049445,0,0,TRUE,NA
6303,228,26,"MNAR",FALSE,"F1",300,0.5,0.5,52826,"6fddd79","HEAD","totoro","fixed_1",TRUE,85.48,0.774893825611002,0.791364268012635,-0.0164704424016325,0.5,0.5,FALSE,NA
6304,229,26,"MNAR",FALSE,"F2",300,0.5,0.5,52926,"6fddd79","HEAD","totoro","fixed_1",TRUE,95.279,0.918215582766423,0.996585801584616,-0.0783702188181928,0.673076923076923,0.75,FALSE,NA
6305,230,26,"MNAR",FALSE,"F3",300,0.5,0.5,53026,"6fddd79","HEAD","totoro","fixed_1",TRUE,88.099,0.674876057613836,0.710369414964574,-0.0354933573507387,0.0416666666666667,0.166666666666667,TRUE,NA
6306,231,26,"MNAR",FALSE,"F1",1000,0.5,0.5,53126,"6fddd79","HEAD","totoro","fixed_1",TRUE,271.819,0.861650288317724,0.861650287932264,3.8545977520954e-10,0,0,FALSE,NA
6307,232,26,"MNAR",FALSE,"F2",1000,0.5,0.5,53226,"6fddd79","HEAD","totoro","fixed_1",TRUE,273.012,0.909151099370579,0.917361802053441,-0.00821070268286217,0.546875,0.75,FALSE,NA
6308,233,26,"MNAR",FALSE,"F3",1000,0.5,0.5,53326,"6fddd79","HEAD","totoro","fixed_1",TRUE,275.822,0.666107497709567,0.666040699451955,6.67982576122439e-05,0.158333333333333,0.166666666666667,FALSE,NA
6309,234,26,"MNAR",FALSE,"F1",100,1,0.5,53426,"6fddd79","HEAD","totoro","fixed_1",TRUE,85.289,0.763777069534356,0.760687537168157,0.00308953236619935,0,0,FALSE,NA
6310,235,26,"MNAR",FALSE,"F2",100,1,0.5,53526,"6fddd79","HEAD","totoro","fixed_1",TRUE,79.661,0.627395576772078,0.80146867127607,-0.174073094503992,0.236111111111111,0.25,TRUE,NA
6311,236,26,"MNAR",FALSE,"F3",100,1,0.5,53626,"6fddd79","HEAD","totoro","fixed_1",TRUE,80.372,0.528535093667365,0.513453850087636,0.0150812435797284,0.116666666666667,0.166666666666667,TRUE,NA
6312,237,26,"MNAR",FALSE,"F1",300,1,0.5,53726,"6fddd79","HEAD","totoro","fixed_1",TRUE,100.772,0.692999414752339,0.692999412011913,2.74042588621626e-09,0,0,FALSE,NA
6313,238,26,"MNAR",FALSE,"F2",300,1,0.5,53826,"6fddd79","HEAD","totoro","fixed_1",TRUE,96.833,0.555302682492157,0.617870796839961,-0.0625681143478042,0.5,0.5,FALSE,NA
6314,239,26,"MNAR",FALSE,"F3",300,1,0.5,53926,"6fddd79","HEAD","totoro","fixed_1",TRUE,87.594,0.534417588326896,0.515186821494578,0.0192307668323177,0,0,TRUE,NA
6315,240,26,"MNAR",FALSE,"F1",1000,1,0.5,54026,"6fddd79","HEAD","totoro","fixed_1",TRUE,255.16,0.500507142968763,0.50333697162866,-0.00282982865989678,0.3,0.75,FALSE,NA
6316,241,26,"MNAR",FALSE,"F2",1000,1,0.5,54126,"6fddd79","HEAD","totoro","fixed_1",TRUE,261.635,0.630615366462152,0.629948307195108,0.000667059267043912,0.298684210526316,0.5,FALSE,NA
6317,242,26,"MNAR",FALSE,"F3",1000,1,0.5,54226,"6fddd79","HEAD","totoro","fixed_1",TRUE,265.69,0.515559121893562,0.502658263769988,0.012900858123574,0.0350877192982456,0.166666666666667,FALSE,NA
6480,162,27,"MNAR",FALSE,"F1",100,0.2,0.1,46227,"6fddd79","HEAD","totoro","fixed_1",TRUE,82.399,0.863850980802046,0.910076094389805,-0.046225113587759,0.1125,0.25,TRUE,NA
6481,163,27,"MNAR",FALSE,"F2",100,0.2,0.1,46327,"6fddd79","HEAD","totoro","fixed_1",TRUE,76.612,0.788000213663776,0.842590182753267,-0.0545899690894909,0.25,0.25,TRUE,NA
6482,164,27,"MNAR",FALSE,"F3",100,0.2,0.1,46427,"6fddd79","HEAD","totoro","fixed_1",TRUE,81.576,0.726722749872438,0.649841120464427,0.0768816294080109,0,0,TRUE,NA
6483,165,27,"MNAR",FALSE,"F1",300,0.2,0.1,46527,"6fddd79","HEAD","totoro","fixed_1",TRUE,104.942,0.952136653003474,0.951698136149043,0.000438516854430415,0.210526315789474,0.25,TRUE,NA
6484,166,27,"MNAR",FALSE,"F2",300,0.2,0.1,46627,"6fddd79","HEAD","totoro","fixed_1",TRUE,102.889,0.875657675177453,0.896101779913658,-0.0204441047362052,0.5375,0.75,TRUE,NA
6485,167,27,"MNAR",FALSE,"F3",300,0.2,0.1,46727,"6fddd79","HEAD","totoro","fixed_1",TRUE,104.489,0.639016294705206,0.679575367989761,-0.0405590732845547,0.025,0.166666666666667,TRUE,NA
6486,168,27,"MNAR",FALSE,"F1",1000,0.2,0.1,46827,"6fddd79","HEAD","totoro","fixed_1",TRUE,470.021,0.978106940917605,0.978106940891456,2.61481947205766e-11,0,0,FALSE,NA
6487,169,27,"MNAR",FALSE,"F2",1000,0.2,0.1,46927,"6fddd79","HEAD","totoro","fixed_1",TRUE,444.651,0.902743517584786,0.957780449666232,-0.055036932081446,0.75,0.75,TRUE,NA
6488,170,27,"MNAR",FALSE,"F3",1000,0.2,0.1,47027,"6fddd79","HEAD","totoro","fixed_1",TRUE,477.281,0.706125192826837,0.69960345318737,0.00652173963946701,0,0,FALSE,NA
6489,171,27,"MNAR",FALSE,"F1",100,0.5,0.1,47127,"6fddd79","HEAD","totoro","fixed_1",TRUE,78.067,0.862739441595698,0.862739442952573,-1.35687450164568e-09,0,0,FALSE,NA
6490,172,27,"MNAR",FALSE,"F2",100,0.5,0.1,47227,"6fddd79","HEAD","totoro","fixed_1",TRUE,81.102,0.7413859558784,0.79838591233742,-0.0569999564590193,0.2375,0.25,FALSE,NA
6491,173,27,"MNAR",FALSE,"F3",100,0.5,0.1,47327,"6fddd79","HEAD","totoro","fixed_1",TRUE,78.407,0.626830723661061,0.598434918692463,0.028395804968598,0,0,TRUE,NA
6492,174,27,"MNAR",FALSE,"F1",300,0.5,0.1,47427,"6fddd79","HEAD","totoro","fixed_1",TRUE,106.632,0.988847568761823,0.987669457771071,0.0011781109907516,0.25,0.25,FALSE,NA
6493,175,27,"MNAR",FALSE,"F2",300,0.5,0.1,47527,"6fddd79","HEAD","totoro","fixed_1",TRUE,106.061,0.968526795966411,1.01212881699388,-0.0436020210274674,0.65,0.75,FALSE,NA
6494,176,27,"MNAR",FALSE,"F3",300,0.5,0.1,47627,"6fddd79","HEAD","totoro","fixed_1",TRUE,103.587,0.715214748124911,0.699592616856388,0.0156221312685234,0.166666666666667,0.166666666666667,TRUE,NA
6495,177,27,"MNAR",FALSE,"F1",1000,0.5,0.1,47727,"6fddd79","HEAD","totoro","fixed_1",TRUE,440.928,0.885934908370904,0.890195326900641,-0.00426041852973713,0.1625,0.25,FALSE,NA
6496,178,27,"MNAR",FALSE,"F2",1000,0.5,0.1,47827,"6fddd79","HEAD","totoro","fixed_1",TRUE,430.402,0.816163000892108,0.847188882782692,-0.0310258818905833,0.5,0.5,FALSE,NA
6497,179,27,"MNAR",FALSE,"F3",1000,0.5,0.1,47927,"6fddd79","HEAD","totoro","fixed_1",TRUE,435.458,0.604759990185259,0.604759990371099,-1.85840565158912e-10,0,0,FALSE,NA
6498,180,27,"MNAR",FALSE,"F1",100,1,0.1,48027,"6fddd79","HEAD","totoro","fixed_1",TRUE,80.638,0.467529534567562,0.478404688106381,-0.0108751535388191,0.25,0.25,FALSE,NA
6499,181,27,"MNAR",FALSE,"F2",100,1,0.1,48127,"6fddd79","HEAD","totoro","fixed_1",TRUE,86.186,0.441585212152111,0.470418747731292,-0.0288335355791806,0.672222222222222,0.75,FALSE,NA
6500,182,27,"MNAR",FALSE,"F3",100,1,0.1,48227,"6fddd79","HEAD","totoro","fixed_1",TRUE,84.477,0.322693765714221,0.305984455195371,0.0167093105188497,0,0,FALSE,NA
6501,183,27,"MNAR",FALSE,"F1",300,1,0.1,48327,"6fddd79","HEAD","totoro","fixed_1",TRUE,104.695,0.563963551281908,0.558120965452526,0.00584258582938135,0.1375,0.5,FALSE,NA
6502,184,27,"MNAR",FALSE,"F2",300,1,0.1,48427,"6fddd79","HEAD","totoro","fixed_1",TRUE,106.447,0.603060696603505,0.624019710779458,-0.0209590141759521,0.25,0.25,FALSE,NA
6503,185,27,"MNAR",FALSE,"F3",300,1,0.1,48527,"6fddd79","HEAD","totoro","fixed_1",TRUE,107.631,0.550596965890313,0.537026081249724,0.0135708846405892,0.133333333333333,0.333333333333333,TRUE,NA
6504,186,27,"MNAR",FALSE,"F1",1000,1,0.1,48627,"6fddd79","HEAD","totoro","fixed_1",TRUE,436.866,0.460568823082892,0.457462766319563,0.00310605676332937,0.140789473684211,0.5,FALSE,NA
6505,187,27,"MNAR",FALSE,"F2",1000,1,0.1,48727,"6fddd79","HEAD","totoro","fixed_1",TRUE,447.865,0.592454001051529,0.609867736962891,-0.0174137359113621,0.3,0.5,FALSE,NA
6506,188,27,"MNAR",FALSE,"F3",1000,1,0.1,48827,"6fddd79","HEAD","totoro","fixed_1",TRUE,452.733,0.448651745847278,0.450907479553778,-0.00225573370650017,0.208333333333333,0.333333333333333,FALSE,NA
6507,189,27,"MNAR",FALSE,"F1",100,0.2,0.3,48927,"6fddd79","HEAD","totoro","fixed_1",TRUE,84.84,0.824261696720012,0.809102132147745,0.0151595645722674,0,0,TRUE,NA
6508,190,27,"MNAR",FALSE,"F2",100,0.2,0.3,49027,"6fddd79","HEAD","totoro","fixed_1",TRUE,85.427,1.08106123061997,1.14742221640976,-0.0663609857897822,0.25,0.25,TRUE,NA
6509,191,27,"MNAR",FALSE,"F3",100,0.2,0.3,49127,"6fddd79","HEAD","totoro","fixed_1",TRUE,80.791,0.556336455955276,0.699414183819346,-0.14307772786407,0,0,TRUE,NA
6510,192,27,"MNAR",FALSE,"F1",300,0.2,0.3,49227,"6fddd79","HEAD","totoro","fixed_1",TRUE,96.709,0.889502009077167,0.904583696217133,-0.0150816871399658,0.40921052631579,0.5,FALSE,NA
6511,193,27,"MNAR",FALSE,"F2",300,0.2,0.3,49327,"6fddd79","HEAD","totoro","fixed_1",TRUE,96.479,0.938462266648813,0.969124918280189,-0.0306626516313766,0.75,0.75,FALSE,NA
6512,194,27,"MNAR",FALSE,"F3",300,0.2,0.3,49427,"6fddd79","HEAD","totoro","fixed_1",TRUE,98.452,0.844347775142688,0.833794087567598,0.0105536875750893,0.166666666666667,0.166666666666667,TRUE,NA
6513,195,27,"MNAR",FALSE,"F1",1000,0.2,0.3,49527,"6fddd79","HEAD","totoro","fixed_1",TRUE,308.37,0.945411006503345,0.930981828058253,0.0144291784450917,0.25,0.25,TRUE,NA
6514,196,27,"MNAR",FALSE,"F2",1000,0.2,0.3,49627,"6fddd79","HEAD","totoro","fixed_1",TRUE,309.694,0.997526433065298,1.02040887477933,-0.0228824417140364,0.441176470588235,0.5,FALSE,NA
6515,197,27,"MNAR",FALSE,"F3",1000,0.2,0.3,49727,"6fddd79","HEAD","totoro","fixed_1",TRUE,310.573,0.703385240215343,0.690855239496082,0.0125300007192615,0.125,0.166666666666667,TRUE,NA
6516,198,27,"MNAR",FALSE,"F1",100,0.5,0.3,49827,"6fddd79","HEAD","totoro","fixed_1",TRUE,76.873,0.94199598498526,0.921504020647177,0.020491964338083,0.0595238095238095,0.25,FALSE,NA
6517,199,27,"MNAR",FALSE,"F2",100,0.5,0.3,49927,"6fddd79","HEAD","totoro","fixed_1",TRUE,81.431,0.845055371829112,0.807674611551606,0.0373807602775058,0.4875,0.5,TRUE,NA
6518,200,27,"MNAR",FALSE,"F3",100,0.5,0.3,50027,"6fddd79","HEAD","totoro","fixed_1",TRUE,82.102,0.6050396595884,0.665533172294884,-0.0604935127064834,0.05,0.166666666666667,TRUE,NA
6519,201,27,"MNAR",FALSE,"F1",300,0.5,0.3,50127,"6fddd79","HEAD","totoro","fixed_1",TRUE,96.785,0.762207108771311,0.803195692017878,-0.0409885832465676,0.4625,0.5,TRUE,NA
6520,202,27,"MNAR",FALSE,"F2",300,0.5,0.3,50227,"6fddd79","HEAD","totoro","fixed_1",TRUE,94.993,0.945146568589797,0.964347724217699,-0.0192011556279017,0.75,0.75,FALSE,NA
6521,203,27,"MNAR",FALSE,"F3",300,0.5,0.3,50327,"6fddd79","HEAD","totoro","fixed_1",TRUE,97.328,0.744505504805499,0.740542795144129,0.0039627096613698,0.1,0.5,TRUE,NA
6522,204,27,"MNAR",FALSE,"F1",1000,0.5,0.3,50427,"6fddd79","HEAD","totoro","fixed_1",TRUE,317.506,0.85014109113231,0.853436041645206,-0.00329495051289652,0.105263157894737,0.25,FALSE,NA
6523,205,27,"MNAR",FALSE,"F2",1000,0.5,0.3,50527,"6fddd79","HEAD","totoro","fixed_1",TRUE,313.534,0.98683468993576,0.994223334519927,-0.00738864458416699,0.25,0.25,FALSE,NA
6524,206,27,"MNAR",FALSE,"F3",1000,0.5,0.3,50627,"6fddd79","HEAD","totoro","fixed_1",TRUE,297.87,0.667208930757518,0.671016329638206,-0.0038073988806876,0.166666666666667,0.166666666666667,FALSE,NA
6525,207,27,"MNAR",FALSE,"F1",100,1,0.3,50727,"6fddd79","HEAD","totoro","fixed_1",TRUE,77.804,0.63406995260825,0.637382241372708,-0.00331228876445733,0,0,FALSE,NA
6526,208,27,"MNAR",FALSE,"F2",100,1,0.3,50827,"6fddd79","HEAD","totoro","fixed_1",TRUE,80.027,0.518197222984792,0.565182526793843,-0.046985303809051,0.6875,0.75,TRUE,NA
6527,209,27,"MNAR",FALSE,"F3",100,1,0.3,50927,"6fddd79","HEAD","totoro","fixed_1",TRUE,80.046,0.598905113610974,0.539304825731104,0.0596002878798699,0,0,TRUE,NA
6528,210,27,"MNAR",FALSE,"F1",300,1,0.3,51027,"6fddd79","HEAD","totoro","fixed_1",TRUE,98.478,0.55149183096396,0.549214467482649,0.00227736348131158,0.1875,0.5,FALSE,NA
6529,211,27,"MNAR",FALSE,"F2",300,1,0.3,51127,"6fddd79","HEAD","totoro","fixed_1",TRUE,94.19,0.819551582889457,0.811267352688728,0.00828423020072888,0.220588235294118,0.25,TRUE,NA
6530,212,27,"MNAR",FALSE,"F3",300,1,0.3,51227,"6fddd79","HEAD","totoro","fixed_1",TRUE,103.622,0.52755874142035,0.571632661346362,-0.0440739199260117,0.0964912280701754,0.166666666666667,TRUE,NA
6531,213,27,"MNAR",FALSE,"F1",1000,1,0.3,51327,"6fddd79","HEAD","totoro","fixed_1",TRUE,308.449,0.467750993421186,0.463610588094489,0.00414040532669702,0.1125,0.25,FALSE,NA
6532,214,27,"MNAR",FALSE,"F2",1000,1,0.3,51427,"6fddd79","HEAD","totoro","fixed_1",TRUE,300.794,0.644563450549137,0.653238058500403,-0.00867460795126629,0.225,0.25,FALSE,NA
6533,215,27,"MNAR",FALSE,"F3",1000,1,0.3,51527,"6fddd79","HEAD","totoro","fixed_1",TRUE,320.153,0.490934740021858,0.486169407967848,0.00476533205401014,0.025,0.166666666666667,TRUE,NA
6534,216,27,"MNAR",FALSE,"F1",100,0.2,0.5,51627,"6fddd79","HEAD","totoro","fixed_1",TRUE,80.518,0.833303839654512,0.83589627183588,-0.00259243218136751,0.25,0.25,TRUE,NA
6535,217,27,"MNAR",FALSE,"F2",100,0.2,0.5,51727,"6fddd79","HEAD","totoro","fixed_1",TRUE,78.532,0.858504780055604,0.84336254416374,0.0151422358918634,0,0,TRUE,NA
6536,218,27,"MNAR",FALSE,"F3",100,0.2,0.5,51827,"6fddd79","HEAD","totoro","fixed_1",TRUE,82.424,0.598601014060495,0.501270167909855,0.0973308461506404,0,0,TRUE,NA
6537,219,27,"MNAR",FALSE,"F1",300,0.2,0.5,51927,"6fddd79","HEAD","totoro","fixed_1",TRUE,92.02,0.913442537512112,0.903586762251738,0.00985577526037396,0,0,TRUE,NA
6538,220,27,"MNAR",FALSE,"F2",300,0.2,0.5,52027,"6fddd79","HEAD","totoro","fixed_1",TRUE,93.414,1.21523381712062,1.20135652266219,0.0138772944584287,0.361111111111111,0.5,TRUE,NA
6539,221,27,"MNAR",FALSE,"F3",300,0.2,0.5,52127,"6fddd79","HEAD","totoro","fixed_1",TRUE,96.507,0.65887824132102,0.703847802393878,-0.0449695610728581,0.166666666666667,0.166666666666667,TRUE,NA
6540,222,27,"MNAR",FALSE,"F1",1000,0.2,0.5,52227,"6fddd79","HEAD","totoro","fixed_1",TRUE,252.685,0.914213189550715,0.904186526302806,0.0100266632479086,0,0,TRUE,NA
6541,223,27,"MNAR",FALSE,"F2",1000,0.2,0.5,52327,"6fddd79","HEAD","totoro","fixed_1",TRUE,244.54,0.999900587519076,1.01619688407894,-0.0162962965598681,0.75,0.75,FALSE,NA
6542,224,27,"MNAR",FALSE,"F3",1000,0.2,0.5,52427,"6fddd79","HEAD","totoro","fixed_1",TRUE,252.409,0.664783836132233,0.666470621118241,-0.00168678498600805,0,0,TRUE,NA
6543,225,27,"MNAR",FALSE,"F1",100,0.5,0.5,52527,"6fddd79","HEAD","totoro","fixed_1",TRUE,78.254,0.966692198530457,0.952704398302355,0.0139878002281014,0,0,TRUE,NA
6544,226,27,"MNAR",FALSE,"F2",100,0.5,0.5,52627,"6fddd79","HEAD","totoro","fixed_1",TRUE,83.482,0.871823522977476,0.870081818066157,0.00174170491131853,0.1875,0.25,TRUE,NA
6545,227,27,"MNAR",FALSE,"F3",100,0.5,0.5,52727,"6fddd79","HEAD","totoro","fixed_1",TRUE,79.13,0.688177988444948,0.773468136650078,-0.0852901482051291,0,0,TRUE,NA
6546,228,27,"MNAR",FALSE,"F1",300,0.5,0.5,52827,"6fddd79","HEAD","totoro","fixed_1",TRUE,88.806,1.02077257195709,1.02077257295057,-9.93481075184377e-10,0,0,FALSE,NA
6547,229,27,"MNAR",FALSE,"F2",300,0.5,0.5,52927,"6fddd79","HEAD","totoro","fixed_1",TRUE,90.46,0.829537462685733,0.846813094919068,-0.0172756322333351,0.25,0.25,FALSE,NA
6548,230,27,"MNAR",FALSE,"F3",300,0.5,0.5,53027,"6fddd79","HEAD","totoro","fixed_1",TRUE,92.176,0.83134832206947,0.816289096584294,0.0150592254851758,0,0,TRUE,NA
6549,231,27,"MNAR",FALSE,"F1",1000,0.5,0.5,53127,"6fddd79","HEAD","totoro","fixed_1",TRUE,236.182,0.822330471322894,0.822330472037559,-7.14664549761324e-10,0,0,FALSE,NA
6550,232,27,"MNAR",FALSE,"F2",1000,0.5,0.5,53227,"6fddd79","HEAD","totoro","fixed_1",TRUE,241.607,0.944792101597515,0.952436447220077,-0.00764434562256233,0.4625,0.5,FALSE,NA
6551,233,27,"MNAR",FALSE,"F3",1000,0.5,0.5,53327,"6fddd79","HEAD","totoro","fixed_1",TRUE,245.78,0.63599353257513,0.655239870549685,-0.0192463379745558,0,0,TRUE,NA
6552,234,27,"MNAR",FALSE,"F1",100,1,0.5,53427,"6fddd79","HEAD","totoro","fixed_1",TRUE,82.207,0.708385698488992,0.708385702568252,-4.07926070700171e-09,0,0,FALSE,NA
6553,235,27,"MNAR",FALSE,"F2",100,1,0.5,53527,"6fddd79","HEAD","totoro","fixed_1",TRUE,76.711,0.735820567125257,0.735820571564499,-4.43924208504143e-09,0,0,FALSE,NA
6554,236,27,"MNAR",FALSE,"F3",100,1,0.5,53627,"6fddd79","HEAD","totoro","fixed_1",TRUE,80.798,0.670720298782959,0.579564128336906,0.0911561704460526,0,0,TRUE,NA
6555,237,27,"MNAR",FALSE,"F1",300,1,0.5,53727,"6fddd79","HEAD","totoro","fixed_1",TRUE,90.094,0.775815726548287,0.784198279725151,-0.0083825531768642,0.661842105263158,0.75,FALSE,NA
6556,238,27,"MNAR",FALSE,"F2",300,1,0.5,53827,"6fddd79","HEAD","totoro","fixed_1",TRUE,88.756,0.721549206022159,0.729889870670496,-0.00834066464833738,0.25,0.25,FALSE,NA
6557,239,27,"MNAR",FALSE,"F3",300,1,0.5,53927,"6fddd79","HEAD","totoro","fixed_1",TRUE,96.756,0.528167183393589,0.599595755671393,-0.0714285722778037,0,0,TRUE,NA
6558,240,27,"MNAR",FALSE,"F1",1000,1,0.5,54027,"6fddd79","HEAD","totoro","fixed_1",TRUE,235.154,0.511900262851895,0.514443698313906,-0.00254343546201063,0.3625,0.5,FALSE,NA
6559,241,27,"MNAR",FALSE,"F2",1000,1,0.5,54127,"6fddd79","HEAD","totoro","fixed_1",TRUE,232.232,0.597285446010704,0.601441937684635,-0.00415649167393128,0.0588235294117647,0.25,FALSE,NA
6560,242,27,"MNAR",FALSE,"F3",1000,1,0.5,54227,"6fddd79","HEAD","totoro","fixed_1",TRUE,230.705,0.536627806589405,0.535484935620564,0.0011428709688408,0.108333333333333,0.166666666666667,FALSE,NA
6723,162,28,"MNAR",FALSE,"F1",100,0.2,0.1,46228,"6fddd79","HEAD","totoro","fixed_1",TRUE,81.567,1.02203864358156,1.04898705500618,-0.0269484114246166,0.5,0.5,TRUE,NA
6724,163,28,"MNAR",FALSE,"F2",100,0.2,0.1,46328,"6fddd79","HEAD","totoro","fixed_1",TRUE,70.68,0.888816481100582,0.894996720813745,-0.00618023971316339,0.175,0.25,TRUE,NA
6725,164,28,"MNAR",FALSE,"F3",100,0.2,0.1,46428,"6fddd79","HEAD","totoro","fixed_1",TRUE,71.399,0.723388858932477,0.740722642882692,-0.0173337839502149,0.166666666666667,0.166666666666667,TRUE,NA
6726,165,28,"MNAR",FALSE,"F1",300,0.2,0.1,46528,"6fddd79","HEAD","totoro","fixed_1",TRUE,97.513,0.92653653917682,0.94089030954241,-0.01435377036559,0.25,0.25,FALSE,NA
6727,166,28,"MNAR",FALSE,"F2",300,0.2,0.1,46628,"6fddd79","HEAD","totoro","fixed_1",TRUE,91.318,0.874497012205932,0.924223801937405,-0.0497267897314734,0.5,0.5,TRUE,NA
6728,167,28,"MNAR",FALSE,"F3",300,0.2,0.1,46728,"6fddd79","HEAD","totoro","fixed_1",TRUE,92.367,0.80124641709268,0.805940934540571,-0.00469451744789151,0.125,0.166666666666667,FALSE,NA
6729,168,28,"MNAR",FALSE,"F1",1000,0.2,0.1,46828,"6fddd79","HEAD","totoro","fixed_1",TRUE,406.872,0.934601002062126,0.933393753463011,0.00120724859911481,0.175,0.25,FALSE,NA
6730,169,28,"MNAR",FALSE,"F2",1000,0.2,0.1,46928,"6fddd79","HEAD","totoro","fixed_1",TRUE,394.838,0.898570754754809,0.951599779626375,-0.0530290248715661,0.75,0.75,TRUE,NA
6731,170,28,"MNAR",FALSE,"F3",1000,0.2,0.1,47028,"6fddd79","HEAD","totoro","fixed_1",TRUE,389.45,0.694211972906799,0.703046559801967,-0.00883458689516825,0.166666666666667,0.166666666666667,FALSE,NA
6732,171,28,"MNAR",FALSE,"F1",100,0.5,0.1,47128,"6fddd79","HEAD","totoro","fixed_1",TRUE,81.416,0.848361310248204,0.921586041219637,-0.0732247309714336,0.657894736842105,0.75,TRUE,NA
6733,172,28,"MNAR",FALSE,"F2",100,0.5,0.1,47228,"6fddd79","HEAD","totoro","fixed_1",TRUE,77.884,0.845291309921711,0.930924197051752,-0.0856328871300411,0.375,0.5,FALSE,NA
6734,173,28,"MNAR",FALSE,"F3",100,0.5,0.1,47328,"6fddd79","HEAD","totoro","fixed_1",TRUE,74.238,0.656036695205247,0.652115702579106,0.00392099262614098,0.166666666666667,0.166666666666667,TRUE,NA
6735,174,28,"MNAR",FALSE,"F1",300,0.5,0.1,47428,"6fddd79","HEAD","totoro","fixed_1",TRUE,92.64,1.07077421682596,1.06737254841581,0.00340166841015277,0.0576923076923077,0.25,FALSE,NA
6736,175,28,"MNAR",FALSE,"F2",300,0.5,0.1,47528,"6fddd79","HEAD","totoro","fixed_1",TRUE,94.661,0.979352109565189,0.969335586755212,0.0100165228099771,0.75,0.75,TRUE,NA
6737,176,28,"MNAR",FALSE,"F3",300,0.5,0.1,47628,"6fddd79","HEAD","totoro","fixed_1",TRUE,95.939,0.698678459434326,0.709594750600684,-0.0109162911663584,0.166666666666667,0.166666666666667,TRUE,NA
6738,177,28,"MNAR",FALSE,"F1",1000,0.5,0.1,47728,"6fddd79","HEAD","totoro","fixed_1",TRUE,406.248,0.873478306315315,0.873428440056709,4.98662586057019e-05,0,0,FALSE,NA
6739,178,28,"MNAR",FALSE,"F2",1000,0.5,0.1,47828,"6fddd79","HEAD","totoro","fixed_1",TRUE,417.798,0.804825046253933,0.853146877125614,-0.0483218308716802,0.6625,0.75,FALSE,NA
6740,179,28,"MNAR",FALSE,"F3",1000,0.5,0.1,47928,"6fddd79","HEAD","totoro","fixed_1",TRUE,401.921,0.633392756138814,0.618514748276712,0.0148780078621016,0.157407407407407,0.166666666666667,FALSE,NA
6741,180,28,"MNAR",FALSE,"F1",100,1,0.1,48028,"6fddd79","HEAD","totoro","fixed_1",TRUE,65.953,0.493252278198127,0.49325227973713,-1.5390028695883e-09,0,0,FALSE,NA
6742,181,28,"MNAR",FALSE,"F2",100,1,0.1,48128,"6fddd79","HEAD","totoro","fixed_1",TRUE,68.525,0.765966645899853,0.761641389861145,0.00432525603870793,0.25,0.25,FALSE,NA
6743,182,28,"MNAR",FALSE,"F3",100,1,0.1,48228,"6fddd79","HEAD","totoro","fixed_1",TRUE,69.361,0.485972223776025,0.484743158810539,0.00122906496548558,0.108333333333333,0.166666666666667,TRUE,NA
6744,183,28,"MNAR",FALSE,"F1",300,1,0.1,48328,"6fddd79","HEAD","totoro","fixed_1",TRUE,87.896,0.595798693761631,0.582942018140594,0.0128566756210369,0.1625,0.25,FALSE,NA
6745,184,28,"MNAR",FALSE,"F2",300,1,0.1,48428,"6fddd79","HEAD","totoro","fixed_1",TRUE,85.163,0.622915146778121,0.638470762160207,-0.0155556153820857,0.575,0.75,FALSE,NA
6746,185,28,"MNAR",FALSE,"F3",300,1,0.1,48528,"6fddd79","HEAD","totoro","fixed_1",TRUE,92.682,0.537734503649572,0.538677796868099,-0.000943293218527042,0.166666666666667,0.166666666666667,FALSE,NA
6747,186,28,"MNAR",FALSE,"F1",1000,1,0.1,48628,"6fddd79","HEAD","totoro","fixed_1",TRUE,390.688,0.509207132827646,0.509207130596917,2.23072904592669e-09,0,0,FALSE,NA
6748,187,28,"MNAR",FALSE,"F2",1000,1,0.1,48728,"6fddd79","HEAD","totoro","fixed_1",TRUE,372.222,0.474099273123701,0.514922384131551,-0.0408231110078491,0.369078947368421,0.5,FALSE,NA
6749,188,28,"MNAR",FALSE,"F3",1000,1,0.1,48828,"6fddd79","HEAD","totoro","fixed_1",TRUE,410.344,0.398952159465766,0.402805090171715,-0.00385293070594978,0.0263157894736842,0.166666666666667,FALSE,NA
6750,189,28,"MNAR",FALSE,"F1",100,0.2,0.3,48928,"6fddd79","HEAD","totoro","fixed_1",TRUE,68.788,1.04772517699961,1.01379721721556,0.0339279597840487,0.25,0.25,TRUE,NA
6751,190,28,"MNAR",FALSE,"F2",100,0.2,0.3,49028,"6fddd79","HEAD","totoro","fixed_1",TRUE,63.802,1.13255948080655,1.13523678488483,-0.00267730407827971,0,0,TRUE,NA
6752,191,28,"MNAR",FALSE,"F3",100,0.2,0.3,49128,"6fddd79","HEAD","totoro","fixed_1",TRUE,64.829,0.652688481185472,0.655574624759142,-0.00288614357367067,0,0,TRUE,NA
6753,192,28,"MNAR",FALSE,"F1",300,0.2,0.3,49228,"6fddd79","HEAD","totoro","fixed_1",TRUE,79.241,0.927891413010133,0.926997768438326,0.000893644571806962,0.2125,0.25,TRUE,NA
6754,193,28,"MNAR",FALSE,"F2",300,0.2,0.3,49328,"6fddd79","HEAD","totoro","fixed_1",TRUE,76.145,0.846114505650742,0.885293262857964,-0.0391787572072219,0.5,0.5,FALSE,NA
6755,194,28,"MNAR",FALSE,"F3",300,0.2,0.3,49428,"6fddd79","HEAD","totoro","fixed_1",TRUE,78.175,0.701591095601868,0.724314566392169,-0.0227234707903016,0.166666666666667,0.166666666666667,TRUE,NA
6756,195,28,"MNAR",FALSE,"F1",1000,0.2,0.3,49528,"6fddd79","HEAD","totoro","fixed_1",TRUE,279.137,0.936505788467461,0.936505789085514,-6.1805327522535e-10,0,0,FALSE,NA
6757,196,28,"MNAR",FALSE,"F2",1000,0.2,0.3,49628,"6fddd79","HEAD","totoro","fixed_1",TRUE,281.909,0.989772066936612,0.997439476470204,-0.00766740953359268,0.25,0.25,TRUE,NA
6758,197,28,"MNAR",FALSE,"F3",1000,0.2,0.3,49728,"6fddd79","HEAD","totoro","fixed_1",TRUE,282.34,0.698800769574435,0.666348725957806,0.0324520436166297,0,0,TRUE,NA
6759,198,28,"MNAR",FALSE,"F1",100,0.5,0.3,49828,"6fddd79","HEAD","totoro","fixed_1",TRUE,65.919,0.806179947404815,0.800464665087037,0.00571528231777818,0.0875,0.25,FALSE,NA
6760,199,28,"MNAR",FALSE,"F2",100,0.5,0.3,49928,"6fddd79","HEAD","totoro","fixed_1",TRUE,69.542,1.13789173978035,1.1321511693156,0.00574057046474996,0.25,0.25,TRUE,NA
6761,200,28,"MNAR",FALSE,"F3",100,0.5,0.3,50028,"6fddd79","HEAD","totoro","fixed_1",TRUE,67.077,0.580786948404466,0.675243022044977,-0.0944560736405108,0.166666666666667,0.166666666666667,TRUE,NA
6762,201,28,"MNAR",FALSE,"F1",300,0.5,0.3,50128,"6fddd79","HEAD","totoro","fixed_1",TRUE,77.957,0.900510765475336,0.900510765176552,2.98784219587844e-10,0,0,FALSE,NA
6763,202,28,"MNAR",FALSE,"F2",300,0.5,0.3,50228,"6fddd79","HEAD","totoro","fixed_1",TRUE,79.876,0.96097791264128,1.03599107885873,-0.0750131662174456,0.597222222222222,0.75,FALSE,NA
6764,203,28,"MNAR",FALSE,"F3",300,0.5,0.3,50328,"6fddd79","HEAD","totoro","fixed_1",TRUE,80.169,0.60591981198307,0.605919812079774,-9.67033120247152e-11,0,0,TRUE,NA
6765,204,28,"MNAR",FALSE,"F1",1000,0.5,0.3,50428,"6fddd79","HEAD","totoro","fixed_1",TRUE,294.145,0.92030557985187,0.920305579050491,8.01379296255789e-10,0,0,FALSE,NA
6766,205,28,"MNAR",FALSE,"F2",1000,0.5,0.3,50528,"6fddd79","HEAD","totoro","fixed_1",TRUE,290.312,0.850249381988349,0.857694025246279,-0.00744464325792993,0.3875,0.75,FALSE,NA
6767,206,28,"MNAR",FALSE,"F3",1000,0.5,0.3,50628,"6fddd79","HEAD","totoro","fixed_1",TRUE,283.031,0.625948855520884,0.622973248924599,0.00297560659628526,0.25,0.5,FALSE,NA
6768,207,28,"MNAR",FALSE,"F1",100,1,0.3,50728,"6fddd79","HEAD","totoro","fixed_1",TRUE,64.204,0.664500883084129,0.705884397009005,-0.0413835139248766,0.25,0.25,FALSE,NA
6769,208,28,"MNAR",FALSE,"F2",100,1,0.3,50828,"6fddd79","HEAD","totoro","fixed_1",TRUE,63.942,0.815739530180589,0.849963299217324,-0.034223769036735,0.184210526315789,0.25,FALSE,NA
6770,209,28,"MNAR",FALSE,"F3",100,1,0.3,50928,"6fddd79","HEAD","totoro","fixed_1",TRUE,64.849,0.523580092444152,0.533587908470817,-0.0100078160266646,0,0,TRUE,NA
6771,210,28,"MNAR",FALSE,"F1",300,1,0.3,51028,"6fddd79","HEAD","totoro","fixed_1",TRUE,76.051,0.599426355929186,0.599385549937612,4.08059915738557e-05,0.25,0.25,FALSE,NA
6772,211,28,"MNAR",FALSE,"F2",300,1,0.3,51128,"6fddd79","HEAD","totoro","fixed_1",TRUE,74.012,0.574443440228634,0.56719699600228,0.00724644422635357,0.582236842105263,0.75,FALSE,NA
6773,212,28,"MNAR",FALSE,"F3",300,1,0.3,51228,"6fddd79","HEAD","totoro","fixed_1",TRUE,80.754,0.520344044275164,0.582844045112599,-0.0625000008374349,0,0,TRUE,NA
6774,213,28,"MNAR",FALSE,"F1",1000,1,0.3,51328,"6fddd79","HEAD","totoro","fixed_1",TRUE,274.571,0.494438603449298,0.4950766742098,-0.000638070760502318,0.15,0.25,FALSE,NA
6775,214,28,"MNAR",FALSE,"F2",1000,1,0.3,51428,"6fddd79","HEAD","totoro","fixed_1",TRUE,294.799,0.566917819680724,0.586472693959518,-0.0195548742787937,0.173611111111111,0.5,FALSE,NA
6776,215,28,"MNAR",FALSE,"F3",1000,1,0.3,51528,"6fddd79","HEAD","totoro","fixed_1",TRUE,290.388,0.379134590930063,0.379134590790935,1.39127764864355e-10,0,0,FALSE,NA
6777,216,28,"MNAR",FALSE,"F1",100,0.2,0.5,51628,"6fddd79","HEAD","totoro","fixed_1",TRUE,63.769,0.855423009660786,0.856824799956687,-0.00140179029590082,0,0,TRUE,NA
6778,217,28,"MNAR",FALSE,"F2",100,0.2,0.5,51728,"6fddd79","HEAD","totoro","fixed_1",TRUE,62.143,0.721778521408023,0.819733495078624,-0.0979549736706006,0.25,0.25,TRUE,NA
6779,218,28,"MNAR",FALSE,"F3",100,0.2,0.5,51828,"6fddd79","HEAD","totoro","fixed_1",TRUE,62.149,0.737182781301642,0.73644612409419,0.000736657207451863,0,0,TRUE,NA
6780,219,28,"MNAR",FALSE,"F1",300,0.2,0.5,51928,"6fddd79","HEAD","totoro","fixed_1",TRUE,73.307,0.859193771733154,0.858501533937018,0.00069223779613603,0.6875,0.75,FALSE,NA
6781,220,28,"MNAR",FALSE,"F2",300,0.2,0.5,52028,"6fddd79","HEAD","totoro","fixed_1",TRUE,76.293,0.877992712426241,0.910477509956592,-0.0324847975303506,0.25,0.25,TRUE,NA
6782,221,28,"MNAR",FALSE,"F3",300,0.2,0.5,52128,"6fddd79","HEAD","totoro","fixed_1",TRUE,72.013,0.629750105854107,0.64442916123623,-0.0146790553821238,0,0,TRUE,NA
6783,222,28,"MNAR",FALSE,"F1",1000,0.2,0.5,52228,"6fddd79","HEAD","totoro","fixed_1",TRUE,211.143,0.978062656754649,0.968352244192346,0.00971041256230221,0,0,TRUE,NA
6784,223,28,"MNAR",FALSE,"F2",1000,0.2,0.5,52328,"6fddd79","HEAD","totoro","fixed_1",TRUE,218.266,0.857379100241546,0.908657621222081,-0.0512785209805351,0.5,0.5,TRUE,NA
6785,224,28,"MNAR",FALSE,"F3",1000,0.2,0.5,52428,"6fddd79","HEAD","totoro","fixed_1",TRUE,220.642,0.677724123460136,0.661265436558901,0.0164586869012351,0.166666666666667,0.166666666666667,TRUE,NA
6786,225,28,"MNAR",FALSE,"F1",100,0.5,0.5,52528,"6fddd79","HEAD","totoro","fixed_1",TRUE,64.894,0.904588279118732,0.930367091369281,-0.025778812250549,0,0,FALSE,NA
6787,226,28,"MNAR",FALSE,"F2",100,0.5,0.5,52628,"6fddd79","HEAD","totoro","fixed_1",TRUE,60.261,0.907120880849029,0.919449664497299,-0.0123287836482698,0,0,TRUE,NA
6788,227,28,"MNAR",FALSE,"F3",100,0.5,0.5,52728,"6fddd79","HEAD","totoro","fixed_1",TRUE,66.065,0.673490668980506,0.738730337427428,-0.065239668446922,0,0,TRUE,NA
6789,228,28,"MNAR",FALSE,"F1",300,0.5,0.5,52828,"6fddd79","HEAD","totoro","fixed_1",TRUE,70.739,0.789839999546677,0.80636710349651,-0.0165271039498331,0.25,0.25,FALSE,NA
6790,229,28,"MNAR",FALSE,"F2",300,0.5,0.5,52928,"6fddd79","HEAD","totoro","fixed_1",TRUE,70.69,1.00808712462638,0.999520055152301,0.00856706947407526,0.25,0.25,TRUE,NA
6791,230,28,"MNAR",FALSE,"F3",300,0.5,0.5,53028,"6fddd79","HEAD","totoro","fixed_1",TRUE,72.889,0.755251594299332,0.728935804067305,0.026315790232027,0,0,TRUE,NA
6792,231,28,"MNAR",FALSE,"F1",1000,0.5,0.5,53128,"6fddd79","HEAD","totoro","fixed_1",TRUE,217.645,0.771937446627038,0.771937446310359,3.1667912736566e-10,0,0,FALSE,NA
6793,232,28,"MNAR",FALSE,"F2",1000,0.5,0.5,53228,"6fddd79","HEAD","totoro","fixed_1",TRUE,209.729,0.85357608996368,0.868788023288245,-0.0152119333245644,0.25,0.25,FALSE,NA
6794,233,28,"MNAR",FALSE,"F3",1000,0.5,0.5,53328,"6fddd79","HEAD","totoro","fixed_1",TRUE,210.556,0.629458204101524,0.624607807459175,0.00485039664234943,0,0,TRUE,NA
6795,234,28,"MNAR",FALSE,"F1",100,1,0.5,53428,"6fddd79","HEAD","totoro","fixed_1",TRUE,66.049,0.492234650443618,0.541432288996479,-0.049197638552861,0.425,0.5,FALSE,NA
6796,235,28,"MNAR",FALSE,"F2",100,1,0.5,53528,"6fddd79","HEAD","totoro","fixed_1",TRUE,65.231,0.653096586846174,0.698252719473581,-0.0451561326274068,0.321428571428571,0.5,FALSE,NA
6797,236,28,"MNAR",FALSE,"F3",100,1,0.5,53628,"6fddd79","HEAD","totoro","fixed_1",TRUE,72.412,0.645136115030736,0.524141036524395,0.120995078506341,0.0087719298245614,0.166666666666667,TRUE,NA
6798,237,28,"MNAR",FALSE,"F1",300,1,0.5,53728,"6fddd79","HEAD","totoro","fixed_1",TRUE,76.726,0.590048591858272,0.558846088993396,0.031202502864875,0.472222222222222,0.5,FALSE,NA
6799,238,28,"MNAR",FALSE,"F2",300,1,0.5,53828,"6fddd79","HEAD","totoro","fixed_1",TRUE,76.076,0.514719198216068,0.517999747155292,-0.00328054893922414,0.175,0.25,FALSE,NA
6800,239,28,"MNAR",FALSE,"F3",300,1,0.5,53928,"6fddd79","HEAD","totoro","fixed_1",TRUE,75.235,0.511502888240386,0.559513401816561,-0.0480105135761745,0.28125,0.333333333333333,TRUE,NA
6801,240,28,"MNAR",FALSE,"F1",1000,1,0.5,54028,"6fddd79","HEAD","totoro","fixed_1",TRUE,215.978,0.500439120041991,0.500439121547273,-1.50528189912791e-09,0,0,FALSE,NA
6802,241,28,"MNAR",FALSE,"F2",1000,1,0.5,54128,"6fddd79","HEAD","totoro","fixed_1",TRUE,218.801,0.611260916444617,0.615223643409352,-0.00396272696473521,0.544736842105263,1,FALSE,NA
6803,242,28,"MNAR",FALSE,"F3",1000,1,0.5,54228,"6fddd79","HEAD","totoro","fixed_1",TRUE,220.23,0.532648060195061,0.517496544892151,0.01515151530291,0,0,TRUE,NA
6966,162,29,"MNAR",FALSE,"F1",100,0.2,0.1,46229,"6fddd79","HEAD","totoro","fixed_1",TRUE,67.514,0.838292935419457,0.849013415687415,-0.0107204802679584,0.25,0.25,TRUE,NA
6967,163,29,"MNAR",FALSE,"F2",100,0.2,0.1,46329,"6fddd79","HEAD","totoro","fixed_1",TRUE,67.482,0.81304315200302,0.835713465227342,-0.022670313224322,0.4375,0.75,TRUE,NA
6968,164,29,"MNAR",FALSE,"F3",100,0.2,0.1,46429,"6fddd79","HEAD","totoro","fixed_1",TRUE,65.395,0.796791707925296,0.718940673956682,0.077851033968614,0,0,TRUE,NA
6969,165,29,"MNAR",FALSE,"F1",300,0.2,0.1,46529,"6fddd79","HEAD","totoro","fixed_1",TRUE,82.87,0.939667075983168,0.925085205165598,0.0145818708175702,0.25,0.25,TRUE,NA
6970,166,29,"MNAR",FALSE,"F2",300,0.2,0.1,46629,"6fddd79","HEAD","totoro","fixed_1",TRUE,84.902,0.92582523581151,0.983672521349314,-0.0578472855378035,0.7125,0.75,TRUE,NA
6971,167,29,"MNAR",FALSE,"F3",300,0.2,0.1,46729,"6fddd79","HEAD","totoro","fixed_1",TRUE,88.099,0.749279246889111,0.749905934629109,-0.000626687739998188,0.166666666666667,0.166666666666667,TRUE,NA
6972,168,29,"MNAR",FALSE,"F1",1000,0.2,0.1,46829,"6fddd79","HEAD","totoro","fixed_1",TRUE,338.635,0.966949422683282,0.977743255188813,-0.0107938325055318,0.25,0.25,FALSE,NA
6973,169,29,"MNAR",FALSE,"F2",1000,0.2,0.1,46929,"6fddd79","HEAD","totoro","fixed_1",TRUE,361.828,0.97058648800485,0.99082811784538,-0.0202416298405302,0.319444444444444,0.5,FALSE,NA
6974,170,29,"MNAR",FALSE,"F3",1000,0.2,0.1,47029,"6fddd79","HEAD","totoro","fixed_1",TRUE,371.544,0.703962320620255,0.70951787647841,-0.00555555585815481,0.111111111111111,0.5,FALSE,NA
6975,171,29,"MNAR",FALSE,"F1",100,0.5,0.1,47129,"6fddd79","HEAD","totoro","fixed_1",TRUE,67.861,0.652203602774283,0.67549096690665,-0.0232873641323668,0.25,0.25,FALSE,NA
6976,172,29,"MNAR",FALSE,"F2",100,0.5,0.1,47229,"6fddd79","HEAD","totoro","fixed_1",TRUE,65.288,0.902871737873077,0.913142891778792,-0.0102711539057156,0.1875,0.25,TRUE,NA
6977,173,29,"MNAR",FALSE,"F3",100,0.5,0.1,47329,"6fddd79","HEAD","totoro","fixed_1",TRUE,69.483,0.874801008035571,0.797148045197511,0.0776529628380601,0,0,TRUE,NA
6978,174,29,"MNAR",FALSE,"F1",300,0.5,0.1,47429,"6fddd79","HEAD","totoro","fixed_1",TRUE,81.598,0.903629703273071,0.901099340486446,0.00253036278662422,0.25,0.25,FALSE,NA
6979,175,29,"MNAR",FALSE,"F2",300,0.5,0.1,47529,"6fddd79","HEAD","totoro","fixed_1",TRUE,89.2,0.874411310639775,0.873168748361203,0.00124256227857211,0.5,0.5,TRUE,NA
6980,176,29,"MNAR",FALSE,"F3",300,0.5,0.1,47629,"6fddd79","HEAD","totoro","fixed_1",TRUE,89.249,0.702585919390117,0.704213083207377,-0.00162716381726047,0.333333333333333,0.333333333333333,TRUE,NA
6981,177,29,"MNAR",FALSE,"F1",1000,0.5,0.1,47729,"6fddd79","HEAD","totoro","fixed_1",TRUE,343.4,0.886713421607777,0.882748668846228,0.0039647527615494,0.225,0.5,FALSE,NA
6982,178,29,"MNAR",FALSE,"F2",1000,0.5,0.1,47829,"6fddd79","HEAD","totoro","fixed_1",TRUE,335.663,0.887083428762482,0.900899594491385,-0.013816165728903,0.5,0.5,FALSE,NA
6983,179,29,"MNAR",FALSE,"F3",1000,0.5,0.1,47929,"6fddd79","HEAD","totoro","fixed_1",TRUE,378.912,0.726271291030301,0.726271291206596,-1.76295200660093e-10,0,0,FALSE,NA
6984,180,29,"MNAR",FALSE,"F1",100,1,0.1,48029,"6fddd79","HEAD","totoro","fixed_1",TRUE,64.44,0.659399365309742,0.641467820675705,0.0179315446340369,0.5,0.5,FALSE,NA
6985,181,29,"MNAR",FALSE,"F2",100,1,0.1,48129,"6fddd79","HEAD","totoro","fixed_1",TRUE,63.756,0.503814070653897,0.566370621857418,-0.0625565512035215,0.68125,0.75,FALSE,NA
6986,182,29,"MNAR",FALSE,"F3",100,1,0.1,48229,"6fddd79","HEAD","totoro","fixed_1",TRUE,64.949,0.467384754243141,0.479313329445989,-0.0119285752028478,0.0666666666666667,0.166666666666667,TRUE,NA
6987,183,29,"MNAR",FALSE,"F1",300,1,0.1,48329,"6fddd79","HEAD","totoro","fixed_1",TRUE,79.026,0.497590797352505,0.506050630168559,-0.00845983281605378,0.175,0.25,FALSE,NA
6988,184,29,"MNAR",FALSE,"F2",300,1,0.1,48429,"6fddd79","HEAD","totoro","fixed_1",TRUE,78.161,0.543292246862914,0.584079124479717,-0.040786877616803,0.25,0.25,FALSE,NA
6989,185,29,"MNAR",FALSE,"F3",300,1,0.1,48529,"6fddd79","HEAD","totoro","fixed_1",TRUE,86.082,0.500808991948143,0.500808992217824,-2.69680500153413e-10,0,0,FALSE,NA
6990,186,29,"MNAR",FALSE,"F1",1000,1,0.1,48629,"6fddd79","HEAD","totoro","fixed_1",TRUE,385.079,0.417846620476237,0.418219637673274,-0.000373017197036862,0.075,0.25,FALSE,NA
6991,187,29,"MNAR",FALSE,"F2",1000,1,0.1,48729,"6fddd79","HEAD","totoro","fixed_1",TRUE,363.682,0.59812193304181,0.603840116019825,-0.00571818297801485,0.175,0.25,FALSE,NA
6992,188,29,"MNAR",FALSE,"F3",1000,1,0.1,48829,"6fddd79","HEAD","totoro","fixed_1",TRUE,373.289,0.498191528892986,0.506685156468377,-0.00849362757539096,0.108333333333333,0.166666666666667,FALSE,NA
6993,189,29,"MNAR",FALSE,"F1",100,0.2,0.3,48929,"6fddd79","HEAD","totoro","fixed_1",TRUE,60.556,0.970005551974956,0.973364796641019,-0.00335924466606263,0.25,0.25,TRUE,NA
6994,190,29,"MNAR",FALSE,"F2",100,0.2,0.3,49029,"6fddd79","HEAD","totoro","fixed_1",TRUE,64.675,0.759343202717449,0.84945341411447,-0.0901102113970216,0.5,0.5,TRUE,NA
6995,191,29,"MNAR",FALSE,"F3",100,0.2,0.3,49129,"6fddd79","HEAD","totoro","fixed_1",TRUE,62.485,0.685864469062653,0.671807010575023,0.0140574584876301,0,0,TRUE,NA
6996,192,29,"MNAR",FALSE,"F1",300,0.2,0.3,49229,"6fddd79","HEAD","totoro","fixed_1",TRUE,75.915,0.843134380959763,0.85563680898641,-0.0125024280266469,0.5,0.5,FALSE,NA
6997,193,29,"MNAR",FALSE,"F2",300,0.2,0.3,49329,"6fddd79","HEAD","totoro","fixed_1",TRUE,79.343,0.941430741134764,0.977234083973843,-0.035803342839079,0.25,0.25,TRUE,NA
6998,194,29,"MNAR",FALSE,"F3",300,0.2,0.3,49429,"6fddd79","HEAD","totoro","fixed_1",TRUE,77.867,0.802856255093107,0.802593703957331,0.000262551135776001,0,0,TRUE,NA
6999,195,29,"MNAR",FALSE,"F1",1000,0.2,0.3,49529,"6fddd79","HEAD","totoro","fixed_1",TRUE,257.417,0.919923525964183,0.924082481129503,-0.00415895516531983,0.5,0.5,FALSE,NA
7000,196,29,"MNAR",FALSE,"F2",1000,0.2,0.3,49629,"6fddd79","HEAD","totoro","fixed_1",TRUE,248.726,0.910031564811647,0.936167676850381,-0.0261361120387349,0.5,0.5,FALSE,NA
7001,197,29,"MNAR",FALSE,"F3",1000,0.2,0.3,49729,"6fddd79","HEAD","totoro","fixed_1",TRUE,254.761,0.729135790354471,0.756512550510906,-0.0273767601564354,0,0,TRUE,NA
7002,198,29,"MNAR",FALSE,"F1",100,0.5,0.3,49829,"6fddd79","HEAD","totoro","fixed_1",TRUE,62.572,0.902795306889089,0.931531401668685,-0.0287360947795957,0.529411764705882,0.75,FALSE,NA
7003,199,29,"MNAR",FALSE,"F2",100,0.5,0.3,49929,"6fddd79","HEAD","totoro","fixed_1",TRUE,66.781,0.911221896516045,0.926872233772904,-0.0156503372568597,0.5,0.5,TRUE,NA
7004,200,29,"MNAR",FALSE,"F3",100,0.5,0.3,50029,"6fddd79","HEAD","totoro","fixed_1",TRUE,64.695,0.729840324386385,0.723590324483845,0.00624999990254049,0,0,TRUE,NA
7005,201,29,"MNAR",FALSE,"F1",300,0.5,0.3,50129,"6fddd79","HEAD","totoro","fixed_1",TRUE,71.935,0.857302215476787,0.852797782415185,0.00450443306160264,0,0,FALSE,NA
7006,202,29,"MNAR",FALSE,"F2",300,0.5,0.3,50229,"6fddd79","HEAD","totoro","fixed_1",TRUE,79.552,0.837943668671412,0.854058044304328,-0.0161143756329155,0.5,0.5,FALSE,NA
7007,203,29,"MNAR",FALSE,"F3",300,0.5,0.3,50329,"6fddd79","HEAD","totoro","fixed_1",TRUE,82.797,0.752823372080367,0.778028994715873,-0.0252056226355061,0.0648148148148148,0.166666666666667,TRUE,NA
7008,204,29,"MNAR",FALSE,"F1",1000,0.5,0.3,50429,"6fddd79","HEAD","totoro","fixed_1",TRUE,253.884,0.916845076678669,0.915400130377134,0.0014449463015348,0,0,FALSE,NA
7009,205,29,"MNAR",FALSE,"F2",1000,0.5,0.3,50529,"6fddd79","HEAD","totoro","fixed_1",TRUE,263.115,0.899306580001521,0.926211038265432,-0.0269044582639109,0.5,0.5,FALSE,NA
7010,206,29,"MNAR",FALSE,"F3",1000,0.5,0.3,50629,"6fddd79","HEAD","totoro","fixed_1",TRUE,242.011,0.697741496341891,0.697235119702689,0.000506376639202166,0.0166666666666667,0.166666666666667,FALSE,NA
7011,207,29,"MNAR",FALSE,"F1",100,1,0.3,50729,"6fddd79","HEAD","totoro","fixed_1",TRUE,59.085,0.650634550312618,0.650634548628913,1.68370450914779e-09,0,0,FALSE,NA
7012,208,29,"MNAR",FALSE,"F2",100,1,0.3,50829,"6fddd79","HEAD","totoro","fixed_1",TRUE,56.907,0.759815533790448,0.810934984803245,-0.0511194510127975,0.25,0.25,FALSE,NA
7013,209,29,"MNAR",FALSE,"F3",100,1,0.3,50929,"6fddd79","HEAD","totoro","fixed_1",TRUE,64.209,0.652334251063742,0.537765849413633,0.114568401650109,0,0,TRUE,NA
7014,210,29,"MNAR",FALSE,"F1",300,1,0.3,51029,"6fddd79","HEAD","totoro","fixed_1",TRUE,69.931,0.618125571835836,0.599215121960771,0.0189104498750658,0.35,0.5,FALSE,NA
7015,211,29,"MNAR",FALSE,"F2",300,1,0.3,51129,"6fddd79","HEAD","totoro","fixed_1",TRUE,77.098,0.463758046529483,0.484311190007458,-0.0205531434779753,0.4375,0.75,FALSE,NA
7016,212,29,"MNAR",FALSE,"F3",300,1,0.3,51229,"6fddd79","HEAD","totoro","fixed_1",TRUE,73.795,0.473212853166393,0.479323480575096,-0.00611062740870288,0.125,0.666666666666667,FALSE,NA
7017,213,29,"MNAR",FALSE,"F1",1000,1,0.3,51329,"6fddd79","HEAD","totoro","fixed_1",TRUE,250.766,0.405344998088641,0.401570826054212,0.0037741720344282,0.15,0.25,FALSE,NA
7018,214,29,"MNAR",FALSE,"F2",1000,1,0.3,51429,"6fddd79","HEAD","totoro","fixed_1",TRUE,269.527,0.494800529282146,0.514563399804772,-0.0197628705226265,0.502205882352941,0.75,FALSE,NA
7019,215,29,"MNAR",FALSE,"F3",1000,1,0.3,51529,"6fddd79","HEAD","totoro","fixed_1",TRUE,258.726,0.450087320523049,0.44646889868191,0.00361842184113992,0,0,TRUE,NA
7020,216,29,"MNAR",FALSE,"F1",100,0.2,0.5,51629,"6fddd79","HEAD","totoro","fixed_1",TRUE,61.64,0.96800781477603,0.857626232424274,0.110381582351756,0.25,0.25,TRUE,NA
7021,217,29,"MNAR",FALSE,"F2",100,0.2,0.5,51729,"6fddd79","HEAD","totoro","fixed_1",TRUE,64.826,0.984541990770788,1.0396845765209,-0.0551425857501093,0.25,0.25,TRUE,NA
7022,218,29,"MNAR",FALSE,"F3",100,0.2,0.5,51829,"6fddd79","HEAD","totoro","fixed_1",TRUE,67.468,0.654561502255254,0.680729157384396,-0.0261676551291415,0,0,TRUE,NA
7023,219,29,"MNAR",FALSE,"F1",300,0.2,0.5,51929,"6fddd79","HEAD","totoro","fixed_1",TRUE,78.358,0.885832679256624,0.87234827790386,0.0134844013527646,0,0,TRUE,NA
7024,220,29,"MNAR",FALSE,"F2",300,0.2,0.5,52029,"6fddd79","HEAD","totoro","fixed_1",TRUE,67.87,0.936222825024383,0.965656471261834,-0.029433646237451,0.25,0.25,TRUE,NA
7025,221,29,"MNAR",FALSE,"F3",300,0.2,0.5,52129,"6fddd79","HEAD","totoro","fixed_1",TRUE,72.843,0.763022366752867,0.785222039417201,-0.0221996726643338,0,0,TRUE,NA
7026,222,29,"MNAR",FALSE,"F1",1000,0.2,0.5,52229,"6fddd79","HEAD","totoro","fixed_1",TRUE,196.046,0.910245756579011,0.904847816118285,0.00539794046072595,0.25,0.25,TRUE,NA
7027,223,29,"MNAR",FALSE,"F2",1000,0.2,0.5,52329,"6fddd79","HEAD","totoro","fixed_1",TRUE,201.656,0.954083812833664,0.970918847692575,-0.0168350348589107,0.5,0.5,FALSE,NA
7028,224,29,"MNAR",FALSE,"F3",1000,0.2,0.5,52429,"6fddd79","HEAD","totoro","fixed_1",TRUE,198.942,0.672062944397066,0.67721549036097,-0.00515254596390424,0,0,TRUE,NA
7029,225,29,"MNAR",FALSE,"F1",100,0.5,0.5,52529,"6fddd79","HEAD","totoro","fixed_1",TRUE,62.564,0.942525431338833,0.876472558752176,0.0660528725866569,0,0,TRUE,NA
7030,226,29,"MNAR",FALSE,"F2",100,0.5,0.5,52629,"6fddd79","HEAD","totoro","fixed_1",TRUE,67.889,0.806827920097033,0.839522920292585,-0.0326950001955523,0.275,0.5,TRUE,NA
7031,227,29,"MNAR",FALSE,"F3",100,0.5,0.5,52729,"6fddd79","HEAD","totoro","fixed_1",TRUE,56.449,0.457509455486497,0.418490411830297,0.0390190436561997,0.166666666666667,0.166666666666667,TRUE,NA
7032,228,29,"MNAR",FALSE,"F1",300,0.5,0.5,52829,"6fddd79","HEAD","totoro","fixed_1",TRUE,69.531,1.03269181134215,0.999321187208087,0.033370624134059,0,0,TRUE,NA
7033,229,29,"MNAR",FALSE,"F2",300,0.5,0.5,52929,"6fddd79","HEAD","totoro","fixed_1",TRUE,68.41,0.86087879337944,0.905163477877892,-0.0442846844984527,0.5,0.5,TRUE,NA
7034,230,29,"MNAR",FALSE,"F3",300,0.5,0.5,53029,"6fddd79","HEAD","totoro","fixed_1",TRUE,77.041,0.694056377221977,0.644056375277967,0.0500000019440097,0,0,TRUE,NA
7035,231,29,"MNAR",FALSE,"F1",1000,0.5,0.5,53129,"6fddd79","HEAD","totoro","fixed_1",TRUE,187.062,0.874260879313093,0.878877786649198,-0.00461690733610476,0.459722222222222,0.5,FALSE,NA
7036,232,29,"MNAR",FALSE,"F2",1000,0.5,0.5,53229,"6fddd79","HEAD","totoro","fixed_1",TRUE,197.607,0.879668801118189,0.916462772715516,-0.0367939715973278,0.6125,0.75,FALSE,NA
7037,233,29,"MNAR",FALSE,"F3",1000,0.5,0.5,53329,"6fddd79","HEAD","totoro","fixed_1",TRUE,192.388,0.610722457774565,0.647441222562814,-0.0367187647882489,0.166666666666667,0.166666666666667,TRUE,NA
7038,234,29,"MNAR",FALSE,"F1",100,1,0.5,53429,"6fddd79","HEAD","totoro","fixed_1",TRUE,64.54,0.72644122599425,0.748966116047955,-0.0225248900537048,0.3625,0.5,FALSE,NA
7039,235,29,"MNAR",FALSE,"F2",100,1,0.5,53529,"6fddd79","HEAD","totoro","fixed_1",TRUE,64.297,1.10243944333425,1.04001746059799,0.0624219827362582,0.03125,0.25,TRUE,NA
7040,236,29,"MNAR",FALSE,"F3",100,1,0.5,53629,"6fddd79","HEAD","totoro","fixed_1",TRUE,62.675,0.415844352639429,0.58863282967792,-0.172788477038491,0,0,TRUE,NA
7041,237,29,"MNAR",FALSE,"F1",300,1,0.5,53729,"6fddd79","HEAD","totoro","fixed_1",TRUE,72.568,0.594423754755069,0.592986112438414,0.00143764231665522,0.3125,0.5,FALSE,NA
7042,238,29,"MNAR",FALSE,"F2",300,1,0.5,53829,"6fddd79","HEAD","totoro","fixed_1",TRUE,76.33,0.703340187010698,0.7559547084771,-0.0526145214664017,0.5,0.5,FALSE,NA
7043,239,29,"MNAR",FALSE,"F3",300,1,0.5,53929,"6fddd79","HEAD","totoro","fixed_1",TRUE,73.953,0.456248121473557,0.487174712774778,-0.0309265913012207,0,0,TRUE,NA
7044,240,29,"MNAR",FALSE,"F1",1000,1,0.5,54029,"6fddd79","HEAD","totoro","fixed_1",TRUE,187.895,0.476322829520674,0.476979894798242,-0.000657065277567703,0.0875,0.25,FALSE,NA
7045,241,29,"MNAR",FALSE,"F2",1000,1,0.5,54129,"6fddd79","HEAD","totoro","fixed_1",TRUE,190.616,0.633886910208864,0.645625463186833,-0.0117385529779692,0.275,0.5,FALSE,NA
7046,242,29,"MNAR",FALSE,"F3",1000,1,0.5,54229,"6fddd79","HEAD","totoro","fixed_1",TRUE,188.308,0.39913427450674,0.437189375632584,-0.0380551011258449,0.15,0.166666666666667,TRUE,NA
7209,162,30,"MNAR",FALSE,"F1",100,0.2,0.1,46230,"6fddd79","HEAD","totoro","fixed_1",TRUE,60.819,0.77729362366901,0.763078290523184,0.0142153331458259,0.25,0.25,TRUE,NA
7210,163,30,"MNAR",FALSE,"F2",100,0.2,0.1,46330,"6fddd79","HEAD","totoro","fixed_1",TRUE,62.885,0.906770140144483,0.907470229840623,-0.000700089696139883,0.0416666666666667,0.25,TRUE,NA
7211,164,30,"MNAR",FALSE,"F3",100,0.2,0.1,46430,"6fddd79","HEAD","totoro","fixed_1",TRUE,62.307,0.705900967335815,0.694280618663103,0.0116203486727126,0,0,TRUE,NA
7212,165,30,"MNAR",FALSE,"F1",300,0.2,0.1,46530,"6fddd79","HEAD","totoro","fixed_1",TRUE,80.944,0.985400701299923,1.00044990527436,-0.0150492039744422,0.5,0.5,FALSE,NA
7213,166,30,"MNAR",FALSE,"F2",300,0.2,0.1,46630,"6fddd79","HEAD","totoro","fixed_1",TRUE,81.859,0.836591474638726,0.914934972231065,-0.0783434975923389,0.5,0.5,TRUE,NA
7214,167,30,"MNAR",FALSE,"F3",300,0.2,0.1,46730,"6fddd79","HEAD","totoro","fixed_1",TRUE,79.614,0.695520034059874,0.711941270592529,-0.0164212365326549,0.166666666666667,0.166666666666667,TRUE,NA
7215,168,30,"MNAR",FALSE,"F1",1000,0.2,0.1,46830,"6fddd79","HEAD","totoro","fixed_1",TRUE,318.509,0.945520357899476,0.946959870208455,-0.00143951230897876,0.1375,0.25,FALSE,NA
7216,169,30,"MNAR",FALSE,"F2",1000,0.2,0.1,46930,"6fddd79","HEAD","totoro","fixed_1",TRUE,356.277,0.873831958756151,0.917651729081397,-0.0438197703252462,0.725,0.75,FALSE,NA
7217,170,30,"MNAR",FALSE,"F3",1000,0.2,0.1,47030,"6fddd79","HEAD","totoro","fixed_1",TRUE,320.348,0.744498656296862,0.779535596280521,-0.0350369399836593,0.333333333333333,0.333333333333333,TRUE,NA
7218,171,30,"MNAR",FALSE,"F1",100,0.5,0.1,47130,"6fddd79","HEAD","totoro","fixed_1",TRUE,65.723,0.616618925288831,0.602350310243201,0.0142686150456303,0.289473684210526,0.5,FALSE,NA
7219,172,30,"MNAR",FALSE,"F2",100,0.5,0.1,47230,"6fddd79","HEAD","totoro","fixed_1",TRUE,62.592,0.876345215252856,0.874158328086824,0.00218688716603221,0.25,0.25,TRUE,NA
7220,173,30,"MNAR",FALSE,"F3",100,0.5,0.1,47330,"6fddd79","HEAD","totoro","fixed_1",TRUE,63.615,0.613878880315501,0.623567545284567,-0.00968866496906551,0.166666666666667,0.166666666666667,TRUE,NA
7221,174,30,"MNAR",FALSE,"F1",300,0.5,0.1,47430,"6fddd79","HEAD","totoro","fixed_1",TRUE,80.407,0.887550579283529,0.8631811896064,0.0243693896771288,0.25,0.25,TRUE,NA
7222,175,30,"MNAR",FALSE,"F2",300,0.5,0.1,47530,"6fddd79","HEAD","totoro","fixed_1",TRUE,76.238,0.880294131964859,0.883340924914075,-0.00304679294921695,0.2625,0.5,FALSE,NA
7223,176,30,"MNAR",FALSE,"F3",300,0.5,0.1,47630,"6fddd79","HEAD","totoro","fixed_1",TRUE,75.546,0.645403338302319,0.645403338456098,-1.53779322609182e-10,0,0,FALSE,NA
7224,177,30,"MNAR",FALSE,"F1",1000,0.5,0.1,47730,"6fddd79","HEAD","totoro","fixed_1",TRUE,312.959,0.851599210654078,0.844725858977198,0.00687335167688052,0.1875,0.5,FALSE,NA
7225,178,30,"MNAR",FALSE,"F2",1000,0.5,0.1,47830,"6fddd79","HEAD","totoro","fixed_1",TRUE,304.906,0.8089165323927,0.817088774277198,-0.00817224188449894,0.25,0.5,FALSE,NA
7226,179,30,"MNAR",FALSE,"F3",1000,0.5,0.1,47930,"6fddd79","HEAD","totoro","fixed_1",TRUE,293.473,0.658560362788412,0.658560362629034,1.59377844255459e-10,0,0,FALSE,NA
7227,180,30,"MNAR",FALSE,"F1",100,1,0.1,48030,"6fddd79","HEAD","totoro","fixed_1",TRUE,59.891,0.760695819599135,0.705383289781317,0.0553125298178175,0.2125,0.25,FALSE,NA
7228,181,30,"MNAR",FALSE,"F2",100,1,0.1,48130,"6fddd79","HEAD","totoro","fixed_1",TRUE,54.621,0.726215134299568,0.83530963328605,-0.109094498986482,0.673684210526316,0.75,TRUE,NA
7229,182,30,"MNAR",FALSE,"F3",100,1,0.1,48230,"6fddd79","HEAD","totoro","fixed_1",TRUE,61.093,0.422767378167837,0.467121437708037,-0.0443540595401993,0.166666666666667,0.166666666666667,FALSE,NA
7230,183,30,"MNAR",FALSE,"F1",300,1,0.1,48330,"6fddd79","HEAD","totoro","fixed_1",TRUE,77.96,0.513483210023413,0.520780634801737,-0.00729742477832307,0.225,0.25,FALSE,NA
7231,184,30,"MNAR",FALSE,"F2",300,1,0.1,48430,"6fddd79","HEAD","totoro","fixed_1",TRUE,70.791,0.659552714107344,0.66936540690178,-0.00981269279443675,0.2,0.5,FALSE,NA
7232,185,30,"MNAR",FALSE,"F3",300,1,0.1,48530,"6fddd79","HEAD","totoro","fixed_1",TRUE,74.593,0.397290885532566,0.372262347498563,0.0250285380340032,0.166666666666667,0.166666666666667,FALSE,NA
7233,186,30,"MNAR",FALSE,"F1",1000,1,0.1,48630,"6fddd79","HEAD","totoro","fixed_1",TRUE,300.228,0.517147769459547,0.51714776856246,8.97086294138205e-10,0,0,FALSE,NA
7234,187,30,"MNAR",FALSE,"F2",1000,1,0.1,48730,"6fddd79","HEAD","totoro","fixed_1",TRUE,330.091,0.516492972269069,0.543889585155718,-0.0273966128866496,0.55,0.75,FALSE,NA
7235,188,30,"MNAR",FALSE,"F3",1000,1,0.1,48830,"6fddd79","HEAD","totoro","fixed_1",TRUE,299.017,0.550304296179578,0.552464950003866,-0.00216065382428798,0,0,FALSE,NA
7236,189,30,"MNAR",FALSE,"F1",100,0.2,0.3,48930,"6fddd79","HEAD","totoro","fixed_1",TRUE,59.883,0.97618734649965,0.991021698593885,-0.0148343520942359,0.25,0.25,TRUE,NA
7237,190,30,"MNAR",FALSE,"F2",100,0.2,0.3,49030,"6fddd79","HEAD","totoro","fixed_1",TRUE,55.365,0.929317263260122,0.94904061214065,-0.019723348880528,0,0,TRUE,NA
7238,191,30,"MNAR",FALSE,"F3",100,0.2,0.3,49130,"6fddd79","HEAD","totoro","fixed_1",TRUE,56.414,0.908707165839766,0.902367136706303,0.00634002913346232,0,0,TRUE,NA
7239,192,30,"MNAR",FALSE,"F1",300,0.2,0.3,49230,"6fddd79","HEAD","totoro","fixed_1",TRUE,68.931,1.01183439254859,1.00030470257029,0.0115296899783055,0.25,0.25,TRUE,NA
7240,193,30,"MNAR",FALSE,"F2",300,0.2,0.3,49330,"6fddd79","HEAD","totoro","fixed_1",TRUE,70.673,0.730780155380614,0.715359952568245,0.0154202028123687,0.2,0.25,TRUE,NA
7241,194,30,"MNAR",FALSE,"F3",300,0.2,0.3,49430,"6fddd79","HEAD","totoro","fixed_1",TRUE,64.954,0.69868050427422,0.684994276023076,0.0136862282511435,0.15,0.166666666666667,TRUE,NA
7242,195,30,"MNAR",FALSE,"F1",1000,0.2,0.3,49530,"6fddd79","HEAD","totoro","fixed_1",TRUE,239.05,0.962717733403918,0.962717733263801,1.40117251135052e-10,0,0,FALSE,NA
7243,196,30,"MNAR",FALSE,"F2",1000,0.2,0.3,49630,"6fddd79","HEAD","totoro","fixed_1",TRUE,231.252,0.924595122269014,0.930460685881512,-0.00586556361249801,0.1625,0.25,TRUE,NA
7244,197,30,"MNAR",FALSE,"F3",1000,0.2,0.3,49730,"6fddd79","HEAD","totoro","fixed_1",TRUE,217.006,0.642424913407872,0.663315810286108,-0.0208908968782358,0,0,TRUE,NA
7245,198,30,"MNAR",FALSE,"F1",100,0.5,0.3,49830,"6fddd79","HEAD","totoro","fixed_1",TRUE,51.615,0.943709708541751,0.860704572740972,0.0830051358007795,0.453125,0.5,TRUE,NA
7246,199,30,"MNAR",FALSE,"F2",100,0.5,0.3,49930,"6fddd79","HEAD","totoro","fixed_1",TRUE,55.853,0.94581038115537,0.938083663645881,0.00772671750948928,0,0,TRUE,NA
7247,200,30,"MNAR",FALSE,"F3",100,0.5,0.3,50030,"6fddd79","HEAD","totoro","fixed_1",TRUE,56.58,0.699569924582525,0.761570153057332,-0.0620002284748066,0.166666666666667,0.166666666666667,TRUE,NA
7248,201,30,"MNAR",FALSE,"F1",300,0.5,0.3,50130,"6fddd79","HEAD","totoro","fixed_1",TRUE,67.701,0.772476013692059,0.761462681315635,0.0110133323764248,0.452777777777778,0.75,TRUE,NA
7249,202,30,"MNAR",FALSE,"F2",300,0.5,0.3,50230,"6fddd79","HEAD","totoro","fixed_1",TRUE,65.48,0.750654219638002,0.814767497755277,-0.0641132781172747,0.25,0.25,TRUE,NA
7250,203,30,"MNAR",FALSE,"F3",300,0.5,0.3,50330,"6fddd79","HEAD","totoro","fixed_1",TRUE,67.298,0.71857516600478,0.676149178525189,0.0424259874795901,0,0,TRUE,NA
7251,204,30,"MNAR",FALSE,"F1",1000,0.5,0.3,50430,"6fddd79","HEAD","totoro","fixed_1",TRUE,214.51,0.90996985809291,0.908799120264444,0.00117073782846544,0.025,0.25,FALSE,NA
7252,205,30,"MNAR",FALSE,"F2",1000,0.5,0.3,50530,"6fddd79","HEAD","totoro","fixed_1",TRUE,228.96,0.945891993865309,0.976370872544421,-0.0304788786791121,0.5,0.5,FALSE,NA
7253,206,30,"MNAR",FALSE,"F3",1000,0.5,0.3,50630,"6fddd79","HEAD","totoro","fixed_1",TRUE,228.313,0.681858901794661,0.690579831773055,-0.0087209299783938,0.0789473684210526,0.5,FALSE,NA
7254,207,30,"MNAR",FALSE,"F1",100,1,0.3,50730,"6fddd79","HEAD","totoro","fixed_1",TRUE,50.416,0.876598799865003,0.783049539441712,0.0935492604232913,0.1375,0.25,TRUE,NA
7255,208,30,"MNAR",FALSE,"F2",100,1,0.3,50830,"6fddd79","HEAD","totoro","fixed_1",TRUE,51.589,0.740593878992248,0.76429544616689,-0.0237015671746419,0.4125,0.5,TRUE,NA
7256,209,30,"MNAR",FALSE,"F3",100,1,0.3,50930,"6fddd79","HEAD","totoro","fixed_1",TRUE,52.091,0.519318183880869,0.469221461472257,0.0500967224086115,0.166666666666667,0.166666666666667,TRUE,NA
7257,210,30,"MNAR",FALSE,"F1",300,1,0.3,51030,"6fddd79","HEAD","totoro","fixed_1",TRUE,67.184,0.550236012195351,0.551720788228935,-0.0014847760335841,0.4125,0.5,FALSE,NA
7258,211,30,"MNAR",FALSE,"F2",300,1,0.3,51130,"6fddd79","HEAD","totoro","fixed_1",TRUE,63.222,0.678231869830509,0.758807845358552,-0.0805759755280433,0.623026315789474,0.75,FALSE,NA
7259,212,30,"MNAR",FALSE,"F3",300,1,0.3,51230,"6fddd79","HEAD","totoro","fixed_1",TRUE,64.35,0.579665259099327,0.575600351114567,0.00406490798475956,0,0,TRUE,NA
7260,213,30,"MNAR",FALSE,"F1",1000,1,0.3,51330,"6fddd79","HEAD","totoro","fixed_1",TRUE,220.648,0.509788230147618,0.509788229582303,5.65315017020396e-10,0,0,FALSE,NA
7261,214,30,"MNAR",FALSE,"F2",1000,1,0.3,51430,"6fddd79","HEAD","totoro","fixed_1",TRUE,219.816,0.591590514880664,0.614230821816127,-0.0226403069354629,0.725,0.75,FALSE,NA
7262,215,30,"MNAR",FALSE,"F3",1000,1,0.3,51530,"6fddd79","HEAD","totoro","fixed_1",TRUE,220.806,0.474810834323912,0.469431317917165,0.00537951640674655,0.0833333333333333,0.166666666666667,FALSE,NA
7263,216,30,"MNAR",FALSE,"F1",100,0.2,0.5,51630,"6fddd79","HEAD","totoro","fixed_1",TRUE,53.877,0.987694639988211,0.962905585857055,0.0247890541311552,0.25,0.25,TRUE,NA
7264,217,30,"MNAR",FALSE,"F2",100,0.2,0.5,51730,"6fddd79","HEAD","totoro","fixed_1",TRUE,53.438,0.81393271199271,0.841681950928322,-0.0277492389356122,0,0,TRUE,NA
7265,218,30,"MNAR",FALSE,"F3",100,0.2,0.5,51830,"6fddd79","HEAD","totoro","fixed_1",TRUE,56.578,0.630214469815762,0.679323135774179,-0.0491086659584165,0,0,TRUE,NA
7266,219,30,"MNAR",FALSE,"F1",300,0.2,0.5,51930,"6fddd79","HEAD","totoro","fixed_1",TRUE,60.447,0.880937559011056,0.889675326425318,-0.00873776741426169,0.2875,0.5,TRUE,NA
7267,220,30,"MNAR",FALSE,"F2",300,0.2,0.5,52030,"6fddd79","HEAD","totoro","fixed_1",TRUE,64.149,0.74386710219742,0.852737864117519,-0.108870761920099,0.75,0.75,TRUE,NA
7268,221,30,"MNAR",FALSE,"F3",300,0.2,0.5,52130,"6fddd79","HEAD","totoro","fixed_1",TRUE,65.711,0.632653180169286,0.63265318009813,7.11563030719731e-11,0,0,TRUE,NA
7269,222,30,"MNAR",FALSE,"F1",1000,0.2,0.5,52230,"6fddd79","HEAD","totoro","fixed_1",TRUE,169.273,0.931128123794983,0.930219602611926,0.000908521183056954,0.25,0.25,FALSE,NA
7270,223,30,"MNAR",FALSE,"F2",1000,0.2,0.5,52330,"6fddd79","HEAD","totoro","fixed_1",TRUE,168.177,0.989466864431633,1.01214253542002,-0.0226756709883833,0.5,0.5,TRUE,NA
7271,224,30,"MNAR",FALSE,"F3",1000,0.2,0.5,52430,"6fddd79","HEAD","totoro","fixed_1",TRUE,164.922,0.639693171189316,0.627929588029358,0.0117635831599574,0.166666666666667,0.166666666666667,TRUE,NA
7272,225,30,"MNAR",FALSE,"F1",100,0.5,0.5,52530,"6fddd79","HEAD","totoro","fixed_1",TRUE,52.735,0.927637032802332,0.881369487549129,0.0462675452532032,0.25,0.25,TRUE,NA
7273,226,30,"MNAR",FALSE,"F2",100,0.5,0.5,52630,"6fddd79","HEAD","totoro","fixed_1",TRUE,50.161,0.983668220336625,1.12451351472448,-0.140845294387854,0.543382352941176,0.75,TRUE,NA
7274,227,30,"MNAR",FALSE,"F3",100,0.5,0.5,52730,"6fddd79","HEAD","totoro","fixed_1",TRUE,49.509,0.658705770748813,0.722325597908166,-0.0636198271593529,0,0,TRUE,NA
7275,228,30,"MNAR",FALSE,"F1",300,0.5,0.5,52830,"6fddd79","HEAD","totoro","fixed_1",TRUE,63.611,0.95134670567082,0.928930319932458,0.0224163857383619,0.5875,0.75,FALSE,NA
7276,229,30,"MNAR",FALSE,"F2",300,0.5,0.5,52930,"6fddd79","HEAD","totoro","fixed_1",TRUE,65.372,0.722366445029669,0.821454062344394,-0.0990876173147257,0.617543859649123,0.75,FALSE,NA
7277,230,30,"MNAR",FALSE,"F3",300,0.5,0.5,53030,"6fddd79","HEAD","totoro","fixed_1",TRUE,63.372,0.572428389655378,0.542881047596618,0.0295473420587602,0.166666666666667,0.166666666666667,TRUE,NA
7278,231,30,"MNAR",FALSE,"F1",1000,0.5,0.5,53130,"6fddd79","HEAD","totoro","fixed_1",TRUE,158.557,0.890777874252818,0.885307569811199,0.005470304441619,0,0,FALSE,NA
7279,232,30,"MNAR",FALSE,"F2",1000,0.5,0.5,53230,"6fddd79","HEAD","totoro","fixed_1",TRUE,162.972,0.828237492396389,0.819992080491249,0.00824541190514028,0.0147058823529412,0.25,FALSE,NA
7280,233,30,"MNAR",FALSE,"F3",1000,0.5,0.5,53330,"6fddd79","HEAD","totoro","fixed_1",TRUE,165.796,0.662233020260058,0.674137782377386,-0.0119047621173282,0,0,TRUE,NA
7281,234,30,"MNAR",FALSE,"F1",100,1,0.5,53430,"6fddd79","HEAD","totoro","fixed_1",TRUE,51.48,0.535549537834446,0.535549538587391,-7.52944817605794e-10,0,0,FALSE,NA
7282,235,30,"MNAR",FALSE,"F2",100,1,0.5,53530,"6fddd79","HEAD","totoro","fixed_1",TRUE,51.709,0.653280875995253,0.712248361303076,-0.0589674853078228,0.3625,0.75,TRUE,NA
7283,236,30,"MNAR",FALSE,"F3",100,1,0.5,53630,"6fddd79","HEAD","totoro","fixed_1",TRUE,49.226,0.832214685676893,0.831564973254659,0.00064971242223455,0,0,TRUE,NA
7284,237,30,"MNAR",FALSE,"F1",300,1,0.5,53730,"6fddd79","HEAD","totoro","fixed_1",TRUE,60.544,0.611731378081085,0.605595956245186,0.00613542183589899,0,0,FALSE,NA
7285,238,30,"MNAR",FALSE,"F2",300,1,0.5,53830,"6fddd79","HEAD","totoro","fixed_1",TRUE,62.27,0.669095005636245,0.683003602916493,-0.0139085972802485,0.1125,0.25,FALSE,NA
7286,239,30,"MNAR",FALSE,"F3",300,1,0.5,53930,"6fddd79","HEAD","totoro","fixed_1",TRUE,61.332,0.484659033097027,0.587600211808556,-0.102941178711528,0,0,TRUE,NA
7287,240,30,"MNAR",FALSE,"F1",1000,1,0.5,54030,"6fddd79","HEAD","totoro","fixed_1",TRUE,162.463,0.573224444924682,0.573224444589934,3.34748562202947e-10,0,0,FALSE,NA
7288,241,30,"MNAR",FALSE,"F2",1000,1,0.5,54130,"6fddd79","HEAD","totoro","fixed_1",TRUE,159.39,0.513347926119178,0.521975180742934,-0.00862725462375658,0.0657894736842105,0.25,FALSE,NA
7289,242,30,"MNAR",FALSE,"F3",1000,1,0.5,54230,"6fddd79","HEAD","totoro","fixed_1",TRUE,158.266,0.497914225822991,0.495087676829657,0.00282654899333401,0,0,TRUE,NA
